wavelength_nm,measurement,init_raw,init_fit,opt_raw,opt_fit,truth_raw,truth_fit
270.00000000,4.548449743060e+12,-1.278840467664e-03,-1.452517765150e-03,3.005486382375e-04,3.413656860532e-04,5.721290418832e-03,5.363672990262e-03
270.20000000,-4.807358551803e+12,1.842401936847e-02,2.092615624454e-02,1.924307725693e-02,2.185644995132e-02,8.244761149081e-03,7.729410578587e-03
270.40000000,-5.767979120877e+12,1.256384684244e-02,1.427012297367e-02,1.479995252820e-02,1.680991129410e-02,9.972167968741e-03,9.348843367964e-03
270.60000000,-3.619707384728e+13,-5.076399739579e-03,-5.765817544241e-03,-1.857265624999e-02,-2.109498009966e-02,-6.012261284858e-04,-5.636456306750e-04
270.80000000,-1.338522301070e+13,-6.940212673608e-03,-7.882751959476e-03,-4.721981336800e-02,-5.363266351888e-02,-5.030611979161e-02,-4.716166392865e-02
271.00000000,-1.734469796542e+13,-1.946235182018e-02,-2.210550298120e-02,-1.048007541234e-03,-1.190335831829e-03,-2.171213955348e-02,-2.035499126219e-02
271.20000000,-6.175647461446e+12,-1.378757307263e-02,-1.566004152409e-02,-8.159517415355e-03,-9.267648912622e-03,-3.109189961748e-02,-2.914845602756e-02
271.40000000,-8.711462405453e+12,-2.025981377494e-02,-2.301126698038e-02,-1.870025634765e-03,-2.123990937011e-03,-3.061276923283e-02,-2.869927437187e-02
271.60000000,3.782204328487e+12,-2.184822387692e-02,-2.481539654135e-02,-4.633873155366e-03,-5.263192333989e-03,-2.414556613494e-02,-2.263631303985e-02
271.80000000,2.960327213316e+13,5.669128418061e-04,6.439043765325e-04,1.618147515190e-02,1.837905637825e-02,1.090122341580e-02,1.021982687746e-02
272.00000000,3.071910804227e+12,1.775091349282e-02,2.016163692651e-02,2.581353759763e-02,2.931923439460e-02,2.601917046438e-02,2.439280505486e-02
272.20000000,-6.473808547119e+12,1.689577568900e-02,1.919036421259e-02,2.151177300344e-02,2.443325377414e-02,1.988202650280e-02,1.863927204144e-02
272.40000000,-2.908822851223e+12,1.165176052515e-02,1.323416765890e-02,-5.013880072700e-03,-5.694807405684e-03,7.566415744335e-03,7.093466122153e-03
272.60000000,-1.711675477599e+13,-1.184400973849e-02,-1.345252593327e-02,-1.459178805878e-02,-1.657347632860e-02,-1.909613850910e-02,-1.790250709917e-02
272.80000000,-1.661044937345e+13,-1.400635782877e-02,-1.590853909127e-02,2.389241536391e-04,2.713720750825e-04,-2.242197808156e-02,-2.102046031931e-02
273.00000000,-1.738742587585e+13,-1.655161675345e-02,-1.879946559734e-02,-7.403826226106e-03,-8.409328466471e-03,-7.255863443981e-03,-6.802325336852e-03
273.20000000,4.436703788175e+12,-5.145817057281e-03,-5.844662317862e-03,1.104029812281e-02,1.253966401252e-02,1.903916422524e-02,1.784909407430e-02
273.40000000,7.145821144327e+12,2.053039550783e-03,2.331859598966e-03,1.046107313372e-03,1.188177536948e-03,2.004062635631e-02,1.878795838461e-02
273.60000000,-4.435607782263e+13,5.903910997145e-03,6.705711794438e-03,6.825461832671e-03,7.752417295251e-03,1.122303602427e-02,1.052152412924e-02
273.80000000,-9.049401614378e+12,-1.896049533416e-02,-2.153549016103e-02,2.574205864778e-03,2.923804799863e-03,-1.151351318359e-02,-1.079384459886e-02
274.00000000,-1.032081382658e+13,4.675975884308e-03,5.311012759690e-03,-1.465831570094e-02,-1.664903898741e-02,-1.433696017794e-02,-1.344080800649e-02
274.20000000,2.737769765690e+13,-1.262007242837e-02,-1.433398446732e-02,-1.764894205726e-02,-2.004581770462e-02,-1.994822387688e-02,-1.870133165412e-02
274.40000000,-3.358087056149e+12,-5.407626003681e-03,-6.142027122415e-03,-5.490686713313e-03,-6.236368422037e-03,2.417566663952e-02,2.266453206940e-02
274.60000000,8.689339291585e+12,-2.885245090054e-03,-3.277085653827e-03,-8.152872721067e-05,-9.260101812587e-05,3.078952840166e-02,2.886498495642e-02
274.80000000,-8.609085448249e+12,-1.174241807584e-04,-1.333713726785e-04,1.883275010861e-03,2.139039690477e-03,2.677499321828e-02,2.510138402809e-02
275.00000000,-2.851115197698e+13,9.772214762384e-03,1.109936376439e-02,1.049010620117e-02,1.191475137312e-02,2.088441840277e-02,1.957900800413e-02
275.20000000,-1.328372334772e+12,2.656901855463e-02,3.017731486376e-02,1.968002929684e-02,2.235274377502e-02,2.741982964403e-02,2.570591403212e-02
275.40000000,-2.453528389179e+13,6.126909722225e-03,6.958995623012e-03,8.862999131943e-03,1.006666939801e-02,-2.424262152446e-04,-2.272730184361e-04
275.60000000,-3.356992458361e+12,1.228637152776e-02,1.395496417619e-02,1.362335069441e-02,1.547351697684e-02,2.291067708335e-02,2.147861249205e-02
275.80000000,1.314963140287e+13,1.065243055555e-02,1.209912026965e-02,1.999131944439e-03,2.270630975823e-03,4.325034722216e-02,4.054692250045e-02
276.00000000,-2.011258964524e+12,1.215277777773e-02,1.380322727065e-02,-1.909722185262e-06,-2.169078614443e-06,3.201649305552e-02,3.001525643228e-02
276.20000000,2.902963800424e+12,-9.644835069429e-03,-1.095468483718e-02,2.167033420134e-02,2.461334892420e-02,2.810136718743e-02,2.634485109802e-02
276.40000000,2.244435201373e+13,-5.747911241312e-03,-6.528525958958e-03,7.341780598969e-03,8.338856518243e-03,5.520784505179e-03,5.175699985097e-03
276.60000000,-2.001993717885e+13,-4.400417751685e-03,-4.998031513719e-03,1.783150770394e-02,2.025317731069e-02,-8.531353081570e-03,-7.998088673035e-03
276.80000000,9.548126505194e+12,1.924468315972e-02,2.185827308487e-02,4.988281250153e-04,5.665732046466e-04,1.005946180516e-03,9.430680778474e-04
277.00000000,1.477358859682e+13,2.896927083336e-02,3.290354160107e-02,8.426996527709e-03,9.571453951397e-03,-1.817951388885e-02,-1.704317740990e-02
277.20000000,-2.196177952824e+13,5.873333333309e-02,6.670981426529e-02,-2.227465277776e-02,-2.529973907603e-02,-9.447569444445e-03,-8.857035623641e-03
277.40000000,-3.505935715802e+12,-3.383385416658e-02,-3.842877628844e-02,-2.468038194437e-02,-2.803218661675e-02,-1.452743055552e-02,-1.361937276109e-02
277.60000000,-1.997026077043e+13,-8.302517361114e-03,-9.430069087909e-03,-1.306532118025e-03,-1.483970233354e-03,-1.396093750003e-03,-1.308828916308e-03
277.80000000,-3.999157648783e+12,-1.321231282547e-02,-1.500665609431e-02,1.136651204422e-02,1.291018054434e-02,-3.165969509513e-03,-2.968076063797e-03
278.00000000,-3.750323649852e+12,1.591975911473e-03,1.808179637395e-03,-5.345282660576e-03,-6.071217268771e-03,1.122611490879e-02,1.052441056368e-02
278.20000000,-6.437309846087e+12,8.693876139353e-03,9.874577681681e-03,-1.300136990018e-03,-1.476706592858e-03,-1.304480251733e-02,-1.222941850587e-02
278.40000000,-1.735507307656e+13,2.556459282762e-02,2.903647967036e-02,-1.973786078581e-03,-2.241842926946e-03,-4.622338867242e-03,-4.333412974887e-03
278.60000000,-1.024817699387e+13,7.166780598896e-03,8.140089715683e-03,-1.244749891494e-02,-1.413797457762e-02,-3.055243326813e-02,-2.864270979282e-02
278.80000000,-3.431277424660e+13,-1.448537326391e-02,-1.645260885363e-02,-2.242890082462e-02,-2.547493531264e-02,-5.216512044259e-03,-4.890446508897e-03
279.00000000,-1.024238292953e+13,-2.980116916223e-02,-3.384841872377e-02,-1.631952582460e-02,-1.853585550025e-02,-2.430905490414e-03,-2.278958271004e-03
279.20000000,2.420185142497e+13,-4.993942599847e-03,-5.672162031021e-03,-7.494004991403e-04,-8.511754271034e-04,1.116400553382e-02,1.046618342389e-02
279.40000000,-4.172364537564e+13,-1.479936523433e-02,-1.680924357600e-02,-4.314586046003e-03,-4.900543333899e-03,6.708631727759e-04,6.289299120593e-04
279.60000000,-1.910677835153e+13,-3.374804687472e-03,-3.833131564423e-03,-4.356556532083e-03,-4.948213767073e-03,1.378166775165e-02,1.292022492635e-02
279.80000000,-8.678900516375e+12,5.300941297755e-03,6.020853735628e-03,6.499291992203e-03,7.381950830940e-03,-1.228060709632e-02,-1.151299021105e-02
280.00000000,-3.291192977374e+13,1.126152072475e-02,1.279093000958e-02,1.410586208758e-02,1.602155749941e-02,-5.677324761380e-03,-5.322455469019e-03
280.20000000,1.194713108565e+13,-1.229495985236e-02,-1.396471886754e-02,-1.511367730031e-02,-1.716624254448e-02,-4.115162489136e-02,-3.857938380626e-02
280.40000000,-1.426523678278e+13,7.106844075449e-03,8.072013307961e-03,-6.011726888029e-03,-6.828170260655e-03,-9.235877821171e-03,-8.658576087610e-03
280.60000000,1.455721051713e+12,-1.564058430982e-02,-1.776470728115e-02,-1.112206488708e-02,-1.263253539515e-02,-9.035828992951e-03,-8.471031597100e-03
280.80000000,-6.165081626898e+12,2.820640733510e-03,3.203707481993e-03,9.774468315941e-03,1.110192380854e-02,2.155631781678e-02,2.020890938569e-02
281.00000000,2.549076521756e+13,4.722051323783e-03,5.363345631590e-03,2.782204861075e-03,3.160051819598e-03,9.814954969572e-03,9.201457191834e-03
281.20000000,-2.587732118342e+13,5.754985894093e-03,6.536561409125e-03,-8.034393988712e-03,-9.125532666054e-03,-1.879427083412e-03,-1.761950809433e-03
281.40000000,1.635549522420e+13,6.387377929702e-03,7.254837605013e-03,-9.447333441816e-03,-1.073036125083e-02,-2.774357367621e-02,-2.600942198120e-02
281.60000000,-9.603776027768e+12,1.308507215700e-02,1.486213507227e-02,-4.622173394182e-03,-5.249903646253e-03,-3.342145996105e-02,-3.133240387486e-02
281.80000000,-9.712631207111e+12,-1.888851182725e-02,-2.145373068812e-02,-3.075216471344e-02,-3.492856885518e-02,-7.630113389738e-02,-7.153182255259e-02
282.00000000,4.208932640771e+12,-2.203388671866e-02,-2.502627395943e-02,-9.618797471805e-03,-1.092511154674e-02,-4.410590006503e-02,-4.134899779100e-02
282.20000000,-5.581325787049e+12,-2.867575412310e-03,-3.257016285148e-03,-1.724045952685e-02,-1.958185979068e-02,-3.393353949641e-02,-3.181247514752e-02
282.40000000,1.971806659055e+13,1.058257378512e-03,1.201977636193e-03,-5.383175998237e-03,-6.114256842276e-03,-8.112228732581e-03,-7.605162290058e-03
282.60000000,1.261737250168e+13,1.306140001079e-02,1.483524804940e-02,9.748996310719e-04,1.107299248951e-03,6.382221137086e-03,5.983291290054e-03
282.80000000,-1.849240945384e+13,8.750366210539e-04,9.938739579926e-04,1.562635628959e-05,1.774854767841e-05,-9.929779730914e-03,-9.309104667479e-03
283.00000000,-2.463981379899e+12,-9.675410970043e-03,-1.098941320240e-02,-1.275922309031e-02,-1.449203353330e-02,-1.570889485683e-02,-1.472698794893e-02
283.20000000,3.366077477489e+13,-9.982945420956e-03,-1.133871341978e-02,-2.577052408837e-02,-2.927037928688e-02,-3.678340386272e-02,-3.448420467154e-02
283.40000000,4.324725189375e+12,9.913167319573e-04,1.125945886502e-03,1.243952365451e-02,1.412891620934e-02,-1.113786078550e-02,-1.044167289041e-02
283.60000000,-2.923825682041e+12,5.172348632803e-02,5.874797104614e-02,1.357077365446e-02,1.541379953005e-02,9.335574001774e-03,8.752040616062e-03
283.80000000,-3.447021556266e+13,4.043794759096e-02,4.592976117605e-02,4.202189127580e-03,4.772881963039e-03,2.117894694001e-02,1.985512661451e-02
284.00000000,-1.122406135413e+13,3.785172526000e-03,4.299230808842e-03,-7.362304687355e-04,-8.362167951467e-04,2.715823025167e-03,2.546066628338e-03
284.20000000,-4.825158010478e+12,-5.627728949726e-03,-6.392021900791e-03,2.714865451273e-03,3.083567148231e-03,1.674012586719e-03,1.569376039221e-03
284.40000000,2.108645164019e+11,-2.537743055548e-02,-2.882389918661e-02,-2.574105902778e-02,-2.923691262177e-02,-1.976328125003e-02,-1.852794913029e-02
284.60000000,-1.840302607053e+13,-1.343893229160e-02,-1.526405239103e-02,-3.250546874994e-02,-3.691998641338e-02,-3.233124999994e-02,-3.031033904437e-02
284.80000000,-4.936315719835e+12,-7.263454860969e-04,-8.249893156094e-04,-2.546796874985e-02,-2.892673437366e-02,-2.638702256931e-02,-2.473766403861e-02
285.00000000,-1.438219786497e+13,2.438357204860e-03,2.769506633076e-03,3.103786892347e-03,3.525307411409e-03,-6.573350696543e-05,-6.162474023401e-05
285.20000000,-2.155147196603e+13,2.766369628923e-03,3.142065904689e-03,4.688530816254e-04,5.325272967654e-04,-5.004026963963e-03,-4.691243112009e-03
285.40000000,-4.602117177602e+13,7.382632107181e-03,8.385255675273e-03,7.189777289424e-03,8.166209873262e-03,-3.209019639720e-03,-3.008435284132e-03
285.60000000,-1.942899907998e+12,3.514645724775e-03,3.991964191414e-03,-8.154246690549e-03,-9.261662378795e-03,4.774892849339e-03,4.476431352462e-03
285.80000000,2.129490687010e+13,-6.985949707023e-03,-7.934700466925e-03,-1.246636827254e-02,-1.415940655362e-02,-5.817243109801e-03,-5.453628021245e-03
286.00000000,7.272255052583e+12,-6.855312771254e-03,-7.786321935914e-03,-9.697513834596e-03,-1.101451825756e-02,-5.319845920058e-03,-4.987321353212e-03
286.20000000,8.651498373486e+12,-5.514061143635e-03,-6.262917050071e-03,-3.142416720914e-03,-3.569183497516e-03,1.135839572480e-02,1.064842297837e-02
286.40000000,2.586551966307e+13,-6.603637695306e-04,-7.500467266697e-04,-2.463629828559e-03,-2.798211602414e-03,8.237296549368e-03,7.722412564339e-03
286.60000000,4.019981003256e+12,-6.789293077416e-04,-7.711336212065e-04,-2.994793023009e-03,-3.401511252490e-03,-1.437061225044e-02,-1.347235660814e-02
286.80000000,-6.120676518359e+10,-4.108672417591e-03,-4.666664708096e-03,-4.818562825536e-03,-5.472964423906e-03,-1.937616780589e-02,-1.816503276483e-02
287.00000000,1.097894325973e+13,-1.658577338317e-02,-1.883826098482e-02,-9.035488552457e-03,-1.026258434115e-02,-2.216076660124e-03,-2.077557623562e-03
287.20000000,-3.934585114895e+12,-4.226105414422e-03,-4.800046094145e-03,1.584981282648e-03,1.800235150307e-03,3.962677680124e-03,3.714984852374e-03
287.40000000,7.401285290408e+12,1.028374023442e-02,1.168035870023e-02,2.183213840059e-02,2.479712750262e-02,5.308600531743e-03,4.976778873955e-03
287.60000000,2.625040667387e+13,2.115522867837e-02,2.402828676298e-02,2.216971299907e-02,2.518054758758e-02,1.875675727004e-02,1.758433936915e-02
287.80000000,-2.896671568557e+13,2.150324435758e-02,2.442356590013e-02,1.543189425989e-02,1.752767605940e-02,3.791113688144e-02,3.554144712735e-02
288.00000000,-1.515495316445e+13,1.362097439222e-02,1.547081734088e-02,1.438734266466e-03,1.634126552029e-03,3.257884657104e-02,3.054245923819e-02
288.20000000,-2.726813966852e+13,-1.183859185115e-02,-1.344637225124e-02,-3.480177137537e-03,-3.952814636283e-03,1.251501600488e-02,1.173274705600e-02
288.40000000,-3.356902045816e+13,-1.860671657965e-02,-2.113366527447e-02,5.486951361896e-03,6.232125778296e-03,3.512812635610e-02,3.293239264949e-02
288.60000000,-3.756524045737e+13,1.896259155274e-02,2.153787106374e-02,3.276366305880e-02,3.721324569380e-02,-3.629766845586e-03,-3.402883085000e-03
288.80000000,-8.399770776159e+12,2.355536431201e-02,2.675438101382e-02,3.736368136922e-02,4.243798540847e-02,1.741171874998e-02,1.632337440273e-02
289.00000000,-1.688162073684e+13,1.772487725143e-02,2.013206474443e-02,1.889082709411e-02,2.145636123624e-02,1.799873860680e-02,1.687370174503e-02
289.20000000,-2.674139863258e+13,3.921681043832e-03,4.454278332171e-03,9.368206787048e-03,1.064048852691e-02,2.695290256069e-02,2.526817289297e-02
289.40000000,-9.274473313517e+12,3.869937812024e-03,4.395507934043e-03,-2.361182316429e-04,-2.681850851392e-04,1.845544670967e-02,1.730186265568e-02
289.60000000,-8.650407978621e+12,1.697649027531e-02,1.928204051896e-02,4.349976738875e-02,4.940740382281e-02,4.947396087673e-02,4.638152029520e-02
289.80000000,1.597531878602e+13,6.348472323992e-02,7.210648290639e-02,1.418008300782e-01,1.610585824856e-01,1.059992696131e-01,9.937363388163e-02
290.00000000,5.107869115464e+12,1.528296386734e-01,1.735851897305e-01,1.863828125014e-01,2.116951753004e-01,2.163192491337e-01,2.027979055272e-01
290.20000000,-6.396859990709e+12,4.445229653342e-01,5.048929248732e-01,4.735786882163e-01,5.378946807110e-01,5.576657847992e-01,5.228080884821e-01
290.40000000,4.624488298374e+12,1.869464806564e+00,2.123353859624e+00,1.879222724445e+00,2.134437069281e+00,2.200883689005e+00,2.063314310801e+00
290.60000000,-5.023930101734e+12,7.634240433671e+00,8.671034529890e+00,7.649451608358e+00,8.688311853706e+00,8.953928773391e+00,8.394250667731e+00
290.80000000,1.300423945580e+13,3.016223223184e+01,3.425851719673e+01,3.018573923176e+01,3.428521800094e+01,3.533374893748e+01,3.312516249775e+01
291.00000000,-1.597759240206e+13,1.148203112122e+02,1.304138757358e+02,1.148325239951e+02,1.304277522754e+02,1.345077457685e+02,1.261001470201e+02
291.20000000,-3.649492076178e+13,4.218108870249e+02,4.790963551979e+02,4.218043399431e+02,4.790889379139e+02,4.941234870738e+02,4.632375928249e+02
291.40000000,-1.093036817989e+13,1.495890791357e+03,1.699045349370e+03,1.495856406091e+03,1.699006361486e+03,1.752358491381e+03,1.642824821222e+03
291.60000000,4.135132874543e+12,5.121760638873e+03,5.817338835390e+03,5.121565787758e+03,5.817117751904e+03,5.999792208511e+03,5.624766627831e+03
291.80000000,-1.725770587159e+13,1.693006227334e+04,1.922930720362e+04,1.692944439902e+04,1.922860617720e+04,1.983238741720e+04,1.859273571778e+04
292.00000000,-7.471437107145e+12,5.402810604189e+04,6.136557751148e+04,5.402608479347e+04,6.136328418728e+04,6.329007228631e+04,5.933403592945e+04
292.20000000,-9.462222012653e+11,1.664565873863e+05,1.890627927551e+05,1.664503561266e+05,1.890557227145e+05,1.949920015712e+05,1.828037480324e+05
292.40000000,4.805613111298e+12,4.951111188562e+05,5.623513753641e+05,4.950925260229e+05,5.623302797061e+05,5.799872911353e+05,5.437343571859e+05
292.60000000,-5.852218524994e+13,1.421755427809e+06,1.614841779572e+06,1.421702053922e+06,1.614781220922e+06,1.665484927973e+06,1.561381413964e+06
292.80000000,2.152638281727e+13,3.941556756705e+06,4.476853334114e+06,3.941408814520e+06,4.476685477176e+06,4.617252198222e+06,4.328644255379e+06
293.00000000,1.997551139315e+13,1.054949014629e+07,1.198219968653e+07,1.054909421059e+07,1.198175045328e+07,1.235797417773e+07,1.158552135254e+07
293.20000000,4.722872005081e+12,2.725938639491e+07,3.096144046647e+07,2.725836335042e+07,3.096027970833e+07,3.193242408420e+07,2.993644231208e+07
293.40000000,-2.527779388885e+13,6.800200544433e+07,7.723725004898e+07,6.799945331322e+07,7.723435437140e+07,7.965949208849e+07,7.468026176868e+07
293.60000000,1.899860747112e+13,1.637753470015e+08,1.860174173624e+08,1.637692004389e+08,1.860104434010e+08,1.918511207611e+08,1.798591924631e+08
293.80000000,1.311181008216e+13,3.807997248390e+08,4.325155320611e+08,3.807854332372e+08,4.324993166437e+08,4.460796776466e+08,4.181968303203e+08
294.00000000,-1.863296728228e+13,8.548032162894e+08,9.708926865880e+08,8.547711351127e+08,9.708562869123e+08,1.001340910508e+09,9.387506668178e+08
294.20000000,-5.184181455110e+12,1.852495827881e+09,2.104080350834e+09,1.852426302849e+09,2.104001466926e+09,2.170066541231e+09,2.034423432861e+09
294.40000000,6.668995039002e+12,3.875877671586e+09,4.402254476519e+09,3.875732208139e+09,4.402089432002e+09,4.540313843852e+09,4.256515042729e+09
294.60000000,-1.860053210702e+13,7.828973203951e+09,8.892213649131e+09,7.828679379066e+09,8.891880272004e+09,9.171082896056e+09,8.597831261828e+09
294.80000000,-1.912611864544e+13,1.526728118750e+10,1.734070645332e+10,1.526670819960e+10,1.734005633459e+10,1.788452939108e+10,1.676663133945e+10
295.00000000,-1.898135831578e+13,2.874359251957e+10,3.264721427308e+10,2.874251375961e+10,3.264599029950e+10,3.367106552291e+10,3.156640748460e+10
295.20000000,-1.635360912852e+13,5.224481818394e+10,5.934010415531e+10,5.224285741239e+10,5.933787944113e+10,6.120107272973e+10,5.737561227359e+10
295.40000000,1.008037569411e+13,9.167876523524e+10,1.041295130693e+11,9.167532448992e+10,1.041256091597e+11,1.073951249899e+11,1.006822393245e+11
295.60000000,-1.607816628921e+13,1.553167837731e+11,1.764101100652e+11,1.553109546644e+11,1.764034962907e+11,1.819425181343e+11,1.705699411946e+11
295.80000000,-8.972217867488e+12,2.540347862287e+11,2.885348480075e+11,2.540252521888e+11,2.885240305751e+11,2.975836067250e+11,2.789827183885e+11
296.00000000,7.422275716639e+11,4.011388564825e+11,4.556168889441e+11,4.011238015607e+11,4.555998074549e+11,4.699055175938e+11,4.405334021144e+11
296.20000000,-1.299576587931e+13,6.115406927700e+11,6.945930652188e+11,6.115177413726e+11,6.945670242967e+11,7.163762401020e+11,6.715981201116e+11
296.40000000,-1.785851385683e+13,9.000955952616e+11,1.022336151779e+12,9.000618142689e+11,1.022297823472e+12,1.054397697306e+12,9.884910633834e+11
296.60000000,-1.096022101781e+13,1.279057360938e+12,1.452764114356e+12,1.279009357340e+12,1.452709648916e+12,1.498324337099e+12,1.404669434556e+12
296.80000000,2.375099959646e+12,1.754841890509e+12,1.993164186969e+12,1.754776030504e+12,1.993089461441e+12,2.055671928882e+12,1.927179219131e+12
297.00000000,-7.885972100397e+12,2.324587204290e+12,2.640285709006e+12,2.324499961486e+12,2.640186722308e+12,2.723087867883e+12,2.552877371685e+12
297.20000000,-5.042772507729e+11,2.973271813676e+12,3.377067147299e+12,2.973160225447e+12,3.376940537998e+12,3.482975553163e+12,3.265267191952e+12
297.40000000,-2.121068270056e+13,3.672298125597e+12,4.171027114978e+12,3.672160302596e+12,4.170870739400e+12,4.301834947128e+12,4.032942610032e+12
297.60000000,-3.987623429479e+11,4.380362005691e+12,4.975252028642e+12,4.380197608734e+12,4.975065501945e+12,5.131281206667e+12,4.810543146533e+12
297.80000000,3.005841049112e+13,5.047065707633e+12,5.732499703898e+12,5.046876288986e+12,5.732284787301e+12,5.912276971798e+12,5.542721655975e+12
298.00000000,-2.336387038541e+13,5.619131215440e+12,6.382256521836e+12,5.618920326917e+12,6.382017245268e+12,6.582410852372e+12,6.170967861283e+12
298.20000000,3.413204827697e+13,6.048375426281e+12,6.869795708778e+12,6.048148428029e+12,6.869538153925e+12,7.085239785072e+12,6.642366753421e+12
298.40000000,-1.956674000138e+12,6.300023975528e+12,7.155620248742e+12,6.299787532794e+12,7.155351978068e+12,7.380028085619e+12,6.918728890237e+12
298.60000000,6.442982364410e+12,6.359670162644e+12,7.223366890015e+12,6.359431481361e+12,7.223096079459e+12,7.449899333383e+12,6.984232735872e+12
298.80000000,-3.370426191434e+12,6.237349745193e+12,7.084434330497e+12,6.237115654650e+12,7.084168728648e+12,7.306609701512e+12,6.849899627082e+12
299.00000000,-1.520825147603e+12,5.967782975825e+12,6.778258125331e+12,5.967559002244e+12,6.778004002305e+12,6.990831485966e+12,6.553859579882e+12
299.20000000,-1.640720284306e+13,5.606671432559e+12,6.368104595585e+12,5.606461011657e+12,6.367865849586e+12,6.567815106712e+12,6.157284443550e+12
299.40000000,1.959943426171e+13,5.223780424957e+12,5.933213766963e+12,5.223584374126e+12,5.932991325414e+12,6.119285640663e+12,5.736790952350e+12
299.60000000,7.081880347816e+12,4.894143513323e+12,5.558809388697e+12,4.893959833915e+12,5.558600983907e+12,5.733139544179e+12,5.374781469106e+12
299.80000000,1.994896535349e+13,4.688943029090e+12,5.325740951857e+12,4.688767050948e+12,5.325541285013e+12,5.492761834077e+12,5.149428911073e+12
300.00000000,6.722681823479e+12,4.667441062461e+12,5.301318837212e+12,4.667265891298e+12,5.301120085975e+12,5.467573816026e+12,5.125815306063e+12
300.20000000,9.553675301125e+11,4.870882508805e+12,5.532389344014e+12,4.870699702393e+12,5.532181929735e+12,5.705890938886e+12,5.349236076803e+12
300.40000000,4.438405967988e+12,5.318758498725e+12,6.041090662429e+12,5.318558883325e+12,6.040864176477e+12,6.230545669934e+12,5.841096514594e+12
300.60000000,8.472849096048e+12,6.007385362368e+12,6.823238849238e+12,6.007159902492e+12,6.822983039844e+12,7.037222853060e+12,6.597351188321e+12
300.80000000,-5.115124934496e+12,6.910522958268e+12,7.849030130941e+12,6.910263603231e+12,7.848735863704e+12,8.095184036828e+12,7.589182997355e+12
301.00000000,1.388234865622e+13,7.981724927612e+12,9.065710342335e+12,7.981425369884e+12,9.065370460657e+12,9.350020629488e+12,8.765584236679e+12
301.20000000,1.876704761342e+13,9.158197402413e+12,1.040195767972e+13,9.157853691144e+12,1.040156770092e+13,1.072817409997e+13,1.005759425626e+13
301.40000000,1.820300103423e+13,1.036602458420e+13,1.177381795716e+13,1.036563554263e+13,1.177337654608e+13,1.214305737006e+13,1.138403822687e+13
301.60000000,8.578664325813e+12,1.152660501531e+13,1.309201497759e+13,1.152617241664e+13,1.309152414611e+13,1.350259444651e+13,1.265859549671e+13
301.80000000,6.109392343026e+12,1.256399758929e+13,1.427029419321e+13,1.256352605681e+13,1.426975918698e+13,1.471782574745e+13,1.379786702964e+13
302.00000000,1.796397191934e+13,1.341263700991e+13,1.523418598880e+13,1.341213362760e+13,1.523361484539e+13,1.571194621160e+13,1.472984857441e+13
302.20000000,5.689253921084e+13,1.402463039599e+13,1.592929322689e+13,1.402410404530e+13,1.592869602329e+13,1.642885274958e+13,1.540194384538e+13
302.40000000,2.363580098559e+13,1.437569065265e+13,1.632803042073e+13,1.437515112651e+13,1.632741826810e+13,1.684009476453e+13,1.578748059086e+13
302.60000000,-3.747183996736e+12,1.446877620423e+13,1.643375777357e+13,1.446823318455e+13,1.643314165713e+13,1.694913783924e+13,1.588970777245e+13
302.80000000,1.622069497647e+13,1.433472013478e+13,1.628149576175e+13,1.433418214629e+13,1.628088535375e+13,1.679210072932e+13,1.574248649136e+13
303.00000000,-8.024059712680e+12,1.402951727304e+13,1.593484378297e+13,1.402899073894e+13,1.593424637127e+13,1.643457737699e+13,1.540731064677e+13
303.20000000,3.367547308065e+13,1.362842109028e+13,1.547927536321e+13,1.362790960951e+13,1.547869503118e+13,1.596472184862e+13,1.496682410923e+13
303.40000000,1.743746392741e+13,1.321748544659e+13,1.501253120090e+13,1.321698938841e+13,1.501196836753e+13,1.548334009458e+13,1.451553180921e+13
303.60000000,-4.178002306431e+12,1.288357470046e+13,1.463327256545e+13,1.288309117410e+13,1.463272395083e+13,1.509218750625e+13,1.414882877205e+13
303.80000000,1.111480762726e+13,1.270409140751e+13,1.442941393089e+13,1.270361461724e+13,1.442887295912e+13,1.488193564880e+13,1.395171900723e+13
304.00000000,1.672115419973e+13,1.273770468166e+13,1.446759217055e+13,1.273722662988e+13,1.446704976743e+13,1.492131119852e+13,1.398863333198e+13
304.20000000,1.451065306848e+12,1.301721439208e+13,1.478506165183e+13,1.301672585016e+13,1.478450734649e+13,1.524873685929e+13,1.429559278420e+13
304.40000000,-4.507119168366e+12,1.354539625393e+13,1.538497505539e+13,1.354488788911e+13,1.538439825876e+13,1.586746418318e+13,1.487564567307e+13
304.60000000,9.755284293489e+11,1.429429485352e+13,1.623558038710e+13,1.429375838220e+13,1.623497170051e+13,1.674474539984e+13,1.569809117438e+13
304.80000000,5.437817528205e+12,1.520802104861e+13,1.727339828887e+13,1.520745028474e+13,1.727275069355e+13,1.781511037123e+13,1.670155145458e+13
305.00000000,-2.514085167764e+13,1.620871449466e+13,1.840999432614e+13,1.620810617431e+13,1.840930411881e+13,1.898735126517e+13,1.780051975729e+13
305.20000000,1.196016991009e+13,1.720498815608e+13,1.954157033485e+13,1.720434244514e+13,1.954083770371e+13,2.015441469713e+13,1.889463422267e+13
305.40000000,1.893228082471e+13,1.810190744727e+13,2.056029881373e+13,1.810122807454e+13,2.055952798954e+13,2.120509158109e+13,1.987963704746e+13
305.60000000,-4.481151801042e+12,1.881139367334e+13,2.136613923993e+13,1.881068767327e+13,2.136533820405e+13,2.203620401735e+13,2.065879961393e+13
305.80000000,1.790792815058e+13,1.926189580218e+13,2.187782334903e+13,1.926117289456e+13,2.187700312965e+13,2.256393508255e+13,2.115354409522e+13
306.00000000,1.979161880083e+13,1.940299557729e+13,2.203808566100e+13,1.940226737413e+13,2.203725943324e+13,2.272922339053e+13,2.130850082145e+13
306.20000000,4.375496853122e+11,1.920291514499e+13,2.181083262224e+13,1.920219445094e+13,2.181001491441e+13,2.249484345556e+13,2.108877113905e+13
306.40000000,-1.507740770457e+13,1.869243430827e+13,2.123102419198e+13,1.869173277280e+13,2.123022822169e+13,2.189685161826e+13,2.052815763556e+13
306.60000000,-2.114361287726e+13,1.791822958436e+13,2.035167595131e+13,1.791755710514e+13,2.035091294858e+13,2.098992608454e+13,1.967792077757e+13
306.80000000,4.284014683774e+12,1.695004096703e+13,1.925199917204e+13,1.694940482437e+13,1.925127739718e+13,1.985576227567e+13,1.861464949734e+13
307.00000000,-1.805323359722e+13,1.587494798785e+13,1.803089951893e+13,1.587435219391e+13,1.803022352420e+13,1.859636764291e+13,1.743397512473e+13
307.20000000,3.396073507867e+12,1.478802430865e+13,1.679636245717e+13,1.478746930744e+13,1.679573274636e+13,1.732311419013e+13,1.624030819743e+13
307.40000000,2.290901960670e+13,1.378223674666e+13,1.565398048014e+13,1.378171949311e+13,1.565339359826e+13,1.614490590323e+13,1.513574550217e+13
307.60000000,2.434755757160e+13,1.293867443933e+13,1.469585531255e+13,1.293818884506e+13,1.469530435165e+13,1.515673291465e+13,1.420933967751e+13
307.80000000,3.543477872478e+13,1.231813839725e+13,1.399104525388e+13,1.231767609197e+13,1.399052071695e+13,1.442981926535e+13,1.352786280402e+13
308.00000000,3.231208965292e+13,1.195497070811e+13,1.357855633635e+13,1.195452203268e+13,1.357804726399e+13,1.400439425807e+13,1.312902959440e+13
308.20000000,3.394400806662e+13,1.185377455843e+13,1.346361689793e+13,1.185332968093e+13,1.346311213476e+13,1.388585019701e+13,1.301789529918e+13
308.40000000,1.170627404252e+13,1.198938845561e+13,1.361764830360e+13,1.198893848846e+13,1.361713776565e+13,1.404471219085e+13,1.316682739721e+13
308.60000000,7.836566483275e+12,1.231014748107e+13,1.398196910404e+13,1.230968547570e+13,1.398144490738e+13,1.442045847783e+13,1.351908712589e+13
308.80000000,3.831013007912e+12,1.274411178066e+13,1.447486940750e+13,1.274363348841e+13,1.447432673156e+13,1.492881665734e+13,1.399566965138e+13
309.00000000,-5.536497566305e+12,1.320759737568e+13,1.500130024675e+13,1.320710168860e+13,1.500073783444e+13,1.547175692579e+13,1.450467266294e+13
309.20000000,3.147181496273e+13,1.361504725279e+13,1.546408524604e+13,1.361453627394e+13,1.546350548350e+13,1.594905535327e+13,1.495213687055e+13
309.40000000,-2.613899211745e+11,1.388907903260e+13,1.577533284763e+13,1.388855776921e+13,1.577474141614e+13,1.627006400961e+13,1.525308042237e+13
309.60000000,3.493712775433e+12,1.396948355535e+13,1.586665698122e+13,1.396895927435e+13,1.586606212590e+13,1.636425216484e+13,1.534138121244e+13
309.80000000,-2.115858326818e+12,1.382005381725e+13,1.569693342717e+13,1.381953514441e+13,1.569634493494e+13,1.618920590021e+13,1.517727646458e+13
310.00000000,7.828818601074e+12,1.343239441387e+13,1.525662661449e+13,1.343189029006e+13,1.525605462976e+13,1.573509059910e+13,1.475154628892e+13
310.20000000,-4.468352519692e+12,1.282626283439e+13,1.456817726567e+13,1.282578145898e+13,1.456763109153e+13,1.502505074886e+13,1.408588849357e+13
310.40000000,-9.666230438071e+12,1.204646177412e+13,1.368247265906e+13,1.204600966499e+13,1.368195969079e+13,1.411156950682e+13,1.322950570117e+13
310.60000000,1.979058855972e+12,1.115675794010e+13,1.267193955715e+13,1.115633922195e+13,1.267146447468e+13,1.306934501554e+13,1.225242694018e+13
310.80000000,-9.417135325617e+12,1.023167417088e+13,1.162122162711e+13,1.023129017155e+13,1.162078593700e+13,1.198567545732e+13,1.123649369535e+13
311.00000000,1.118629904860e+13,9.347236455524e+12,1.061666982709e+13,9.346885649534e+12,1.061627179854e+13,1.094961984790e+13,1.026519822145e+13
311.20000000,2.683808579861e+13,8.571835083251e+12,9.735962423134e+12,8.571513378423e+12,9.735597413099e+12,1.004129252609e+13,9.413647196138e+12
311.40000000,1.273046626564e+13,7.958288971802e+12,9.039091586502e+12,7.957990293635e+12,9.038752702785e+12,9.322567081253e+12,8.739846711685e+12
311.60000000,-7.337125134600e+12,7.538013322251e+12,8.561738966947e+12,7.537730417219e+12,8.561417979612e+12,8.830244177494e+12,8.278297154143e+12
311.80000000,-4.616804254145e+12,7.317918712149e+12,8.311753656606e+12,7.317644067367e+12,8.311442041446e+12,8.572419062804e+12,8.036587766463e+12
312.00000000,-5.806392615670e+12,7.280346340638e+12,8.269078640856e+12,7.280073105964e+12,8.268768625621e+12,8.528405713319e+12,7.995325534246e+12
312.20000000,-2.266923821515e+13,7.385994523495e+12,8.389074736019e+12,7.385717323797e+12,8.388760222021e+12,8.652165013237e+12,8.111349082374e+12
312.40000000,8.951705600018e+12,7.579438980328e+12,8.608790578006e+12,7.579154520572e+12,8.608467826662e+12,8.878771376956e+12,8.323791091697e+12
312.60000000,7.544426221904e+12,7.796523491669e+12,8.855356992843e+12,7.796230884634e+12,8.855024997502e+12,9.133070375955e+12,8.562194768584e+12
312.80000000,1.378358195019e+13,7.972638935731e+12,9.055390396295e+12,7.972339719004e+12,9.055050901520e+12,9.339377038999e+12,8.755605939015e+12
313.00000000,5.601893515147e+12,8.050766265476e+12,9.144128074893e+12,8.050464116595e+12,9.143785253263e+12,9.430897625272e+12,8.841405900336e+12
313.20000000,1.704635283470e+13,7.988176504327e+12,9.073038097461e+12,7.987876704468e+12,9.072697941059e+12,9.357578190783e+12,8.772669401812e+12
313.40000000,1.678564796317e+13,7.760879300279e+12,8.814872020302e+12,7.760588030986e+12,8.814541542779e+12,9.091315751755e+12,8.523050076802e+12
313.60000000,1.810937530040e+13,7.365273817716e+12,8.365539984021e+12,7.364997395675e+12,8.365226352363e+12,8.627892186467e+12,8.088593463307e+12
313.80000000,-1.674914609910e+13,6.816921930815e+12,7.742717296269e+12,6.816666088667e+12,7.742427014796e+12,7.985537118955e+12,7.486389716678e+12
314.00000000,3.360408467743e+12,6.146841696493e+12,6.981634527120e+12,6.146611002758e+12,6.981372779329e+12,7.200585987320e+12,6.750503076565e+12
314.20000000,-1.393513961047e+13,5.396107821720e+12,6.128944674413e+12,5.395905303365e+12,6.128714894736e+12,6.321154876872e+12,5.926042063647e+12
314.40000000,-2.202748225986e+13,4.609763705708e+12,5.235808410033e+12,4.609590699202e+12,5.235612114841e+12,5.400008912401e+12,5.062473643233e+12
314.60000000,2.246057621190e+13,3.831058033750e+12,4.351347954689e+12,3.830914252418e+12,4.351184818720e+12,4.487810839536e+12,4.207293813681e+12
314.80000000,7.928413604814e+12,3.096832216841e+12,3.517408093026e+12,3.096715991334e+12,3.517276222216e+12,3.627717739727e+12,3.400962061430e+12
315.00000000,-1.635168646020e+13,2.434563864550e+12,2.765198125229e+12,2.434472494272e+12,2.765094455450e+12,2.851917669901e+12,2.673654482938e+12
315.20000000,1.987514974132e+13,1.861202539054e+12,2.113969506656e+12,1.861132687286e+12,2.113890252028e+12,2.180265831464e+12,2.043985201891e+12
315.40000000,1.589254350535e+13,1.383603673149e+12,1.571508695566e+12,1.383551745880e+12,1.571449778284e+12,1.620792874260e+12,1.519482900896e+12
315.60000000,1.335133787203e+13,1.000138148177e+12,1.135965325280e+12,1.000100612542e+12,1.135922736913e+12,1.171590402150e+12,1.098358470840e+12
315.80000000,6.685828911036e+12,7.029562988171e+11,7.984236798677e+11,7.029299165508e+11,7.983937462420e+11,8.234630929000e+11,7.719913562380e+11
316.00000000,5.730327772378e+12,4.804077046595e+11,5.456511137840e+11,4.803896747421e+11,5.456306568303e+11,5.627633111726e+11,5.275869866894e+11
316.20000000,-3.227789168948e+12,3.192275861839e+11,3.625813788213e+11,3.192156054289e+11,3.625677853175e+11,3.739523152440e+11,3.505778917144e+11
316.40000000,3.307464374461e+13,2.062512905376e+11,2.342619514835e+11,2.062435498339e+11,2.342531687911e+11,2.416086546298e+11,2.265065606154e+11
316.60000000,-3.917732260424e+13,1.295676935810e+11,1.471640767356e+11,1.295628308471e+11,1.471585594213e+11,1.517792981949e+11,1.422921163955e+11
316.80000000,-1.103158426992e+12,7.914057660832e+10,8.988853291278e+10,7.913760642688e+10,8.988516291042e+10,9.270753259833e+10,8.691271587171e+10
317.00000000,3.096849480880e+12,4.700057731437e+10,5.338365124317e+10,4.699881336157e+10,5.338164984183e+10,5.505781913971e+10,5.161635152279e+10
317.20000000,1.439108067530e+13,2.713988711359e+10,3.082571217711e+10,2.713886854145e+10,3.082455649333e+10,3.179243919021e+10,2.980520737381e+10
317.40000000,-2.745885465440e+13,1.523748530997e+10,1.730686404487e+10,1.523691344030e+10,1.730621519491e+10,1.784962564882e+10,1.673390930545e+10
317.60000000,-2.034742417061e+13,8.317995256926e+09,9.447649012226e+09,8.317683078805e+09,9.447294811303e+09,9.743937300950e+09,9.134878584014e+09
317.80000000,-1.176632180165e+13,4.414930961428e+09,5.014515739480e+09,4.414765267071e+09,5.014327740738e+09,5.171776269099e+09,4.848507007254e+09
318.00000000,-3.445074311872e+12,2.278394261300e+09,2.587819375625e+09,2.278308752140e+09,2.587722355939e+09,2.668976134677e+09,2.502147969643e+09
318.20000000,3.137214223640e+12,1.143229507581e+09,1.298489695465e+09,1.143186601674e+09,1.298441013924e+09,1.339211708907e+09,1.255502368428e+09
318.40000000,-1.928871049370e+13,5.577472759489e+08,6.334940496993e+08,5.577263434682e+08,6.334702994636e+08,6.533610947098e+08,6.125218263781e+08
318.60000000,-2.399944724553e+13,2.645701798105e+08,3.005010366975e+08,2.645602503788e+08,3.004897706490e+08,3.099250677699e+08,2.905527587851e+08
318.80000000,1.256008556278e+13,1.220235505900e+08,1.385953756394e+08,1.220189710281e+08,1.385901796152e+08,1.429418735266e+08,1.340070875774e+08
319.00000000,-6.279265057956e+11,5.471994976018e+07,6.215137942888e+07,5.471789612125e+07,6.214904934632e+07,6.410051255145e+07,6.009381846838e+07
319.20000000,1.918074737442e+13,2.385870844804e+07,2.709892183629e+07,2.385781302869e+07,2.709790588311e+07,2.794877274397e+07,2.620179478817e+07
319.40000000,2.152645446229e+12,1.011456761336e+07,1.148821101357e+07,1.011418800617e+07,1.148778030684e+07,1.184849349520e+07,1.110788648769e+07
319.60000000,-1.742832720907e+13,4.169143177012e+06,4.735347905533e+06,4.168986702978e+06,4.735170368272e+06,4.883853439920e+06,4.578581205714e+06
319.80000000,4.180123239048e+10,1.670880321400e+06,1.897799930203e+06,1.670817617825e+06,1.897728786004e+06,1.957316947320e+06,1.834972056158e+06
320.00000000,-3.549899009203e+12,6.510927726373e+05,7.395166503794e+05,6.510683747054e+05,7.394889682479e+05,7.627086971665e+05,7.150345007770e+05
320.20000000,-1.220160638971e+13,2.466830884304e+05,2.801847277806e+05,2.466738427730e+05,2.801742375652e+05,2.889716203115e+05,2.709090364851e+05
320.40000000,-8.093425013380e+12,9.087301237908e+04,1.032143321946e+05,9.086963213949e+04,1.032104969717e+05,1.064512296543e+05,9.979734351495e+04
320.60000000,-1.235282524786e+13,3.254645200271e+04,3.696653407668e+04,3.254523745814e+04,3.696515604861e+04,3.812584582312e+04,3.574273537999e+04
320.80000000,-1.003707790358e+13,1.068139494608e+04,1.213201826817e+04,1.068098157321e+04,1.213154923555e+04,1.251247202715e+04,1.173036209323e+04
321.00000000,-1.926451350678e+13,1.081296250978e+03,1.228145381421e+03,1.081236962184e+03,1.228078089277e+03,1.266629414573e+03,1.187456934061e+03
321.20000000,-5.674870743029e+12,2.470787248504e+00,2.806340949559e+00,2.470001383691e+00,2.805448468639e+00,2.889687538086e+00,2.709063491570e+00
321.40000000,-4.245299240931e+13,-1.044793347064e-02,-1.186685075968e-02,1.835391458802e-02,2.084653146936e-02,1.178196412627e-02,1.104551563199e-02
321.60000000,-2.352710264161e+13,-2.076887897306e-02,-2.358946751640e-02,1.914240335031e-02,2.174210367646e-02,2.009700751080e-02,1.884081535451e-02
321.80000000,1.915489284189e+13,-8.613181645860e-03,-9.782924196893e-03,6.231621520477e-03,7.077928444572e-03,-1.071593175948e-02,-1.004611714074e-02
322.00000000,1.131286792421e+13,3.947520266129e-02,4.483626738303e-02,5.425857184762e-02,6.162734495030e-02,3.082223274867e-02,2.889564507152e-02
322.20000000,-2.760994422150e+12,3.318348224089e-02,3.769007838209e-02,4.723603831708e-03,5.365109195332e-03,1.524622460494e-02,1.429323756190e-02
322.40000000,-4.074548994759e+12,-2.736050041092e-03,-3.107628661678e-03,-3.983645163781e-03,-4.524657880000e-03,-1.152455947933e-02,-1.080420043011e-02
322.60000000,1.135950535601e+13,-2.317893331558e-02,-2.632682752026e-02,-1.190165512159e-02,-1.351800057911e-02,-5.306969584842e-03,-4.975249871718e-03
322.80000000,1.877425075481e+13,-5.151129958256e-02,-5.850696755500e-02,-7.898208394154e-03,-8.970851915580e-03,-6.238071123899e-03,-5.848151579310e-03
323.00000000,1.201886659514e+13,-3.627397572718e-02,-4.120028689161e-02,-1.813426930055e-02,-2.059705649358e-02,-8.950068483355e-03,-8.390631670637e-03
323.20000000,-1.979318562879e+13,-2.882877589664e-02,-3.274396626961e-02,-3.665991084983e-02,-4.163863689841e-02,-2.442697270682e-02,-2.290012989206e-02
323.40000000,-2.070686210887e+13,-1.490210372664e-02,-1.692593482015e-02,-6.187281508494e-02,-7.027566683830e-02,-3.323721511265e-02,-3.115967551384e-02
323.60000000,-1.676635572515e+13,1.611946980171e-02,1.830862945286e-02,-1.309412146336e-02,-1.487241393875e-02,1.616282060679e-02,1.515254042160e-02
323.80000000,-8.391925034633e+12,-3.621373599421e-03,-4.113186609595e-03,-1.041996975959e-02,-1.183508980939e-02,6.618947229353e-03,6.205220479841e-03
324.00000000,-7.076664717633e+12,-2.909445958706e-02,-3.304573204103e-02,-3.113239438833e-03,-3.536043693679e-03,5.995120162255e-03,5.620386614499e-03
324.20000000,4.055401039320e+12,-3.865328244400e-02,-4.390272348344e-02,-2.704089486909e-02,-3.071327716738e-02,-1.695994738137e-02,-1.589984164871e-02
324.40000000,-1.062968326437e+13,-3.442857955446e-02,-3.910427038886e-02,-2.894061611813e-02,-3.287099663432e-02,-1.681300534554e-02,-1.576208443469e-02
324.60000000,-2.432803723553e+13,-1.818917649271e-02,-2.065941972995e-02,-3.315115179663e-02,-3.765335868051e-02,-3.033729317214e-02,-2.844101733579e-02
324.80000000,-1.026099992714e+13,-8.802536946879e-04,-9.997995541290e-04,-5.276627633443e-02,-5.993238308109e-02,-2.044644438426e-02,-1.916841017715e-02
325.00000000,1.560613043092e+12,-2.301836214191e-02,-2.614444942992e-02,-5.745133381617e-02,-6.525371100601e-02,-4.093130653707e-02,-3.837283676535e-02
325.20000000,-1.235797697972e+13,-2.188113457727e-02,-2.485277679176e-02,-3.388889083295e-02,-3.849128891948e-02,-6.121286572373e-02,-5.738666812965e-02
325.40000000,6.519234856739e+12,-1.881072232691e-02,-2.136537671900e-02,-2.665181907635e-02,-3.027136159027e-02,-4.448344138420e-02,-4.170294035083e-02
325.60000000,-9.399309903540e+12,-2.023422035806e-02,-2.298219776211e-02,-1.765385870942e-02,-2.005140207974e-02,8.527001294861e-03,7.994008900969e-03
325.80000000,2.088172854835e+13,-1.362414282517e-02,-1.547441607368e-02,5.095745913125e-03,5.787791319853e-03,5.623227953659e-03,5.271740059524e-03
326.00000000,3.797557719153e+13,-1.943021565230e-02,-2.206900245127e-02,-1.155246492129e-02,-1.312138739534e-02,-5.035464241620e-03,-4.720715357728e-03
326.20000000,-1.130984926259e+13,4.479080757335e-03,5.087377617519e-03,-1.939476300195e-02,-2.202873590384e-02,-2.258787545614e-02,-2.117598804157e-02
326.40000000,-2.909089437057e+12,1.342838487019e-02,1.525207254104e-02,-3.614345935546e-02,-4.105204692176e-02,-2.911191995807e-02,-2.729223782449e-02
326.60000000,1.555984069893e+12,-1.668368106821e-02,-1.894946535742e-02,-4.879809829891e-02,-5.542529289622e-02,-3.602805750983e-02,-3.377607232120e-02
326.80000000,8.232157945360e+12,-9.254017065290e-02,-1.051079045918e-01,-7.649066073413e-02,-8.687873959854e-02,-9.785639561695e-02,-9.173974185393e-02
327.00000000,-1.072118906979e+13,-1.066696052981e-02,-1.211562353669e-02,3.550994577776e-02,4.033249684047e-02,-6.595257163805e-02,-6.183011195672e-02
327.20000000,-1.851214082148e+13,-1.361406527567e-02,-1.546296990815e-02,1.881625366283e-02,2.137166010208e-02,4.216056302641e-02,3.952525682224e-02
327.40000000,1.463689057555e+13,-1.023536681919e-02,-1.162541576813e-02,3.487783332176e-03,3.961453816506e-03,-1.119110183236e-02,-1.049158602960e-02
327.60000000,7.689535557726e+12,1.837222897884e-03,2.086733228416e-03,2.033394575645e-03,2.309546762220e-03,-8.285617510813e-03,-7.767713155078e-03
327.80000000,8.190127862626e+12,2.003824915091e-02,2.275961201586e-02,3.952307026327e-03,4.489063758350e-03,6.114544196424e-03,5.732345878855e-03
328.00000000,-4.090790464824e+11,4.929987191438e-02,5.599520939940e-02,3.105344063512e-02,3.527076059592e-02,6.291762896620e-02,5.898487271098e-02
328.20000000,4.446737302196e+12,1.151220384431e-01,1.307565800638e-01,5.612584567391e-02,6.374821035996e-02,7.858328238177e-02,7.367132208668e-02
328.40000000,-3.205497151892e+13,9.251635066241e-02,1.050808496462e-01,5.918597831094e-02,6.722393489885e-02,1.736627572089e-01,1.628077185507e-01
328.60000000,4.740213966062e+13,3.574307676549e-02,4.059728738318e-02,1.008747623782e-01,1.145744085436e-01,9.687860912210e-02,9.082307330038e-02
328.80000000,5.754827164551e+12,1.635208310750e-03,1.857283360312e-03,3.023160930456e-02,3.433731761771e-02,4.290159571647e-02,4.021997020570e-02
329.00000000,-2.609279901967e+13,-5.809953420893e-03,-6.598993988638e-03,1.899933973793e-02,2.157961081515e-02,2.247939226093e-02,2.107428574340e-02
329.20000000,-1.513257147633e+13,-6.151443968383e-03,-6.986861826262e-03,6.420687863527e-03,7.292671596573e-03,7.237040106433e-03,6.784678578900e-03
329.40000000,-2.216813264368e+12,1.364473214962e-02,1.549780160166e-02,2.016851939426e-02,2.290757496045e-02,1.522093428500e-03,1.426952804952e-03
329.60000000,1.535246789865e+13,8.616895905649e-03,9.787142884419e-03,1.954714586545e-02,2.220181364941e-02,1.039617217647e-02,9.746344587141e-03
329.80000000,1.903646999452e+13,1.530092058714e-02,1.737891436652e-02,2.224825603212e-02,2.526975742901e-02,3.243654542034e-02,3.040905282414e-02
330.00000000,1.682287371166e+12,4.328884359572e-02,4.916783284974e-02,3.034723072871e-02,3.446864140945e-02,7.951142700672e-02,7.454145170631e-02
330.20000000,-1.906474340268e+13,2.735995083981e-02,3.107566240928e-02,7.664903268076e-03,8.705861979541e-03,6.017483562288e-02,5.641352158274e-02
330.40000000,-9.884646397008e+10,-1.861300604414e-02,-2.114080890117e-02,-3.017104475994e-02,-3.426852789553e-02,1.700545554418e-02,1.594250525882e-02
330.60000000,-1.274873386674e+11,-2.344915895974e-02,-2.663375208095e-02,-4.101573479160e-02,-4.658601858321e-02,9.152136978460e-03,8.580069585869e-03
330.80000000,-3.322866564173e+13,-2.165604927042e-02,-2.459712300606e-02,-4.194283757865e-02,-4.763902977235e-02,-3.360987232042e-02,-3.150903925062e-02
331.00000000,9.418060374632e+12,-1.850849023703e-02,-2.102209896790e-02,3.304164443539e-04,3.752897929319e-04,-1.653915370563e-02,-1.550535028264e-02
331.20000000,-4.279615121764e+12,6.874979013158e-03,7.808659018969e-03,1.988226346287e-02,2.258244305176e-02,1.089238945624e-02,1.021154509716e-02
331.40000000,1.643921363069e+12,1.153270789449e-03,1.309894667913e-03,5.999643231394e-03,6.814445541218e-03,2.809713564329e-02,2.634088405259e-02
331.60000000,-1.329252447874e+12,4.419549576515e-02,5.019761601364e-02,9.666439882329e-03,1.097922419968e-02,5.254579323617e-02,4.926134338593e-02
331.80000000,-9.382633318074e+11,-1.978916084455e-03,-2.247669542130e-03,-2.578074820571e-02,-2.928199192585e-02,2.156323344038e-02,2.021539273835e-02
332.00000000,-3.957151017830e+13,-3.116604710848e-02,-3.539865858114e-02,-5.796113188304e-02,-6.583274396343e-02,-5.334157238858e-02,-5.000738122592e-02
332.20000000,-6.962685238820e+11,-2.378727793461e-02,-2.701779045802e-02,-4.761790766925e-02,-5.408482239425e-02,-4.675123127772e-02,-4.382897879828e-02
332.40000000,-2.088171085901e+13,-6.917210688273e-03,-7.856626110961e-03,-1.292762782224e-02,-1.468330905258e-02,-2.229660120603e-02,-2.090292030444e-02
332.60000000,-6.500750305523e+12,-1.294598542353e-02,-1.470415918993e-02,2.531330083532e-03,2.875106124780e-03,9.618657575585e-03,9.017429646803e-03
332.80000000,5.325431223937e+12,-3.568273638175e-03,-4.052875226754e-03,2.190454451399e-03,2.487936697881e-03,1.202271168798e-02,1.127121492352e-02
333.00000000,4.410017044837e+12,-5.142257652737e-02,-5.840619516227e-02,-1.897196904775e-02,-2.154852295368e-02,5.234385121979e-03,4.907202404370e-03
333.20000000,-1.601362798203e+13,-4.211363038430e-02,-4.783301579430e-02,-2.274763584333e-02,-2.583695724350e-02,-3.061056767625e-02,-2.869721042673e-02
333.40000000,-1.824396046781e+13,-8.069360764601e-04,-9.165247863474e-04,-2.650973704494e-02,-3.010998361693e-02,-2.458557742013e-02,-2.304882079125e-02
333.60000000,-2.845747509118e+13,-4.628245341580e-03,-5.256800007587e-03,-5.465554596708e-03,-6.207823151371e-03,-3.630551496291e-02,-3.403618689993e-02
333.80000000,-8.330437396539e+11,-1.323650019173e-02,-1.503412830845e-02,-9.113969527041e-03,-1.035172369606e-02,-1.927613015003e-02,-1.807124810553e-02
334.00000000,2.533195633088e+13,1.423782611308e-03,1.617144271650e-03,3.183721266562e-03,3.616097549914e-03,1.637431735544e-02,1.535081726393e-02
334.20000000,-2.633528552546e+13,1.134172431274e-02,1.288202591976e-02,2.308714093227e-02,2.622256999585e-02,3.148584350736e-02,2.951777589199e-02
334.40000000,-2.123834176081e+13,1.934583212239e-02,2.197315892788e-02,2.856539318332e-02,3.244481525044e-02,3.847604621575e-02,3.607104599693e-02
334.60000000,-1.284590142739e+13,1.479743066031e-02,1.680704627055e-02,-7.516739076288e-03,-8.537575836989e-03,3.936043150446e-05,3.690015152044e-05
334.80000000,1.856318855468e+13,-3.270041751674e-03,-3.714140940320e-03,-7.643494889890e-03,-8.681546162474e-03,-9.361006190222e-03,-8.775883129250e-03
335.00000000,1.119305219898e+13,-3.293864471851e-03,-3.741198986375e-03,-2.836095414336e-02,-3.221261165924e-02,-4.263614320946e-02,-3.997111018675e-02
335.20000000,-1.110181380905e+12,-1.502562902559e-02,-1.706623589422e-02,-6.596979126698e-03,-7.492904704765e-03,-2.754319436362e-02,-2.582156766372e-02
335.40000000,1.448607411330e+13,-2.274648189713e-02,-2.583564555992e-02,-1.584182712001e-02,-1.799328127009e-02,-2.156063991208e-03,-2.021296132224e-03
335.60000000,1.935940406780e+12,-6.821672856138e-03,-7.748113437232e-03,1.100926224992e-02,1.250441320553e-02,2.176261219515e-02,2.040230903931e-02
335.80000000,-2.396679580939e+13,1.993116964691e-04,2.263799021413e-04,1.018773668181e-02,1.157131751488e-02,3.972371005643e-02,3.724072282738e-02
336.00000000,-4.197474540166e+13,-1.502896476355e-03,-1.707002465346e-03,3.250923192772e-02,3.692426066254e-02,4.326857680099e-02,4.056401261342e-02
336.20000000,1.947737627541e+13,6.331504530680e-03,7.191376128206e-03,-1.881083834291e-03,-2.136550933589e-03,1.050470621040e-02,9.848094546273e-03
336.40000000,-1.764826882997e+13,-2.378476220219e-02,-2.701493306797e-02,-1.028106554120e-03,-1.167732122296e-03,-2.959299485079e-02,-2.774324244399e-02
336.60000000,7.601916783692e+12,1.682959697169e-03,1.911519786854e-03,-9.683022958166e-03,-1.099805939752e-02,-1.187655293544e-02,-1.113419203254e-02
336.80000000,-2.166253347627e+13,-2.229625458808e-03,-2.532427359345e-03,-3.826475798121e-02,-4.346143584778e-02,-1.831482040860e-02,-1.717002640239e-02
337.00000000,-5.410800282771e+12,-3.490744337209e-02,-3.964816794275e-02,-4.028548429044e-02,-4.575659388583e-02,-1.741493206278e-02,-1.632638686281e-02
337.20000000,-1.702200227766e+12,-3.408811430082e-02,-3.871756708861e-02,-2.516288253701e-02,-2.858021487199e-02,1.653716843072e-04,1.550348910020e-04
337.40000000,2.591300689468e+13,-2.845330211608e-02,-3.231749998988e-02,-9.288948084661e-03,-1.055046582218e-02,2.273648422428e-02,2.131530780641e-02
337.60000000,-2.841996935877e+11,-1.411818219279e-02,-1.603555014498e-02,2.062676351587e-02,2.342805251068e-02,2.267803287048e-02,2.126051003796e-02
337.80000000,2.605063937516e+13,6.550755462022e-03,7.440403181112e-03,1.015275212831e-02,1.153158176304e-02,6.684010103128e-02,6.266216505769e-02
338.00000000,2.141530791652e+13,-5.197879266837e-03,-5.903795013601e-03,-7.227580967276e-03,-8.209147610398e-03,3.008131276476e-02,2.820103734935e-02
338.20000000,6.836978531315e+13,-8.833616192931e-03,-1.003329561050e-02,2.900383868662e-03,3.294280536250e-03,9.859780032134e-03,9.243480399842e-03
338.40000000,-2.734132257524e+13,-1.549823019506e-02,-1.760302027964e-02,-1.096070181418e-02,-1.244925785177e-02,1.597983848451e-02,1.498099585821e-02
338.60000000,-2.014040333715e+13,-2.638620524104e-02,-2.996967396372e-02,-1.136582138146e-02,-1.290939608373e-02,-9.085653161018e-03,-8.517741434386e-03
338.80000000,-6.925003609472e+12,-2.490026898757e-02,-2.828193506226e-02,-5.496441760331e-03,-6.242905053129e-03,-4.726458876107e-03,-4.431024813897e-03
339.00000000,3.585218324152e+13,-1.236647645427e-02,-1.404594802583e-02,8.032104228973e-03,9.122931937572e-03,3.633529772229e-02,3.406410804540e-02
339.20000000,-1.032264560360e+13,6.692212468380e-03,7.601071239353e-03,4.246325186634e-03,4.823012072318e-03,4.435441687696e-02,4.158198070468e-02
339.40000000,-1.746656812714e+13,2.788105905797e-03,3.166754150882e-03,1.017312918140e-02,1.155472619233e-02,3.008269212515e-02,2.820233049085e-02
339.60000000,2.543704361860e+11,-1.565057181426e-02,-1.777605117275e-02,-2.375758958312e-02,-2.698407124571e-02,8.110379153936e-03,7.603428321968e-03
339.80000000,-6.415346011895e+12,1.660679325855e-02,1.886213553617e-02,3.242718737016e-02,3.683107375994e-02,6.267823509947e-03,5.876044249978e-03
340.00000000,-5.127854254608e+12,3.153008437688e-02,3.581213517411e-02,2.605414488444e-02,2.959251818657e-02,4.615663775834e-02,4.327155119601e-02
340.20000000,8.699355266159e+11,1.559431913910e-03,1.771215891092e-03,2.704681061094e-02,3.071999631702e-02,1.897305804496e-02,1.778711995522e-02
340.40000000,1.442250075873e+13,-1.623345159314e-02,-1.843809093078e-02,-8.789185108648e-03,-9.982830805865e-03,-3.114700318945e-03,-2.920011527206e-03
340.60000000,9.505499084152e+12,2.500035327239e-03,2.839561163521e-03,-8.456171186431e-04,-9.604590775596e-04,1.166514147451e-02,1.093599514691e-02
340.80000000,4.599765807447e+12,-8.472943535450e-03,-9.623640570927e-03,-1.960452191326e-02,-2.226698184993e-02,-2.336479861066e-02,-2.190434850474e-02
341.00000000,-3.206863858923e+13,-2.304024443415e-02,-2.616930352160e-02,-3.671165275190e-02,-4.169740578853e-02,-4.624966672455e-02,-4.335876525383e-02
341.20000000,1.038369711775e+13,-3.742110861888e-02,-4.250321008361e-02,-9.386945299407e-03,-1.066177188778e-02,-1.104684714348e-03,-1.035634818607e-03
341.40000000,2.035962865556e+13,4.298305478367e-02,4.882051534367e-02,5.226152740476e-02,5.935908497643e-02,3.439576691096e-02,3.224581037740e-02
341.60000000,-1.659407968787e+13,2.884318071823e-02,3.276032738719e-02,2.922832646687e-02,3.319778048254e-02,2.607975151767e-02,2.444959940290e-02
341.80000000,8.360497566795e+12,4.606544669079e-02,5.232152201140e-02,2.439274570515e-02,2.770548694275e-02,2.653705276560e-02,2.487831638323e-02
342.00000000,-1.427117177655e+13,5.176901239919e-02,5.879967994089e-02,1.957209913588e-02,2.223015578507e-02,2.588714527635e-02,2.426903228976e-02
342.20000000,-1.371426529376e+12,3.739243649033e-02,4.247064403871e-02,3.019090859877e-03,3.429108941173e-03,1.077301132916e-02,1.009962887040e-02
342.40000000,1.237090329395e+12,1.990916082529e-02,2.261299240928e-02,-2.280907515916e-02,-2.590674053822e-02,-2.977398702519e-02,-2.791292144404e-02
342.60000000,-1.340465338133e+13,4.280318033998e-03,4.861621243682e-03,-1.021949015229e-02,-1.160738337530e-02,-2.640692783984e-02,-2.475632510179e-02
342.80000000,-4.170226501643e+13,4.829229965816e-04,5.485080035168e-04,1.268121939992e-02,1.440343628181e-02,3.357792797910e-02,3.147909163598e-02
343.00000000,7.109726116913e+12,-1.742178467521e-03,-1.978780964571e-03,1.703599568001e-02,1.934962802361e-02,4.534569400120e-02,4.251129663656e-02
343.20000000,-1.462151899589e+13,5.691560956758e-03,6.464522831552e-03,-3.370032001056e-03,-3.827710858404e-03,2.582945981754e-02,2.421495254294e-02
343.40000000,8.300749183891e+11,2.772673101785e-02,3.149225442211e-02,2.043404196799e-02,2.320915774612e-02,3.712248915853e-02,3.480209495667e-02
343.60000000,2.433990256250e+12,2.235801035408e-02,2.539441631217e-02,1.545548732474e-02,1.755447326206e-02,4.597698381815e-02,4.310312678192e-02
343.80000000,5.002553031496e+12,5.098609883036e-03,5.791044012087e-03,1.705968776736e-02,1.937653769687e-02,3.012772771518e-02,2.824455106700e-02
344.00000000,2.057155705699e+13,3.070433907426e-04,3.487424671045e-04,1.272722231840e-02,1.445568678583e-02,3.583581486279e-03,3.359584607537e-03
344.20000000,-7.420050094335e+12,-6.120422706865e-03,-6.951627616373e-03,4.045954924798e-02,4.595429833726e-02,9.147944101777e-03,8.576138790932e-03
344.40000000,8.135500013064e+11,-2.942386182816e-02,-3.341986987853e-02,1.409514495276e-02,1.600938488701e-02,-4.944763283535e-03,-4.635683792564e-03
344.60000000,-3.022097869008e+13,-1.553084316355e-02,-1.764006236370e-02,3.048318048801e-04,3.462305429629e-04,9.555200539948e-03,8.957939083805e-03
344.80000000,-4.127853165114e+12,-2.697173942672e-02,-3.063472861933e-02,-2.233288052138e-03,-2.536587463986e-03,2.695267809128e-02,2.526796245434e-02
345.00000000,-1.847228375480e+13,-2.096305274647e-02,-2.381001172230e-02,1.115751781782e-03,1.267280313384e-03,2.366605374975e-02,2.218677326112e-02
345.20000000,4.690116983953e+12,-1.289238571138e-02,-1.464328018580e-02,-2.783641032049e-03,-3.161683034740e-03,1.595052017348e-02,1.495351013008e-02
345.40000000,-1.036964308249e+13,-6.805935927690e-03,-7.730239301467e-03,5.352838183761e-05,6.079798895974e-05,4.806864184851e-03,4.506404273987e-03
345.60000000,-9.550172015586e+12,-8.822649640438e-03,-1.002083970790e-02,1.543696647190e-02,1.753343712072e-02,-1.164093273776e-02,-1.091329961183e-02
345.80000000,3.375326636073e+13,-2.987655333487e-02,-3.393404070144e-02,1.100398569841e-02,1.249842005367e-02,-1.415741865084e-02,-1.327248897895e-02
346.00000000,-1.324082062803e+13,-5.356729855723e-02,-6.084218849252e-02,-3.054458444560e-02,-3.469279743077e-02,-1.480011049064e-02,-1.387500844744e-02
346.20000000,-8.815200892482e+12,-3.060270816731e-02,-3.475881347102e-02,-3.247918417386e-02,-3.689013216949e-02,-4.982485228792e-02,-4.671047873760e-02
346.40000000,-1.276613759494e+13,9.525366982604e-03,1.081899197879e-02,-2.691522401481e-03,-3.057053914787e-03,4.271733741338e-02,4.004722923099e-02
346.60000000,-1.557178224597e+13,8.612293903958e-03,9.781915892171e-03,-1.410909892300e-02,-1.602523392447e-02,1.769455091560e-02,1.658852773990e-02
346.80000000,-3.166873470106e+13,1.522846313553e-02,1.729661658322e-02,-1.900691227659e-02,-2.158821176862e-02,-1.294409377759e-02,-1.213500470973e-02
347.00000000,2.446285451135e+13,7.102483412951e-03,8.067060430798e-03,-2.190255420002e-02,-2.487710636336e-02,-2.574496799479e-02,-2.413574200224e-02
347.20000000,-7.237575890747e+12,-9.087461555058e-03,-1.032161530902e-02,-1.499625766006e-02,-1.703287632367e-02,-1.987635407132e-02,-1.863395417340e-02
347.40000000,-2.389800727979e+13,-2.701110418380e-02,-3.067943944170e-02,2.162051631532e-02,2.455676534778e-02,1.197435065695e-02,1.122587676780e-02
347.60000000,-2.505162169553e+13,3.075850879731e-02,3.493577313770e-02,5.677237731097e-02,6.448254646321e-02,1.006223670363e-02,9.433282227944e-03
347.80000000,1.239611645219e+13,3.695615649038e-02,4.197511354329e-02,7.360442113181e-03,8.360052423968e-03,1.645044203746e-02,1.542218366398e-02
348.00000000,-4.121210051089e+12,4.259167704238e-02,4.837598521151e-02,-3.962140806861e-03,-4.500233049476e-03,2.499231980002e-02,2.343013915779e-02
348.20000000,1.149485058415e+13,3.952379314798e-02,4.489145686672e-02,2.764848069764e-03,3.140337829182e-03,1.709976436524e-02,1.603091917232e-02
348.40000000,1.334127600192e+13,2.993084039735e-02,3.399570040385e-02,-8.229561371015e-03,-9.347205430055e-03,-8.785628753304e-03,-8.236470480759e-03
348.60000000,3.567526291541e+12,1.179774639467e-02,1.339997963804e-02,-7.246744640869e-04,-8.230913872992e-04,-2.104699918803e-02,-1.973142644521e-02
348.80000000,1.018493351201e+13,2.368254482610e-02,2.689883371200e-02,1.791986165612e-02,2.035353047708e-02,2.540274526379e-02,2.381491039179e-02
349.00000000,-1.171683428976e+13,3.791380546187e-02,4.306281930412e-02,2.521692906105e-02,2.864160137124e-02,3.957937620990e-02,3.710541077406e-02
349.20000000,1.265715266685e+13,6.370156369616e-02,7.235277212140e-02,3.222491231859e-02,3.660132804505e-02,3.901002077032e-02,3.657164370936e-02
349.40000000,-1.152545816095e+13,1.358574665957e-02,1.543080538569e-02,1.099562972118e-04,1.248892926409e-04,2.251459899244e-02,2.110729182788e-02
349.60000000,2.145126836082e+11,9.666909924944e-03,1.097975764384e-02,-1.740765400171e-02,-1.977176068975e-02,3.914000978090e-03,3.669350757119e-03
349.80000000,-1.968303366960e+13,2.429088551130e-02,2.758979218169e-02,1.693832292294e-02,1.923869047978e-02,1.717944893973e-02,1.610562294868e-02
350.00000000,-3.998862406163e+13,1.262511616795e-02,1.433971318919e-02,3.590513173286e-02,4.078135239168e-02,2.599926480583e-02,2.437414362793e-02
350.20000000,-3.588557544277e+13,1.096663695852e-02,1.245599854633e-02,3.724613039964e-02,4.230447002270e-02,2.645222551486e-02,2.479879138094e-02
350.40000000,3.488873185173e+12,-5.197004579577e-04,-5.902801536446e-04,3.258629858983e-02,3.701179362938e-02,4.062732488615e-02,3.808785592165e-02
350.60000000,-1.864242474102e+13,8.970646985847e-03,1.018893633827e-02,3.074338380252e-02,3.491859542227e-02,4.009225817016e-02,3.758623431491e-02
350.80000000,3.019887452005e+13,1.649375681311e-02,1.873374779019e-02,1.847097941613e-02,2.097949469154e-02,2.563960172308e-02,2.403696179982e-02
351.00000000,7.776356270559e+12,1.692279173125e-02,1.922104926072e-02,1.296168040896e-02,1.472198626867e-02,3.114860468627e-02,2.920161666504e-02
351.20000000,1.042551979948e+13,7.464889153631e-04,8.478683920864e-04,-3.830686983730e-03,-4.350926685020e-03,5.140696220413e-03,4.819369661399e-03
351.40000000,9.843375664316e+12,1.916039234805e-03,2.176253487163e-03,2.053496899358e-02,2.332379151565e-02,3.711075144891e-02,3.479109092936e-02
351.60000000,6.051579387862e+12,1.611709035127e-02,1.830592685303e-02,4.307135939222e-02,4.892081439587e-02,3.396915323626e-02,3.184586279971e-02
351.80000000,9.448215329100e+12,1.645700915078e-02,1.869200948607e-02,3.053632034605e-02,3.468341099659e-02,3.024563896692e-02,2.835509210756e-02
352.00000000,4.108847223115e+13,4.847322310228e-03,5.505629472202e-03,1.161067147102e-02,1.318749888698e-02,-1.161295011614e-02,-1.088706608394e-02
352.20000000,2.144258372663e+13,-7.666038075956e-03,-8.707150559587e-03,1.724362428012e-02,1.958545434422e-02,1.341343390629e-02,1.257500806339e-02
352.40000000,-6.386132038506e+12,-6.133333333113e-02,-6.966291614315e-02,-4.600682471188e-02,-5.225494074097e-02,-6.133620689792e-02,-5.750229968760e-02
352.60000000,1.682570857027e+13,3.067600574474e-02,3.484206547630e-02,-1.534841954076e-02,-1.743286476718e-02,-1.227248563208e-01,-1.150537639053e-01
352.80000000,7.014631776337e+12,-6.904489942468e-02,-7.842177780825e-02,-3.835883620619e-02,-4.356829069165e-02,-8.439870689493e-02,-7.912324518527e-02
353.00000000,5.172731276953e+12,-4.605289152243e-02,-5.230726174552e-02,-1.007462284461e-02,-1.144284186160e-02,-1.918803879288e-02,-1.798866302446e-02
353.20000000,1.046623277728e+13,-2.447484509699e-02,-2.779873502722e-02,-1.078832166069e-03,-1.225346701504e-03,-1.043735407657e-02,-9.784952353759e-03
353.40000000,-2.002383576397e+12,-2.580398594639e-02,-2.930838438924e-02,-6.241401760357e-03,-7.089036923771e-03,1.800663387741e-03,1.688110351048e-03
353.60000000,-1.785705870858e+13,-2.305387931381e-02,-2.618479013266e-02,-1.921084770453e-02,-2.181984335303e-02,-5.187131824529e-02,-4.862902741761e-02
353.80000000,9.517358349900e+12,-1.691170977010e-01,-1.920846227599e-01,-1.614292385047e-01,-1.833526948393e-01,2.307147988669e-02,2.162936408651e-02
354.00000000,-1.099677067643e+13,-1.691716953997e-01,-1.921466352856e-01,-1.230359195394e-01,-1.397452383381e-01,9.227658045711e-02,8.650870100955e-02
354.20000000,3.249282519766e+13,-6.923419540098e-02,-7.863678177114e-02,-9.230531608990e-02,-1.048411589489e-01,-1.537931034474e-02,-1.441800458747e-02
354.40000000,-1.670367389827e+13,-1.683566810389e-02,-1.912209351159e-02,-1.010183189701e-02,-1.147374613352e-02,-1.250610632161e-02,-1.172439428521e-02
354.60000000,1.511587385664e+13,-3.602568247096e-02,-4.091827332170e-02,-2.992090404937e-02,-3.398441596019e-02,-3.548031160282e-03,-3.326256405438e-03
354.80000000,-3.122843306778e+12,-2.492575152151e-02,-2.831087833875e-02,-8.052550129280e-03,-9.146154564118e-03,-7.051726242297e-03,-6.610948022500e-03
355.00000000,3.437885057127e+11,-1.921725514393e-02,-2.182712011372e-02,1.018274193671e-03,1.156564444114e-03,4.862687196307e-03,4.558737988388e-03
355.20000000,-3.601796121810e+11,-5.517664131577e-03,-6.267009354096e-03,7.186815026807e-03,8.162845310320e-03,2.380816772683e-02,2.232000420110e-02
355.40000000,1.497616583269e+13,7.446908424090e-03,8.458261256930e-03,3.413566338623e-02,3.877157527327e-02,1.808890559928e-02,1.695823272088e-02
355.60000000,-2.923741104108e+13,1.044378472541e-03,1.186213857994e-03,9.837761778495e-03,1.117381305879e-02,3.354560860163e-02,3.144879242736e-02
355.80000000,-7.113013566684e+12,-3.127261844480e-03,-3.551970320177e-03,1.689682358091e-02,1.919155517601e-02,-8.385423575117e-03,-7.861280698794e-03
356.00000000,9.746241721579e+12,1.783740968849e-02,2.025988003345e-02,4.195494505047e-03,4.765278154127e-03,5.768881239299e-03,5.408289078528e-03
356.20000000,-1.541813633402e+13,1.268769990757e-02,1.441079632732e-02,-4.674405062179e-03,-5.309228816661e-03,2.656081544357e-03,2.490059374107e-03
356.40000000,1.336007366580e+13,1.316139451385e-02,1.494882264747e-02,1.436428990706e-02,1.631508200316e-02,1.588549685732e-03,1.489255118917e-03
356.60000000,-7.631541481904e+12,-4.140648641613e-03,-4.702983572433e-03,-8.885115698973e-03,-1.009178958196e-02,-1.778425721008e-02,-1.667262681432e-02
356.80000000,-1.043968365226e+12,-4.468064166798e-03,-5.074864881277e-03,-1.830225825220e-02,-2.078785976611e-02,-4.080876743325e-02,-3.825795714322e-02
357.00000000,-7.142944205198e+12,-2.196512585469e-03,-2.494817479148e-03,-1.504696810416e-02,-1.709047367512e-02,-3.040535599755e-02,-2.850482579708e-02
357.20000000,1.189099383627e+12,1.209513523611e-02,1.373775638679e-02,-3.552697973883e-03,-4.035184415755e-03,-1.495504844284e-02,-1.402026178166e-02
357.40000000,1.431827834434e+13,4.113447313265e-02,4.672088074785e-02,2.754067799204e-02,3.128093506676e-02,1.743422083936e-02,1.634446996687e-02
357.60000000,1.086614800466e+13,3.782907464467e-02,4.296658132890e-02,1.113470469040e-02,1.264689179070e-02,1.036783004344e-02,9.719774019610e-03
357.80000000,1.310166244923e+13,1.314165654546e-02,1.492640409687e-02,-1.073808560396e-02,-1.219640847679e-02,1.013437513806e-02,9.500911546511e-03
358.00000000,-5.723114787536e+12,1.502907742108e-02,1.707015261083e-02,-9.503206677490e-03,-1.079382254462e-02,1.062206319682e-02,9.958115966656e-03
358.20000000,-2.202955229581e+13,1.141733085717e-02,1.296790046919e-02,-5.480553691200e-04,-6.224859249788e-04,1.543769589467e-02,1.447274066521e-02
358.40000000,-3.643586325361e+13,9.574334513428e-03,1.087460971238e-02,4.296760452541e-03,4.880296874035e-03,8.467955719115e-03,7.938654053262e-03
358.60000000,-1.300911320357e+13,1.910744769665e-02,2.170239989102e-02,2.003212244488e-02,2.275265415139e-02,-1.520840491411e-02,-1.425778184485e-02
358.80000000,-7.235972122352e+12,-8.566015659730e-03,-9.729352672925e-03,1.219674579790e-02,1.385316706583e-02,2.262799033345e-02,2.121359548118e-02
359.00000000,-6.537818118097e+12,-1.554038562441e-02,-1.765090077105e-02,-1.945858782919e-04,-2.210122868255e-04,3.337768102408e-03,3.129136140287e-03
359.20000000,-1.410095693345e+13,-4.233003238256e-03,-4.807880700504e-03,-4.351579048153e-03,-4.942560298714e-03,2.670470264106e-02,2.503548706378e-02
359.40000000,3.323387326839e+12,1.362106693044e-02,1.547092244656e-02,1.141931688778e-02,1.297015673241e-02,2.466262127390e-02,2.312104890890e-02
359.60000000,4.736453875289e+12,3.148796012451e-02,3.576429009377e-02,1.058225053341e-02,1.201940968524e-02,3.217769862885e-02,3.016638562103e-02
359.80000000,3.399811581366e+12,5.295604158379e-03,6.014791767811e-03,5.556610224396e-03,6.311244903661e-03,1.876863209454e-02,1.759547194079e-02
360.00000000,-2.623647952401e+13,-4.861638715746e-03,-5.521890166067e-03,1.143281193188e-02,1.298548451766e-02,3.171952744305e-03,2.973685307954e-03
360.20000000,-1.419380042390e+12,-2.062400656908e-03,-2.342492022079e-03,4.705385723159e-03,5.344416913511e-03,4.075545869951e-03,3.820798054802e-03
360.40000000,4.187468626566e+12,1.350964249336e-02,1.534436563325e-02,2.420572351220e-02,2.749306555372e-02,3.556704956672e-02,3.334388033797e-02
360.60000000,-3.129339763038e+12,3.420615121844e-02,3.885163441297e-02,2.221255480615e-02,2.522920767451e-02,5.100922741356e-02,4.782082280453e-02
360.80000000,-1.017300097507e+13,2.643988493727e-02,3.003064381444e-02,1.363197662327e-02,1.548331437982e-02,1.881916078626e-02,1.764284226447e-02
361.00000000,1.114593496604e+13,2.346585827660e-02,2.665271930558e-02,2.336736451432e-02,2.654085031113e-02,1.845740416999e-02,1.730369776214e-02
361.20000000,-5.885826370574e+12,6.325196293323e-03,7.184211179129e-03,3.585781799886e-03,4.072761305231e-03,-2.906690061960e-03,-2.725003248407e-03
361.40000000,-6.070449069373e+12,4.420947496168e-04,5.021349370275e-04,-1.772392296489e-02,-2.013098165387e-02,1.280067291300e-02,1.200054857111e-02
361.60000000,-7.266724618881e+12,-1.305076873678e-02,-1.482317295891e-02,-1.644295990761e-02,-1.867605297604e-02,-2.019074245754e-02,-1.892869126454e-02
361.80000000,-1.896560108002e+13,2.477823542698e-02,2.814332831718e-02,8.892823241205e-03,1.010054387364e-02,2.172754112404e-02,2.036943013559e-02
362.00000000,-5.614577835611e+12,3.324030633086e-02,3.775461966167e-02,2.557869091992e-02,2.905249355117e-02,3.500508735181e-02,3.281704437388e-02
362.20000000,3.609395980035e+12,3.642148893560e-02,4.136783363512e-02,2.004562331375e-02,2.276798855247e-02,2.099124782341e-02,1.967915989926e-02
362.40000000,-8.375798690592e+12,4.262613149432e-02,4.841511886797e-02,1.850842731859e-02,2.102202833598e-02,2.642475208613e-02,2.477303521811e-02
362.60000000,-2.665596581221e+11,2.671293003674e-02,3.034077073621e-02,1.001810686452e-02,1.137865053327e-02,2.295166497099e-02,2.151703837324e-02
362.80000000,-9.490206403318e+12,7.338741400607e-03,8.335404241388e-03,1.218467058816e-02,1.383945194045e-02,1.249044394295e-02,1.170971090590e-02
363.00000000,1.678560568875e+13,2.361414673330e-02,2.682114658261e-02,2.994526177274e-02,3.401208166846e-02,2.135536199796e-02,2.002051459732e-02
363.20000000,1.029134203478e+13,1.473428397155e-02,1.673532373004e-02,3.001898115937e-02,3.409581277149e-02,1.968006987226e-02,1.844993899853e-02
363.40000000,-7.699395850317e+12,2.961323289681e-03,3.363495913194e-03,7.492739011991e-03,8.510316360912e-03,2.566779058728e-02,2.406338867880e-02
363.60000000,-1.794183133673e+13,-1.221629387410e-02,-1.387536938742e-02,-2.713186986975e-03,-3.081660734280e-03,2.848524428692e-02,2.670473341116e-02
363.80000000,-2.281927788449e+13,1.888969479356e-02,2.145507431121e-02,-1.488076631516e-02,-1.690170027705e-02,3.974111800160e-02,3.725704266408e-02
364.00000000,-2.817123605378e+12,3.453912096794e-02,3.922982425653e-02,-7.928767392822e-04,-9.005561084801e-04,1.976674154882e-02,1.853119313817e-02
364.20000000,-8.671514125540e+12,3.993372462019e-02,4.535706048261e-02,2.321060646712e-02,2.636280319490e-02,8.894508422598e-03,8.338544470827e-03
364.40000000,-1.464236330306e+13,2.807782399917e-02,3.189102878489e-02,3.568076260413e-02,4.052651203703e-02,1.196077475370e-03,1.121314944578e-03
364.60000000,-1.399701410665e+13,2.562044043092e-02,2.909991184816e-02,4.098624181977e-02,4.655252021629e-02,9.085221103630e-03,8.517336383362e-03
364.80000000,1.158611876687e+12,1.247295555404e-02,1.416688788342e-02,3.897575425546e-02,4.426899143134e-02,4.601185583302e-02,4.313581907170e-02
365.00000000,-2.451794687155e+13,3.576238421114e-02,4.061921694243e-02,3.539433595461e-02,4.020118622523e-02,6.236813859412e-02,5.846972901936e-02
365.20000000,1.801748609152e+13,2.549038258540e-02,2.895219105273e-02,4.807739988980e-02,5.460671754581e-02,4.877797752826e-02,4.572904037990e-02
365.40000000,-2.755039435709e+13,5.717806790010e-02,6.494333069829e-02,2.173909713339e-02,2.469145044418e-02,6.440433735552e-02,6.037865226915e-02
365.60000000,2.265147125888e+12,3.441994342778e-02,3.909446140349e-02,2.995466120690e-02,3.402275762531e-02,3.371283014853e-02,3.160556155264e-02
365.80000000,1.621408254267e+13,3.680712844314e-02,4.180584623310e-02,1.416126954180e-02,1.608448975468e-02,-1.220815394002e-02,-1.144506584275e-02
366.00000000,1.077675758563e+13,3.410649202979e-02,3.873844066783e-02,1.976073250781e-02,2.244440716482e-02,-1.463851034325e-02,-1.372350934805e-02
366.20000000,-2.618965531832e+13,1.917137692189e-02,2.177501124303e-02,2.041466575711e-02,2.318715008187e-02,-5.243424492867e-03,-4.915676756470e-03
366.40000000,1.635494235225e+13,1.964342101106e-02,2.231116289196e-02,5.238896957223e-02,5.950383486844e-02,2.261321110879e-02,2.119974005306e-02
366.60000000,-6.858534071766e+11,4.482324187300e-02,5.091061532568e-02,7.464883495246e-02,8.478677829325e-02,6.785201484428e-02,6.361082775264e-02
366.80000000,-5.795339172851e+12,2.597430347255e-02,2.950183246875e-02,5.965238849875e-02,6.775368753615e-02,3.757616655816e-02,3.522741460251e-02
367.00000000,-2.627307709119e+13,4.965195710704e-02,5.639511072416e-02,5.671095380485e-02,6.441278112529e-02,7.019398982959e-02,6.580641424676e-02
367.20000000,-8.630733934342e+12,2.433982965141e-02,2.764538334792e-02,4.186996378706e-02,4.755625910331e-02,3.571102534776e-02,3.347885670720e-02
367.40000000,-1.904776099853e+13,6.264840938690e-03,7.115659059421e-03,1.014372603064e-02,1.152132984494e-02,-1.213096771902e-03,-1.137270425672e-03
367.60000000,-3.983033531800e+12,1.086800645222e-02,1.234397318725e-02,1.883069523896e-02,2.138806296642e-02,-1.020925162558e-02,-9.571107772237e-03
367.80000000,2.117930204364e+13,1.979106187961e-02,2.247885463292e-02,3.523828774335e-02,4.002394534666e-02,1.771270400235e-02,1.660554614204e-02
368.00000000,4.460354968701e+12,1.339596817197e-02,1.521525338239e-02,4.058018442948e-02,4.609131679701e-02,1.558651227055e-02,1.461225506099e-02
368.20000000,-1.184649285760e+13,1.552309264870e-02,1.763125926371e-02,1.207938377613e-02,1.371986628858e-02,-6.117720489974e-03,-5.735323633639e-03
368.40000000,-4.018651546462e+12,-2.890670765358e-02,-3.283248181497e-02,-2.742639258972e-03,-3.115112873990e-03,-1.332328412543e-02,-1.249049322333e-02
368.60000000,3.086828295269e+12,6.894295333603e-03,7.830598658285e-03,6.619468939659e-03,7.518448824599e-03,3.977011025155e-02,3.728422271204e-02
368.80000000,3.868483304367e+12,2.960243043512e-03,3.362268960505e-03,8.976009676880e-03,1.019502773106e-02,3.922781305749e-02,3.677582257858e-02
369.00000000,1.274762940428e+13,1.674041653551e-02,1.901390597864e-02,1.761674111243e-02,2.000924359906e-02,3.558785954849e-02,3.336338956211e-02
369.20000000,8.455912266570e+12,2.648408253640e-02,3.008084381948e-02,1.738951067598e-02,1.975115334688e-02,1.960374654053e-02,1.837838636565e-02
369.40000000,5.380581623404e+12,2.138758618032e-02,2.429220036909e-02,1.327497752480e-03,1.507783178345e-03,1.426691759366e-02,1.337514353397e-02
369.60000000,-5.107341003810e+11,1.441841445286e-02,1.637655647255e-02,6.238247395413e-03,7.085454169382e-03,6.478372908064e-04,6.073432957270e-04
369.80000000,-8.731344302550e+12,1.890052093076e-02,2.146737072895e-02,-7.985830102733e-03,-9.070373393492e-03,-9.563375757711e-03,-8.965603297906e-03
370.00000000,-2.045963245517e+13,-2.083063302823e-02,-2.365960829196e-02,1.355153952330e-02,1.539195324115e-02,1.851694357650e-02,1.735951557302e-02
370.20000000,-3.927637177323e+12,-2.421396852169e-03,-2.750242921760e-03,-2.230463628964e-03,-2.533379460249e-03,1.687460631822e-02,1.581983495060e-02
370.40000000,-9.683717850296e+12,-1.131184555582e-02,-1.284808937621e-02,-1.934862763209e-02,-2.197633496043e-02,-2.705628892606e-02,-2.536509694592e-02
370.60000000,-4.586530052412e+12,-8.213103511997e-03,-9.328512085627e-03,-2.420198800975e-02,-2.748882273843e-02,-2.113875786221e-02,-1.981744961242e-02
370.80000000,1.478020966186e+13,-3.964748086891e-02,-4.503194242104e-02,-3.804594357694e-02,-4.321290459617e-02,-2.854194661366e-02,-2.675789147799e-02
371.00000000,-3.380124629587e+13,-3.158243290651e-02,-3.587159307459e-02,-2.088113048839e-02,-2.371696467010e-02,-6.441451264708e-03,-6.038819153958e-03
371.20000000,-2.276274700501e+13,-1.642171051784e-03,-1.865191700173e-03,7.930179873782e-03,9.007165392630e-03,1.692240188330e-02,1.586464298562e-02
371.40000000,-2.588649458852e+13,3.292880723975e-02,3.740081637259e-02,1.865626817176e-02,2.118994722778e-02,1.423483306905e-02,1.334506449839e-02
371.60000000,5.704394642683e+12,2.957493720582e-02,3.359146256383e-02,8.598453617793e-03,9.766196364900e-03,3.912690027264e-02,3.668121749147e-02
371.80000000,1.899834455235e+13,9.425833488467e-03,1.070594099853e-02,-1.532223053306e-04,-1.740311907063e-04,-4.217013683390e-03,-3.953423220522e-03
372.00000000,1.633057513168e+13,9.626161862032e-04,1.093347565108e-03,-1.074772647472e-02,-1.220735865936e-02,-1.635796062626e-02,-1.533548293547e-02
372.20000000,-5.306196338189e+12,-1.556979506801e-02,-1.768430426459e-02,-4.700746794563e-03,-5.339147979163e-03,-3.796570477246e-03,-3.559260417441e-03
372.40000000,2.119480904020e+13,-8.741256105221e-03,-9.928392245635e-03,3.081341327194e-03,3.499813548611e-03,1.402256260528e-02,1.314606230311e-02
372.60000000,5.660070293602e+12,-5.235892910110e-03,-5.946971229531e-03,-1.639063851157e-04,-1.861662589171e-04,1.999917059755e-02,1.874909387726e-02
372.80000000,-1.984286510747e+13,1.089645895778e-02,1.237628978251e-02,1.319600379386e-02,1.498813275170e-02,3.422559655240e-02,3.208627676012e-02
373.00000000,-1.871340597278e+13,3.908517646552e-02,4.439327234764e-02,6.773237413993e-02,7.693100358679e-02,2.674415965595e-02,2.507247776161e-02
373.20000000,2.322681212919e+13,7.752880207110e-02,8.805786582965e-02,9.827919178409e-02,1.116263375034e-01,8.592716084514e-02,8.055616093844e-02
373.40000000,2.452776971032e+12,-2.728903156112e-03,-3.099511169573e-03,1.805430201319e-03,2.050622897205e-03,9.375365250174e-02,8.789344655653e-02
373.60000000,2.290906694387e+12,-5.372116505900e-03,-6.101695136008e-03,-2.328888793510e-02,-2.645171594852e-02,1.724545639143e-02,1.616750451035e-02
373.80000000,-1.723199541838e+13,-1.174668355692e-02,-1.334198203721e-02,-3.498031534703e-02,-3.973093811639e-02,1.875133703439e-02,1.757925793307e-02
374.00000000,-4.659502587834e+12,-3.253746804020e-02,-3.695633001647e-02,-6.444667918719e-02,-7.319908346139e-02,5.376260820710e-03,5.040209959930e-03
374.20000000,1.889341734514e+13,-2.075433503113e-02,-2.357294838476e-02,-4.916473529056e-02,-5.584172229322e-02,-1.563470490007e-02,-1.465743534137e-02
374.40000000,1.266761020103e+13,-3.519235775156e-03,-3.997177609263e-03,-2.725302097697e-02,-3.095421179536e-02,1.278044880296e-02,1.198158859795e-02
374.60000000,-5.955459361153e+12,5.903473241573e-03,6.705214587975e-03,-2.035254005307e-03,-2.311658718161e-03,2.607150603664e-02,2.444186931743e-02
374.80000000,1.463320614233e+13,2.504297475502e-02,2.844402147386e-02,-2.531267480321e-03,-2.875035019523e-03,4.966521359289e-02,4.656081848719e-02
375.00000000,1.135399836925e+13,-3.330275986395e-03,-3.782555491012e-03,-3.031599192824e-02,-3.443316011558e-02,1.856547570731e-02,1.740501413368e-02
375.20000000,5.392865962247e+12,-4.215037759531e-02,-4.787475358581e-02,-4.157282808562e-02,-4.721876985976e-02,-2.517140672126e-02,-2.359803199525e-02
375.40000000,2.420789959440e+13,-2.582838386363e-02,-2.933609574897e-02,-2.053117515741e-02,-2.331948244443e-02,-1.918647358658e-02,-1.798719565362e-02
375.60000000,-1.777658127683e+13,-7.304100142143e-03,-8.296058408503e-03,-1.157317837998e-02,-1.314491391697e-02,-6.716607528321e-03,-6.296776382346e-03
375.80000000,-2.527105223938e+13,1.508543660077e-02,1.713416584142e-02,1.698274673806e-02,1.928914742484e-02,3.490637488766e-02,3.272450207328e-02
376.00000000,-1.024447276341e+13,2.738845844535e-02,3.110804158756e-02,2.791747407419e-02,3.170890324469e-02,5.511883511048e-02,5.167355360316e-02
376.20000000,2.012639238518e+13,-2.199018099752e-04,-2.497663263350e-04,9.503167053072e-03,1.079377753887e-02,2.406475768943e-02,2.256055564163e-02
376.40000000,1.149023220100e+13,3.397235888379e-03,3.858609111182e-03,5.951630317566e-03,6.759912067486e-03,2.563229895728e-02,2.403011550383e-02
376.60000000,3.636274301601e+13,-2.069773419299e-03,-2.350866067649e-03,8.480387231142e-03,9.632095564059e-03,1.357179116282e-02,1.272346697344e-02
376.80000000,-1.976690942964e+13,-1.940297201684e-02,-2.203805890086e-02,1.511455678950e-02,1.716724147574e-02,1.574735035605e-03,1.476303973225e-03
377.00000000,-4.683104323637e+12,3.707412051216e-03,4.210909807195e-03,2.136337901000e-02,2.426470662093e-02,7.491034661585e-04,7.022796841639e-04
377.20000000,-3.988485837934e+12,4.172466229865e-02,4.739122256929e-02,4.505688082531e-02,5.117598643775e-02,2.322878624384e-02,2.177683778516e-02
377.40000000,1.344138675341e+13,2.682818344049e-02,3.047167652209e-02,4.567021219927e-02,5.187261340128e-02,2.312912072740e-02,2.168340200416e-02
377.60000000,-1.418375247872e+13,1.502670585752e-02,1.706745896898e-02,2.826505798207e-02,3.210369198794e-02,9.654159732002e-03,9.050712690230e-03
377.80000000,1.549630511445e+13,1.290357476751e-02,1.465598880992e-02,2.577709617063e-02,2.927784391350e-02,1.157430457340e-03,1.085083613604e-03
378.00000000,-3.333966791184e+12,8.949449061938e-03,1.016485955791e-02,3.446928073898e-02,3.915050068505e-02,7.435933080332e-03,6.971139463414e-03
378.20000000,-2.433126931023e+13,-3.185954439920e-02,-3.618633864000e-02,-7.880357695276e-02,-8.950576940771e-02,-4.030905152640e-02,-3.778947669280e-02
378.40000000,-1.337832551523e+13,-3.046098553093e-02,-3.459784370796e-02,7.435133599988e-02,8.444887646598e-02,-3.484636969622e-02,-3.266824759202e-02
378.60000000,-1.781706182389e+13,1.172160314547e-02,1.331349549481e-02,2.024058252195e-03,2.298942487057e-03,-3.053159838720e-02,-2.862317722588e-02
378.80000000,-8.480125132815e+12,2.478184264240e-02,2.814742542281e-02,-6.751695237847e-03,-7.668632572758e-03,-3.187964287738e-02,-2.988696026997e-02
379.00000000,7.459316270239e+12,2.829480342854e-03,3.213747584674e-03,-7.896250684862e-03,-8.968628332802e-03,-2.470546076407e-02,-2.316121065556e-02
379.20000000,1.904348687894e+13,4.651876224792e-03,5.283640163604e-03,1.532240719943e-02,1.740331972983e-02,-9.338087221055e-03,-8.754396742983e-03
379.40000000,-4.543376588108e+12,-5.652100257226e-02,-6.419703036945e-02,4.478040915095e-03,5.086196757097e-03,-1.054208079074e-01,-9.883132975098e-02
379.60000000,-3.697425983827e+12,-3.198849748379e-02,-3.633280463867e-02,-8.927090493736e-02,-1.013946490897e-01,-1.770982086413e-01,-1.660284321849e-01
379.80000000,1.048992065353e+13,-3.576163692986e-02,-4.061836817407e-02,-4.980260413535e-02,-5.656621912371e-02,-6.256388227262e-03,-5.865323745969e-03
380.00000000,-8.345024988226e+12,1.338269507973e-02,1.520017769253e-02,2.714822776793e-02,3.083518678195e-02,-1.589662516276e-02,-1.490298390397e-02
380.20000000,-1.345719000547e+12,1.627172783040e-02,1.848156540316e-02,6.612584284559e-03,7.510629175090e-03,4.183513522042e-03,3.922017034604e-03
380.40000000,2.130270865456e+13,2.928717315416e-02,3.326461773230e-02,1.609636133358e-03,1.828238338331e-03,4.158121385729e-02,3.898212070035e-02
380.60000000,-1.434967022422e+12,-1.540027805593e-03,-1.749176541571e-03,-3.448869297798e-03,-3.917254927033e-03,1.273730192603e-02,1.194113867819e-02
380.80000000,1.715293578723e+13,1.011449243286e-02,1.148812562293e-02,4.268284832402e-03,4.847954023767e-03,6.288699732653e-03,5.895615574570e-03
381.00000000,1.504897625414e+12,-2.477536045976e-02,-2.814006290522e-02,3.153742330049e-04,3.582047220195e-04,-1.820595911364e-02,-1.706796963815e-02
381.20000000,-3.022174619539e+13,-9.125152785296e-02,-1.036442532552e-01,-6.406018800716e-02,-7.276010350927e-02,-6.837110478208e-02,-6.409747123252e-02
381.40000000,1.395092867991e+13,-4.616883559435e-02,-5.243895199813e-02,-1.383872569787e-02,-1.571814172792e-02,-1.265784251786e-02,-1.186664599380e-02
381.60000000,1.407980922596e+13,-8.226945892828e-03,-9.344234378264e-03,6.887427048905e-03,7.822797912096e-03,3.880842111819e-02,3.638264533140e-02
381.80000000,-6.375549927784e+12,3.916800491113e-03,4.448734959321e-03,9.457614949578e-03,1.074203907433e-02,5.008570159145e-02,4.695502328288e-02
382.00000000,-8.980600898858e+12,-1.826396807631e-03,-2.074436863999e-03,7.716678114226e-04,8.764668287835e-04,3.218272505352e-02,3.017109786184e-02
382.20000000,-1.945901076117e+13,-4.289497731155e-03,-4.872047620963e-03,-1.443979836127e-02,-1.640084514428e-02,7.366802142367e-03,6.906329653457e-03
382.40000000,-1.509503815642e+13,-4.346615564057e-02,-4.936922536243e-02,-4.640209117759e-02,-5.270388773680e-02,-4.258429545843e-02,-3.992250325344e-02
382.60000000,1.143621790901e+13,-4.274329979002e-02,-4.854819960425e-02,-6.930392267615e-02,-7.871598171006e-02,-4.157674391003e-02,-3.897793015353e-02
382.80000000,-1.427164870540e+13,-6.973151562643e-02,-7.920164226836e-02,-7.566947064301e-02,-8.594602494550e-02,-7.079365363532e-02,-6.636859520990e-02
383.00000000,-8.653187267754e+12,-2.323517167098e-02,-2.639070351758e-02,-3.031223990596e-02,-3.442889853693e-02,3.741878270200e-04,3.507986824909e-04
383.20000000,1.679356451212e+13,-1.805343146333e-02,-2.050523938323e-02,1.404301286279e-03,1.595017281817e-03,1.978852220637e-02,1.855161236461e-02
383.40000000,1.136116903420e+13,-1.008798973029e-02,-1.145802363032e-02,1.413993990353e-02,1.606026337108e-02,1.811019503073e-02,1.697819142601e-02
383.60000000,1.368890122307e+13,-1.063094353316e-02,-1.207471512880e-02,1.199891732845e-02,1.362847181653e-02,1.067030548941e-02,1.000334280585e-02
383.80000000,1.768785817308e+13,-1.580207180232e-02,-1.794812613412e-02,-2.083324006071e-02,-2.366257031718e-02,-2.397595446941e-02,-2.247730319370e-02
384.00000000,-4.237721131522e+12,-5.298871830373e-02,-6.018503217160e-02,-5.578268585086e-02,-6.335844652969e-02,-6.545294199342e-02,-6.136171237658e-02
384.20000000,-1.062356370387e+13,-1.375685665417e-02,-1.562515355751e-02,-3.624096402154e-02,-4.116279354641e-02,-2.370149883182e-02,-2.222000279771e-02
384.40000000,-8.955867230660e+12,-2.109467002972e-03,-2.395950374022e-03,-4.110770492343e-02,-4.669047903704e-02,-1.490414913108e-02,-1.397254400407e-02
384.60000000,-1.822036992994e+13,-6.234798436192e-03,-7.081536532263e-03,-6.105409827906e-02,-6.934576136357e-02,-7.759033034888e-03,-7.274043593870e-03
384.80000000,-1.251815981008e+13,1.523780895284e-02,1.730723164118e-02,-1.613810205374e-02,-1.832979284641e-02,8.413655898111e-03,7.887748320119e-03
385.00000000,2.761479141757e+13,7.252924781717e-03,8.237933003470e-03,1.608692169983e-03,1.827166176744e-03,-1.261245021830e-02,-1.182409100475e-02
385.20000000,1.604655157538e+13,7.813523637110e-03,8.874665901100e-03,7.935524587324e-03,9.013235963490e-03,-1.406608421686e-02,-1.318686353421e-02
385.40000000,-7.395656533470e+12,-1.404679018185e-02,-1.595446249816e-02,-2.613764138881e-02,-2.968735422264e-02,-1.294977198379e-02,-1.214032799155e-02
385.60000000,-1.692839448382e+13,-3.432633715470e-02,-3.898814261079e-02,-6.241879790950e-02,-7.089579874963e-02,-6.702820810211e-02,-6.283851422741e-02
385.80000000,-1.520923718923e+13,-6.170375414239e-02,-7.008364321782e-02,-7.096935969256e-02,-8.060759916347e-02,-7.968209225391e-02,-7.470144927848e-02
386.00000000,1.384610513816e+12,-1.210418703935e-01,-1.374803750109e-01,-1.052002370996e-01,-1.194873193271e-01,-1.803367730874e-01,-1.690645655350e-01
386.20000000,7.841269454485e+12,-4.024718901282e-02,-4.571309597769e-02,-4.769249209621e-02,-5.416953601740e-02,-3.482779078865e-02,-3.265082998561e-02
386.40000000,-6.874104354621e+12,1.642400723715e-02,1.865452563485e-02,-1.780767455647e-02,-2.022610742015e-02,1.382942388514e-02,1.296499599452e-02
386.60000000,1.206525096175e+13,3.193297082443e-02,3.626973699170e-02,-1.852100407150e-02,-2.103631311833e-02,2.537579926261e-02,2.378964868890e-02
386.80000000,1.777143962278e+13,2.594612678623e-02,2.946982915131e-02,-1.974313633208e-02,-2.242442127955e-02,1.664745379961e-03,1.560688092458e-03
387.00000000,-1.118987477103e+13,-6.812882287738e-05,-7.738129035619e-05,-1.946997247221e-02,-2.211415945645e-02,-9.067822330488e-04,-8.501025145380e-04
387.20000000,-2.079917932944e+13,-8.147878492804e-03,-9.254428959931e-03,-3.512724966808e-02,-3.989782736135e-02,-2.679908368697e-02,-2.512396868763e-02
387.40000000,-1.512990736350e+13,-1.308980937364e-02,-1.486751564280e-02,-2.886251218996e-02,-3.278228553192e-02,-9.398990785861e-03,-8.811493443490e-03
387.60000000,-3.013811925523e+13,1.825632968856e-03,2.073569289492e-03,-4.137499812580e-02,-4.699407291768e-02,1.448852325906e-02,1.358289742076e-02
387.80000000,-1.022363530414e+13,1.675876883812e-03,1.903475067839e-03,-2.589803123714e-02,-2.941520298520e-02,2.609799006331e-02,2.446669792219e-02
388.00000000,-5.596896461889e+12,2.266238635129e-02,2.574012913126e-02,-1.093250720195e-02,-1.241723417266e-02,6.012905460466e-02,5.637060217245e-02
388.20000000,3.355414183026e+13,2.020945058246e-02,2.295406404254e-02,-2.163260785873e-02,-2.457049902508e-02,3.154181575886e-02,2.957024951797e-02
388.40000000,1.655243813266e+13,1.779615431425e-02,2.021302183221e-02,-2.048534605347e-02,-2.326742936045e-02,1.834185815057e-02,1.719537411169e-02
388.60000000,-1.988772485890e+13,-9.069958887989e-03,-1.030173563248e-02,-2.466812986372e-03,-2.801827059988e-03,-1.338372155555e-02,-1.254715292557e-02
388.80000000,2.730921438033e+13,-1.685450976963e-02,-1.914349403410e-02,-3.188996698257e-02,-3.622089429865e-02,4.416495182571e-03,4.140435843705e-03
389.00000000,-1.990278651107e+13,-1.713975013708e-02,-1.946747244386e-02,-3.261319566026e-02,-3.704234354953e-02,-2.251321890658e-02,-2.110599800626e-02
389.20000000,-5.457690023633e+10,-1.624527712908e-02,-1.845152247402e-02,-5.335293898828e-02,-6.059871948670e-02,-1.698949731598e-02,-1.592754452246e-02
389.40000000,-1.003775143669e+12,-2.689686152521e-02,-3.054968166867e-02,-2.996934129985e-02,-3.403943139908e-02,-3.222463024650e-02,-3.021038371089e-02
389.60000000,2.186567865150e+13,-6.373372009527e-03,-7.238929563011e-03,1.023831243831e-03,1.162876188701e-03,1.333808565163e-02,1.250436955900e-02
389.80000000,-1.191522630919e+12,1.140651901565e-02,1.295562028861e-02,1.747988134559e-02,1.985379711800e-02,1.558040431905e-02,1.460652889571e-02
390.00000000,1.610371955538e+12,1.313445907071e-02,1.491822914448e-02,2.716694539436e-02,3.085644642041e-02,1.851180789775e-02,1.735470090721e-02
390.20000000,-1.094619889440e+12,-4.995966901727e-03,-5.674461250131e-03,1.739650663140e-02,1.975909941224e-02,-4.849094348625e-03,-4.545994781062e-03
390.40000000,-6.853553358026e+12,1.044273853437e-02,1.186095030735e-02,9.678582329988e-03,1.099301569446e-02,1.604691170464e-02,1.504387657092e-02
390.60000000,1.782994140251e+10,4.015963923974e-02,4.561365620866e-02,4.026398470106e-02,4.573217447031e-02,2.121237447562e-02,1.988646471427e-02
390.80000000,-2.554060875728e+13,-1.576379600824e-02,-1.790465216509e-02,-8.558742679519e-03,-9.721092345239e-03,-2.160460040571e-03,-2.025417400243e-03
391.00000000,9.012753344350e+12,-3.359044479790e-02,-3.815230987910e-02,-7.362843240528e-02,-8.362779644721e-02,-2.964445125572e-02,-2.779148249285e-02
391.20000000,2.599700709489e+13,-4.417019887306e-02,-5.016888359072e-02,-3.534265725189e-02,-4.014248911746e-02,-1.835375694901e-04,-1.720652915870e-04
391.40000000,1.663434776619e+12,-2.816193812440e-02,-3.198656631619e-02,1.216418290850e-02,1.381618186055e-02,5.622550078316e-03,5.271104555748e-03
391.60000000,-1.127727243855e+13,1.185170063206e-02,1.346126131491e-02,2.690299426495e-02,3.055664849451e-02,1.419116968997e-02,1.330413036118e-02
391.80000000,-8.349968018120e+12,2.742062760826e-02,3.114457959351e-02,2.685986803643e-02,3.050766535929e-02,1.889617954444e-02,1.771504685517e-02
392.00000000,-8.155636044925e+12,8.804280372970e-03,9.999975739321e-03,1.337888065154e-02,1.519584583385e-02,3.950308654397e-03,3.703388970265e-03
392.20000000,-1.787526109060e+13,-8.562191104997e-03,-9.725008711475e-03,-5.448266694685e-02,-6.188187405992e-02,2.562063608605e-02,2.401918163702e-02
392.40000000,-2.345374213605e+13,-8.748216502183e-02,-9.936297923080e-02,-5.075615869307e-02,-5.764927445776e-02,-5.058069965785e-02,-4.741908078820e-02
392.60000000,-1.659547362112e+13,-6.257861292234e-03,-7.107731518239e-03,-9.131241796955e-03,-1.037134168636e-02,-2.415483882685e-02,-2.264500612890e-02
392.80000000,2.264591838073e+13,-4.564535300814e-02,-5.184437607139e-02,-2.013262154365e-03,-2.286680187802e-03,-3.340247323881e-03,-3.131460394481e-03
393.00000000,-1.642512841423e+13,-4.045085438639e-02,-4.594442082291e-02,-1.650717830937e-02,-1.874899278007e-02,-2.209137566345e-02,-2.071052267750e-02
393.20000000,-2.790844313891e+13,-1.975285761696e-02,-2.243546190990e-02,-2.044825267659e-02,-2.322529838917e-02,-3.265111574136e-02,-3.061021112080e-02
393.40000000,9.308347701880e+12,-5.788223615583e-03,-6.574313092901e-03,-2.925382052321e-02,-3.322673684742e-02,-2.937031043096e-02,-2.753447723186e-02
393.60000000,2.603660861943e+13,-8.192947678351e-03,-9.305618920151e-03,-1.014399251308e-02,-1.152163251794e-02,-1.133144075041e-02,-1.062315286315e-02
393.80000000,7.056928143592e+12,-1.733584619294e-03,-1.969019999434e-03,-8.941407806189e-03,-1.015572663359e-02,3.437832917441e-03,3.222946261147e-03
394.00000000,-3.372362362137e+13,2.094689684093e-03,2.379166170883e-03,-3.196674359914e-03,-3.630809782930e-03,2.019784415815e-02,1.893534906321e-02
394.20000000,1.477173679308e+13,-1.308394344271e-02,-1.486085306908e-02,-1.020577682185e-02,-1.159180765856e-02,5.942966191468e-03,5.571492602140e-03
394.40000000,-7.826090073168e+12,-3.405856914208e-02,-3.868400944868e-02,-1.974399065562e-02,-2.242539162746e-02,-2.513632027565e-02,-2.356513867803e-02
394.60000000,8.718225322473e+12,-1.922535013225e-02,-2.183631446957e-02,-3.167780624583e-02,-3.597992033890e-02,-2.234978915776e-02,-2.095278366729e-02
394.80000000,-3.109849008144e+12,-3.045872101664e-03,-3.459527165357e-03,-3.695041522755e-02,-4.196859422840e-02,-3.366193825873e-02,-3.155785073309e-02
395.00000000,3.241501611709e+13,1.324110885804e-02,1.503936287044e-02,-3.309051225966e-02,-3.758448378138e-02,-2.463053475278e-02,-2.309096800162e-02
395.20000000,1.589022194629e+12,1.554992372130e-02,1.766173422176e-02,-7.444811090061e-03,-8.455879421697e-03,-1.721550605232e-02,-1.613942625995e-02
395.40000000,-1.143968844121e+13,-1.041588020621e-02,-1.183044439220e-02,-1.103267594369e-02,-1.253100667699e-02,-2.580793263109e-02,-2.419477094403e-02
395.60000000,-1.849797141214e+13,-3.235004963702e-02,-3.674345861693e-02,5.202360242693e-03,5.908884777369e-03,-2.095156159043e-02,-1.964195431095e-02
395.80000000,4.749311981614e+11,-2.085051096050e-02,-2.368218581471e-02,-1.358442301477e-03,-1.542930258896e-03,-5.515227476577e-03,-5.170490306504e-03
396.00000000,-1.413335290376e+13,-1.486498481527e-02,-1.688377484824e-02,-2.006657131744e-02,-2.279178147229e-02,-2.061721662273e-02,-1.932850805296e-02
396.20000000,-5.648563181300e+12,8.446670024003e-03,9.593798895524e-03,-2.116380425896e-02,-2.403802793023e-02,-3.510204139466e-02,-3.290793816582e-02
396.40000000,1.235779393932e+13,1.455331561656e-02,1.652977834952e-02,-3.073726811794e-02,-3.491164917598e-02,-4.388266265769e-02,-4.113971415663e-02
396.60000000,-2.846063868126e+13,3.187634072259e-02,3.620541604546e-02,-2.245266467810e-02,-2.550192649849e-02,-4.368372262004e-03,-4.095320915016e-03
396.80000000,-7.092321101579e+12,-3.703519596685e-03,-4.206488724581e-03,-6.456106783075e-03,-7.332900705051e-03,-8.773044437717e-03,-8.224672765791e-03
397.00000000,3.721104261395e+13,-2.750653916207e-02,-3.124215865931e-02,2.177622963507e-02,2.473362585374e-02,3.473499278174e-02,3.256383245065e-02
397.20000000,1.215982277177e+13,-3.018582199258e-02,-3.428531064549e-02,2.952622159467e-02,3.353613228900e-02,8.222322584885e-02,7.708374568892e-02
397.40000000,6.807100383111e+12,-2.484886202959e-02,-2.822354660677e-02,2.196645052333e-02,2.494968034796e-02,1.963778158749e-02,1.841029400339e-02
397.60000000,4.720063066939e+12,-2.102020019356e-02,-2.387492027362e-02,-2.401629302641e-02,-2.727790880531e-02,1.299622350168e-02,1.218387599097e-02
397.80000000,1.356496486695e+12,1.254256173057e-02,1.424594716448e-02,8.617091795273e-04,9.787365764570e-04,3.664049099909e-02,3.435022478056e-02
398.00000000,2.173947667155e+13,2.501798912552e-02,2.841564258561e-02,-1.024600880717e-03,-1.163750348786e-03,2.776488295394e-02,2.602939929210e-02
398.20000000,1.721104425641e+13,3.130630388498e-02,3.555796340820e-02,4.077994767817e-03,4.631820958494e-03,2.889137572065e-02,2.708547901960e-02
398.40000000,2.501444278094e+13,-2.870989634523e-02,-3.260894187469e-02,-1.343888411879e-02,-1.526399827960e-02,7.761342167122e-03,7.276208390496e-03
398.60000000,-1.293600859827e+13,-4.828631356301e-02,-5.484400129439e-02,-5.324110130210e-02,-6.047169329655e-02,-1.117730220308e-02,-1.047864896585e-02
398.80000000,-1.717591726902e+13,-5.574731524705e-02,-6.331826979457e-02,-1.854359167425e-02,-2.106196830863e-02,-1.058723699662e-02,-9.925466627835e-03
399.00000000,-1.961363388202e+13,-1.197235249374e-02,-1.359829871475e-02,-4.754627908478e-03,-5.400346604200e-03,4.499168177606e-02,4.217941245114e-02
399.20000000,2.123973940727e+13,7.001769240318e-03,7.952668425970e-03,-3.223786255297e-02,-3.661603703082e-02,2.467876267143e-02,2.313618136534e-02
399.40000000,-1.154826143765e+13,6.245540000843e-03,7.093736891789e-03,-2.049682721150e-02,-2.328046975687e-02,1.461494547976e-02,1.370141744001e-02
399.60000000,3.489581355227e+12,1.991046124171e-02,2.261446943320e-02,-2.609489909393e-02,-2.963880716251e-02,-1.173590651570e-02,-1.100233691814e-02
399.80000000,-9.628940521168e+12,-1.923318027237e-03,-2.184520800861e-03,-4.682464769256e-02,-5.318383100147e-02,-5.534138565382e-03,-5.188219330695e-03
400.00000000,-2.842091609072e+13,-1.249625384756e-02,-1.419335028126e-02,-1.983926811409e-02,-2.253360857086e-02,1.012779307554e-02,9.494740905202e-03
400.20000000,-3.839931360565e+12,-2.576193019316e-02,-2.926061711081e-02,-6.060340905640e-02,-6.883386473149e-02,-1.559501546508e-02,-1.462022675120e-02
400.40000000,2.085363304698e+13,-1.107793252081e-02,-1.258240898257e-02,-3.793430467580e-02,-4.308610418774e-02,-2.283224355087e-02,-2.140508155953e-02
400.60000000,4.949574266465e+12,3.716833427011e-03,4.221610685107e-03,-3.315165547151e-02,-3.765393075869e-02,5.655573854773e-03,5.302064133894e-03
400.80000000,-8.148687702951e+12,5.722745769367e-02,6.499942804146e-02,-5.118456952316e-04,-5.813586710303e-04,-2.548224051530e-02,-2.388943667908e-02
401.00000000,1.550748984625e+13,1.612465210795e-02,1.831451555990e-02,-1.159205516830e-02,-1.316635433284e-02,-3.355485957133e-02,-3.145746515199e-02
401.20000000,-2.627419970157e+12,-7.400406029224e-04,-8.405443445500e-04,-1.604681466317e-02,-1.822610785587e-02,-1.648915698817e-02,-1.545847868140e-02
401.40000000,-2.997751205137e+12,-1.759275653554e-02,-1.998200092347e-02,-2.237314404396e-02,-2.541160628945e-02,2.286052934377e-03,2.143159930855e-03
401.60000000,2.353924872652e+13,-7.140649842980e-03,-8.110410183211e-03,3.647064951963e-03,4.142367227836e-03,-1.550052428893e-02,-1.453164188095e-02
401.80000000,1.358252972348e+13,-1.742188890089e-02,-1.978792802612e-02,-2.601209102376e-02,-2.954475305583e-02,-4.808089703501e-02,-4.507553189843e-02
402.00000000,-1.504889784683e+13,6.887327618030e-02,7.822684668301e-02,5.838242623891e-02,6.631125365712e-02,2.720089517315e-02,2.550066437301e-02
402.20000000,-1.961968029593e+13,3.738559806008e-02,4.246287689208e-02,2.984740796970e-02,3.390093849110e-02,5.677549215374e-03,5.322665893196e-03
402.40000000,1.106135608443e+13,2.557215225230e-02,2.904506572852e-02,-3.543711933522e-03,-4.024977995088e-03,-2.694748823208e-02,-2.526309699470e-02
402.60000000,5.305633806085e+12,1.141856268042e-02,1.296929958441e-02,-1.379951856598e-02,-1.567360993581e-02,-2.223148805367e-02,-2.084187714267e-02
402.80000000,1.498337350355e+13,1.521226751246e-02,1.727822145825e-02,-1.176617882304e-02,-1.336412545304e-02,-1.496860238840e-02,-1.403296851850e-02
403.00000000,-6.329515028829e+12,-1.952808395386e-02,-2.218016209179e-02,-2.200246946742e-02,-2.499059096939e-02,-4.501181266955e-02,-4.219828503439e-02
403.20000000,-2.972786666154e+12,-1.821057367340e-02,-2.068372282784e-02,-6.367665143082e-03,-7.232447942101e-03,-3.286596500539e-02,-3.081163092474e-02
403.40000000,7.185082238084e+12,1.484307892359e-02,1.685889395214e-02,5.506753320908e-02,6.254617010872e-02,3.610878028577e-03,3.385174940475e-03
403.60000000,-1.493289323860e+13,4.180433994919e-02,4.748172111529e-02,1.032730373005e-01,1.172983894905e-01,1.017928355980e-01,9.543012903212e-02
403.80000000,-1.561423601741e+13,8.105700086424e-02,9.206522371017e-02,2.857546747207e-02,3.245625771284e-02,7.341574292699e-02,6.882678706561e-02
404.00000000,-6.675744754197e+12,-7.014560523204e-03,-7.967196872715e-03,2.632869903295e-02,2.990435911128e-02,-1.000465162590e-02,-9.379296587740e-03
404.20000000,7.267318479804e+12,-6.011521584980e-03,-6.827936805688e-03,-2.553271243971e-02,-2.900027080436e-02,7.531816683214e-04,7.061029724764e-04
404.40000000,-2.531958143733e+13,1.692553769410e-02,1.922416814843e-02,-3.253016595891e-03,-3.694803771227e-03,2.270749536884e-02,2.128813094078e-02
404.60000000,-1.850093378499e+13,4.627589553240e-03,5.256055157672e-03,1.182466687903e-02,1.343055668186e-02,2.358064916024e-02,2.210670700745e-02
404.80000000,-1.584343521845e+13,-5.316936033224e-03,-6.039020690776e-03,1.525705919827e-02,1.732909691725e-02,2.325938582028e-02,2.180552469137e-02
405.00000000,1.807137760595e+13,-5.061445488830e-02,-5.748832380393e-02,-3.166130684674e-02,-3.596118018183e-02,-2.099557157981e-02,-1.968321339309e-02
405.20000000,1.653025401281e+13,-1.479607305059e-01,-1.680550428600e-01,-2.691670630713e-02,-3.057222274803e-02,-1.767168301438e-03,-1.656708922950e-03
405.40000000,2.203841227296e+13,-3.328246973391e-02,-3.780250920968e-02,-3.658264779675e-02,-4.155088086905e-02,-3.436104437163e-02,-3.221325821997e-02
405.60000000,-2.241832642752e+13,-1.753264798983e-02,-1.991372913142e-02,-3.093789166257e-02,-3.513951909531e-02,1.866732614840e-02,1.750049826749e-02
405.80000000,3.042794964649e+13,-6.724479923570e-03,-7.637720886502e-03,-1.647253641907e-02,-1.870964622798e-02,2.205289857602e-02,2.067445065537e-02
406.00000000,8.926274866981e+12,4.633684482084e-03,5.262977829144e-03,-1.078898102903e-02,-1.225421593118e-02,1.194720095573e-02,1.120042409743e-02
406.20000000,3.016388246775e+13,-2.328733161148e-02,-2.644994721695e-02,-1.043366385907e-02,-1.185064368344e-02,-3.369825026403e-02,-3.159189300464e-02
406.40000000,-1.009241675395e+13,-4.437409168533e-02,-5.040046676273e-02,-1.456110905306e-02,-1.653863085434e-02,-3.990365387598e-02,-3.740941900150e-02
406.60000000,-2.049044026063e+12,-4.683965066992e-02,-5.320086940614e-02,-2.834718522148e-02,-3.219697280128e-02,-1.720633078989e-02,-1.613082451041e-02
406.80000000,2.268764071424e+13,-6.776559249867e-02,-7.696873023580e-02,-5.146319429669e-02,-5.845233147811e-02,-7.845000455762e-03,-7.354637498327e-03
407.00000000,2.595930673148e+13,-8.773911682129e-04,-9.965482724694e-04,-2.697069814508e-02,-3.063354713436e-02,3.297622172425e-03,3.091499588993e-03
407.20000000,4.386180817250e+12,-2.676673656412e-02,-3.040188464281e-02,-4.863232168938e-02,-5.523700242059e-02,-3.311078303599e-02,-3.104114625469e-02
407.40000000,3.019346872674e+13,-3.048899641333e-02,-3.462965870391e-02,-4.221465951305e-02,-4.794776742514e-02,-1.968150028617e-02,-1.845128000237e-02
407.60000000,2.149776916328e+13,-4.914975388278e-02,-5.582470407580e-02,-4.277111847086e-02,-4.857979821725e-02,-2.552831718184e-02,-2.393263325776e-02
407.80000000,4.513721719434e+12,-6.443700481800e-03,-7.318809233663e-03,-7.143437273204e-03,-8.113576490786e-03,1.182098659083e-02,1.108209894166e-02
408.00000000,2.363776271095e+12,8.789984299304e-03,9.983738138544e-03,-1.187244708987e-02,-1.348482584957e-02,2.871339198619e-02,2.691862041266e-02
408.20000000,-2.545338510101e+13,-4.329317831116e-03,-4.917275625601e-03,-1.381922870509e-02,-1.569599687857e-02,4.327050680530e-02,4.056582198006e-02
408.40000000,-8.126773431793e+12,-3.182304443328e-02,-3.614488167154e-02,-5.293992639804e-02,-6.012961629247e-02,-2.357713933135e-02,-2.210341656542e-02
408.60000000,1.045347851871e+13,-2.637516082843e-02,-2.995712962694e-02,-4.422201787654e-02,-5.022774203732e-02,-5.385562532437e-02,-5.048930254881e-02
408.80000000,3.114823254550e+12,-6.441872754167e-02,-7.316733285236e-02,-5.060476043814e-02,-5.747731503893e-02,-5.902543399814e-02,-5.533596494809e-02
409.00000000,1.754002246408e+13,-2.488014092834e-02,-2.825907344321e-02,-7.436128573009e-03,-8.446017745371e-03,1.553959000195e-03,1.456826573580e-03
409.20000000,3.394382518964e+13,-4.375015443626e-03,-4.969179358454e-03,-3.771994853641e-03,-4.284263667111e-03,1.375626859624e-02,1.289641338143e-02
409.40000000,-9.913398302508e+12,2.001722353265e-02,2.273573094169e-02,-4.864085794353e-04,-5.524669797023e-04,3.070604754863e-02,2.878672219333e-02
409.60000000,-2.433266586852e+13,1.400261174537e-02,1.590428425822e-02,1.719903786634e-02,1.953481271823e-02,4.093366457807e-02,3.837504741363e-02
409.80000000,1.015893081369e+13,7.346764640803e-03,8.344517105122e-03,1.135086492229e-02,1.289240841087e-02,2.286864800964e-02,2.143921050562e-02
410.00000000,4.972014142687e+12,-2.099190610135e-02,-2.384278360558e-02,1.612131084542e-02,1.831072124994e-02,-2.800503986823e-02,-2.625454485548e-02
410.20000000,1.653001635974e+13,-8.832029405292e-05,-1.003149332370e-04,4.155635493261e-02,4.720005951320e-02,-6.778532908320e-03,-6.354831028028e-03
410.40000000,-5.241008711947e+12,7.879084300631e-03,8.949130254447e-03,4.541635288749e-02,5.158427784723e-02,3.873213031264e-02,3.631112319162e-02
410.60000000,-1.917267294395e+13,3.288920222822e-02,3.735583266720e-02,1.966359488774e-02,2.233407743413e-02,1.196779736245e-02,1.121973309633e-02
410.80000000,7.158313498024e+11,3.715077011630e-02,4.219615733736e-02,2.495759933892e-02,2.834705247883e-02,4.898798756267e-02,4.592592343719e-02
411.00000000,1.305126801737e+13,5.239893187003e-03,5.951514777691e-03,-1.357454014496e-02,-1.541807754182e-02,2.372224664153e-02,2.223945373594e-02
411.20000000,3.132545498091e+13,-2.194928828461e-02,-2.493018634609e-02,2.456930919934e-03,2.790602925324e-03,-1.714903827927e-03,-1.607711314998e-03
411.40000000,-1.225845779690e+13,-2.532952904171e-02,-2.876949224416e-02,-2.649212383987e-02,-3.008997838960e-02,3.089399271671e-03,2.896291958027e-03
411.60000000,2.052586547447e+13,-2.808490273971e-02,-3.189906887796e-02,3.882043277458e-02,4.409257597929e-02,-1.844913552655e-02,-1.729594596207e-02
411.80000000,2.701677304254e+13,-3.351937115882e-02,-3.807158384172e-02,-1.774351799381e-02,-2.015323785350e-02,-4.847186184434e-02,-4.544205889399e-02
412.00000000,1.106638589327e+12,-6.631850980190e-03,-7.532512153099e-03,-4.221091546398e-03,-4.794351490252e-03,3.410714217961e-03,3.197522654709e-03
412.20000000,-1.243413431118e+13,8.094057715413e-03,9.193298868047e-03,-1.175672941211e-02,-1.335339273216e-02,-4.472937746345e-03,-4.193350384421e-03
412.40000000,4.178061082020e+12,7.169241980565e-03,8.142885373696e-03,-1.307201158875e-02,-1.484730135611e-02,6.305761808116e-03,5.911611160638e-03
412.60000000,4.784776139899e+12,-2.421114883995e-03,-2.749922659936e-03,-1.389410969144e-02,-1.578104733638e-02,9.191534956810e-03,8.617004937315e-03
412.80000000,-6.310749864764e+12,1.511629833385e-02,1.716921885756e-02,-3.414786998388e-04,-3.878543963011e-04,1.866697608429e-02,1.750017008464e-02
413.00000000,9.778538137916e+12,3.538481512860e-02,4.019037080108e-02,3.511678692943e-03,3.988594369428e-03,4.269728968260e-02,4.002843461226e-02
413.20000000,1.784320547371e+13,1.828753562563e-02,2.077113686085e-02,2.354564774455e-02,2.674334591235e-02,-1.953070825371e-02,-1.830991344125e-02
413.40000000,-2.436930011739e+13,-1.421992429222e-03,-1.615110967771e-03,-1.554504333105e-02,-1.765619173171e-02,-2.763695156667e-02,-2.590946443889e-02
413.60000000,3.962019734178e+13,-4.762677625224e-03,-5.409489326653e-03,-1.813923889684e-02,-2.060270100309e-02,-4.151267692737e-02,-3.891786776911e-02
413.80000000,4.598434595911e+13,2.399170575201e-02,2.724998129337e-02,-1.249576356907e-02,-1.419279398011e-02,-1.094722500708e-02,-1.026295307358e-02
414.00000000,1.412709543616e+13,1.706684136797e-02,1.938466205034e-02,-1.754859845330e-02,-1.993184659030e-02,2.604141053232e-02,2.441365497560e-02
414.20000000,-1.000440704328e+13,1.245943546809e-02,1.415153165601e-02,-7.463713392132e-03,-8.477348816309e-03,2.629104586231e-02,2.464768649276e-02
414.40000000,-1.964650681818e+13,7.827113300117e-03,8.890101154706e-03,1.693783960680e-02,1.923814152523e-02,-3.460247193805e-03,-3.243959501155e-03
414.60000000,2.090935535180e+12,-2.294098194614e-02,-2.605656035238e-02,-2.270691125422e-02,-2.579070191065e-02,-2.461241465770e-02,-2.307398052896e-02
414.80000000,2.133117468964e+12,-2.530683024845e-02,-2.874371076375e-02,-5.513700414091e-02,-6.262507578085e-02,-8.745723200886e-02,-8.199059281887e-02
415.00000000,1.974344845633e+13,-7.894988034300e-03,-8.967193848983e-03,-3.658304618552e-02,-4.155133336239e-02,-3.676927339046e-02,-3.447095744464e-02
415.20000000,1.880133626714e+13,1.360086711332e-03,1.544797932430e-03,-1.910441179843e-02,-2.169895255041e-02,-4.299937814338e-02,-4.031164060237e-02
415.40000000,-1.863961814261e+13,6.074063640675e-03,6.898972598865e-03,-4.913083977268e-03,-5.580322347724e-03,-5.797717177255e-02,-5.435322584999e-02
415.60000000,2.341276829782e+13,-1.012922435931e-02,-1.150485826896e-02,-3.939121942124e-03,-4.474088028160e-03,-3.769977656531e-02,-3.534329818963e-02
415.80000000,3.118885658210e+13,-2.709073202623e-02,-3.076988141523e-02,-1.087095795233e-02,-1.234732601421e-02,-2.230453460736e-02,-2.091035781719e-02
416.00000000,1.709933121362e+13,-8.606507483326e-03,-9.775343626921e-03,-1.841872468571e-02,-2.092014332664e-02,-8.708768268955e-03,-8.164414270754e-03
416.20000000,2.045679847601e+12,-2.823130120025e-02,-3.206534948145e-02,-3.518066583410e-02,-3.995849789463e-02,-3.201043841611e-02,-3.000958024675e-02
416.40000000,9.055559409170e+12,-1.002987198090e-01,-1.139201300147e-01,-7.779254600834e-02,-8.835743190738e-02,-8.231737027824e-02,-7.717200548629e-02
416.60000000,7.214470250836e+12,-8.114245710279e-02,-9.216228562506e-02,-3.644100838965e-02,-4.139000563215e-02,-1.277912632758e-01,-1.198034878579e-01
416.80000000,2.954344726400e+13,-3.686459685488e-02,-4.187111933877e-02,-2.441723462576e-02,-2.773330166596e-02,-6.507694425834e-02,-6.100921691693e-02
417.00000000,9.828322798430e+12,-1.448196047885e-02,-1.644873258363e-02,7.776634845299e-04,8.832767650242e-04,-1.498522578781e-02,-1.404855284859e-02
417.20000000,-1.402758152768e+13,6.527373333630e-03,7.413845562913e-03,-3.664688669644e-03,-4.162384395480e-03,3.940625554106e-02,3.694311125987e-02
417.40000000,1.447895667574e+13,3.021251601391e-02,3.431562993956e-02,1.459288946516e-02,1.657472731528e-02,4.682899481243e-02,4.390188161219e-02
417.60000000,2.354432124420e+13,-6.594718379753e-03,-7.490336633037e-03,4.846591941211e-04,5.504800130630e-04,1.451482483742e-02,1.360755498141e-02
417.80000000,1.012417686881e+13,6.402343170235e-03,7.271835251149e-03,-1.427497078813e-02,-1.621363259221e-02,3.854804030042e-02,3.613853998852e-02
418.00000000,-3.047676308357e+13,-2.011217929327e-02,-2.284358249370e-02,4.704062220436e-02,5.342913667920e-02,9.273141025098e-02,8.693510101758e-02
418.20000000,3.274717448526e+13,-2.681548425800e-02,-3.045725268375e-02,-1.072309181379e-04,-1.217937840302e-04,2.094280074189e-02,1.963374107177e-02
418.40000000,-2.053060637675e+13,5.915745244373e-04,6.719153232034e-04,3.065811816498e-02,3.482174998978e-02,6.214292005544e-02,5.825858808709e-02
418.60000000,3.723403227778e+12,-3.391550317012e-03,-3.852151391376e-03,1.522420915673e-02,1.729178556215e-02,3.905878357085e-02,3.661735852141e-02
418.80000000,3.175850354263e+13,-7.232230295644e-03,-8.214428032034e-03,1.018878137506e-02,1.157250408631e-02,-1.101523264382e-02,-1.032670979586e-02
419.00000000,3.443590203119e+13,2.156175000751e-02,2.449001710968e-02,1.240237569576e-02,1.408672324351e-02,-9.154815460425e-03,-8.582580645493e-03
419.20000000,-9.849281801627e+12,8.908772358436e-03,1.011865861576e-02,1.277048753067e-02,1.450482777996e-02,-8.896485966712e-03,-8.340398405721e-03
419.40000000,-6.773049279684e+12,9.505007084393e-03,1.079586703506e-02,-1.498584805800e-02,-1.702105300959e-02,6.879195164515e-03,6.449201246139e-03
419.60000000,2.420757868329e+13,3.326606322318e-02,3.778387455672e-02,3.534705146789e-02,4.014748010518e-02,3.976131109168e-02,3.727597355622e-02
419.80000000,-1.592756929568e+13,-1.809678191746e-02,-2.055447719383e-02,2.039275917157e-02,2.316226839668e-02,-1.222913726092e-02,-1.146473757121e-02
420.00000000,1.934465711530e+12,-9.108660335430e-03,-1.034569306217e-02,9.653458116127e-03,1.096447939980e-02,-4.262222226960e-03,-3.995805939511e-03
420.20000000,4.982006689537e+12,6.320870219356e-03,7.179297587912e-03,1.800586187958e-02,2.045121025847e-02,-1.428927177536e-03,-1.339610043562e-03
420.40000000,1.881702873370e+13,4.910038751993e-03,5.576863334543e-03,6.797748269100e-03,7.720939995281e-03,9.319605822486e-03,8.737070550626e-03
420.60000000,1.153929129712e+13,-1.268122006234e-02,-1.440343646457e-02,-5.775807872742e-03,-6.560211447137e-03,-2.389439790398e-04,-2.240084443784e-04
420.80000000,-1.485552998083e+12,-2.511500162405e-02,-2.852583019784e-02,1.471258192394e-02,1.671067502261e-02,2.122329039039e-02,1.989669831420e-02
421.00000000,1.486241126604e+13,-5.994456759314e-02,-6.808554433090e-02,-2.979683807777e-02,-3.384350078000e-02,-4.515890015079e-02,-4.233617860255e-02
421.20000000,1.298201263546e+13,-8.082633196922e-02,-9.180322803802e-02,-7.013757587155e-02,-7.966285206238e-02,-6.260142237525e-02,-5.868843106459e-02
421.40000000,3.112881453323e+12,-2.855458160090e-02,-3.243253408105e-02,-1.206459654936e-02,-1.370307083131e-02,-3.146524298435e-02,-2.949846303408e-02
421.60000000,2.227370639370e+12,-7.101030947108e-03,-8.065410707870e-03,-6.023804440205e-03,-6.841888046596e-03,2.043490189059e-03,1.915758916354e-03
421.80000000,3.927305746318e+13,-2.223980291052e-02,-2.526015530301e-02,-1.663851482562e-03,-1.889816590637e-03,-3.113029857174e-03,-2.918445480034e-03
422.00000000,-1.381254454265e+13,-1.947596867762e-02,-2.212096912247e-02,5.925575963364e-03,6.730319311555e-03,4.146635601925e-03,3.887444221551e-03
422.20000000,2.035125185211e+13,-1.117794184753e-02,-1.269600041748e-02,1.019206953278e-02,1.157623880367e-02,-1.442397498052e-02,-1.352238382456e-02
422.40000000,-1.168452195511e+13,1.029635978999e-02,1.169469209765e-02,3.854906705972e-02,4.378435650450e-02,2.229452173576e-02,2.090097081444e-02
422.60000000,-2.266310530270e+13,-4.790104329243e-02,-5.440640807886e-02,1.394142057372e-03,1.583478343674e-03,-1.349336133760e-02,-1.264993951646e-02
422.80000000,1.008217147602e+13,-6.232303628257e-02,-7.078702908416e-02,-3.000003803277e-02,-3.407429700803e-02,-4.346103895443e-02,-4.074444464509e-02
423.00000000,2.359595400173e+13,-7.028574776444e-02,-7.983114379481e-02,-5.298540489713e-02,-6.018127115650e-02,1.837759635074e-03,1.722887844462e-03
423.20000000,-9.848575299101e+11,-3.246072830083e-02,-3.686916837469e-02,-3.611854271650e-02,-4.102374639242e-02,5.637537866281e-04,5.285155510623e-04
423.40000000,-2.749843436505e+12,-7.133523481691e-03,-8.102316002087e-03,-1.434221654865e-03,-1.629001089593e-03,-2.721868612356e-02,-2.551734327466e-02
423.60000000,3.486749706079e+12,2.353221472446e-03,2.672808751748e-03,-1.915376289827e-03,-2.175500594713e-03,-1.612801231436e-02,-1.511990787120e-02
423.80000000,2.627528222175e+13,1.446600143077e-02,1.643060616252e-02,9.461880141285e-03,1.074688351516e-02,-1.659231955108e-02,-1.555519292099e-02
424.00000000,-1.155634721306e+13,-2.185814983375e-03,-2.482667052664e-03,-9.567806679525e-03,-1.086719577347e-02,-9.364943160264e-03,-8.779574013357e-03
424.20000000,2.058214433935e+12,-1.793945853015e-02,-2.037578796659e-02,4.361855497859e-02,4.954232377233e-02,9.033083306964e-03,8.468457534138e-03
424.40000000,1.800208642923e+13,4.804422418467e-02,5.456903414118e-02,1.978618518267e-02,2.247331652826e-02,3.021838556374e-02,2.832954221726e-02
424.60000000,7.819521686263e+12,1.076554165590e-02,1.222759280930e-02,-5.377409015657e-03,-6.107706654671e-03,5.631907834471e-02,5.279877391989e-02
424.80000000,-1.200132407463e+13,1.942372493129e-02,2.206163023573e-02,9.944295397447e-03,1.129481484450e-02,2.269028358994e-02,2.127199500871e-02
425.00000000,-1.069707194802e+13,1.251663131013e-03,1.421649517473e-03,1.126127832179e-02,1.279065519209e-02,5.028214889813e-03,4.713919137010e-03
425.20000000,2.416027536773e+12,-7.072118923697e-03,-8.032572188373e-03,6.875689789853e-03,7.809466633964e-03,2.821267372323e-02,2.644920025984e-02
425.40000000,-5.155172199855e+12,4.390255424335e-02,4.986489056796e-02,3.101036363246e-02,3.522183337185e-02,7.278874366082e-02,6.823897928403e-02
425.60000000,-9.559669433046e+12,3.072958937700e-02,3.490292621674e-02,1.765878836928e-02,2.005700122912e-02,4.673718918922e-02,4.381581443057e-02
425.80000000,1.879649779027e+13,-1.059745636463e-02,-1.203668012098e-02,1.795353082592e-02,2.039177220499e-02,9.111170083151e-03,8.541663384859e-03
426.00000000,1.086123303699e+13,-4.737497924337e-03,-5.380890010488e-03,4.733044193136e-03,5.375831637711e-03,-3.257800759322e-03,-3.054167270187e-03
426.20000000,8.204099379843e+12,2.689280122075e-03,3.054506994070e-03,-2.359773926245e-03,-2.680251189910e-03,6.935012039043e-03,6.501529207208e-03
426.40000000,-2.542964715240e+12,2.019542163030e-02,2.293812984062e-02,2.282008978062e-02,2.591925103846e-02,2.088133092574e-02,1.957611351426e-02
426.60000000,2.162228819094e+13,3.539382208976e-02,4.020060098337e-02,3.223705800636e-02,3.661512321997e-02,4.987977746457e-02,4.676197073764e-02
426.80000000,1.255607046422e+12,4.890310059815e-02,5.554455319943e-02,4.203712852050e-02,4.774612622184e-02,6.549066758027e-02,6.139707987175e-02
427.00000000,-2.601761981362e+13,4.327106522098e-02,4.914764002210e-02,3.228465710819e-02,3.666918668254e-02,5.333267956163e-02,4.999904425782e-02
427.20000000,1.392987552299e+13,-6.054127425288e-03,-6.876328877656e-03,-8.230317171217e-03,-9.348063874319e-03,4.895528619421e-03,4.589526611447e-03
427.40000000,-2.384875776409e+12,-2.122314374031e-02,-2.410542526188e-02,-5.065715482396e-04,-5.753682502558e-04,4.641676811301e-04,4.351542173138e-04
427.60000000,-4.427588789640e+12,-1.957831495844e-02,-2.223721488950e-02,-2.504028718296e-02,-2.844097003165e-02,-3.297467412213e-03,-3.091354502288e-03
427.80000000,2.094061822219e+13,-4.872497746883e-03,-5.534223945016e-03,-3.572061894035e-02,-4.057178120090e-02,-2.432805388895e-02,-2.280739413617e-02
428.00000000,2.683770848402e+13,6.217714367690e-03,7.062132303489e-03,-2.864748409414e-02,-3.253805480148e-02,5.067581011095e-03,4.750824622660e-03
428.20000000,6.032781787604e+12,3.036017162429e-02,3.448333842441e-02,-1.489804259097e-02,-1.692132281727e-02,1.617230498893e-03,1.516143196890e-03
428.40000000,9.012204824249e+12,2.888282338503e-02,3.280535386176e-02,-2.862621917915e-02,-3.251390193111e-02,-1.373920675738e-02,-1.288041801717e-02
428.60000000,3.174775570465e+12,6.502333387749e-03,7.385404981661e-03,-3.986071763683e-02,-4.527414032699e-02,-2.357163376013e-02,-2.209825512780e-02
428.80000000,1.969282728020e+13,-5.820389637998e-03,-6.610847531850e-03,-7.842947626806e-02,-8.908086268501e-02,-2.845559243660e-02,-2.667693499210e-02
429.00000000,-5.763004014712e+12,-3.008837932236e-02,-3.417463444063e-02,-7.721017921597e-02,-8.769597477758e-02,-3.659532625231e-02,-3.430788312078e-02
429.20000000,9.488717501685e+11,-6.941978245627e-02,-7.884757311033e-02,-9.860975780078e-02,-1.120017971818e-01,-6.002454062141e-02,-5.627262098498e-02
429.40000000,-2.480055576616e+12,-6.429496886396e-02,-7.302676670474e-02,2.917964333280e-02,3.314248576699e-02,-8.071979434107e-02,-7.567428831467e-02
429.60000000,1.502016428744e+13,-1.430356388663e-02,-1.624610823291e-02,-1.942644206158e-02,-2.206471724777e-02,-4.565428145840e-03,-4.280059539403e-03
429.80000000,4.018488376451e+13,-7.070313517397e-03,-8.030521592704e-03,-1.513060849931e-02,-1.718547314356e-02,-8.573468704971e-03,-8.037571799247e-03
430.00000000,1.688486681583e+13,-7.695455457918e-03,-8.740563069578e-03,-3.263993275087e-02,-3.707271176325e-02,-1.686907708436e-02,-1.581465132940e-02
430.20000000,2.112611921712e+12,-2.018446192532e-02,-2.292568171546e-02,-4.473291646274e-02,-5.080802497390e-02,-4.126494820956e-02,-3.868562368860e-02
430.40000000,-6.804935208645e+12,-1.382968658608e-02,-1.570787440707e-02,-3.712671888334e-02,-4.216884141222e-02,-4.511923220939e-02,-4.229899016248e-02
430.60000000,2.274944883822e+13,-3.788203126909e-02,-4.302672990857e-02,-5.315612202301e-02,-6.037517311240e-02,-6.290343217670e-02,-5.897156331207e-02
430.80000000,-1.546477310012e+12,1.040777005246e-02,1.182123281132e-02,1.848541536044e-02,2.099589115922e-02,2.088511249909e-02,1.957965871496e-02
431.00000000,-3.635869071281e+13,-2.382469226835e-02,-2.706028597314e-02,4.065618351917e-02,4.617763720606e-02,-3.731689108807e-02,-3.498434551597e-02
431.20000000,1.166973889342e+13,-2.570449134516e-02,-2.919537758388e-02,-1.023703290988e-02,-1.162730858778e-02,5.957802005663e-03,5.585401082581e-03
431.40000000,-1.298262551852e+13,-1.351785404027e-02,-1.535369237733e-02,-7.473833381158e-03,-8.488843185463e-03,-9.726155251699e-03,-9.118208027147e-03
431.60000000,-1.722479991363e+13,1.475855374720e-02,1.676288954547e-02,1.033005103939e-02,1.173295936625e-02,2.199598775352e-03,2.062109712511e-03
431.80000000,5.382442680935e+11,-7.767716555124e-03,-8.822637831893e-03,1.137525432351e-02,1.292011009913e-02,1.008941732483e-02,9.458763885599e-03
432.00000000,8.144386078751e+12,-1.529600515619e-02,-1.737333137868e-02,1.545197377746e-02,1.755048254534e-02,-1.872566281068e-03,-1.755518851338e-03
432.20000000,-2.140793871714e+13,-2.761369980371e-02,-3.136387261788e-02,4.248435490921e-03,4.825408973782e-03,-1.473349903066e-02,-1.381256063190e-02
432.40000000,2.314088838562e+13,7.336413141995e-03,8.332759785663e-03,2.739180491358e-02,3.111184376473e-02,-7.969920717949e-04,-7.471749441116e-04
432.60000000,-2.048085000719e+13,-2.507971344379e-03,-2.848574958573e-03,3.145137738549e-02,3.572274052368e-02,8.161510100889e-02,7.651363256058e-02
432.80000000,5.714952819922e+12,1.621082048222e-02,1.841238632454e-02,2.299311020280e-02,2.611576909779e-02,5.436473177954e-02,5.096658657790e-02
433.00000000,2.459253890635e+13,-1.669447894376e-02,-1.896172967535e-02,6.942561923258e-03,7.885420568845e-03,1.568641804997e-02,1.470591608698e-02
433.20000000,2.281920510290e+13,1.732068550530e-02,1.967298035774e-02,2.642506326563e-02,3.001381042202e-02,2.211208503333e-02,2.072993757863e-02
433.40000000,1.337856906399e+13,8.387589706966e-03,9.526694974247e-03,4.222224109946e-02,4.795637865512e-02,3.647244618388e-02,3.419268384652e-02
433.60000000,7.221466373744e+12,4.783048341835e-02,5.432626558009e-02,4.816544386870e-02,5.470671864192e-02,3.930094184963e-02,3.684438035112e-02
433.80000000,1.834007011633e+13,6.205016449702e-02,7.047709901381e-02,6.606105282861e-02,7.503270270146e-02,4.047704960715e-02,3.794697381359e-02
434.00000000,1.985544895997e+13,5.775368164574e-02,6.559711763462e-02,8.482924151740e-02,9.634977019938e-02,6.698821301210e-02,6.280101908762e-02
434.20000000,4.221246288896e+13,1.610721378116e-02,1.829470896159e-02,2.014948079821e-02,2.288595076199e-02,5.120490553828e-02,4.800426978861e-02
434.40000000,-2.608630476473e+13,-7.660472846519e-03,-8.700829525159e-03,2.328685857767e-03,2.644941098717e-03,1.542743240528e-02,1.446311870989e-02
434.60000000,1.324977884283e+13,-1.460736062280e-02,-1.659116312242e-02,1.219325689162e-03,1.384920433656e-03,1.488929970388e-02,1.395862276153e-02
434.80000000,-2.869484886571e+12,1.330889688423e-03,1.511635708104e-03,1.796047510776e-02,2.039965957905e-02,-1.410036136184e-03,-1.321899813728e-03
435.00000000,1.056784645845e+13,2.110336237916e-02,2.396937658387e-02,2.350578128583e-02,2.669806525126e-02,1.749823433103e-02,1.640448220382e-02
435.20000000,-7.388479180148e+12,3.697255491167e-02,4.199373900818e-02,1.279522454356e-02,1.453292428848e-02,4.237646819144e-02,3.972766652659e-02
435.40000000,1.108394328255e+13,2.234004636613e-02,2.537401266349e-02,6.898991630538e-03,7.835933061755e-03,1.973252205544e-02,1.849911258309e-02
435.60000000,7.599464466476e+12,2.098686220957e-02,2.383705471085e-02,-5.555182283389e-03,-6.309623036183e-03,9.063723821521e-03,8.497182819573e-03
435.80000000,1.242612652043e+13,-5.759096305857e-02,-6.541230049396e-02,-1.028166603269e-01,-1.167800326628e-01,-8.214743170288e-02,-7.701268916429e-02
436.00000000,-2.279636972703e+13,-5.100411790875e-02,-5.793090634174e-02,-8.188963372024e-02,-9.301093879329e-02,-6.493099989405e-02,-6.087239501356e-02
436.20000000,3.315444867108e+13,-3.995341440973e-02,-4.537942431126e-02,-7.736197698917e-02,-8.786838797264e-02,-4.722731850347e-02,-4.427530751206e-02
436.40000000,9.350415881080e+12,-1.681118256113e-02,-1.909428262606e-02,-3.653651708581e-02,-4.149848521728e-02,-3.968810067981e-02,-3.720733926570e-02
436.60000000,-2.279360628220e+13,5.139926335826e-04,5.837971586865e-04,-5.371924278463e-03,-6.101477043763e-03,-1.329567246594e-02,-1.246460747006e-02
436.80000000,3.938622517487e+12,-4.034475184803e-03,-4.582390866694e-03,-1.084690334178e-02,-1.232000458404e-02,3.121514083622e-02,2.926399387791e-02
437.00000000,3.386807868655e+12,-2.029996626550e-02,-2.305687251706e-02,-3.660847161858e-02,-4.158021178437e-02,-2.095649791568e-02,-1.964658208414e-02
437.20000000,-4.442842329453e+12,-5.147238755376e-02,-5.846277094523e-02,-4.339981868414e-02,-4.929388123851e-02,-1.764715155538e-02,-1.654409114439e-02
437.40000000,1.116743401803e+13,-2.652482376929e-02,-3.012711805464e-02,-5.808441232092e-02,-6.597276692777e-02,-8.092683778723e-02,-7.586839021454e-02
437.60000000,1.971532174981e+13,-1.722688802007e-02,-1.956644438466e-02,-2.306120914058e-02,-2.619311644746e-02,-3.278514502357e-02,-3.073586271131e-02
437.80000000,-1.170469270078e+13,-1.667766704204e-03,-1.894263457589e-03,-3.891141343148e-03,-4.419591257911e-03,-5.543058560262e-04,-5.196581768553e-04
438.00000000,6.773364310489e+12,-3.558710488385e-02,-4.042013320745e-02,1.112293462164e-03,1.263352324704e-03,-2.446578663759e-02,-2.293651770265e-02
438.20000000,-4.228605985113e+12,-1.112338362078e-02,-1.263403272441e-02,-8.900053877972e-03,-1.010875649205e-02,-1.779696479421e-02,-1.668454009276e-02
438.40000000,3.896506215286e+13,-1.335317887770e-02,-1.516665294188e-02,1.891891163897e-02,2.148825989990e-02,7.901185344819e-02,7.407310470653e-02
438.60000000,7.667729281444e+12,2.003744612083e-02,2.275869992753e-02,4.118687140887e-02,4.678039700098e-02,7.903412356184e-02,7.409398279491e-02
438.80000000,1.051031734694e+13,2.352231501572e-02,2.671684334497e-02,5.929429328338e-02,6.734695996093e-02,5.205761718716e-02,4.880368147806e-02
439.00000000,3.314962759621e+13,5.219567449945e-02,5.928428634491e-02,6.768530834605e-02,7.687754585992e-02,4.622674209518e-02,4.333727356115e-02
439.20000000,6.170701064102e+12,8.358060987776e-03,9.493156006496e-03,5.352677268417e-02,6.079616126918e-02,-5.223940794387e-03,-4.897410914389e-03
439.40000000,2.365602493805e+13,-4.308770155733e-02,-4.893937402984e-02,2.838408599493e-02,3.223888501196e-02,-3.088750511574e-03,-2.895683749606e-03
439.60000000,-1.240729306385e+13,-6.489013695802e-02,-7.370276363456e-02,2.704612965923e-02,3.071922288631e-02,-2.802308917791e-02,-2.627146596728e-02
439.80000000,-2.423642689232e+12,-2.727509435443e-02,-3.097928169909e-02,1.849462084301e-02,2.100634682421e-02,-1.284036774015e-02,-1.203776221640e-02
440.00000000,-1.113378114169e+13,-2.380897307172e-02,-2.704243197732e-02,2.960742190845e-02,3.362836029236e-02,1.029481326572e-02,9.651321259868e-03
440.20000000,1.983771227005e+13,-1.471521925629e-04,-1.671366986597e-04,4.150412612601e-02,4.714073759279e-02,1.981054279895e-02,1.857225652860e-02
440.40000000,2.025236521012e+13,-3.497869949800e-02,-3.972910125022e-02,1.771135856388e-02,2.011671090090e-02,-1.039472672350e-02,-9.744989484275e-03
440.60000000,1.487444034997e+13,-9.030717428519e-03,-1.025716485258e-02,3.755722013976e-02,4.265780838145e-02,6.018784755914e-02,5.642572018934e-02
440.80000000,1.139012916729e+13,-5.628367485433e-02,-6.392747155021e-02,1.165029196437e-02,1.323250017852e-02,-2.066575821258e-03,-1.937401548141e-03
441.00000000,1.368322786698e+12,-2.166097532601e-02,-2.460271806145e-02,7.105870613802e-02,8.070907961212e-02,3.691770193834e-02,3.461010825415e-02
441.20000000,-7.478635232724e+12,-2.120332206787e-02,-2.408291163950e-02,4.977295740601e-02,5.653254611770e-02,8.010419201247e-03,7.509716508881e-03
441.40000000,9.497004949726e+12,3.897354000856e-03,4.426647472037e-03,1.929432080029e-02,2.191465280141e-02,-6.484043152760e-03,-6.078748775219e-03
441.60000000,1.792705280242e+13,-2.869860130030e-02,-3.259611286761e-02,-5.725314413476e-04,-6.502860548907e-04,-4.899551736025e-03,-4.593298257401e-03
441.80000000,8.296879320000e+12,-5.953817678334e-03,-6.762396222917e-03,-8.976065013585e-03,-1.019509058296e-02,4.314555040546e-02,4.044867615845e-02
442.00000000,6.502972350958e+12,-6.209198358191e-02,-7.052459748235e-02,-3.739404746058e-02,-4.247247547195e-02,-1.747296763048e-02,-1.638079483447e-02
442.20000000,2.260589266999e+13,3.999640339913e-02,4.542825156719e-02,7.623338033058e-02,8.658651833951e-02,1.439048784423e-01,1.349098984955e-01
442.40000000,1.059771999251e+13,2.917572079375e-02,3.313802920344e-02,5.058027302812e-02,5.744950203146e-02,8.465289874351e-02,7.936154840933e-02
442.60000000,1.676454543788e+13,7.549225400961e-03,8.574473740301e-03,1.983570660266e-02,2.252956337606e-02,5.146074743526e-03,4.824411992243e-03
442.80000000,-6.360972089780e+12,-8.479421929836e-04,-9.630998785785e-04,5.230592813358e-03,5.940951569987e-03,-1.284876033919e-02,-1.204563022405e-02
443.00000000,-1.264422878202e+13,3.443585333407e-02,3.911253200894e-02,1.871581630213e-02,2.125758249806e-02,1.163982675559e-02,1.091226276065e-02
443.20000000,7.954652002208e+12,5.061515124318e-02,5.748911472967e-02,5.250349356428e-02,5.963391218753e-02,7.127748739688e-02,6.682218625119e-02
443.40000000,8.730706071918e+12,9.798164034478e-02,1.112883716601e-01,1.176134482199e-01,1.335863495375e-01,1.500423008750e-01,1.406636925738e-01
443.60000000,-1.975810130858e+13,1.082870644747e-01,1.229933591113e-01,1.245587059944e-01,1.414748320770e-01,2.328426499560e-01,2.182884875830e-01
443.80000000,1.833999892395e+13,9.316518498192e-02,1.058178011265e-01,4.377779274115e-02,4.972318737025e-02,7.520424748261e-02,7.050349858971e-02
444.00000000,-1.633734771923e+13,2.021093749920e-02,2.295575289508e-02,-1.796569683901e-02,-2.040559046558e-02,1.571892959668e-02,1.473639545303e-02
444.20000000,7.419242687139e+12,4.492726293029e-03,5.102876331794e-03,-1.684806034488e-02,-1.913616947997e-02,-4.492905891189e-03,-4.212070391853e-03
444.40000000,1.152620161588e+13,3.091213182190e-03,3.511025946183e-03,-1.825635326837e-02,-2.073572049710e-02,-1.235762392002e-02,-1.158519298818e-02
444.60000000,-9.100939721898e+12,-2.529745869000e-03,-2.873306646879e-03,-1.239925691379e-02,-1.408318090457e-02,3.582513357651e-02,3.358583243814e-02
444.80000000,-1.696333811940e+12,2.495631425965e-03,2.834559175394e-03,1.731622805406e-03,1.966791832492e-03,5.100732632186e-02,4.781904054328e-02
445.00000000,1.539692682341e+12,-2.773582722201e-03,-3.150258596734e-03,-9.372575798980e-04,-1.064545088762e-03,2.089468513168e-02,1.958863299649e-02
445.20000000,-2.742426964971e+12,-1.534273386853e-02,-1.742640624340e-02,8.601629030323e-03,9.769803025316e-03,2.746696005719e-02,2.575009849149e-02
445.40000000,9.066380443292e+12,1.287825302147e-02,1.462722815767e-02,-2.552255333119e-04,-2.898873200290e-04,-2.533429363545e-02,-2.375073743024e-02
445.60000000,-2.157059459749e+13,-3.470890887930e-02,-3.942267079509e-02,-1.495191456073e-02,-1.698251105630e-02,-2.128956390634e-02,-1.995882930938e-02
445.80000000,1.209892864397e+13,-1.533819786857e-02,-1.742125421647e-02,-5.040241773145e-03,-5.724749248078e-03,2.224772993800e-02,2.085710380482e-02
446.00000000,-1.124120224962e+13,1.397860937070e-03,1.587702215909e-03,-2.592632945603e-04,-2.944734434158e-04,2.335048916720e-02,2.189093349347e-02
446.20000000,2.655943150116e+13,3.933088070622e-03,4.467234529194e-03,-1.502068929801e-02,-1.706062598476e-02,5.269676048057e-03,4.940287420712e-03
446.40000000,1.805106437032e+13,-1.122706256574e-02,-1.275179214260e-02,-8.436042673055e-03,-9.581728639814e-03,-1.647996171108e-02,-1.544985816824e-02
446.60000000,2.222373985030e+13,-2.584196464266e-03,-2.935152091207e-03,-2.045419679585e-03,-2.323204977011e-03,-9.545220492338e-03,-8.948582853324e-03
446.80000000,1.467516544778e+13,-5.748050417690e-02,-6.528684036660e-02,1.560588432130e-02,1.772529544316e-02,7.015264575699e-04,6.576765444449e-04
447.00000000,-3.925941475538e+11,-2.655838669754e-02,-3.016523911099e-02,-7.699367212824e-03,-8.745006419561e-03,-4.495999654430e-02,-4.214970775005e-02
447.20000000,3.183425069973e+12,-4.191953951350e-02,-4.761256574989e-02,-1.986451224133e-02,-2.256228106416e-02,-2.809101424369e-02,-2.633514527981e-02
447.40000000,-6.458694291366e+12,-1.858689122274e-02,-2.111114746725e-02,-2.853993100767e-03,-3.241589509592e-03,-2.047770847271e-02,-1.919772005910e-02
447.60000000,2.178903787030e+13,-2.302196682465e-02,-2.614854365891e-02,-1.866769045695e-02,-2.120292075594e-02,-3.283396889887e-02,-3.078163478056e-02
447.80000000,-6.542857086866e+12,1.036521219983e-02,1.177289524417e-02,-6.244768777169e-03,-7.092861209953e-03,-1.165018678487e-02,-1.092197522150e-02
448.00000000,2.862700242705e+13,-7.036808385983e-03,-7.992466182485e-03,2.069398228571e-03,2.350440015816e-03,9.533918874640e-03,8.937987659381e-03
448.20000000,2.177462186927e+12,-5.562268458614e-03,-6.317671324108e-03,1.195836934311e-02,1.358241707174e-02,1.244881862681e-03,1.167068743959e-03
448.40000000,-8.661034003426e+12,4.235721181825e-02,4.810967763682e-02,4.969919938483e-02,5.644877113323e-02,5.837097278577e-02,5.472241176847e-02
448.60000000,2.674007562821e+13,4.513005892629e-02,5.125910071680e-02,4.191109693679e-02,4.760297848278e-02,4.140275517099e-02,3.881481682910e-02
448.80000000,4.414707345862e+12,-6.693496383204e-04,-7.602529520609e-04,2.684520536384e-02,3.049101137171e-02,6.136620418228e-02,5.753042194886e-02
449.00000000,-2.132033910143e+12,-2.127567794217e-02,-2.416509405045e-02,1.597694509057e-03,1.814674940420e-03,-6.083884141013e-03,-5.703602273994e-03
449.20000000,1.621492043340e+13,7.752094221881e-03,8.804893854328e-03,-2.103238338087e-03,-2.388875898502e-03,2.627799936820e-02,2.463545548840e-02
449.40000000,7.524197907583e+12,1.110267232084e-02,1.261050865564e-02,4.394901492550e-04,4.991766297588e-04,9.110330657149e-03,8.540876428378e-03
449.60000000,2.252490047941e+13,1.521545049708e-02,1.728183671896e-02,-9.104618109577e-03,-1.034110227699e-02,1.474847660887e-02,1.382660201519e-02
449.80000000,8.341121250723e+12,3.158247112559e-02,3.587163648415e-02,3.450406697378e-03,3.919001118484e-03,1.973473538096e-03,1.850118756153e-03
450.00000000,8.773653232363e+11,5.426998934405e-02,6.164031060163e-02,1.915398787370e-02,2.175526147613e-02,4.742371669419e-02,4.445942955338e-02
450.20000000,-4.724675365086e+12,-1.311307666263e-02,-1.489394282544e-02,1.694431858974e-02,1.924550040886e-02,3.156061889836e-02,2.958787734038e-02
450.40000000,6.257035505050e+12,2.731103868437e-03,3.102010757152e-03,2.057039564742e-03,2.336402940881e-03,7.867625595981e-02,7.375848421845e-02
450.60000000,-1.411249804215e+12,4.936162093419e-03,5.606534445575e-03,2.162626643995e-02,2.456329638798e-02,3.195764307961e-02,2.996008495816e-02
450.80000000,6.860111091142e+12,1.496575467400e-02,1.699823010182e-02,-2.267340008205e-02,-2.575263963778e-02,1.450951116837e-02,1.360257345083e-02
451.00000000,-7.519605600878e+12,4.955358071274e-03,5.628337398764e-03,-9.988875344989e-03,-1.134544912608e-02,-7.212055153906e-03,-6.761255346513e-03
451.20000000,1.321396222327e+13,7.146952339167e-03,8.117568611420e-03,-2.377116799570e-02,-2.699949372159e-02,7.334385032107e-03,6.875938820971e-03
451.40000000,-1.289667808747e+12,-1.516785289267e-02,-1.722777495932e-02,-3.538525314842e-02,-4.019086989712e-02,-5.244929708155e-03,-4.917087886127e-03
451.60000000,1.201041346361e+13,1.613641372518e-02,1.832787450373e-02,-4.212986655623e-02,-4.785145886740e-02,5.883909081115e-02,5.516126940813e-02
451.80000000,1.975070694468e+13,9.871285226566e-03,1.121188883133e-02,9.195517847186e-03,1.044434696801e-02,2.955292863188e-02,2.770568062132e-02
452.00000000,1.715144440311e+13,1.802970318768e-02,2.047828860805e-02,2.333775576486e-03,2.650722044299e-03,5.389093420144e-02,5.052240439409e-02
452.20000000,1.184684176977e+13,-1.359966141167e-02,-1.544660987822e-02,-2.375778120666e-02,-2.698428889334e-02,-1.626053292045e-03,-1.524414508755e-03
452.40000000,1.098481722300e+13,-8.536515951529e-03,-9.695846656099e-03,-3.100372169258e-02,-3.521428940035e-02,-8.267021925191e-03,-7.750279913093e-03
452.60000000,1.467558377689e+13,1.285781066402e-03,1.460400955605e-03,-2.022354501702e-02,-2.297007352833e-02,2.384041321131e-02,2.235023413552e-02
452.80000000,4.936621829195e+12,2.504530956252e-02,2.844667336786e-02,5.468747436424e-03,6.211449605733e-03,4.086213797647e-02,3.830799168442e-02
453.00000000,-1.914962664562e+12,2.419882309674e-02,2.748522691650e-02,-4.162516340465e-03,-4.727821275788e-03,1.057640953128e-02,9.915315948683e-03
453.20000000,1.018302609699e+13,9.930280033734e-02,1.127889562977e-01,4.585646051722e-02,5.208415581653e-02,7.058423582654e-02,6.617226736033e-02
453.40000000,1.948369729655e+13,5.306321285899e-02,6.026964371437e-02,1.979059357080e-02,2.247832361280e-02,1.719322545644e-02,1.611853834454e-02
453.60000000,-1.250371418341e+13,-1.735711456591e-03,-1.971435679134e-03,-1.262116390534e-02,-1.433522474298e-02,-2.474050780954e-02,-2.319406703540e-02
453.80000000,1.067224309167e+13,-1.755231324407e-03,-1.993606509267e-03,-3.770402244036e-02,-4.282454767647e-02,-1.669797454550e-02,-1.565424379909e-02
454.00000000,1.307545468150e+13,1.047654527272e-02,1.189934828527e-02,3.228129523774e-03,3.666536824164e-03,2.306375208102e-02,2.162211931838e-02
454.20000000,1.947041295235e+13,3.559148730372e-03,4.042511079682e-03,-4.312305619850e-02,-4.897953206581e-02,-7.547004244654e-04,-7.075267965979e-04
454.40000000,5.508164179568e+12,-5.115917608357e-03,-5.810702272157e-03,-1.171524750509e-02,-1.330627723122e-02,-1.875971127627e-02,-1.758710873100e-02
454.60000000,3.901813526631e+12,4.757593710112e-02,5.403714973086e-02,4.268561700117e-02,4.848268492460e-02,7.604313274753e-02,7.128994813308e-02
454.80000000,3.216326231515e+12,1.878815575425e-01,2.133974541586e-01,1.852128924087e-01,2.103663701611e-01,1.247737857273e-01,1.169746220530e-01
455.00000000,2.094726266801e+13,1.548398341023e-01,1.758683866153e-01,2.021081840795e-01,2.295561853807e-01,2.134604212303e-01,2.001177727448e-01
455.20000000,1.012629333404e+13,1.252031022525e-01,1.422067371749e-01,6.810250007458e-02,7.735139575477e-02,9.877282392692e-02,9.259888750357e-02
455.40000000,2.364412875877e+13,2.814112780985e-02,3.196292978579e-02,-5.016998159413e-03,-5.698348954952e-03,-2.432252630170e-02,-2.280221205865e-02
455.60000000,1.092603173651e+13,1.725622303148e-02,1.959976333749e-02,5.169910251608e-03,5.872027802956e-03,-1.849817406621e-02,-1.734191927778e-02
455.80000000,2.134783523374e+13,3.929360577927e-02,4.463000811622e-02,-8.885650650499e-03,-1.009239718443e-02,-3.601350508723e-02,-3.376242951857e-02
456.00000000,9.806510788118e+12,1.019655070239e-01,1.158132809601e-01,8.556269569044e-02,9.718283365439e-02,4.654488879265e-02,4.363553404493e-02
456.20000000,-3.364562610973e+12,1.994963456474e-01,2.265896282315e-01,1.513499166305e-01,1.719045157802e-01,2.276376420809e-01,2.134088261587e-01
456.40000000,2.865076758739e+13,4.592816610934e-01,5.216559757171e-01,1.605117741626e-01,1.823106310775e-01,2.292497123464e-01,2.149201316700e-01
456.60000000,3.708050282043e+13,1.355386770103e-01,1.539459699629e-01,5.749053642621e-02,6.529823766216e-02,1.233210402562e-01,1.156126825123e-01
456.80000000,6.860020741135e+12,-1.198461189616e-02,-1.361222304717e-02,-2.001352243164e-02,-2.273152809898e-02,-1.084612597417e-02,-1.016817338011e-02
457.00000000,-5.586371918218e+12,-1.677798876358e-02,-1.905658083147e-02,3.620284116039e-03,4.111949327818e-03,-4.546890061503e-02,-4.262680204504e-02
457.20000000,2.330059803770e+13,4.045488538960e-02,4.594899927028e-02,2.997644394914e-02,3.404749864823e-02,9.371758629093e-03,8.785963471574e-03
457.40000000,1.610695468157e+13,4.854162440593e-02,5.513398549833e-02,2.391346250661e-02,2.716111303094e-02,3.894919677424e-03,3.651462160403e-03
457.60000000,2.533276514111e+12,4.836766672377e-02,5.493640289901e-02,1.536570528761e-03,1.745249806471e-03,4.958141717168e-03,4.648225988098e-03
457.80000000,1.366792050246e+13,3.528746886464e-02,4.007980409526e-02,1.214511924499e-03,1.379452919025e-03,-2.035304699767e-03,-1.908085072758e-03
458.00000000,2.306349738898e+13,-2.584090431408e-02,-2.935031658194e-02,-6.078365307948e-02,-6.903858741782e-02,-5.552643390890e-02,-5.205567485657e-02
458.20000000,-2.284779154869e+12,-4.936728721679e-02,-5.607178026720e-02,-3.851244246296e-02,-4.374275797765e-02,-4.848765546409e-02,-4.545686531098e-02
458.40000000,-5.584597423350e+12,-3.265659554914e-02,-3.709163604363e-02,-9.328687614092e-03,-1.059560231592e-02,-1.087139756974e-02,-1.019186533850e-02
458.60000000,2.337893415745e+13,-2.206807886435e-02,-2.506510968624e-02,-4.269867578618e-03,-4.849751720310e-03,-7.232677266144e-03,-6.780588444174e-03
458.80000000,3.475891410128e+12,1.074689463323e-02,1.220641336403e-02,-8.168823255272e-03,-9.278218564329e-03,1.623198657840e-03,1.521738307539e-03
459.00000000,1.288345125896e+13,-8.775437914686e-03,-9.967216232480e-03,-4.322327416863e-02,-4.909336048416e-02,-3.469173346028e-02,-3.252327711486e-02
459.20000000,1.408335987556e+13,-1.588264209333e-02,-1.803963854867e-02,-7.141064657527e-02,-8.110881653828e-02,-6.990348576514e-02,-6.553406855375e-02
459.40000000,1.298204640979e+13,-6.438249017916e-02,-7.312617415107e-02,-7.516027672021e-02,-8.536767818003e-02,-9.675004429249e-02,-9.070254459906e-02
459.60000000,-1.081734274714e+12,-1.050022033208e-01,-1.192623861692e-01,-6.297044632918e-02,-7.152236569183e-02,-5.502369319615e-02,-5.158435867007e-02
459.80000000,1.120873855110e+13,-5.903765180880e-02,-6.705546175097e-02,-3.880893085344e-03,-4.407951199995e-03,-3.208878177437e-02,-3.008302664152e-02
460.00000000,1.033230976509e+13,-7.132009982106e-03,-8.100596956522e-03,3.465142117471e-04,3.935737733296e-04,4.402539152707e-02,4.127352155419e-02
460.20000000,7.929524719507e+12,-1.821117828256e-02,-2.068440954802e-02,-1.002087839452e-02,-1.138179846050e-02,2.545168391921e-02,2.386079006666e-02
460.40000000,2.034380496312e+13,6.219420872465e-03,7.064070565974e-03,-4.810506905204e-03,-5.463814441437e-03,3.634657745244e-02,3.407468271990e-02
460.60000000,1.636407489529e+13,2.915400064816e-02,3.311335927929e-02,9.624154289891e-03,1.093119586604e-02,1.897104734748e-02,1.778523493926e-02
460.80000000,7.998953767525e+12,1.138063044057e-02,1.292621582716e-02,1.196836424657e-02,1.359376936765e-02,3.248681734349e-02,3.045618242893e-02
461.00000000,3.128400214453e+12,5.919581766845e-03,6.723510786540e-03,2.304019622659e-02,2.616924980197e-02,2.825879466075e-02,2.649243834229e-02
461.20000000,-3.326721454624e+12,-4.153193101243e-02,-4.717231675248e-02,1.219477402457e-02,1.385092750900e-02,3.505233014401e-02,3.286133418788e-02
461.40000000,1.774833011615e+13,5.692324974915e-03,6.465390609804e-03,9.455384177465e-02,1.073950534450e-01,3.248036047780e-02,3.045012915886e-02
461.60000000,1.884749900650e+13,-8.787575199621e-03,-9.981001862850e-03,1.201879478023e-02,1.365104879444e-02,7.079145790685e-02,6.636653672858e-02
461.80000000,3.147056013894e+13,7.624818373798e-03,8.660332874995e-03,-2.070858280123e-02,-2.352098354721e-02,1.221313963502e-02,1.144973989977e-02
462.00000000,4.100321569254e+13,-8.113056140339e-03,-9.214877438957e-03,-3.698455382406e-02,-4.200736913513e-02,-5.937791764017e-03,-5.566641609666e-03
462.20000000,3.643999542721e+13,4.016632606224e-04,4.562125115797e-04,-1.716391706196e-02,-1.949492221148e-02,-1.163581227170e-02,-1.090849920781e-02
462.40000000,1.900330260281e+13,-2.697013770451e-02,-3.063290936977e-02,-8.407974126584e-03,-9.549848147263e-03,3.651289457491e-02,3.423060395310e-02
462.60000000,1.740308721361e+13,1.993551792410e-02,2.264292902391e-02,6.521328418149e-02,7.406979989965e-02,1.072475431729e-01,1.005438823198e-01
462.80000000,8.215576741103e+12,5.057942904087e-02,5.744854115167e-02,7.457448299523e-02,8.470232871119e-02,1.033696446595e-01,9.690837739121e-02
463.00000000,-1.540062467894e+13,-1.592780862417e-02,-1.809093907450e-02,1.074481274848e-03,1.220404922446e-03,-5.163101886832e-03,-4.840374829639e-03
463.20000000,-2.839947604882e+12,-6.489696827277e-02,-7.371052269934e-02,-9.009385774650e-02,-1.023293658528e-01,-8.282759987350e-02,-7.765034245201e-02
463.40000000,1.811039903223e+11,-3.413036326198e-02,-3.876555381424e-02,-7.836700922462e-02,-8.900991208858e-02,-7.698310084316e-02,-7.217116218047e-02
463.60000000,-1.414305822565e+13,-4.047491672398e-03,-4.597175102845e-03,-4.373138101671e-02,-4.967047254097e-02,-4.086938764521e-02,-3.831478820226e-02
463.80000000,-6.414136286842e+12,-4.222748692193e-02,-4.796233500789e-02,-3.245566852497e-02,-3.686342289653e-02,-5.092716491245e-02,-4.774388973725e-02
464.00000000,2.330683804394e+13,-6.596997276644e-03,-7.492925023302e-03,1.785647187034e-02,2.028153182209e-02,4.950737790354e-03,4.641284854303e-03
464.20000000,1.916135264929e+13,-2.437591601884e-02,-2.768637054773e-02,2.899599288376e-02,3.293389403322e-02,-2.991431159830e-03,-2.804447482931e-03
464.40000000,1.307484206602e+13,-3.999449416894e-02,-4.542608304748e-02,6.059458438095e-03,6.882384159045e-03,-5.146277487262e-03,-4.824602063192e-03
464.60000000,-1.091380370827e+13,-2.950844796650e-02,-3.351594352628e-02,-1.428340164659e-02,-1.622320843258e-02,-8.146733801870e-03,-7.637510570711e-03
464.80000000,6.612258233707e+12,-5.630525906528e-03,-6.395198707864e-03,-1.631251416454e-02,-1.852789159744e-02,8.940979337371e-03,8.382110654704e-03
465.00000000,1.735543061736e+13,9.010425095683e-05,1.023411665022e-04,-1.483332952567e-04,-1.684782117016e-04,4.448469978751e-03,4.170412009585e-03
465.20000000,2.447768220168e+12,7.996003819992e-03,9.081928428464e-03,2.102227368048e-03,2.387727630180e-03,-1.328368591669e-02,-1.245337015719e-02
465.40000000,1.629088491668e+13,2.065893306580e-02,2.346459002970e-02,3.100895480693e-02,3.522023321590e-02,3.321026298361e-02,3.113440806612e-02
465.60000000,1.037569900319e+13,3.322893209805e-02,3.774170071232e-02,4.205180398793e-02,4.776279474190e-02,1.621099554951e-02,1.519770412073e-02
465.80000000,1.423869259617e+13,-4.685150995684e-02,-5.321433928403e-02,-2.720146444827e-02,-3.089565345388e-02,-7.335267107055e-02,-6.876765760564e-02
466.00000000,1.242362111963e+13,-1.055911854107e-01,-1.199313569834e-01,-1.366448232181e-01,-1.552023462722e-01,-1.067118856390e-01,-1.000417068250e-01
466.20000000,7.913595428521e+11,-2.545558886222e-02,-2.891267204913e-02,-4.000702799781e-02,-4.544032087282e-02,-2.840556702974e-02,-2.663003649474e-02
466.40000000,4.760672430869e+11,-1.382041123355e-02,-1.569733938361e-02,-4.116989015364e-02,-4.676110954762e-02,-1.886553207785e-02,-1.768631505225e-02
466.60000000,6.779875427659e+11,2.522278379845e-03,2.864825009856e-03,-1.634815085671e-02,-1.856836805391e-02,1.859821288917e-02,1.743570503123e-02
466.80000000,-1.696617733891e+13,1.687442102204e-02,1.916610940215e-02,4.194748848162e-03,4.764431230729e-03,2.082917510947e-02,1.952721777178e-02
467.00000000,2.396697580405e+11,2.965487006163e-02,3.368225097414e-02,1.655659511692e-02,1.880512080816e-02,1.277330672117e-02,1.197489294219e-02
467.20000000,1.909926971357e+13,-5.176189959176e-03,-5.879160115435e-03,8.014229710106e-03,9.102629907818e-03,-1.988392810689e-02,-1.864105478306e-02
467.40000000,1.980569574532e+13,-3.869781662544e-02,-4.395330578148e-02,-3.601935996146e-02,-4.091109378013e-02,-5.244736635602e-02,-4.916906881849e-02
467.60000000,1.228214265425e+13,-6.350462874503e-02,-7.212909174662e-02,-1.725932195264e-02,-1.960328389347e-02,-1.728134501356e-02,-1.620114986289e-02
467.80000000,1.809846249755e+13,-1.894687093040e-02,-2.152001544859e-02,-5.788032670319e-02,-6.574096475651e-02,-5.034036938185e-02,-4.719377269933e-02
468.00000000,2.676561791055e+13,-5.004114174483e-02,-5.683714991092e-02,-7.490789129619e-02,-8.508101668016e-02,-6.764675331073e-02,-6.341839638438e-02
468.20000000,1.883493085189e+13,-7.977163685083e-03,-9.060529644685e-03,-1.484253014160e-02,-1.685827130762e-02,-2.174458659583e-02,-2.038541015582e-02
468.40000000,1.994705297578e+13,-2.268085276374e-02,-2.576110343791e-02,-9.320278088011e-03,-1.058605070505e-02,-1.894744346313e-02,-1.776310644941e-02
468.60000000,7.898270745133e+11,5.737244525370e-03,6.516410613227e-03,8.283025473230e-03,9.407930409677e-03,-8.697537105540e-03,-8.153885127249e-03
468.80000000,3.579106632235e+13,-1.339439544733e-02,-1.521346706852e-02,-9.344739990643e-03,-1.061383474102e-02,-3.429410765102e-02,-3.215050547468e-02
469.00000000,6.680912202013e+11,-2.481630290273e-02,-2.818656567649e-02,-1.691331891337e-02,-1.921029071417e-02,-2.142430283523e-03,-2.008514618909e-03
469.20000000,1.815382812937e+13,-9.888867557239e-02,-1.123185899047e-01,-3.369516545865e-02,-3.827125400037e-02,-1.596672654638e-02,-1.496870350049e-02
469.40000000,-3.083817878298e+12,-1.272492778651e-02,-1.445308006550e-02,1.029835217325e-02,1.169695552590e-02,2.316703742067e-02,2.171894866036e-02
469.60000000,2.302313556258e+13,-1.436353289335e-02,-1.631422153540e-02,-3.531050030797e-02,-4.010596498850e-02,-2.242730669814e-02,-2.102545586310e-02
469.80000000,-3.339218149804e+12,1.306309449232e-02,1.483717265578e-02,9.129424161150e-03,1.036927720023e-02,-2.055002322843e-02,-1.926551467773e-02
470.00000000,3.234031547470e+12,1.923055154130e-02,2.184222227374e-02,8.571601582939e-03,9.735697596535e-03,-2.334441234886e-02,-2.188523651535e-02
470.20000000,3.154187568740e+13,2.953174954633e-02,3.354240965674e-02,3.602093851411e-02,4.091288671358e-02,-2.301716468452e-03,-2.157844393363e-03
470.40000000,1.038394003702e+13,5.187460910989e-04,5.891961757359e-04,6.421686573541e-03,7.293805939856e-03,-1.652098501635e-02,-1.548831725323e-02
470.60000000,2.419756011016e+13,1.591355317395e-02,1.807474761417e-02,-2.175516287544e-03,-2.470969804992e-03,-5.326431219415e-03,-4.993495029028e-03
470.80000000,5.485183409959e+11,5.582889830745e-02,6.341093252114e-02,2.520226027390e-02,2.862494043869e-02,4.746091693156e-02,4.449430453678e-02
471.00000000,3.594490538814e+13,1.177214010480e-01,1.337089579852e-01,1.033573140173e-01,1.173941116984e-01,1.486108151008e-01,1.393216838623e-01
471.20000000,-1.635513613022e+13,3.320904026046e-02,3.771910739579e-02,4.967900448925e-02,5.642583359998e-02,5.502498596735e-02,5.158557063476e-02
471.40000000,2.800180562740e+13,4.741391400649e-02,5.385312253649e-02,6.537149775041e-02,7.424950020978e-02,4.932542958468e-02,4.624227316369e-02
471.60000000,9.394158108933e+12,3.278954295306e-02,3.724263882380e-02,6.303341406113e-02,7.159388497451e-02,7.158228634653e-02,6.710793330720e-02
471.80000000,1.589508467212e+13,3.370565385529e-02,3.828316529601e-02,5.658760847873e-02,6.427268446034e-02,4.494442947708e-02,4.213511372460e-02
472.00000000,1.965824279638e+13,5.705756026405e-02,6.480645711114e-02,3.430969071977e-02,3.896923699104e-02,3.572612144412e-02,3.349300920049e-02
472.20000000,2.775637491892e+13,9.986410292335e-02,1.134264884985e-01,6.785700042454e-02,7.707255517524e-02,1.095206319337e-01,1.026748884213e-01
472.40000000,1.175606248580e+13,1.094526903792e-01,1.243172868228e-01,7.553001216195e-02,8.578762682285e-02,1.605486140535e-01,1.505132936424e-01
472.60000000,-2.537818271094e+13,6.359920431753e-02,7.223651147776e-02,7.557512825223e-02,8.583887005988e-02,9.694328988777e-02,9.088371110242e-02
472.80000000,8.620472693758e+12,2.098534158469e-02,2.383532757232e-02,1.522401220156e-02,1.729156185879e-02,1.609939501055e-02,1.509307933284e-02
473.00000000,1.212076556951e+13,3.667085786925e-02,4.165106896850e-02,1.997738044638e-02,2.269047772636e-02,4.892766841944e-02,4.586937462815e-02
473.20000000,-2.793657654964e+12,5.873525497204e-02,6.671199687898e-02,3.660931468340e-02,4.158116934453e-02,8.455290149917e-02,7.926780163555e-02
473.40000000,4.625769334381e+12,2.424443800736e-02,2.753703671585e-02,2.733677734334e-02,3.104934298489e-02,2.578724238921e-02,2.417537397527e-02
473.60000000,3.592651000541e+13,-2.258649030598e-02,-2.565392576430e-02,-6.866094334699e-02,-7.798568034818e-02,-4.964376602019e-02,-4.654071152566e-02
473.80000000,-6.852322010157e+12,6.197819850145e-03,7.039535943041e-03,-2.783837141953e-02,-3.161905778028e-02,1.480871716452e-02,1.388307714888e-02
474.00000000,2.643241255700e+13,3.392759115011e-02,3.853524354316e-02,5.403847386278e-02,6.137735579701e-02,8.150310883861e-02,7.640864062085e-02
474.20000000,7.595890500567e+12,2.426300421568e-02,2.755812437149e-02,5.140653012402e-02,5.838797183140e-02,-6.227625176687e-03,-5.838358570948e-03
474.40000000,1.613379009003e+13,2.720651080333e-02,3.090138392459e-02,7.271688439720e-03,8.259245250764e-03,4.104083315369e-02,3.847551726438e-02
474.60000000,4.825382201285e+13,-1.218347783811e-02,-1.383809665759e-02,-2.870038811348e-02,-3.259814363423e-02,-1.393934222421e-02,-1.306804373081e-02
474.80000000,-1.532540649067e+13,6.841057574622e-03,7.770130763617e-03,-2.038573572515e-02,-2.315429110680e-02,2.682607008876e-02,2.514926826583e-02
475.00000000,3.347142724589e+13,9.263165088975e-03,1.052118086147e-02,1.281998969907e-03,1.456105276164e-03,4.235113274396e-02,3.970391470743e-02
475.20000000,1.801798503891e+13,1.651271423088e-02,1.875527978483e-02,6.081633898629e-03,6.907571234731e-03,5.813357064188e-02,5.449984878463e-02
475.40000000,6.682931126843e+12,4.893272848616e-02,5.557820480395e-02,4.079230712066e-02,4.633224754429e-02,1.260746240487e-01,1.181941496173e-01
475.60000000,-7.628143720857e+12,9.213700832571e-02,1.046499894278e-01,9.587564604532e-02,1.088963699185e-01,1.869100043179e-01,1.752269275599e-01
475.80000000,-1.255642021875e+13,-3.941480549122e-02,-4.476766776900e-02,-5.060221682765e-02,-5.747442598461e-02,1.114751743952e-02,1.045072594148e-02
476.00000000,1.513577240776e+13,-3.083587010388e-02,-3.502364076072e-02,-3.574406414714e-02,-4.059841046513e-02,-3.609150739414e-02,-3.383555617988e-02
476.20000000,3.380291970204e+13,-6.391636640805e-02,-7.259674684922e-02,-3.861353727759e-02,-4.385758232339e-02,-5.524571025274e-02,-5.179249823346e-02
476.40000000,-1.567432986219e+13,-7.327656801011e-02,-8.322814259885e-02,-6.726658169206e-02,-7.640195258375e-02,-6.023401549385e-02,-5.646900233136e-02
476.60000000,-8.632471070076e+12,4.573185412276e-04,5.194262476536e-04,-3.044597294141e-02,-3.458079365002e-02,3.423780503623e-02,3.209772213524e-02
476.80000000,1.061294092638e+13,2.758997502190e-02,3.133692581105e-02,-2.256689761278e-02,-2.563167323213e-02,2.857810034627e-02,2.679178536991e-02
477.00000000,2.315469420280e+13,3.122605923517e-02,3.546682085966e-02,-1.949688167764e-02,-2.214472315964e-02,4.059443739367e-02,3.805702410886e-02
477.20000000,1.563969811446e+13,2.943245572527e-02,3.342963089918e-02,3.334465729399e-03,3.787314386154e-03,4.777406706249e-02,4.478788077155e-02
477.40000000,-8.162591696003e+12,-8.102321548638e-03,-9.202684999367e-03,-4.985590671748e-02,-5.662676064745e-02,-3.517899984983e-02,-3.298008622283e-02
477.60000000,1.739489189821e+13,-2.256915358968e-02,-2.563423457603e-02,-5.867064489193e-02,-6.663861484164e-02,-4.976912240267e-02,-4.665823232842e-02
477.80000000,-1.827612423763e+12,-3.868346891148e-02,-4.393700952722e-02,-2.576974606966e-02,-2.926949560664e-02,-2.796607347549e-02,-2.621801411276e-02
478.00000000,-7.194305124508e+12,-1.326394749869e-02,-1.506530319068e-02,-1.633417994574e-02,-1.855249977502e-02,-1.578962833977e-02,-1.480267507022e-02
478.20000000,6.345738830419e+13,1.817123075501e-02,2.063903681004e-02,6.568115145506e-03,7.460120750729e-03,1.544780600412e-02,1.448221882783e-02
478.40000000,2.483629532690e+13,1.898654484008e-03,2.156507740908e-03,-1.448166750737e-02,-1.644840047465e-02,-2.040486515811e-02,-1.912942991991e-02
478.60000000,1.609375102146e+13,-5.011913813314e-03,-5.692573886513e-03,-1.035878104751e-02,-1.176559115253e-02,-2.442860174637e-02,-2.290165710616e-02
478.80000000,-8.667618726558e+12,7.676740785691e-01,8.719306787372e-01,7.780098482179e-01,8.836701678308e-01,9.340812540480e-01,8.756951712425e-01
479.00000000,-7.841684494170e+12,1.805188065323e+03,2.050347796007e+03,1.805214893715e+03,2.050378349007e+03,2.190144338178e+03,2.053246238435e+03
479.20000000,-3.641139751247e+12,1.529069487362e+06,1.736729991505e+06,1.529069513059e+06,1.736730089375e+06,1.855121101234e+06,1.739164107384e+06
479.40000000,3.716049149661e+13,5.137570489324e+08,5.835295796579e+08,5.137570489841e+08,5.835296027936e+08,6.233081843694e+08,5.843474161191e+08
479.60000000,3.439661101243e+13,6.884913409209e+10,7.819942589605e+10,6.884913409209e+10,7.819942898863e+10,8.353019944993e+10,7.830902503849e+10
479.80000000,2.510738555746e+13,3.702090803190e+12,4.204865888906e+12,3.702090803190e+12,4.204866055197e+12,4.491507224459e+12,4.210759150785e+12
480.00000000,9.619794801197e+13,8.040472971900e+13,9.132436865426e+13,8.040472971900e+13,9.132437226589e+13,9.754985590908e+13,9.145236284829e+13
480.20000000,7.344229815146e+14,7.102363685167e+14,8.066924442974e+14,7.102363685167e+14,8.066924761998e+14,8.616838294504e+14,8.078230510648e+14
480.40000000,2.656469870944e+15,2.568450618813e+15,2.917267827433e+15,2.568450618813e+15,2.917267942803e+15,3.116134941942e+15,2.921356477044e+15
480.60000000,4.286241394206e+15,3.819985998936e+15,4.338772244372e+15,3.819985998936e+15,4.338772415958e+15,4.634541837010e+15,4.344853180602e+15
480.80000000,3.021840286816e+15,2.340145942328e+15,2.657957454603e+15,2.340145942328e+15,2.657957559718e+15,2.839147670973e+15,2.661682691030e+15
481.00000000,1.018284379404e+15,5.895036011179e+14,6.695631510690e+14,5.895036011179e+14,6.695631775484e+14,7.152091091686e+14,6.705039423641e+14
481.20000000,1.653988146664e+14,6.703659341651e+13,7.614072694344e+13,6.703659341651e+13,7.614072995459e+13,8.145783529516e+13,7.636619696489e+13
481.40000000,1.466009973014e+14,1.298725372637e+14,1.475103207558e+14,1.298725372637e+14,1.475103265895e+14,1.601250001154e+14,1.501161582984e+14
481.60000000,1.108283092013e+15,1.046980408216e+15,1.189169158430e+15,1.046980408216e+15,1.189169205458e+15,1.291274972324e+15,1.210561986027e+15
481.80000000,3.658215125230e+15,3.525826469937e+15,4.004663375858e+15,3.525826469937e+15,4.004663534232e+15,4.348519307061e+15,4.076708897375e+15
482.00000000,5.548394739534e+15,4.884608043803e+15,5.547978922171e+15,4.884608043803e+15,5.547979141579e+15,6.024349920675e+15,5.647789325123e+15
482.20000000,3.682907846049e+15,2.787261330916e+15,3.165794875624e+15,2.787261330916e+15,3.165795000823e+15,3.437622308130e+15,3.222748816272e+15
482.40000000,1.164901375201e+15,6.536867782930e+14,7.424629438328e+14,6.536867782930e+14,7.424629731952e+14,8.062136932281e+14,7.558201549275e+14
482.60000000,2.052001938186e+14,6.269613113063e+13,7.121079335234e+13,6.269613113063e+13,7.121079616853e+13,7.732522839445e+13,7.249190456055e+13
482.80000000,2.890275651356e+13,2.442964933588e+12,2.774740130140e+12,2.442964933588e+12,2.774740239874e+12,3.012990084758e+12,2.824658836466e+12
483.00000000,2.747528684983e+13,3.840192462253e+10,4.361722915453e+10,3.840192462255e+10,4.361723087949e+10,4.736237370115e+10,4.440192089173e+10
483.20000000,1.856124021435e+13,2.419316977709e+08,2.747880582846e+08,2.419316977837e+08,2.747880691663e+08,2.983824272994e+08,2.797316075420e+08
483.40000000,2.047568030127e+13,6.072876419226e+05,6.897624142752e+05,6.072876709314e+05,6.897624745018e+05,7.489881008028e+05,7.021715298843e+05
483.60000000,-1.623120857712e+13,6.041016079880e+02,6.861436901205e+02,6.041135794876e+02,6.861573145861e+02,7.450658908710e+02,6.984944832859e+02
483.80000000,3.052765694919e+13,2.562693576014e-01,2.910728929775e-01,2.349553862775e-01,2.668643155355e-01,2.940377411814e-01,2.756584922347e-01
484.00000000,1.836183857851e+13,-2.235690997285e-02,-2.539316648992e-02,-7.014377225788e-02,-7.966988997041e-02,-2.842336110144e-02,-2.664671832258e-02
484.20000000,-1.561308176683e+13,3.398294109153e-02,3.859811047242e-02,-1.074082828654e-02,-1.219952363888e-02,2.299652183299e-02,2.155909139301e-02
484.40000000,8.735636107008e+12,1.300941669857e-02,1.477620496592e-02,-1.931234213990e-02,-2.193512159141e-02,1.585807153984e-02,1.486684013032e-02
484.60000000,-2.221950029258e+12,-2.635760006314e-02,-2.993718396194e-02,-3.359540555942e-02,-3.815794586282e-02,-3.366297608068e-03,-3.155882368450e-03
484.80000000,3.668546052134e+12,-6.503312176810e-02,-7.386516698513e-02,-6.715898810131e-02,-7.627974687309e-02,-6.116935669813e-02,-5.734587869784e-02
485.00000000,2.184059045621e+13,-1.205992973400e-02,-1.369776968123e-02,-1.024253694094e-02,-1.163356011283e-02,-1.620886871813e-02,-1.519571022998e-02
485.20000000,1.648043135764e+13,6.454512266630e-03,7.331089349859e-03,-2.957006408738e-02,-3.358592896314e-02,-8.052385962364e-03,-7.549060077658e-03
485.40000000,-4.884514959134e+12,-2.030671653816e-02,-2.306453953355e-02,-2.795896615717e-02,-3.175603030357e-02,1.998961115460e-02,1.874013196094e-02
485.60000000,1.394590323241e+13,1.890214665895e-02,2.146921724471e-02,-2.859906743411e-02,-3.248306274939e-02,6.278192432955e-02,5.885765048645e-02
485.80000000,-5.493223475739e+12,2.704518819349e-02,3.071815234674e-02,-3.680715294097e-02,-4.180587571125e-02,4.271142170631e-02,4.004168329364e-02
486.00000000,1.174587462659e+13,-4.297495875402e-02,-4.881131980507e-02,-8.644140848198e-02,-9.818088307722e-02,-7.035574824143e-02,-6.595806171805e-02
486.20000000,4.072595743731e+13,-2.816381609594e-02,-3.198869933206e-02,-3.799741115746e-02,-4.315778106352e-02,-2.290351641495e-02,-2.147189941145e-02
486.40000000,9.379805222080e+12,-1.800957175938e-02,-2.045542316238e-02,-4.457897439478e-02,-5.063317627071e-02,-3.106796474697e-02,-2.912601724031e-02
486.60000000,1.290427996484e+13,-8.311320689589e-02,-9.440067982474e-02,-1.289388474182e-01,-1.464498337636e-01,-9.819044900505e-02,-9.205291475792e-02
486.80000000,1.129375164018e+13,-1.277832319679e-02,-1.451372702185e-02,-4.894837461170e-02,-5.559597800368e-02,-3.990883574799e-03,-3.741427697319e-03
487.00000000,3.937802156160e+13,1.696060231999e-02,1.926399484561e-02,-1.538299690610e-02,-1.747213803127e-02,9.702580642903e-03,9.096106982942e-03
487.20000000,-1.484682474906e+13,3.223156040795e-02,3.660887755341e-02,-2.777798030964e-02,-3.155046504674e-02,4.634967572068e-02,4.345252304482e-02
487.40000000,3.310558942904e+13,1.529385628578e-02,1.737089067358e-02,-2.754135346861e-03,-3.128170227876e-03,1.975215188124e-02,1.851751541859e-02
487.60000000,-7.759951029410e+12,-1.454492386146e-02,-1.652024692347e-02,-3.727243999925e-02,-4.233435268853e-02,-3.203829924562e-02,-3.003569959533e-02
487.80000000,-7.950531474066e+12,-6.254044928488e-03,-7.103396860179e-03,-2.089378995546e-02,-2.373134339990e-02,-2.367676527523e-02,-2.219681524740e-02
488.00000000,3.482777310701e+13,9.859942582339e-03,1.119900576056e-02,-5.515694942523e-02,-6.264772980352e-02,-2.818160097127e-03,-2.642006975461e-03
488.20000000,3.181928398939e+13,2.333177870440e-02,2.650043059913e-02,-1.936726531788e-02,-2.199750380163e-02,-2.388510793762e-03,-2.239213515413e-03
488.40000000,2.693468075168e+13,1.231882121180e-01,1.399182080039e-01,9.629208956210e-02,1.093693699881e-01,1.198471548102e-01,1.123559372374e-01
488.60000000,7.559150647905e+12,3.483843481202e-02,3.956978743950e-02,2.377363531416e-02,2.700229612278e-02,1.921867401681e-02,1.801738334997e-02
488.80000000,1.521035712620e+13,2.781177434512e-03,3.158884734891e-03,-1.165649080617e-02,-1.323954087547e-02,-1.378698776433e-03,-1.292521240403e-03
489.00000000,2.434022579837e+13,-2.216475613311e-02,-2.517491654168e-02,-2.126831933153e-02,-2.415673703389e-02,-2.325595820282e-02,-2.180231132203e-02
489.20000000,3.613138410918e+13,1.442337970197e-02,1.638219604427e-02,-1.370185646899e-02,-1.556268449980e-02,9.585737211226e-03,8.986567016833e-03
489.40000000,1.254038187703e+13,5.384382985921e-02,6.115627507244e-02,4.396694759320e-02,4.993803105153e-02,3.302507407914e-02,3.096079465860e-02
489.60000000,1.320516124589e+13,7.328707675272e-02,8.324007851714e-02,2.058237826165e-02,2.337763936343e-02,2.957277647601e-02,2.772428784761e-02
489.80000000,2.568287206367e+13,4.790004751135e-02,5.440527706233e-02,2.219301007655e-02,2.520700860528e-02,7.257070318845e-03,6.803456774279e-03
490.00000000,-1.934440144834e+13,5.592908033502e-02,6.352472011112e-02,4.264808566823e-02,4.844005651912e-02,6.257382606534e-02,5.866255970144e-02
490.20000000,1.184582280963e+13,5.931330703267e-02,6.736855327399e-02,3.394427439255e-02,3.855419403504e-02,5.210926493829e-02,4.885210091274e-02
490.40000000,2.175279049791e+13,-3.099170973292e-03,-3.520064472284e-03,-7.418866410766e-03,-8.426411235453e-03,-1.064851746597e-02,-9.982916673934e-03
490.60000000,1.736084520412e+13,5.336311644311e-04,6.061027672908e-04,1.481237378078e-02,1.682401945788e-02,-8.810058458984e-03,-8.259373172796e-03
490.80000000,3.698446646510e+13,3.828088878598e-02,4.347975563280e-02,4.185905766297e-02,4.754387183531e-02,3.989316250055e-02,3.739958340448e-02
491.00000000,-1.855745942105e+12,4.344809604355e-02,4.934871312017e-02,4.026858212998e-02,4.573739626898e-02,2.026371820717e-02,1.899710556072e-02
491.20000000,2.453840730155e+13,2.282757881157e-02,2.592775611780e-02,2.755417372084e-02,3.129626362971e-02,3.461947785889e-02,3.245553795303e-02
491.40000000,7.942435256262e+12,9.816299555469e-02,1.114943564337e-01,8.817164719588e-02,1.001461028469e-01,1.392218537512e-01,1.305195929508e-01
491.60000000,4.266396280959e+13,1.161153922066e-01,1.318848396279e-01,5.785691268710e-02,6.571437091894e-02,1.643488731687e-01,1.540760121342e-01
491.80000000,2.422053028394e+13,9.277073627795e-02,1.053697829690e-01,7.130039924098e-02,8.098359668326e-02,8.110138710550e-02,7.603202907839e-02
492.00000000,1.919047037413e+13,3.385449310020e-02,3.845221816292e-02,2.088806538065e-02,2.372484137940e-02,3.593525857534e-02,3.368907391664e-02
492.20000000,2.194768196607e+12,1.849911548658e-02,2.101145104745e-02,-2.088562136750e-03,-2.372206544858e-03,-7.886290974148e-03,-7.393347093892e-03
492.40000000,4.204104367751e+12,1.717754977549e-02,1.951040559126e-02,-1.285550953505e-03,-1.460139649185e-03,-1.335475719276e-02,-1.251999902164e-02
492.60000000,3.093585140682e+13,2.769089678241e-02,3.145155359594e-02,2.081841158905e-02,2.364572801361e-02,-3.390421435765e-04,-3.178498301841e-04
492.80000000,3.648550714432e+12,-2.939701821134e-02,-3.338938067264e-02,-4.012174030270e-02,-4.557061207922e-02,-3.113389134501e-02,-2.918782300218e-02
493.00000000,2.107021316096e+13,1.910044424340e-02,2.169444530988e-02,2.022827007413e-02,2.297544028816e-02,8.803830472057e-03,8.253534475088e-03
493.20000000,9.589898787060e+12,3.116658371909e-02,3.539926806797e-02,4.323473746235e-02,4.910638059016e-02,1.289109724660e-02,1.208532080260e-02
493.40000000,-2.024447360951e+13,6.708043773383e-02,7.619052568802e-02,1.555970146433e-02,1.767284056350e-02,1.582706707770e-02,1.483777364636e-02
493.60000000,4.100341154819e+13,1.482131237472e-02,1.683417132275e-02,-2.222242054770e-02,-2.524041326723e-02,-1.331311919978e-03,-1.248096367087e-03
493.80000000,4.928541556562e+12,3.788108490640e-03,4.302565502187e-03,-1.940482493185e-02,-2.204016432894e-02,-2.634147445493e-02,-2.469496297418e-02
494.00000000,-1.222013160455e+13,-1.148170344817e-02,-1.304101539977e-02,-3.484165295312e-02,-3.957344419626e-02,-3.676737674483e-02,-3.446917935155e-02
494.20000000,-6.524256053607e+12,1.095522750046e-03,1.244303958784e-03,-9.621731252764e-03,-1.092844375997e-02,-1.197759834873e-02,-1.122892145797e-02
494.40000000,1.609585026356e+13,-8.290131457840e-02,-9.416001074738e-02,-8.465811636092e-02,-9.615540479887e-02,-7.053095184802e-02,-6.612231397299e-02
494.60000000,-2.019166327031e+12,-4.697864279457e-02,-5.335873783100e-02,-6.802376601675e-02,-7.726196894577e-02,-7.513186475713e-02,-7.043564024986e-02
494.80000000,3.306146290808e+12,-5.087483208867e-02,-5.778406241930e-02,-4.134884603800e-02,-4.696436915511e-02,-4.381035485508e-02,-4.107192605649e-02
495.00000000,4.316346087414e+13,-1.705338183585e-02,-1.936937460050e-02,-3.709325858383e-02,-4.213083692096e-02,1.018137524038e-02,9.544973840303e-03
495.20000000,6.653639570243e+12,-4.283451282621e-02,-4.865180013835e-02,-3.524011825065e-02,-4.002602445234e-02,-7.947020174771e-02,-7.450280329099e-02
495.40000000,-1.643657627129e+13,6.872718245256e-03,7.806091219761e-03,-5.395929998202e-03,-6.128742943340e-03,-2.198146939067e-02,-2.060748625326e-02
495.60000000,2.458430066614e+13,3.001655022635e-02,3.409305034892e-02,3.134751714978e-02,3.560477518926e-02,1.628249624774e-02,1.526473556570e-02
495.80000000,9.822565137494e+12,3.671056748092e-02,4.169617147961e-02,1.455470292585e-02,1.653135472087e-02,3.054057865415e-02,2.863159616842e-02
496.00000000,1.328461515166e+13,-2.849783890575e-02,-3.236808525039e-02,-3.909987357964e-02,-4.440996720983e-02,-2.164035658089e-02,-2.028769518682e-02
496.20000000,1.292063225565e+13,-3.388935447350e-02,-3.849181400409e-02,-2.350556809522e-02,-2.669782310756e-02,-1.671752875221e-02,-1.567257574218e-02
496.40000000,3.270391590274e+13,-3.162035845490e-02,-3.591466923162e-02,-5.488457728524e-03,-6.233836722255e-03,-2.183280073113e-02,-2.046811034061e-02
496.60000000,-3.077903592891e+12,-2.464893786737e-02,-2.799647106088e-02,-5.388743216877e-03,-6.120580136308e-03,-4.955463640414e-02,-4.645715308355e-02
496.80000000,3.151133305492e+13,-1.215298364856e-03,-1.380346110047e-03,1.660108781089e-02,1.885565598639e-02,-3.103953217360e-02,-2.909936188554e-02
497.00000000,3.932613329203e+13,1.930305866199e-02,2.192457647160e-02,4.306650890195e-02,4.891530516799e-02,-2.975840513324e-03,-2.789831352050e-03
497.20000000,9.172919211111e+12,3.778700983277e-03,4.291880376156e-03,4.380027598042e-02,4.974872402363e-02,-1.389151297612e-02,-1.302320411819e-02
497.40000000,-6.773154309669e+12,-2.304380271550e-02,-2.617334504751e-02,1.243836781524e-02,1.412760339733e-02,-1.279253984472e-02,-1.199292387188e-02
497.60000000,7.688648061901e+12,-3.175072449637e-02,-3.606274007860e-02,-2.801152449248e-02,-3.181572650548e-02,-4.283841698109e-02,-4.016074054740e-02
497.80000000,-5.245728681385e+12,-7.365575355118e-02,-8.365882472740e-02,-5.683244423803e-02,-6.455077098715e-02,-7.515185507012e-02,-7.045438103979e-02
498.00000000,2.815833563198e+13,-9.465554771418e-02,-1.075105676598e-01,-5.868451212613e-02,-6.665436536357e-02,-2.449034440587e-02,-2.295954045255e-02
498.20000000,2.350003265678e+13,-3.377915994973e-02,-3.836665413666e-02,-4.142826100148e-03,-4.705456934250e-03,-1.510666897840e-02,-1.416240505910e-02
498.40000000,-4.705793973416e+12,3.351757664958e-02,3.806954562301e-02,2.462970296923e-02,2.797462500803e-02,1.867585685894e-02,1.750849575379e-02
498.60000000,3.639037785018e+13,-1.053434835476e-02,-1.196500151228e-02,4.033527008813e-03,4.581314101606e-03,-1.749922672562e-02,-1.640541256737e-02
498.80000000,2.115460161531e+13,-1.706299088470e-02,-1.938028863904e-02,-1.427067031582e-02,-1.620874807938e-02,-2.395108302125e-02,-2.245398637093e-02
499.00000000,2.003709959451e+13,-4.877706892084e-02,-5.540140535972e-02,-6.432004371509e-02,-7.305524982080e-02,-4.164585572404e-02,-3.904272203490e-02
499.20000000,2.996105090200e+13,-6.892161861588e-02,-7.828175442816e-02,-7.702570960256e-02,-8.748645263000e-02,-1.642256633923e-02,-1.539605037608e-02
499.40000000,1.696424906260e+13,-1.008522636134e-01,-1.145488497261e-01,-8.103503763463e-02,-9.204028132908e-02,-6.127223569287e-02,-5.744232709409e-02
499.60000000,-2.214808011746e+12,-7.993147709309e-02,-9.078684433914e-02,-7.532326773162e-02,-8.555280474975e-02,-4.114024179131e-02,-3.856871222313e-02
499.80000000,1.335718261078e+13,-9.949756653884e-04,-1.130101733884e-03,1.326753865816e-02,1.506938265578e-02,-5.320083738020e-02,-4.987544306023e-02
500.00000000,5.028836947229e+13,2.564036356406e-04,2.912254071049e-04,1.151029110294e-04,1.307348601570e-04,3.521436071966e-02,3.301323681100e-02
500.20000000,2.043282793538e+13,-5.399678585629e-03,-6.133000378111e-03,-2.669904306829e-02,-3.032499899985e-02,-7.268590952799e-04,-6.814257294551e-04
500.40000000,-2.982421284362e+12,-2.388408569840e-02,-2.712774553081e-02,-2.447103210748e-02,-2.779440530084e-02,2.465942200501e-02,2.311804961489e-02
500.60000000,1.696379817212e+13,-1.616744271011e-02,-1.836311748593e-02,-3.631287594109e-02,-4.124447171304e-02,2.791354462137e-02,2.616876864969e-02
500.80000000,-1.739618898025e+12,-1.759083332745e-02,-1.997981652754e-02,-2.908317783700e-02,-3.303291944073e-02,1.566957730530e-02,1.469012799711e-02
501.00000000,-5.030420651316e+12,-2.316762527176e-03,-2.631398374892e-03,6.662549022355e-02,7.567379546996e-02,6.128272410245e-02,5.745215991065e-02
501.20000000,1.778991423648e+13,1.546925473180e-02,1.757010970463e-02,1.598564990476e-02,1.815663640580e-02,2.984004434465e-02,2.797484975641e-02
501.40000000,1.284660951069e+13,3.111272810939e-02,3.533809841326e-02,6.510329468166e-02,7.394487289519e-02,6.338905249329e-02,5.942682923724e-02
501.60000000,1.912583239087e+13,6.564634014288e-03,7.456166557569e-03,3.907867502733e-02,4.438588971477e-02,1.693167302880e-02,1.587333462493e-02
501.80000000,3.036031007564e+13,1.749510850499e-03,1.987109146863e-03,-4.981813093527e-03,-5.658385459442e-03,1.544940378747e-02,1.448371673945e-02
502.00000000,8.093452335158e+12,7.158358891843e-03,8.130524269940e-03,3.306385481377e-02,3.755420602881e-02,2.765199253037e-02,2.592356524568e-02
502.20000000,3.212540559655e+13,8.170513677378e-03,9.280138193057e-03,1.490559266276e-02,1.692989825269e-02,2.287324500850e-02,2.144352016250e-02
502.40000000,4.313657404956e+12,-2.313627102991e-02,-2.627837133717e-02,-4.177183798971e-03,-4.744480699250e-03,-1.094450537802e-02,-1.026040343882e-02
502.60000000,4.689426090491e+13,-2.645368429689e-03,-3.004631724322e-03,1.137684883150e-02,1.292192115479e-02,2.475723051118e-02,2.320974446069e-02
502.80000000,3.274241608760e+13,-1.929362430701e-03,-2.191386085182e-03,3.807228344207e-02,4.324282163783e-02,2.028540632368e-02,1.901743803053e-02
503.00000000,3.245725411910e+12,1.824232375530e-02,2.071978483805e-02,3.204298009289e-02,3.639468788389e-02,-2.496828605272e-02,-2.340760767418e-02
503.20000000,2.517229544874e+13,3.887009680243e-02,4.414898305632e-02,1.544392889839e-02,1.754134510363e-02,-4.633594482585e-02,-4.343965041918e-02
503.40000000,5.828395665533e+12,-1.664743698296e-02,-1.890829902039e-02,-3.720502830284e-02,-4.225778591342e-02,-5.788979529376e-02,-5.427131096280e-02
503.60000000,3.185674764871e+12,-3.231955128957e-02,-3.670881833723e-02,-2.582972197638e-02,-2.933761674891e-02,-6.130375829537e-02,-5.747187933129e-02
503.80000000,4.715913266684e+13,-1.641037168121e-02,-1.863903825566e-02,-1.067175496276e-03,-1.212106957333e-03,-4.206610590577e-02,-3.943670387884e-02
504.00000000,4.343684634016e+13,4.463760724224e-03,5.069976994988e-03,8.483551694292e-03,9.635689788078e-03,-1.816086649452e-02,-1.702569559759e-02
504.20000000,1.374731679968e+13,2.231580424626e-02,2.534647825972e-02,1.789758980704e-02,2.032823392247e-02,-8.264247610318e-03,-7.747679010734e-03
504.40000000,1.815947299635e+12,4.160117036218e-02,4.725095938862e-02,2.980238699651e-02,3.384980328885e-02,-3.922937772115e-02,-3.677728944071e-02
504.60000000,2.170078838738e+13,1.814391300421e-03,2.060800907880e-03,-2.852863834186e-02,-3.240306879056e-02,-9.469360083358e-02,-8.877464207549e-02
504.80000000,1.556106991764e+13,1.115391814854e-02,1.266871409800e-02,-2.203723350707e-02,-2.503007625973e-02,-6.508822972320e-02,-6.101979696769e-02
505.00000000,7.096612982765e+12,2.685039898239e-02,3.049690912153e-02,1.053153184552e-02,1.196180297045e-02,-3.241775139034e-02,-3.039143354182e-02
505.20000000,1.425567222990e+13,2.032729367897e-02,2.308791122325e-02,2.478911363444e-02,2.815568499023e-02,-4.441101056715e-03,-4.163503692544e-03
505.40000000,9.607346992714e+12,3.812375325132e-03,4.330127977019e-03,-4.521857334816e-03,-5.135963817317e-03,-2.558528737740e-02,-2.398604244989e-02
505.60000000,2.766522494589e+13,-3.259488700063e-03,-3.702154695492e-03,-9.828870915822e-03,-1.116371474174e-02,-3.220568048583e-02,-3.019261843207e-02
505.80000000,-1.050419787467e+13,-3.903728641971e-02,-4.433887843059e-02,-5.356134505413e-02,-6.083542885947e-02,-6.534765727726e-02,-6.126300863197e-02
506.00000000,-4.826097589511e+11,-4.821599924654e-02,-5.476413770202e-02,-1.076461921454e-01,-1.222654557617e-01,-6.317541122910e-02,-5.922654192538e-02
506.20000000,3.346199208422e+13,-1.065804515688e-01,-1.210549738109e-01,-9.325361513398e-02,-1.059182450261e-01,-6.375040037880e-04,-5.976559055706e-04
506.40000000,3.998186824700e+12,2.101531728038e-02,2.386937421975e-02,-7.903251437605e-03,-8.976579846996e-03,-4.760003354015e-02,-4.462472546307e-02
506.60000000,1.065978471960e+13,1.216088648950e-02,1.381243721372e-02,-1.497283401420e-04,-1.700627154850e-04,2.423804898070e-02,2.272301511325e-02
506.80000000,2.752289993673e+13,2.843519290137e-02,3.229693139142e-02,1.464970278085e-02,1.663925635990e-02,4.527380658527e-02,4.244390264623e-02
507.00000000,4.567066492653e+13,1.163445309208e-03,1.321450973078e-03,-2.390183672028e-02,-2.714790836447e-02,2.499828713758e-02,2.343573349839e-02
507.20000000,1.789697576388e+13,-3.819531154265e-02,-4.338255627966e-02,-5.057158256592e-02,-5.743963133097e-02,-3.746321123643e-02,-3.512151971449e-02
507.40000000,4.984092482170e+13,-7.684182497073e-02,-8.727759145785e-02,-1.446336720073e-01,-1.642761483154e-01,-1.058411153601e-01,-9.922536528606e-02
507.60000000,1.553019032323e+13,-4.478863003034e-02,-5.087130290351e-02,-1.839128255202e-01,-2.088897431902e-01,-1.849635458900e-02,-1.734021352958e-02
507.80000000,3.627089573350e+13,3.633960997131e-02,4.127483481844e-02,2.189147474886e-03,2.486452222900e-03,-2.815616620251e-02,-2.639622482240e-02
508.00000000,2.318386123948e+12,2.003076246104e-02,2.275110857049e-02,-1.898988777287e-02,-2.156887519326e-02,4.504354676795e-02,4.222803554765e-02
508.20000000,4.611943197891e+12,-1.327550521888e-02,-1.507843054653e-02,-5.577149834016e-02,-6.334573966039e-02,1.372096596309e-02,1.286331738978e-02
508.40000000,1.827989354406e+13,-3.053984623840e-02,-3.468741436315e-02,-2.453952098614e-02,-2.787219554865e-02,-3.262655398117e-03,-3.058718462850e-03
508.60000000,-9.777901801835e+12,-4.429707428246e-02,-5.031298974842e-02,-5.415347493734e-02,-6.150797499044e-02,-1.243788269108e-02,-1.166043507013e-02
508.80000000,3.830752427793e+13,-3.507359246702e-02,-3.983688148298e-02,-3.972280464693e-02,-4.511749758627e-02,-1.759174363506e-02,-1.649214657525e-02
509.00000000,5.189068071847e+13,2.082269381731e-03,2.365059086938e-03,-3.302978967682e-02,-3.751551455807e-02,4.106002928766e-03,3.849351351658e-03
509.20000000,8.235606794802e+12,6.358367494698e-02,7.221887308800e-02,-1.278363957582e-02,-1.451976598411e-02,6.774383045283e-02,6.350940558108e-02
509.40000000,-1.217945867395e+13,3.603489049864e-02,4.092873187703e-02,-1.400423306646e-02,-1.590612639740e-02,2.484481630266e-02,2.329185557719e-02
509.60000000,1.578601645754e+13,2.668150874254e-02,3.030508216584e-02,-1.994309354793e-02,-2.265153437701e-02,2.288686518727e-02,2.145628899254e-02
509.80000000,3.529702990911e+13,-2.518074090562e-02,-2.860049742707e-02,-5.277541559245e-02,-5.994276352766e-02,-3.617818452892e-03,-3.391681543655e-03
510.00000000,1.663359394902e+13,-2.158802865705e-02,-2.451986462096e-02,-4.966098103014e-02,-5.640536240263e-02,-9.501632438469e-03,-8.907719333013e-03
510.20000000,2.602621022695e+12,-4.520687934532e-02,-5.134635399521e-02,-7.626882124697e-02,-8.662677243219e-02,-3.155211993454e-02,-2.957990961643e-02
510.40000000,1.165211926750e+13,4.081167255299e-03,4.635424113299e-03,-5.246496431310e-02,-5.959015033806e-02,1.000439411500e-03,9.379055172929e-04
510.60000000,3.760307732712e+13,7.326622338118e-02,8.321639308226e-02,4.651712693306e-02,5.283454632111e-02,9.042925606223e-02,8.477684626425e-02
510.80000000,3.145711532429e+13,1.155374212866e-01,1.312283753930e-01,7.732494252042e-02,8.782632390971e-02,1.660237513326e-01,1.556461996464e-01
511.00000000,7.332436488543e+12,5.769770101330e-02,6.553353436120e-02,2.674869592770e-02,3.038139513765e-02,6.185582653693e-02,5.798943975898e-02
511.20000000,-1.379975495991e+13,3.463783169030e-02,3.934194072568e-02,-1.726195808195e-02,-1.960627803145e-02,2.817943923561e-02,2.641804314132e-02
511.40000000,-6.063723903625e+12,1.026024196147e-02,1.165366916407e-02,-2.882225589397e-02,-3.273656209035e-02,-3.550743207455e-02,-3.328798932229e-02
511.60000000,2.305455299637e+13,4.466394280145e-03,5.072968209965e-03,-4.785870212226e-02,-5.435831877118e-02,-4.564206907916e-02,-4.278914636701e-02
511.80000000,1.400088443573e+13,-6.187420988088e-03,-7.027724828005e-03,-2.913754748921e-02,-3.309467295170e-02,-1.377112083729e-02,-1.291033726194e-02
512.00000000,1.314702953375e+13,2.739094863651e-02,3.111086996764e-02,2.316077533191e-02,2.630620456994e-02,5.399484468154e-02,5.061981980123e-02
512.20000000,-5.991701407015e+12,3.223361976684e-02,3.661121659057e-02,5.425079833959e-02,6.161851573411e-02,6.171984488593e-02,5.786195783527e-02
512.40000000,3.437111115108e+13,1.530655656680e-02,1.738531575965e-02,2.368619476184e-02,2.690298040367e-02,8.923493242356e-02,8.365717553031e-02
512.60000000,-1.388676375502e+10,2.055516872250e-02,2.334673361536e-02,2.519717600987e-03,2.861916568860e-03,-3.124030348304e-02,-2.928758369756e-02
512.80000000,2.227727260257e+13,2.536979551720e-02,2.881522724588e-02,-1.600042064242e-02,-1.817341313459e-02,-2.734360906128e-02,-2.563445772574e-02
513.00000000,-2.658875042883e+13,2.828947136496e-02,3.213141964406e-02,8.804369859936e-03,1.000007777485e-02,-1.538051559593e-02,-1.441913450271e-02
513.20000000,3.652270097084e+13,2.904700337363e-02,3.299183087445e-02,5.709798401930e-03,6.485237331728e-03,-2.258067488649e-02,-2.116923755380e-02
513.40000000,-1.439109469111e+13,3.093771895113e-02,3.513932153854e-02,5.638317165216e-03,6.404048338313e-03,-6.362156052565e-03,-5.964480402297e-03
513.60000000,8.141189277881e+12,3.244529123825e-02,3.685163482910e-02,1.290285083011e-02,1.465516713529e-02,1.557309592962e-02,1.459967732761e-02
513.80000000,3.992691731926e+13,1.713702927074e-02,1.946438206097e-02,3.437561376014e-03,3.904411293802e-03,1.005722677511e-02,9.428585452163e-03
514.00000000,2.780625918871e+13,2.436730272270e-02,2.767658749349e-02,-2.325729593236e-02,-2.641583348452e-02,2.270997023713e-02,2.129045111390e-02
514.20000000,3.012458036089e+11,3.852174131445e-02,4.375331796151e-02,-6.495957096586e-03,-7.378163028283e-03,-3.679232996021e-02,-3.449257283057e-02
514.40000000,1.382702957578e+13,1.450357384811e-02,1.647328123033e-02,2.262587195325e-03,2.569865678699e-03,-5.274886352229e-03,-4.945172047379e-03
514.60000000,2.904292159873e+13,2.159870407483e-02,2.453198985032e-02,1.538988062376e-02,1.747995661604e-02,-1.722704407246e-03,-1.615024307966e-03
514.80000000,1.390913488986e+13,1.375395294631e-02,1.562185550169e-02,1.463949169670e-03,1.662765852414e-03,1.638723082251e-02,1.536292355630e-02
515.00000000,-9.530636124807e+11,7.495100635673e-03,8.512998376404e-03,-2.331590162769e-02,-2.648239832909e-02,4.922244534780e-03,4.614572610362e-03
515.20000000,-6.283050971922e+12,-8.595977151529e-03,-9.763383187449e-03,-3.235177282747e-02,-3.674541728432e-02,-1.074391027167e-02,-1.007234681608e-02
515.40000000,1.879358088585e+13,-4.799656854717e-02,-5.451490646707e-02,-3.850769497903e-02,-4.373736574523e-02,-5.346015207104e-02,-5.011854891598e-02
515.60000000,1.223269091006e+13,-1.055459577965e-01,-1.198799870787e-01,-7.035192854191e-02,-7.990631563888e-02,-1.540708925761e-01,-1.444404713971e-01
515.80000000,2.885808170947e+13,1.052711452242e-02,1.195678526464e-02,-9.531041692744e-03,-1.082543779044e-02,-8.736714779908e-02,-8.190613945128e-02
516.00000000,-1.428246838788e+13,1.180016637722e-02,1.340272827458e-02,2.004378756411e-02,2.276590349250e-02,-4.142791541490e-03,-3.883840439603e-03
516.20000000,3.377513191449e+13,1.447098338062e-02,1.643626470309e-02,9.264190704227e-03,1.052234618003e-02,2.561295796850e-02,2.401198345118e-02
516.40000000,3.959245591678e+13,1.518695225382e-02,1.724946817444e-02,-1.338023155473e-02,-1.519738020113e-02,4.262497842022e-02,3.996064326861e-02
516.60000000,3.808144385845e+13,3.976211721504e-03,4.516214734770e-03,-2.273895095390e-02,-2.582709287261e-02,3.481377978773e-02,3.263769476231e-02
516.80000000,2.956940249325e+12,-1.171982241129e-02,-1.331147292195e-02,-1.693394029485e-02,-1.923371265372e-02,-2.051368759955e-02,-1.923145025923e-02
517.00000000,1.642189794258e+13,5.923052593766e-03,6.727452980965e-03,-7.022585840922e-03,-7.976312411557e-03,-2.406418363485e-02,-2.256001746915e-02
517.20000000,2.854365031836e+13,-2.087115620265e-02,-2.370563485447e-02,-1.539844666475e-02,-1.748968599786e-02,-4.760452181673e-02,-4.462893319351e-02
517.40000000,1.976410008265e+12,5.856511601723e-02,6.651875162231e-02,5.220194340054e-02,5.929140896033e-02,1.894400891095e-02,1.775988657882e-02
517.60000000,1.990039603773e+13,3.815621982725e-02,4.333815558033e-02,5.320134224429e-02,6.042653462232e-02,7.741160391732e-02,7.257288105800e-02
517.80000000,2.692708297939e+13,-6.120012221738e-03,-6.951161383912e-03,6.428942364277e-03,7.302047128361e-03,5.293172566645e-02,4.962315255848e-02
518.00000000,8.017154254306e+12,-7.216696508868e-03,-8.196784626291e-03,-1.693197161412e-02,-1.923147660949e-02,2.430195116722e-02,2.278292300234e-02
518.20000000,1.240866066191e+13,-7.716373287417e-03,-8.764321716357e-03,-1.990261938975e-02,-2.260556348574e-02,2.571040124336e-02,2.410333589497e-02
518.40000000,1.940292711317e+13,-1.732304137568e-02,-1.967565617514e-02,-5.022114638403e-02,-5.704160295077e-02,-2.978387965278e-02,-2.792219571882e-02
518.60000000,3.128432784166e+13,1.786406923584e-02,2.029016017168e-02,-1.104454070028e-02,-1.254448276791e-02,2.375870127841e-02,2.227362972368e-02
518.80000000,3.240654952248e+12,6.073651203563e-02,6.898504149322e-02,4.859634319746e-02,5.519613774508e-02,1.296294944660e-01,1.215268177822e-01
519.00000000,9.132107757114e+12,3.539624630867e-02,4.020335443161e-02,6.761577911990e-02,7.679857397661e-02,1.651495903612e-01,1.548266793550e-01
519.20000000,9.186170016395e+12,2.388716608803e-02,2.713124426328e-02,6.188287967542e-02,7.028709828532e-02,4.601257355319e-02,4.313649192975e-02
519.40000000,-3.862692314721e+13,1.367550203753e-02,1.553275029929e-02,3.197916579763e-02,3.632220706744e-02,-8.259840587247e-03,-7.743547454934e-03
519.60000000,1.128933318643e+13,-4.426377906654e-03,-5.027517276199e-03,-1.520372481116e-02,-1.726851926914e-02,-5.481075631427e-02,-5.138473171209e-02
519.80000000,1.174936389173e+13,7.197924116668e-03,8.175462785254e-03,-9.899066768714e-03,-1.124344378534e-02,-3.426852361855e-02,-3.212652060870e-02
520.00000000,4.421522308547e+12,5.090032659830e-03,5.781301929789e-03,-1.437320251820e-02,-1.632520502230e-02,1.423973471760e-02,1.334965976240e-02
520.20000000,8.110321084277e+12,6.968799194040e-02,7.915220769950e-02,1.029952142025e-01,1.169828356654e-01,1.057687025842e-01,9.915747877416e-02
520.40000000,2.217330240089e+13,2.494471707814e-02,2.833241957758e-02,1.198587954447e-01,1.361366339118e-01,1.528898428808e-01,1.433332448997e-01
520.60000000,1.962275463123e+13,5.981303322242e-02,6.793614648571e-02,4.810201221848e-02,5.463467243695e-02,7.131143864918e-02,6.685401533198e-02
520.80000000,6.454900755817e+12,2.016682815129e-02,2.290565312653e-02,2.407522549454e-03,2.734484480120e-03,-5.103930768801e-02,-4.784902286846e-02
521.00000000,2.838439203172e+12,1.064993751840e-02,1.209628865708e-02,-6.920801612949e-03,-7.860705024296e-03,-6.052956556929e-02,-5.674607862723e-02
521.20000000,3.695794712064e+13,2.975857709169e-03,3.380004229162e-03,-3.024084415103e-05,-3.434780663398e-05,-4.691700899951e-02,-4.398439434681e-02
521.40000000,7.294463993239e+12,8.463401062962e-03,9.612802150372e-03,3.007541810431e-02,3.415991433102e-02,8.334981078611e-04,7.813991182575e-04
521.60000000,1.137727332915e+13,-3.510236658958e-02,-3.986956337354e-02,2.360757512969e-02,2.681368356033e-02,1.892744045903e-02,1.774435376165e-02
521.80000000,2.836760708521e+13,9.169435476365e-03,1.041472197869e-02,4.366134170657e-02,4.959092129995e-02,4.909473732026e-02,4.602600064872e-02
522.00000000,1.226304017494e+13,-7.914411126494e-02,-8.989254760552e-02,-3.802653864687e-02,-4.319086431242e-02,-4.331594920927e-02,-4.060842394166e-02
522.20000000,9.584223421708e+12,3.758404133895e-02,4.268827043820e-02,4.768488996317e-03,5.416090145038e-03,4.851550071466e-03,4.548297005441e-03
522.40000000,-2.106116584221e+13,-6.387804649431e-03,-7.255322276871e-03,-6.809458828223e-03,-7.734240947407e-03,-5.942668148444e-02,-5.571213188721e-02
522.60000000,1.439212872902e+13,-2.938394070426e-02,-3.337452713005e-02,5.460093312316e-03,6.201620178355e-03,-4.721823929566e-02,-4.426679581310e-02
522.80000000,-1.630317907385e+13,-4.545539338177e-02,-5.162861832916e-02,1.799685015633e-02,2.044097466696e-02,-1.922080021944e-02,-1.801937665127e-02
523.00000000,1.675823965897e+13,-3.561305370532e-02,-4.044960609725e-02,6.372585969646e-03,7.238037058545e-03,-2.247722530818e-02,-2.107225423912e-02
523.20000000,8.112871375247e+12,-4.841036969985e-02,-5.498490529859e-02,-2.199191283605e-03,-2.497860065816e-03,-1.513675227793e-02,-1.419060795903e-02
523.40000000,-2.213723130573e+13,1.530124390770e-02,1.737928159673e-02,3.593832148030e-02,4.081904958761e-02,1.141678917340e-02,1.070316646107e-02
523.60000000,1.601250342516e+13,2.560039709810e-02,2.907714646207e-02,5.534215921484e-02,6.285809264950e-02,5.943177128504e-02,5.571690354255e-02
523.80000000,-9.840736472342e+12,4.940097603139e-02,5.611004430632e-02,2.154647810906e-02,2.447267212672e-02,6.919727483228e-02,6.487200034383e-02
524.00000000,4.011708626901e+13,-1.223340388804e-02,-1.389480308525e-02,2.760491625617e-02,3.135389743064e-02,8.663320685690e-03,8.121807453589e-03
524.20000000,3.649108426617e+13,-2.622875537396e-02,-2.979084107969e-02,-3.508342661573e-03,-3.984805276773e-03,-1.228697326331e-02,-1.151895845168e-02
524.40000000,1.163276383058e+13,-3.920839888555e-02,-4.453322940928e-02,-3.913713154622e-02,-4.445228512349e-02,-1.127662092360e-02,-1.057175962790e-02
524.60000000,4.811259990195e+13,-1.985689150300e-02,-2.255362447315e-02,-1.799638865820e-02,-2.044045049348e-02,-1.920106730790e-02,-1.800087717354e-02
524.80000000,9.260521912689e+12,-3.827719316730e-02,-4.347555811800e-02,-2.648125191187e-02,-3.007762996180e-02,-4.501949656260e-02,-4.220548863473e-02
525.00000000,2.178131119772e+13,6.637132284787e-03,7.538510703305e-03,4.611248833513e-03,5.237495437821e-03,2.782251537904e-02,2.608342932016e-02
525.20000000,-1.385164670940e+13,3.405038921337e-02,3.867471861681e-02,1.288451556028e-03,1.463434178070e-03,4.291429745699e-02,4.023187800579e-02
525.40000000,-1.549442731128e+13,2.044516974449e-02,2.322179585044e-02,2.328046071442e-02,2.644214423996e-02,3.029542793513e-02,2.840176894521e-02
525.60000000,1.988819477646e+12,-2.812039852137e-03,-3.193938528549e-03,9.957967594533e-03,1.131034384163e-02,7.827129898884e-02,7.337883966129e-02
525.80000000,1.162016732808e+13,2.222463236432e-02,2.524292446898e-02,1.867977896637e-02,2.121665098721e-02,5.172485414614e-02,4.849171826617e-02
526.00000000,1.070602411461e+13,-2.303456048828e-03,-2.616284764805e-03,6.096855689094e-03,6.924860273123e-03,1.543188623756e-02,1.446729414902e-02
526.20000000,4.162712657867e+13,1.299960289373e-05,1.476505836427e-05,-3.609244383855e-05,-4.099410306557e-05,-2.972763513164e-02,-2.786946684180e-02
526.40000000,1.641673813919e+13,-2.531559337648e-02,-2.875366399832e-02,-4.914888350978e-02,-5.582371770649e-02,-4.948313057038e-02,-4.639011682406e-02
526.60000000,2.171361067371e+13,-6.365724385086e-02,-7.230243326813e-02,-7.085033525493e-02,-8.047241020021e-02,-5.903840915478e-02,-5.534812907403e-02
526.80000000,2.209930373942e+13,-6.948698315423e-02,-7.892390022860e-02,-1.291164854279e-01,-1.466515965179e-01,-1.132218442296e-01,-1.061447511567e-01
527.00000000,1.666427168426e+13,4.904665273151e-03,5.570760092055e-03,-2.321205940022e-02,-2.636445344860e-02,-5.037109179694e-03,-4.722257476599e-03
527.20000000,1.398445891190e+13,4.131249793216e-02,4.692308281330e-02,4.281646779973e-02,4.863130636865e-02,9.277936839249e-02,8.698006146696e-02
527.40000000,3.839528876119e+13,3.726757083901e-02,4.232882058114e-02,3.468265452619e-02,3.939285243777e-02,4.626310774729e-02,4.337136612624e-02
527.60000000,5.574416247049e+13,9.703960665150e-03,1.102184018637e-02,1.336441272807e-02,1.517941304397e-02,-4.938678020364e-03,-4.629978897458e-03
527.80000000,-9.006907598120e+12,1.174663012998e-03,1.334192135444e-03,-2.132441666401e-02,-2.422045285872e-02,-4.510731368522e-02,-4.228781662268e-02
528.00000000,4.697629373776e+13,7.644510828170e-03,8.682699730392e-03,-3.958914486510e-02,-4.496568567526e-02,-3.367515802001e-02,-3.157024417432e-02
528.20000000,1.096552547097e+13,-7.321806055506e-03,-8.316168933903e-03,-1.911765496551e-02,-2.171399425162e-02,-2.000017456451e-02,-1.875003508983e-02
528.40000000,1.960079857583e+13,3.272205581471e-02,3.716598636414e-02,2.845034220363e-02,3.231413937435e-02,3.342215248655e-02,3.133305311306e-02
528.60000000,2.066742564432e+13,5.578563269861e-02,6.336179107851e-02,5.950671819517e-02,6.758823397292e-02,7.335711499957e-02,6.877182376053e-02
528.80000000,-1.760841173604e+12,5.360849638026e-02,6.088898132661e-02,6.449051773746e-02,7.324887565767e-02,5.474577932979e-02,5.132381620683e-02
529.00000000,3.338382197023e+13,9.698199053149e-03,1.101529609897e-02,3.219552038506e-02,3.656794443828e-02,3.819361315074e-02,3.580626681401e-02
529.20000000,4.635913973949e+11,1.479540896041e-02,1.680475000679e-02,1.788112525322e-02,2.030953334295e-02,4.370628010670e-03,4.097435664890e-03
529.40000000,1.502220079994e+13,8.163904123578e-03,9.272631006227e-03,-1.506254651905e-02,-1.710816777055e-02,3.219586711929e-03,3.018341846402e-03
529.60000000,2.661601704600e+13,1.901130835291e-02,2.159320401534e-02,-8.340850697205e-04,-9.473608788283e-04,-2.135905274163e-02,-2.002397464579e-02
529.80000000,1.376396844365e+13,2.439886633821e-02,2.771243771361e-02,1.845210586855e-02,2.095805795652e-02,1.779461419101e-02,1.668233641737e-02
530.00000000,-1.135084519136e+13,3.598819032628e-02,4.087568942826e-02,8.528646910917e-02,9.686909316640e-02,7.411115670527e-02,6.947873301252e-02
530.20000000,8.128513460107e+12,-3.100062233568e-03,-3.521076773207e-03,2.553805109256e-02,2.900633449143e-02,2.196618686610e-02,2.059315898472e-02
530.40000000,3.998049907036e+13,-8.828067276766e-03,-1.002699310483e-02,1.514512484272e-02,1.720196092921e-02,6.207887414606e-03,5.819854545875e-03
530.60000000,2.270611032402e+13,-4.248830679685e-03,-4.825857641673e-03,5.786863030419e-03,6.572767988758e-03,2.898724228943e-02,2.717535331159e-02
530.80000000,-7.423047258029e+12,1.511361556345e-02,1.716617174436e-02,2.224089289412e-02,2.526139431457e-02,1.192943585867e-02,1.118376943313e-02
531.00000000,1.304905625475e+13,-4.304281398922e-03,-4.888839035223e-03,9.028494050362e-03,1.025463992650e-02,-1.570208868710e-02,-1.472060720855e-02
531.20000000,1.054860844364e+13,-1.882485312786e-05,-2.138142660116e-05,1.113938699361e-02,1.265220999031e-02,-4.830819062439e-02,-4.528861817739e-02
531.40000000,1.292063619964e+13,1.504158451138e-02,1.708435826925e-02,7.665013598254e-03,8.705987293490e-03,-3.651976627005e-02,-3.423704612312e-02
531.60000000,1.500440588302e+13,4.337094577905e-02,4.926108520049e-02,2.224037819379e-02,2.526080971359e-02,4.734979686121e-02,4.439013018512e-02
531.80000000,3.517875347260e+13,-1.736096037357e-02,-1.971872489204e-02,2.869887806217e-02,3.259642850518e-02,4.082157351206e-03,3.826996275979e-03
532.00000000,8.598074719308e+12,1.872368601547e-02,2.126652014402e-02,3.440780361779e-02,3.908067445068e-02,5.819688218818e-02,5.455920295232e-02
532.20000000,1.012389140137e+13,2.013801950764e-02,2.287293202663e-02,-8.356739701379e-03,-9.491655653655e-03,-1.026645813282e-02,-9.624738505040e-03
532.40000000,1.117803258986e+13,3.955796994447e-02,4.493027515979e-02,-6.473748090698e-04,-7.352937851496e-04,-1.398482884044e-02,-1.311068714114e-02
532.60000000,3.367696357629e+13,4.532392000518e-02,5.147928976163e-02,3.010497316694e-03,3.419348322121e-03,-1.686561538850e-02,-1.581140601178e-02
532.80000000,-1.266316435984e+13,8.201879031761e-02,9.315763226517e-02,3.906511646772e-02,4.437048978806e-02,2.740345913918e-02,2.569056678905e-02
533.00000000,3.325265923237e+13,6.763084332059e-02,7.681568098536e-02,6.067742378415e-02,6.891793128546e-02,2.522179089170e-02,2.364526683116e-02
533.20000000,-1.988492443031e+12,5.957203722870e-02,6.766242120797e-02,1.343456492772e-01,1.525909250584e-01,2.263720587148e-01,2.122223498884e-01
533.40000000,9.223222477502e+12,-3.229578612372e-02,-3.668182566187e-02,-6.600408559285e-02,-7.496799883312e-02,-1.650144740005e-02,-1.547000086353e-02
533.60000000,2.522802532894e+13,-3.369643437049e-02,-3.827269372760e-02,-9.288185143055e-02,-1.054959926665e-01,-7.271681051972e-02,-6.817154242665e-02
533.80000000,2.685296612064e+13,2.182285523103e-04,2.478658261991e-04,-3.219802400492e-02,-3.657078807090e-02,-3.693301760455e-02,-3.462446659277e-02
534.00000000,2.584619507373e+13,2.473202549881e-02,2.809084269189e-02,-8.005589180186e-04,-9.092815920827e-04,-4.562922021712e-02,-4.277710064144e-02
534.20000000,1.443576639384e+13,3.296745200343e-02,3.744470942039e-02,-2.440734100953e-03,-2.772206441293e-03,-4.013011424620e-02,-3.762172414286e-02
534.40000000,2.885116647406e+13,4.684926415380e-03,5.321178848205e-03,-5.773304773832e-03,-6.557368406218e-03,-2.980735578926e-02,-2.794420444586e-02
534.60000000,5.859580050368e+12,-9.889936695694e-03,-1.123307332692e-02,-9.530362139407e-03,-1.082466594801e-02,-1.725476776322e-02,-1.617623386154e-02
534.80000000,1.580297386750e+13,-1.303625597889e-02,-1.480668924637e-02,-1.411771636703e-02,-1.603502169030e-02,-1.834598882660e-02,-1.719924659391e-02
535.00000000,-3.189841201536e+12,3.760181465429e-03,4.270845751934e-03,1.189362051137e-02,1.350887480084e-02,1.132426620921e-02,1.061642677689e-02
535.20000000,-4.191743251836e+12,-1.098058888171e-02,-1.247184525809e-02,2.139706553925e-04,2.430296806589e-04,1.079505627943e-02,1.012029586958e-02
535.40000000,1.963173728575e+13,1.346047794174e-02,1.528852412178e-02,1.682226732087e-02,1.910687354508e-02,1.348608688429e-02,1.264311976324e-02
535.60000000,1.543490354328e+13,4.189434274818e-02,4.758394705180e-02,1.615798328553e-02,1.835237411768e-02,2.775796717490e-02,2.602291579371e-02
535.80000000,1.376966441055e+13,5.838064769945e-02,6.630923095461e-02,1.975641347003e-02,2.243950156516e-02,2.411219200027e-02,2.260502500313e-02
536.00000000,-3.243608074774e+12,2.032307596592e-02,2.308312070928e-02,2.198036314327e-02,2.496548241939e-02,1.378069969830e-02,1.291931738256e-02
536.20000000,2.086375022257e+13,-2.108670914362e-02,-2.395046169880e-02,4.222913604276e-03,4.796420999007e-03,-2.453128898883e-02,-2.299792573588e-02
536.40000000,3.162835684617e+13,-3.675743445620e-02,-4.174940338454e-02,-1.227198405085e-02,-1.393862331007e-02,-5.018273620161e-02,-4.704599260615e-02
536.60000000,6.586609143335e+10,-6.306514705920e-02,-7.162992474943e-02,-2.508293303379e-02,-2.848940754983e-02,-5.054137144129e-03,-4.738221083798e-03
536.80000000,3.092878950431e+13,-2.559091107160e-02,-2.906637215334e-02,3.658904620267e-03,4.155814823264e-03,2.632767986169e-02,2.468203063169e-02
537.00000000,2.380010814039e+13,1.673338034202e-02,1.900591421086e-02,2.468602153445e-02,2.803859211087e-02,2.741504206849e-02,2.570142571082e-02
537.20000000,2.088360187444e+13,2.662200789972e-02,3.023750060783e-02,8.031741823849e-03,9.122520314766e-03,4.813418571379e-02,4.512548969224e-02
537.40000000,1.892191665685e+13,1.595560557625e-02,1.812251108660e-02,3.887499713259e-03,4.415455063875e-03,2.032600935036e-02,1.905550310704e-02
537.60000000,1.844646497629e+13,-1.946658001541e-04,-2.211030540086e-04,1.779776599759e-02,2.021485319515e-02,1.514450975304e-02,1.419788054208e-02
537.80000000,-9.562682544676e+12,-3.304973702419e-02,-3.753816943944e-02,-1.123153543280e-02,-1.275687296714e-02,-5.837300136339e-02,-5.472431354695e-02
538.00000000,1.712435259404e+13,-7.116133528416e-02,-8.082564346814e-02,-3.449710980636e-02,-3.918210917521e-02,-8.420987930324e-02,-7.894622053187e-02
538.20000000,1.631856737359e+13,-8.675705848936e-03,-9.853939712914e-03,-1.688789984892e-02,-1.918141952571e-02,2.657027120817e-02,2.490945845960e-02
538.40000000,3.255529447257e+13,3.098886773242e-02,3.519741675477e-02,1.526143205325e-02,1.733406364293e-02,2.068050821266e-02,1.938784351167e-02
538.60000000,7.773135834339e+12,2.498453882207e-02,2.837764944945e-02,8.552220283093e-03,9.713684152198e-03,1.182821299994e-02,1.108887365375e-02
538.80000000,3.366934244086e+13,1.141433332424e-02,1.296449584606e-02,4.417786101911e-03,5.017758830508e-03,5.219423405450e-03,4.893175891300e-03
539.00000000,3.518797416415e+13,4.246597515104e-02,4.823321194549e-02,3.467935818138e-02,3.938910842145e-02,3.869941648031e-03,3.628045418410e-03
539.20000000,1.982000045860e+13,2.723823062957e-02,3.093741157017e-02,3.258217917158e-02,3.700711475928e-02,7.455723977082e-03,6.989693301898e-03
539.40000000,1.127809506883e+13,2.444725261555e-02,2.776739525459e-02,6.239111586356e-02,7.086435724765e-02,-2.310710818763e-02,-2.166276538962e-02
539.60000000,1.728617282203e+13,1.724579282306e-02,1.958791661899e-02,2.826349683906e-02,3.210191882849e-02,-1.238601809908e-02,-1.161181234853e-02
539.80000000,8.159923977823e+12,-1.498455523417e-03,-1.701958393627e-03,-2.496579906681e-02,-2.835636579914e-02,1.810414995070e-02,1.697252420234e-02
540.00000000,1.129715435473e+13,-4.810065274885e-02,-5.463312617925e-02,-2.337841712421e-02,-2.655340395894e-02,1.435681007284e-03,1.345941715536e-03
540.20000000,2.847330586774e+13,-3.306427089443e-02,-3.755467713156e-02,5.968984386094e-03,6.779622965341e-03,-1.315814993129e-02,-1.233568097784e-02
540.40000000,-7.277605004743e+12,-1.600512567941e-02,-1.817875643650e-02,-7.934712933579e-03,-9.012314080298e-03,-2.865316967425e-02,-2.686216238234e-02
540.60000000,8.124629777005e+12,-6.016380680018e-03,-6.833455806723e-03,-2.488659505028e-02,-2.826640520707e-02,-4.866526779983e-02,-4.562337573402e-02
540.80000000,6.532532588850e+12,1.398669264639e-02,1.588620321164e-02,1.549437649710e-02,1.759864391304e-02,-1.507043465428e-02,-1.412843561316e-02
541.00000000,-5.758010194415e+10,3.924916942011e-02,4.457953692554e-02,4.704959815134e-02,5.343933163572e-02,5.012122755943e-02,4.698832864950e-02
541.20000000,2.667104142042e+13,2.038666013798e-02,2.315534014699e-02,4.993786344790e-02,5.671984779525e-02,6.969781845381e-02,6.534125677144e-02
541.40000000,3.882667195557e+13,-1.086622174694e-02,-1.234194610397e-02,3.702322261422e-02,4.205128947415e-02,5.113573677750e-02,4.793942452000e-02
541.60000000,-2.462372674336e+13,-2.718579749401e-02,-3.087785757356e-02,3.486314270105e-02,3.959785243376e-02,1.000683916174e-02,9.381347388530e-03
541.80000000,1.276416951640e+13,-5.186714395703e-02,-5.891113859010e-02,-2.235135274501e-02,-2.538685554775e-02,-3.569805810467e-02,-3.346670000015e-02
542.00000000,2.767367994213e+13,-5.993932096985e-03,-6.807958517201e-03,1.824501817787e-02,2.072284600541e-02,8.321667967050e-03,7.801510226063e-03
542.20000000,2.022150245367e+12,1.227183681590e-02,1.393845552814e-02,2.764101191373e-02,3.139489518387e-02,1.006222621773e-02,9.433272397482e-03
542.40000000,2.400455486987e+13,1.529336513838e-02,1.737033282423e-02,1.168889510614e-04,1.327634595358e-04,1.677299183759e-03,1.572457202821e-03
542.60000000,4.104926893010e+13,2.346442897267e-02,2.665109589014e-02,3.049839852552e-02,3.464033907199e-02,1.449995857771e-02,1.359361795849e-02
542.80000000,1.732252842854e+13,3.964949278017e-02,4.503422756679e-02,2.244471294521e-02,2.549289485299e-02,2.225127849752e-02,2.086043055656e-02
543.00000000,2.891787104907e+12,-1.589261307402e-04,-1.805096367241e-04,2.382802241668e-02,2.706406945395e-02,6.918522325444e-03,6.486070206708e-03
543.20000000,5.534721693781e+13,2.370150671567e-02,2.692037078575e-02,3.834465439893e-02,4.355218287498e-02,1.142943865671e-02,1.071502527036e-02
543.40000000,8.398632864787e+11,1.868279434894e-02,2.122007504505e-02,1.688150872004e-02,1.917416042747e-02,-1.829626423224e-02,-1.715263010634e-02
543.60000000,9.000371113592e+12,3.294239958017e-03,3.741625466723e-03,2.889419655968e-03,3.281827290711e-03,1.866736422857e-02,1.750053396740e-02
543.80000000,2.657863083022e+13,-1.151176369700e-03,-1.307515808335e-03,-1.004992182404e-02,-1.141478623346e-02,4.254705546402e-02,3.988759099807e-02
544.00000000,1.394840573111e+13,1.991874039840e-03,2.262387296904e-03,-2.822419311653e-02,-3.205727732792e-02,2.860676205547e-02,2.681865553805e-02
544.20000000,2.228219818584e+13,-1.661985458019e-02,-1.887697069521e-02,-3.382162407471e-02,-3.841488676637e-02,-1.947525533618e-03,-1.825792668753e-03
544.40000000,3.979303298208e+13,-7.308456842784e-02,-8.301006785755e-02,-8.157464537207e-02,-9.265317236253e-02,-7.900500616793e-02,-7.406668542530e-02
544.60000000,-7.733792866519e+11,-8.863906525392e-02,-1.006769962502e-01,-6.203215568293e-02,-7.045664723757e-02,-8.867857304540e-02,-8.313559218965e-02
544.80000000,1.178772931431e+13,-9.274089166410e-03,-1.053358852055e-02,2.267749839121e-03,2.575729453201e-03,-1.196991024227e-02,-1.122171390758e-02
545.00000000,4.582770275163e+13,4.336942588323e-02,4.925935889004e-02,1.765330510052e-02,2.005077328607e-02,1.123362699145e-02,1.053145309288e-02
545.20000000,3.027799860995e+13,4.047792150093e-02,4.597516387939e-02,1.439302808225e-02,1.634772306568e-02,6.256071400173e-02,5.865026722609e-02
545.40000000,5.225713593099e+13,3.578676654729e-02,4.064691060502e-02,-8.347894828425e-03,-9.481609572123e-03,6.840770328127e-02,6.413178209026e-02
545.60000000,1.056855383077e+13,3.189879097028e-02,3.623091522572e-02,-1.318500484639e-02,-1.497564005411e-02,4.672150067688e-02,4.380110655111e-02
545.80000000,1.218793611409e+13,1.324996605006e-02,1.504942294367e-02,-6.088261265599e-02,-6.915098654206e-02,-1.943028607058e-02,-1.821576829010e-02
546.00000000,1.965378505256e+13,-1.326300707381e-01,-1.506423504819e-01,-9.308372301282e-02,-1.057252801176e-01,-2.972688453057e-02,-2.786876315812e-02
546.20000000,3.573675730510e+13,-3.877390257932e-03,-4.403972484820e-03,-3.587473638001e-02,-4.074682909275e-02,-2.207996759351e-02,-2.069982768526e-02
546.40000000,-5.899746432939e+12,2.439791052379e-02,2.771135209154e-02,-1.831259218033e-02,-2.079959712910e-02,1.168335342452e-02,1.095306873297e-02
546.60000000,3.635338585355e+13,1.893131698500e-02,2.150234914651e-02,-1.921259641583e-02,-2.182182955413e-02,-3.057989807729e-03,-2.866845787486e-03
546.80000000,1.599837215373e+13,2.144170997117e-03,2.435367462622e-03,-3.251064030145e-02,-3.692586030534e-02,-1.195857099921e-03,-1.121108344010e-03
547.00000000,1.859334672796e+13,-2.556417314747e-03,-2.903600299410e-03,-4.228611189821e-02,-4.802892364872e-02,-2.242450978524e-02,-2.102283377523e-02
547.20000000,2.117673730407e+13,-6.748480234488e-04,-7.664980641611e-04,-5.071880824316e-02,-5.760685150075e-02,-4.226256221361e-02,-3.962088040458e-02
547.40000000,1.531830381774e+13,7.971104447543e-03,9.053647511698e-03,-3.299490896275e-02,-3.747589674791e-02,-1.778461095612e-02,-1.667295844897e-02
547.60000000,2.570505948877e+13,-4.423381165669e-02,-5.024113552570e-02,-7.017036661402e-02,-7.970009606510e-02,-8.919441174289e-02,-8.361918765265e-02
547.80000000,2.253891219637e+13,-2.427361953720e-02,-2.757018134301e-02,-3.149315210329e-02,-3.577018860157e-02,-7.709111401391e-02,-7.227242383372e-02
548.00000000,1.597610313736e+11,1.602900259610e-02,1.820587603941e-02,7.339425323468e-03,8.336181376402e-03,-5.835221647133e-03,-5.470482784425e-03
548.20000000,1.301844600145e+13,7.108766990861e-03,8.074197371468e-03,-1.582759132654e-02,-1.797711213543e-02,1.246099029539e-02,1.168209830063e-02
548.40000000,4.325783343917e+12,1.603776529326e-02,1.821582878459e-02,-1.887677150374e-03,-2.144039677778e-03,2.238668314021e-02,2.098737153867e-02
548.60000000,1.164088245565e+13,5.322155934371e-03,6.044949498427e-03,-1.706999188194e-02,-1.938824119737e-02,2.356090041462e-02,2.208819268538e-02
548.80000000,2.444030824232e+13,-1.956676077600e-03,-2.222409155185e-03,-2.955545457016e-02,-3.356933534988e-02,-2.321525921860e-02,-2.176415628595e-02
549.00000000,2.695229316681e+13,-2.561234564993e-02,-2.909071772779e-02,-2.994107074027e-02,-3.400732145833e-02,-4.796744125605e-02,-4.496916783496e-02
549.20000000,1.944672249865e+13,-2.653916806360e-02,-3.014341042483e-02,-5.242885834204e-02,-5.954914087066e-02,-3.275433148831e-02,-3.070697522008e-02
549.40000000,4.124363910466e+12,2.563074468024e-02,2.911161550126e-02,8.069026828836e-03,9.164868938873e-03,3.350847471260e-02,3.141397964509e-02
549.60000000,1.344270405473e+13,3.035510772260e-02,3.447758680225e-02,4.149356076780e-02,4.712873736954e-02,5.568573260252e-02,5.220501635784e-02
549.80000000,2.188572606921e+12,4.577907060472e-03,5.199625364287e-03,2.587677387449e-02,2.939105869285e-02,5.374035769583e-02,5.038123988800e-02
550.00000000,1.233935129716e+13,1.542568016671e-02,1.752061734690e-02,4.195190286231e-02,4.764932619822e-02,5.169758400231e-02,4.846615268162e-02
550.20000000,2.889567491439e+13,3.754602170824e-02,4.264508742170e-02,3.742171658791e-02,4.250390230086e-02,3.837738771598e-02,3.597855428759e-02
550.40000000,-5.145645261849e+12,1.089626158142e-02,1.237606560078e-02,2.021214340526e-02,2.295712348122e-02,1.013690481164e-02,9.503283099224e-03
550.60000000,1.974577365746e+13,6.585925942196e-03,7.480350108468e-03,1.608826672879e-02,1.827318946271e-02,2.140096121505e-02,2.006326357022e-02
550.80000000,2.109402954162e+13,1.670490310088e-02,1.897356952072e-02,4.460169649688e-02,5.065898422650e-02,-1.154917301281e-02,-1.082727545953e-02
551.00000000,2.152028015432e+13,-3.506123404611e-02,-3.982284468452e-02,2.752049399677e-02,3.125800991416e-02,-4.462662160966e-02,-4.183717089182e-02
551.20000000,3.635890845885e+13,-3.180149520308e-02,-3.612040587454e-02,4.284572490245e-02,4.866453683345e-02,-1.099160876251e-02,-1.030456255899e-02
551.40000000,2.399392604160e+13,-5.495332794086e-03,-6.241645233046e-03,4.118015125867e-02,4.677276419752e-02,2.390014932607e-02,2.240623635911e-02
551.60000000,2.413344143245e+13,7.887119440332e-03,8.958256633738e-03,6.164969192216e-02,7.002224166231e-02,3.251165672383e-02,3.047946918833e-02
551.80000000,2.147847055194e+13,1.037406806204e-02,1.178295380698e-02,2.261709100407e-02,2.568868331062e-02,3.908887873563e-02,3.664557254493e-02
552.00000000,2.815621796946e+13,9.551916946734e-03,1.084914765148e-02,3.866531052846e-02,4.391638681976e-02,3.173063360338e-02,2.974726503345e-02
552.20000000,1.819806643524e+13,-6.366054447602e-02,-7.230618214597e-02,-4.826464149987e-02,-5.481938815065e-02,-1.061841759236e-01,-9.954698235910e-02
552.40000000,5.330588636720e+12,-8.766000061167e-02,-9.956496639030e-02,-5.515096106944e-02,-6.264092817835e-02,-1.381979969714e-01,-1.295597338013e-01
552.60000000,8.073920581765e+12,-4.118639771128e-02,-4.677985712123e-02,1.470415265703e-02,1.670110098993e-02,-4.177271170120e-02,-3.916164869803e-02
552.80000000,3.146515694499e+13,-1.015885303296e-02,-1.153851076583e-02,3.446718847454e-02,3.914812427339e-02,-7.737027647443e-03,-7.253413684595e-03
553.00000000,2.532526984813e+13,-7.815017285650e-03,-8.876362399680e-03,1.216608480303e-02,1.381834204846e-02,5.562777772314e-03,5.215068403097e-03
553.20000000,6.946018510224e+12,6.730033750088e-03,7.644028969399e-03,2.577995621793e-02,2.928109237942e-02,8.254647299322e-03,7.738678780888e-03
553.40000000,3.156522078587e+13,2.400483020757e-04,2.726488816049e-04,3.777354663981e-03,4.290351385041e-03,-8.863248636066e-03,-8.309238621896e-03
553.60000000,1.288650036401e+13,-7.189641748178e-03,-8.166055601423e-03,3.215295817247e-03,3.651960191713e-03,-1.236871148361e-02,-1.159558750778e-02
553.80000000,3.379246340919e+13,3.028185306038e-02,3.439438354044e-02,5.256711107116e-02,5.970616949007e-02,4.191099834968e-02,3.929129154205e-02
554.00000000,-5.614118447812e+08,2.236809925079e-02,2.540587536595e-02,5.266312296278e-02,5.981522060885e-02,5.623803488611e-02,5.272279619842e-02
554.20000000,2.330265302731e+13,7.013702831546e-03,7.966222699313e-03,6.748820254152e-03,7.665367141955e-03,5.630017949829e-02,5.278105637286e-02
554.40000000,2.802637804176e+13,-3.941601862137e-02,-4.476904565243e-02,-2.847641012407e-02,-3.234374753892e-02,3.353932452612e-05,3.144290114728e-05
554.60000000,4.487661818905e+13,-4.338839150159e-02,-4.928090019897e-02,-2.609247534968e-02,-2.963605425329e-02,-5.910071734822e-03,-5.540654260485e-03
554.80000000,3.681751068916e+13,-6.239376203786e-02,-7.086735999220e-02,-4.665025420958e-02,-5.298575340808e-02,-5.565917188965e-02,-5.218011586026e-02
555.00000000,-4.440249665539e+12,-5.399175035267e-02,-6.132428441372e-02,-4.187680806396e-02,-4.756403289093e-02,-2.212238342771e-02,-2.073959225716e-02
555.20000000,2.805350069312e+13,-4.025065198211e-02,-4.571702924735e-02,-6.694019299397e-02,-7.603123753910e-02,-4.086878488231e-02,-3.831422311591e-02
555.40000000,-1.605626854071e+13,7.723390545050e-03,8.772291976630e-03,-8.290558961233e-03,-9.416487009085e-03,4.686493422643e-02,4.393557458180e-02
555.60000000,3.425996613755e+13,1.417285469406e-02,1.609764763201e-02,-4.557054338632e-02,-5.175940872031e-02,5.705016008547e-02,5.348415835235e-02
555.80000000,1.764415565030e+13,-3.312878636300e-02,-3.762795434369e-02,-2.300406014477e-02,-2.612820613451e-02,5.823145033240e-03,5.459161036532e-03
556.00000000,1.244010227515e+13,-4.274268313980e-02,-4.854749920774e-02,-3.754412187669e-02,-4.264293126345e-02,-2.768627089634e-02,-2.595570099342e-02
556.20000000,4.763880558201e+13,-4.503813993234e-02,-5.115469834993e-02,-4.128293917252e-02,-4.688951157970e-02,1.701240158374e-03,1.594901712625e-03
556.40000000,2.622839095731e+13,-2.773395838494e-02,-3.150046332648e-02,-5.175382907106e-02,-5.878243691371e-02,-1.134605188438e-02,-1.063685070732e-02
556.60000000,5.576057042304e+12,-1.199282142178e-02,-1.362154749546e-02,-3.531158342287e-02,-4.010719519956e-02,-1.060432245479e-02,-9.941484135045e-03
556.80000000,2.587975985481e+13,-3.788035448500e-03,-4.302482540308e-03,-4.399187741216e-02,-4.996634655081e-02,-3.589515311134e-02,-3.365147530195e-02
557.00000000,1.377263052759e+13,-3.810387992891e-02,-4.327870748334e-02,-3.852681921582e-02,-4.375908721518e-02,-5.058442761476e-03,-4.742257572383e-03
557.20000000,3.812226550235e+13,-1.272647531770e-01,-1.445483776446e-01,-1.143856203384e-01,-1.299201553212e-01,-3.984254698544e-02,-3.735213168442e-02
557.40000000,3.670108157022e+13,-5.117470598443e-02,-5.812466171366e-02,-8.636180924340e-02,-9.809047358861e-02,-9.670150936587e-02,-9.065704341734e-02
557.60000000,1.550663730790e+13,-6.615639280177e-02,-7.514098767797e-02,-3.850502431172e-02,-4.373433237870e-02,-3.472474663653e-02,-3.255422675538e-02
557.80000000,7.224609517542e+12,-1.022021254388e-03,-1.160820341470e-03,-1.071862163853e-02,-1.217430114018e-02,-4.249767449309e-03,-3.984129665525e-03
558.00000000,3.700264550755e+13,4.494260661274e-02,5.104619080159e-02,3.175246188407e-02,3.606471484444e-02,4.385582858043e-02,4.111455738169e-02
558.20000000,3.973480799645e+13,2.133454623801e-02,2.423195715627e-02,1.083017753950e-02,1.230100727631e-02,1.344835631126e-02,1.260774759357e-02
558.40000000,2.007421570696e+13,-3.151948454788e-02,-3.580009579913e-02,-3.852837984942e-02,-4.376085979602e-02,-1.466992180334e-02,-1.375295738997e-02
558.60000000,8.005419646854e+12,-1.165355330055e-01,-1.323620390829e-01,-1.493631500440e-01,-1.696479294825e-01,-8.267613659490e-02,-7.750834660196e-02
558.80000000,3.237295411816e+13,-1.261599310495e-01,-1.432935113746e-01,-1.113214380779e-01,-1.264398311857e-01,-1.083824644096e-01,-1.016078636838e-01
559.00000000,2.097732029339e+13,-7.251782099431e-02,-8.236635135313e-02,-4.234605004527e-02,-4.809700190324e-02,-4.317692103251e-02,-4.047808591965e-02
559.20000000,3.080336706543e+12,1.902194639822e-02,2.160528679673e-02,2.422092785508e-02,2.751033477500e-02,2.761391271938e-02,2.588786566766e-02
559.40000000,4.209961218215e+13,1.519947195551e-02,1.726368815699e-02,8.344768084885e-03,9.478058190358e-03,-1.671027350629e-02,-1.566577399577e-02
559.60000000,9.808874904956e+12,1.631674258730e-02,1.853269354287e-02,1.065965235498e-02,1.210732332903e-02,-2.937306585255e-02,-2.753706042189e-02
559.80000000,1.836974258315e+13,5.678533550313e-04,6.449726193684e-04,-4.468019710112e-03,-5.074814587694e-03,-4.557487594127e-02,-4.272615323217e-02
560.00000000,1.492746913893e+13,-7.162406966724e-03,-8.135122107454e-03,-1.336532547387e-02,-1.518044974837e-02,-4.958854268773e-02,-4.648894000646e-02
560.20000000,3.580746033246e+13,2.061913463867e-02,2.341938664125e-02,2.678556586663e-02,3.042327232621e-02,-4.058941989112e-02,-3.805232023247e-02
560.40000000,2.719330764674e+13,3.717558738108e-02,4.222434499554e-02,1.539486635390e-02,1.748561945051e-02,2.063614964389e-02,1.934625763859e-02
560.60000000,4.117101774220e+12,4.092938055447e-02,4.648793487162e-02,5.022393994543e-03,5.704477590145e-03,2.247204871642e-02,2.106740121763e-02
560.80000000,1.929816846778e+13,2.509807635878e-02,2.850660633911e-02,7.940636071283e-04,9.019041630219e-04,-1.264994052841e-02,-1.185923792949e-02
561.00000000,2.434482470115e+13,-1.838193593229e-02,-2.087835752357e-02,-6.686999118410e-03,-7.595150172951e-03,-4.254213605872e-02,-3.988297908723e-02
561.20000000,2.336208723374e+13,8.371376213009e-03,9.508279551368e-03,1.513253894343e-02,1.718766575832e-02,-1.967878083510e-02,-1.844873053447e-02
561.40000000,3.620733967182e+13,-4.388389119089e-03,-4.984369291591e-03,5.073666225238e-03,5.762713023549e-03,-2.069698228807e-02,-1.940328785147e-02
561.60000000,-2.364826578773e+12,2.296080599641e-02,2.607907667551e-02,-2.539268008939e-03,-2.884122087614e-03,-3.679464027013e-02,-3.449473873127e-02
561.80000000,3.390448110464e+13,3.035296001265e-02,3.447514741522e-02,-4.049898443768e-02,-4.599908915935e-02,-6.707291941480e-02,-6.288043079565e-02
562.00000000,2.423309394342e+13,5.940673018282e-02,6.747466407412e-02,-3.023472269633e-02,-3.434085383441e-02,-1.052189428107e-02,-9.864208252045e-03
562.20000000,2.339619355653e+13,-1.035139911811e-02,-1.175720622971e-02,-4.628863477485e-02,-5.257502299469e-02,-2.871723186957e-02,-2.692222027865e-02
562.40000000,3.815925519175e+13,2.162472142598e-02,2.456154057670e-02,-4.079261989109e-03,-4.633260279158e-03,1.450095292743e-02,1.359455015497e-02
562.60000000,4.266393701095e+13,9.266533565252e-03,1.052500680517e-02,9.790462469407e-03,1.112009010336e-02,2.167166292414e-02,2.031704468238e-02
562.80000000,2.710086529955e+13,2.420532193189e-02,2.749260834815e-02,1.051077725638e-02,1.193822973251e-02,-2.045603570811e-03,-1.917740198160e-03
563.00000000,2.749977115030e+12,1.088902270164e-02,1.236784362020e-02,-1.718361727275e-02,-1.951729787757e-02,8.609098441940e-04,8.070974448625e-04
563.20000000,2.932669294742e+13,2.142221830005e-02,2.433153582213e-02,-1.222892979664e-02,-1.388972192388e-02,2.348320324522e-02,2.201535208851e-02
563.40000000,8.085536678448e+12,-2.756933971552e-02,-3.131348805642e-02,-5.567372510083e-02,-6.323468798796e-02,-2.828498203542e-02,-2.651698883770e-02
563.60000000,2.676111681055e+13,-4.708779764142e-02,-5.348271682464e-02,-5.084358273487e-02,-5.774857142408e-02,-4.308688380573e-02,-4.039367659832e-02
563.80000000,2.440729439313e+13,-1.571232281905e-03,-1.784618848364e-03,1.901692810036e-02,2.159958782599e-02,5.588096783722e-02,5.238804813536e-02
564.00000000,1.166628320738e+13,-3.831542140219e-02,-4.351897806891e-02,7.088735515663e-03,8.051445771777e-03,-3.632008698799e-03,-3.404984807976e-03
564.20000000,2.528817933583e+13,-1.741614928252e-02,-1.978140891927e-02,4.436493681717e-03,5.039007057924e-03,1.336461584664e-02,1.252924144628e-02
564.40000000,3.563749033239e+13,-1.906302705384e-03,-2.165194655109e-03,-1.582638099824e-02,-1.797573743431e-02,-3.713605506754e-03,-3.481481290916e-03
564.60000000,4.099723768539e+13,6.447199753515e-03,7.322783735925e-03,2.273053022972e-04,2.581752854290e-04,2.283728677442e-02,2.140980954920e-02
564.80000000,4.170695537852e+12,-6.261429363519e-03,-7.111784163631e-03,-1.386452644914e-03,-1.574744643949e-03,7.974340595838e-03,7.475893048229e-03
565.00000000,4.680942321026e+13,-4.103036789436e-02,-4.660263714212e-02,9.367648291928e-03,1.063985418343e-02,-3.430940193481e-02,-3.216484376742e-02
565.20000000,7.963262044262e+12,-5.005054953044e-02,-5.684783535298e-02,1.561584566523e-02,1.773660962188e-02,1.304129077115e-02,1.222612626640e-02
565.40000000,4.779563434712e+13,-4.202147881545e-02,-4.772834926691e-02,2.216205132143e-02,2.517184538929e-02,3.606244682898e-02,3.380831208684e-02
565.60000000,1.509998428347e+13,-5.965133821613e-02,-6.775249193684e-02,-5.725297173631e-03,-6.502840967749e-03,5.107494280371e-03,4.788243056037e-03
565.80000000,1.109447433172e+13,-3.327796259984e-02,-3.779738996887e-02,-8.602440682063e-03,-9.770724906228e-03,3.018041079834e-04,2.829394111884e-04
566.00000000,3.516704933763e+13,-1.660189091304e-02,-1.885656741089e-02,9.054253459263e-04,1.028389768106e-03,-9.357594042315e-03,-8.772684262520e-03
566.20000000,2.891035346225e+13,-1.207566554582e-03,-1.371564254871e-03,-1.448954282421e-02,-1.645734532615e-02,-4.467592592576e-02,-4.188339337122e-02
566.40000000,4.533405731514e+13,-4.467763020754e-02,-5.074522837066e-02,-1.630121961767e-02,-1.851506315555e-02,-4.316811921192e-02,-4.046983426943e-02
566.60000000,-3.646235939683e+12,-3.569829210079e-02,-4.054642058414e-02,-1.184909794596e-02,-1.345830569438e-02,-3.124535879451e-02,-2.929232301956e-02
566.80000000,1.261386730758e+13,-3.725632279340e-02,-4.231604495628e-02,-1.625977738153e-02,-1.846799271313e-02,-1.048152642132e-02,-9.826363643017e-03
567.00000000,3.218860429595e+13,-7.721461715249e-02,-8.770101195510e-02,-3.561605850523e-02,-4.045302057408e-02,-9.163706293320e-03,-8.590915744180e-03
567.20000000,2.059038769994e+13,-2.468666189583e-02,-2.803931832987e-02,-4.906106432664e-03,-5.572397193530e-03,-2.440364468071e-02,-2.287826001754e-02
567.40000000,2.504870769922e+13,-1.251605848025e-02,-1.421584454974e-02,-1.575888247419e-02,-1.789907203963e-02,-2.781167620786e-02,-2.607326766686e-02
567.60000000,4.132232442001e+13,-2.047486086935e-02,-2.325551927992e-02,-1.173068396400e-02,-1.332381009184e-02,-1.397239612727e-02,-1.309903155246e-02
567.80000000,2.652656143370e+13,-1.666563348145e-02,-1.892896675651e-02,-4.409950593793e-02,-5.008859194096e-02,-1.900793888910e-02,-1.781982052238e-02
568.00000000,2.375190249875e+13,-1.077080287919e-02,-1.223356855099e-02,-2.298469063111e-02,-2.610620607702e-02,-2.761662901075e-03,-2.589041217335e-03
568.20000000,-1.575213079199e+12,-2.189240394627e-02,-2.486557663591e-02,-2.156150102444e-02,-2.448973528110e-02,-2.304552525663e-02,-2.160503178768e-02
568.40000000,2.064945822264e+13,5.232625697969e-03,5.943260302487e-03,1.719988316384e-02,1.953577281428e-02,2.322313972420e-04,2.177154420932e-04
568.60000000,2.490573628575e+13,2.053665538649e-02,2.332570601253e-02,3.406427001868e-02,3.869048608240e-02,4.037111147018e-02,3.784765749117e-02
568.80000000,2.179999176400e+13,1.770698721461e-02,2.011174509006e-02,3.046439907937e-02,3.460172221342e-02,-1.664305069943e-03,-1.560275304646e-03
569.00000000,1.688555679598e+13,-1.821271112319e-02,-2.068615056130e-02,-6.493425533093e-03,-7.375287657050e-03,-1.955072224840e-02,-1.832867643263e-02
569.20000000,1.725288222110e+13,-1.299902444308e-02,-1.476440135467e-02,6.105055267030e-04,6.934173423118e-04,-3.802778950086e-03,-3.565080820818e-03
569.40000000,1.126284560289e+13,-4.769331403028e-03,-5.417046743477e-03,-3.658771010820e-03,-4.155663068522e-03,-2.091620647019e-02,-1.960880911300e-02
569.60000000,3.235471671451e+13,-2.274999519937e-02,-2.583963599817e-02,-8.115785918180e-04,-9.217978308142e-04,9.802191350600e-03,9.189491381094e-03
569.80000000,3.575748736337e+13,-1.998433585578e-02,-2.269837684153e-02,1.975982471078e-03,2.244337608128e-03,1.548349942205e-02,1.451568117770e-02
570.00000000,1.811704193273e+13,-3.783465959623e-03,-4.297292476388e-03,-5.711412280759e-02,-6.487070388955e-02,1.893271691870e-02,1.774930040868e-02
570.20000000,1.802655372044e+13,1.036679718647e-02,1.177469548533e-02,-7.261437182226e-02,-8.247601785773e-02,-6.600498099035e-03,-6.187924538761e-03
570.40000000,1.104202425562e+13,2.785168697736e-02,3.163418045248e-02,-1.856008336417e-02,-2.108069970957e-02,-5.439673996684e-02,-5.099659404775e-02
570.60000000,4.784023462621e+13,4.185285727619e-02,4.753682750360e-02,4.724405853871e-02,5.366020138889e-02,6.818128650274e-03,6.391951781583e-03
570.80000000,2.363122336475e+13,4.412348727840e-02,5.011582816841e-02,2.395191184910e-02,2.720478411944e-02,8.206904135803e-03,7.693919871990e-03
571.00000000,2.579731382635e+13,-4.213101515019e-03,-4.785276155769e-03,2.384519661836e-03,2.708357605752e-03,6.662580401625e-03,6.246126298364e-03
571.20000000,3.771930904979e+13,-1.409259546568e-02,-1.600648852501e-02,7.008667941736e-03,7.960504343913e-03,4.185409821316e-02,3.923794802983e-02
571.40000000,1.672795974933e+13,-3.959783382391e-02,-4.497555288953e-02,-5.743978764884e-02,-6.524059677148e-02,-3.378625507748e-02,-3.167439695155e-02
571.60000000,1.421709118129e+13,-1.194358401955e-01,-1.356562323966e-01,-1.276695080921e-01,-1.450081074180e-01,-1.952065943186e-01,-1.830049273537e-01
571.80000000,2.404327614488e+13,-4.532420423934e-03,-5.147961259717e-03,-1.571318431201e-02,-1.784716768041e-02,-7.977676793289e-02,-7.479020711893e-02
572.00000000,4.816207464141e+13,4.593436631857e-02,5.217263982154e-02,4.412129340084e-02,5.011333832566e-02,6.045052086441e-04,5.667197472455e-04
572.20000000,4.871584702454e+13,3.626534288019e-02,4.119048163135e-02,2.206128761529e-02,2.505739711936e-02,4.230959202619e-03,3.966497055156e-03
572.40000000,4.499446134741e+13,1.632021412006e-02,1.853663653899e-02,1.707567491476e-02,1.939469603414e-02,1.851128906250e-02,1.735421450249e-02
572.60000000,1.372531490904e+13,1.290174090428e-02,1.465390589263e-02,3.554083188600e-02,4.036757754351e-02,1.867239918111e-02,1.750525420304e-02
572.80000000,1.902749074618e+13,2.209765494699e-02,2.509870244980e-02,2.919209516348e-02,3.315662866163e-02,4.384400640238e-02,4.110347416577e-02
573.00000000,5.407466005184e+12,-1.483741343098e-02,-1.685245903795e-02,-1.580117017883e-02,-1.794710277233e-02,-4.241423061804e-02,-3.976306855878e-02
573.20000000,2.134927495817e+13,-5.759066153571e-02,-6.541195802177e-02,-7.171932688856e-02,-8.145941824966e-02,-6.490653336363e-02,-6.084945779856e-02
573.40000000,1.463172807856e+13,4.708584817792e-04,5.348050260763e-04,-2.261155844352e-02,-2.568239938154e-02,-8.002846774896e-03,-7.502617407853e-03
573.60000000,8.852018402836e+12,-8.397498616534e-03,-9.537949597122e-03,-3.104125987688e-02,-3.525692558766e-02,-4.190245818536e-03,-3.928328519290e-03
573.80000000,2.337975029054e+13,8.648980589818e-03,9.823584938705e-03,-1.615539639543e-02,-1.834943590602e-02,-1.215485955187e-02,-1.139510269645e-02
574.00000000,5.299184593163e+13,1.044218362956e-02,1.186032004179e-02,-2.434555529003e-02,-2.765188767001e-02,1.276607784486e-02,1.196811591711e-02
574.20000000,2.661551571732e+13,2.712691226341e-02,3.081097523309e-02,8.193814187949e-03,9.306603477097e-03,-1.869885842593e-03,-1.753005957498e-03
574.40000000,1.011386514094e+13,1.410991451932e-02,1.602615965188e-02,-1.352336662985e-02,-1.535995423041e-02,-2.373730700712e-03,-2.225357273187e-03
574.60000000,3.416800377476e+13,1.678479265126e-02,1.906430874435e-02,1.377240464129e-02,1.564281371076e-02,-4.620646244132e-03,-4.331826151602e-03
574.80000000,1.838541123723e+13,4.104923305242e-02,4.662406434741e-02,7.205495244138e-03,8.184062459206e-03,2.489702876080e-02,2.334080442106e-02
575.00000000,3.207995623401e+13,-8.654766834551e-03,-9.830157004165e-03,-2.144459182672e-02,-2.435694882525e-02,-2.583189735857e-03,-2.421723772199e-03
575.20000000,3.576149637726e+13,-3.007727026242e-02,-3.416201667686e-02,-5.505837427062e-02,-6.253576730894e-02,1.102364419367e-02,1.033459556977e-02
575.40000000,2.674330724409e+13,-2.913334653940e-03,-3.308990016874e-03,-1.828957307344e-02,-2.077345183276e-02,2.355034877884e-02,2.207830059466e-02
575.60000000,4.731209175763e+13,1.325335092640e-03,1.505326751471e-03,-9.448393641026e-03,-1.073156543407e-02,-1.258546270016e-02,-1.179879037998e-02
575.80000000,2.864011744062e+12,-1.664862122587e-02,-1.890964409345e-02,-7.765277761482e-03,-8.819868178352e-03,-1.879760918152e-02,-1.762263777356e-02
576.00000000,3.326145101903e+13,-5.300316112915e-03,-6.020143645425e-03,2.371926709272e-03,2.694054423690e-03,-1.502443398904e-02,-1.408531028520e-02
576.20000000,2.711921391121e+12,-1.962632889435e-03,-2.229174952197e-03,1.841544930041e-02,2.091642311630e-02,-3.961343770256e-03,-3.713734320448e-03
576.40000000,1.104193662346e+13,-1.348794586352e-03,-1.531972241849e-03,6.646839186574e-03,7.549536182606e-03,2.750967480487e-03,2.579014329286e-03
576.60000000,1.265508206251e+12,-5.816948100170e-02,-6.606938604224e-02,-7.274829080436e-02,-8.262812417060e-02,-4.162475482410e-02,-3.902294007684e-02
576.80000000,3.430626127607e+13,-8.691512665293e-02,-9.871893227954e-02,-1.095110593104e-01,-1.243835876652e-01,-8.410271776770e-02,-7.884575728115e-02
577.00000000,3.650790905544e+13,-9.197557102403e-03,-1.044666275820e-02,-2.271877877783e-02,-2.580418114437e-02,-3.418724121479e-02,-3.205031887767e-02
577.20000000,1.993205824951e+13,-6.474440732072e-03,-7.353724268613e-03,-1.674519639080e-02,-1.901933573067e-02,-3.371285472037e-02,-3.160558458858e-02
577.40000000,5.564029788907e+13,-3.189939673113e-03,-3.623160325397e-03,-2.270041994637e-02,-2.578332902828e-02,6.133239675995e-04,5.749872770778e-04
577.60000000,2.345278092765e+12,2.137462280781e-03,2.427747646151e-03,-5.113332867974e-03,-5.807766731960e-03,-1.643985567656e-03,-1.541225901869e-03
577.80000000,2.391973353116e+13,-1.985965732602e-02,-2.255676591822e-02,-4.335745097042e-02,-4.924575963082e-02,-6.834218593182e-02,-6.407035999630e-02
578.00000000,3.954920191486e+13,-1.451019971589e-01,-1.648080694671e-01,-1.296454467897e-01,-1.472523953078e-01,-1.691306900584e-01,-1.585589347299e-01
578.20000000,7.050177260216e+12,-5.805401225906e-02,-6.593823567263e-02,-1.109254995713e-01,-1.259901208801e-01,-1.042261309176e-01,-9.771132775261e-02
578.40000000,-4.480847917867e+12,-3.169784360253e-02,-3.600267751437e-02,-7.636788438439e-02,-8.673928918178e-02,-4.392021653412e-02,-4.117492067438e-02
578.60000000,2.018025401918e+13,-3.005000505793e-02,-3.413104862816e-02,-3.329428915620e-02,-3.781593530450e-02,-3.922869733863e-02,-3.677665158647e-02
578.80000000,8.422978420574e+12,4.440475783098e-03,5.043529762904e-03,-9.212096813009e-03,-1.046317749765e-02,2.297165408698e-02,2.153577804098e-02
579.00000000,1.187959251294e+13,1.637894190053e-02,1.860334004627e-02,1.796049598611e-02,2.039968329287e-02,3.649879901348e-02,3.421738945487e-02
579.20000000,3.060522536382e+13,1.524719531611e-02,1.731789275156e-02,4.391451826924e-02,4.987848138180e-02,5.251022444317e-02,4.922799787114e-02
579.40000000,1.885484452471e+13,-2.392102143045e-02,-2.716969744610e-02,-7.154749606505e-03,-8.126425134657e-03,-2.776737009166e-02,-2.603173096772e-02
579.60000000,4.207999083730e+13,-8.691508600341e-02,-9.871888610947e-02,-8.354971824973e-02,-9.489647684676e-02,-9.302835871621e-02,-8.721348829490e-02
579.80000000,1.975954964948e+13,-5.766279201228e-02,-6.549388442406e-02,-6.411866327210e-02,-7.282652020991e-02,-1.090106259799e-01,-1.021967611180e-01
580.00000000,1.890689722580e+13,-7.635443770409e-02,-8.672401289883e-02,-7.543110509652e-02,-8.567528734114e-02,-1.023937554665e-01,-9.599348754599e-02
580.20000000,3.020102920815e+13,-3.932103023053e-02,-4.466115703875e-02,-3.755836359690e-02,-4.265910712975e-02,-3.076919318344e-02,-2.884592082005e-02
580.40000000,3.063613571484e+13,-3.128679310819e-02,-3.553580290373e-02,-4.356454182098e-02,-4.948097517094e-02,-1.649113845644e-02,-1.546033629517e-02
580.60000000,8.240577727738e+12,1.524540207920e-02,1.731585597799e-02,1.199900994671e-02,1.362857701313e-02,2.714059436504e-02,2.544413275304e-02
580.80000000,2.310301126361e+13,4.097501081558e-02,4.653976210619e-02,1.707019134589e-02,1.938846775022e-02,4.745020944270e-02,4.448426633480e-02
581.00000000,1.979983230133e+13,3.042763934908e-02,3.455996883400e-02,1.475128192430e-02,1.675463081043e-02,6.519572085171e-02,6.112056920970e-02
581.20000000,4.196567088510e+13,-5.025711002717e-04,-5.708244850342e-04,-2.565087268003e-02,-2.913447820499e-02,4.484348899927e-03,4.204048267552e-03
581.40000000,2.896012032615e+13,-3.880027260106e-02,-4.406967614080e-02,-3.001983129843e-02,-3.409677836662e-02,-3.613786978112e-02,-3.387902061964e-02
581.60000000,4.382327157198e+13,-5.975680436703e-02,-6.787228127857e-02,-7.983008706575e-02,-9.067168827866e-02,-6.466765099366e-02,-6.062550711229e-02
581.80000000,2.328490900562e+13,-3.105255748530e-02,-3.526975611206e-02,-3.114020232391e-02,-3.536930525608e-02,-1.878677627143e-02,-1.761248198999e-02
582.00000000,3.012684496305e+13,3.879100327918e-04,4.405914796706e-04,-1.521041860736e-02,-1.727612213950e-02,-1.306014935909e-03,-1.224380607136e-03
582.20000000,1.051820071501e+13,1.931283836287e-02,2.193568433816e-02,1.659830895159e-02,1.885249973450e-02,3.789652059035e-02,3.552774444841e-02
582.40000000,2.067799072370e+13,3.979757674550e-02,4.520242258080e-02,2.954154373948e-02,3.355353531070e-02,5.337638647082e-02,5.004001920423e-02
582.60000000,2.745865575257e+13,1.062337412179e-02,1.206611772767e-02,4.187967498247e-02,4.756728916123e-02,6.859958983032e-02,6.431167449651e-02
582.80000000,3.394222442052e+13,8.335497240639e-03,9.467527912614e-03,1.081283539885e-01,1.228130992623e-01,1.524564980491e-01,1.429269869056e-01
583.00000000,8.332982077817e+12,3.060725004798e-02,3.476397217731e-02,9.586643864027e-02,1.088859120699e-01,1.175868622990e-01,1.102369275376e-01
583.20000000,2.563184968962e+13,5.959340570070e-02,6.768669169829e-02,9.644162765231e-02,1.095392166161e-01,5.724302581924e-02,5.366496873798e-02
583.40000000,-6.526340498432e+12,2.472500372027e-02,2.808286729673e-02,2.279237245448e-02,2.588776946494e-02,1.536646817068e-02,1.440596513184e-02
583.60000000,2.430093828055e+13,1.976082287380e-02,2.244450891565e-02,-1.275134002473e-02,-1.448307988072e-02,-7.778376725337e-03,-7.292178179322e-03
583.80000000,3.950312251683e+13,-1.439386486670e-03,-1.634867284599e-03,-8.497646113858e-03,-9.651698349064e-03,-4.504303343879e-03,-4.222755430486e-03
584.00000000,2.590168808838e+12,1.204602154935e-03,1.368197264806e-03,2.598367201560e-03,2.951247450593e-03,4.721402221938e-02,4.426284233119e-02
584.20000000,1.152817792273e+13,5.724167424466e-02,6.501557531972e-02,3.555895896046e-02,4.038816642805e-02,-3.755543721639e-02,-3.520798097786e-02
584.40000000,4.177817775086e+13,3.183801132115e-03,3.616188118875e-03,-6.926249492398e-02,-7.866892771866e-02,9.526289901254e-02,8.930835545872e-02
584.60000000,3.499202324781e+13,5.690427714220e-02,6.463235685140e-02,7.913996179624e-02,8.988783815886e-02,1.200246728200e-01,1.125223592305e-01
584.80000000,2.015446628689e+13,5.465324563446e-02,6.207561632154e-02,3.521746112703e-02,4.000029029965e-02,1.027082297124e-01,9.628830512999e-02
585.00000000,-2.471596202265e+12,3.155719409295e-02,3.584292661775e-02,2.806230198545e-03,3.187340001159e-03,4.280809490865e-02,4.013231379940e-02
585.20000000,4.382835413675e+12,2.149968712664e-02,2.441952556730e-02,2.099723698542e-02,2.384883941173e-02,5.412385305996e-02,5.074076432671e-02
585.40000000,2.611620338220e+13,-6.422986209063e-03,-7.295281788369e-03,-7.850064451075e-04,-8.916169617712e-04,2.329207920454e-02,2.183617452895e-02
585.60000000,2.515039292244e+13,-4.262216845904e-02,-4.841061761915e-02,-2.248600027007e-02,-2.553978934587e-02,-2.532302934306e-04,-2.374017722850e-04
585.80000000,6.472755312336e+12,-3.986542928380e-02,-4.527949006479e-02,-3.266367021867e-02,-3.709967298000e-02,-1.320398256936e-02,-1.237864878141e-02
586.00000000,1.607271824734e+13,-3.567945462919e-02,-4.052502482537e-02,-1.262827396600e-02,-1.434330041003e-02,6.975135941812e-03,6.539145108132e-03
586.20000000,3.305493773791e+13,-2.330901837000e-02,-2.647457921979e-02,-1.130633696267e-02,-1.284183317761e-02,3.309382411589e-02,3.102524737612e-02
586.40000000,4.460364594660e+13,-1.368660016282e-03,-1.554535564339e-03,4.896145795306e-03,5.561083817349e-03,5.426497562309e-02,5.087306582249e-02
586.60000000,3.960997956272e+13,2.663036763539e-02,3.024699566596e-02,1.777505404817e-02,2.018905677085e-02,5.073770209465e-02,4.756626956346e-02
586.80000000,9.611935566125e+12,2.673592604563e-02,3.036688979662e-02,3.064672932918e-02,3.480881445372e-02,5.748273576420e-02,5.388969527049e-02
587.00000000,1.638479219504e+13,5.993611285902e-03,6.807594137274e-03,2.030243789477e-02,2.305968072634e-02,-9.322320204576e-03,-8.739615266386e-03
587.20000000,2.895173035414e+13,-9.829619896378e-03,-1.116456499867e-02,-7.793907632586e-03,-8.852386228170e-03,-3.245116019420e-02,-3.042275408068e-02
587.40000000,3.525188796090e+13,-2.415779575965e-02,-2.743862772177e-02,-9.900343164052e-03,-1.124489352596e-02,-2.111963906074e-02,-1.979952585894e-02
587.60000000,-7.377440248384e+11,-3.120764175842e-03,-3.544590213456e-03,-3.645043578917e-03,-4.140071335228e-03,-3.812801374142e-04,-3.574476778943e-04
587.80000000,1.401825593764e+12,-1.382285522895e-02,-1.570011529415e-02,1.294312897473e-03,1.470091539272e-03,-2.765829487062e-02,-2.592947364915e-02
588.00000000,9.188546255004e+12,-1.220340803147e-02,-1.386073353892e-02,1.732675504382e-02,1.967987496895e-02,2.664883227519e-02,2.498310895493e-02
588.20000000,5.120004133159e+12,-4.239788680796e-03,-4.815587663243e-03,1.909420952636e-02,2.168736472347e-02,2.173831418905e-02,2.037952981479e-02
588.40000000,2.533480714890e+13,1.673696009963e-02,1.900998012968e-02,2.976147971835e-02,3.380334045623e-02,6.310731719322e-02,5.916270420446e-02
588.60000000,5.439697006174e+13,-3.495778810715e-03,-3.970534991650e-03,-4.130066343324e-03,-4.690964294497e-03,1.158938839005e-02,1.086497711718e-02
588.80000000,2.272961038946e+13,-1.889276409967e-02,-2.145856045491e-02,-2.306788463648e-02,-2.620069853218e-02,1.284912827811e-02,1.204597516443e-02
589.00000000,1.713425849098e+13,-3.309970827793e-02,-3.759492720996e-02,-5.361771326282e-03,-6.089945234780e-03,-2.674599499578e-02,-2.507419838090e-02
589.20000000,2.972112411931e+13,-1.803216079056e-02,-2.048107997409e-02,1.672212241215e-02,1.899312811050e-02,-2.607052915011e-03,-2.444095349259e-03
589.40000000,2.004012405344e+13,-9.788587511557e-03,-1.111796007068e-02,1.969017243158e-02,2.236426443327e-02,-1.608137314578e-02,-1.507618395047e-02
589.60000000,5.239284801523e+13,2.668848175354e-02,3.031300217041e-02,1.714427921843e-02,1.947261738266e-02,4.451503343530e-03,4.173255769566e-03
589.80000000,1.681218570684e+13,-8.128665680200e-04,-9.232606885687e-04,2.869338601434e-04,3.259019059083e-04,2.667335347639e-03,2.500609742343e-03
590.00000000,4.117839096613e+13,1.197822016587e-03,1.360496326613e-03,-4.606920960302e-03,-5.232579802811e-03,2.755478162337e-02,2.583243064525e-02
590.20000000,4.244549590426e+13,-3.512911253677e-02,-3.989994164544e-02,-2.643400325154e-02,-3.002396453366e-02,2.284740208501e-02,2.141929258785e-02
590.40000000,4.418574924026e+13,-3.257501243608e-02,-3.699897325725e-02,-6.795856325844e-03,-7.718791110123e-03,1.482938140526e-02,1.390244974174e-02
590.60000000,2.997949742686e+13,-3.602877855682e-03,-4.092178988207e-03,4.442832143106e-02,5.046206335994e-02,9.706121068517e-03,9.099426109196e-03
590.80000000,1.875596886752e+13,2.617120512061e-02,2.972547501762e-02,2.603886894032e-02,2.957516764001e-02,-2.973370143985e-03,-2.787515396675e-03
591.00000000,-6.902720160502e+12,4.938297730408e-02,5.608960120038e-02,5.261941826450e-02,5.976558044280e-02,5.779849358191e-02,5.418571619485e-02
591.20000000,3.688306609053e+13,6.837794437642e-02,7.766424465174e-02,2.710717324473e-02,3.078855670716e-02,3.905810434665e-02,3.661672175308e-02
591.40000000,1.681200290154e+13,1.546931203783e-02,1.757017479330e-02,5.644823872335e-03,6.411438711307e-03,1.577023552843e-02,1.478449443424e-02
591.60000000,6.944489970953e+11,-2.013284543438e-02,-2.286705527068e-02,-1.117438607825e-02,-1.269196224675e-02,-2.788414614683e-02,-2.614120776879e-02
591.80000000,4.326023087356e+13,-5.709085970533e-02,-6.484427889677e-02,-6.141306551807e-02,-6.975347939061e-02,-2.402578800120e-02,-2.252402180941e-02
592.00000000,1.418719311535e+13,-2.223149065945e-02,-2.525071417829e-02,-4.893660826765e-02,-5.558261369056e-02,-2.469905566393e-02,-2.315520591536e-02
592.20000000,3.198671299939e+13,4.842257556450e-03,5.499876882239e-03,-3.314718872454e-02,-3.764885738970e-02,-2.265544193051e-02,-2.123933117695e-02
592.40000000,-2.278994766209e+13,7.558895786048e-03,8.585457445063e-03,-9.821371762104e-03,-1.115519713951e-02,-1.822277774993e-02,-1.708373700155e-02
592.60000000,1.423502523429e+13,-2.275800209904e-02,-2.584873030219e-02,2.175660069561e-02,2.471133113823e-02,5.715749695771e-03,5.358478598009e-03
592.80000000,4.422394540217e+13,-7.670877208870e-03,-8.712646887474e-03,2.503160760937e-03,2.843111169854e-03,-5.253708001035e-02,-4.925317479273e-02
593.00000000,2.576969606810e+13,-9.491333224339e-03,-1.078033614974e-02,-3.397552141138e-03,-3.858968466337e-03,-3.806364426916e-02,-3.568442182299e-02
593.20000000,1.435062125391e+13,-2.543051081176e-03,-2.888418818838e-03,3.824029893280e-03,4.343365505367e-03,-6.475945726489e-03,-6.071157490142e-03
593.40000000,4.738450820633e+13,5.761971495969e-03,6.544495714522e-03,1.084780596611e-02,1.232102979239e-02,2.611558858056e-02,2.448319641899e-02
593.60000000,8.856761357799e+12,1.224540486312e-02,1.390843389374e-02,2.441533743302e-02,2.773114681839e-02,4.220316291517e-02,3.956519394412e-02
593.80000000,2.485674682154e+13,1.840268027199e-02,2.090191911918e-02,1.385745359061e-02,1.573941302694e-02,5.631555190673e-02,5.279546790696e-02
594.00000000,2.910140302323e+13,9.804573205454e-03,1.113611675634e-02,2.292496765383e-02,2.603837221416e-02,4.858190413153e-02,4.554522283086e-02
594.20000000,2.266087782041e+13,-2.503900067763e-02,-2.843950768332e-02,-1.748906372853e-02,-1.986422654622e-02,-8.478842114965e-03,-7.948859979392e-03
594.40000000,5.205776023282e+13,-6.670828120712e-03,-7.576782717312e-03,2.069767137192e-02,2.350859025348e-02,-1.166828701094e-02,-1.093894406710e-02
594.60000000,3.492736229548e+13,3.733385370893e-03,4.240410522260e-03,6.482544171916e-02,7.362928514966e-02,3.879813674840e-02,3.637300380084e-02
594.80000000,6.162115637580e+12,-1.142326503471e-03,-1.297464055797e-03,4.514162156606e-02,5.127223568803e-02,2.203647451425e-02,2.065905320304e-02
595.00000000,2.844326493918e+13,3.036743556829e-03,3.449158887313e-03,2.694956805334e-02,3.060954739739e-02,3.370967595258e-02,3.160260451422e-02
595.20000000,2.906576436701e+13,9.630457291617e-03,1.093835443614e-02,8.636528380554e-03,9.809442002569e-03,4.477572273421e-02,4.197695223763e-02
595.40000000,-2.906558783593e+13,-9.431218956217e-03,-1.071205785812e-02,-4.402345296115e-04,-5.000221032644e-04,-5.143943850697e-03,-4.822414293913e-03
595.60000000,2.532569424987e+13,2.602445141357e-02,2.955879092218e-02,5.541201418322e-02,6.293743451358e-02,5.619867784767e-02,5.268589922787e-02
595.80000000,1.558931668735e+13,2.572402650115e-02,2.921756577845e-02,6.991483027062e-02,7.940985572435e-02,5.929733663548e-02,5.559087192276e-02
596.00000000,1.394842350468e+13,4.531239615740e-02,5.146620087834e-02,6.640517523783e-02,7.542355984525e-02,7.892748574534e-02,7.399401052744e-02
596.20000000,3.075151572150e+13,9.027044281402e-03,1.025299286117e-02,3.923754799249e-02,4.456633897273e-02,-4.197382021156e-03,-3.935018663373e-03
596.40000000,4.440551627481e+13,9.785539505272e-05,1.111449811954e-04,7.780645668113e-03,8.837323176722e-03,-2.211633286974e-02,-2.073391989797e-02
596.60000000,3.414412731842e+13,-6.020285172929e-03,-6.837890562629e-03,-1.703775477566e-02,-1.935162601933e-02,-1.243605815691e-02,-1.165872458108e-02
596.80000000,2.513581194400e+13,6.332583448998e-02,7.192601572711e-02,2.967301513844e-02,3.370286163793e-02,3.600730936592e-02,3.375662106966e-02
597.00000000,7.350829427124e+12,4.263245277766e-02,4.842229863478e-02,5.114026859163e-02,5.808554973025e-02,1.240381407033e-01,1.162849595718e-01
597.20000000,1.549493550535e+13,1.191385452235e-01,1.353185622655e-01,1.189311623957e-01,1.350830204467e-01,1.311463394608e-01,1.229488502144e-01
597.40000000,3.173669989672e+13,1.058585653532e-01,1.202350493722e-01,4.757625350755e-02,5.403751124498e-02,1.024824919730e-01,9.607667745045e-02
597.60000000,2.444711060371e+13,3.121673297346e-02,3.545622801312e-02,4.243682520018e-02,4.820010509218e-02,3.445992443590e-02,3.230595764461e-02
597.80000000,1.664528503850e+13,5.573217183644e-03,6.330106978137e-03,4.673298444848e-04,5.307971911339e-04,1.200712818526e-02,1.125660548989e-02
598.00000000,1.966836211971e+13,8.247346966237e-03,9.367406089126e-03,1.613816867553e-02,1.832986851600e-02,5.012705239610e-04,4.699378939646e-04
598.20000000,4.449038467169e+13,2.892288100435e-02,3.285085164289e-02,1.670017552451e-02,1.896820064984e-02,1.669338266063e-02,1.564993893654e-02
598.40000000,4.579009652714e+13,2.743358100693e-02,3.115929217273e-02,8.739748932190e-03,9.926680778397e-03,6.117909983034e-03,5.735501282166e-03
598.60000000,5.138166139303e+12,9.256108323106e-03,1.051316572741e-02,-1.434377731011e-02,-1.629178362200e-02,7.053372570702e-03,6.612491444798e-03
598.80000000,2.190639379556e+13,-1.664695223775e-02,-1.890774844270e-02,-7.184279743783e-03,-8.159965714411e-03,2.519786853668e-02,2.362283977711e-02
599.00000000,2.608215974047e+13,1.093790670364e-02,1.242336648105e-02,2.024873804920e-02,2.299868798742e-02,4.115272650395e-02,3.858041656098e-02
599.20000000,1.831640836333e+13,2.763887185678e-02,3.139246324760e-02,1.997604599449e-02,2.268896204461e-02,3.570135094321e-02,3.346978701512e-02
599.40000000,4.403276604474e+13,3.554065490260e-02,4.036737492785e-02,3.592326890469e-02,4.080195274489e-02,1.519209958333e-02,1.424249570207e-02
599.60000000,2.345131429937e+13,1.593844193634e-02,1.810301647995e-02,4.003759731870e-02,4.547504176612e-02,-7.049881252968e-03,-6.609218356864e-03
599.80000000,2.881877761294e+13,4.493618989190e-03,5.103890263605e-03,2.982449696623e-02,3.387491597952e-02,8.698752775643e-03,8.155024810156e-03
600.00000000,1.385285582748e+13,2.310642502553e-02,2.624447199422e-02,3.446186295076e-02,3.914207549843e-02,3.456967443955e-02,3.240884756754e-02
600.20000000,2.021101367795e+13,-5.465439814919e-04,-6.207692535743e-04,5.453949752775e-04,6.194642271456e-04,1.503696210823e-02,1.409705531641e-02
600.40000000,2.572488191130e+13,1.431626837368e-02,1.626053809622e-02,-1.855776847341e-03,-2.107807043706e-03,4.735081045951e-02,4.439108042702e-02
600.60000000,2.844679448917e+13,4.095265764085e-02,4.651437318222e-02,3.698556951546e-02,4.200852276601e-02,5.865020688205e-02,5.498419193877e-02
600.80000000,1.723253913877e+13,4.715058847704e-02,5.355403518414e-02,1.804412064851e-02,2.049466489190e-02,-4.378643572289e-03,-4.104950202382e-03
601.00000000,1.305956535170e+13,2.784824931398e-02,3.163027592549e-02,3.662734857153e-02,4.160165238723e-02,1.108976074735e-02,1.039657941384e-02
601.20000000,3.261276241711e+13,-1.325664584548e-02,-1.505700991151e-02,3.832298814094e-02,4.352757415585e-02,1.464208475816e-03,1.372686033906e-03
601.40000000,2.514492397345e+13,6.201444726570e-03,7.043653108190e-03,3.887121884624e-02,4.415025922915e-02,2.311858052672e-02,2.167352063377e-02
601.60000000,8.516444143248e+12,5.082960944098e-02,5.773269815549e-02,5.420425199180e-02,6.156564799849e-02,3.574601259667e-02,3.351165702815e-02
601.80000000,1.447443993577e+13,5.895839949151e-02,6.696544630204e-02,4.074121833736e-02,4.627422047199e-02,2.837200865876e-02,2.659857573766e-02
602.00000000,3.310604808818e+13,3.655264189299e-02,4.151679826783e-02,4.688950937591e-02,5.325750145018e-02,8.308130373499e-02,7.788818819130e-02
602.20000000,2.914289863208e+13,1.445804576315e-02,1.642157004829e-02,2.489125811838e-02,2.827170155927e-02,3.977733745332e-02,3.729099816724e-02
602.40000000,2.418337010116e+13,-2.796204376590e-02,-3.175952462160e-02,-1.137796902416e-02,-1.292319347909e-02,2.448510771941e-02,2.295463109266e-02
602.60000000,2.468998784350e+13,4.761877946068e-03,5.408581044339e-03,7.366487034816e-03,8.366918297102e-03,2.677809928908e-02,2.510429594950e-02
602.80000000,1.206719514889e+12,-1.126205981452e-02,-1.279154231228e-02,1.578159765667e-02,1.792487213607e-02,5.553992721596e-02,5.206832474520e-02
603.00000000,2.394586160259e+13,3.801458326011e-02,4.317728357545e-02,1.836320345750e-02,2.085708184591e-02,5.276640442971e-02,4.946816496175e-02
603.20000000,4.183645516662e+13,1.302682054362e-02,1.479597239959e-02,-1.289485223503e-02,-1.464608226333e-02,3.250299786370e-02,3.047135156262e-02
603.40000000,3.077903752207e+13,1.247201548287e-02,1.416582014267e-02,-3.041233483549e-03,-3.454258720473e-03,4.103386643683e-02,3.846898601210e-02
603.60000000,1.036165870633e+13,1.380522394830e-02,1.568008953721e-02,1.137527194995e-03,1.292013011938e-03,6.884559306111e-02,6.454230094402e-02
603.80000000,2.203066536044e+13,-4.266071388823e-02,-4.845439784200e-02,-1.190864117969e-02,-1.352593540300e-02,-3.654743688638e-02,-3.426298714807e-02
604.00000000,2.035026298821e+13,-3.607934268880e-02,-4.097922104869e-02,-5.869440000120e-03,-6.666559609572e-03,3.765947514429e-03,3.530551586649e-03
604.20000000,2.935449415144e+13,2.314934715595e-02,2.629322331116e-02,5.974102007728e-03,6.785435603290e-03,3.435125858482e-02,3.220408410775e-02
604.40000000,7.537140961165e+12,5.025504105878e-02,5.708009855175e-02,2.417971773483e-02,2.746352797176e-02,7.623913053069e-02,7.147369479489e-02
604.60000000,3.247730562878e+13,5.506018999262e-02,6.253782714814e-02,1.756902112237e-02,1.995504283061e-02,8.512411101496e-02,7.980330688478e-02
604.80000000,3.224836383468e+13,3.968846276118e-02,4.507848999916e-02,9.140673814340e-04,1.038205465151e-03,5.353862605132e-02,5.019211776804e-02
605.00000000,2.658122108530e+13,7.405744233003e-03,8.411506622280e-03,3.491566351083e-02,3.965750601385e-02,2.621345262042e-02,2.457494332727e-02
605.20000000,-2.517600982835e+13,4.415651474966e-03,5.015334104821e-03,4.450811644710e-02,5.055269521425e-02,1.429229490497e-02,1.339893460019e-02
605.40000000,3.132359626640e+13,1.059929513726e-02,1.203876861440e-02,4.436195126356e-02,5.038667956217e-02,-1.818816232301e-02,-1.705128526133e-02
605.60000000,2.837703969341e+13,3.160676704591e-02,3.589923199491e-02,3.965762098358e-02,4.504346142996e-02,1.091745548500e-02,1.023504433799e-02
605.80000000,3.077266290524e+13,3.721393603994e-02,4.226790172500e-02,4.248176620828e-02,4.825114946939e-02,1.937739100943e-02,1.816617951029e-02
606.00000000,2.682095575497e+13,1.622919342711e-02,1.843325446996e-02,4.925764007766e-02,5.594724433641e-02,5.746028740190e-02,5.386865007513e-02
606.20000000,4.345756861642e+13,2.344143424681e-02,2.662497828700e-02,1.128885390376e-02,1.282197577139e-02,3.769179704088e-02,3.533581743678e-02
606.40000000,2.639529309250e+13,1.217479174344e-02,1.382823091816e-02,-4.419756449395e-04,-5.019996767844e-04,1.580741530496e-02,1.481935023574e-02
606.60000000,2.896334046862e+13,2.959491048163e-02,3.361414837858e-02,4.277768246409e-02,4.858725365630e-02,3.613184182426e-02,3.387336944884e-02
606.80000000,4.970504622598e+13,-1.313031770598e-03,-1.491352534756e-03,3.922479384894e-02,4.455185270858e-02,5.492800899733e-02,5.149465534875e-02
607.00000000,3.210900618326e+13,3.098468631171e-02,3.519266746193e-02,2.969733732446e-02,3.373048698259e-02,-8.076284372179e-03,-7.571464683237e-03
607.20000000,2.591149436255e+13,2.092341252523e-02,2.376498802542e-02,3.040600814574e-02,3.453540129698e-02,6.360274135331e-03,5.962716116987e-03
607.40000000,3.450819810792e+12,-5.926048592953e-03,-6.730855862053e-03,1.422825760018e-02,1.616057535813e-02,-9.246922947207e-03,-8.668930822269e-03
607.60000000,3.299413371528e+13,-2.087540492806e-02,-2.371046059256e-02,-1.233859748519e-02,-1.401428341237e-02,-1.816208808785e-02,-1.702684083348e-02
607.80000000,2.773243788779e+13,-5.901802892007e-02,-6.703317390881e-02,-4.891693638694e-02,-5.556027020202e-02,-3.516768040682e-02,-3.296947431778e-02
608.00000000,6.508468392859e+12,-5.513225974108e-02,-6.261968457495e-02,-3.438391709838e-02,-3.905354393985e-02,-3.444101010273e-02,-3.228822557885e-02
608.20000000,2.300943035317e+13,1.156331306817e-02,1.313370829294e-02,-1.065033419917e-02,-1.209673968883e-02,3.286393518174e-02,3.080972797812e-02
608.40000000,5.778664940224e+12,-9.737881945932e-02,-1.106036826254e-01,1.217184026256e-02,1.382487914808e-02,-2.434594938978e-03,-2.282417105316e-03
608.60000000,4.972512466461e+09,-2.531924536893e-01,-2.875781196207e-01,-1.460721296229e-01,-1.659099606451e-01,-3.310980323783e-01,-3.104022770022e-01
608.80000000,5.063301987671e+13,-1.059063888880e-01,-1.202893677456e-01,-7.790812499511e-02,-8.848870749838e-02,-3.164993055401e-02,-2.967160644344e-02
609.00000000,3.938942999109e+12,-9.799758969102e-02,-1.113064870618e-01,-2.769506944269e-02,-3.145629418261e-02,-1.582558737911e-02,-1.483638643845e-02
609.20000000,4.624730267627e+13,-1.559790147595e-02,-1.771622775925e-02,-9.777186414775e-03,-1.110501104819e-02,3.728325231221e-02,3.495280937984e-02
609.40000000,7.789278083154e+12,-1.841396122817e-02,-2.091473212413e-02,-8.255789392951e-03,-9.376995439269e-03,1.069063023358e-02,1.002239712286e-02
609.60000000,2.040176462357e+13,-3.226400175579e-02,-3.664572470929e-02,-5.965789932280e-02,-6.775994677673e-02,-1.028798524363e-01,-9.644920033045e-02
609.80000000,2.293319474796e+13,-2.362056828902e-01,-2.682844023962e-01,-2.386404861081e-01,-2.710498831003e-01,-1.631499190065e-01,-1.529520003142e-01
610.00000000,2.203878622088e+13,-4.432050925647e-01,-5.033960738911e-01,-2.094268286913e-01,-2.378687638490e-01,-4.237239814651e-01,-3.972385088563e-01
610.20000000,6.443598290059e+12,-1.582931944349e-01,-1.797907423425e-01,-8.279886573261e-02,-9.404365220534e-02,-2.581382870138e-01,-2.420029847202e-01
610.40000000,-2.873921844999e+12,-6.057995369973e-02,-6.880722121780e-02,6.090162060529e-04,6.917257593173e-04,-2.039617765880e-02,-1.912128544515e-02
610.60000000,5.645382610749e+12,-1.999725784475e-02,-2.271305374536e-02,2.492556658916e-02,2.831066941065e-02,1.288135091372e-02,1.207618367817e-02
610.80000000,2.067763771360e+13,2.012153781902e-02,2.285421198599e-02,4.642618738217e-02,5.273125640983e-02,3.624997738340e-02,3.398412077613e-02
611.00000000,5.196626978305e+12,6.796280597379e-03,7.719272696047e-03,4.398648697425e-02,4.996022404583e-02,3.982572026673e-02,3.733635674380e-02
611.20000000,9.127942437629e+12,2.939424970617e-03,3.338623618117e-03,1.659420722100e-02,1.884784095419e-02,3.525800326562e-02,3.305415141729e-02
611.40000000,2.567467147333e+13,-2.806558919641e-04,-3.187713239290e-04,1.198326848259e-02,1.361069772500e-02,3.817753233391e-02,3.579119115160e-02
611.60000000,2.627811391903e+13,1.542952776058e-02,1.752498747640e-02,-1.442663304239e-02,-1.638589186371e-02,2.935411574694e-02,2.751929481968e-02
611.80000000,3.957498309396e+13,5.220015084521e-03,5.928937061609e-03,4.282786663383e-03,4.864425326087e-03,-2.413170227313e-03,-2.262331575851e-03
612.00000000,6.050126385321e+11,1.264948925486e-02,1.436739634641e-02,3.443372855644e-02,3.911012021533e-02,-1.856413078524e-03,-1.740375327788e-03
612.20000000,4.213830979132e+13,3.832952791850e-02,4.353500036884e-02,6.263228599484e-02,7.113828032315e-02,6.048409109877e-02,5.670344660344e-02
612.40000000,2.835039611437e+13,3.073107942363e-02,3.490461862424e-02,7.622135966238e-02,8.657286516287e-02,8.709484906451e-02,8.165086113801e-02
612.60000000,1.563925723332e+13,3.069671225330e-02,3.486558410297e-02,4.332377666833e-02,4.920751207362e-02,7.933017002984e-02,7.437152445563e-02
612.80000000,3.644633127460e+13,1.712953512188e-02,1.945587014363e-02,-1.411218611853e-03,-1.602874038726e-03,5.495916792505e-02,5.152386664319e-02
613.00000000,1.144692172606e+13,2.985248203789e-02,3.390670031976e-02,5.632848352994e-03,6.397836815123e-03,5.737677800217e-03,5.379036054970e-03
613.20000000,5.448617572550e+13,7.132790307492e-02,8.101483256663e-02,3.546028485556e-02,4.027609154489e-02,4.883470051787e-02,4.578221781804e-02
613.40000000,2.153092173644e+13,6.594205719936e-02,7.489754349702e-02,4.298205094529e-02,4.881937710627e-02,3.603422723606e-02,3.378185639989e-02
613.60000000,4.953504925701e+13,5.381902177916e-02,6.112809784635e-02,4.770302800519e-02,5.418150279196e-02,5.569733924872e-02,5.221589751404e-02
613.80000000,1.615260360681e+13,2.708150758749e-02,3.075940422008e-02,2.783845932496e-02,3.161915762402e-02,3.680983315138e-02,3.450898195978e-02
614.00000000,1.412056916510e+13,1.077326128873e-02,1.223636083324e-02,-4.863228192370e-03,-5.523695725440e-03,4.157796441880e-05,3.897907437297e-05
614.20000000,4.353410670639e+13,1.473915440684e-02,1.674085561144e-02,-1.375951524131e-02,-1.562817382120e-02,-5.306067031554e-02,-4.974403733812e-02
614.40000000,5.683145453096e+13,9.434901314626e-03,1.071624031179e-02,-2.770904886404e-02,-3.147217212764e-02,-3.753609463998e-02,-3.518984743681e-02
614.60000000,4.557861037983e+13,4.678901380112e-02,5.314335562443e-02,3.308570096431e-02,3.757901907142e-02,1.174435893479e-02,1.101026100670e-02
614.80000000,3.025401624444e+13,6.593290904351e-02,7.488715294462e-02,3.911199995535e-02,4.442374044996e-02,5.164397861529e-02,4.841589797587e-02
615.00000000,9.121215233481e+12,-3.097751141889e-02,-3.518451815828e-02,-4.261497258888e-02,-4.840244640345e-02,-5.946760479026e-02,-5.575049722335e-02
615.20000000,2.690843827425e+13,1.864634816717e-02,2.117867916509e-02,-1.135442655851e-02,-1.289645374742e-02,-3.469457841494e-02,-3.252594424157e-02
615.40000000,5.188482498555e+13,-1.477476646182e-03,-1.678130408317e-03,-2.481866104539e-02,-2.818924518957e-02,-6.194116091068e-02,-5.806944018582e-02
615.60000000,1.357416363024e+13,1.512369218141e-03,1.717761685185e-03,-1.439096794712e-02,-1.634538314677e-02,-4.761234494704e-02,-4.463626732788e-02
615.80000000,-7.122100189756e+12,2.070021838068e-02,2.351148223777e-02,1.426986816608e-02,1.620783699092e-02,9.059622279804e-03,8.493337650579e-03
616.00000000,4.415295145599e+13,-1.637088964312e-02,-1.859419422454e-02,-2.025648617252e-02,-2.300748837143e-02,2.355529173059e-04,2.208293458018e-04
616.20000000,5.370142918671e+13,-6.685225333569e-02,-7.593135192835e-02,-2.555846465131e-02,-2.902952038416e-02,-4.937021271498e-02,-4.628425706047e-02
616.40000000,1.884181826193e+13,-3.564904537926e-02,-4.049048574339e-02,-8.534680825432e-02,-9.693762687796e-02,-8.298525250310e-02,-7.779814077884e-02
616.60000000,1.454151839413e+13,-3.273473317950e-02,-3.718038542174e-02,-2.742523438350e-02,-3.114981323948e-02,-8.766188785581e-02,-8.218245635983e-02
616.80000000,4.529015577685e+13,-4.374758668080e-03,-4.968887710629e-03,6.008705115719e-03,6.824738106101e-03,-3.734791576309e-02,-3.501343094937e-02
617.00000000,2.514599312546e+13,-1.398867796246e-02,-1.588845815034e-02,3.367539300764e-02,3.824879628323e-02,-2.213005053370e-02,-2.074678011975e-02
617.20000000,1.694360977551e+13,-3.729126323039e-02,-4.235573059866e-02,1.006403323952e-02,1.143081409856e-02,2.389773889569e-02,2.240397659613e-02
617.40000000,2.815708894300e+13,-4.008697049926e-02,-4.553111844168e-02,-1.407609701636e-02,-1.598775007970e-02,5.941813459633e-03,5.570411923455e-03
617.60000000,3.911654787962e+13,-3.401669920295e-02,-3.863645321946e-02,-2.353837892457e-02,-2.673508992513e-02,7.403932767895e-03,6.941139376208e-03
617.80000000,2.515793839895e+13,-2.795682550071e-02,-3.175359767209e-02,-2.119872239930e-02,-2.407768824945e-02,-2.530993204401e-02,-2.372789859486e-02
618.00000000,2.706975923081e+13,-2.850692925190e-02,-3.237841014205e-02,4.538123943418e-03,5.154439568989e-03,2.405988874245e-03,2.255599103514e-03
618.20000000,3.904014486711e+13,1.097948990238e-04,1.247059702816e-04,5.112158879009e-02,5.806433305362e-02,1.731247135146e-02,1.623033060459e-02
618.40000000,2.944752167222e+13,1.700456724652e-02,1.931393057914e-02,6.208748472932e-02,7.051949043657e-02,5.135318528875e-02,4.814328110150e-02
618.60000000,1.771949561981e+13,1.884380130520e-02,2.140294810091e-02,4.302034921297e-02,4.886287660272e-02,5.205473862495e-02,4.880098284450e-02
618.80000000,1.680034842195e+13,4.193085892261e-03,4.762542243002e-03,1.693299444355e-02,1.923263834782e-02,6.275872783564e-02,5.883590392252e-02
619.00000000,3.023240267585e+13,2.520518710369e-02,2.862826362457e-02,6.368567854312e-03,7.233473249154e-03,2.646520520567e-02,2.481095975764e-02
619.20000000,2.932351339704e+13,3.203994008520e-02,3.639123357827e-02,-4.109693801218e-03,-4.667824988815e-03,1.306511123815e-02,1.224845780108e-02
619.40000000,2.951345617949e+13,2.588744075279e-02,2.940317306066e-02,4.216484946555e-04,4.789119275183e-04,-7.847051699270e-04,-7.356560525927e-04
619.60000000,2.492248942328e+13,4.823913890772e-02,5.479041992392e-02,5.695863531197e-02,6.469409987655e-02,1.179654671080e-02,1.105918671124e-02
619.80000000,3.495927033165e+13,4.048781551538e-02,4.598640158426e-02,3.723553211583e-02,4.229243240228e-02,5.256456153197e-03,4.927893854260e-03
620.00000000,1.076442440389e+13,1.227636410771e-02,1.394359766428e-02,2.256323939537e-02,2.562751819786e-02,-1.152842752761e-02,-1.080782670051e-02
620.20000000,2.439239898757e+13,-3.534663287451e-03,-4.014700307556e-03,-1.872067998300e-02,-2.126310670794e-02,-2.136393357556e-02,-2.002855039622e-02
620.40000000,2.361332813346e+13,4.595529733339e-02,5.219641344431e-02,-1.790100965969e-02,-2.033211822003e-02,1.547388918953e-02,1.450667164648e-02
620.60000000,3.820382407177e+13,6.855059246909e-02,7.786033980830e-02,4.074516125082e-03,4.627869886646e-03,5.165405080476e-02,4.842534058876e-02
620.80000000,1.387243619117e+13,6.410439162461e-02,7.281030747250e-02,4.135685982952e-03,4.697347128732e-03,4.354721315377e-02,4.082523240304e-02
621.00000000,3.948912092765e+13,5.071688775741e-02,5.760466791869e-02,4.242537232274e-02,4.818709681709e-02,4.414340797146e-02,4.138416121218e-02
621.20000000,8.688143400177e+12,-1.265731890170e-02,-1.437628932518e-02,5.386759538560e-02,6.118327057693e-02,1.485783167217e-02,1.392912168408e-02
621.40000000,3.336857384405e+13,-4.695050975532e-02,-5.332678408826e-02,-2.142256078640e-02,-2.433192578326e-02,-9.626782451830e-02,-9.025046666055e-02
621.60000000,1.256839823557e+13,-3.946838874630e-02,-4.482852808105e-02,-5.674164893751e-02,-6.444764491665e-02,-3.965898509140e-02,-3.718004358872e-02
621.80000000,2.225549112662e+13,-1.088613505298e-02,-1.236456380455e-02,-4.981495539873e-03,-5.658024779315e-03,2.049801309403e-02,1.921675551107e-02
622.00000000,3.979671285168e+13,5.094818153505e-02,5.786737333777e-02,2.855680619323e-02,3.243506207446e-02,6.048897627633e-02,5.670802642600e-02
622.20000000,2.875398116488e+13,2.148831262780e-02,2.440660631579e-02,3.205503991736e-02,3.640838553456e-02,4.126046576990e-02,3.868142143024e-02
622.40000000,1.495931525907e+13,-6.780900524178e-03,-7.701803879475e-03,3.476552893599e-02,3.948698189357e-02,9.749956878204e-03,9.140521898995e-03
622.60000000,4.126933543396e+13,-2.610637898339e-02,-2.965184494543e-02,3.309234553377e-02,3.758656602963e-02,2.138250378324e-02,2.004595984655e-02
622.80000000,3.571438488207e+13,-3.102896334787e-02,-3.524295769222e-02,5.990227559205e-02,6.803751141085e-02,-2.504527447008e-02,-2.347978382057e-02
623.00000000,2.647936777619e+13,-8.648202907926e-03,-9.822701641066e-03,2.577270203119e-02,2.927285301275e-02,-1.139594905165e-02,-1.068362898089e-02
623.20000000,4.795483079715e+13,-1.988113165085e-02,-2.258115663707e-02,6.854303907194e-03,7.785176367507e-03,6.203568907543e-03,5.815805973263e-03
623.40000000,4.014472967613e+13,3.935922568988e-03,4.470453976291e-03,8.361640087768e-03,9.497221553975e-03,1.853550734252e-02,1.737691898433e-02
623.60000000,4.690695550473e+13,-1.143441265219e-02,-1.298730211572e-02,7.931614365208e-03,9.008794700129e-03,-1.047260471348e-02,-9.817999599264e-03
623.80000000,2.323597586200e+13,-3.470205691841e-02,-3.941488828025e-02,-2.840208652379e-03,-3.225933016492e-03,-1.938002991670e-02,-1.816865346889e-02
624.00000000,5.109466705151e+13,-2.092110978001e-02,-2.376237254802e-02,3.361186228252e-03,3.817663754816e-03,-2.329632270211e-03,-2.184015278065e-03
624.20000000,2.665594637601e+13,-2.831757389605e-02,-3.216333873536e-02,2.074024257934e-02,2.355694299105e-02,-5.822588909614e-03,-5.458639674206e-03
624.40000000,2.307078163020e+13,-1.935858544461e-02,-2.198764425859e-02,2.595659672140e-02,2.948172215771e-02,-2.641855689896e-02,-2.476722726996e-02
624.60000000,2.882093859469e+13,-1.821652396878e-02,-2.069048122340e-02,1.080579092095e-02,1.227330874864e-02,7.763614847154e-03,7.278339013418e-03
624.80000000,3.583512439803e+13,-2.157457651573e-02,-2.450458556565e-02,1.834995344458e-02,2.084203236913e-02,2.733978082145e-03,2.563086877552e-03
625.00000000,4.370358885300e+13,-1.931046440198e-02,-2.193298797341e-02,3.671897939250e-03,4.170572744893e-03,1.776125818919e-02,1.665106538009e-02
625.20000000,1.541163325300e+13,-4.041461737018e-02,-4.590326251495e-02,-6.909720576269e-03,-7.848119089086e-03,-8.009746201744e-03,-7.509085576173e-03
625.40000000,3.378221076982e+13,-5.241525500587e-02,-5.953368773195e-02,-1.085457464611e-02,-1.232871771640e-02,1.927533929574e-04,1.807050668475e-04
625.60000000,7.055644291681e+12,-4.655738567642e-02,-5.288027045115e-02,-2.696860022122e-02,-3.063116429469e-02,-1.972866427975e-02,-1.849549594318e-02
625.80000000,2.336919392812e+13,-3.876080315890e-02,-4.402484641625e-02,-1.200711913736e-02,-1.363778750048e-02,1.162736209385e-02,1.090057722040e-02
626.00000000,2.834228350691e+13,-1.900020743714e-03,-2.158059550179e-03,4.285650229773e-02,4.867677789018e-02,4.279052704953e-02,4.011584404441e-02
626.20000000,-6.506209676917e+12,-3.230079777944e-02,-3.668751794260e-02,2.299863054161e-02,2.612203914532e-02,2.320415552476e-02,2.175374664434e-02
626.40000000,1.802231130587e+13,-3.164871854607e-02,-3.594688086182e-02,3.434767094177e-02,3.901237524851e-02,2.728789810024e-02,2.558222905790e-02
626.60000000,3.069855861483e+13,-1.301933443030e-03,-1.478746960908e-03,2.858028002992e-02,3.246172385677e-02,5.787773231148e-02,5.426000199446e-02
626.80000000,6.480305212658e+13,1.147844136501e-02,1.303731029826e-02,2.248038902237e-02,2.553341604326e-02,4.006989076293e-02,3.756526501441e-02
627.00000000,4.522494292622e+13,-5.163523172195e-03,-5.864773072185e-03,-8.464730206617e-03,-9.614312183140e-03,2.314053186165e-02,2.169409986917e-02
627.20000000,-6.499279896973e+12,-4.828861384385e-02,-5.484661397272e-02,-3.839354938774e-02,-4.360771821694e-02,-9.813353542877e-03,-9.199955864601e-03
627.40000000,3.323398982375e+13,-2.896433839917e-02,-3.289793930080e-02,-1.726800430892e-02,-1.961314538720e-02,8.858606513436e-03,8.304886661771e-03
627.60000000,4.715594075947e+13,3.454287932451e-02,3.923409302956e-02,6.969555731688e-02,7.916080364837e-02,5.937625201450e-02,5.566485458331e-02
627.80000000,1.971267970225e+13,-3.111057050217e-03,-3.533564778482e-03,-1.261970458878e-02,-1.433356723888e-02,-3.349721811828e-02,-3.140342666028e-02
628.00000000,3.691554080721e+13,-1.554084671672e-02,-1.765142448357e-02,2.736578014232e-02,3.108228460935e-02,2.496422711092e-02,2.340380244234e-02
628.20000000,1.470033862999e+13,2.349755103322e-02,2.668871620525e-02,2.343025841057e-02,2.661228573059e-02,3.983185608321e-02,3.734210903231e-02
628.40000000,3.296023510415e+13,2.687852897258e-02,3.052885940112e-02,1.858870688675e-02,2.111321054869e-02,3.546737012408e-02,3.325043150125e-02
628.60000000,1.855427545157e+13,1.855389454158e-02,2.107366955911e-02,3.320017256905e-03,3.770903688856e-03,2.489940692402e-02,2.334303393379e-02
628.80000000,3.960961190445e+13,-1.665369075831e-02,-1.891540211107e-02,-1.099467873398e-02,-1.248784912473e-02,7.456410872480e-03,6.990337261918e-03
629.00000000,-6.683314878037e+12,2.161484056325e-02,2.455031780966e-02,2.003580396922e-02,2.275683565788e-02,1.469260443820e-02,1.377422221434e-02
629.20000000,3.391431652500e+13,2.513126986488e-02,2.854430780268e-02,-6.230411764085e-03,-7.076554393026e-03,-2.043426149363e-05,-1.915698879518e-05
629.40000000,3.113881322782e+13,3.860935433604e-02,4.385282956874e-02,-1.342442597811e-02,-1.524757660109e-02,-1.338132468176e-02,-1.254490587180e-02
629.60000000,5.089845431945e+13,1.573612189990e-02,1.787321967996e-02,1.187300292437e-02,1.348545717109e-02,2.770112162079e-02,2.596962345214e-02
629.80000000,4.563774653038e+13,1.653338903635e-02,1.877876240287e-02,1.530084282400e-02,1.737882672977e-02,2.238616162747e-02,2.098688262383e-02
630.00000000,2.998799352171e+13,1.176427663612e-02,1.336196440462e-02,-8.212246220584e-03,-9.327538735704e-03,-2.355959596077e-02,-2.208696976827e-02
630.20000000,2.450343126720e+13,-7.831052288459e-03,-8.894575090811e-03,-3.753053255413e-02,-4.262749639591e-02,-4.050499829303e-02,-3.797317552695e-02
630.40000000,2.660968998723e+13,-2.342361805425e-02,-2.660474250556e-02,-6.180115938872e-02,-7.019427969230e-02,-7.128822477438e-02,-6.683225247358e-02
630.60000000,2.315396904413e+13,-2.268572623314e-02,-2.576663876547e-02,-3.652238949307e-02,-4.148243897793e-02,-6.971698526863e-02,-6.535922553712e-02
630.80000000,4.314817333414e+13,-5.436582454343e-03,-6.174916102758e-03,-2.659468330165e-02,-3.020646629398e-02,-7.766207797524e-02,-7.280769887722e-02
631.00000000,2.148993905555e+13,2.166734953926e-02,2.460995794650e-02,2.745713181681e-02,3.118604261411e-02,1.097245729123e-02,1.028660817778e-02
631.20000000,2.869940397276e+13,6.370103878446e-02,7.235217592227e-02,2.890171955067e-02,3.282681758392e-02,2.671820909067e-02,2.504814927347e-02
631.40000000,2.469884086469e+13,6.486019157886e-03,7.366875142092e-03,-4.089344448826e-03,-4.644712022205e-03,-1.161743362140e-02,-1.089126934130e-02
631.60000000,3.157202039327e+13,5.122522445804e-03,5.818204102114e-03,-9.808202511820e-03,-1.114023939362e-02,-2.194944900748e-02,-2.057746734985e-02
631.80000000,2.572509163904e+13,-2.613338563988e-02,-2.968251933314e-02,-2.332355542892e-02,-2.649109158129e-02,-3.973691230229e-02,-3.725309984801e-02
632.00000000,9.777305293764e+12,-2.453354495067e-02,-2.786540681502e-02,-1.991665734605e-02,-2.262150791526e-02,-1.405862301010e-02,-1.317986870083e-02
632.20000000,9.010673295736e+12,-3.548811793481e-02,-4.030770299771e-02,2.473499889318e-02,2.809422100928e-02,-2.683034268132e-02,-2.515327379390e-02
632.40000000,8.102070661571e+12,-1.955190537495e-02,-2.220721866233e-02,-4.178760481054e-02,-4.746271508101e-02,-4.082764414305e-02,-3.827565393731e-02
632.60000000,7.134143060708e+12,-8.569737275308e-03,-9.733579715217e-03,3.321671685771e-02,3.772782803158e-02,2.383610117858e-02,2.234619163255e-02
632.80000000,3.975555247511e+13,4.673859866806e-02,5.308609369203e-02,6.630442254549e-02,7.530912408488e-02,4.990386068614e-02,4.678454860306e-02
633.00000000,-1.180632328650e+13,2.800207229138e-02,3.180498935770e-02,4.745840872145e-02,5.390366213993e-02,3.534314126332e-02,3.313396774285e-02
633.20000000,5.860089080785e+13,1.106799314438e-02,1.257111975518e-02,3.301800749913e-02,3.750213226096e-02,2.064887416149e-02,1.935818679205e-02
633.40000000,3.095117726063e+13,5.771240352879e-03,6.555023360202e-03,1.926141961600e-02,2.187728335794e-02,2.458969551908e-02,2.305268148254e-02
633.60000000,3.894342791430e+13,-1.796260817552e-02,-2.040208152862e-02,1.985043506904e-02,2.254629209277e-02,2.310198460529e-02,2.165796206412e-02
633.80000000,8.302329731228e+12,-3.065449460952e-02,-3.481763294789e-02,1.252400157601e-03,1.422486694731e-03,9.522676014760e-03,8.927447550514e-03
634.00000000,4.492900163871e+13,2.008997977698e-02,2.281836809628e-02,-6.474447840962e-03,-7.353732633770e-03,-2.801483497165e-02,-2.626372770196e-02
634.20000000,2.553393891569e+13,7.699895085424e-02,8.745605635862e-02,9.231652714091e-02,1.048538925555e-01,9.267219258672e-02,8.687958483800e-02
634.40000000,2.709721575764e+13,4.218767647408e-02,4.791711796620e-02,8.486629882046e-02,9.639186019771e-02,1.202184727088e-01,1.127040453805e-01
634.60000000,5.027138198117e+13,3.749125044539e-02,4.258287776043e-02,2.900553061749e-02,3.294472707189e-02,2.412380918620e-02,2.261591604026e-02
634.80000000,3.058893152093e+13,3.152050698038e-02,3.580125708656e-02,7.662376518928e-03,8.702992076481e-03,7.593484208339e-03,7.118842633157e-03
635.00000000,1.738772184249e+13,2.680849768367e-02,3.044931727384e-02,-1.636084271867e-02,-1.858278357809e-02,5.381150393654e-03,5.044793903134e-03
635.20000000,6.169062887833e+13,6.349447029422e-02,7.211755369270e-02,2.421094357136e-02,2.749899454107e-02,5.915750455677e-02,5.545978024783e-02
635.40000000,-8.470088992980e+12,1.306032745526e-01,1.483402983180e-01,1.467181909942e-01,1.666437626164e-01,1.994999747836e-01,1.870299439410e-01
635.60000000,1.818821403397e+13,7.159225048276e-02,8.131508057705e-02,1.691185039244e-01,1.920862275568e-01,9.824249938181e-02,9.210171165155e-02
635.80000000,5.284691773641e+13,8.027456219548e-02,9.117652328564e-02,8.840781802007e-02,1.004143476671e-01,6.984369394017e-02,6.547801410219e-02
636.00000000,4.382345413353e+13,-2.220060551975e-04,-2.521563457667e-04,-3.797750527961e-02,-4.313517179904e-02,-8.739276566677e-03,-8.193015603756e-03
636.20000000,4.645265902197e+13,-1.425283775896e-02,-1.618849307022e-02,-4.979115776639e-02,-5.655321824101e-02,-1.512324966601e-02,-1.417794934715e-02
636.40000000,1.541358098568e+13,-2.815302625402e-02,-3.197644413881e-02,-5.719954759637e-02,-6.496773008737e-02,-1.626037908404e-02,-1.524400086690e-02
636.60000000,5.015887859716e+13,-2.008324038452e-02,-2.281071343760e-02,-2.997823879694e-02,-3.404953725155e-02,-5.583999443613e-03,-5.234963583523e-03
636.80000000,3.479859794983e+13,-3.603290628668e-02,-4.092647819238e-02,-1.720538817807e-02,-1.954202545602e-02,-2.478614568676e-02,-2.323685225192e-02
637.00000000,-2.653403523599e+13,-2.172157465035e-02,-2.467154728400e-02,-7.208810825811e-03,-8.187828324920e-03,-2.871399520005e-02,-2.691918592177e-02
637.20000000,-1.361957307152e+13,-2.659451653994e-02,-3.020627569004e-02,-1.216934168784e-02,-1.382204124577e-02,1.419764795098e-03,1.331020368924e-03
637.40000000,3.258577796854e+13,-2.332996160435e-02,-2.649836672160e-02,-2.310904576977e-02,-2.624744969561e-02,-3.700996186135e-02,-3.469660133891e-02
637.60000000,3.663695317102e+13,-3.586089753272e-02,-4.073110920211e-02,-4.588050090100e-02,-5.211146108783e-02,-4.557584249192e-02,-4.272705936718e-02
637.80000000,4.124095834863e+13,-3.536234659706e-02,-4.016485085387e-02,-3.330519876111e-02,-3.782832652605e-02,-4.426688565133e-03,-4.149992074331e-03
638.00000000,4.323755340035e+13,-3.333091476608e-02,-3.785753348490e-02,-1.639251587576e-02,-1.861875821789e-02,-5.761847803075e-03,-5.401695277280e-03
638.20000000,3.201773472332e+13,-6.196784748314e-02,-7.038360265670e-02,-2.717801792805e-02,-3.086902269785e-02,-4.512173344661e-02,-4.230133505629e-02
638.40000000,2.310567651360e+13,-8.933923545036e-02,-1.014722554515e-01,-4.973625663114e-02,-5.649086106711e-02,-4.414423183469e-02,-4.138493357866e-02
638.60000000,3.279476484946e+13,-6.111359115728e-02,-6.941333113287e-02,-4.198744656478e-02,-4.768969703620e-02,-4.012582791272e-02,-3.761770573277e-02
638.80000000,4.854760448712e+13,-1.535129513354e-02,-1.743613020024e-02,-8.292766377597e-04,-9.418994211262e-04,6.070017718618e-03,5.690602592135e-03
639.00000000,-3.167532490071e+12,9.981135133849e-03,1.133665728045e-02,-2.693607387756e-02,-3.059422059837e-02,1.803759882309e-02,1.691013294801e-02
639.20000000,3.917913342822e+13,1.267111408339e-02,1.439195800864e-02,-9.941672113327e-03,-1.129183529621e-02,3.900747493935e-02,3.656925700919e-02
639.40000000,3.153226540969e+12,-1.089907529148e-02,-1.237926143634e-02,-1.753731152788e-02,-1.991902680492e-02,-3.309400097926e-03,-3.102541318439e-03
639.60000000,5.926670005460e+13,-3.431245693704e-02,-3.897237734276e-02,-1.031606929857e-02,-1.171707878674e-02,-2.597361823479e-02,-2.435010013244e-02
639.80000000,1.353270028888e+13,-5.382938136388e-02,-6.113986434985e-02,-1.544991423680e-02,-1.754814330163e-02,-3.103048772625e-02,-2.909088277429e-02
640.00000000,3.371145850159e+13,-4.614208976066e-02,-5.240857385514e-02,-1.429013786869e-02,-1.623085949063e-02,-3.322841942809e-02,-3.115142961610e-02
640.20000000,3.795536817728e+13,4.832521082434e-03,5.488818113115e-03,-2.685532644493e-02,-3.050250698124e-02,-1.385787292855e-02,-1.299166678984e-02
640.40000000,3.710429784952e+13,4.508779362066e-02,5.121109542699e-02,-3.572633180202e-02,-4.057826991751e-02,2.186021337446e-02,2.049380951752e-02
640.60000000,1.284472933284e+13,2.517196882480e-02,2.859053402386e-02,-8.911719277349e-04,-1.012200615135e-03,1.200918815160e-02,1.125853669509e-02
640.80000000,2.530794882937e+13,1.282277755132e-02,1.456421865182e-02,2.090325987755e-02,2.374209941753e-02,4.609947091355e-02,4.321795764649e-02
641.00000000,1.514733001326e+13,-1.214189565998e-02,-1.379086726974e-02,3.621323393815e-02,4.113129748309e-02,3.043288328663e-02,2.853063245365e-02
641.20000000,3.980560783616e+13,-1.305426687519e-02,-1.482714617396e-02,2.213031994160e-02,2.513580461962e-02,9.889335014743e-03,9.271188006055e-03
641.40000000,5.105812557102e+13,1.884368933136e-02,2.140282092009e-02,2.630945782561e-02,2.988250478519e-02,1.574671747557e-02,1.476244641087e-02
641.60000000,2.246792334180e+13,2.699947603988e-02,3.066623209798e-02,-2.547138090968e-02,-2.893060993367e-02,-4.091391637635e-03,-3.835653360146e-03
641.80000000,3.475178580628e+13,-2.185944975039e-02,-2.482814698291e-02,-2.031591176866e-02,-2.307498446629e-02,-7.114721616008e-02,-6.670005780410e-02
642.00000000,3.042641018040e+13,-1.273113825599e-02,-1.446013396901e-02,2.916773873716e-02,3.312896442654e-02,7.556404115743e-03,7.084080284705e-03
642.20000000,4.747058283761e+13,1.696799345049e-02,1.927238975383e-02,3.386553763567e-02,3.846476416044e-02,4.007635559914e-02,3.757132575680e-02
642.40000000,3.932889202122e+13,1.682959836570e-02,1.911519945187e-02,6.271258961472e-02,7.122948985400e-02,7.379298692131e-02,6.918045088531e-02
642.60000000,3.131220405896e+13,2.471559743694e-02,2.807218356097e-02,5.166733944440e-02,5.868420126402e-02,6.515448851634e-02,6.108191416033e-02
642.80000000,-1.136392387593e+12,8.877140949731e-03,1.008273139556e-02,1.008072953643e-02,1.144977789384e-02,-1.196004412318e-02,-1.121246448436e-02
643.00000000,6.105007286850e+13,2.424803684055e-02,2.754112430087e-02,2.085328386713e-02,2.368533624208e-02,-1.999888266901e-02,-1.874882394610e-02
643.20000000,1.547839312615e+13,4.555091857461e-02,5.173711664707e-02,6.868795817070e-02,7.801636401351e-02,5.334840074866e-02,5.001378276960e-02
643.40000000,2.295277187652e+13,1.121851447044e-01,1.274208314401e-01,9.062298588065e-02,1.029303540642e-01,8.443235401637e-02,7.915478914533e-02
643.60000000,3.897420455009e+13,9.186005036676e-02,1.043354182473e-01,1.152108751565e-01,1.308574867256e-01,1.081335795708e-01,1.013745357473e-01
643.80000000,1.171226816177e+13,3.300542375421e-02,3.748783805448e-02,7.589013790732e-02,8.619666069122e-02,1.079678348244e-01,1.012191511130e-01
644.00000000,4.075134307254e+13,1.925886734188e-02,2.187438359833e-02,7.150753633331e-02,8.121886474518e-02,8.772888309972e-02,8.224526397034e-02
644.20000000,3.467205741117e+13,1.417988606312e-02,1.610563392017e-02,3.100897265363e-02,3.522025348633e-02,6.705435850512e-02,6.286303006213e-02
644.40000000,1.453451274142e+13,5.180733624792e-03,5.884320849079e-03,1.062996741839e-02,1.207360692691e-02,3.493078120060e-02,3.274738283477e-02
644.60000000,4.683611752157e+13,4.510585660372e-02,5.123161151515e-02,1.574387901885e-02,1.788203098812e-02,4.646634922487e-02,4.356190370500e-02
644.80000000,4.468096585515e+13,7.020637563521e-02,7.974099226249e-02,2.512118274265e-02,2.853285189276e-02,6.913889699244e-02,6.481727149424e-02
645.00000000,5.913151858373e+13,6.460422598430e-02,7.337802354455e-02,2.078112463645e-02,2.360337717738e-02,5.784338246217e-02,5.422779923153e-02
645.20000000,6.144616669911e+13,6.457218741104e-02,7.334163386342e-02,6.022595724186e-02,6.840515176716e-02,4.527186606075e-02,4.244208341697e-02
645.40000000,2.888252552860e+13,-1.644829227696e-02,-1.868210878743e-02,3.743204819854e-02,4.251563703162e-02,1.485779371211e-02,1.392908609677e-02
645.60000000,4.660358110933e+13,-2.176147132725e-02,-2.471686226537e-02,1.325201751212e-02,1.505175360679e-02,6.895219872102e-03,6.464224306492e-03
645.80000000,2.601554328289e+13,4.765426593604e-03,5.412611628073e-03,-5.372014374919e-03,-6.101579376081e-03,6.686858041838e-02,6.268886430003e-02
646.00000000,1.308480084253e+13,1.233593707937e-02,1.401126114682e-02,-2.100128528110e-02,-2.385343750021e-02,6.757966913346e-02,6.335550539942e-02
646.20000000,1.407815315389e+13,1.102683871682e-02,1.252437621003e-02,-3.646299242261e-02,-4.141497528278e-02,2.484326521426e-02,2.329040144179e-02
646.40000000,2.538834582505e+13,2.217928551264e-02,2.519141913322e-02,-1.457281767051e-02,-1.655192960111e-02,4.444760926242e-02,4.166934796700e-02
646.60000000,1.315826451064e+13,5.039986274441e-03,5.724458824103e-03,1.314428761146e-03,1.492939307420e-03,4.567032209114e-02,4.281563338412e-02
646.80000000,5.366964420497e+13,1.606225640057e-02,1.824364599037e-02,8.069540048169e-02,9.165451857733e-02,2.206282026969e-02,2.068375217941e-02
647.00000000,2.962930858538e+13,6.299141650803e-03,7.154618096894e-03,-2.348726772074e-04,-2.667703738736e-04,1.357889006555e-02,1.273012214912e-02
647.20000000,1.757898433398e+13,-2.884838285156e-02,-3.276623601401e-02,-3.989487418831e-02,-4.531293562714e-02,-5.048024278864e-02,-4.732490311907e-02
647.40000000,3.598495725660e+13,-1.359258845721e-02,-1.543857635701e-02,-1.907073774177e-02,-2.166070527195e-02,7.741643403450e-03,7.257740926181e-03
647.60000000,5.824539607776e+13,-7.827164930089e-03,-8.890159796461e-03,-1.128676114975e-02,-1.281959880368e-02,1.292822707038e-02,1.212012977372e-02
647.80000000,3.258909720320e+13,1.057876901396e-02,1.201545487083e-02,1.679685366763e-02,1.907800850272e-02,1.425426889852e-02,1.336328546358e-02
648.00000000,4.099549329660e+13,2.120959318416e-02,2.409003442617e-02,3.668671823575e-02,4.166908495414e-02,4.661195378229e-03,4.369840704162e-03
648.20000000,7.662171488473e+13,-3.793065229293e-02,-4.308195407661e-02,-4.440835432107e-03,-5.043938454748e-03,-7.106473423177e-02,-6.662273152652e-02
648.40000000,3.237805328466e+13,-1.942979360306e-02,-2.206852308419e-02,1.619665516539e-02,1.839629796600e-02,-7.961143753061e-02,-7.463521092957e-02
648.60000000,2.755702088015e+13,-5.626467522967e-02,-6.390589161664e-02,-4.857413071165e-03,-5.517090861577e-03,-4.400404897563e-02,-4.125351304941e-02
648.80000000,3.030907374057e+13,-6.676831638833e-02,-7.583601563717e-02,-3.830453551431e-02,-4.350661550641e-02,-1.800184046639e-02,-1.687660971846e-02
649.00000000,2.005963473012e+13,-1.847640894338e-02,-2.098566076460e-02,-2.023643051475e-02,-2.298470898566e-02,5.116116906943e-04,4.796326713024e-04
649.20000000,3.582377623382e+13,-3.292361535760e-03,-3.739491938915e-03,-1.771601342368e-02,-2.012199793005e-02,-1.900322343223e-02,-1.781539981188e-02
649.40000000,2.631687160727e+13,-9.843829243522e-04,-1.118070409473e-03,2.164679335800e-05,2.458661103564e-05,-5.536876338539e-04,-5.190785975428e-04
649.60000000,1.839027011147e+13,1.243251212314e-02,1.412095189426e-02,9.467751228014e-03,1.075355194514e-02,2.295044012357e-02,2.151589008665e-02
649.80000000,4.860866976236e+13,3.113395698024e-02,3.536221034343e-02,1.211239656915e-03,1.375736249819e-03,3.593667329022e-02,3.369040020275e-02
650.00000000,1.352321406471e+13,4.955869081474e-02,5.628917808450e-02,-1.478808174890e-02,-1.679642836254e-02,3.552058352034e-02,3.330031871818e-02
650.20000000,2.048983849344e+13,3.187572729912e-02,3.620471931392e-02,-2.237520562576e-02,-2.541394785151e-02,5.795930398292e-02,5.433647491207e-02
650.40000000,8.854699115872e+12,2.630891916561e-04,2.988189178891e-04,-4.572552844576e-02,-5.193544206205e-02,2.806254851704e-02,2.630845884406e-02
650.60000000,9.487626829741e+12,-1.849519199853e-02,-2.100699471670e-02,-4.209680602790e-02,-4.781390843963e-02,-1.761130836291e-02,-1.651048838185e-02
650.80000000,1.891571429000e+13,-1.772916430066e-03,-2.013693401102e-03,-3.667327132165e-02,-4.165381183534e-02,-3.659661871906e-02,-3.430909480005e-02
651.00000000,5.118185245891e+13,-1.215599653159e-02,-1.380688315838e-02,-3.691855212516e-02,-4.193240384712e-02,-5.237016933313e-02,-4.909669710578e-02
651.20000000,2.242213766514e+13,-1.364972393672e-04,-1.550347131542e-04,-1.684222777659e-02,-1.912954479956e-02,-5.293756416290e-02,-4.962862611138e-02
651.40000000,4.444754756865e+13,-8.730021283917e-03,-9.915631641053e-03,-4.591698692740e-02,-5.215290222529e-02,-2.812374144611e-02,-2.636582682170e-02
651.60000000,3.453642696979e+13,-1.618332876484e-02,-1.838116100058e-02,-5.126696074541e-02,-5.822944775037e-02,-3.876321725082e-02,-3.634026699632e-02
651.80000000,6.410596523675e+12,-3.998383723012e-02,-4.541397880668e-02,-9.725932956000e-02,-1.104679693609e-01,-5.655413673334e-02,-5.301913964824e-02
652.00000000,2.793465426017e+13,-3.332246614637e-02,-3.784793747154e-02,-6.766648844587e-02,-7.685617005807e-02,-3.240360562586e-02,-3.037817197855e-02
652.20000000,4.142422973672e+13,-5.601200757352e-03,-6.361890956647e-03,-2.828289897273e-02,-3.212395593606e-02,-4.726056470840e-02,-4.430647561546e-02
652.40000000,6.726774393491e+12,2.310157783329e-02,2.623896651250e-02,-8.735104946334e-03,-9.921406099972e-03,-3.631597924210e-02,-3.404599709440e-02
652.60000000,1.924354472171e+13,-8.746749455392e-03,-9.934631638989e-03,-5.433220653885e-02,-6.171097985557e-02,-4.785527101544e-02,-4.486400895545e-02
652.80000000,1.164013794558e+13,-3.499566723878e-02,-3.974837335298e-02,-4.204206005385e-02,-4.775172749913e-02,-1.514342933897e-03,-1.419686766083e-03
653.00000000,6.626043522760e+12,-2.098326063549e-02,-2.383296401270e-02,-4.140471558761e-02,-4.702782626223e-02,4.038655776709e-03,3.786213829523e-03
653.20000000,1.907336192512e+13,-1.267909711282e-02,-1.440102520065e-02,5.004368582302e-03,5.684004174421e-03,-1.348051697252e-02,-1.263789800677e-02
653.40000000,2.941587229907e+13,4.416058058278e-02,5.015795905567e-02,-1.284589479670e-02,-1.459047599068e-02,-9.112525868388e-04,-8.542934424800e-04
653.60000000,2.863411431675e+13,5.506484931142e-02,6.254311924165e-02,1.680738871129e-02,1.908997429445e-02,2.889297514686e-02,2.708697847140e-02
653.80000000,5.354801872344e+13,4.700203371253e-02,5.338530543246e-02,-8.493849035715e-03,-9.647385595584e-03,1.726581279626e-02,1.618658850901e-02
654.00000000,4.622144483083e+13,1.733796964905e-02,1.969261183365e-02,-3.463499881971e-02,-3.933872468316e-02,1.888518211358e-02,1.770473683443e-02
654.20000000,1.741983392609e+13,3.985312561605e-03,4.526551545543e-03,-4.445432155721e-02,-5.049159452319e-02,2.820439143721e-03,2.644143566993e-03
654.40000000,5.806844447522e+13,-1.070450870547e-02,-1.215827107060e-02,-1.619372210369e-03,-1.839296656970e-03,3.062625665939e-03,2.871191874758e-03
654.60000000,3.341595193189e+13,3.555336733303e-02,4.038181381331e-02,1.536811773396e-02,1.745523814167e-02,9.773962111985e-03,9.163026651355e-03
654.80000000,3.832545625474e+13,3.416102042151e-02,3.880037447402e-02,6.937499552487e-02,7.879670685294e-02,6.448548475614e-02,6.045472743561e-02
655.00000000,5.135544466086e+13,5.837992863532e-02,6.630841423551e-02,7.802296524411e-02,8.861914402479e-02,5.731462523995e-02,5.373209273464e-02
655.20000000,2.907052803023e+13,5.996405966234e-02,6.810768358713e-02,3.437660030440e-02,3.904523346334e-02,1.829292622347e-02,1.714950074458e-02
655.40000000,2.481902533384e+13,7.725324543441e-03,8.774488628278e-03,-2.792534252027e-02,-3.171784029231e-02,8.493736165309e-04,7.962823055851e-04
655.60000000,2.851624500859e+13,-4.200088469090e-02,-4.770495828694e-02,-5.139364739220e-02,-5.837333951560e-02,-3.002532557970e-02,-2.814854972325e-02
655.80000000,8.944631220205e+12,-4.455878753134e-02,-5.061024585893e-02,-3.125024211748e-02,-3.549428938459e-02,-5.704097700727e-02,-5.347554927556e-02
656.00000000,4.614899580297e+13,-3.971106762438e-02,-4.510416479301e-02,-2.935456229320e-02,-3.334116020209e-02,-5.646059417047e-02,-5.293144409686e-02
656.20000000,3.721026659235e+13,6.402422401101e-03,7.271925242234e-03,8.280188571463e-03,9.404708232649e-03,-1.122995577031e-02,-1.052801134666e-02
656.40000000,-7.011449129304e+11,5.116605697591e-02,5.811483809701e-02,3.533275479657e-02,4.013124182494e-02,2.877154047907e-02,2.697313425095e-02
656.60000000,3.607907731941e+13,1.978854684604e-02,2.247599803663e-02,1.061297125150e-02,1.205430253676e-02,3.473044897685e-02,3.255957266278e-02
656.80000000,2.642224763366e+13,5.057355055106e-04,5.744186431351e-04,-1.130602186733e-03,-1.284147528966e-03,-1.470920038699e-02,-1.378978080965e-02
657.00000000,3.880477037041e+13,-2.395824775667e-02,-2.721197942070e-02,1.345534929077e-03,1.528269956124e-03,-1.204106903087e-02,-1.128842481447e-02
657.20000000,1.755950703783e+13,-5.182546944621e-02,-5.886380433001e-02,-1.342107493344e-02,-1.524377045620e-02,-1.148805736729e-03,-1.076997993472e-03
657.40000000,-1.644931377331e+12,-3.868912705936e-02,-4.394343609920e-02,-1.839764674619e-03,-2.089620282459e-03,-4.419646463804e-02,-4.143390149604e-02
657.60000000,4.553763340212e+13,-5.444903127934e-02,-6.184366793845e-02,-1.659875896269e-02,-1.885301086090e-02,-3.552512788014e-02,-3.330457902628e-02
657.80000000,2.514331871285e+13,-1.309959945187e-02,-1.487863529604e-02,2.795911743265e-02,3.175620212354e-02,8.337135427018e-03,7.816010870355e-03
658.00000000,2.215416837931e+13,8.194754390915e-03,9.307670999487e-03,1.463797415946e-02,1.662593489250e-02,-2.682174629592e-02,-2.514521473784e-02
658.20000000,2.170977825526e+13,1.931001681930e-02,2.193247960523e-02,3.125646721252e-02,3.550135990021e-02,2.128145667003e-02,1.995122882746e-02
658.40000000,4.922786834084e+13,-5.606562114320e-03,-6.367980431009e-03,1.448441835589e-02,1.645152491168e-02,1.780264204935e-02,1.668986248297e-02
658.60000000,4.861250134941e+13,-1.066434066212e-02,-1.211264786892e-02,1.150568899532e-02,1.306825890289e-02,-4.272772116328e-03,-4.005696392977e-03
658.80000000,1.489223226172e+13,-4.070968301370e-02,-4.623840055597e-02,1.244949100908e-02,1.414023721500e-02,-4.576833727072e-03,-4.290752198492e-03
659.00000000,3.966161517692e+13,-3.890011055352e-02,-4.418307292739e-02,3.976598002008e-02,4.516653654037e-02,1.279430839532e-02,1.199458187670e-02
659.20000000,5.997871886823e+13,-4.297162907654e-02,-4.880753792936e-02,6.250261193922e-03,7.099099543369e-03,1.552716481319e-02,1.455661720121e-02
659.40000000,3.540274047295e+13,-3.771875935211e-02,-4.284128429126e-02,-5.972327676583e-03,-6.783420302963e-03,-1.476331642161e-02,-1.384051424424e-02
659.60000000,3.817506597595e+13,-8.947800212988e-02,-1.016298678139e-01,-8.759653295159e-02,-9.949288322255e-02,-1.554523344660e-01,-1.457355642888e-01
659.80000000,4.497884077403e+13,-1.504003955347e-01,-1.708260349306e-01,-1.124244774379e-01,-1.276926726229e-01,-1.768730678204e-01,-1.658173641125e-01
660.00000000,8.739918139848e+12,-1.245517819966e-01,-1.414669621471e-01,-8.660076289921e-02,-9.836187917251e-02,-9.213084536700e-02,-8.637207529938e-02
660.20000000,1.578169607922e+13,-7.876051360040e-03,-8.945685414999e-03,4.727547381677e-03,5.369588312750e-03,2.839033266304e-03,2.661575437389e-03
660.40000000,3.493013278945e+13,-1.719321521125e-02,-1.952819852503e-02,2.218367084550e-02,2.519640102763e-02,-3.838533225624e-04,-3.598600224298e-04
660.60000000,9.151290771467e+12,-3.535778134924e-02,-4.015966560699e-02,1.191013756683e-02,1.352763501217e-02,3.497134528358e-03,3.278541140181e-03
660.80000000,1.638704623492e+13,-1.030237054508e-01,-1.170151916386e-01,-7.839356017820e-02,-8.904006888628e-02,-1.022827031374e-01,-9.588937670132e-02
661.00000000,3.177649614543e+12,-1.600290073382e-01,-1.817622932457e-01,-1.487884797839e-01,-1.689952141391e-01,-1.809443666152e-01,-1.696341805616e-01
661.20000000,4.093393338723e+13,-1.075926406259e-01,-1.222046266600e-01,-5.162808052736e-02,-5.863961065391e-02,-2.193082254847e-01,-2.056000516427e-01
661.40000000,2.207577848282e+13,-9.553731055884e-02,-1.085120813192e-01,-2.897445110090e-02,-3.290942669401e-02,1.019597886992e-03,9.558664649128e-04
661.60000000,4.556901906167e+13,-6.655531156588e-03,-7.559408296731e-03,1.446046350749e-02,1.642431679220e-02,1.024892751989e-02,9.608303668112e-03
661.80000000,3.768570435896e+13,1.790353276119e-02,2.033498317587e-02,2.360515192832e-02,2.681093126771e-02,2.643110212804e-02,2.477898834158e-02
662.00000000,3.532604722537e+13,1.909421046311e-02,2.168736492977e-02,1.787576143585e-02,2.030344107380e-02,-1.014988329402e-02,-9.515450343032e-03
662.20000000,2.889257177818e+13,-3.900147848210e-02,-4.429820747372e-02,-2.884763720819e-02,-3.276539040177e-02,-5.531084858691e-02,-5.185356500302e-02
662.40000000,4.832556668795e+13,-2.624453257643e-02,-2.980876095903e-02,-1.084661245484e-02,-1.231967419219e-02,1.679559100842e-03,1.574575860559e-03
662.60000000,2.837383890876e+13,-3.045223558444e-02,-3.458790544511e-02,-2.888274911405e-02,-3.280527080150e-02,9.009386318022e-03,8.446241759333e-03
662.80000000,6.515368079958e+12,-1.330021221417e-02,-1.510649295971e-02,4.962131942970e-03,5.636031442131e-03,1.678149517055e-02,1.573254384818e-02
663.00000000,1.712529785499e+13,-3.204062848091e-03,-3.639201546390e-03,-7.643588079887e-04,-8.681652008457e-04,-1.428831858341e-03,-1.339520682429e-03
663.20000000,3.104467205957e+13,3.100531961619e-02,3.521610294281e-02,-3.822426209072e-03,-4.341544027275e-03,1.603968980883e-02,1.503710609002e-02
663.40000000,5.670419309780e+13,2.199553032714e-02,2.498270844715e-02,-1.088299177926e-02,-1.236099413665e-02,3.249344988615e-03,3.046240039505e-03
663.60000000,3.552634807169e+13,2.227365937400e-02,2.529860975915e-02,-1.676132961585e-02,-1.903765998416e-02,-2.387953029763e-02,-2.238690615249e-02
663.80000000,3.300159046430e+13,-5.043161867010e-02,-5.728065688866e-02,-4.753090022575e-02,-5.398599860381e-02,-3.475607614015e-02,-3.258359796363e-02
664.00000000,2.962849665004e+13,-5.111994189416e-02,-5.806246019908e-02,-3.972470812153e-02,-4.511965956883e-02,-5.337647229617e-02,-5.004009966494e-02
664.20000000,-6.248562056366e+11,-3.951551199317e-02,-4.488205106140e-02,-2.333756316120e-02,-2.650700168213e-02,-2.399363607123e-02,-2.249387958175e-02
664.40000000,1.940640780180e+13,-5.702711596590e-02,-6.477187822109e-02,-4.236745925173e-02,-4.812131866107e-02,-8.444403397372e-02,-7.916573903026e-02
664.60000000,3.487480391975e+13,-8.904109675334e-03,-1.011336270105e-02,3.914582590823e-03,4.446216025342e-03,-2.220227772206e-02,-2.081449264455e-02
664.80000000,2.848723333769e+13,4.942325959566e-03,5.613535416616e-03,-2.559204600573e-02,-2.906766237062e-02,-1.505768045566e-02,-1.411647863394e-02
665.00000000,3.967521770243e+13,-1.128281412779e-02,-1.281511523594e-02,-3.753976157959e-02,-4.263797880111e-02,-3.722966579941e-02,-3.490257236855e-02
665.20000000,4.816958887725e+13,-4.334030701659e-02,-4.922628543625e-02,-6.839413081266e-02,-7.768263241437e-02,-7.858981242330e-02,-7.367744395864e-02
665.40000000,3.954790994541e+13,-2.930338932773e-02,-3.328303619872e-02,-2.793916323391e-02,-3.173353797579e-02,-2.117447900459e-02,-1.985093795378e-02
665.60000000,4.605536909715e+13,-1.120854586721e-02,-1.273076072058e-02,9.260646635289e-03,1.051832079655e-02,-2.579717185596e-02,-2.418468278651e-02
665.80000000,4.084319195134e+13,-5.779357244148e-03,-6.564242593611e-03,2.287872263212e-02,2.598584672725e-02,-2.350895721881e-02,-2.203949627320e-02
666.00000000,4.618408685698e+13,-2.856153922583e-02,-3.244043660999e-02,4.246446072531e-03,4.823149375543e-03,-5.812975016907e-02,-5.449626711593e-02
666.20000000,1.469924513807e+13,-5.180532133128e-02,-5.884091993152e-02,-1.625875747208e-02,-1.846683429135e-02,-3.400551559754e-02,-3.187995227967e-02
666.40000000,2.711412655893e+13,-3.770177442096e-02,-4.282199266353e-02,-6.181610277080e-02,-7.021125251209e-02,-6.135968421765e-02,-5.752430952393e-02
666.60000000,5.081612136134e+13,1.577973312044e-02,1.792275367125e-02,-3.166298802564e-02,-3.596308967904e-02,-1.249295695875e-02,-1.171206684205e-02
666.80000000,2.963270513621e+13,1.285957606127e-02,1.460601470910e-02,-1.880337529495e-02,-2.135703274288e-02,-6.286752417473e-03,-5.893789979105e-03
667.00000000,2.438288878672e+13,2.824829914717e-02,3.208465589261e-02,1.689930904896e-02,1.919437819164e-02,3.559473449876e-02,3.336983478380e-02
667.20000000,4.514075445267e+13,9.211885524732e-03,1.046293710086e-02,1.036156593256e-02,1.176875424854e-02,2.598589671418e-02,2.436161112794e-02
667.40000000,3.728964852172e+13,-5.259892379223e-02,-5.974230028516e-02,-6.283685459771e-02,-7.137063107301e-02,-3.647818193554e-02,-3.419806107683e-02
667.60000000,1.439641715373e+13,-5.774975429502e-02,-6.559265691662e-02,-3.413884250901e-02,-3.877518614783e-02,-4.511360952535e-02,-4.229371893233e-02
667.80000000,3.362336480836e+13,-2.193035644979e-02,-2.490868340880e-02,-4.377309869707e-02,-4.971785583527e-02,-3.034855005080e-02,-2.845157058717e-02
668.00000000,3.033322309744e+13,1.441689798738e-02,1.637483405830e-02,-1.022903285071e-02,-1.161822205289e-02,1.251349223964e-02,1.173131853588e-02
668.20000000,2.114127422478e+13,3.057397106034e-02,3.472617362309e-02,-9.364487443390e-03,-1.063626406492e-02,1.317738433259e-02,1.235371310542e-02
668.40000000,1.003147453281e+13,1.821327878343e-02,2.068679531458e-02,-2.690919820813e-02,-3.056369498566e-02,7.689285822848e-04,7.208656030933e-04
668.60000000,2.977419310039e+13,6.966471691015e-03,7.912577172428e-03,-3.216889405053e-02,-3.653770202226e-02,-3.645758955947e-02,-3.417875585664e-02
668.80000000,3.188473313252e+13,-3.521584011371e-03,-3.999844755717e-03,-1.684944684908e-02,-1.913774428317e-02,-2.564368468100e-02,-2.404078954663e-02
669.00000000,2.770380763255e+13,-6.204061364062e-04,-7.046625107068e-04,3.913831576937e-02,4.445363017417e-02,1.771609068019e-02,1.660872113075e-02
669.20000000,4.679470328490e+13,6.996215693584e-02,7.946360660854e-02,8.731763434744e-02,9.917610782838e-02,7.525725367790e-02,7.055319155706e-02
669.40000000,3.670906168099e+13,7.002913907659e-02,7.953968548768e-02,5.348383655968e-02,6.074739405573e-02,5.430864559520e-02,5.091400614062e-02
669.60000000,3.795488128571e+13,4.662466641724e-02,5.295668848277e-02,8.808526444855e-03,1.000479885916e-02,2.164305655720e-02,2.029022639726e-02
669.80000000,1.924555493820e+13,1.431358890687e-02,1.625749473526e-02,-5.548651548282e-03,-6.302205371997e-03,2.648678029304e-02,2.483118626335e-02
670.00000000,3.003825631724e+13,-1.284725102163e-02,-1.459201582536e-02,-3.487084564398e-02,-3.960660150152e-02,-3.291459640641e-02,-3.085722255059e-02
670.20000000,1.734955780079e+13,-2.543809317719e-02,-2.889280030284e-02,-6.558162527646e-03,-7.448816483161e-03,-1.859273785534e-02,-1.743057222221e-02
670.40000000,4.620968076927e+13,1.853839434885e-03,2.105606430978e-03,1.391882773321e-02,1.580912229735e-02,-2.134983784095e-02,-2.001533573563e-02
670.60000000,5.306376490303e+13,2.867427347474e-02,3.256848111861e-02,4.379579800192e-02,4.974363789777e-02,9.125983295338e-04,8.555550676065e-04
670.80000000,4.206211695235e+13,4.624663483586e-02,5.252731703134e-02,3.332264254178e-02,3.784813931972e-02,5.970326126572e-02,5.597142365426e-02
671.00000000,5.209073433814e+13,4.472039476897e-02,5.079380071943e-02,3.276402815711e-02,3.721366037554e-02,5.025847437853e-02,4.711699666016e-02
671.20000000,5.331719656446e+13,5.807475564831e-02,6.596179618871e-02,5.059809665826e-02,5.746974626137e-02,5.784791001566e-02,5.423204378383e-02
671.40000000,2.737297132404e+13,3.286411535315e-02,3.732733878338e-02,5.103425110269e-02,5.796513416937e-02,7.331066643047e-02,6.872827852557e-02
671.60000000,2.937828221199e+13,1.970694260672e-02,2.238331125488e-02,3.064636629720e-02,3.480840211893e-02,2.191276082448e-02,2.054307241413e-02
671.80000000,6.277425351188e+12,1.786971972557e-03,2.029657804547e-03,2.060492752142e-02,2.340325100345e-02,1.931228398610e-02,1.810514209444e-02
672.00000000,5.399757661520e+13,1.976670855515e-02,2.245119392206e-02,7.085476687757e-03,8.047744367471e-03,-1.369756835631e-02,-1.284138228383e-02
672.20000000,6.769640746295e+12,-1.042386146628e-03,-1.183950957456e-03,1.618589291997e-02,1.838407411660e-02,-2.452027199362e-02,-2.298759737368e-02
672.40000000,5.634426250718e+13,2.982316902650e-02,3.387340635474e-02,1.417494144390e-02,1.610001841675e-02,3.130561545733e-02,2.934881325362e-02
672.60000000,2.704305413298e+13,8.365813552424e-02,9.501961434663e-02,8.468950646796e-02,9.619105794802e-02,8.955304049229e-02,8.395539979989e-02
672.80000000,1.823284438905e+13,8.479513378034e-02,9.631102653422e-02,1.142960357227e-01,1.298184043567e-01,8.619299194571e-02,8.080537588642e-02
673.00000000,3.287875237884e+12,2.651501626662e-02,3.011597861058e-02,5.468081869885e-02,6.210693649628e-02,5.691653087627e-02,5.335888182771e-02
673.20000000,3.790210196893e+13,7.349255310365e-03,8.347346028571e-03,2.119456757024e-02,2.407296915945e-02,1.229789378759e-02,1.152919637298e-02
673.40000000,3.506736167560e+13,1.191760575323e-02,1.353611690616e-02,2.943823658390e-02,3.343619816937e-02,1.846516814723e-02,1.731097644090e-02
673.60000000,3.950050170446e+13,4.000881312703e-02,4.544234664057e-02,5.100339411014e-02,5.793008653616e-02,2.440547448755e-02,2.287997544968e-02
673.80000000,5.381994504962e+13,9.708965055804e-02,1.102752421538e-01,1.525146705239e-01,1.732274531064e-01,5.218815293421e-02,4.892605790182e-02
674.00000000,3.744416407061e+12,1.123542014442e-01,1.276128475079e-01,1.112653150446e-01,1.263760861696e-01,1.405775394224e-01,1.317905395531e-01
674.20000000,4.585257126613e+13,3.019563524003e-02,3.429645661452e-02,6.299651600070e-02,7.155197584531e-02,1.065190855904e-01,9.986095801886e-02
674.40000000,4.553001222720e+13,2.969519186446e-02,3.372804881712e-02,3.217036795418e-02,3.653937609449e-02,4.449910901932e-02,4.171762865804e-02
674.60000000,4.511144396000e+13,4.766605304997e-02,5.413950418393e-02,1.894092457905e-02,2.151326238348e-02,2.170834379449e-02,2.035143276254e-02
674.80000000,3.753362831399e+13,5.520154446680e-02,6.269837874948e-02,2.984509346260e-02,3.389830965435e-02,4.251717035907e-02,3.985957390428e-02
675.00000000,2.382410541061e+13,5.890457489087e-02,6.690431186768e-02,7.098704613537e-02,8.062768757484e-02,5.615476321766e-02,5.264472954453e-02
675.20000000,3.278211996424e+13,3.453224104136e-02,3.922200997803e-02,3.084317351587e-02,3.503193742295e-02,1.269624220915e-04,1.190264545759e-04
675.40000000,4.805907070892e+13,2.326733949414e-03,2.642724000184e-03,-1.819918108420e-02,-2.067078384663e-02,2.623067712787e-03,2.459109119228e-03
675.60000000,4.481326252033e+13,-1.378440855424e-03,-1.565644723747e-03,-3.700688503182e-02,-4.203273310984e-02,-4.110715820819e-03,-3.853769657662e-03
675.80000000,1.869537926526e+13,3.136545310274e-03,3.562514558751e-03,-2.739938759253e-02,-3.112045623563e-02,-6.774436962367e-03,-6.350991105027e-03
676.00000000,3.211579355219e+13,2.323564180539e-02,2.639123750021e-02,1.093311969712e-02,1.241792984986e-02,1.107021164704e-02,1.037825225796e-02
676.20000000,5.389603826740e+13,2.980463260616e-02,3.385235253253e-02,-7.329408438497e-03,-8.324804113705e-03,-6.154700219019e-03,-5.769991891908e-03
676.40000000,3.363616499819e+13,3.415422853632e-03,3.879266019367e-03,-1.948922277781e-02,-2.213602411642e-02,-1.827715793055e-02,-1.713471807132e-02
676.60000000,4.266543387064e+13,-6.645695040627e-03,-7.548236353447e-03,-2.486215071137e-02,-2.823864112014e-02,-2.480899990899e-02,-2.325827793836e-02
676.80000000,2.010469632653e+13,1.733894846210e-02,1.969372357776e-02,-2.567148794988e-02,-2.915789320289e-02,-1.993456029718e-02,-1.868852213598e-02
677.00000000,4.155001921677e+13,3.633724837325e-02,4.127215249548e-02,9.680583432810e-03,1.099528856398e-02,6.463354197347e-03,6.059353012512e-03
677.20000000,2.836124795342e+13,4.173508464514e-02,4.740306035814e-02,2.374426254325e-02,2.696893428108e-02,-2.294555915534e-02,-2.151131421031e-02
677.40000000,6.424701704109e+13,3.075952810167e-02,3.493693087217e-02,2.241724155639e-02,2.546169261715e-02,3.541408936652e-03,3.320048113354e-03
677.60000000,1.695028326067e+13,1.463693088130e-04,1.662474927092e-04,-2.121120338372e-02,-2.409186425714e-02,-5.588045339583e-02,-5.238756584988e-02
677.80000000,4.474669330683e+13,-6.240169904381e-03,-7.087637491035e-03,-7.352051250747e-02,-8.350522011425e-02,-4.367324201477e-02,-4.094338365008e-02
678.00000000,4.169469137253e+13,-3.439644662439e-02,-3.906777353646e-02,-5.885659055922e-02,-6.684981350371e-02,-4.269008947767e-02,-4.002168446642e-02
678.20000000,3.234265155646e+13,-2.850290284933e-02,-3.237383692012e-02,-2.763024187681e-02,-3.138266248482e-02,-4.350976359574e-02,-4.079012368311e-02
678.40000000,4.541460229945e+13,2.059760308971e-03,2.339493092675e-03,-6.817851480494e-03,-7.743773392861e-03,-2.693108332701e-02,-2.524771750165e-02
678.60000000,5.774404052822e+13,-4.296388275619e-03,-4.879873959352e-03,2.194185577731e-02,2.492174542735e-02,-5.042192246821e-03,-4.727022819356e-03
678.80000000,3.709626091596e+13,-3.093302523716e-02,-3.513399037871e-02,-2.274380597442e-04,-2.583260724595e-04,-1.151121882542e-02,-1.079169365283e-02
679.00000000,3.044437291203e+13,9.988150712243e-03,1.134462563343e-02,4.106957749294e-02,4.664717357892e-02,2.303844654684e-02,2.159839554275e-02
679.20000000,3.443944533587e+13,9.130914369014e-03,1.037096938079e-02,2.616759016702e-03,2.972137029832e-03,-7.183314518941e-03,-6.734311185983e-03
679.40000000,1.453049467572e+13,-1.627612794285e-04,-1.848656308787e-04,-3.068175328660e-02,-3.484859496087e-02,-2.567685620021e-02,-2.407188763265e-02
679.60000000,-9.098413244365e+12,-4.132194191129e-02,-4.693380936427e-02,-3.772010149079e-02,-4.284281039798e-02,-4.322769634880e-02,-4.052568745228e-02
679.80000000,3.528683581934e+13,-3.104043837693e-02,-3.525599112679e-02,-2.046394752686e-02,-2.324312473289e-02,-2.670832697709e-02,-2.503888485552e-02
680.00000000,2.632596872645e+13,-5.898190956076e-04,-6.699214923650e-04,-9.849758362440e-03,-1.118743888033e-02,2.333407674195e-02,2.187554695030e-02
680.20000000,2.875670278079e+13,2.717009015351e-02,3.086001704403e-02,5.373458992623e-02,6.103220185091e-02,5.562799791412e-02,5.215089045860e-02
680.40000000,6.161030007084e+13,4.376068191674e-02,4.970375078547e-02,2.079289138319e-02,2.361674194788e-02,3.484700568823e-02,3.266884383044e-02
680.60000000,3.045691669186e+13,-5.264454250815e-02,-5.979411440660e-02,-8.030544316897e-02,-9.121160176237e-02,-3.917428199013e-02,-3.672563754704e-02
680.80000000,-5.814932169790e+12,-2.204105225711e-02,-2.503441263830e-02,-7.480725972717e-02,-8.496671849269e-02,-5.223887068135e-02,-4.897360546374e-02
681.00000000,2.004867352366e+13,-2.366278610271e-02,-2.687639158770e-02,-6.778458416922e-02,-7.699030417978e-02,-5.875322322022e-02,-5.508076909360e-02
681.20000000,2.336269482500e+13,-2.094269880290e-03,-2.378689354189e-03,-3.216982226840e-02,-3.653875629996e-02,6.216321824643e-03,5.827761751067e-03
681.40000000,3.330339957772e+13,-3.254027837930e-03,-3.695952202326e-03,-8.266884374939e-03,-9.389597213678e-03,3.434208521483e-02,3.219548413235e-02
681.60000000,3.469348538053e+13,3.779840739751e-03,4.293174921151e-03,-1.251180023430e-02,-1.421100856016e-02,6.551112361306e-02,6.141625727100e-02
681.80000000,3.020463643105e+13,-2.794208537548e-03,-3.173685571380e-03,-5.048547755717e-02,-5.734183253356e-02,-1.092945912840e-02,-1.024629767652e-02
682.00000000,2.615252406692e+13,-1.018996360370e-02,-1.157384641389e-02,-4.830765870264e-02,-5.486824745350e-02,-3.650381284575e-02,-3.422208989040e-02
682.20000000,3.771107091076e+13,-2.491004687349e-02,-2.829304086737e-02,-1.220911060066e-01,-1.386721111341e-01,-8.356662663440e-02,-7.834317528977e-02
682.40000000,7.128478353407e+13,2.640237403318e-02,2.998803861390e-02,-2.133535899413e-02,-2.423288124985e-02,4.478464317779e-03,4.198531509615e-03
682.60000000,1.880332674971e+13,-2.008042902201e-02,-2.280752026840e-02,-4.138911468689e-02,-4.701010662720e-02,-2.549900230686e-02,-2.390515075091e-02
682.80000000,1.822597679626e+13,2.880790465296e-03,3.272026053540e-03,-5.341685635632e-03,-6.067131737408e-03,1.733289059871e-02,1.624947351763e-02
683.00000000,2.612788580235e+13,-1.626149214260e-02,-1.846993962283e-02,6.006900028719e-03,6.822687873014e-03,-7.887664520248e-04,-7.394634784528e-04
683.20000000,2.351098927981e+13,5.778899177754e-04,6.563722317951e-04,2.329414303207e-02,2.645768473212e-02,1.477171445684e-02,1.384838734828e-02
683.40000000,1.674989934175e+13,2.853823113968e-04,3.241396308965e-04,-1.123960793931e-02,-1.276604178833e-02,-2.334476109452e-02,-2.188556346216e-02
683.60000000,2.778760386334e+13,-2.551730064246e-02,-2.898276480847e-02,-3.739904034086e-02,-4.247814642761e-02,-5.849180698250e-02,-5.483569305116e-02
683.80000000,4.739368224974e+13,-7.164104433043e-02,-8.137050103985e-02,-5.016396112680e-02,-5.697665145180e-02,-8.097339187198e-02,-7.591203436973e-02
684.00000000,2.201224267610e+13,-4.630536736943e-03,-5.259402593723e-03,4.435228976386e-03,5.037570594909e-03,-3.794153186733e-02,-3.556994223123e-02
684.20000000,4.385590350767e+13,-6.795384822277e-03,-7.718255267147e-03,1.627122590043e-02,1.848099603775e-02,-4.532659416475e-02,-4.249339066267e-02
684.40000000,4.399229613761e+13,-1.015298794084e-02,-1.153184914484e-02,3.342324434460e-02,3.796240369849e-02,3.212893719578e-03,3.012067209097e-03
684.60000000,7.617736070680e+12,-2.593505163647e-02,-2.945724990300e-02,4.320303625198e-02,4.907037408722e-02,-4.879435887914e-03,-4.574439779105e-03
684.80000000,5.136829184606e+13,-1.881042879422e-02,-2.136504332210e-02,3.685311840301e-02,4.185808367192e-02,-2.276618986494e-03,-2.134315665358e-03
685.00000000,4.666846267455e+13,-4.327720952991e-02,-4.915461877989e-02,-1.675540073514e-02,-1.903092591129e-02,-4.286472530110e-02,-4.018540442830e-02
685.20000000,5.047195106598e+13,-6.732339136151e-02,-7.646647446290e-02,-4.902616591758e-02,-5.568433402704e-02,-4.901092514709e-05,-4.594742727481e-05
685.40000000,4.225106518576e+13,9.245376195005e-03,1.050097608599e-02,1.760765981830e-03,1.999892898835e-03,-3.654578346716e-02,-3.426143707817e-02
685.60000000,4.505256636802e+13,2.451552265124e-02,2.784493693565e-02,-4.071370426938e-02,-4.624296976079e-02,-4.288892721505e-02,-4.020809356705e-02
685.80000000,1.914632799158e+13,-1.033908880909e-02,-1.174322407712e-02,2.418294006923e-02,2.746718792643e-02,-3.486148968419e-02,-3.268242248355e-02
686.00000000,1.077062409980e+13,-1.014974790047e-02,-1.152816907973e-02,3.335649756003e-02,3.788659213587e-02,8.411037294283e-03,7.885293395863e-03
686.20000000,4.197836337696e+13,-7.035888607910e-03,-7.991421490808e-03,2.271818857684e-02,2.580351078909e-02,2.783309473725e-02,2.609334740047e-02
686.40000000,3.476271961055e+13,7.511033367252e-03,8.531094907013e-03,8.284119679910e-03,9.409173218881e-03,3.479477293715e-02,3.261987596207e-02
686.60000000,5.079177626906e+13,5.994872757654e-02,6.809026927504e-02,8.285214383664e-02,9.410416592666e-02,1.160533303483e-01,1.087992511917e-01
686.80000000,2.677669045418e+13,1.511099154732e-01,1.716319136476e-01,1.638416531566e-02,1.860927358108e-02,4.132500150051e-02,3.874192326284e-02
687.00000000,2.359246566276e+13,4.233352576695e-02,4.808277482043e-02,-3.151030311948e-02,-3.578966887087e-02,-3.760885184006e-02,-3.525805684419e-02
687.20000000,5.475650434692e+13,1.684120104313e-02,1.912837787054e-02,6.109021592664e-03,6.938678409325e-03,-3.477870373723e-02,-3.260481119044e-02
687.40000000,3.704376681895e+13,4.890675184615e-04,5.554870031767e-04,1.191363719194e-02,1.353160991599e-02,-3.971263502664e-02,-3.723034005815e-02
687.60000000,2.704409637664e+13,1.216324389254e-02,1.381511477193e-02,-9.214225159049e-04,-1.046559489109e-03,1.364637425039e-02,1.279338813861e-02
687.80000000,2.212269606270e+13,3.308852724927e-02,3.758222770352e-02,-9.436563778516e-04,-1.071812897614e-03,5.843314919988e-02,5.478070175702e-02
688.00000000,2.691909554998e+13,3.015920343156e-02,3.425507705988e-02,1.577895142580e-02,1.792186652466e-02,6.501689415739e-02,6.095292033329e-02
688.20000000,3.766950720999e+13,1.189083431844e-02,1.350570968522e-02,7.465282618988e-03,8.479131157449e-03,3.185550362251e-02,2.986432987370e-02
688.40000000,3.865193018327e+13,1.493204807394e-02,1.695994586181e-02,3.137812538142e-02,3.563954027771e-02,-4.460608624381e-03,-4.181791911833e-03
688.60000000,5.116087342743e+13,1.583846884722e-02,1.798946620402e-02,-1.873923581392e-02,-2.128418257769e-02,-4.642649009679e-02,-4.352453602865e-02
688.80000000,5.130322228595e+13,3.854863792329e-02,4.378386735618e-02,3.796050206323e-02,4.311585940203e-02,3.845958604665e-03,3.605561469421e-03
689.00000000,1.598165181566e+13,3.791251835145e-02,4.306135739327e-02,-1.153222429514e-02,-1.309839792092e-02,2.049184329539e-02,1.921097136450e-02
689.20000000,6.304054694738e+13,2.656954963223e-02,3.017791806616e-02,1.454406595504e-02,1.651927315943e-02,5.237355396410e-02,4.909987017555e-02
689.40000000,4.117006008137e+13,1.739658428279e-02,1.975918682792e-02,1.985999236351e-03,2.255714734869e-03,4.020857302433e-02,3.769527874301e-02
689.60000000,4.106138928933e+13,1.108389715181e-02,1.258918366066e-02,1.812897301849e-02,2.059104093161e-02,2.742370286880e-02,2.570954515544e-02
689.80000000,4.615185210332e+13,-1.000795686949e-02,-1.136712163351e-02,2.063522488417e-02,2.343766300438e-02,-1.100644831142e-02,-1.031847454070e-02
690.00000000,3.834319460217e+13,1.762707016960e-02,2.002097463780e-02,4.611944835275e-02,5.238285962509e-02,-3.039810150930e-02,-2.849802476099e-02
690.20000000,3.103240904277e+13,-7.086664383020e-03,-8.049093043478e-03,2.223852700030e-02,2.525870711236e-02,-1.260665567515e-02,-1.181865865780e-02
690.40000000,1.406690988432e+13,-2.299292945786e-03,-2.611556277335e-03,2.527221535772e-02,2.870439601474e-02,2.052941858309e-02,1.924619795518e-02
690.60000000,1.168819802942e+13,1.129038834342e-02,1.282371809379e-02,1.755312856387e-02,1.993699192822e-02,4.942157903701e-02,4.633241265718e-02
690.80000000,3.327985500234e+13,-2.116797173164e-02,-2.404276043014e-02,2.763353843539e-02,3.138640674395e-02,1.739491419543e-02,1.630762024085e-02
691.00000000,2.939748136466e+13,-3.101516018484e-02,-3.522727994348e-02,1.173279539008e-02,1.332620826745e-02,-2.313644090067e-02,-2.169026461954e-02
691.20000000,1.359253853332e+13,-4.389414348394e-02,-4.985533755664e-02,6.501549417319e-03,7.384514833487e-03,-4.167838465290e-02,-3.907321769660e-02
691.40000000,3.055286707565e+13,-2.090206665348e-02,-2.374074320465e-02,3.161653953393e-02,3.591033308920e-02,-3.431069114841e-02,-3.216605239688e-02
691.60000000,5.515739151604e+13,-2.235183990341e-02,-2.538740786238e-02,2.863747608477e-02,3.252668761976e-02,3.804792669214e-03,3.566968669557e-03
691.80000000,3.399155437709e+13,1.370457982344e-02,1.556577709323e-02,4.771383015966e-02,5.419377197039e-02,1.786611799475e-02,1.674937077374e-02
692.00000000,5.733850409912e+13,4.965102315850e-02,5.639404993755e-02,5.104927979529e-02,5.798220388557e-02,4.970631864128e-02,4.659935420583e-02
692.20000000,3.603876038684e+13,1.958262696821e-02,2.224211250649e-02,1.411972976975e-02,1.603730853014e-02,7.602492035360e-04,7.127287413088e-04
692.40000000,4.472965119829e+13,-1.953381023315e-02,-2.218666604800e-02,1.366428623243e-02,1.552001190725e-02,-2.301537849754e-02,-2.157676939481e-02
692.60000000,3.503886221741e+13,-4.768762343265e-02,-5.416400400610e-02,5.061714504798e-03,5.749138158357e-03,-1.953308966026e-02,-1.831214599459e-02
692.80000000,5.644138809937e+13,-7.861228673184e-02,-8.928849682529e-02,-1.214532895273e-02,-1.379476737808e-02,-2.803540813314e-02,-2.628301490862e-02
693.00000000,3.195982462510e+13,-8.655206790001e-02,-9.830656709267e-02,-5.342702998758e-02,-6.068287267053e-02,-8.056776603641e-02,-7.553176275632e-02
693.20000000,2.264060666665e+13,-3.402581892353e-02,-3.864681147484e-02,-9.453964032785e-02,-1.073789233215e-01,-1.349979089602e-01,-1.265596718615e-01
693.40000000,8.589075733433e+12,-4.483012644649e-02,-5.091843488219e-02,-4.928511637112e-02,-5.597845214297e-02,-5.929860712382e-02,-5.559206299741e-02
693.60000000,3.371241676311e+13,3.242882888058e-02,3.683293674472e-02,-2.813078328409e-02,-3.195118164996e-02,1.280924702766e-02,1.200858674849e-02
693.80000000,2.474732093424e+13,1.847744537771e-02,2.098683795544e-02,-2.489446614598e-02,-2.827534526416e-02,-3.401743345650e-03,-3.189112519582e-03
694.00000000,3.210939520302e+13,-4.051320457206e-02,-4.601523868850e-02,-2.628715567138e-02,-2.985717380974e-02,-9.586934316711e-03,-8.987689295530e-03
694.20000000,1.576912781302e+13,-4.329801793739e-02,-4.917825314422e-02,-2.721596643702e-02,-3.091212493540e-02,-6.185682872265e-03,-5.799037930165e-03
694.40000000,5.518113307871e+13,-2.350541955719e-02,-2.669765334099e-02,-4.268115017347e-02,-4.847761146391e-02,-2.195897569161e-02,-2.058639855499e-02
694.60000000,2.831541521387e+13,1.159983363722e-03,1.317518866261e-03,-4.183193359012e-02,-4.751306408389e-02,1.391909723449e-03,1.304906418309e-03
694.80000000,1.807163929632e+13,1.317439769383e-02,1.496359176872e-02,-1.217391221969e-02,-1.382723249451e-02,1.153151611575e-02,1.081072223204e-02
695.00000000,2.580181171457e+13,-5.008374749814e-03,-5.688554188407e-03,-2.722973978786e-02,-3.092776882380e-02,3.213754913407e-02,3.012874572776e-02
695.20000000,5.349757450035e+13,1.697916117246e-02,1.928507414643e-02,-3.634611488246e-02,-4.128222478385e-02,3.880639858262e-02,3.638074921731e-02
695.40000000,2.748987237388e+12,8.530901142632e-03,9.689469308902e-03,-5.315106604063e-03,-6.036943048484e-03,5.409370617062e-03,5.071250181174e-03
695.60000000,4.577487329257e+13,-7.019263385758e-03,-7.972538423581e-03,-1.891677055358e-02,-2.148582803699e-02,3.178628226367e-03,2.979943529475e-03
695.80000000,6.069943219047e+13,1.842800911449e-02,2.093068783164e-02,2.914377153882e-03,3.310174227990e-03,2.929654195496e-02,2.746531975980e-02
696.00000000,3.331324505432e+13,-3.737613587160e-03,-4.245212965877e-03,-1.106255444829e-02,-1.256494293530e-02,-9.352232285629e-03,-8.767657650094e-03
696.20000000,2.615836736822e+13,-3.490430059786e-04,-3.964459835329e-04,1.670721147553e-03,1.897619214254e-03,-4.272530066451e-03,-4.005469472774e-03
696.40000000,7.073337179816e+13,2.117032976049e-02,2.404543869914e-02,1.003124584361e-02,1.139357389689e-02,1.979592331681e-02,1.855855085806e-02
696.60000000,2.854688534917e+13,4.988744949452e-03,5.666258495963e-03,1.487673498571e-02,1.689712145895e-02,4.519601912923e-02,4.237097740623e-02
696.80000000,3.944265334096e+13,3.067018563867e-02,3.483545495084e-02,2.993813812131e-02,3.400399056490e-02,4.262636413317e-02,3.996194236559e-02
697.00000000,3.395216451031e+13,3.738003605456e-02,4.245655951941e-02,5.589118139019e-02,6.348167668117e-02,2.792077431322e-02,2.617554643933e-02
697.20000000,4.240090624344e+13,1.053278226978e-02,1.196322273978e-02,9.005850007005e-03,1.022892063048e-02,7.628187943904e-04,7.151377162170e-04
697.40000000,3.760885273893e+13,-1.380333580358e-03,-1.567794496655e-03,6.378765981440e-03,7.245056368225e-03,-2.112105940009e-02,-1.980085741795e-02
697.60000000,3.292222563584e+13,1.645261408288e-03,1.868701753096e-03,-3.268805696999e-03,-3.712737165846e-03,-9.926360530667e-03,-9.305899189226e-03
697.80000000,2.127957791768e+13,1.054637650874e-03,1.197866319080e-03,-1.291431582796e-02,-1.466818917685e-02,-1.085534185763e-03,-1.017681321160e-03
698.00000000,2.350693330554e+13,-1.935478877814e-02,-2.198333197285e-02,-1.562803650367e-02,-1.775045607931e-02,-1.237523636168e-02,-1.160170453903e-02
698.20000000,2.232650545013e+13,6.019739246935e-02,6.837270495293e-02,1.469966767637e-02,1.669600691096e-02,7.216433745454e-02,6.765360247944e-02
698.40000000,4.885502615949e+13,6.718274900296e-02,7.630673168849e-02,2.971265181056e-02,3.374788130546e-02,2.729333783832e-02,2.558732877737e-02
698.60000000,3.637518693551e+13,4.968867025527e-02,5.643680982688e-02,-2.612183141024e-03,-2.966939711522e-03,-1.033206747024e-02,-9.686246837129e-03
698.80000000,3.781838457826e+13,3.585469770227e-02,4.072406738251e-02,-1.113250010841e-02,-1.264438780783e-02,-3.269715444497e-02,-3.065337210949e-02
699.00000000,2.745278236520e+13,4.299047247895e-02,4.882894042440e-02,1.163171284066e-02,1.321139785263e-02,-8.857187916581e-03,-8.303556736338e-03
699.20000000,3.498719900280e+13,2.369350943873e-02,2.691128741130e-02,2.273472032085e-03,2.582228768380e-03,1.893486620761e-02,1.775131535321e-02
699.40000000,6.634246709510e+13,-5.896705341090e-03,-6.697527549651e-03,-2.750401833026e-02,-3.123929671275e-02,-1.278929904773e-02,-1.198988564553e-02
699.60000000,3.383832667415e+13,2.499891095029e-02,2.839397343363e-02,-4.101956597277e-02,-4.659037007120e-02,-3.405436052458e-02,-3.192574408478e-02
699.80000000,2.280201502677e+13,1.145508535890e-02,1.301078234997e-02,-4.582015190102e-02,-5.204291618307e-02,2.972157696342e-02,2.786378734804e-02
700.00000000,6.154555979580e+13,1.238421585980e-02,1.406609659192e-02,2.538756654799e-02,2.883541287256e-02,-4.334372103148e-03,-4.063445984646e-03
700.20000000,1.735623349252e+13,3.963116464178e-02,4.501341031295e-02,1.548220489664e-03,1.758481930627e-03,2.291186198166e-02,2.147972332660e-02
700.40000000,1.473196936218e+13,4.458664062656e-02,5.064188163887e-02,3.049860894486e-02,3.464057806806e-02,4.342563223555e-02,4.071125107374e-02
700.60000000,4.900428310983e+13,5.765139078361e-02,6.548093481259e-02,6.253789857765e-02,7.103107429615e-02,5.806745414716e-02,5.443786499585e-02
700.80000000,4.205125300937e+13,2.411708429226e-02,2.739238729450e-02,2.597144009831e-02,2.949858139078e-02,-1.230719499556e-02,-1.153791619567e-02
701.00000000,5.825600564363e+13,9.508991369939e-03,1.080039242012e-02,-3.276187755637e-03,-3.721121770503e-03,-7.334148781433e-02,-6.875717337483e-02
701.20000000,4.896097969062e+13,1.823319847763e-02,2.070942027089e-02,1.885320912187e-02,2.141363442512e-02,-4.631954609543e-02,-4.342427671482e-02
701.40000000,2.126257449616e+13,-2.491243539272e-02,-2.829575376761e-02,-1.025858261138e-02,-1.165178492106e-02,-4.150213297785e-02,-3.890798288421e-02
701.60000000,2.978015145158e+13,-5.601058603428e-02,-6.361729497024e-02,-1.700691562302e-02,-1.931659864885e-02,-1.564083382449e-02,-1.466318116861e-02
701.80000000,1.399536136233e+13,3.992986304081e-03,4.535267446825e-03,2.056283083060e-02,2.335543722586e-02,3.662816141000e-02,3.433866587005e-02
702.00000000,3.102604720493e+13,4.302379452271e-02,4.886678788212e-02,3.397732818471e-02,3.859173681182e-02,4.732978009038e-02,4.437136459115e-02
702.20000000,5.094146702174e+13,4.334099509748e-02,4.922706696432e-02,2.426683135186e-02,2.756247235500e-02,-2.568160291850e-02,-2.407633765054e-02
702.40000000,4.046515076300e+13,2.906910045808e-02,3.301692892892e-02,2.043346693525e-02,2.320850461906e-02,-6.924305839462e-02,-6.491492213922e-02
702.60000000,4.721182005006e+13,-2.105194357820e-03,-2.391097467703e-03,3.419133051061e-02,3.883480246411e-02,-5.847296968337e-02,-5.481803320432e-02
702.80000000,1.928013988587e+13,2.684281962328e-02,3.048830042168e-02,8.449116525959e-02,9.596578032551e-02,-1.713019529657e-02,-1.605944797482e-02
703.00000000,4.099019951668e+13,2.206955177883e-02,2.506678263490e-02,3.238511354136e-02,3.678328594923e-02,4.411716823616e-02,4.135956162901e-02
703.20000000,3.513244706634e+13,9.657057296848e-03,1.096856694594e-02,8.458962445592e-03,9.607761111371e-03,1.497658367680e-02,1.404045092506e-02
703.40000000,3.127972725817e+13,1.463104012678e-02,1.661805850231e-02,9.741929336669e-03,1.106496576059e-02,-1.991402804267e-02,-1.866927327936e-02
703.60000000,4.959148738478e+13,5.153988447880e-02,5.853943452070e-02,3.097006701971e-02,3.517606413818e-02,8.792816294202e-03,8.243208754149e-03
703.80000000,4.478335452271e+13,3.534348982822e-02,4.014343317714e-02,8.041598184253e-02,9.133715252300e-02,2.140461321567e-02,2.006668729733e-02
704.00000000,-4.723842548510e+12,2.352462351110e-02,2.671946535345e-02,7.812059738724e-02,8.873003543896e-02,1.524756300825e-02,1.429449230640e-02
704.20000000,4.974563231797e+13,5.205366552540e-02,5.912299135712e-02,1.235946147915e-01,1.403798091321e-01,5.299138216312e-02,4.967908014063e-02
704.40000000,4.723332890442e+13,9.126013583223e-02,1.036540302705e-01,6.154243630979e-02,6.990041983037e-02,8.455063200438e-02,7.926567399877e-02
704.60000000,2.167951722817e+13,8.150730401212e-03,9.257668181503e-03,1.225616087226e-02,1.392065120995e-02,1.224592199769e-02,1.148047315404e-02
704.80000000,2.603715844751e+13,8.154560206744e-04,9.262018106859e-04,3.653221576955e-03,4.149359974589e-03,2.869097209107e-03,2.689760190511e-03
705.00000000,3.404007750964e+13,-7.995176426762e-03,-9.080988668269e-03,7.657946102827e-03,8.697959972391e-03,-3.737504162837e-03,-3.503886127370e-03
705.20000000,2.432038139980e+13,1.108298715971e-02,1.258815008397e-02,8.864425428745e-03,1.006828939799e-02,2.091538868748e-03,1.960804244697e-03
705.40000000,3.549374916085e+13,1.602733649658e-02,1.820398366956e-02,3.609963622098e-02,4.100227223485e-02,3.590246670174e-02,3.365833174594e-02
705.60000000,4.850122698109e+13,1.058650040068e-02,1.202423624492e-02,2.800474756923e-02,3.180802921871e-02,9.809301179897e-03,9.196156800357e-03
705.80000000,3.465673208063e+13,-2.652638502884e-02,-3.012889134638e-02,2.747971498963e-02,3.121169277285e-02,-4.232715100420e-02,-3.968143198057e-02
706.00000000,3.201971116309e+13,1.215620175432e-02,1.380711625207e-02,-3.484895572979e-02,-3.958173875178e-02,-1.940683343468e-02,-1.819378159471e-02
706.20000000,2.105818470214e+13,-3.155701650069e-02,-3.584272490697e-02,-8.785037286175e-03,-9.978119674007e-03,-1.873709206600e-02,-1.756590336677e-02
706.40000000,3.284143966582e+13,6.152508344995e-03,6.988070754177e-03,-9.255687950481e-03,-1.051268868039e-02,1.513015198049e-02,1.418442022261e-02
706.60000000,3.981239260059e+13,1.332531692343e-04,1.513500709979e-04,-1.886199780558e-02,-2.142361668642e-02,-1.836687573485e-03,-1.721882793612e-03
706.80000000,2.668993856494e+13,2.124527669582e-02,2.413056405900e-02,-6.146587260288e-03,-6.981345812430e-03,1.265847556483e-02,1.186723947127e-02
707.00000000,2.858546138732e+13,-1.150762478203e-02,-1.307045706891e-02,-4.900074026706e-03,-5.565545535807e-03,-1.889309397931e-03,-1.771215415769e-03
707.20000000,1.959189734165e+13,-1.816307818669e-02,-2.062977705434e-02,1.823036390505e-02,2.070620155837e-02,-2.370376050190e-03,-2.222212309887e-03
707.40000000,2.542106294133e+13,-3.060715331321e-02,-3.476386230514e-02,-5.023037529254e-03,-5.705208522313e-03,-1.236320154232e-02,-1.159042197323e-02
707.60000000,2.972842196259e+13,3.247263821802e-02,3.688269575886e-02,3.053419389309e-03,3.468099575332e-03,6.858923749474e-03,6.430196924845e-03
707.80000000,3.726091135795e+13,-1.319558570168e-02,-1.498765728634e-02,-1.384643136658e-02,-1.572689389163e-02,-2.241706867047e-02,-2.101585777797e-02
708.00000000,1.554531412088e+13,2.357970950521e-02,2.678203248914e-02,-8.960177684352e-03,-1.017704562000e-02,-8.509605715184e-03,-7.977700656844e-03
708.20000000,3.819608119658e+13,2.132396539849e-02,2.421993934970e-02,-1.484075644835e-02,-1.685625673182e-02,1.637544140166e-02,1.535187105003e-02
708.40000000,2.321455495419e+13,1.645273977998e-02,1.868716029879e-02,-7.582714170450e-03,-8.612510907109e-03,1.556138785485e-02,1.458870108277e-02
708.60000000,5.707471450353e+13,-2.739831733982e-02,-3.111923940286e-02,-1.642224545929e-02,-1.865252533038e-02,-3.027098065794e-02,-2.837884977999e-02
708.80000000,2.891721033438e+13,-7.483777554691e-03,-8.500137525736e-03,-1.950991513520e-02,-2.215952667100e-02,-2.797540938581e-02,-2.622676646868e-02
709.00000000,5.229199574350e+13,3.910267654975e-02,4.441314909058e-02,-1.780275285580e-02,-2.022051731090e-02,5.530164230804e-03,5.184493417576e-03
709.20000000,3.765781852198e+13,6.833048140141e-02,7.761033580530e-02,1.332327395485e-04,1.513268727735e-04,3.157449699933e-02,2.960088797083e-02
709.40000000,3.154565905531e+13,6.644348371863e-03,7.546706795733e-03,3.767846050550e-03,4.279551421460e-03,1.397623783098e-02,1.310263312499e-02
709.60000000,7.208765747280e+12,2.080918550767e-02,2.363524801761e-02,-4.118524000561e-03,-4.677854403935e-03,2.918407112354e-02,2.735987907832e-02
709.80000000,4.728992454725e+13,-1.279859405199e-03,-1.453675082977e-03,6.170119362483e-03,7.008073773194e-03,1.659326460155e-02,1.555607889972e-02
710.00000000,3.644205768497e+13,1.538928094933e-02,1.747927480948e-02,2.499545436607e-02,2.839004853893e-02,1.736860049726e-02,1.628295131797e-02
710.20000000,2.995576808986e+13,3.399525002037e-02,3.861209105738e-02,1.736877467933e-02,1.972760122646e-02,3.837877347641e-02,3.597985342908e-02
710.40000000,5.369640781456e+13,4.496642683744e-02,5.107324601326e-02,4.409075353739e-03,5.007865089038e-03,1.317097214648e-02,1.234770172216e-02
710.60000000,3.725009606681e+13,4.005912384762e-03,4.549948998041e-03,-2.256255296664e-02,-2.562673854630e-02,-1.273583790902e-03,-1.193976617165e-03
710.80000000,3.510510248875e+13,-3.651366639889e-02,-4.147252957363e-02,-7.701957642810e-02,-8.747948651856e-02,-5.668862237360e-02,-5.314521907149e-02
711.00000000,3.156326648361e+13,1.180660478274e-02,1.341004106975e-02,-6.502269057812e-02,-7.385332207246e-02,4.365520456167e-02,4.092647365375e-02
711.20000000,7.265592527307e+13,-1.007176896239e-01,-1.143959994563e-01,-1.264373512416e-01,-1.436086132427e-01,3.133752703294e-02,2.937873015062e-02
711.40000000,5.395766461112e+12,-1.327945549713e-02,-1.508291730582e-02,-1.067209405940e-02,-1.212145472217e-02,-1.731583615660e-02,-1.623348508778e-02
711.60000000,4.751162395317e+13,-5.796122034296e-03,-6.583284183344e-03,2.753790053355e-02,3.127778040591e-02,8.709307414562e-03,8.164919716296e-03
711.80000000,9.171834613550e+12,6.678929963238e-03,7.585984858235e-03,1.369949552088e-02,1.556000291496e-02,6.359205468066e-03,5.961714248297e-03
712.00000000,1.773426666801e+13,4.228366803462e-03,4.802614598847e-03,-1.592865023038e-02,-1.809189569340e-02,-2.407693523918e-02,-2.257197201624e-02
712.20000000,3.917773328838e+13,-5.402587218022e-03,-6.136304027260e-03,7.881979898374e-03,8.952419452775e-03,-4.947378889509e-02,-4.638135906352e-02
712.40000000,6.159238938815e+13,-7.137916954574e-02,-8.107306145562e-02,-7.361225624306e-02,-8.360942342532e-02,-1.088651739712e-01,-1.020604007948e-01
712.60000000,6.076857726377e+13,4.410215522342e-02,5.009159904084e-02,-2.387724428801e-02,-2.711997607184e-02,-5.449723112049e-02,-5.109080385832e-02
712.80000000,4.744086936999e+13,3.724937046117e-02,4.230814843883e-02,3.034401365462e-02,3.446498742948e-02,4.055671871040e-03,3.802166308577e-03
713.00000000,3.973919592716e+13,5.994296273169e-03,6.808372151576e-03,1.419560629351e-02,1.612348972777e-02,1.197532212206e-02,1.122678751010e-02
713.20000000,3.632490291159e+13,7.738806957916e-03,8.789802068098e-03,1.226632215472e-02,1.393219248054e-02,3.173702418992e-02,2.975325616725e-02
713.40000000,4.264487755840e+13,-1.268922246120e-02,-1.441252565654e-02,-1.567537497680e-02,-1.780422351759e-02,-8.243615283636e-03,-7.728336337097e-03
713.60000000,3.730150639180e+13,8.381232645720e-03,9.519474570587e-03,-6.796839761815e-03,-7.719908105019e-03,5.289689008819e-03,4.959049442780e-03
713.80000000,3.447966952321e+13,-9.371224276436e-04,-1.064391539594e-03,2.377002080168e-02,2.699819072892e-02,3.072393965226e-03,2.880349592547e-03
714.00000000,1.701336087936e+13,9.935051044314e-04,1.128431458375e-03,-7.286690657109e-03,-8.276284896198e-03,-3.140012836202e-02,-2.943741849422e-02
714.20000000,4.752311864262e+13,1.861775183443e-02,2.114619920971e-02,-4.043499401864e-02,-4.592640830002e-02,1.883038068695e-02,1.765336084924e-02
714.40000000,3.945684760384e+13,1.198565302053e-02,1.361340556500e-02,2.927099097042e-03,3.324623918663e-03,3.979864331024e-02,3.731097227115e-02
714.60000000,4.418194269073e+13,-4.019711613209e-02,-4.565622277837e-02,-3.086575988051e-02,-3.505759120700e-02,-1.985900085877e-02,-1.861768564818e-02
714.80000000,8.803449804576e+13,-3.218084083453e-02,-3.655126983510e-02,-3.970374637733e-02,-4.509585104242e-02,-5.917505521103e-03,-5.547623387337e-03
715.00000000,3.190284566485e+13,-3.469783296260e-02,-3.941009067569e-02,-3.789076371781e-02,-4.303664999929e-02,-4.157816252103e-02,-3.897926009222e-02
715.20000000,4.060311240139e+13,-3.024815205014e-02,-3.435610564940e-02,-2.372730836964e-02,-2.694967758725e-02,-2.825300006630e-02,-2.648700594724e-02
715.40000000,3.097289890635e+13,-1.005757591985e-02,-1.142347936848e-02,-2.417060207871e-02,-2.745317433242e-02,1.213340282364e-03,1.137498715166e-03
715.60000000,4.949215952240e+13,-6.853679132720e-03,-7.784466435520e-03,-2.695577114245e-02,-3.061659291848e-02,1.067292780157e-02,1.000580120664e-02
715.80000000,5.611261763282e+13,1.201356271705e-02,1.364510563318e-02,-2.378601712202e-02,-2.701635948489e-02,2.993810757531e-02,2.806678340479e-02
716.00000000,3.601162036161e+13,4.619142798386e-03,5.246461262425e-03,-4.873907470055e-03,-5.535825339384e-03,4.023373495370e-02,3.771886789005e-02
716.20000000,4.853648591143e+13,-3.017748618673e-02,-3.427584276706e-02,-4.260561677255e-02,-4.839181998811e-02,-2.450073252377e-02,-2.296927924631e-02
716.40000000,2.867932169862e+13,-1.808499030473e-02,-2.054108418087e-02,-2.734770346593e-02,-3.106175296737e-02,-3.754525640189e-02,-3.519843652971e-02
716.60000000,5.410504207655e+12,-1.499533640489e-02,-1.703182928070e-02,-3.049834248943e-02,-3.464027542573e-02,-2.796225882251e-02,-2.621443790012e-02
716.80000000,3.946009125636e+13,-3.383865278583e-02,-3.843422660056e-02,-9.743332992988e-03,-1.106656004531e-02,-4.475498977059e-03,-4.195751521751e-03
717.00000000,3.204851106607e+13,-4.027509761495e-02,-4.574479480285e-02,-2.253720563007e-03,-2.559794882697e-03,4.073556577355e-02,3.818933105781e-02
717.20000000,2.799630041368e+13,-4.414723815049e-02,-5.014280460880e-02,-1.543736350140e-02,-1.753388807018e-02,2.053792117795e-02,1.925416908320e-02
717.40000000,1.619355082562e+13,-2.361934153831e-02,-2.682704688585e-02,-2.157505420106e-02,-2.450512909378e-02,1.242145096851e-02,1.164503043586e-02
717.60000000,3.862468960416e+13,-2.607068863997e-02,-2.961130755303e-02,-4.439122271025e-02,-5.041992631897e-02,-9.435845783957e-03,-8.846044767295e-03
717.80000000,2.851560666923e+13,-1.600604837537e-02,-1.817980444234e-02,-3.009646080490e-02,-3.418381480838e-02,-1.392634385892e-02,-1.305585784692e-02
718.00000000,4.733195586288e+13,-2.601565657419e-02,-2.954880166960e-02,-1.011166553107e-02,-1.148491525828e-02,-6.355421720658e-04,-5.958167009420e-04
718.20000000,4.224608341717e+13,-4.633490304351e-02,-5.262757280441e-02,1.793227447055e-02,2.036762905673e-02,5.892808907560e-02,5.524470470895e-02
718.40000000,3.061243753847e+13,-5.145575445723e-02,-5.844387893421e-02,2.863948478349e-02,3.252896911677e-02,6.107522858755e-02,5.725763419924e-02
718.60000000,2.025639077048e+13,-8.128393466888e-02,-9.232297703522e-02,-9.942200424757e-03,-1.129243535680e-02,2.023002935370e-04,1.896552247718e-04
718.80000000,2.520236447538e+13,-9.319977185137e-02,-1.058570851838e-01,-7.541771267053e-02,-8.566007611040e-02,-5.462501092584e-02,-5.121059660444e-02
719.00000000,2.595593172199e+13,-3.910096794071e-02,-4.441120843805e-02,-5.960404093249e-03,-6.769877396135e-03,-3.577521420927e-02,-3.353903335225e-02
719.20000000,3.652124226188e+13,-1.932987559797e-02,-2.195503537316e-02,2.765102251166e-03,3.140626530569e-03,-4.501806528145e-02,-4.220414681785e-02
719.40000000,3.940337155469e+13,-1.857933009273e-03,-2.110255947215e-03,3.979464227861e-02,4.519909137611e-02,3.527569498885e-03,3.307073729410e-03
719.60000000,9.832279795246e+12,-1.720078752116e-04,-1.953679921831e-04,2.684723109495e-02,3.049331221425e-02,2.243960244957e-02,2.103698305103e-02
719.80000000,3.247346601673e+13,-8.706284809666e-03,-9.888671553846e-03,3.851550630137e-02,4.374623791123e-02,4.695486001424e-02,4.401987942981e-02
720.00000000,5.660209479457e+13,1.916963960808e-02,2.177303798739e-02,4.448384428422e-02,5.052512668630e-02,4.549594057104e-02,4.265215182999e-02
720.20000000,5.643463794920e+13,5.287372039016e-03,6.005441657362e-03,8.254075885746e-03,9.375049223289e-03,1.795522542863e-02,1.683290842021e-02
720.40000000,8.513523523574e+13,5.160063529875e-02,5.860843581325e-02,2.730880660886e-02,3.101757358803e-02,7.183283081645e-03,6.734281713721e-03
720.60000000,5.843241973013e+13,3.398974911784e-02,3.860584308600e-02,3.105550312700e-02,3.527310319165e-02,-5.399851826232e-03,-5.062326375959e-03
720.80000000,4.524244928906e+13,3.366424748473e-02,3.823613559187e-02,2.113125174157e-02,2.400105450557e-02,-3.224741312822e-03,-3.023174251604e-03
721.00000000,5.596447253333e+13,4.917390625592e-03,5.585213654447e-03,2.524244028803e-02,2.867057723868e-02,-2.621704682153e-03,-2.457831286770e-03
721.20000000,2.988195105837e+13,-1.312801069194e-02,-1.491090502161e-02,2.063055953844e-02,2.343236406523e-02,-1.574045885488e-02,-1.475657899420e-02
721.40000000,3.242419295137e+13,5.393147636388e-03,6.125582471003e-03,2.135479614697e-02,2.425495813248e-02,-3.130767171211e-03,-2.935074097925e-03
721.60000000,4.307534052612e+13,5.537723804222e-02,6.289793299097e-02,3.127088031856e-02,3.551773042798e-02,5.532094229811e-02,5.186302779239e-02
721.80000000,3.231812665240e+13,6.564618494468e-02,7.456148930026e-02,9.097984093880e-03,1.033356730583e-02,7.643205808707e-02,7.165456313882e-02
722.00000000,2.302077917071e+13,9.172176264447e-02,1.041783498886e-01,9.868980607187e-03,1.120927166854e-02,9.982605961850e-02,9.358628919406e-02
722.20000000,3.037730747663e+13,5.064798822868e-02,5.752641125414e-02,1.281563902758e-02,1.455611123215e-02,8.598935711658e-02,8.061446954311e-02
722.40000000,4.569418162786e+13,-2.813265243687e-02,-3.195330338584e-02,-2.536583365109e-02,-2.881072846439e-02,-6.954828410680e-03,-6.520106928234e-03
722.60000000,3.192469743531e+13,-3.423948473752e-02,-3.888949490445e-02,-8.603893550674e-03,-9.772375086688e-03,-1.530014205731e-02,-1.434378482691e-02
722.80000000,2.327703058205e+13,-3.139433730810e-02,-3.565795251102e-02,-3.127067501095e-02,-3.551749723786e-02,-1.180357933685e-03,-1.106577975295e-03
723.00000000,3.876054796034e+13,-1.465089555757e-02,-1.664061046771e-02,-1.882410945259e-02,-2.138058277455e-02,1.451736398698e-02,1.360993541779e-02
723.20000000,1.773909837798e+13,-1.531614195296e-02,-1.739620292191e-02,-3.528878680702e-02,-4.008130261042e-02,1.444590061169e-03,1.354293896285e-03
723.40000000,4.976980380149e+13,3.159300999077e-02,3.588360661591e-02,-2.588985898591e-02,-2.940592087311e-02,2.555884041639e-03,2.396124859395e-03
723.60000000,4.201196610594e+13,5.127898461409e-03,5.824310225879e-03,-1.705715135742e-02,-1.937365682099e-02,2.463680468593e-03,2.309684602365e-03
723.80000000,5.670452842495e+13,2.798859713853e-02,3.178968416570e-02,2.346015280994e-02,2.664624004232e-02,-5.744859247041e-03,-5.385768615203e-03
724.00000000,7.400940983755e+13,-2.321196823226e-03,-2.636434885662e-03,-2.485930547565e-02,-2.823540947733e-02,3.905838208479e-02,3.661698213080e-02
724.20000000,1.826897791735e+13,-2.938049986130e-02,-3.337061899166e-02,-5.846617934360e-02,-6.640638114200e-02,1.152352084050e-02,1.080322671289e-02
724.40000000,4.426940416263e+13,-2.737582496794e-02,-3.109369237760e-02,-4.816685248816e-02,-5.470831856382e-02,-2.026321094404e-03,-1.899663000479e-03
724.60000000,2.433715703041e+13,-2.485455494401e-02,-2.823001266688e-02,-2.796348174873e-02,-3.176115915066e-02,-1.886956616667e-02,-1.769009698458e-02
724.80000000,5.394898524328e+13,-2.733441615365e-02,-3.104665989786e-02,-2.379269607022e-02,-2.702394549077e-02,-5.981259544101e-02,-5.607392374077e-02
725.00000000,4.735195228148e+13,2.609135495618e-02,2.963478052889e-02,7.393746169883e-03,8.397879453333e-03,1.288905073765e-02,1.208340221361e-02
725.20000000,4.733652187528e+13,8.419046526717e-02,9.562423894843e-02,-2.399843542172e-02,-2.725762598682e-02,7.868435950208e-02,7.376608123724e-02
725.40000000,5.438985842324e+13,1.507761304662e-02,1.712527978277e-02,1.525106830050e-02,1.732229240488e-02,4.378669866080e-02,4.104974852642e-02
725.60000000,-4.721283857317e+11,2.062840898506e-02,2.342992052192e-02,-3.127838915815e-02,-3.552625903152e-02,1.038647044783e-02,9.737249278903e-03
725.80000000,3.747828139005e+13,-2.656833018059e-03,-3.017653300272e-03,-3.821350714829e-02,-4.340322471816e-02,-1.157642212792e-02,-1.085282132979e-02
726.00000000,5.629494709479e+13,-3.769277659375e-02,-4.281177285566e-02,-2.538375008398e-02,-2.883107810044e-02,-6.317362575103e-02,-5.922486805116e-02
726.20000000,3.007382680048e+13,-3.325085719456e-02,-3.776660342145e-02,-6.832042438363e-03,-7.759891602869e-03,-4.191510535060e-02,-3.929514182902e-02
726.40000000,5.069960305300e+13,7.896116157352e-04,8.968475180645e-04,1.190712093020e-02,1.352420869077e-02,-4.145172974004e-02,-3.886073017277e-02
726.60000000,2.821820466484e+13,5.111677929844e-02,5.805886809625e-02,2.717551003018e-02,3.086617420623e-02,3.131215297248e-02,2.935494213204e-02
726.80000000,4.025812235335e+13,5.994776126303e-02,6.808917172803e-02,3.144117611992e-02,3.571115383993e-02,5.071189102214e-02,4.754207184891e-02
727.00000000,3.310159888264e+13,2.218069713370e-02,2.519302246429e-02,8.396528375914e-03,9.536847966817e-03,4.130010298964e-02,3.871858106895e-02
727.20000000,3.342135690628e+13,-4.473811304550e-04,-5.081392528697e-04,6.251602550487e-03,7.100623067503e-03,2.092767400538e-02,1.961955985352e-02
727.40000000,4.273154387403e+13,-9.159432172855e-03,-1.040336014238e-02,-8.682054365234e-04,-9.861150801128e-04,1.588153330408e-02,1.488883538347e-02
727.60000000,4.986675744128e+13,-2.813765899421e-02,-3.195898987579e-02,8.024953145516e-03,9.114809676480e-03,-2.759121537022e-02,-2.586658704872e-02
727.80000000,4.071030083990e+13,-2.010148859008e-02,-2.283143990305e-02,1.049027536623e-02,1.191494351222e-02,-3.929547228388e-03,-3.683925266839e-03
728.00000000,1.454256692361e+13,-1.925307077786e-02,-2.186779981214e-02,-1.000656330146e-02,-1.136553925669e-02,-1.566666866001e-02,-1.468740116085e-02
728.20000000,2.943201116682e+13,-1.923823693489e-03,-2.185095140845e-03,4.346028975831e-03,4.936256479616e-03,-7.469626592168e-03,-7.002726914172e-03
728.40000000,3.489811554677e+13,-2.833470564188e-03,-3.218279711644e-03,2.655426402676e-02,3.016055773960e-02,-2.513243507736e-02,-2.356149632961e-02
728.60000000,2.098123980316e+13,2.332629030382e-03,2.649419682757e-03,-1.960157898034e-02,-2.226363924182e-02,-1.587399988527e-02,-1.488177285177e-02
728.80000000,5.889437747537e+13,-1.750125869634e-02,-1.987807690772e-02,-1.864771541540e-03,-2.118023293475e-03,-5.423753372278e-03,-5.084733921734e-03
729.00000000,7.238490596651e+13,-2.289092724793e-02,-2.599970780492e-02,-9.315008426211e-03,-1.058006537859e-02,1.144255495954e-02,1.072732171995e-02
729.20000000,2.517769228027e+13,-3.248099153062e-02,-3.689218352160e-02,-2.007622049620e-02,-2.280274109117e-02,-2.990736478273e-02,-2.803796223436e-02
729.40000000,5.706518585442e+13,-3.170202577593e-02,-3.600742766211e-02,-1.718256065569e-02,-1.951609776297e-02,-2.317306570101e-02,-2.172460013443e-02
729.60000000,3.093370079110e+13,-3.696218014643e-02,-4.198195526252e-02,-6.029505528509e-02,-6.848363390925e-02,-3.008315354796e-02,-2.820276307177e-02
729.80000000,3.567023955949e+13,-2.578287033121e-02,-2.928440109582e-02,-1.436397054198e-02,-1.631471926560e-02,-4.616084788682e-03,-4.327549816439e-03
730.00000000,2.527671175742e+13,1.984719216924e-02,2.254260788825e-02,2.948494834976e-02,3.348925378824e-02,-7.128976654243e-03,-6.683369787122e-03
730.20000000,6.012587130390e+13,3.426552679410e-02,3.891907369148e-02,-8.925642544313e-03,-1.013782031577e-02,9.385562510322e-03,8.798904521492e-03
730.40000000,2.784943027609e+13,2.343346987780e-02,2.661593228965e-02,3.138506532223e-02,3.564742272120e-02,-7.547447671778e-03,-7.075683676061e-03
730.60000000,4.823170275165e+13,1.231615817298e-03,1.398879609849e-03,1.571174078978e-02,1.784552811564e-02,1.023070972314e-02,9.591224600760e-03
730.80000000,7.338525613394e+13,-2.887978002089e-03,-3.280189718315e-03,1.375723706772e-02,1.562558625237e-02,2.751593716119e-03,2.579601421167e-03
731.00000000,3.363392993518e+13,-6.852699007440e-03,-7.783353200978e-03,3.620133301484e-03,4.111778031371e-03,5.708464504097e-03,5.351648777646e-03
731.20000000,2.793688745790e+13,4.371734511211e-02,4.965452847807e-02,2.342561780601e-03,2.660701489268e-03,5.847517055549e-02,5.482009650779e-02
731.40000000,7.009131792717e+13,1.109049156114e-01,1.259667364627e-01,3.857604775270e-02,4.381500140385e-02,6.094033354990e-02,5.713117096857e-02
731.60000000,5.928800518462e+13,1.273696952107e-01,1.446675716896e-01,8.764478790816e-02,9.954769161048e-02,1.040546644455e-01,9.755057903717e-02
731.80000000,5.648144533517e+13,3.333343518676e-02,3.786039619992e-02,3.709989196964e-02,4.213837117669e-02,1.392662380687e-03,1.305612029632e-03
732.00000000,5.530144512407e+13,1.890262643153e-03,2.146976217445e-03,2.628438813312e-02,2.985403041636e-02,4.069664127409e-02,3.815283958977e-02
732.20000000,3.652380798657e+13,1.349275851124e-02,1.532518866427e-02,-1.255825691297e-02,-1.426377444882e-02,-6.722994243731e-06,-6.302763886671e-06
732.40000000,1.677050739468e+13,2.353535119535e-02,2.673164994751e-02,5.150411020093e-05,5.849880410878e-05,5.911052718487e-03,5.541573926365e-03
732.60000000,2.710428098023e+13,-1.609419808487e-02,-1.827992562420e-02,-2.654006443569e-02,-3.014442972393e-02,-2.685241569005e-02,-2.517396709769e-02
732.80000000,3.567688771891e+13,1.479305216851e-02,1.680207314271e-02,-1.405864408160e-02,-1.596792688874e-02,-1.961365609820e-03,-1.838767651227e-03
733.00000000,4.875244900104e+13,1.927537614272e-02,2.189313443325e-02,-1.519570981893e-02,-1.725941577316e-02,-1.367897432516e-02,-1.282395049914e-02
733.20000000,3.370507728830e+13,4.361456477147e-02,4.953778970224e-02,-1.867470544970e-02,-2.121088844405e-02,-1.722946346775e-02,-1.615251124720e-02
733.40000000,3.156542176497e+13,6.769426160211e-02,7.688771200321e-02,3.560057533228e-02,4.043543465525e-02,3.248298436147e-02,3.045258903293e-02
733.60000000,3.585279280595e+13,4.325607640197e-02,4.913061559534e-02,1.808328625141e-03,2.053914951504e-03,2.823488803157e-02,2.647002603111e-02
733.80000000,4.828304375127e+13,5.223364763308e-04,5.932741654969e-04,-1.214677888673e-02,-1.379641422538e-02,-1.827339989652e-02,-1.713119493857e-02
734.00000000,5.035172785206e+13,-8.385721987996e-03,-9.524573603323e-03,-2.436108212100e-03,-2.766952317598e-03,1.192282814994e-02,1.117757474868e-02
734.20000000,1.458350106774e+13,1.819964478761e-03,2.067130970739e-03,1.060006683264e-02,1.203964558864e-02,1.707479642732e-02,1.600751189102e-02
734.40000000,3.116585698787e+13,3.841390282399e-02,4.363083409655e-02,4.263851481309e-02,4.842918586088e-02,3.373364432971e-02,3.162507471370e-02
734.60000000,2.398267981446e+13,7.338665284215e-02,8.335317787749e-02,6.440319734942e-02,7.314969642218e-02,6.854293859478e-02,6.425856432736e-02
734.80000000,3.408021839965e+13,4.684992738041e-02,5.321254178041e-02,4.798388965134e-02,5.450050782584e-02,3.388064397923e-02,3.176288594019e-02
735.00000000,6.711101044629e+13,2.888040374357e-02,3.280260561262e-02,3.694562659859e-02,4.196315526311e-02,1.083383608184e-02,1.015665168505e-02
735.20000000,4.823308563867e+13,1.716898937997e-02,1.950068262200e-02,6.256151230074e-03,7.105789496262e-03,6.594802712790e-03,6.182585150767e-03
735.40000000,2.437888456513e+13,1.544413115493e-02,1.754157413459e-02,2.128962818145e-03,2.418093980591e-03,-1.359182619772e-02,-1.274224968987e-02
735.60000000,5.255140574888e+13,2.982348202911e-02,3.387376186574e-02,-2.201806148809e-03,-2.500830051837e-03,-8.062901703119e-04,-7.558918517016e-04
735.80000000,4.004049027506e+13,2.454341737001e-02,2.787661999198e-02,-9.796626792876e-03,-1.112709159411e-02,-2.534657625326e-02,-2.376225230548e-02
736.00000000,2.656133930883e+13,-1.579890254693e-02,-1.794452646717e-02,-7.480630067903e-03,-8.496562919770e-03,-7.268237006298e-02,-6.813925471985e-02
736.20000000,6.694308320142e+13,-4.800226565307e-02,-5.452137728789e-02,-3.958630065217e-02,-4.496245519415e-02,-7.356181714532e-02,-6.896373070631e-02
736.40000000,3.152434448740e+13,-2.593462268384e-01,-2.945676269500e-01,-1.571041319565e-01,-1.784402022300e-01,-1.920156597019e-01,-1.800134466624e-01
736.60000000,3.488590565767e+13,-1.596040277669e-01,-1.812795978723e-01,-2.493788888794e-01,-2.832466518185e-01,-3.989979168546e-02,-3.740579822271e-02
736.80000000,6.215491182188e+13,-7.855731480789e-02,-8.922605925146e-02,-1.795606249849e-01,-2.039464770012e-01,-1.820541897960e-01,-1.706746326595e-01
737.00000000,4.299141691315e+13,-2.681019386268e-02,-3.045124380822e-02,-6.702568286393e-02,-7.612833765667e-02,-4.115072627446e-02,-3.857854135869e-02
737.20000000,3.892129214680e+13,-3.974934174119e-03,-4.514763685698e-03,-1.905620984932e-02,-2.164420436881e-02,-5.128447338010e-02,-4.807886412883e-02
737.40000000,2.881815633062e+13,-1.652379991504e-02,-1.876787099819e-02,4.170067812155e-03,4.736398301222e-03,-5.514452600417e-02,-5.169763865085e-02
737.60000000,1.822854072934e+13,-3.055477724044e-02,-3.470437312092e-02,-3.117831600852e-02,-3.541259510152e-02,-4.552057004990e-02,-4.267524180809e-02
737.80000000,3.449221310695e+13,-3.417277198769e-01,-3.881372200179e-01,-3.043123379375e-01,-3.456405280141e-01,-2.469421412177e-01,-2.315066700070e-01
738.00000000,3.568444850411e+13,-1.147444444427e-01,-1.303277056205e-01,-1.147446990740e-01,-1.303279999870e-01,-3.542113888434e-01,-3.320709001118e-01
738.20000000,3.615904127873e+13,-1.022762499947e-01,-1.161662254414e-01,-1.147485879513e-01,-1.303324170068e-01,-1.496837963488e-02,-1.403275968850e-02
738.40000000,4.701713840819e+13,-6.330128471569e-02,-7.189813188687e-02,-2.806454860594e-02,-3.187595174214e-02,-5.456985821168e-02,-5.115889128945e-02
738.60000000,5.727188502931e+13,-1.463694679556e-02,-1.662476734643e-02,1.064159885116e-02,1.208681800665e-02,-1.050515227097e-02,-9.848512725191e-03
738.80000000,1.087534455933e+12,-1.575244999093e-02,-1.789176526315e-02,2.067800828495e-02,2.348625675295e-02,-7.260629823461e-03,-6.806793786975e-03
739.00000000,3.534774335038e+13,-1.733563122215e-02,-1.968995582870e-02,3.762811411326e-03,4.273833035635e-03,1.402310957554e-02,1.314657508422e-02
739.20000000,4.810920681282e+13,-3.569369897209e-02,-4.054120366991e-02,-7.376915428602e-03,-8.378762954991e-03,5.378064454799e-03,5.041900855294e-03
739.40000000,5.599101504079e+13,2.462340988589e-03,2.796747616469e-03,2.379281855730e-02,2.702408461263e-02,4.987960902774e-03,4.676181282920e-03
739.60000000,3.712015004490e+13,9.490001004012e-03,1.077882300268e-02,3.316250613519e-02,3.766625503430e-02,2.794388250333e-02,2.619721021902e-02
739.80000000,4.915739096503e+13,-1.774436006774e-02,-2.015419349115e-02,-3.321151592957e-03,-3.772192077339e-03,-3.063488614054e-03,-2.872000883068e-03
740.00000000,3.577480180099e+13,-3.029082809910e-02,-3.440457746494e-02,-1.113459157864e-02,-1.264676331740e-02,-3.292970095776e-02,-3.087138297038e-02
740.20000000,4.347858216560e+13,-1.527933660111e-02,-1.735439909355e-02,-2.001054294863e-02,-2.272814397697e-02,-2.377794073977e-03,-2.229166659503e-03
740.40000000,5.499448428898e+13,-3.607556333300e-02,-4.097492842457e-02,-1.104751110337e-02,-1.254785657687e-02,-9.677449367997e-03,-9.072546574265e-03
740.60000000,4.041927155549e+13,-3.331255330460e-02,-3.783667838243e-02,-3.755599482490e-02,-4.265641665846e-02,-1.050795062500e-02,-9.851136164108e-03
740.80000000,5.069034444356e+13,2.989168429074e-03,3.395122656845e-03,1.285935676392e-02,1.460576620695e-02,4.112931823376e-02,3.855847145815e-02
741.00000000,6.418383984398e+13,9.502813425788e-03,1.079337545916e-02,-2.173567597439e-04,-2.468756466279e-04,5.441983207238e-02,5.101824274825e-02
741.20000000,8.289150430567e+13,4.546006299217e-02,5.163392211195e-02,3.384389357334e-02,3.844018065133e-02,3.779237022948e-02,3.543010415458e-02
741.40000000,4.741072548811e+13,-1.279967250101e-02,-1.453797574124e-02,-1.872441206918e-03,-2.126734564299e-03,-2.897550870563e-02,-2.716435315221e-02
741.60000000,2.586595652267e+13,-2.290676351158e-02,-2.601769476645e-02,1.004750721824e-02,1.141204370377e-02,-3.455548632499e-03,-3.239554630134e-03
741.80000000,5.474741123364e+13,-1.977625154416e-02,-2.246203292928e-02,-1.425535041356e-03,-1.619134760478e-03,-2.302164747246e-02,-2.158264651850e-02
742.00000000,6.278066696842e+13,-7.258016163927e-03,-8.243715838230e-03,1.281818583710e-02,1.455900391994e-02,2.415905043968e-02,2.264895448887e-02
742.20000000,6.838926346270e+13,-2.630260562225e-02,-2.987472081318e-02,-2.302251059076e-02,-2.614916230717e-02,1.164429792998e-02,1.091645445790e-02
742.40000000,2.131722453952e+13,2.788939467405e-02,3.167700917170e-02,2.266422378138e-02,2.574221711785e-02,4.642385366697e-02,4.352206439264e-02
742.60000000,2.943252334548e+13,-2.698683022446e-05,-3.065186887394e-05,3.536967937036e-02,4.017318106823e-02,-8.429436784643e-03,-7.902542799800e-03
742.80000000,5.400504323827e+13,-1.407780384468e-02,-1.598968807739e-02,5.049171781257e-02,5.734892026843e-02,-1.050781123460e-02,-9.851005486507e-03
743.00000000,4.599874956600e+13,-8.279586516016e-03,-9.404024041074e-03,3.535136175436e-02,4.015237576502e-02,-5.906666759213e-02,-5.537462117739e-02
743.20000000,3.243459719031e+13,-1.073183033829e-03,-1.218930321107e-03,2.318257145423e-02,2.633096079007e-02,2.831617078321e-02,2.654622808827e-02
743.40000000,3.146533985230e+13,-4.763382530243e-02,-5.410289963706e-02,1.570308491634e-02,1.783569670135e-02,-1.559989769290e-02,-1.462480380839e-02
743.60000000,5.692086003836e+13,-3.212728539181e-02,-3.649044111256e-02,1.401121928758e-02,1.591406140646e-02,2.743167739578e-02,2.571702122322e-02
743.80000000,4.090186938786e+13,-2.164312900675e-02,-2.458244806185e-02,1.376215114448e-02,1.563116770233e-02,-1.619722931577e-03,-1.518479836508e-03
744.00000000,3.845894852545e+13,8.508260999588e-03,9.663754443907e-03,3.840937429926e-02,4.362569228532e-02,1.275746831259e-02,1.196004453595e-02
744.20000000,8.558935087122e+11,-2.903422173942e-02,-3.297731338675e-02,2.415503753440e-02,2.743549599131e-02,-1.006934037578e-02,-9.439941874918e-03
744.40000000,6.174456310616e+13,-6.693088621848e-02,-7.602066381835e-02,-2.314053109864e-03,-2.628321099850e-03,-2.094447321109e-02,-1.963530900088e-02
744.60000000,5.397865275012e+13,4.947597883135e-03,5.619523311770e-03,1.445279733962e-02,1.641560949387e-02,9.052168956374e-03,8.486350207775e-03
744.80000000,4.422881693644e+13,1.988547259140e-02,2.258608711388e-02,-1.161838109873e-02,-1.319625554734e-02,2.715258083162e-03,2.545536998840e-03
745.00000000,2.958620095127e+13,-4.609002209480e-03,-5.234943496208e-03,-1.389913417904e-02,-1.578675419191e-02,-9.435350987343e-04,-8.845580898647e-04
745.20000000,3.515203865192e+13,-4.172240151468e-03,-4.738865475183e-03,9.406444327117e-03,1.068391904842e-02,4.339309011641e-02,4.068074304623e-02
745.40000000,2.802299763127e+13,-2.033098941770e-02,-2.309210887440e-02,-1.227547869943e-02,-1.394259256149e-02,1.390781588160e-02,1.303848798728e-02
745.60000000,4.951137284563e+13,-1.449239220004e-02,-1.646058102035e-02,-1.276836366691e-02,-1.450241547752e-02,-1.810304612784e-02,-1.697148937550e-02
745.80000000,1.007532723284e+13,7.457548582509e-03,8.470346438404e-03,-1.239898060584e-02,-1.408286707166e-02,2.378879942573e-02,2.230184654332e-02
746.00000000,3.895239368442e+13,4.676966639259e-02,5.312138067501e-02,2.241444008275e-02,2.545851067969e-02,-2.414045249179e-02,-2.263151903227e-02
746.20000000,6.142344522566e+13,2.002316197417e-02,2.274247587355e-02,5.545195122561e-03,6.298279534421e-03,2.495071019395e-02,2.339113041957e-02
746.40000000,6.667550345588e+13,1.428624761641e-02,1.622644026747e-02,-1.163061993713e-02,-1.321015652355e-02,-1.339282867229e-02,-1.255569078898e-02
746.60000000,5.670400710911e+13,1.391287622878e-02,1.580236190332e-02,-4.893694512825e-03,-5.558299629968e-03,1.681207376086e-03,1.576121108004e-03
746.80000000,4.690425020101e+13,-3.623929512537e-03,-4.116089637222e-03,-6.208831869237e-03,-7.052043765884e-03,-2.108597526317e-02,-1.976796626511e-02
747.00000000,5.187640404473e+13,-6.003214840660e-03,-6.818501935585e-03,-3.343161286336e-02,-3.797190873290e-02,-3.928374289317e-02,-3.682825644000e-02
747.20000000,4.078344379363e+13,1.440666559440e-04,1.636321202028e-04,-3.212659051651e-02,-3.648965331041e-02,-3.242709272537e-02,-3.040019098336e-02
747.40000000,4.342784103987e+13,5.615431455606e-02,6.378054303482e-02,1.556903675058e-02,1.768344366059e-02,-2.647175883376e-03,-2.481710374184e-03
747.60000000,3.598739025741e+13,4.105611392906e-02,4.663187970500e-02,1.377038237893e-02,1.564051680806e-02,3.382807055977e-02,3.171359869740e-02
747.80000000,4.748142923109e+13,1.274119108175e-02,1.447155205310e-02,-4.596148374310e-03,-5.220344208502e-03,3.668345329803e-02,3.439050165965e-02
748.00000000,4.612742603887e+13,-1.092974026249e-02,-1.241409096847e-02,1.631510208467e-03,1.853083097902e-03,-2.804183128849e-03,-2.628903657547e-03
748.20000000,4.967178578118e+13,-1.854792642815e-02,-2.106689092565e-02,-4.642012246134e-03,-5.272436782144e-03,-7.271055648159e-03,-6.816567930611e-03
748.40000000,4.500390426300e+13,-2.040047207081e-02,-2.317102785653e-02,-1.735183189118e-03,-1.970835746433e-03,1.473919849420e-02,1.381790384232e-02
748.60000000,9.805749075677e+12,-8.390803524956e-03,-9.530345255766e-03,-5.264484759805e-03,-5.979446329497e-03,5.466523183380e-03,5.124830344712e-03
748.80000000,2.880132336319e+13,1.165963595812e-02,1.324311264194e-02,1.709192068703e-02,1.941314811973e-02,2.806077326207e-02,2.630679455394e-02
749.00000000,5.252070296942e+13,-3.082013078935e-03,-3.500576391482e-03,8.382956874359e-03,9.521433340532e-03,-3.393221302719e-02,-3.181123159116e-02
749.20000000,4.819159950230e+13,-3.782859034634e-02,-4.296603125878e-02,-4.455212684704e-02,-5.060268259885e-02,-6.790884888020e-02,-6.366410929597e-02
749.40000000,3.537741632813e+13,-3.896811018993e-02,-4.426030748666e-02,-6.033444646342e-02,-6.852837474286e-02,-5.332426108710e-02,-4.999115199206e-02
749.60000000,4.272407023743e+13,-3.415545739172e-02,-3.879405593798e-02,-2.731345869365e-02,-3.102285746530e-02,-3.858595366089e-02,-3.617408352025e-02
749.80000000,3.742782086740e+13,-1.914373784055e-02,-2.174361854186e-02,-7.393997380242e-03,-8.398164780183e-03,-1.568202826259e-02,-1.470180068953e-02
750.00000000,5.435013750318e+13,-4.589168497126e-03,-5.212416198808e-03,2.338250219982e-02,2.655804382239e-02,-1.189784073468e-02,-1.115414920750e-02
750.20000000,4.208680015455e+13,2.438453692169e+00,2.769616224173e+00,2.470073191142e+00,2.805530028149e+00,4.490525046930e+00,4.209838365665e+00
750.40000000,4.954668039699e+13,1.275445142830e+01,1.448661326631e+01,1.277786939073e+01,1.451321215906e+01,2.337369260053e+01,2.191268656307e+01
750.60000000,4.355449989085e+13,6.716132893655e-01,7.628240259681e-01,7.151676713536e-01,8.122934916825e-01,1.173282416307e+00,1.099944723236e+00
750.80000000,6.695742494934e+13,-4.370396360300e-03,-4.963932964742e-03,1.724335632157e-03,1.958514999463e-03,-9.106277776706e-02,-8.537076879015e-02
751.00000000,3.391109831601e+13,-2.013505148374e-03,-2.286956092011e-03,-1.832577063520e-02,-2.081456532964e-02,-6.280017737650e-02,-5.887476260063e-02
751.20000000,1.912984443829e+13,-2.185130165829e-02,-2.481889231133e-02,-3.059194847883e-02,-3.474659390042e-02,-3.148347134080e-02,-2.951555200108e-02
751.40000000,2.477821095252e+13,-2.246590806119e-03,-2.551696743591e-03,-2.364375210305e-02,-2.685477367274e-02,-1.760486443706e-02,-1.650444724279e-02
751.60000000,4.101676083413e+13,-2.209439798403e-02,-2.509500316385e-02,-1.138340546774e-02,-1.292936823770e-02,-4.338246645838e-03,-4.067078343512e-03
751.80000000,8.394063217884e+13,-3.481135902043e-02,-3.953903452755e-02,4.517251679596e-03,5.130732675154e-03,1.318301127116e-02,1.235898832416e-02
752.00000000,2.881341465486e+13,-3.714934483740e-02,-4.219453849360e-02,1.328789156026e-02,1.509249965417e-02,-2.091749464211e-02,-1.961001676589e-02
752.20000000,2.310406223264e+13,-2.711406941437e-02,-3.079638821707e-02,1.412735766830e-02,1.604597236186e-02,-3.180451199630e-02,-2.981652555191e-02
752.40000000,5.364428185313e+13,-3.348350794323e-02,-3.803085009964e-02,3.668631365686e-02,4.166862543002e-02,-4.182879895717e-02,-3.921423013996e-02
752.60000000,5.257983830079e+13,-4.143514971164e-03,-4.706239173659e-03,1.367213637667e-02,1.552892816750e-02,-3.536953824556e-02,-3.315871474402e-02
752.80000000,5.652423557283e+13,3.616281282675e-02,4.107402713381e-02,2.627518051699e-02,2.984357232806e-02,-5.530521956126e-03,-5.184828782766e-03
753.00000000,1.252228992091e+13,2.900171266268e-02,3.294038930381e-02,1.033786138246e-02,1.174183041998e-02,1.093102572359e-02,1.024776634944e-02
753.20000000,4.836315924549e+13,-2.367238280862e-03,-2.688729160703e-03,3.738039125886e-02,4.245696464250e-02,-1.991625829530e-02,-1.867136412687e-02
753.40000000,6.018491895751e+13,5.940540291067e-03,6.747315654725e-03,7.516209694955e-02,8.536974561192e-02,3.396372113615e-02,3.184077024077e-02
753.60000000,5.645654753112e+13,2.132524925828e-03,2.422139756845e-03,5.682231804408e-02,6.453926957039e-02,3.043249363199e-03,2.853026715494e-03
753.80000000,4.690728204386e+13,-2.306528635953e-03,-2.619774635118e-03,2.601104498431e-02,2.954356495537e-02,3.679104381682e-02,3.449136707941e-02
754.00000000,4.795082307515e+13,2.154439245200e-02,2.447030225206e-02,6.939868273192e-02,7.882361098311e-02,5.724578396164e-02,5.366755447875e-02
754.20000000,7.619471283417e+12,3.135016341251e-02,3.560777942867e-02,3.145748786830e-02,3.572968086174e-02,-7.490311694860e-03,-7.022119064979e-03
754.40000000,4.244198745773e+13,2.314523054386e-02,2.628854762851e-02,-1.448947662278e-03,-1.645727013400e-03,-2.666766498985e-02,-2.500076450386e-02
754.60000000,3.767615616585e+13,2.841015726242e-02,3.226849570201e-02,4.172367588961e-02,4.739010407174e-02,-1.314323888696e-02,-1.232170196963e-02
754.80000000,2.808713785944e+13,-1.925054548120e-03,-2.186493155893e-03,2.991408939631e-02,3.397667581958e-02,-2.126753525785e-02,-1.993817759303e-02
755.00000000,3.844219659273e+13,1.485370684650e-02,1.687096523641e-02,2.134609913213e-02,2.424507998945e-02,1.440138798879e-02,1.350120866501e-02
755.20000000,4.875677633412e+13,2.396546013584e-02,2.722017130166e-02,2.193619848870e-02,2.491531983108e-02,1.921329647117e-02,1.801234193550e-02
755.40000000,-2.513804240458e+11,4.703391491725e-04,5.342151637312e-04,-1.902986830872e-02,-2.161428542413e-02,1.588558034276e-02,1.489262945623e-02
755.60000000,2.919394283426e+13,-2.628429487264e-02,-2.985392330968e-02,1.671043004524e-04,1.897984782129e-04,-2.487450486220e-02,-2.331968841091e-02
755.80000000,2.166888081998e+13,-1.288941030979e-02,-1.463990069963e-02,-1.396903520596e-02,-1.586614836966e-02,-2.799669927384e-03,-2.624672560184e-03
756.00000000,2.645553160375e+13,2.105844062300e-04,2.391835407524e-04,-3.383217472745e-02,-3.842687028701e-02,-4.912184912780e-02,-4.605141779401e-02
756.20000000,2.346973080769e+13,-8.962109021794e-03,-1.017923884685e-02,-2.336694654393e-02,-2.654037557683e-02,-6.959299925808e-02,-6.524298944924e-02
756.40000000,6.333422797225e+13,-6.077779512772e-04,-6.903193117658e-04,-2.336697328781e-02,-2.654040595275e-02,-4.995584695579e-02,-4.683328539667e-02
756.60000000,3.166624144631e+13,8.182933902083e-03,9.294245188797e-03,-9.114583811608e-03,-1.035242140567e-02,-1.934411579981e-02,-1.813498421517e-02
756.80000000,5.436682615323e+13,1.667751823650e-02,1.894246556130e-02,1.416638534381e-02,1.609030032588e-02,4.503412382603e-02,4.221920160017e-02
757.00000000,4.884551637645e+13,-1.128479783555e-02,-1.281736834791e-02,-5.736406474077e-02,-6.515459005184e-02,9.870155863407e-02,9.253207674963e-02
757.20000000,4.652169420840e+13,-7.641291219149e-02,-8.679042871371e-02,2.861209719640e-02,3.249786206364e-02,1.655359645097e-02,1.551889026355e-02
757.40000000,2.572025264162e+13,-7.782220075633e-02,-8.839111052541e-02,-4.588166231897e-02,-5.211278023618e-02,-7.859326747496e-02,-7.368068304736e-02
757.60000000,4.419010337813e+13,-3.542189792689e-02,-4.023248975545e-02,-3.214024366599e-02,-3.650516067310e-02,-3.391220385799e-02,-3.179247312366e-02
757.80000000,2.569155861214e+13,-2.958977247721e-02,-3.360831258992e-02,-5.265632348583e-03,-5.980749770541e-03,-3.897244443440e-02,-3.653641613598e-02
758.00000000,3.716169587616e+13,-1.702723338364e-02,-1.933967496843e-02,-5.240934770258e-03,-5.952698052129e-03,-1.923550230422e-02,-1.803315976125e-02
758.20000000,3.901851046471e+13,-4.640881446729e-03,-5.271152202153e-03,1.754313160773e-02,1.992563730086e-02,7.017148946840e-03,6.578532030279e-03
758.40000000,2.746810309713e+13,1.755159696697e-02,1.993525153911e-02,3.705693471916e-02,4.208957996815e-02,7.749937193899e-02,7.265516301413e-02
758.60000000,3.104897949294e+13,1.060830511031e-03,1.204900221762e-03,3.097087992540e-02,3.517698744333e-02,9.506229984516e-02,8.912029502878e-02
758.80000000,5.940643903408e+13,2.507755850287e-02,2.848330198571e-02,4.349574973203e-02,4.940284053431e-02,7.195502984240e-02,6.745737793851e-02
759.00000000,1.945827391895e+13,1.415139126349e-03,1.607326928696e-03,-7.971523235508e-04,-9.054123532653e-04,-1.810725297458e-02,-1.697543326728e-02
759.20000000,3.366051747880e+13,-3.014952313070e-03,-3.424408209270e-03,-2.290755033430e-02,-2.601858947528e-02,-3.474605184709e-02,-3.257420025332e-02
759.40000000,3.246553835955e+13,1.709898383248e-02,1.942116973203e-02,-2.472439157026e-02,-2.808217312217e-02,-2.630084342112e-02,-2.465687164117e-02
759.60000000,5.300283802337e+13,1.407898133347e-02,1.599102547907e-02,-7.538075435217e-03,-8.561809853973e-03,1.630994041493e-03,1.529046429603e-03
759.80000000,4.599369712644e+13,3.242340073130e-02,3.682677140708e-02,-4.055320115073e-03,-4.606066896072e-03,1.320082477500e-02,1.237568836949e-02
760.00000000,5.380898569149e+13,4.109148156293e-02,4.667205056118e-02,-3.549882122588e-05,-4.031986147985e-05,6.745051541467e-02,6.323442461828e-02
760.20000000,5.333553246081e+13,3.615843095816e-02,4.106905017060e-02,3.991239977880e-02,4.533284134108e-02,9.871645606902e-02,9.254604299913e-02
760.40000000,6.201036854731e+13,8.556738000056e-02,9.718815028993e-02,1.300728696800e-01,1.477378658427e-01,1.191018621441e-01,1.116572301537e-01
760.60000000,4.799092832438e+13,7.998692695165e-02,9.084982475513e-02,3.065254007084e-02,3.481541434326e-02,3.551599218490e-02,3.329601437072e-02
760.80000000,5.266000924672e+13,6.206977915532e-02,7.049937750776e-02,9.167174095680e-03,1.041215389525e-02,1.518291651025e-02,1.423388663008e-02
761.00000000,4.599090584326e+13,5.203659235534e-02,5.910359950689e-02,2.525291737105e-04,2.868247719826e-04,6.339566479266e-03,5.943302822539e-03
761.20000000,2.042862205844e+13,1.705693623828e-02,1.937341172069e-02,-8.171167871181e-03,-9.280881598916e-03,-6.934384419353e-03,-6.500940817783e-03
761.40000000,3.474471673175e+13,7.832695172994e-03,8.896441092892e-03,2.564090140159e-03,2.912315274257e-03,6.656144909172e-03,6.240093065558e-03
761.60000000,3.482437105619e+13,2.800982796066e-02,3.181379831213e-02,4.089318332368e-02,4.644682358912e-02,5.195506266814e-02,4.870753727572e-02
761.80000000,5.101466345251e+13,3.846801238063e-02,4.369229218633e-02,2.426527256420e-02,2.756070187078e-02,5.411794810846e-02,5.073522847264e-02
762.00000000,3.139679257518e+13,6.008226845388e-02,6.824194612734e-02,1.087992825481e-01,1.235751455967e-01,6.598716288054e-02,6.186254102420e-02
762.20000000,2.643136323994e+13,-1.153809955698e-02,-1.310507057476e-02,-7.348032637972e-02,-8.345957637036e-02,-1.277020894927e-03,-1.197198880094e-03
762.40000000,5.012012648580e+13,-1.420322085373e-02,-1.613213777171e-02,4.814461370229e-03,5.468305956269e-03,4.254894748617e-02,3.988936475667e-02
762.60000000,6.052467248138e+13,4.793823120497e-02,5.444864642287e-02,2.874879648030e-02,3.265312626681e-02,-2.018876856390e-03,-1.892684075194e-03
762.80000000,3.206884318280e+13,-1.221650384466e-02,-1.387560787376e-02,-2.370873999722e-02,-2.692858747275e-02,-2.843237643905e-02,-2.665517014363e-02
763.00000000,5.582593979121e+13,1.334710460600e-03,1.515975373297e-03,-3.504252040743e-02,-3.980159115026e-02,-6.860204812895e-03,-6.431397913567e-03
763.20000000,5.601179078449e+13,2.076156250587e-02,2.358115741140e-02,-5.668979730700e-02,-6.438875139605e-02,7.352371115148e-03,6.892800658204e-03
763.40000000,6.008855050271e+13,-3.043790452249e-02,-3.457162810434e-02,-5.838849356682e-02,-6.631814497949e-02,6.926140241561e-02,6.493211954098e-02
763.60000000,4.731037650511e+13,-1.646862227053e-02,-1.870519976522e-02,2.609073319992e-02,2.963407550485e-02,-8.372890114255e-03,-7.849530659803e-03
763.80000000,3.914886253647e+13,4.716984872760e-02,5.357591113882e-02,4.884963018100e-02,5.548382324388e-02,-3.320637911322e-02,-3.113076696259e-02
764.00000000,2.778730678689e+13,2.186429848782e-02,2.483365421968e-02,-1.526831672088e-02,-1.734188330667e-02,-3.051011558090e-02,-2.860303723307e-02
764.20000000,5.495716148399e+13,-1.292563361388e-03,-1.468104343325e-03,-3.399628706582e-02,-3.861327046938e-02,-3.282528891296e-02,-3.077349734956e-02
764.40000000,3.417170430481e+13,-3.866254802959e-03,-4.391324741351e-03,-2.740522070527e-02,-3.112708153442e-02,-3.174854505504e-02,-2.976405690425e-02
764.60000000,7.147752807962e+13,3.980553277508e-02,4.521145910614e-02,-1.819286210311e-03,-2.066360669444e-03,2.359523956752e-02,2.212038542048e-02
764.80000000,3.580622931618e+13,1.537322031657e-02,1.746103300764e-02,1.082879244158e-02,1.229943407037e-02,1.192767917864e-02,1.118212255690e-02
765.00000000,7.036829229116e+13,4.323137882389e-02,4.910256387831e-02,3.565133660171e-02,4.049308973452e-02,1.295908650793e-02,1.214906029805e-02
765.20000000,4.895169811833e+13,6.129541904019e-02,6.961985277243e-02,1.977841282640e-02,2.246448862025e-02,5.297277509373e-02,4.966163613268e-02
765.40000000,7.712441864793e+13,-3.185603379558e-02,-3.618235126686e-02,6.383610867889e-03,7.250559231243e-03,9.886106456541e-03,9.268161253494e-03
765.60000000,5.180410739960e+13,-1.333921080942e-02,-1.515078789238e-02,1.768785456994e-02,2.009001486573e-02,-2.275003037983e-02,-2.132800724017e-02
765.80000000,6.024045376608e+13,-8.646531025109e-03,-9.820802702493e-03,1.117371931799e-02,1.269120493480e-02,1.101833770611e-04,1.032962077183e-04
766.00000000,6.275943348886e+13,3.012410988194e-02,3.421521751089e-02,3.566675739768e-02,4.051060480505e-02,6.267663983547e-02,5.875894695003e-02
766.20000000,1.140665359937e+13,4.227270344497e-02,4.801369231527e-02,1.603518864543e-02,1.821290292657e-02,5.957185879464e-02,5.584823468230e-02
766.40000000,3.947484403542e+13,3.168422459656e-02,3.598720893278e-02,1.963695496514e-02,2.230381958465e-02,2.520210853161e-02,2.362681474510e-02
766.60000000,6.101779950872e+13,5.153911098945e-03,5.853855598499e-03,1.934415451405e-02,2.197125435511e-02,6.022019818488e-02,5.645604869301e-02
766.80000000,7.837376369233e+13,6.122145594090e-03,6.953584486184e-03,3.302764883916e-02,3.751308297654e-02,9.044252776378e-02,8.478928839914e-02
767.00000000,3.485121895330e+13,-2.522904777467e-02,-2.865536477545e-02,4.151274082291e-02,4.715052223841e-02,5.217577542284e-02,4.891445406447e-02
767.20000000,3.658300360083e+13,1.109484880977e-03,1.260162264593e-03,2.450473136811e-02,2.783268120617e-02,4.690276464796e-02,4.397104035880e-02
767.40000000,7.183342694561e+13,-9.500827799768e-03,-1.079112016841e-02,2.231681986877e-02,2.534763281475e-02,2.349830986163e-02,2.202951444429e-02
767.60000000,4.882402740324e+13,1.217979139924e-02,1.383390956929e-02,1.182669826010e-02,1.343286394167e-02,1.957066979568e-02,1.834737712998e-02
767.80000000,5.557465486079e+13,7.850398136572e-03,8.916548267902e-03,-1.117264626702e-02,-1.268998615442e-02,2.225440435153e-02,2.086336102460e-02
768.00000000,5.874375050889e+13,2.994982543877e-03,3.401726377367e-03,-7.559900146710e-03,-8.586598545930e-03,1.726560326796e-02,1.618639207759e-02
768.20000000,3.043916040227e+13,-7.968888769987e-03,-9.051130926483e-03,-2.761437700842e-02,-3.136464303308e-02,-3.735324085916e-03,-3.501842319270e-03
768.40000000,8.576680613407e+13,-4.706290775523e-02,-5.345444668244e-02,-3.898543381787e-02,-4.427998556022e-02,-6.599471880351e-04,-6.186962465338e-04
768.60000000,4.441038637927e+13,-5.602586890471e-02,-6.363465338309e-02,-5.002679362103e-02,-5.682085543826e-02,-5.420220583387e-02,-5.081421954859e-02
768.80000000,3.088882176682e+13,-3.486598294044e-02,-3.960107683558e-02,-2.162474022710e-02,-2.456156290252e-02,-3.402276360227e-02,-3.189612217322e-02
769.00000000,5.723424051280e+13,1.996625115407e-03,2.267783608515e-03,3.329012749620e-02,3.781120845586e-02,-1.559698912999e-03,-1.462207704935e-03
769.20000000,3.624013758180e+13,9.940437864509e-03,1.129043297945e-02,2.966988968198e-02,3.369931171804e-02,3.500776203871e-02,3.281955187565e-02
769.40000000,2.313585904416e+13,1.789758378969e-02,2.032822628399e-02,1.861703699024e-02,2.114538811991e-02,1.771510872173e-02,1.660780055100e-02
769.60000000,3.557378610483e+13,-1.115311894579e-02,-1.266780635679e-02,-2.409371107790e-03,-2.736584088318e-03,-2.401479857151e-02,-2.251371928973e-02
769.80000000,2.302808478367e+13,-4.338142007481e-02,-4.927298199376e-02,-4.491140909524e-02,-5.101075841600e-02,-3.196471326132e-02,-2.996671320807e-02
770.00000000,4.923445768059e+13,-5.430226207707e-02,-6.167696624338e-02,-3.195541668869e-02,-3.629523262859e-02,-8.952722132756e-03,-8.393119449893e-03
770.20000000,6.618078983034e+13,-3.153152223854e-02,-3.581376830948e-02,-1.520145163351e-02,-1.726593737474e-02,1.149717133407e-02,1.077852421999e-02
770.40000000,6.047412497080e+13,9.461677480874e-03,1.074665290675e-02,1.334602541408e-02,1.515852857718e-02,2.059624520063e-02,1.930884747955e-02
770.60000000,4.279044134845e+13,4.309816280782e-02,4.895125600619e-02,5.418305374475e-02,6.154157085014e-02,4.167963532936e-02,3.907439019774e-02
770.80000000,6.400722895564e+13,2.765951219184e-02,3.141590671386e-02,4.571503780946e-02,5.192352670858e-02,1.644403141414e-02,1.541617374582e-02
771.00000000,3.958527818839e+13,3.115573546525e-02,3.538694652998e-02,-1.477830741933e-03,-1.678532659632e-03,-7.940341575572e-03,-7.444019185280e-03
771.20000000,5.121746348762e+13,-3.845422142475e-03,-4.367662830258e-03,-1.230483417500e-02,-1.397593475900e-02,1.804984957177e-02,1.692161794614e-02
771.40000000,4.789177098564e+13,-4.927269960932e-03,-5.596434686663e-03,-3.025028252415e-02,-3.435852681849e-02,3.522971039846e-02,3.302762703620e-02
771.60000000,5.962354552077e+13,-1.681437818460e-02,-1.909791224210e-02,-4.315176238305e-03,-4.901213679309e-03,5.437462046280e-03,5.097585715490e-03
771.80000000,3.878194150487e+13,-7.004575774551e-03,-7.955856111169e-03,4.060866834978e-02,4.612366907467e-02,9.483189944405e-03,8.890429613379e-03
772.00000000,6.523424642977e+13,-4.997085615523e-03,-5.675731894676e-03,3.720986384243e-02,4.226327816019e-02,6.846183519085e-03,6.418253040752e-03
772.20000000,4.395834282596e+13,1.542074965222e-02,1.751501722704e-02,2.838062213624e-02,3.223495073195e-02,1.158676282020e-02,1.086251566233e-02
772.40000000,3.614866236338e+13,1.724200117419e-02,1.958361003230e-02,3.139490914490e-02,3.565860341827e-02,1.300596631365e-02,1.219300981456e-02
772.60000000,5.494306433669e+13,2.868152530015e-02,3.257671780294e-02,3.730405229013e-03,4.237025819597e-03,4.778439219987e-03,4.479756052147e-03
772.80000000,5.197026162674e+13,1.929138317140e-02,2.191131535114e-02,-2.261250485044e-02,-2.568347431853e-02,-2.919468214403e-04,-2.736982684179e-04
773.00000000,4.350395730039e+13,-3.574217790979e-03,-4.059626645531e-03,-9.210525535736e-04,-1.046139282763e-03,-1.394165106432e-02,-1.307020825358e-02
773.20000000,4.807544976339e+13,-6.762236401528e-02,-7.680605011903e-02,-7.704607865416e-03,-8.750958797113e-03,-4.410226948833e-02,-4.134559414869e-02
773.40000000,4.155705555489e+13,-3.357526760764e-02,-3.813507149867e-02,1.980296874351e-02,2.249237943866e-02,-2.272574140953e-02,-2.130523648664e-02
773.60000000,5.917488123941e+13,-1.703027177261e-02,-1.934312599619e-02,2.398114999062e-02,2.723799304794e-02,1.589582262743e-02,1.490223153226e-02
773.80000000,5.300604627655e+13,4.694525453502e-03,5.332081516483e-03,1.410607654837e-02,1.602180108579e-02,4.539004198412e-03,4.255287258548e-03
774.00000000,3.763233468090e+13,1.133146574778e-02,1.287037415535e-02,2.345876387614e-02,2.664466247956e-02,3.682413819768e-03,3.452239284873e-03
774.20000000,2.724136370290e+13,1.542441760307e-02,1.751918331650e-02,-1.149377120208e-03,-1.305472257249e-03,-4.196552588710e-02,-3.934241075787e-02
774.40000000,5.023876007466e+13,-3.624100252835e-03,-4.116283565488e-03,-2.180088902291e-03,-2.476163419507e-03,-4.716649224549e-02,-4.421828328620e-02
774.60000000,6.389307194830e+13,-4.205217334363e-02,-4.776321237032e-02,-2.644807639012e-03,-3.003994892352e-03,-3.805028870929e-02,-3.567190107146e-02
774.80000000,5.513351190358e+13,1.093390603969e-02,1.241882249327e-02,5.608114004111e-02,6.369743332400e-02,2.637809089985e-02,2.472929065591e-02
775.00000000,6.440247492428e+13,6.891901844385e-02,7.827880113089e-02,9.124771204136e-02,1.036399233229e-01,3.123648847604e-02,2.928400715301e-02
775.20000000,6.191653809343e+13,5.873166485004e-02,6.670791918819e-02,2.848970062560e-02,3.235884300301e-02,6.848873876054e-02,6.420775233116e-02
775.40000000,3.095061980691e+13,-1.018610524588e-02,-1.156946405860e-02,-1.110925592841e-02,-1.261798687152e-02,3.098293670892e-02,2.904630400122e-02
775.60000000,7.382139324674e+13,-3.126890605747e-02,-3.551548664100e-02,-2.129289851672e-02,-2.418465428037e-02,1.343146531507e-05,1.259191239353e-05
775.80000000,4.752946073872e+13,-5.563071834932e-02,-6.318583805692e-02,-2.657333861901e-02,-3.018222282285e-02,-1.028521811739e-02,-9.642325869988e-03
776.00000000,6.312876078107e+13,-1.354159401132e-02,-1.538065643623e-02,-2.031929508930e-02,-2.307882727050e-02,-1.124900200685e-02,-1.054586707099e-02
776.20000000,3.810538433454e+13,6.631538705269e-03,7.532157468617e-03,2.835978912675e-02,3.221128842351e-02,3.008035626414e-02,2.820014063617e-02
776.40000000,7.342242998379e+13,-5.044048489197e-03,-5.729072721808e-03,3.654338141371e-02,4.150628177899e-02,1.096391946291e-01,1.027860401860e-01
776.60000000,6.412302986273e+13,2.300425683759e-02,2.612842850657e-02,-2.114121340849e-02,-2.401236905114e-02,4.008450582220e-02,3.757896653853e-02
776.80000000,3.082239729082e+13,1.737248576631e-02,1.973181553011e-02,-1.740888753947e-02,-1.977316175237e-02,3.309326773937e-02,3.102472577671e-02
777.00000000,4.729339296695e+13,-6.938850231700e-03,-7.881204486491e-03,-2.187019020809e-02,-2.484034706752e-02,3.624056286225e-02,3.397529472308e-02
777.20000000,4.977542517823e+13,1.784402152455e-03,2.026738981250e-03,-1.886364221649e-03,-2.142548442224e-03,9.958382119225e-03,9.335919222660e-03
777.40000000,5.120147004435e+13,-1.475639094486e-02,-1.676043301637e-02,3.662180134982e-03,4.159535180588e-03,1.193721309373e-02,1.119106054101e-02
777.60000000,6.356958014144e+13,-2.919322039304e-02,-3.315790539558e-02,-2.111578913531e-02,-2.398349194657e-02,-4.421310221429e-02,-4.144949911683e-02
777.80000000,8.986534677782e+12,-6.156273782287e-02,-6.992347569541e-02,-5.737675849512e-02,-6.516900772543e-02,-7.543893080371e-02,-7.072351269466e-02
778.00000000,1.762539230025e+13,-5.382589246713e-02,-6.113590163156e-02,-8.600200906300e-02,-9.768180949967e-02,-3.604770251775e-02,-3.379448938985e-02
778.20000000,1.278312819435e+13,2.022673872220e-04,2.297370005719e-04,-8.618523365081e-02,-9.788991753665e-02,-5.440143008388e-02,-5.100099100232e-02
778.40000000,3.500066267380e+13,4.102425829310e-02,4.659569780560e-02,7.578688891857e-03,8.607938961629e-03,-3.774803698132e-03,-3.538854201941e-03
778.60000000,3.481668277396e+13,2.542614054997e-02,2.887922440826e-02,4.663841444617e-03,5.297230570463e-03,3.853583401695e-03,3.612709667623e-03
778.80000000,3.644984824048e+13,1.206680109898e-02,1.370557423540e-02,1.554511493459e-02,1.765627305961e-02,-1.311581907030e-03,-1.229599606776e-03
779.00000000,4.570931792303e+13,-1.490242526604e-02,-1.692630002730e-02,-1.149644157799e-02,-1.305775560804e-02,-1.037039551264e-02,-9.722179130493e-03
779.20000000,4.940165953271e+13,5.467210615163e-03,6.209703825567e-03,-9.742415115624e-03,-1.106551751243e-02,-4.546728982818e-02,-4.262529194272e-02
779.40000000,3.913400647478e+13,-1.187227365166e-02,-1.348462832370e-02,-2.289518492946e-02,-2.600454474385e-02,-5.356960435349e-02,-5.022115972720e-02
779.60000000,3.944931272094e+13,-6.345746286515e-03,-7.207552034332e-03,-2.945307598305e-02,-3.345305288448e-02,-8.482230760081e-03,-7.952036812405e-03
779.80000000,4.929152376895e+13,6.654246799809e-03,7.557949513494e-03,-1.798694903019e-02,-2.042972888413e-02,-2.836662995396e-02,-2.659353323648e-02
780.00000000,5.417334963760e+13,-1.470497808725e-02,-1.670203786004e-02,-7.238961330794e-03,-8.222073523563e-03,-4.694070160461e-02,-4.400660601179e-02
780.20000000,4.923326937846e+13,-4.862293858104e-02,-5.522634282271e-02,-3.345332093953e-02,-3.799656494946e-02,-6.009653668077e-02,-5.634011682783e-02
780.40000000,4.910838383389e+13,-2.568647462776e-02,-2.917491404464e-02,-2.014280805200e-02,-2.287837180039e-02,-1.248092214423e-02,-1.170078428080e-02
780.60000000,2.904466196773e+13,-3.405942424070e-02,-3.868498067689e-02,-9.816938502330e-04,-1.115016180554e-03,-1.703943368379e-02,-1.597435954627e-02
780.80000000,1.631521504042e+13,-2.032040983880e-02,-2.308009249965e-02,2.030954802458e-03,2.306775647193e-03,1.641669539318e-02,1.539054640189e-02
781.00000000,6.136563094388e+13,1.343970073217e-02,1.526492519230e-02,3.599712194458e-02,4.088583565241e-02,6.462001351743e-02,6.058084728454e-02
781.20000000,2.351381617787e+13,9.067751940104e-03,1.029922896250e-02,1.282099373040e-02,1.456219314891e-02,6.715552267188e-02,6.295787081817e-02
781.40000000,5.093302484011e+13,-4.405058670587e-02,-5.003302708464e-02,-2.564697552498e-03,-2.913005178331e-03,-3.015266292259e-02,-2.826792766366e-02
781.60000000,2.776005374488e+13,-3.755109565316e-02,-4.265085045103e-02,-2.831394834732e-02,-3.215922207841e-02,-5.841751767538e-02,-5.476604730329e-02
781.80000000,5.746970821020e+13,-5.279600074152e-02,-5.996614194264e-02,-2.240601754874e-02,-2.544894429430e-02,-6.381656941034e-02,-5.982762359882e-02
782.00000000,3.875861905083e+13,-5.889717702716e-02,-6.689590931182e-02,-2.617317251174e-02,-2.972771077267e-02,-2.298000309145e-02,-2.154360517901e-02
782.20000000,5.648057383113e+13,-2.888960527749e-02,-3.281305679228e-02,1.801161766350e-02,2.045774772655e-02,1.918540724077e-02,1.798619596128e-02
782.40000000,3.315530235250e+13,-2.419239053007e-02,-2.747792075314e-02,1.018949600018e-02,1.157331576357e-02,7.209861783815e-03,6.759199076153e-03
782.60000000,5.063932205596e+13,-1.156258504828e-02,-1.313288140183e-02,-1.928272008055e-02,-2.190147660578e-02,-2.065961463716e-02,-1.936825591895e-02
782.80000000,5.792268089479e+13,-3.679196645694e-02,-4.178862512158e-02,-1.040479997871e-02,-1.181785984392e-02,-5.080750263561e-02,-4.763170712193e-02
783.00000000,5.107514287205e+13,-1.811074690613e-02,-2.057033874549e-02,2.593943035341e-02,2.946222445171e-02,-6.039532216061e-02,-5.662022629453e-02
783.20000000,5.865175452994e+13,2.551351197646e-03,2.897846160974e-03,2.733031734097e-02,3.104200565955e-02,-3.753870362012e-02,-3.519229333891e-02
783.40000000,4.719275845830e+13,3.494621700089e-02,3.969220735664e-02,1.023828312750e-02,1.162872859553e-02,-1.274478437964e-02,-1.194815343035e-02
783.60000000,3.246729529261e+13,3.812577077580e-02,4.330357129146e-02,1.182808927293e-02,1.343444386580e-02,6.700603839973e-04,6.281773027398e-04
783.80000000,3.488838085287e+13,1.835949913395e-02,2.085287361921e-02,3.686774745408e-05,4.187469947236e-05,1.617463740906e-02,1.516361859777e-02
784.00000000,6.526333039910e+13,-6.975004624645e-03,-7.922268950253e-03,4.153518283446e-03,4.717601206500e-03,-1.916601307840e-02,-1.796801405873e-02
784.20000000,7.311266648645e+13,-5.866426906318e-03,-6.663137048632e-03,1.668497900107e-02,1.895094030995e-02,-1.669870921989e-02,-1.565493255161e-02
784.40000000,6.096637734777e+13,-3.466251762756e-03,-3.936997922097e-03,-1.026547059334e-02,-1.165960834925e-02,-6.252948981769e-02,-5.862099475427e-02
784.60000000,2.747799539863e+13,2.975144174458e-03,3.379193790432e-03,-3.272930179047e-03,-3.717421787451e-03,-1.192422636251e-02,-1.117888556397e-02
784.80000000,8.469782216981e+13,-4.772985631008e-04,-5.421197246365e-04,-5.377687649774e-03,-6.108023129659e-03,-4.192739324971e-04,-3.930666165541e-04
785.00000000,6.463860818517e+13,6.255939980454e-02,7.105549276151e-02,1.829089302495e-02,2.077495104484e-02,2.698751121319e-02,2.530061828222e-02
785.20000000,4.024333435098e+13,5.021976002730e-02,5.704002605929e-02,3.519022193620e-02,3.996935179624e-02,1.378251064773e-02,1.292101513601e-02
785.40000000,6.616686398668e+13,4.948127800514e-02,5.620125196389e-02,3.229789039177e-02,3.668421715799e-02,5.057719603789e-02,4.741579616701e-02
785.60000000,3.996460781791e+13,-2.447799788026e-03,-2.780231598498e-03,5.968890460180e-03,6.779516283494e-03,2.223656535700e-02,2.084663708189e-02
785.80000000,3.908221916656e+13,-1.961581275423e-02,-2.227980520152e-02,-1.091520194085e-02,-1.239757871069e-02,1.921213298089e-02,1.801125117085e-02
786.00000000,6.372217253031e+13,-4.168642287748e-02,-4.734778991292e-02,-3.065211562915e-02,-3.481493225880e-02,-5.138687338226e-02,-4.817486347262e-02
786.20000000,1.418861041961e+13,-2.957978752440e-03,-3.359697159649e-03,-1.338978612555e-02,-1.520823236349e-02,-2.050454912914e-02,-1.922288300197e-02
786.40000000,6.709358048467e+13,4.527637681113e-02,5.142528980173e-02,4.813824323988e-02,5.467582393758e-02,-1.315610704102e-02,-1.233376578134e-02
786.60000000,1.776886175340e+13,5.023754474121e-02,5.706022608702e-02,7.439590816424e-02,8.449950190735e-02,1.106861841888e-03,1.037675861681e-03
786.80000000,3.998338001708e+13,2.692750542539e-02,3.058448726838e-02,2.979677536079e-02,3.384342954553e-02,1.662475815146e-02,1.558560390033e-02
787.00000000,4.248248706532e+13,-5.068406659437e-03,-5.756738936550e-03,2.438277630093e-02,2.769416360909e-02,3.677134201790e-02,3.447289676956e-02
787.20000000,3.568172831745e+13,-2.979826120153e-02,-3.384511583753e-02,1.479704476014e-03,1.680660862654e-03,4.852139818583e-02,4.548849889571e-02
787.40000000,3.778373636819e+13,-3.918015898456e-02,-4.450115429209e-02,-1.001709000432e-02,-1.137749557486e-02,2.296323700770e-03,2.152788708326e-03
787.60000000,2.336081424095e+13,-2.617001202251e-02,-2.972411988676e-02,-2.851318009761e-02,-3.238551118596e-02,-1.019906495084e-01,-9.561557830146e-02
787.80000000,4.847251270731e+13,4.673311212977e-02,5.307986203568e-02,-3.341192849951e-02,-3.794955106590e-02,-5.965012919820e-02,-5.592161268250e-02
788.00000000,4.724653557745e+13,1.255653031302e-02,1.426181279798e-02,-4.019744917366e-02,-4.565660285539e-02,-4.474085417663e-02,-4.194426318904e-02
788.20000000,2.944713952960e+13,-1.498796053196e-02,-1.702345170216e-02,-1.815073349119e-02,-2.061575666060e-02,-4.865071211582e-03,-4.560972987382e-03
788.40000000,4.642245926113e+13,5.433024936181e-04,6.170875443697e-04,-2.102348102839e-02,-2.387864761776e-02,-7.614955082668e-03,-7.138971439821e-03
788.60000000,1.198801854494e+13,-3.448932543904e-02,-3.917326607576e-02,-1.444730619925e-02,-1.640937261018e-02,8.246467657701e-03,7.731010419448e-03
788.80000000,3.991684071150e+13,-6.803190744203e-03,-7.727121298960e-03,-1.859739115331e-03,-2.112307421211e-03,-8.438372607159e-03,-7.910920075968e-03
789.00000000,5.478416573492e+13,-1.363364052741e-03,-1.548520364382e-03,1.873252046644e-02,2.127655522921e-02,-4.452369928980e-02,-4.174068187854e-02
789.20000000,1.666473392198e+13,-1.647280431715e-02,-1.870994976896e-02,5.859525716245e-02,6.655298882070e-02,3.063142519228e-02,2.871676421394e-02
789.40000000,6.552071622874e+13,3.463249257741e-02,3.933587651633e-02,6.308617019696e-02,7.165380583993e-02,1.019772933333e-01,9.560305697322e-02
789.60000000,3.149933694100e+13,1.455457293728e-02,1.653120642498e-02,1.741324165801e-02,1.977810719705e-02,3.021266582976e-02,2.832418000343e-02
789.80000000,2.241213130289e+13,2.100196325215e-02,2.385420660210e-02,1.022372124131e-02,1.161218908200e-02,3.714084521343e-02,3.481930364015e-02
790.00000000,1.753045025031e+13,1.244941331097e-02,1.414014840562e-02,2.273498213196e-02,2.582258505107e-02,1.145425904502e-03,1.073829422485e-03
790.20000000,4.613792547797e+13,-1.287481358429e-02,-1.462332161597e-02,8.692597590338e-03,9.873125885406e-03,-4.855279128387e-03,-4.551792972332e-03
790.40000000,4.189991795067e+13,-9.037471361476e-03,-1.026483602647e-02,3.905881720871e-03,4.436333503639e-03,1.770144165253e-02,1.659498776147e-02
790.60000000,4.457916360742e+13,-4.955185096015e-03,-5.628140932008e-03,-4.108928752249e-05,-4.666956039677e-05,2.907613563079e-02,2.725869024770e-02
790.80000000,5.078395460146e+13,2.448270803702e-03,2.780766582068e-03,3.445266343451e-02,3.913162661004e-02,5.689016493143e-02,5.333416392391e-02
791.00000000,3.606372754587e+13,3.488207408797e-02,3.961935329636e-02,2.556771407501e-02,2.904002595786e-02,5.594723725801e-02,5.245017529137e-02
791.20000000,6.729283825787e+13,-9.652546381133e-03,-1.096344340991e-02,9.646383664815e-03,1.095644417815e-02,4.314344410456e-02,4.044670151489e-02
791.40000000,5.326361401169e+13,1.515487556002e-02,1.721303519569e-02,9.878524572562e-03,1.122011178516e-02,1.733496220339e-02,1.625141563370e-02
791.60000000,3.452504823200e+13,-4.816162118985e-03,-5.470237464761e-03,2.391535925196e-03,2.716326737037e-03,-2.863505464178e-02,-2.684517965584e-02
791.80000000,4.193397083003e+13,-7.196906523241e-03,-8.174306994075e-03,-2.008550968621e-02,-2.281329183177e-02,-3.438211772466e-02,-3.223301435298e-02
792.00000000,5.352007965954e+13,-9.277179331843e-03,-1.053709835645e-02,-1.686440568276e-02,-1.915473465303e-02,1.849774327642e-02,1.734151541512e-02
792.20000000,4.354015499918e+13,2.063231557319e-02,2.343435765760e-02,2.846743363321e-02,3.233355196467e-02,5.770612286271e-02,5.409911923937e-02
792.40000000,4.486511333195e+13,2.626735202009e-02,2.983467947518e-02,1.935583257111e-02,2.198451839112e-02,9.700364225260e-02,9.094029105649e-02
792.60000000,4.223317686287e+13,2.286083777690e-02,2.596553193051e-02,8.066877211037e-03,9.162427384791e-03,5.875166781704e-02,5.507931091312e-02
792.80000000,2.489288812139e+13,-1.710212076587e-02,-1.942473268738e-02,-1.080928192823e-02,-1.227727386425e-02,-1.286955397014e-02,-1.206512411940e-02
793.00000000,5.438213478440e+13,-1.124723818732e-02,-1.277470778337e-02,1.637872703487e-02,1.860309673574e-02,-2.337544819436e-02,-2.191433242100e-02
793.20000000,2.078525465937e+13,-4.365695492581e-02,-4.958593679626e-02,-2.762280849564e-02,-3.137421958760e-02,-6.182483229295e-02,-5.796038285448e-02
793.40000000,3.985675760740e+13,-1.903980540638e-02,-2.162557120849e-02,2.430048443309e-03,2.760069580938e-03,-5.232872464753e-03,-4.905784297944e-03
793.60000000,6.529505738488e+13,-1.263832655068e-02,-1.435471765306e-02,6.410115429979e-03,7.280663337103e-03,2.706662591457e-02,2.537478780620e-02
793.80000000,5.904617991891e+13,-2.855086990748e-02,-3.242831830843e-02,-6.321196283742e-03,-7.179668218520e-03,4.555107511871e-02,4.270384011401e-02
794.00000000,3.630877023084e+13,-1.902889392859e-02,-2.161317786019e-02,-6.796477186545e-03,-7.719496288960e-03,-1.578489462058e-02,-1.479823723890e-02
794.20000000,4.373561801616e+13,-4.754826231019e-02,-5.400571647043e-02,-4.453488065422e-02,-5.058309422713e-02,3.397451932580e-03,3.185089347415e-03
794.40000000,5.970927361568e+13,-3.714729530276e-02,-4.219221061490e-02,-3.009465280805e-02,-3.418176127026e-02,-4.067012254925e-02,-3.812797845570e-02
794.60000000,6.829032321409e+13,-1.150284644237e-02,-1.306502979050e-02,-3.021711743609e-03,-3.432085763088e-03,5.624566402106e-03,5.272994846339e-03
794.80000000,3.111107620962e+12,7.798770711846e-03,8.857909404432e-03,-1.370589664708e-02,-1.556727336825e-02,5.642245690797e-04,5.289569065845e-04
795.00000000,5.671992605774e+13,1.999050037635e-02,2.270537855588e-02,1.545624179956e-02,1.755533020094e-02,5.297693857061e-02,4.966553936549e-02
795.20000000,3.529836462861e+13,2.178403989772e-02,2.474249583764e-02,-3.722771295514e-03,-4.228355133342e-03,4.254897726140e-02,3.988939267076e-02
795.40000000,3.683638896420e+13,2.364994165754e-04,2.686180275883e-04,-3.009559855516e-02,-3.418283545784e-02,2.427337353018e-02,2.275613165132e-02
795.60000000,4.457231210809e+13,-7.829038862513e-03,-8.892288224678e-03,-7.479526506710e-02,-8.495309485631e-02,-2.351648535761e-03,-2.204655385493e-03
795.80000000,3.452024811160e+13,-3.392558244996e-02,-3.853296204463e-02,-5.030298549011e-02,-5.713455649984e-02,-3.735691417252e-02,-3.502186690037e-02
796.00000000,5.414108773798e+13,-2.236887010185e-02,-2.540675090507e-02,-5.570514879674e-02,-6.327037928763e-02,-1.916006396953e-02,-1.796243680740e-02
796.20000000,3.043371243853e+13,-3.401473002484e-02,-3.863421661039e-02,-1.020911674828e-02,-1.159560117526e-02,2.557068610743e-03,2.397235385315e-03
796.40000000,6.566195299047e+13,1.410031136116e-03,1.601525230402e-03,1.944151346723e-02,2.208183547783e-02,3.542469045500e-02,3.321041958584e-02
796.60000000,4.050258089599e+13,2.560280333770e-02,2.907987948926e-02,3.249496620069e-02,3.690805752909e-02,4.163364684893e-02,3.903127629297e-02
796.80000000,4.223732894239e+13,4.109377152316e-02,4.667465151728e-02,5.000018666052e-02,5.679063502742e-02,6.094806566642e-02,5.713841977811e-02
797.00000000,4.510507075764e+13,7.593218747874e-03,8.624441753947e-03,2.277770652386e-02,2.587111177686e-02,3.508976157423e-02,3.289642591310e-02
797.20000000,2.253538036910e+13,-2.816531586062e-02,-3.199040277741e-02,5.225929667094e-03,5.935655129008e-03,-4.068840114526e-02,-3.814511452197e-02
797.40000000,6.908726859690e+13,-4.511364013300e-02,-5.124045211321e-02,7.929573500112e-03,9.006476668287e-03,-1.999833146870e-02,-1.874830719935e-02
797.60000000,3.768224329095e+13,-2.991066941865e-02,-3.397279003649e-02,-1.166689762936e-02,-1.325136103331e-02,-1.524029228071e-02,-1.428767604607e-02
797.80000000,3.050286339697e+13,2.858902897800e-04,3.247165970189e-04,6.414968659628e-03,7.286175676398e-03,9.521330633049e-03,8.926186263808e-03
798.00000000,6.159274580982e+13,-5.634188074787e-03,-6.399358229391e-03,8.505316974283e-03,9.660410977234e-03,5.481178383918e-02,5.138569501010e-02
798.20000000,4.066649908955e+13,-3.948545283667e-03,-4.484790961848e-03,-6.288967207510e-03,-7.143062161067e-03,-5.442060682830e-03,-5.101896907694e-03
798.40000000,4.731286516592e+13,-8.071991792064e-03,-9.168236206613e-03,-1.947239397177e-02,-2.211690981614e-02,2.132992606592e-02,1.999666857454e-02
798.60000000,4.141849319981e+13,-7.911115520160e-03,-8.985511583143e-03,1.348882477202e-02,1.532072129606e-02,2.088339275460e-02,1.957804646557e-02
798.80000000,5.734013495503e+13,-6.906187384249e-04,-7.844105749481e-04,3.079218859867e-02,3.497402832265e-02,-1.142907000012e-03,-1.071467965717e-03
799.00000000,4.289744376222e+13,2.190702450453e-02,2.488218278902e-02,5.912759028672e-03,6.715761728696e-03,5.490799301332e-03,5.147589049240e-03
799.20000000,2.814532132171e+13,3.651295354868e-03,4.147171991237e-03,-7.450743333069e-04,-8.462617313489e-04,7.694986920748e-03,7.214000773563e-03
799.40000000,4.230984919925e+13,3.137966281017e-03,3.564128509278e-03,-7.559408485915e-03,-8.586040113440e-03,1.866950183565e-04,1.750253796033e-04
799.60000000,3.753098011054e+13,-6.187669238075e-03,-7.028006792430e-03,-1.076832527509e-02,-1.223075495110e-02,2.535334366492e-02,2.376859671041e-02
799.80000000,4.787700637299e+13,-1.937596350780e-02,-2.200738240899e-02,-2.209486967181e-02,-2.509553990327e-02,-1.694587437346e-02,-1.588664829426e-02
800.00000000,6.744760933909e+13,-2.368983824294e-02,-2.690711763623e-02,-3.237352743312e-02,-3.677012634947e-02,-1.906376215044e-02,-1.787215447105e-02
800.20000000,4.504588705527e+13,3.929701893007e-03,4.463388480163e-03,-1.314699147000e-02,-1.493246413959e-02,8.129863699820e-03,7.621694958484e-03
800.40000000,3.829016431158e+13,4.362509794509e-02,4.954975336948e-02,-6.405532645771e-03,-7.275458172027e-03,2.752249803034e-02,2.580216498431e-02
800.60000000,5.385832873263e+13,1.948878184769e-02,2.213552242886e-02,-4.473717098025e-03,-5.081285729088e-03,2.522380681967e-02,2.364715675068e-02
800.80000000,4.539840872605e+13,6.223923478293e-04,7.069184663569e-04,1.782353038818e-03,2.024411660796e-03,1.003229038930e-02,9.405207750756e-03
801.00000000,5.436297346801e+13,-4.776043117250e-03,-5.424669964973e-03,2.089227392418e-02,2.372962147875e-02,-2.071400438699e-02,-1.941924595979e-02
801.20000000,6.005371789328e+13,-7.514481424405e-03,-8.535011239343e-03,1.819345158872e-02,2.066427623719e-02,-3.796744359262e-02,-3.559423430713e-02
801.40000000,4.490127889069e+13,-1.492533414336e-02,-1.695232012296e-02,6.036223491834e-03,6.855993710507e-03,-5.320314333483e-02,-4.987760487787e-02
801.60000000,3.645620192499e+13,-8.034757757489e-03,-9.125945476802e-03,-8.495269761904e-03,-9.648999268409e-03,-2.427164553193e-02,-2.275451166406e-02
801.80000000,7.392321385478e+13,5.824419686390e-02,6.615424894730e-02,1.520930147377e-02,1.727485328971e-02,4.480892280554e-02,4.200807709109e-02
802.00000000,3.620978763547e+13,4.240281383145e-02,4.816147278717e-02,5.039463828399e-02,5.723865651855e-02,1.264230103783e-01,1.185207595618e-01
802.20000000,7.136447339121e+13,4.856190151191e-02,5.515701640594e-02,2.027847036141e-02,2.303245819917e-02,2.667266185631e-02,2.500544903404e-02
802.40000000,3.597798293037e+13,-1.622334001598e-02,-1.842660611634e-02,-7.613892969973e-03,-8.647924051390e-03,-1.825247364429e-02,-1.711157671163e-02
802.60000000,4.175082003834e+13,-7.924308873439e-03,-9.000496704825e-03,-2.267311006408e-02,-2.575231023292e-02,-3.251021513835e-02,-3.047811771121e-02
802.80000000,6.493847728239e+13,1.782667073022e-02,2.024768263427e-02,-4.226047106552e-03,-4.799980057401e-03,-3.267764372594e-03,-3.063508093581e-03
803.00000000,2.138467801381e+13,2.936543742402e-02,3.335351094864e-02,3.064282920481e-02,3.480438465946e-02,-1.732414904104e-02,-1.624127836350e-02
803.20000000,6.387953877766e+13,5.013597247257e-02,5.694485944952e-02,5.447662828104e-02,6.187501529221e-02,2.606224503061e-02,2.443318718381e-02
803.40000000,4.568412090681e+13,5.075922003128e-02,5.765274927159e-02,3.070257180827e-02,3.487224081392e-02,9.139442539305e-03,8.568168630763e-03
803.60000000,5.433259619403e+13,6.648982718129e-03,7.551970525222e-03,-5.018872514181e-03,-5.700477862956e-03,-7.324152256025e-02,-6.866345659171e-02
803.80000000,8.182627353117e+13,6.421883275047e-03,7.294029066633e-03,9.397871921453e-03,1.067418243754e-02,-2.503753026574e-02,-2.347252367878e-02
804.00000000,4.642635834164e+13,5.172252672503e-03,5.874688112099e-03,-2.311447107114e-02,-2.625361179880e-02,-2.328059741840e-02,-2.182541042825e-02
804.20000000,4.146217753799e+13,-4.086559497634e-04,-4.641548667516e-04,-1.948948577934e-02,-2.213632283578e-02,-9.758071496286e-03,-9.148129301284e-03
804.40000000,5.546992394107e+13,2.008197377980e-02,2.280927481731e-02,8.565503830551e-03,9.728771717783e-03,3.287676604731e-02,3.082175683211e-02
804.60000000,3.198215202986e+13,1.949272439433e-02,2.214000040651e-02,1.981767439531e-02,2.250908224239e-02,1.115877866466e-02,1.046128326766e-02
804.80000000,5.422226175656e+13,2.638534316777e-02,2.996869481365e-02,1.955561982518e-02,2.221143844457e-02,8.229886870574e-03,7.715466038101e-03
805.00000000,5.348727907871e+13,2.570111288855e-02,2.919154030443e-02,1.010994772351e-02,1.148296415792e-02,-3.029720698977e-03,-2.840343679749e-03
805.20000000,5.278327676225e+13,-5.283898738832e-02,-6.001496653783e-02,1.062874690200e-02,1.207222065407e-02,-2.263396311765e-02,-2.121919492797e-02
805.40000000,4.497497916946e+13,2.075845661764e-03,2.357762971741e-03,1.281701009210e-02,1.455766849883e-02,-2.288473799586e-03,-2.145429476426e-03
805.60000000,8.777493617590e+13,1.428016040671e-02,1.621952636347e-02,1.440073705745e-02,1.635647898493e-02,2.409388378264e-02,2.258786116678e-02
805.80000000,2.995190552085e+13,1.047809863007e-02,1.190111260162e-02,1.160892003073e-02,1.318550958627e-02,3.560687502572e-02,3.338121644978e-02
806.00000000,6.783577436677e+13,3.524184231010e-03,4.002798107066e-03,1.248684837582e-02,1.418266802820e-02,3.859178119203e-02,3.617954679323e-02
806.20000000,5.530829537487e+13,-1.297089406283e-02,-1.473245063206e-02,1.054120178553e-02,1.197278617012e-02,2.982912614237e-02,2.796461401195e-02
806.40000000,4.335080253268e+13,3.472438906302e-03,3.944025331804e-03,-6.492651264247e-03,-7.374408235945e-03,2.477692011901e-02,2.322820334146e-02
806.60000000,6.570629050955e+13,5.618417464684e-03,6.381445837721e-03,1.176379327919e-02,1.336141593216e-02,3.320258764384e-02,3.112721248442e-02
806.80000000,4.012244208457e+13,1.994657512592e-02,2.265548788679e-02,9.915492007294e-03,1.126209971028e-02,5.521267207613e-02,5.176152515526e-02
807.00000000,6.313709576116e+13,3.459279199926e-02,3.929078426557e-02,2.268905312728e-02,2.577041849899e-02,4.820501397988e-02,4.519189073640e-02
807.20000000,5.950060687091e+13,3.004551600065e-02,3.412594991912e-02,1.942429990301e-02,2.206228416595e-02,6.031661848301e-02,5.654644210270e-02
807.40000000,7.598477817240e+13,8.862176996203e-03,1.006573521121e-02,3.401539482854e-02,3.863497322793e-02,3.200055836226e-02,3.000031775978e-02
807.60000000,5.060443905403e+13,5.711961974693e-03,6.487694479406e-03,4.541602001523e-03,5.158389976811e-03,7.168815266104e-03,6.720718229653e-03
807.80000000,5.852144719780e+13,-1.943536231517e-02,-2.207484807427e-02,3.647978918210e-03,4.143405318432e-03,-1.852150449183e-02,-1.736379140183e-02
808.00000000,5.591769179727e+13,-2.641604720599e-02,-3.000356871864e-02,-1.362396602794e-02,-1.547421587787e-02,-2.296790388005e-02,-2.153226224609e-02
808.20000000,6.270573706613e+13,-2.412041091825e-02,-2.739616570430e-02,-9.036305378577e-03,-1.026351209917e-02,-1.666702971265e-02,-1.562523321721e-02
808.40000000,7.889793555433e+13,-2.019090847223e-02,-2.293300375770e-02,-4.449498917419e-02,-5.053778514661e-02,-2.972903146816e-02,-2.787077589831e-02
808.60000000,6.004346381391e+13,-3.873884095562e-03,-4.399990156094e-03,5.569382657957e-03,6.325751941758e-03,-1.118311236636e-02,-1.048409595658e-02
808.80000000,4.123152334472e+13,1.458636979426e-03,1.656732156273e-03,-1.635925000428e-02,-1.858097455962e-02,1.561889387828e-02,1.464261261008e-02
809.00000000,5.909003396502e+13,1.075905837790e-02,1.222022904759e-02,6.422211892317e-03,7.294402601367e-03,1.522126239995e-02,1.426983565518e-02
809.20000000,8.603681741091e+13,-1.059125725389e-02,-1.202963911883e-02,-1.017705739153e-02,-1.155918788663e-02,-3.855743620146e-02,-3.614734858534e-02
809.40000000,4.071316362713e+13,-8.787751422690e-03,-9.981202018495e-03,-2.086170676437e-02,-2.369490304003e-02,-3.351975575251e-02,-3.142455554749e-02
809.60000000,5.064588305327e+13,-2.342889590374e-02,-2.661073713142e-02,-1.585257330491e-02,-1.800548687782e-02,-1.040944615929e-02,-9.758788860703e-03
809.80000000,5.516278223397e+13,-2.677575132859e-02,-3.041212368816e-02,6.325132997318e-03,7.184139571107e-03,-2.453606553408e-02,-2.300240371635e-02
810.00000000,5.094636967395e+13,-4.226691382361e-02,-4.800711641461e-02,-2.170322149669e-02,-2.465070259249e-02,-5.777608864702e-02,-5.416471171241e-02
810.20000000,2.289456125379e+13,3.221184004763e-03,3.658647900221e-03,1.224680982426e-02,1.391003021053e-02,1.473565158321e-02,1.381457863607e-02
810.40000000,5.359217026127e+13,-4.887362438793e-03,-5.551107387179e-03,3.366990604167e-02,3.824256414086e-02,3.384846462168e-02,3.173271799934e-02
810.60000000,1.852044260026e+13,-5.451916498221e-03,-6.192332638837e-03,-7.205881024196e-03,-8.184500631459e-03,-6.362420843406e-03,-5.964728642008e-03
810.80000000,5.516651136867e+13,-3.484730941117e-02,-3.957986728389e-02,-2.674806659041e-02,-3.038068033103e-02,-4.549250896192e-02,-4.264893471849e-02
811.00000000,3.359190320839e+13,-1.143988497249e-02,-1.299351762317e-02,1.448890061931e-02,1.645661590438e-02,-1.907844991493e-02,-1.788592415585e-02
811.20000000,3.418765891420e+13,-1.206896114948e-02,-1.370802763893e-02,2.707588508661e-02,3.075301935247e-02,-2.784047443170e-03,-2.610026581658e-03
811.40000000,4.292172262713e+13,-9.103154867300e-04,-1.033943990513e-03,3.415455188153e-02,3.879302898604e-02,2.128748479552e-02,1.995688015636e-02
811.60000000,5.899232853656e+13,-3.474676147892e-02,-3.946566409628e-02,1.328390190496e-02,1.508796816993e-02,7.106283787635e-03,6.662095370551e-03
811.80000000,5.626989087485e+13,-2.205445697401e-02,-2.504963782856e-02,4.888040758449e-02,5.551878047916e-02,4.466124316579e-02,4.186962837813e-02
812.00000000,5.227208762642e+13,-2.313555712629e-02,-2.627756047943e-02,3.653686212212e-02,4.149887711245e-02,3.099679872322e-02,2.905929955052e-02
812.20000000,5.173673207215e+13,-2.367835981091e-02,-2.689408033653e-02,6.516063845934e-03,7.401000444304e-03,1.389967636140e-02,1.303085723941e-02
812.40000000,5.299907342370e+13,-8.861806281216e-03,-1.006531415001e-02,6.519710432644e-03,7.405142268341e-03,1.865400128249e-02,1.748800629136e-02
812.60000000,2.822897082883e+13,-9.000989782771e-03,-1.022339994236e-02,2.082806862562e-02,2.365669655744e-02,4.606316630661e-02,4.318392231086e-02
812.80000000,5.741327039684e+13,5.310507845641e-03,6.031719501224e-03,2.274794788108e-02,2.583731165862e-02,4.363801477991e-02,4.091035834385e-02
813.00000000,3.414312830031e+13,-3.890411472474e-03,-4.418762089875e-03,2.405881996173e-02,2.732621125824e-02,2.303010717052e-02,2.159057743106e-02
813.20000000,3.226151166434e+13,-1.657954811224e-02,-1.883119026972e-02,-3.869458640158e-02,-4.394963860413e-02,-2.838793724534e-02,-2.661350868519e-02
813.40000000,1.415714164751e+13,3.760105190593e-02,4.270759118334e-02,-1.980588813450e-02,-2.249569530764e-02,8.646295284593e-04,8.105846249505e-04
813.60000000,7.525755529418e+13,-3.194475312135e-03,-3.628311942368e-03,8.347889594790e-04,9.481603627721e-04,-1.071725836720e-02,-1.004736082696e-02
813.80000000,8.253327997188e+13,-2.821775800181e-02,-3.204996700269e-02,-4.092806958380e-02,-4.648644769852e-02,-2.734040296181e-02,-2.563145202810e-02
814.00000000,4.142146169716e+13,-1.811265368194e-02,-2.057250447751e-02,-3.597376020482e-02,-4.085930119074e-02,-4.082675227279e-02,-3.827481781468e-02
814.20000000,5.081942751117e+13,-4.669533837798e-02,-5.303695829052e-02,-2.756655239810e-02,-3.131032343607e-02,-3.747614140016e-02,-3.513364165986e-02
814.40000000,4.894231544547e+13,-1.197434866959e-02,-1.360056598807e-02,-9.811003840375e-03,-1.114342116629e-02,-2.318417479386e-02,-2.173501483757e-02
814.60000000,5.040452289080e+13,8.096360403648e-02,9.195914280722e-02,6.053170025709e-02,6.875241727055e-02,-5.125366860959e-02,-4.804998485450e-02
814.80000000,7.313186506091e+13,1.284780352565e-02,1.459264336408e-02,-7.297481286472e-02,-8.288540984321e-02,7.584226269052e-02,7.110163374586e-02
815.00000000,6.316155357796e+13,2.701743523331e-03,3.068663030102e-03,-9.154386363536e-02,-1.039762948089e-01,-5.953814096134e-03,-5.581662443031e-03
815.20000000,5.138514018797e+13,-2.252632294911e-02,-2.558558717403e-02,-5.483539445288e-02,-6.228250494546e-02,-2.374695542228e-02,-2.226261805906e-02
815.40000000,6.344023035543e+13,-1.143542781026e-02,-1.298845514080e-02,-1.157576566436e-02,-1.314785257645e-02,1.938600356812e-02,1.817425372870e-02
815.60000000,4.139419195416e+13,2.644342757025e-02,3.003466756679e-02,1.720049053221e-02,1.953646266841e-02,3.708032780484e-02,3.476256895861e-02
815.80000000,8.600871783449e+13,4.758146993512e-02,5.404343397028e-02,4.153503407862e-02,4.717584310685e-02,2.967209943621e-02,2.781740248432e-02
816.00000000,3.674020807272e+13,2.016549343296e-02,2.290413714222e-02,1.187610261155e-02,1.348897782202e-02,-1.903290495952e-02,-1.784322605291e-02
816.20000000,4.885738092106e+13,2.242831913775e-02,2.547427362034e-02,2.375147627619e-03,2.697712769998e-03,-2.691218647705e-02,-2.523000182629e-02
816.40000000,3.849594801375e+13,9.373714486358e-03,1.064674379733e-02,-1.129719986074e-02,-1.283145517994e-02,1.599554627471e-02,1.499572181054e-02
816.60000000,5.922140574187e+13,5.908825836257e-03,6.711294110062e-03,1.084150832877e-02,1.231387688262e-02,2.686076611150e-02,2.518179556412e-02
816.80000000,6.089612334807e+13,3.547691432318e-02,4.029497784134e-02,3.309589978876e-02,3.759060298252e-02,5.711258117229e-02,5.354267771999e-02
817.00000000,6.228055284259e+13,6.907398846956e-02,7.845481739022e-02,6.519154949349e-02,7.404511345714e-02,6.190048811237e-02,5.803130969885e-02
817.20000000,4.754959838764e+13,2.988662317403e-02,3.394547810950e-02,2.885626615576e-02,3.277519123343e-02,1.596818986589e-02,1.497007535313e-02
817.40000000,6.539494690439e+13,6.025573285921e-02,6.843896845869e-02,3.172776631302e-02,3.603666540590e-02,2.272088507185e-02,2.130068370129e-02
817.60000000,3.353486079598e+13,1.255207901745e-02,1.425675697902e-02,-8.218852620169e-03,-9.335042340245e-03,1.844434642195e-04,1.729145620732e-04
817.80000000,4.542507823773e+13,-5.493499781201e-03,-6.239563281586e-03,-2.297417977819e-02,-2.609426776135e-02,-3.106842706143e-03,-2.912645065714e-03
818.00000000,4.975462857917e+13,-8.830776596679e-03,-1.003007037319e-02,4.667299895848e-03,5.301158708631e-03,-5.417268842545e-02,-5.078654716793e-02
818.20000000,4.941947417122e+13,2.701990703535e-03,3.068943779457e-03,-5.116359470334e-03,-5.811204372526e-03,-3.649429839586e-02,-3.421317015478e-02
818.40000000,7.805772561304e+13,-4.836439733355e-02,-5.493268949808e-02,-1.905556414805e-02,-2.164347097583e-02,-5.541746539539e-02,-5.195351757562e-02
818.60000000,6.631910189455e+13,-1.149503560606e-02,-1.305615817690e-02,-1.772740643838e-02,-2.013493821253e-02,-4.191872769968e-02,-3.929853775800e-02
818.80000000,5.106168676964e+13,1.223128264705e-02,1.389239376188e-02,-1.494309037789e-02,-1.697248847478e-02,-2.989633967587e-02,-2.802762626755e-02
819.00000000,4.013015677350e+13,2.763890433129e-02,3.139250013242e-02,-3.949067544975e-03,-4.485384328022e-03,2.567892723870e-03,2.407382921793e-03
819.20000000,8.359279008747e+13,1.683697593159e-02,1.912357895329e-02,5.190081669517e-04,5.894938670078e-04,1.243119654611e-02,1.165416685221e-02
819.40000000,6.475732959538e+13,1.655818506996e+00,1.880692594651e+00,1.633319309941e+00,1.855137890662e+00,1.917623979225e+00,1.797760153722e+00
819.60000000,4.653163627335e+13,1.292756416647e+02,1.468323617113e+02,1.293003651052e+02,1.468604486111e+02,1.514376666868e+02,1.419718390527e+02
819.80000000,4.498798510311e+13,7.257920465242e+03,8.243607142858e+03,7.257690018158e+03,8.243345725123e+03,8.502204756655e+03,7.970762305797e+03
820.00000000,8.022574892714e+13,2.942132091433e+05,3.341698388721e+05,2.942022016477e+05,3.341573496810e+05,3.446499501449e+05,3.231071127944e+05
820.20000000,5.794788554538e+13,8.616492867419e+06,9.786685110206e+06,8.616169541832e+06,9.786318261305e+06,1.009365447802e+07,9.462736189481e+06
820.40000000,5.108313615576e+13,1.824457150762e+08,2.072233785405e+08,1.824388726802e+08,2.072156150844e+08,2.137307674346e+08,2.003712205735e+08
820.60000000,5.738959216811e+13,2.800666479759e+09,3.181020556490e+09,2.800561868949e+09,3.180901864448e+09,3.281664734395e+09,3.076539593416e+09
820.80000000,4.341814021554e+13,3.151876101422e+10,3.579927400351e+10,3.151760746294e+10,3.579796520597e+10,3.697394353476e+10,3.466283438927e+10
821.00000000,6.599482371183e+13,2.692922740091e+11,3.058644310266e+11,2.692831609915e+11,3.058540924803e+11,3.172152611811e+11,2.973872682456e+11
821.20000000,6.656934791012e+13,1.866178305649e+12,2.119621024227e+12,1.866127654536e+12,2.119563578090e+12,2.220407351443e+12,2.081617618835e+12
821.40000000,6.603470289699e+13,1.090973719975e+13,1.239137132148e+13,1.090954619102e+13,1.239115486220e+13,1.316658119619e+13,1.234358523448e+13
821.60000000,1.036784996493e+14,5.022632811923e+13,5.704748615338e+13,5.022586643046e+13,5.704696401944e+13,6.135563105954e+13,5.752050971426e+13
821.80000000,2.362556748245e+14,1.608616867305e+14,1.827080575069e+14,1.608610200414e+14,1.827073075014e+14,1.979429886680e+14,1.855702794663e+14
822.00000000,4.242739498260e+14,3.280206428912e+14,3.725686066268e+14,3.280200787321e+14,3.725679805841e+14,4.050424649440e+14,3.797247072056e+14
822.20000000,5.274754259386e+14,4.087254576282e+14,4.642338143698e+14,4.087250210452e+14,4.642333368543e+14,5.051688551670e+14,4.735925544108e+14
822.40000000,4.397103856049e+14,3.079909444143e+14,3.498187065384e+14,3.079903551034e+14,3.498180510284e+14,3.802041518855e+14,3.564389483781e+14
822.60000000,2.587622802849e+14,1.422637918900e+14,1.615844120380e+14,1.422631360336e+14,1.615836735009e+14,1.749407233449e+14,1.640058035882e+14
822.80000000,1.008523947151e+14,4.218166199562e+13,4.791028667095e+13,4.218123782781e+13,4.790980679228e+13,5.146393308835e+13,4.824710645173e+13
823.00000000,7.165632088312e+13,8.829111593631e+12,1.002817924871e+13,8.828946277963e+12,1.002799187837e+13,1.063654788761e+13,9.971695271159e+12
823.20000000,9.658076544859e+13,1.475881801889e+12,1.676318970748e+12,1.475840167053e+12,1.676271747843e+12,1.753235570763e+12,1.643647077505e+12
823.40000000,5.858837784264e+13,2.081726021407e+11,2.364441933709e+11,2.081654472517e+11,2.364360761382e+11,2.450237572043e+11,2.297081973261e+11
823.60000000,7.373223843245e+13,2.360560423491e+10,2.681144394105e+10,2.360473644558e+10,2.681045935890e+10,2.768438358363e+10,2.595393164989e+10
823.80000000,3.146250212079e+13,2.019428723071e+09,2.293684138002e+09,2.019353220877e+09,2.293598472680e+09,2.366125962632e+09,2.218227880122e+09
824.00000000,5.763693166969e+13,1.263637374752e+08,1.435249964281e+08,1.263589975886e+08,1.435196185007e+08,1.480307387086e+08,1.387778659735e+08
824.20000000,2.395461955852e+13,5.729041276930e+06,6.507093294615e+06,5.728826271659e+06,6.506849347147e+06,6.711186914056e+06,6.291694591317e+06
824.40000000,6.460231877243e+13,1.877650587633e+05,2.132651338648e+05,1.877579789011e+05,2.132571009316e+05,2.199534307765e+05,2.062049274562e+05
824.60000000,8.782807617538e+13,4.445733699059e+03,5.049501748099e+03,4.445569462051e+03,5.049315406010e+03,5.207842481652e+03,4.882318849683e+03
824.80000000,7.446896645150e+13,7.600760056805e+01,8.633007236094e+01,7.603392947163e+01,8.635998036650e+01,8.902128082555e+01,8.345687853056e+01
825.00000000,4.831018859100e+13,9.214902818386e-01,1.046636416838e+00,9.680438015395e-01,1.099512339765e+00,1.080182745800e+00,1.012664380596e+00
825.20000000,4.585957731511e+13,3.389655185889e-03,3.849998885500e-03,4.494907811125e-02,5.105354320307e-02,4.689017724234e-03,4.395923974695e-03
825.40000000,2.709226942411e+13,4.681467399609e-03,5.317250068982e-03,1.231127192051e-02,1.398324680481e-02,9.750145816828e-03,9.140699027740e-03
825.60000000,5.933061429579e+13,1.439310193493e-02,1.634780630167e-02,4.678050427858e-03,5.313369253842e-03,2.172222714201e-02,2.036444831159e-02
825.80000000,2.476338352766e+13,3.031953206188e-02,3.443717966743e-02,3.776531894832e-02,4.289416876880e-02,7.482905580830e-02,7.015175880684e-02
826.00000000,8.304297852628e+13,5.368876263585e+00,6.098014841520e+00,5.349498662481e+00,6.076005839404e+00,5.415147210679e+00,5.076665700557e+00
826.20000000,6.714749190433e+13,2.358098424649e+03,2.678348035100e+03,2.358132629915e+03,2.678386991653e+03,2.358092055976e+03,2.210696144275e+03
826.40000000,4.030531847392e+13,5.459423605151e+05,6.200859274063e+05,5.459423500814e+05,6.200859400784e+05,5.459423194409e+05,5.118174150691e+05
826.60000000,5.222205329295e+13,6.604478623000e+07,7.501422399453e+07,6.604478626502e+07,7.501422700092e+07,6.604478624531e+07,6.191656255826e+07
826.80000000,7.146385259932e+13,4.183811009481e+09,4.752007753088e+09,4.183811009488e+09,4.752007941025e+09,4.183811009483e+09,3.922295927167e+09
827.00000000,6.134399734687e+13,1.391107899025e+11,1.580032058468e+11,1.391107899025e+11,1.580032120954e+11,1.391107899026e+11,1.304154713067e+11
827.20000000,5.662134738065e+13,2.433742298652e+12,2.764264983768e+12,2.433742298652e+12,2.764265093087e+12,2.433742298652e+12,2.281617760492e+12
827.40000000,7.357399927435e+13,2.245879715330e+13,2.550889080688e+13,2.245879715330e+13,2.550889181569e+13,2.245879715330e+13,2.105497796238e+13
827.60000000,1.188406904367e+14,1.095699316061e+14,1.244504503950e+14,1.095699316061e+14,1.244504553166e+14,1.095699316061e+14,1.027211065472e+14
827.80000000,3.129444121247e+14,2.831431047624e+14,3.215963211567e+14,2.831431047624e+14,3.215963338750e+14,2.831431047624e+14,2.654448406244e+14
828.00000000,4.152018326525e+14,3.880339204696e+14,4.407321923371e+14,3.880339204696e+14,4.407322097668e+14,3.880339204696e+14,3.637793060946e+14
828.20000000,3.324467725792e+14,2.821439329087e+14,3.204614533569e+14,2.821439329087e+14,3.204614660303e+14,2.821439329087e+14,2.645081234344e+14
828.40000000,1.542136949226e+14,1.087974603485e+14,1.235730710400e+14,1.087974603485e+14,1.235730759270e+14,1.087974603485e+14,1.019969197088e+14
828.60000000,8.158368946614e+13,2.222146208056e+13,2.523932363400e+13,2.222146208056e+13,2.523932463214e+13,2.222146208056e+13,2.083247785732e+13
828.80000000,7.373830313356e+13,2.399464602455e+12,2.725332087966e+12,2.399464602455e+12,2.725332195746e+12,2.399464602455e+12,2.249482640649e+12
829.00000000,5.953265401067e+13,1.366621784247e+11,1.552220523241e+11,1.366621784247e+11,1.552220584628e+11,1.366621784247e+11,1.281199137863e+11
829.20000000,5.628142075947e+13,4.095446990412e+09,4.651643156610e+09,4.095446990467e+09,4.651643340632e+09,4.095446990458e+09,3.839455227350e+09
829.40000000,3.023483558163e+13,6.441747236790e+07,7.316590721543e+07,6.441747236422e+07,7.316591010476e+07,6.441747230928e+07,6.039096620387e+07
829.60000000,6.237000594990e+13,5.305696563308e+05,6.026254806261e+05,5.305696458467e+05,6.026254925504e+05,5.305696255586e+05,4.974056133727e+05
829.80000000,4.229159152035e+13,2.283429329262e+03,2.593538248188e+03,2.283377458743e+03,2.593479435781e+03,2.283379130577e+03,2.140653256981e+03
830.00000000,6.407687979383e+13,5.130892746786e+00,5.827711160408e+00,5.091133493592e+00,5.782552494723e+00,5.094734963872e+00,4.776281278838e+00
830.20000000,7.282515881164e+13,5.915104481824e-03,6.718425448535e-03,-2.393600096638e-02,-2.718671240423e-02,-1.709556601693e-02,-1.602698324777e-02
830.40000000,4.950260730028e+13,1.559123388267e-02,1.770865465069e-02,-8.000662508922e-04,-9.087220165925e-04,3.730652397579e-03,3.497462641485e-03
830.60000000,4.367906595616e+13,5.067537093044e-03,5.755751275724e-03,-5.569859655523e-03,-6.326293719628e-03,-1.157056052884e-03,-1.084732611832e-03
830.80000000,6.524232926226e+13,-4.044698213605e-02,-4.594002268840e-02,-3.609235103735e-02,-4.099399766165e-02,-3.719213546181e-02,-3.486738791830e-02
831.00000000,4.106689829269e+13,-1.164015832207e-02,-1.322098977901e-02,-2.726659387937e-02,-3.096962801275e-02,-2.624402428060e-02,-2.460360406217e-02
831.20000000,2.282271241123e+13,-2.677741586539e-02,-3.041401428306e-02,-5.553646517448e-02,-6.307878700235e-02,-3.738566333305e-02,-3.504881905356e-02
831.40000000,7.836203772181e+13,1.339705778566e-02,1.521649097480e-02,-6.329662830840e-02,-7.189284594344e-02,-6.045138842160e-02,-5.667278805381e-02
831.60000000,6.757041078041e+13,2.487199639868e-02,2.824982281787e-02,-3.010663263565e-02,-3.419536805980e-02,-3.409721283236e-02,-3.196591784786e-02
831.80000000,5.481124874933e+13,6.570203199735e-02,7.462492085267e-02,1.372062423380e-02,1.558400108585e-02,3.152177151187e-02,2.955145816526e-02
832.00000000,6.341850111153e+13,3.827287806191e-02,4.347065698500e-02,1.804142770669e-02,2.049160622581e-02,2.872130051255e-02,2.692603460528e-02
832.20000000,5.816075589250e+13,1.181838233059e-02,1.342341810772e-02,1.814866732652e-02,2.061340989329e-02,2.011635908364e-02,1.885895732966e-02
832.40000000,7.101244618581e+13,1.425669934450e-02,1.619287909157e-02,-4.210553839089e-02,-4.782382673139e-02,7.087817029012e-03,6.644782903048e-03
832.60000000,7.184947177259e+13,-3.561359911917e-02,-4.045022558289e-02,-1.069141418014e-02,-1.214339867876e-02,-5.687080628614e-04,-5.331601531835e-04
832.80000000,2.081825052897e+13,2.844403431659e-02,3.230697354522e-02,-1.326707161716e-02,-1.506885218666e-02,-1.700632688510e-02,-1.594332213532e-02
833.00000000,8.521729352841e+13,4.851924725722e-02,5.510856934450e-02,2.106297296773e-02,2.392350289658e-02,-1.140650129478e-02,-1.069352164100e-02
833.20000000,4.875654033837e+13,4.938023464672e-02,5.608648606707e-02,3.164380000524e-02,3.594129576315e-02,2.230322823907e-02,2.090913310532e-02
833.40000000,6.542849655004e+13,2.709949744521e-02,3.077983725188e-02,3.206925475097e-02,3.642453086284e-02,4.507029301697e-02,4.225310998418e-02
833.60000000,4.701520046511e+13,8.918157171108e-03,1.012931796497e-02,1.041078497768e-02,1.182465765639e-02,3.790944760258e-02,3.553986343927e-02
833.80000000,7.336924183861e+13,-1.898070429951e-02,-2.155844367394e-02,2.630252097810e-03,2.987462585510e-03,2.613506878029e-02,2.450145898102e-02
834.00000000,3.120836725016e+13,-2.296691676637e-02,-2.608601733946e-02,2.796009524481e-02,3.175731273086e-02,2.142422689901e-02,2.008507499938e-02
834.20000000,5.181234050156e+13,-1.737700352426e-02,-1.973694683760e-02,9.812725427821e-03,1.114537655988e-02,-4.988279064535e-02,-4.676479557525e-02
834.40000000,6.722529494450e+13,-4.348364665543e-03,-4.938909180431e-03,2.517663607488e-02,2.859583625666e-02,-1.114210277477e-02,-1.044564972809e-02
834.60000000,5.660752172175e+13,-8.274773190932e-03,-9.398557025938e-03,2.271661085276e-02,2.580171879673e-02,-1.521447583283e-02,-1.426347329213e-02
834.80000000,6.207206674826e+13,2.935605758897e-03,3.334285725306e-03,2.652759697248e-02,3.013026907373e-02,2.013873733575e-02,1.887993679716e-02
835.00000000,3.222377058897e+13,3.613674658321e-03,4.104442087505e-03,3.047034492809e-02,3.460847555870e-02,3.188319064403e-02,2.989028627840e-02
835.20000000,4.799839666008e+13,-8.204331824899e-03,-9.318549129603e-03,4.222648728328e-02,4.796120150663e-02,1.183484128609e-02,1.109508762940e-02
835.40000000,5.964133240344e+13,-2.290277601746e-03,-2.601316573707e-03,2.582474542006e-02,2.933196433414e-02,-1.620770197788e-02,-1.519461641850e-02
835.60000000,5.666045370917e+13,1.139391154352e-02,1.294130061566e-02,4.154214199290e-03,4.718391633603e-03,-3.326565233968e-02,-3.118633523138e-02
835.80000000,9.623195682809e+13,-1.569916894811e-02,-1.783124820634e-02,1.290993127765e-02,1.466320916751e-02,2.275000490032e-02,2.132798335329e-02
836.00000000,3.576434930683e+13,-2.203710026406e-02,-2.502992393133e-02,1.129736115510e-02,1.283163837944e-02,1.099494688543e-02,1.030769202777e-02
836.20000000,4.784557030626e+13,-3.397276634415e-02,-3.858655390873e-02,-1.219758904653e-02,-1.385412483475e-02,-1.445853337757e-02,-1.355478209965e-02
836.40000000,6.974831615618e+13,-1.080126400135e-02,-1.226816654988e-02,3.221936178984e-02,3.659502370754e-02,4.146671774225e-03,3.887478132850e-03
836.60000000,6.776816502253e+13,1.050378293191e-02,1.193028504779e-02,2.485717817544e-02,2.823299327175e-02,-2.672808651540e-02,-2.505740929566e-02
836.80000000,5.224815570535e+13,5.591073534878e-03,6.350388372137e-03,3.428668703503e-02,3.894310921129e-02,-3.581363854433e-02,-3.357505591936e-02
837.00000000,4.752112396754e+13,9.770112620487e-03,1.109697613393e-02,3.613190420442e-02,4.103892248344e-02,2.369331140856e-03,2.221232714104e-03
837.20000000,4.701188836162e+13,3.046360287642e-02,3.460081651100e-02,5.646178384219e-02,6.412977177364e-02,1.532353049982e-02,1.436571134142e-02
837.40000000,5.294826909150e+13,5.183928669567e-02,5.887949807822e-02,3.211480811234e-02,3.647627075607e-02,5.444653752405e-02,5.104327893752e-02
837.60000000,2.422282419935e+13,3.247085017372e-02,3.688066488310e-02,3.607028881382e-02,4.096893920151e-02,3.087860058500e-02,2.894848955573e-02
837.80000000,3.254483078936e+13,3.748828916450e-02,4.257951431267e-02,9.063882969184e-03,1.029483495990e-02,4.941336570673e-03,4.632471271285e-03
838.00000000,5.405805837474e+13,2.776887433750e-02,3.154012115923e-02,2.101842898867e-02,2.387290946831e-02,-2.369899094242e-02,-2.221765166751e-02
838.20000000,4.350575320088e+13,5.129009648913e-03,5.825572321997e-03,-1.104638004111e-02,-1.254657190678e-02,-4.451105080912e-02,-4.172882400922e-02
838.40000000,7.350183911889e+13,1.281215900003e-02,1.455215801191e-02,-6.645285739080e-03,-7.547771763800e-03,-2.626238914264e-02,-2.462082100228e-02
838.60000000,5.496982202101e+13,6.146885465581e-02,6.981684240419e-02,1.552461323019e-02,1.763298705030e-02,2.424127608333e-02,2.272604050123e-02
838.80000000,5.882446058413e+13,3.395231008826e-02,3.856331952113e-02,-6.341013626172e-03,-7.202176923714e-03,5.506930465704e-02,5.162711912146e-02
839.00000000,7.555785506092e+13,7.068554807353e-02,8.028524035036e-02,-1.180180018017e-01,-1.340458449184e-01,1.519442987461e-02,1.424468033516e-02
839.20000000,4.870754243551e+13,8.438679565761e-03,9.584723265810e-03,-4.939543847825e-02,-5.610375692562e-02,1.715553673766e-02,1.608320541295e-02
839.40000000,6.584512159621e+13,-1.509383213096e-02,-1.714370155525e-02,-3.123425071684e-02,-3.547612621645e-02,-2.325188401033e-02,-2.179849179276e-02
839.60000000,6.498627646092e+13,-2.227544224769e-02,-2.530063476209e-02,-3.142223710686e-02,-3.568964274866e-02,-1.928274246735e-02,-1.807744711051e-02
839.80000000,5.764041811501e+13,1.007657625174e-02,1.144506010533e-02,4.187170588236e-03,4.755823778990e-03,1.629578489437e-02,1.527719358650e-02
840.00000000,6.873495068822e+13,2.988064673080e-03,3.393869001498e-03,-3.482859722682e-03,-3.955861539187e-03,-7.515880319122e-03,-7.046089485865e-03
840.20000000,4.247537148168e+13,1.957120811757e-02,2.222914287984e-02,1.235480733189e-02,1.403269469338e-02,-1.194420069222e-01,-1.119761136967e-01
840.40000000,3.483550248344e+13,-8.364709684506e-03,-9.500707652192e-03,5.934315830106e-02,6.740246126142e-02,-1.389256258743e-01,-1.302418812204e-01
840.60000000,6.335519133994e+13,2.314420208436e-02,2.628737949556e-02,3.856550944924e-02,4.380303190963e-02,8.204239848646e-02,7.691422119906e-02
840.80000000,5.514888861500e+13,2.994893654087e-02,3.401625415595e-02,2.982578686056e-02,3.387638105242e-02,7.710768070273e-02,7.228795499799e-02
841.00000000,6.043818417509e+13,9.728958174824e-03,1.105023256822e-02,2.797750402077e-03,3.177708576589e-03,1.697430658728e-02,1.591330331195e-02
841.20000000,7.605062069420e+13,1.977894824965e-02,2.246509587007e-02,1.843772226899e-02,2.094172094245e-02,1.354612089886e-02,1.269940126600e-02
841.40000000,5.500080149957e+13,3.066163888474e-02,3.482574747581e-02,7.605287230178e-03,8.638149579325e-03,1.651142645969e-02,1.547935616780e-02
841.60000000,6.634164603663e+13,3.986236980867e-02,4.527601508720e-02,1.809079895108e-02,2.054768250288e-02,1.686658849562e-02,1.581231829345e-02
841.80000000,4.698219258905e+13,8.214932817402e-02,9.330589826101e-02,6.132816675736e-02,6.965705065992e-02,6.720470363897e-02,6.300397765868e-02
842.00000000,8.803843088458e+13,1.053512011377e-01,1.196587808266e-01,1.059961686821e-01,1.203913451524e-01,8.245675336966e-02,7.730267623852e-02
842.20000000,6.322164767501e+13,6.687460304296e-02,7.595673691395e-02,6.364596978745e-02,7.228963095090e-02,9.048457351426e-02,8.482870601994e-02
842.40000000,7.015514636479e+13,5.118838380477e-02,5.814019709711e-02,4.312501624030e-02,4.898175829788e-02,7.444002221738e-02,6.978704231612e-02
842.60000000,7.177226938160e+13,3.450243119843e-02,3.918815170757e-02,-2.540281977369e-03,-2.885273761535e-03,2.767399795851e-02,2.594419519311e-02
842.80000000,6.882975131685e+13,1.667767387061e-02,1.894264233184e-02,-8.249550868623e-03,-9.369909670557e-03,-4.243266550350e-04,-3.978035114537e-04
843.00000000,8.341088879430e+13,1.055661976162e-02,1.199029756361e-02,-7.345944075529e-03,-8.343585430143e-03,2.020689178581e-03,1.894383115598e-03
843.20000000,6.547667407604e+13,2.173177955867e-02,2.468313810475e-02,3.344727247844e-04,3.798969505623e-04,-7.458016683001e-03,-6.991842698959e-03
843.40000000,3.577489325728e+13,-2.936634699997e-03,-3.335454405265e-03,2.186265924355e-02,2.483179333427e-02,-1.945693912223e-02,-1.824075535469e-02
843.60000000,9.141616465917e+13,-1.535996980664e-02,-1.744598296695e-02,2.641244160773e-02,2.999947463620e-02,-1.931951165798e-02,-1.811191799037e-02
843.80000000,8.399130035260e+13,-1.617759545135e-02,-1.837464905488e-02,-2.631467104083e-02,-2.988842599914e-02,7.400098369065e-03,6.937544651953e-03
844.00000000,3.652948370232e+13,-2.748182499353e-03,-3.121408809870e-03,-2.502642437613e-02,-2.842522453837e-02,2.445343729244e-02,2.292494027096e-02
844.20000000,6.525399006582e+13,-1.968260371670e-02,-2.235566693877e-02,-2.265347674261e-02,-2.573001054029e-02,-1.057336035435e-03,-9.912457364904e-04
844.40000000,6.078377982699e+13,-1.886890064142e-02,-2.143145613821e-02,-1.102887359247e-02,-1.252668793431e-02,-5.118086479801e-02,-4.798173174914e-02
844.60000000,1.019413969732e+14,1.027375278720e-03,1.166901487364e-03,1.456397966971e-02,1.654189132502e-02,-3.846537276755e-02,-3.606103970785e-02
844.80000000,2.431116935316e+13,6.254359602375e-03,7.103754269429e-03,8.306916770201e-03,9.435066346905e-03,-6.128785900115e-02,-5.745697384517e-02
845.00000000,8.918315201049e+13,-3.580344193231e-02,-4.066585064766e-02,-2.185537800292e-02,-2.482352323956e-02,-8.416282341762e-02,-7.890210594158e-02
845.20000000,4.593396831022e+13,-1.612514005212e-02,-1.831506977099e-02,-2.159294091367e-02,-2.452544497329e-02,-6.642527967298e-02,-6.227327270083e-02
845.40000000,7.979992362217e+13,-9.053456402280e-02,-1.028299197033e-01,-5.492543822657e-02,-6.238477742542e-02,-6.641873726382e-02,-6.226713923429e-02
845.60000000,5.429777260726e+13,-4.428461000697e-02,-5.029883271943e-02,-1.748782666254e-02,-1.986282147620e-02,-5.745942129111e-02,-5.386783810183e-02
845.80000000,4.358684808667e+13,8.810760195332e-03,1.000733557609e-02,7.292977827498e-03,8.283425917518e-03,-1.409756125013e-02,-1.321637305056e-02
846.00000000,3.773601568275e+13,2.157681543708e-02,2.450712855137e-02,2.497019490666e-02,2.836135863123e-02,-3.536393085736e-02,-3.315345785363e-02
846.20000000,7.720871918635e+13,1.499682544852e-02,1.703352054898e-02,-1.131768523786e-03,-1.285472264459e-03,-2.876488370315e-02,-2.696689356631e-02
846.40000000,7.827744625564e+13,-1.475494561812e-02,-1.675879140210e-02,-3.006800780586e-02,-3.415149765136e-02,-2.611137851619e-02,-2.447924951071e-02
846.60000000,4.968808417313e+13,-4.295446193984e-02,-4.878803935103e-02,-8.100807213358e-02,-9.200965368486e-02,-1.225758919665e-02,-1.149141107807e-02
846.80000000,3.022840396794e+13,-1.100740624472e-01,-1.250230464467e-01,-8.503318207939e-02,-9.658140761508e-02,-6.443231759999e-02,-6.040488356849e-02
847.00000000,6.675725747551e+13,-3.341514992361e-02,-3.795320848570e-02,-9.850219333828e-03,-1.118796245553e-02,-1.940365653969e-02,-1.819080327607e-02
847.20000000,7.339725894356e+13,1.024241299896e-02,1.163341887841e-02,5.121150039870e-02,5.816645541937e-02,3.205316473268e-02,3.004963589389e-02
847.40000000,4.293628234827e+13,2.239933877722e-02,2.544135748297e-02,5.723553143054e-02,6.500860083065e-02,1.714464776869e-02,1.607299707454e-02
847.60000000,4.912814564244e+13,2.184864500330e-02,2.481587486024e-02,2.363179338031e-02,2.684119085427e-02,-7.962074360090e-03,-7.464393531065e-03
847.80000000,3.593596474338e+13,4.384720133663e-02,4.980202027069e-02,5.119758409152e-03,5.815064915994e-03,-1.332095708210e-03,-1.248831163517e-03
848.00000000,2.217492834697e+13,4.303274634662e-02,4.887695543905e-02,1.870565464986e-03,2.124604080744e-03,4.739028014347e-03,4.442808300201e-03
848.20000000,4.973943235065e+13,2.054008794397e-02,2.332960474019e-02,-1.467254124880e-02,-1.666519648502e-02,7.165844213985e-03,6.717932887390e-03
848.40000000,7.551206744370e+13,1.336471141348e-02,1.517975169306e-02,2.113503398244e-02,2.400535040675e-02,2.878598112126e-02,2.698667226018e-02
848.60000000,6.567494858553e+13,2.014229588216e-02,2.287778916880e-02,5.033478002056e-02,5.717066899653e-02,1.171157500885e-02,1.097952628687e-02
848.80000000,5.181505760578e+13,2.775840803259e-02,3.152823344203e-02,3.436124301448e-02,3.902779052352e-02,6.037766984348e-03,5.660367736070e-03
849.00000000,6.542476105591e+13,1.829808213594e-02,2.078311567602e-02,1.538805366838e-02,1.747788154466e-02,2.015181419736e-02,1.889219627086e-02
849.20000000,8.684483489905e+13,8.722891717073e-03,9.907533819033e-03,6.966594045813e-04,7.912716456968e-04,-5.551385636630e-03,-5.204388349123e-03
849.40000000,1.746558318700e+13,3.882065090905e-02,4.409282199451e-02,-4.760446290985e-03,-5.406955172277e-03,-2.331137377170e-03,-2.185426306164e-03
849.60000000,4.657003620805e+13,5.088830717612e-02,5.779936753702e-02,-1.941097117828e-02,-2.204714528763e-02,1.110950606666e-02,1.041509052377e-02
849.80000000,6.832390349956e+13,4.301128120164e-02,4.885257514674e-02,1.433104153205e-02,1.627731821753e-02,2.391926928758e-02,2.242416120012e-02
850.00000000,5.245861342805e+13,4.908934873605e-02,5.575609540181e-02,6.320084860506e-02,7.178405854606e-02,9.844605975307e-02,9.229254819108e-02
850.20000000,4.536457983528e+13,1.101309180950e-02,1.250876235700e-02,5.486189864550e-03,6.231260863168e-03,1.136943362215e-02,1.065877093618e-02
850.40000000,6.739722125344e+13,-3.692642198528e-02,-4.194134084216e-02,-3.398717741420e-02,-3.860292365000e-02,-4.400067816921e-02,-4.125035294006e-02
850.60000000,6.898031993924e+13,-9.197914819817e-03,-1.044706905665e-02,-2.947505868754e-02,-3.347802102622e-02,-3.466948499557e-02,-3.250241932221e-02
850.80000000,5.070399204261e+13,-1.680764800892e-02,-1.909026805192e-02,-4.033053281885e-02,-4.580776038552e-02,-3.814092926137e-02,-3.575687600639e-02
851.00000000,5.748577725740e+13,1.320092522182e-02,1.499372195826e-02,-1.928617730038e-02,-2.190540334532e-02,-1.470439268601e-02,-1.378527362089e-02
851.20000000,4.873338700953e+13,1.108083848068e-02,1.258570959624e-02,4.008146861375e-03,4.552487115421e-03,1.641323284259e-02,1.538730028298e-02
851.40000000,3.520125834894e+13,1.638176402678e-02,1.860654544101e-02,1.863239902760e-02,2.116283645191e-02,1.148723338072e-02,1.076920745260e-02
851.60000000,3.977279883176e+13,-3.313690349385e-02,-3.763717384922e-02,1.984801914317e-02,2.254354806373e-02,-2.544503272801e-02,-2.385455461767e-02
851.80000000,5.723156632008e+13,9.295414099832e-03,1.055780955939e-02,1.232207721770e-02,1.399551955278e-02,-5.362156098327e-02,-5.026986873363e-02
852.00000000,5.517935982151e+13,-2.652074627689e-03,-3.012248680446e-03,2.062098585457e-03,2.342149019410e-03,-1.230072479795e-02,-1.153185042700e-02
852.20000000,7.097361394663e+13,1.123049713360e-02,1.275569315368e-02,7.374135164871e-03,8.375605107925e-03,-5.451755475626e-03,-5.110985713620e-03
852.40000000,4.501111013167e+13,3.624994403011e-03,4.117299148784e-03,1.803898138008e-02,2.048882766735e-02,1.213299374963e-02,1.137460364740e-02
852.60000000,5.390886800143e+13,1.399902101933e-02,1.590020588138e-02,2.599579884305e-02,2.952624825914e-02,3.747459449079e-05,3.513219144259e-05
852.80000000,6.901705333973e+13,-3.693001302290e-03,-4.194541957291e-03,-3.150272669460e-03,-3.578106350339e-03,-4.992021952680e-03,-4.679988491101e-03
853.00000000,7.078924059389e+13,-1.524108519721e-02,-1.731095282710e-02,-2.121264492615e-02,-2.409350157323e-02,-1.463535619212e-02,-1.372055235164e-02
853.20000000,5.939889178750e+13,-2.035925505381e-02,-2.312421322176e-02,-5.155044844921e-02,-5.855143548275e-02,-5.193262986106e-02,-4.868650666328e-02
853.40000000,5.402171454279e+13,1.176072618336e-02,1.335793177049e-02,-5.653325128972e-03,-6.421094510517e-03,-5.987456510566e-02,-5.613201990304e-02
853.60000000,4.418749346814e+13,3.040415075820e-02,3.453329029480e-02,2.188024513235e-02,2.485176753556e-02,-3.182159883901e-03,-2.983254435711e-03
853.80000000,7.653603746033e+13,2.108525610790e-02,2.394881132861e-02,1.168163132888e-02,1.326809569387e-02,-5.683193826581e-03,-5.327957679917e-03
854.00000000,5.110070868403e+13,7.192960747996e-03,8.169825349347e-03,3.778353867940e-03,4.291486289352e-03,-2.026475794637e-02,-1.899808030954e-02
854.20000000,4.152102604645e+13,2.099802230405e-02,2.384973044008e-02,2.754332600263e-03,3.128394269959e-03,-1.460553104806e-02,-1.369259147081e-02
854.40000000,4.232442428956e+13,1.343547115899e-02,1.526012120749e-02,-6.919631973877e-03,-7.859376538343e-03,4.225099863339e-03,3.961003962246e-03
854.60000000,8.265467765940e+13,-1.614262960717e-03,-1.833493455480e-03,-2.740988780765e-02,-3.113238246879e-02,6.268547083704e-03,5.876722595724e-03
854.80000000,3.372148416120e+13,2.172840040004e-02,2.467930002794e-02,2.094910721047e-02,2.379417320614e-02,1.133092955898e-02,1.062267362447e-02
855.00000000,8.079215722503e+13,2.223417527908e-02,2.525376339186e-02,9.618606071985e-03,1.092489415320e-02,-1.886616006904e-02,-1.768690378995e-02
855.20000000,3.870616369212e+13,3.410784161199e-02,3.873997353465e-02,5.229996804161e-03,5.940274617699e-03,-2.209885520454e-02,-2.071753469919e-02
855.40000000,6.009815059961e+13,3.052143439523e-02,3.466650203674e-02,-8.280569625228e-03,-9.405141036738e-03,-2.199901240174e-02,-2.062393271337e-02
855.60000000,6.756626059956e+13,1.481427112498e-02,1.682617381204e-02,4.125000105479e-03,4.685210018691e-03,-2.224908457898e-03,-2.085837377203e-03
855.80000000,5.141371279894e+13,1.036051184400e-02,1.176755654046e-02,-3.811269887772e-03,-4.328872583156e-03,2.596275672508e-02,2.433991753690e-02
856.00000000,4.797658194743e+13,1.792142783231e-02,2.035530854825e-02,-1.158875156880e-02,-1.316260207658e-02,3.838024025149e-02,3.598122852130e-02
856.20000000,6.317377372396e+13,2.448957331428e-02,2.781546346036e-02,-3.672454928350e-03,-4.171205377823e-03,2.038139923518e-02,1.910743076801e-02
856.40000000,4.597789442398e+13,5.123411659055e-03,5.819214078007e-03,-1.009465718781e-02,-1.146559703811e-02,-2.473397147025e-02,-2.318793925934e-02
856.60000000,5.253363292302e+13,1.812463500004e-02,2.058611295943e-02,-2.348946762347e-02,-2.667953605553e-02,-5.533639236772e-03,-5.187751213333e-03
856.80000000,7.795602610195e+13,-7.353062091211e-03,-8.351669802290e-03,-2.216070401663e-02,-2.517031510909e-02,-5.923892965317e-02,-5.553611575229e-02
857.00000000,6.334264254022e+13,-1.371175004524e-02,-1.557392109150e-02,-8.519139178317e-03,-9.676110353515e-03,-4.100297660563e-02,-3.844002699392e-02
857.20000000,6.640171605663e+13,-3.483702866323e-02,-3.956819032386e-02,-8.291720191629e-03,-9.417805944393e-03,-3.218210651791e-02,-3.017051798868e-02
857.40000000,7.040695573455e+13,-5.227828750536e-02,-5.937811889224e-02,-3.346233893759e-02,-3.800680766796e-02,-4.708527770094e-03,-4.414214517274e-03
857.60000000,9.101042740211e+13,-4.533015971006e-02,-5.148637687093e-02,-3.856394325965e-02,-4.380125301824e-02,-2.207726780443e-02,-2.069729665036e-02
857.80000000,5.912322823597e+13,-3.326473904690e-02,-3.778237054617e-02,-8.737002309364e-03,-9.923561140953e-03,2.561403538931e-02,2.401299352626e-02
858.00000000,5.038347925345e+13,-3.540279426396e-02,-4.021079165433e-02,1.690711541540e-02,1.920324472870e-02,3.781158003620e-03,3.544811322490e-03
858.20000000,5.138198028900e+13,-3.595711398311e-02,-4.084039265616e-02,2.179775164264e-02,2.475807073202e-02,2.440845177677e-02,2.288276663919e-02
858.40000000,5.368702936562e+13,-3.910784257420e-02,-4.441901670462e-02,2.767521261105e-02,3.143374062524e-02,-5.864956050612e-02,-5.498358596550e-02
858.60000000,7.142275372761e+13,-3.317163853783e-02,-3.767662620447e-02,1.649437124287e-02,1.873444640558e-02,-4.867678980135e-02,-4.563417753638e-02
858.80000000,7.796693010556e+13,-2.508491650879e-02,-2.849165927074e-02,1.114295858498e-02,1.265626663400e-02,7.309739441249e-04,6.852833737970e-04
859.00000000,3.785377302671e+13,-4.265355180399e-02,-4.844626308645e-02,-2.600344584701e-03,-2.953493379093e-03,1.380020031923e-02,1.293759908933e-02
859.20000000,6.746811383306e+13,-2.142959306083e-02,-2.433991213747e-02,2.813956530811e-02,3.196115634714e-02,2.229259631650e-02,2.089916574625e-02
859.40000000,8.019313823729e+13,-4.859040771016e-02,-5.518939398581e-02,-9.000659464106e-03,-1.022302516794e-02,-4.647260984639e-02,-4.356777299743e-02
859.60000000,6.238329417729e+13,-8.373033209063e-02,-9.510161581430e-02,6.128076585265e-03,6.960321231133e-03,-5.511748916673e-02,-5.167229178955e-02
859.80000000,3.857614433660e+13,-6.064324496389e-03,-6.887910796825e-03,4.736832743522e-02,5.380134705291e-02,-7.149555828304e-02,-6.702662630517e-02
860.00000000,4.926444187765e+13,4.081173671079e-02,4.635431400394e-02,4.592010061551e-02,5.215643877860e-02,-6.313875328895e-03,-5.919217534212e-03
860.20000000,4.146720379726e+13,5.020233169241e-03,5.702023080986e-03,2.390452060956e-02,2.715095674863e-02,1.816625555167e-03,1.703074780402e-03
860.40000000,4.085430012164e+13,-2.205262565824e-02,-2.504755780470e-02,5.579856581016e-03,6.337648312182e-03,2.737276204735e-02,2.566178846278e-02
860.60000000,3.930884075704e+13,-5.253892307965e-02,-5.967415097087e-02,-2.066512372898e-02,-2.347162236527e-02,1.052993304480e-02,9.871744541365e-03
860.80000000,6.439257574306e+13,-8.038528299992e-03,-9.130228090708e-03,2.599535644215e-02,2.952574577645e-02,2.523151493001e-02,2.365438305456e-02
861.00000000,5.684076101786e+13,-3.034845677088e-02,-3.447003259533e-02,2.550407042214e-03,2.896773895848e-03,-9.018111940551e-04,-8.454421974361e-04
861.20000000,6.638714099406e+13,-6.405939925921e-03,-7.275920476524e-03,1.118588911796e-02,1.270502749656e-02,-2.798012657105e-02,-2.623118879952e-02
861.40000000,5.215081595798e+13,2.097859406019e-02,2.382766367720e-02,3.592539776090e-02,4.080437071778e-02,-1.862504950066e-02,-1.746086418199e-02
861.60000000,4.594190244631e+13,1.185703555902e-02,1.346732076984e-02,1.717477038637e-02,1.950724950917e-02,1.892398891387e-02,1.774111796025e-02
861.80000000,7.207366822070e+13,-1.161422573472e-02,-1.319153532806e-02,2.776728205234e-03,3.153831387560e-03,-9.887593404192e-03,-9.269555257358e-03
862.00000000,5.222346882925e+13,-2.147460384810e-02,-2.439103576844e-02,2.049253376240e-02,2.327559322107e-02,1.390797812085e-02,1.303864008554e-02
862.20000000,3.853789581041e+13,-1.553100213629e-02,-1.764024292628e-02,-1.239691683710e-02,-1.408052302566e-02,-1.845993357677e-03,-1.730606906473e-03
862.40000000,6.731190671644e+13,-2.206266113300e-02,-2.505895618138e-02,1.163844433800e-03,1.321904354426e-03,-2.496643550601e-02,-2.340587279854e-02
862.60000000,7.200430199390e+13,4.068100863215e-03,4.620583195211e-03,-1.841734347168e-03,-2.091857453205e-03,1.482557151021e-02,1.389887798962e-02
862.80000000,5.004952542113e+13,3.827200868890e-02,4.346966954381e-02,3.075804101462e-02,3.493524320778e-02,4.526089520309e-02,4.243179830844e-02
863.00000000,6.375247583253e+13,6.579391346559e-02,7.472928059752e-02,6.221754087845e-02,7.066720931106e-02,3.309718142687e-02,3.102839483358e-02
863.20000000,4.715622695625e+13,2.195743508032e-02,2.493943954523e-02,4.180307920901e-02,4.748029103370e-02,3.484717684389e-02,3.266900428778e-02
863.40000000,7.258045532894e+13,8.567676885835e-03,9.731239507516e-03,3.124425882093e-02,3.548749350575e-02,-6.623434350621e-04,-6.209427127182e-04
863.60000000,5.137159032214e+13,1.412345246503e-02,1.604153616454e-02,4.696391931820e-02,5.334201689216e-02,8.046198285199e-03,7.543259170092e-03
863.80000000,8.003155800857e+13,2.654352213307e-02,3.014835581358e-02,6.257213379033e-03,7.106995894036e-03,6.748324706744e-03,6.326511033235e-03
864.00000000,7.659090242529e+13,1.263673612149e-02,1.435291123021e-02,7.020909725775e-03,7.974408665793e-03,5.054486114807e-03,4.738548241566e-03
864.20000000,5.041099011835e+13,7.412194445013e-02,8.418832827362e-02,2.807686114439e-02,3.188993642748e-02,2.695677780211e-02,2.527180590689e-02
864.40000000,6.718762081726e+13,1.077973333515e-01,1.224371183803e-01,2.245757777913e-01,2.550750684020e-01,1.706753332984e-01,1.600070278382e-01
864.60000000,6.271855325349e+13,2.155488888934e-01,2.448222419391e-01,3.053586666453e-01,3.468289570128e-01,-3.592222220553e-02,-3.367685240375e-02
864.80000000,7.255578334690e+13,2.424488888437e-01,2.753754882575e-01,1.795946666380e-01,2.039851417987e-01,6.285644443306e-02,5.892751260446e-02
865.00000000,7.864960345597e+13,-2.469027777582e-02,-2.804342527679e-02,1.010022221942e-02,1.147191784809e-02,-4.487444452663e-03,-4.206950328343e-03
865.20000000,7.371459621821e+13,-1.318347916495e-02,-1.497390658004e-02,-6.452000001043e-03,-7.328236187274e-03,-5.301441666484e-02,-4.970067483792e-02
865.40000000,5.678783435027e+13,-3.084993052005e-03,-3.503961069973e-03,-1.261985415279e-02,-1.433373711495e-02,-4.234600693312e-02,-3.969910929272e-02
865.60000000,1.041194087709e+14,1.794211111414e-02,2.037880079381e-02,6.953249998516e-02,7.897560175148e-02,2.467427779790e-02,2.313197682523e-02
865.80000000,7.857427574549e+13,3.587555558897e-02,4.074775794575e-02,-1.794177772612e-02,-2.037842293480e-02,1.435271110928e-01,1.345557440337e-01
866.00000000,5.434339181824e+13,2.331857777625e-01,2.648543687385e-01,2.869973333029e-01,3.259739992594e-01,3.586666667273e-02,3.362476944887e-02
866.20000000,7.054190594025e+13,1.434755555263e-01,1.629607433735e-01,1.076044444247e-01,1.222180383473e-01,7.174311109229e-02,6.725870547254e-02
866.40000000,6.033108227917e+13,-2.913677777473e-02,-3.309379739471e-02,-8.964333334730e-03,-1.018176564286e-02,-3.922322222428e-02,-3.677151870196e-02
866.60000000,4.111855605807e+13,-1.120401041494e-02,-1.272560931572e-02,-1.722670138940e-02,-1.956623318176e-02,-5.147028471931e-02,-4.825306106492e-02
866.80000000,5.417903082524e+13,-1.061707247252e-03,-1.205896026139e-03,-2.024927484959e-02,-2.299929768984e-02,-3.442282172124e-02,-3.227117408812e-02
867.00000000,7.199417308080e+13,4.908272345424e-03,5.574857035098e-03,-2.915154613373e-02,-3.311057273058e-02,-2.358599379280e-02,-2.211171756611e-02
867.20000000,5.738900627403e+13,1.360049300854e-02,1.544755441294e-02,-1.997488543890e-03,-2.268764387575e-03,7.962790976209e-03,7.465065354070e-03
867.40000000,6.946138827892e+13,2.662445007076e-02,3.024027444625e-02,1.480041864614e-02,1.681044071480e-02,2.603249991829e-02,2.440530133222e-02
867.60000000,8.142012277702e+13,1.769001022768e-02,2.009246248543e-02,1.799039851650e-02,2.043364683987e-02,3.891001231541e-02,3.647788642576e-02
867.80000000,5.067351018669e+13,5.640569807272e-02,6.406606654853e-02,3.570036713378e-02,4.054877902766e-02,5.647508832495e-02,5.294503227351e-02
868.00000000,8.168259781646e+13,4.265524083510e-02,4.844818150220e-02,-7.870617502023e-03,-8.939513946868e-03,3.019526352510e-02,2.830786545468e-02
868.20000000,4.304064978438e+13,1.470062276069e-02,1.669709104348e-02,-1.421891556379e-02,-1.614996459416e-02,1.229419379156e-02,1.152572765050e-02
868.40000000,6.539000850397e+13,-8.601367356342e-03,-9.769505427437e-03,-1.131740295633e-02,-1.285440202683e-02,1.203841238506e-02,1.128593422611e-02
868.60000000,8.042696957642e+13,-3.458324699808e-02,-3.927994297290e-02,-1.582804697420e-02,-1.797762966389e-02,-6.341596519967e-03,-5.945205972646e-03
868.80000000,6.125602022539e+13,-8.396097829121e-03,-9.536358570990e-03,-1.569287201195e-02,-1.782409679815e-02,2.624426005319e-02,2.460382509746e-02
869.00000000,8.654506779612e+13,9.351144227440e-03,1.062110830732e-02,1.007270158162e-02,1.144065967485e-02,3.538483156415e-02,3.317305213189e-02
869.20000000,6.141530447619e+13,3.213070394933e-02,3.649432393896e-02,-4.498140258995e-03,-5.109025761946e-03,2.466412962674e-02,2.312246298000e-02
869.40000000,8.266593039337e+13,3.248211967796e-02,3.689346488085e-02,-1.263544317123e-03,-1.435144325397e-03,9.331069379576e-04,8.747817561711e-04
869.60000000,3.951742698589e+13,1.628819049003e-02,1.850026383051e-02,-2.579352686416e-02,-2.929650603423e-02,8.809997695404e-03,8.259316207332e-03
869.80000000,8.082515836681e+13,-2.005834316840e-02,-2.278243497002e-02,-2.378181881617e-02,-2.701159101359e-02,-3.136261006125e-02,-2.940224532842e-02
870.00000000,5.271847009463e+13,-1.973452262615e-02,-2.241463687305e-02,-2.423927490210e-02,-2.753117350623e-02,-2.229898271909e-02,-2.090515295763e-02
870.20000000,8.089620406858e+13,-3.894279943740e-02,-4.423155932094e-02,-3.175385247882e-02,-3.606629429371e-02,-3.961495934371e-02,-3.713876973327e-02
870.40000000,5.782647941147e+13,-1.010817291772e-02,-1.148094786445e-02,-5.489588814242e-03,-6.235121418983e-03,-2.098759703967e-02,-1.967573731298e-02
870.60000000,5.983984208922e+13,1.294900642744e-02,1.470759047159e-02,-5.329732807675e-03,-6.053555614289e-03,-1.786110191907e-02,-1.674466823504e-02
870.80000000,4.465750131454e+13,3.797980597823e-02,4.313778324602e-02,2.505308996418e-02,2.845551153889e-02,-2.646623439644e-02,-2.481192461737e-02
871.00000000,3.428840797346e+13,2.849319020220e-02,3.236280521377e-02,1.427197496564e-02,1.621022991168e-02,-2.819496957262e-02,-2.643260273245e-02
871.20000000,4.514525987896e+13,3.851923129994e-02,4.375046706592e-02,1.650770430171e-02,1.874959020661e-02,-7.846584528811e-03,-7.356122556628e-03
871.40000000,7.016321173992e+13,2.371549164220e-02,2.693625498299e-02,-3.854741246294e-03,-4.378247719947e-03,-1.618484717789e-02,-1.517319019042e-02
871.60000000,7.494993444300e+13,4.535547511456e-03,5.151513032041e-03,6.984006197377e-03,7.932493326022e-03,-1.806983717211e-02,-1.694035619298e-02
871.80000000,7.790167140130e+13,1.178255215097e-02,1.338272188818e-02,-7.926391407714e-03,-9.002862420818e-03,-4.393735032342e-03,-4.119098349170e-03
872.00000000,6.309391974016e+13,3.180655276988e-02,3.612615030147e-02,2.709955247012e-02,3.077990096689e-02,-9.181631552321e-03,-8.607720559267e-03
872.20000000,3.685590849004e+13,8.560129640461e-02,9.722667282706e-02,5.294604637420e-02,6.013656741317e-02,5.544938169997e-03,5.198343890600e-03
872.40000000,4.055139328207e+13,5.225820319473e-02,5.935530696321e-02,3.734522725738e-02,4.241702507212e-02,-8.438532781145e-03,-7.911070238050e-03
872.60000000,3.292779320666e+13,6.999229809456e-02,7.949784119026e-02,1.970872460093e-02,2.238533614417e-02,-8.697469357609e-03,-8.153821613998e-03
872.80000000,7.093865099705e+13,3.171216058904e-02,3.601893886813e-02,2.776868045040e-02,3.153990218794e-02,1.454208144921e-02,1.363310787975e-02
873.00000000,4.043791258063e+13,2.819365865276e-02,3.202259475923e-02,1.188247189953e-02,1.349621211319e-02,7.273572472930e-03,6.818927437656e-03
873.20000000,7.584607784673e+13,7.648567834877e-03,8.687307712751e-03,2.002089978519e-02,2.273990735957e-02,-3.413879293253e-02,-3.200489892449e-02
873.40000000,7.999400297308e+13,2.121969053400e-02,2.410150308109e-02,1.854674546645e-02,2.106555041250e-02,-2.368126015306e-02,-2.220102916647e-02
873.60000000,4.864056597668e+13,6.996528405976e-03,7.946715842221e-03,1.011857551013e-02,1.149276367096e-02,-5.504864121555e-02,-5.160774727789e-02
873.80000000,4.071456593510e+13,-1.125440818773e-02,-1.278285153018e-02,-1.467894177618e-02,-1.667246625817e-02,-3.992301040205e-02,-3.742756562026e-02
874.00000000,5.653811536228e+13,-1.180431256358e-02,-1.340743754795e-02,1.318928387076e-02,1.498050020619e-02,-5.941715812285e-02,-5.570320379693e-02
874.20000000,5.996932478253e+13,1.271788712509e-02,1.444508322302e-02,1.769954164269e-02,2.010328914185e-02,-7.690970692394e-03,-7.210235585298e-03
874.40000000,6.747881099389e+13,1.199926554981e-02,1.362886679031e-02,5.045849622055e-02,5.731118690315e-02,-3.070504158430e-02,-2.878577910824e-02
874.60000000,5.467318695306e+13,-9.534931187950e-03,-1.082985508371e-02,2.163482545853e-02,2.457301779370e-02,-3.262768450463e-02,-3.058824448698e-02
874.80000000,8.788839287594e+13,-2.989058349316e-02,-3.394997627329e-02,-4.707143744047e-03,-5.346413688508e-03,-4.447240102737e-02,-4.169259008727e-02
875.00000000,3.985695595135e+13,-1.940933544065e-02,-2.204528653117e-02,-9.741031295519e-03,-1.106394575785e-02,-2.855570217008e-03,-2.677078722371e-03
875.20000000,6.068922113812e+13,-2.212143358630e-03,-2.512571042843e-03,3.639032930040e-03,4.133244389383e-03,1.307305584216e-02,1.225590581627e-02
875.40000000,5.520480468523e+13,2.338649382285e-02,2.656257649112e-02,2.519159630013e-02,2.861282820706e-02,8.974947516247e-02,8.413955604047e-02
875.60000000,8.202655001355e+13,8.778128936044e-02,9.970272717185e-02,8.191998865842e-02,9.304541618889e-02,9.019097705340e-02,8.455346122517e-02
875.80000000,6.110263714550e+13,3.604466571413e-02,4.093983464905e-02,2.343477816229e-02,2.661741930284e-02,3.744074360025e-02,3.510045644999e-02
876.00000000,4.964639446696e+13,1.403580187671e-02,1.594198188871e-02,1.538540653751e-02,1.747487491102e-02,3.123730884075e-04,2.928477623969e-04
876.20000000,7.242063138964e+13,-3.746948450090e-02,-4.255815581750e-02,-1.002334747408e-02,-1.138460286195e-02,-1.777734063342e-02,-1.666614256817e-02
876.40000000,4.991581720878e+13,-6.124510589176e-02,-6.956270667504e-02,-1.234556227782e-02,-1.402219408276e-02,-3.288444184202e-02,-3.082895284031e-02
876.60000000,2.991420181395e+13,-4.386809822371e-02,-4.982575513088e-02,-1.337786497712e-02,-1.519469222225e-02,-1.756936219128e-03,-1.647116411558e-03
876.80000000,4.040076375456e+13,-1.882737239436e-02,-2.138428800573e-02,-9.448322560109e-03,-1.073148469976e-02,1.918415926434e-02,1.798502599140e-02
877.00000000,8.830724218919e+13,-2.832693824344e-02,-3.217397483993e-02,-3.734746636773e-02,-4.241956827260e-02,2.117088377427e-02,1.984756744847e-02
877.20000000,6.214590593568e+13,1.052368929450e-02,1.195289486194e-02,-7.248016545508e-02,-8.232358513046e-02,4.710337470582e-02,4.415911099848e-02
877.40000000,5.629916627849e+13,-3.071984791613e-02,-3.489186178351e-02,-3.005297480825e-02,-3.413442304549e-02,3.040723315246e-02,2.850658561775e-02
877.60000000,9.233438349776e+13,-3.523660546587e-02,-4.002203301891e-02,-9.119070788797e-03,-1.035751775232e-02,1.371539689562e-02,1.285809642482e-02
877.80000000,5.582607964236e+13,-2.172089518863e-02,-2.467077554566e-02,-1.721053644531e-02,-1.954787290151e-02,-1.926502751981e-02,-1.806083946106e-02
878.00000000,5.698997535970e+13,-3.361016637108e-02,-3.817470980788e-02,-1.042803322757e-02,-1.184424836454e-02,-3.229426036695e-02,-3.027566150121e-02
878.20000000,8.227972753157e+13,-1.094179464836e-02,-1.242778244138e-02,-1.949382141082e-02,-2.214124728270e-02,-2.425064230674e-02,-2.273482127546e-02
878.40000000,7.398082544565e+13,-1.633193352660e-02,-1.854994753956e-02,-3.805224911495e-02,-4.322006647959e-02,-1.651399577932e-02,-1.548176488844e-02
878.60000000,7.886062675168e+13,-1.882180397722e-02,-2.137796335068e-02,6.221210742704e-03,7.066103795099e-03,2.356149514530e-02,2.208875024157e-02
878.80000000,4.996589073072e+13,-1.996717786194e-02,-2.267888864775e-02,-7.024436522897e-03,-7.978414431802e-03,7.350309817593e-02,6.890868204997e-02
879.00000000,4.160173354077e+13,2.689734933348e-03,3.055023572541e-03,-1.474045954565e-03,-1.674233866118e-03,4.385119848725e-02,4.111021669910e-02
879.20000000,8.054229581711e+13,3.081701043028e-02,3.500221978474e-02,-3.431709125454e-03,-3.897764258104e-03,-3.012126836547e-05,-2.823849546786e-05
879.40000000,7.266284033585e+13,1.439222082660e-02,1.634680553141e-02,-6.091628074617e-04,-6.918922704367e-04,1.712433303752e-02,1.605395214466e-02
879.60000000,6.113929441491e+13,6.935150459732e-03,7.877002254356e-03,-1.705261747865e-02,-1.936850720313e-02,-2.303630728700e-02,-2.159639000040e-02
879.80000000,5.236096031164e+13,-3.737470827719e-03,-4.245050818503e-03,-1.258200440658e-02,-1.429074705298e-02,-2.494521579023e-02,-2.338597945140e-02
880.00000000,6.289666583965e+13,-3.673020174394e-02,-4.171847224078e-02,-1.637133527279e-02,-1.859470110983e-02,-4.711483944510e-02,-4.416985911787e-02
880.20000000,6.219799736350e+13,-4.170143362508e-03,-4.736483924637e-03,2.082212467247e-02,2.364994536517e-02,7.630326032875e-03,7.153381606833e-03
880.40000000,5.312527043218e+13,2.908956249512e-02,3.304016988279e-02,2.309485349656e-02,2.623132999163e-02,6.984817796853e-02,6.548221784995e-02
880.60000000,7.590206745350e+13,4.709563101740e-02,5.349161403899e-02,1.717446409791e-02,1.950690162414e-02,1.182506252767e-02,1.108592010625e-02
880.80000000,7.093101088239e+13,4.676871143462e-02,5.312029602571e-02,1.941770416795e-02,2.205479267427e-02,1.207780932739e-02,1.132286860629e-02
881.00000000,6.642948554149e+13,3.751082964304e-02,4.260511597788e-02,2.217761608636e-02,2.518952398098e-02,2.772858271624e-02,2.599536805260e-02
881.20000000,5.805196889456e+13,2.508928455247e-02,2.849662053152e-02,9.568408220315e-03,1.086787900859e-02,-4.970098505473e-03,-4.659435400272e-03
881.40000000,5.556917556421e+13,-4.478501453737e-03,-5.086719639617e-03,9.892697664201e-04,1.123620970255e-03,1.233513992290e-03,1.156411438542e-03
881.60000000,6.835955724802e+13,4.049997178392e-04,4.600020877642e-04,9.224082112793e-04,1.047679050255e-03,6.269323661793e-03,5.877450632690e-03
881.80000000,5.088626935844e+13,2.289491821132e-02,2.600424077473e-02,1.441501989077e-02,1.637270154785e-02,4.716120460397e-02,4.421332615626e-02
882.00000000,7.155994731811e+13,9.715194291113e-03,1.103459943327e-02,-2.372942043608e-03,-2.695207649018e-03,1.130174983573e-02,1.059531782149e-02
882.20000000,6.386254666779e+13,4.861731645994e-02,5.521995717025e-02,7.094052829503e-03,8.057485221823e-03,-2.310608938822e-03,-2.166181027172e-03
882.40000000,6.947460819782e+13,5.549602340163e-02,6.303285040181e-02,2.076571245044e-02,2.358587188612e-02,7.178948436864e-03,6.730218012102e-03
882.60000000,7.065056784319e+13,2.025991631432e-02,2.301138344547e-02,1.685200980338e-02,1.914065530835e-02,-1.441200342217e-03,-1.351116056556e-03
882.80000000,5.970382029287e+13,1.294563022478e-02,1.470375575220e-02,1.692597089706e-02,1.922466094428e-02,8.131145729927e-03,7.622896853469e-03
883.00000000,7.592278076576e+13,1.085398901233e-03,1.232805206107e-03,1.068707208411e-02,1.213846688936e-02,-9.292393796385e-03,-8.711559451080e-03
883.20000000,6.655945488621e+13,1.863181770721e-02,2.116217534639e-02,1.956134504464e-02,2.221794119726e-02,5.758861924909e-03,5.398896035693e-03
883.40000000,6.199639605903e+13,2.133759178804e-02,2.423541631761e-02,-1.419088443779e-02,-1.611812660409e-02,1.244061495495e-02,1.166299654995e-02
883.60000000,5.253072908336e+13,1.109393526702e-02,1.260058503639e-02,-4.603594077464e-02,-5.228801101138e-02,-5.111638621967e-02,-4.792128349643e-02
883.80000000,6.177946796841e+13,2.012129421002e-02,2.285393529285e-02,8.412181027713e-03,9.554626381158e-03,-9.777678962844e-03,-9.166511175142e-03
884.00000000,5.213002974056e+13,-2.610218352702e-03,-2.964707971077e-03,-7.286726207746e-03,-8.276325274912e-03,2.302066059765e-02,2.158172132972e-02
884.20000000,7.361686563090e+13,-5.625144070552e-03,-6.389085973273e-03,-9.267524728006e-03,-1.052613299245e-02,2.465054909248e-02,2.310973131642e-02
884.40000000,7.413407257165e+13,-8.199632133206e-03,-9.313211180229e-03,-2.442833419755e-02,-2.774590865350e-02,2.312702675579e-04,2.168143891926e-04
884.60000000,5.651042631561e+13,-2.333794870459e-02,-2.650743853727e-02,-2.937717593110e-02,-3.336684496333e-02,-8.719718995342e-03,-8.174680506349e-03
884.80000000,5.218248019459e+13,-2.001977158034e-02,-2.273862503570e-02,-3.633125665157e-02,-4.126534867950e-02,-4.265246622302e-03,-3.998641290703e-03
885.00000000,7.076920953395e+13,0.000000000000e+00,4.698214110269e-16,0.000000000000e+00,4.698207946552e-16,0.000000000000e+00,3.166522489141e-16
