wavelength_nm,measurement,init_raw,init_fit,opt_raw,opt_fit,truth_raw,truth_fit
270.00000000,-2.257666748888e+12,7.686596001512e-03,8.730500424438e-03,1.971502685545e-03,2.239249429818e-03,2.344125027125e-03,2.197602144510e-03
270.20000000,2.678993899384e+13,2.035396321613e-03,2.311820270800e-03,3.450396050344e-03,3.918989025492e-03,8.392138332783e-03,7.867575740943e-03
270.40000000,3.465782561523e+12,-1.261449517143e-02,-1.432764977196e-02,-5.792221408415e-03,-6.578854079818e-03,2.833902994789e-04,2.656765840825e-04
270.60000000,-1.004373977798e+13,-4.074390190969e-02,-4.627726666600e-02,-5.094532335065e-02,-5.786412927623e-02,-1.663770616319e-02,-1.559774257808e-02
270.80000000,2.229426731016e+13,-6.810729166659e-02,-7.735683502626e-02,-4.107567274301e-02,-4.665409661552e-02,-4.218153211801e-02,-3.954491521083e-02
271.00000000,-3.062684939010e+13,-2.704041781953e-02,-3.071273411584e-02,-1.019609442816e-02,-1.158081031389e-02,-2.766626078285e-02,-2.593694164066e-02
271.20000000,-7.920310284534e+12,-2.235310143363e-02,-2.538884071901e-02,-1.021298692490e-02,-1.159999695461e-02,-2.672718302406e-02,-2.505656227834e-02
271.40000000,-3.872429417483e+12,-2.150052693683e-02,-2.442047943078e-02,-4.914030286996e-03,-5.581397174318e-03,-8.458701917848e-03,-7.929978674059e-03
271.60000000,-8.928103095856e+12,-2.582209777828e-02,-2.932895596033e-02,-2.453256903740e-03,-2.786429946646e-03,5.963672892257e-03,5.590905001024e-03
271.80000000,-6.072472113383e+11,-1.623239135737e-03,-1.843688670606e-03,1.885064663355e-02,2.141072392920e-02,2.363628268770e-02,2.215886308181e-02
272.00000000,-1.758383374693e+12,5.061434597432e-03,5.748820009852e-03,1.209265747068e-02,1.373494266315e-02,2.369656982419e-02,2.221538188474e-02
272.20000000,2.528590699267e+13,-1.427164713571e-04,-1.620985691857e-04,-2.955994330510e-03,-3.357443369300e-03,1.018930121527e-02,9.552404390814e-03
272.40000000,-1.070565813864e+13,-5.535875786674e-03,-6.287694305214e-03,-4.756998697912e-03,-5.403039366897e-03,7.578006320522e-03,7.104332212822e-03
272.60000000,-3.120192071861e+13,-1.180678168402e-02,-1.341024199572e-02,-4.191585964625e-03,-4.760838800848e-03,6.235026041662e-03,5.845296834289e-03
272.80000000,6.759220858731e+12,-1.568570827906e-02,-1.781595946515e-02,-6.815450710709e-03,-7.741046578228e-03,7.791183810759e-03,7.304184739579e-03
273.00000000,4.160996506430e+12,-1.035964558917e-02,-1.176657264093e-02,-1.068021647125e-03,-1.213068022626e-03,1.023242323133e-02,9.592831003681e-03
273.20000000,2.115335415186e+12,8.062325032537e-03,9.157256619793e-03,9.997587754972e-03,1.135534475505e-02,1.809606255423e-02,1.696494232013e-02
273.40000000,-1.115631306847e+13,-4.070312500046e-04,-4.623095190929e-04,-1.440512424042e-03,-1.636146198446e-03,1.258715277777e-02,1.180037481687e-02
273.60000000,-2.154550791447e+13,-6.221313476535e-03,-7.066220201603e-03,1.176938205285e-03,1.336776370856e-03,1.439090847438e-02,1.349138418761e-02
273.80000000,1.428160099694e+13,1.257285563150e-02,1.428035523209e-02,-6.633871120869e-03,-7.534806943864e-03,1.259936998156e-02,1.181182836690e-02
274.00000000,9.944900006693e+12,1.146913180877e-02,1.302673642594e-02,-5.479101562497e-03,-6.223209909726e-03,3.193193223734e-02,2.993598120881e-02
274.20000000,-1.310463002161e+12,-1.294303249781e-02,-1.470080523204e-02,-7.329454888231e-03,-8.324856871706e-03,-6.723293728282e-03,-6.303044651830e-03
274.40000000,-6.998480150920e+12,-2.892187499992e-03,-3.284970901458e-03,-7.642323811846e-03,-8.680216042124e-03,2.100286187072e-03,1.969004799396e-03
274.60000000,-4.154566692862e+12,1.569437662750e-03,1.782580504827e-03,-1.132173733180e-02,-1.285932504716e-02,9.040180121518e-03,8.475110752163e-03
274.80000000,8.615991167537e+12,-4.466179741752e-03,-5.072724535452e-03,-8.011865912534e-03,-9.099945086536e-03,7.876887342668e-03,7.384531249828e-03
275.00000000,-2.608276237430e+13,-6.499726698107e-03,-7.382444281628e-03,-7.085371907516e-03,-8.047625357186e-03,1.527419704861e-02,1.431946154803e-02
275.20000000,-6.013281565522e+12,8.056827799468e-03,9.151012816212e-03,1.344610324434e-02,1.527219782347e-02,2.587050374345e-02,2.425343095964e-02
275.40000000,-8.209018528576e+12,5.548459201425e-03,6.301986653583e-03,6.672536892381e-03,7.578723854274e-03,1.610823567704e-02,1.510136740085e-02
275.60000000,-2.888788124083e+13,3.454288194432e-02,3.923409600516e-02,2.540056423606e-02,2.885017575663e-02,-1.656336805606e-03,-1.552805108050e-03
275.80000000,1.001960204418e+13,-1.728541666663e-02,-1.963292171397e-02,7.981597222178e-03,9.065565651947e-03,-3.192899305541e-02,-2.993322574465e-02
276.00000000,-1.100034431013e+13,-8.342795138869e-03,-9.475816926837e-03,-1.367282986110e-02,-1.552971583298e-02,3.399791666658e-02,3.187282833073e-02
276.20000000,-1.330950674719e+11,-1.504253472239e-03,-1.708543752690e-03,-1.586846788193e-02,-1.802354007287e-02,1.458854166668e-03,1.367666403498e-03
276.40000000,-1.593428954803e+11,-1.193763563364e-02,-1.355886701289e-02,-1.605940755205e-02,-1.824041096561e-02,3.188096788203e-03,2.988820245331e-03
276.60000000,-6.822951982678e+12,2.771299913190e-03,3.147665763049e-03,-7.638571506018e-03,-8.675954141419e-03,9.743079969640e-03,9.134074841422e-03
276.80000000,1.887407539415e+13,1.887163628435e-03,2.143456330448e-03,1.798324652773e-02,2.042552355051e-02,2.563600260408e-02,2.403358764890e-02
277.00000000,-1.676568563420e+12,-1.584418402772e-02,-1.799595755412e-02,1.676128472141e-03,1.903760899269e-03,-6.065972222155e-03,-5.686809965205e-03
277.20000000,-4.614971364732e+12,3.374652777712e-03,3.832959024041e-03,-3.847968749990e-02,-4.370555461349e-02,2.498593749991e-02,2.342415579246e-02
277.40000000,-2.004174055901e+13,-2.790121527772e-02,-3.169043511283e-02,-8.125694444420e-03,-9.229232496079e-03,-9.469965277755e-03,-8.878031573405e-03
277.60000000,-4.086929003688e+11,-1.054960937498e-02,-1.198233510748e-02,3.827256944261e-04,4.347030817177e-04,-2.712999131938e-03,-2.543419246588e-03
277.80000000,-1.389260716367e+13,-6.996449110207e-03,-7.946625777418e-03,-7.538384331573e-03,-8.562160701067e-03,-1.036347113704e-03,-9.715687572881e-04
278.00000000,-1.684147163251e+13,5.994113498269e-03,6.808164554306e-03,-1.148546005476e-05,-1.304528270058e-05,3.429288736974e-03,3.214936146883e-03
278.20000000,-1.448256119812e+13,1.084483913847e-02,1.231765955733e-02,6.440397135462e-03,7.315057554384e-03,2.772029622412e-03,2.598759951951e-03
278.40000000,1.358253304508e+13,2.056489257804e-02,2.335777805231e-02,2.922858615446e-02,3.319807543790e-02,1.126218532982e-02,1.055822635153e-02
278.60000000,-1.108455752386e+11,-8.744387478329e-03,-9.931948885563e-03,1.751162109370e-02,1.988984739243e-02,-3.834342447980e-03,-3.594671397199e-03
278.80000000,-3.631642705539e+12,-2.387789442270e-02,-2.712071342778e-02,5.805261230458e-03,6.593664820017e-03,-3.014781358502e-02,-2.826338144087e-02
279.00000000,-6.666139462466e+10,-1.805026855463e-02,-2.050164692491e-02,3.736908637140e-03,4.244412445568e-03,-2.377356228291e-02,-2.228756181987e-02
279.20000000,-1.548705866964e+12,-3.990342881940e-03,-4.532265025711e-03,3.084038627560e-05,3.502877165234e-05,-1.842293294259e-03,-1.727138120804e-03
279.40000000,-4.609191603733e+12,-3.645201280351e-03,-4.140250290116e-03,-3.524053276863e-03,-4.002649526536e-03,2.205170355931e-03,2.067333033489e-03
279.60000000,-2.032612492851e+12,6.906458875857e-03,7.844414111939e-03,1.349086100260e-02,1.532303406397e-02,1.420930447047e-02,1.332113160133e-02
279.80000000,-1.887201998514e+13,5.448771158858e-03,6.188760135919e-03,1.630321180557e-02,1.851732589942e-02,1.306344401038e-02,1.224689478577e-02
280.00000000,3.453771130555e+12,8.560544162240e-03,9.723138100032e-03,2.704395887578e-02,3.071675729210e-02,4.057199435686e-03,3.803598390613e-03
280.20000000,-5.841529712557e+12,-1.880234374999e-02,-2.135586026082e-02,5.246652560808e-03,5.959192367011e-03,-2.187603895391e-02,-2.050864589653e-02
280.40000000,-2.346033337199e+13,-2.125057508677e-02,-2.413658201603e-02,2.254273817266e-02,2.560423273566e-02,-8.583197700267e-04,-8.046692669795e-04
280.60000000,8.954269286222e+12,-1.492102322043e-02,-1.694742374041e-02,2.654901801251e-03,3.015459927224e-03,-2.278330891916e-02,-2.135920565686e-02
280.80000000,-3.011406045825e+13,-1.142301432301e-03,-1.297435579751e-03,1.496676161023e-02,1.699937446074e-02,6.281768120637e-03,5.889117232861e-03
281.00000000,3.760725110873e+12,-4.333520507820e-03,-4.922049061169e-03,1.581459147133e-02,1.796234678990e-02,8.773003472102e-04,8.224634360794e-04
281.20000000,-9.077372437364e+12,-8.264187282947e-03,-9.386533462563e-03,1.238003200953e-02,1.406134509566e-02,-2.686979166683e-03,-2.519025696422e-03
281.40000000,-2.862640014841e+13,1.574213324666e-03,1.788004741820e-03,9.278740776918e-03,1.053887227569e-02,-8.655626085037e-03,-8.114593814938e-03
281.60000000,3.101949134400e+09,6.325949435649e-03,7.185066604520e-03,1.479055718310e-02,1.679923998165e-02,-9.519178603413e-04,-8.924168749855e-04
281.80000000,-4.136883573865e+12,-2.561902804903e-02,-2.909830765292e-02,1.601775444908e-03,1.819310101886e-03,-3.002496744782e-02,-2.814821397691e-02
282.00000000,2.335113879487e+13,-2.842092285159e-02,-3.228072334879e-02,1.085052897124e-02,1.232412260466e-02,-9.915052625913e-03,-9.295298101209e-03
282.20000000,-4.887612765813e+12,-4.426130371080e-02,-5.027236123211e-02,-1.914855685754e-02,-2.174909288203e-02,-2.602661946611e-02,-2.439978844610e-02
282.40000000,-2.248963320580e+13,-1.728925781244e-02,-1.963728451970e-02,3.926011827251e-03,4.459197448773e-03,-2.387843695736e-02,-2.238588115301e-02
282.60000000,7.874141786134e+12,-4.105140516542e-03,-4.662653145163e-03,3.362737358890e-03,3.819425542117e-03,3.736667209137e-04,3.503101488659e-04
282.80000000,-3.161302628913e+13,-1.857595214838e-02,-2.109872277454e-02,-9.479641384511e-03,-1.076705688548e-02,-1.266240776904e-03,-1.187092588744e-03
283.00000000,2.775087482216e+13,-8.664792209222e-03,-9.841543909084e-03,-1.811606174048e-03,-2.057637619281e-03,-1.025444878392e-04,-9.613479817619e-05
283.20000000,9.019128625326e+12,-1.666429578986e-02,-1.892744739514e-02,-3.169856770750e-03,-3.600350138271e-03,2.027045355849e-03,1.900341990928e-03
283.40000000,-2.279484271771e+13,-1.821465386234e-03,-2.068835714077e-03,1.861876627597e-02,2.114735225727e-02,-1.209745551207e-02,-1.134128677814e-02
283.60000000,-2.259685496102e+12,1.139067111549e-02,1.293762011024e-02,3.514202202754e-03,3.991460593221e-03,7.128851996535e-03,6.683252921322e-03
283.80000000,-9.849106686393e+12,2.469666612401e-02,2.805068121643e-02,2.014085286446e-02,2.287615108185e-02,1.067965494781e-02,1.001210786300e-02
284.00000000,-3.433967461352e+12,5.455308701991e-04,6.196185532431e-04,-4.990140787760e-03,-5.667844125006e-03,-1.233728027338e-02,-1.156612095023e-02
284.20000000,-3.412825731651e+13,-5.991824001736e-03,-6.805564124876e-03,-6.063476562501e-03,-6.886947978740e-03,-8.620117188193e-04,-8.081304452401e-04
284.40000000,3.589360203047e+13,-7.432855902806e-03,-8.442300284997e-03,-7.976801215272e-03,-9.060118306727e-03,-1.849492187501e-02,-1.733887036943e-02
284.60000000,3.172318808813e+13,-1.634552951389e-02,-1.856538997634e-02,-8.630512152811e-03,-9.802608720198e-03,-2.470407986114e-02,-2.315991606794e-02
284.80000000,-8.623898290498e+12,-2.038192274302e-02,-2.314995937393e-02,-1.847167968744e-02,-2.098029006562e-02,-3.730195312489e-02,-3.497034127151e-02
285.00000000,-2.548459596762e+13,-1.707031250002e-02,-1.938860459134e-02,-9.613769531264e-03,-1.091940076933e-02,-2.117127821177e-02,-1.984793723108e-02
285.20000000,-4.630460891033e+12,-2.630857204852e-02,-2.988149753034e-02,-1.512346733937e-02,-1.717736215367e-02,-1.744646945522e-02,-1.635595296551e-02
285.40000000,8.327850496744e+10,-1.021870863173e-02,-1.160649525863e-02,-8.798820665131e-03,-9.993774952437e-03,-5.103649902373e-03,-4.784638976376e-03
285.60000000,2.554717101583e+12,-1.426788330071e-02,-1.620558192316e-02,-6.998529730879e-03,-7.948989278247e-03,-1.319054633248e-02,-1.236605239570e-02
285.80000000,-1.581176276115e+13,-2.869919162294e-03,-3.259678336103e-03,-3.339134385856e-03,-3.792617085654e-03,-1.869379611547e-02,-1.752531369146e-02
286.00000000,-1.274423072328e+13,3.650648328965e-03,4.146437093772e-03,-5.154168023004e-03,-5.854147646523e-03,-2.629604220913e-02,-2.465237053579e-02
286.20000000,-1.305845932833e+12,-1.609851074260e-03,-1.828482397714e-03,-6.459951443263e-03,-7.337267502620e-03,-1.649004855685e-02,-1.545931452131e-02
286.40000000,5.125945663706e+12,-1.100702175570e-02,-1.250186793882e-02,-3.453126491967e-02,-3.922090284188e-02,-1.897569580068e-02,-1.778959283425e-02
286.60000000,-9.143419380837e+12,-2.622758992512e-02,-2.978951735309e-02,-3.476921861430e-02,-3.949117266140e-02,-2.592719183896e-04,-2.430657568475e-04
286.80000000,-1.319276522176e+13,-3.046224636501e-02,-3.459927577392e-02,-2.755091417087e-02,-3.129256140527e-02,2.412268066347e-03,2.261485805746e-03
287.00000000,2.787699090663e+12,-3.555656060094e-02,-4.038544075388e-02,-5.108824327217e-03,-5.802645893225e-03,-9.384815809482e-03,-8.798204494254e-03
287.20000000,-9.808769658955e+12,-4.270422363253e-03,-4.850381657572e-03,1.993287489231e-03,2.263992794151e-03,-1.558328314872e-02,-1.460922778003e-02
287.40000000,-4.925490907863e+12,6.717000326028e-04,7.629225496675e-04,1.929254828560e-02,2.191263956423e-02,1.233463948567e-02,1.156364522873e-02
287.60000000,-2.952416423278e+12,1.132076144751e-02,1.285821612103e-02,2.491326361754e-02,2.829669559140e-02,1.311748996319e-02,1.229756251911e-02
287.80000000,1.984104363114e+13,1.918173149952e-02,2.178677205945e-02,1.491684163402e-02,1.694267492942e-02,3.109483778204e-02,2.915121053794e-02
288.00000000,-4.197256130818e+12,1.423200819213e-02,1.616483467292e-02,4.981825000431e-06,5.658398983875e-06,2.135352918828e-02,2.001879635003e-02
288.20000000,-1.120551504686e+13,-1.183265516489e-02,-1.343962931302e-02,-1.687762858074e-02,-1.916975333242e-02,9.037954372832e-03,8.473024127077e-03
288.40000000,-2.766228149722e+13,-6.412971326979e-03,-7.283906801018e-03,-2.225962931283e-02,-2.528267529746e-02,1.128488769539e-02,1.057950967332e-02
288.60000000,-1.593059375857e+13,4.191178385468e-03,4.760375680734e-03,3.681471082881e-02,4.181446002420e-02,2.908651326496e-02,2.726841921302e-02
288.80000000,-2.349579410617e+12,1.459527452252e-02,1.657743562802e-02,1.034953748916e-02,1.175509224076e-02,3.208678792314e-02,3.008115741880e-02
289.00000000,-1.431853943564e+13,9.171812608526e-03,1.041742194540e-02,1.448540920683e-02,1.645265032855e-02,3.056407741961e-02,2.865362610998e-02
289.20000000,-1.708161379584e+13,1.457094116208e-02,1.654979759245e-02,2.029299350307e-02,2.304895370634e-02,1.843824734154e-02,1.728573835862e-02
289.40000000,1.002036321000e+11,1.111473151325e-02,1.262420558786e-02,1.047698059099e-02,1.189984319402e-02,1.531145121273e-02,1.435438708742e-02
289.60000000,-1.784367358248e+13,3.497188313820e-02,3.972135917139e-02,4.313688490147e-02,4.899523882365e-02,4.933386603498e-02,4.625018228161e-02
289.80000000,-1.769686277342e+13,7.291681416895e-02,8.281953115858e-02,8.915906711192e-02,1.012676227414e-01,1.223743896490e-01,1.147252036533e-01
290.00000000,-2.070892632155e+13,2.016495985255e-01,2.290353109709e-01,1.717366319458e-01,1.950599195137e-01,2.502935818154e-01,2.346486240237e-01
290.20000000,8.088976645338e+12,4.429813015907e-01,5.031418902196e-01,4.356171453354e-01,4.947776391395e-01,4.958819312604e-01,4.648861229463e-01
290.40000000,5.817888910472e+12,1.730503007906e+00,1.965519879286e+00,1.736596867387e+00,1.972441414172e+00,2.014943118521e+00,1.888996221229e+00
290.60000000,-7.050387268095e+12,7.033322662669e+00,7.988507068611e+00,7.043970834175e+00,8.000601667818e+00,8.211205134353e+00,7.697952030483e+00
290.80000000,6.528195480362e+12,2.774020424598e+01,3.150755742800e+01,2.775757456307e+01,3.152728802715e+01,3.239209983594e+01,3.036738537447e+01
291.00000000,-1.166802643514e+13,1.055986350726e+02,1.199398183722e+02,1.056100464801e+02,1.199527842886e+02,1.233062779415e+02,1.155988429371e+02
291.20000000,-8.095858580759e+12,3.879632533491e+02,4.406519280269e+02,3.879726467527e+02,4.406626145608e+02,4.529889286615e+02,4.246742087330e+02
291.40000000,-1.112929192909e+13,1.375938830225e+03,1.562802902470e+03,1.375900584778e+03,1.562759524773e+03,1.606499876911e+03,1.506083307759e+03
291.60000000,-1.861433709187e+13,4.711039646638e+03,5.350838476021e+03,4.710903167812e+03,5.350683673826e+03,5.500411625473e+03,5.156600541333e+03
291.80000000,1.132181430335e+13,1.557237673064e+04,1.768723653873e+04,1.557192460973e+04,1.768672371545e+04,1.818168085554e+04,1.704520892724e+04
292.00000000,-7.181715705225e+12,4.969533644643e+04,5.644438134289e+04,4.969384401614e+04,5.644268846017e+04,5.802226064556e+04,5.439549637861e+04
292.20000000,1.155000030835e+13,1.531076125291e+05,1.739009147752e+05,1.531029895413e+05,1.738956708238e+05,1.787622691756e+05,1.675884782389e+05
292.40000000,3.165811004755e+11,4.554056755516e+05,5.172535987207e+05,4.553919457675e+05,5.172380247717e+05,5.317132602758e+05,4.984777635685e+05
292.60000000,-2.603406395747e+13,1.307737751381e+06,1.485339543178e+06,1.307698312166e+06,1.485294806526e+06,1.526861736285e+06,1.431423062850e+06
292.80000000,1.187232257749e+12,3.625463618271e+06,4.117832087425e+06,3.625354299387e+06,4.117708084960e+06,4.232944754517e+06,3.968358497297e+06
293.00000000,9.397169232184e+12,9.703473826365e+06,1.102128723078e+07,9.703181189148e+06,1.102095528681e+07,1.132938368293e+07,1.062122437561e+07
293.20000000,3.483455750569e+13,2.507332004357e+07,2.847848790796e+07,2.507256382770e+07,2.847763011783e+07,2.927459461752e+07,2.744474427203e+07
293.40000000,-1.093825371213e+13,6.254858491931e+07,7.104320912385e+07,6.254669849014e+07,7.104106931121e+07,7.302919853393e+07,6.846440418190e+07
293.60000000,1.558973384292e+13,1.506413837290e+08,1.710997513497e+08,1.506368405084e+08,1.710945978878e+08,1.758827882662e+08,1.648889833962e+08
293.80000000,1.259921794807e+13,3.502614924809e+08,3.978299507567e+08,3.502509288768e+08,3.978179682589e+08,4.089511552923e+08,3.833890792815e+08
294.00000000,1.718856637750e+13,7.862522759055e+08,8.930319516152e+08,7.862285631630e+08,8.930050537987e+08,9.179963640735e+08,8.606156902877e+08
294.20000000,-2.873021636311e+13,1.703934932622e+09,1.935343635798e+09,1.703883543325e+09,1.935285343936e+09,1.989445526207e+09,1.865092392337e+09
294.40000000,-1.009855562652e+13,3.565051677741e+09,4.049215696980e+09,3.564944158671e+09,4.049093736045e+09,4.162410180795e+09,3.902232787840e+09
294.60000000,8.922204766706e+12,7.201128730270e+09,8.179102612350e+09,7.200911550051e+09,8.178856260681e+09,8.407746717168e+09,7.882208500970e+09
294.80000000,-1.874001941708e+11,1.404292163586e+10,1.595006857106e+10,1.404249811274e+10,1.594958816071e+10,1.639594745579e+10,1.537109534396e+10
295.00000000,-4.284184223609e+12,2.643850023639e+10,3.002907105953e+10,2.643770287271e+10,3.002816659468e+10,3.086852379627e+10,2.893904263107e+10
295.20000000,-1.928944733632e+13,4.805504520583e+10,5.458132474808e+10,4.805359590473e+10,5.457968077817e+10,5.610712760569e+10,5.260007146451e+10
295.40000000,4.475960102739e+12,8.432658703652e+10,9.577884719957e+10,8.432404381519e+10,9.577596237506e+10,9.845631315388e+10,9.230216068843e+10
295.60000000,-2.507440207748e+13,1.428611549411e+11,1.622629020185e+11,1.428568463648e+11,1.622580147181e+11,1.667989077077e+11,1.563729037652e+11
295.80000000,-1.280910937334e+13,2.336624675981e+11,2.653957970653e+11,2.336554205280e+11,2.653878034392e+11,2.728148486810e+11,2.557621669398e+11
296.00000000,9.230342181002e+12,3.689695275466e+11,4.190786944203e+11,3.689583997256e+11,4.190660719204e+11,4.307939005362e+11,4.038665125389e+11
296.20000000,-2.239732370823e+13,5.624981894435e+11,6.388901772274e+11,5.624812249553e+11,6.388709340846e+11,6.567501405501e+11,6.156990350681e+11
296.40000000,1.097827854609e+13,8.279124327237e+11,9.403499083169e+11,8.278874635577e+11,9.403215853153e+11,9.666370785877e+11,9.062160474743e+11
296.60000000,-6.994319945958e+12,1.176483361170e+12,1.336259702216e+12,1.176447879388e+12,1.336219454554e+12,1.373614399662e+12,1.287754669864e+12
296.80000000,-1.937204102047e+13,1.614112352360e+12,1.833322393241e+12,1.614063672044e+12,1.833267174229e+12,1.884572313602e+12,1.766774429662e+12
297.00000000,-1.605169855076e+13,2.138166943060e+12,2.428548007496e+12,2.138102457683e+12,2.428474860502e+12,2.496437262782e+12,2.340393886350e+12
297.20000000,-1.574788921007e+13,2.734830292880e+12,3.106243261394e+12,2.734747812621e+12,3.106149702462e+12,3.193077263069e+12,2.993489408503e+12
297.40000000,1.193120048528e+12,3.377798192609e+12,3.836531612749e+12,3.377696320961e+12,3.836416057794e+12,3.943780583437e+12,3.697268945704e+12
297.60000000,1.786910411290e+12,4.029078892768e+12,4.576261712790e+12,4.028957379024e+12,4.576123877430e+12,4.704189593448e+12,4.410147504555e+12
297.80000000,4.463195309952e+12,4.642316294091e+12,5.272781913862e+12,4.642176285605e+12,5.272623099563e+12,5.420180786073e+12,5.081384645133e+12
298.00000000,5.754176320782e+12,5.168505010866e+12,5.870431486473e+12,5.168349132957e+12,5.870254671184e+12,6.034537454563e+12,5.657340072656e+12
298.20000000,1.231119378028e+13,5.563325983995e+12,6.318872470336e+12,5.563158198605e+12,6.318682148165e+12,6.495514457619e+12,6.089503049786e+12
298.40000000,-1.027058251254e+13,5.794793578877e+12,6.581775312500e+12,5.794618812613e+12,6.581577071790e+12,6.765766661670e+12,6.342862753858e+12
298.60000000,8.512183024201e+12,5.849656440263e+12,6.644089012157e+12,5.849480019380e+12,6.643888894581e+12,6.829822320164e+12,6.402914521936e+12
298.80000000,-2.179924076201e+13,5.737145508184e+12,6.516298148674e+12,5.736972480539e+12,6.516101880113e+12,6.698459105414e+12,6.279762352532e+12
299.00000000,1.936164814209e+13,5.489196644770e+12,6.234675743015e+12,5.489031095061e+12,6.234487956820e+12,6.408964038669e+12,6.008362588381e+12
299.20000000,-5.658959124808e+12,5.157044440222e+12,5.857414473890e+12,5.156888907954e+12,5.857238050669e+12,6.021156555704e+12,5.644795565991e+12
299.40000000,1.244739480828e+13,4.804859375390e+12,5.457399713469e+12,4.804714464737e+12,5.457235338549e+12,5.609959515129e+12,5.259300983693e+12
299.60000000,-1.614345703950e+13,4.501657694521e+12,5.113020692770e+12,4.501521928185e+12,5.112866690422e+12,5.255953492954e+12,4.927422613513e+12
299.80000000,2.194075315833e+13,4.312913262272e+12,4.898643178258e+12,4.312783188314e+12,4.898495632884e+12,5.035583126019e+12,4.720826811089e+12
300.00000000,-7.326388113860e+12,4.293135645768e+12,4.876179594996e+12,4.293006168287e+12,4.876032726217e+12,5.012491580727e+12,4.699178635813e+12
300.20000000,2.945075089223e+13,4.480262106164e+12,5.088719403461e+12,4.480126985101e+12,5.088566133059e+12,5.230972869150e+12,4.904003439277e+12
300.40000000,-2.401501405306e+12,4.892220682925e+12,5.556625421750e+12,4.892073137526e+12,5.556458058187e+12,5.711959045224e+12,5.354924887487e+12
300.60000000,-2.259371117107e+13,5.525623118088e+12,6.276049237954e+12,5.525456469787e+12,6.275860205604e+12,6.451494115958e+12,6.048234262448e+12
300.80000000,1.096392730629e+13,6.356333598221e+12,7.219577192065e+12,6.356141896367e+12,7.219359740992e+12,7.421398081557e+12,6.957512995496e+12
301.00000000,1.249760188530e+13,7.341630530066e+12,8.338685738940e+12,7.341409112457e+12,8.338434580719e+12,8.571790937244e+12,8.035998902789e+12
301.20000000,-6.406125584312e+12,8.423755799618e+12,9.567772726634e+12,8.423501745991e+12,9.567484548754e+12,9.835236644642e+12,9.220471131838e+12
301.40000000,2.808605631451e+12,9.534721285556e+12,1.082961667480e+13,9.534433726113e+12,1.082929049064e+13,1.113235502249e+13,1.043651127299e+13
301.60000000,-2.958060121829e+12,1.060222897380e+13,1.204210089063e+13,1.060190921919e+13,1.204173818687e+13,1.237873383304e+13,1.160498339594e+13
301.80000000,1.999116055525e+13,1.155642785460e+13,1.312588800943e+13,1.155607932213e+13,1.312549266239e+13,1.349281786182e+13,1.264943001141e+13
302.00000000,4.899304153720e+13,1.233701064039e+13,1.401248050646e+13,1.233663856618e+13,1.401205845558e+13,1.440419475850e+13,1.350383999356e+13
302.20000000,1.578583384241e+13,1.289992521941e+13,1.465184362247e+13,1.289953616815e+13,1.465140231420e+13,1.506143105867e+13,1.411999480016e+13
302.40000000,2.244774600410e+13,1.322283220024e+13,1.501860408869e+13,1.322243341037e+13,1.501815173373e+13,1.543844419227e+13,1.447344218940e+13
302.60000000,4.495488263665e+13,1.330845275640e+13,1.511585263691e+13,1.330805138428e+13,1.511539735286e+13,1.553841129145e+13,1.456716070228e+13
302.80000000,2.189256172160e+13,1.318514731288e+13,1.497580127650e+13,1.318474965956e+13,1.497535021074e+13,1.539444484164e+13,1.443219308102e+13
303.00000000,9.829385981127e+12,1.290442019337e+13,1.465694905172e+13,1.290403100655e+13,1.465650758968e+13,1.506667920852e+13,1.412491490690e+13
303.20000000,1.271608483314e+13,1.253548991733e+13,1.423791493950e+13,1.253511185715e+13,1.423748609861e+13,1.463593113645e+13,1.372109135826e+13
303.40000000,1.689258897632e+13,1.215750925589e+13,1.380860132336e+13,1.215714259529e+13,1.380818541324e+13,1.419461620035e+13,1.330736144251e+13
303.60000000,-4.824767268323e+12,1.185037648066e+13,1.345975733261e+13,1.185001908294e+13,1.345935192955e+13,1.383602039136e+13,1.297118017669e+13
303.80000000,-2.039176621561e+10,1.168528684965e+13,1.327224714041e+13,1.168493443090e+13,1.327184738509e+13,1.364326841384e+13,1.279047643681e+13
304.00000000,3.551928896467e+12,1.171620450742e+13,1.330736367629e+13,1.171585115622e+13,1.330696286327e+13,1.367936662085e+13,1.282431827384e+13
304.20000000,1.810626426225e+13,1.197329893776e+13,1.359937369383e+13,1.197293783280e+13,1.359896408558e+13,1.397953968173e+13,1.310572858885e+13
304.40000000,2.521301353560e+13,1.245912325739e+13,1.415117704448e+13,1.245874750036e+13,1.415075081610e+13,1.454676851230e+13,1.363750197127e+13
304.60000000,1.313548450079e+13,1.314796393688e+13,1.493356808513e+13,1.314756740498e+13,1.493311829142e+13,1.535103103539e+13,1.439149291673e+13
304.80000000,3.345571405458e+12,1.398841386354e+13,1.588815818457e+13,1.398799198435e+13,1.588767963894e+13,1.633230638492e+13,1.531143224912e+13
305.00000000,4.944598957064e+12,1.490885670282e+13,1.693360490733e+13,1.490840706382e+13,1.693309487323e+13,1.740697822460e+13,1.631893019065e+13
305.20000000,3.058046355514e+13,1.582523420209e+13,1.797443418270e+13,1.582475692589e+13,1.797389279919e+13,1.847690353767e+13,1.732197829400e+13
305.40000000,1.849140391074e+13,1.665022505443e+13,1.891146573543e+13,1.664972289718e+13,1.891089612887e+13,1.944012949714e+13,1.822499643923e+13
305.60000000,-4.419122407366e+12,1.730281403554e+13,1.965268179198e+13,1.730229219674e+13,1.965208986026e+13,2.020206600309e+13,1.893930701570e+13
305.80000000,9.539347045136e+12,1.771718814802e+13,2.012333139607e+13,1.771665381203e+13,2.012272528855e+13,2.068587246099e+13,1.939287246000e+13
306.00000000,1.055858499826e+11,1.784697242724e+13,2.027074147260e+13,1.784643417706e+13,2.027013092514e+13,2.083740333739e+13,1.953493168256e+13
306.20000000,1.205471301431e+13,1.766293744439e+13,2.006171299034e+13,1.766240474455e+13,2.006110873875e+13,2.062253153314e+13,1.933349074730e+13
306.40000000,2.389246049849e+13,1.719339461625e+13,1.952840229475e+13,1.719287607745e+13,1.952781410628e+13,2.007431231367e+13,1.881953875309e+13
306.60000000,1.297307102909e+13,1.648127723698e+13,1.871957338260e+13,1.648078017506e+13,1.871900955577e+13,1.924287285714e+13,1.804006960723e+13
306.80000000,1.444798470056e+13,1.559073250181e+13,1.770808517809e+13,1.559026229799e+13,1.770755181692e+13,1.820310883485e+13,1.706529752010e+13
307.00000000,2.591583387330e+13,1.460185659964e+13,1.658491160661e+13,1.460141621952e+13,1.658441207502e+13,1.704853731813e+13,1.598289414496e+13
307.20000000,-1.597036098505e+13,1.360209876040e+13,1.544937823941e+13,1.360168853216e+13,1.544891290969e+13,1.588126049172e+13,1.488857962364e+13
307.40000000,1.590709994187e+13,1.267697032778e+13,1.439860958030e+13,1.267658800066e+13,1.439817589935e+13,1.480111794272e+13,1.387595292729e+13
307.60000000,1.699679251345e+13,1.190105749620e+13,1.351732125656e+13,1.190069856998e+13,1.351691411970e+13,1.389519349575e+13,1.302665458168e+13
307.80000000,1.071067904219e+13,1.133028533945e+13,1.286903343764e+13,1.132994362725e+13,1.286864582697e+13,1.322878300554e+13,1.240189903091e+13
308.00000000,-3.406273623680e+12,1.099624188163e+13,1.248962406713e+13,1.099591024392e+13,1.248924788414e+13,1.283876737173e+13,1.203626188130e+13
308.20000000,-5.618221300015e+12,1.090316115676e+13,1.238390219651e+13,1.090283232628e+13,1.238352919782e+13,1.273009008123e+13,1.193437762004e+13
308.40000000,3.572251043210e+13,1.102789949801e+13,1.252558105423e+13,1.102756690553e+13,1.252520378823e+13,1.287572952450e+13,1.207091366191e+13
308.60000000,8.121461618307e+12,1.132293525476e+13,1.286068514959e+13,1.132259376424e+13,1.286029779037e+13,1.322020134387e+13,1.239385377826e+13
308.80000000,-1.776291877948e+13,1.172209778913e+13,1.331405731525e+13,1.172174426019e+13,1.331365630063e+13,1.368624737828e+13,1.283076893969e+13
309.00000000,2.930769737943e+13,1.214841415878e+13,1.379827103553e+13,1.214804777248e+13,1.379785543656e+13,1.418399713275e+13,1.329740613489e+13
309.20000000,2.869145689511e+13,1.252318859469e+13,1.422394299371e+13,1.252281090550e+13,1.422351457366e+13,1.462156860955e+13,1.370762658161e+13
309.40000000,3.287016077992e+13,1.277524439704e+13,1.451023009519e+13,1.277485910606e+13,1.450979305226e+13,1.491585877213e+13,1.398352171729e+13
309.60000000,3.227628317131e+13,1.284920087943e+13,1.459423049026e+13,1.284881335798e+13,1.459379091727e+13,1.500220737043e+13,1.406447297313e+13
309.80000000,5.670370094989e+12,1.271175465856e+13,1.443811791592e+13,1.271137128237e+13,1.443768304499e+13,1.484173072078e+13,1.391402714565e+13
310.00000000,3.254054431307e+13,1.235518359942e+13,1.403312150626e+13,1.235481097713e+13,1.403269883368e+13,1.442541277061e+13,1.352373174353e+13
310.20000000,-2.757530265085e+13,1.179766073946e+13,1.339988235012e+13,1.179730493160e+13,1.339947875048e+13,1.377447162357e+13,1.291347860254e+13
310.40000000,7.206302783981e+12,1.108039582198e+13,1.258520682077e+13,1.108006164625e+13,1.258482775886e+13,1.293702210960e+13,1.212837506645e+13
310.60000000,-1.216054621994e+13,1.026204178325e+13,1.165571341679e+13,1.026173228842e+13,1.165536235089e+13,1.198154502533e+13,1.123262144191e+13
310.80000000,2.996457292963e+13,9.411145103081e+12,1.068925780680e+13,9.410861270596e+12,1.068893585019e+13,1.098807246882e+13,1.030124730639e+13
311.00000000,2.073492169354e+13,8.597634866647e+12,9.765266034231e+12,8.597375568968e+12,9.764971907923e+12,1.003825081225e+13,9.410795608960e+12
311.20000000,-4.891516027984e+12,7.884416804215e+12,8.955186956892e+12,7.884179016614e+12,8.954917229876e+12,9.205526242578e+12,8.630121677784e+12
311.40000000,2.826235679842e+13,7.320074020635e+12,8.314201674121e+12,7.319853253153e+12,8.313951253351e+12,8.546622428502e+12,8.012403587630e+12
311.60000000,-8.774409420036e+12,6.933502375061e+12,7.875130345916e+12,6.933293266266e+12,7.874893149818e+12,8.095277006725e+12,7.589270156036e+12
311.80000000,7.312869833827e+12,6.731058251306e+12,7.645192606503e+12,6.730855248061e+12,7.644962336047e+12,7.858911433955e+12,7.367678950961e+12
312.00000000,6.054366513730e+12,6.696498995972e+12,7.605939913465e+12,6.696297035006e+12,7.605710825285e+12,7.818561444882e+12,7.329851095582e+12
312.20000000,7.048297711830e+12,6.793674723242e+12,7.716312922273e+12,6.793469831535e+12,7.716080509698e+12,7.932019894599e+12,7.436217662862e+12
312.40000000,-3.915727514334e+12,6.971605902660e+12,7.918408653220e+12,6.971395644693e+12,7.918170153594e+12,8.139765144777e+12,7.630977499483e+12
312.60000000,-1.709926939427e+13,7.171281322512e+12,8.145201675441e+12,7.171065042497e+12,8.144956344890e+12,8.372898090826e+12,7.849538137787e+12
312.80000000,-1.512591129831e+13,7.333273189266e+12,8.329193400930e+12,7.333052023708e+12,8.328942528614e+12,8.562033244068e+12,8.026851128160e+12
313.00000000,7.802265262031e+12,7.405135098125e+12,8.410814761760e+12,7.404911765271e+12,8.410561431039e+12,8.645936303010e+12,8.105509706575e+12
313.20000000,2.455598342491e+12,7.347564722613e+12,8.345425844774e+12,7.347343126034e+12,8.345174483543e+12,8.578719460505e+12,8.042494348808e+12
313.40000000,1.312641963120e+13,7.138495616903e+12,8.107963395104e+12,7.138280325678e+12,8.107719186158e+12,8.334618826695e+12,7.813651573730e+12
313.60000000,-3.120391619985e+12,6.774615714377e+12,7.694665539614e+12,6.774411397474e+12,7.694433779050e+12,7.909767366527e+12,7.415356060837e+12
313.80000000,-1.995572623085e+13,6.270238904778e+12,7.121790114729e+12,6.270049799470e+12,7.121575608968e+12,7.320877398859e+12,6.863275501630e+12
314.00000000,-6.723214781642e+12,5.653895752074e+12,6.421742375103e+12,5.653725235175e+12,6.421548954528e+12,6.601260056507e+12,6.188638868993e+12
314.20000000,2.169789235915e+12,4.963366977283e+12,5.637433981607e+12,4.963217286170e+12,5.637264184119e+12,5.795026581610e+12,5.432800168878e+12
314.40000000,-1.605830415888e+13,4.240083724401e+12,4.815922776253e+12,4.239955846923e+12,4.815777722388e+12,4.950550302571e+12,4.641109085711e+12
314.60000000,-1.658395559084e+13,3.523826350584e+12,4.002391623466e+12,3.523720074846e+12,4.002271072867e+12,4.114277155826e+12,3.857108386338e+12
314.80000000,3.652890783219e+13,2.848481770024e+12,3.235329565558e+12,2.848395862129e+12,3.235232118593e+12,3.325772132118e+12,3.117889995252e+12
315.00000000,1.565652165787e+13,2.239324025505e+12,2.543443073017e+12,2.239256489313e+12,2.543366465424e+12,2.614544181809e+12,2.451118363727e+12
315.20000000,-1.934761496913e+12,1.711943409136e+12,1.944439730816e+12,1.711891778314e+12,1.944381164989e+12,1.998795899550e+12,1.873858307240e+12
315.40000000,-1.762412967631e+12,1.272645582305e+12,1.445481562227e+12,1.272607200349e+12,1.445438024841e+12,1.485889520598e+12,1.393011874019e+12
315.60000000,1.080107186979e+13,9.199320735215e+11,1.044866590719e+12,9.199043291180e+11,1.044835119712e+12,1.074075490233e+12,1.006938867760e+12
315.80000000,-1.906445415939e+13,6.465827213418e+11,7.343940961641e+11,6.465632209326e+11,7.343719764776e+11,7.549238399127e+11,7.077362471439e+11
316.00000000,-2.465379154908e+11,4.418814107720e+11,5.018926249717e+11,4.418680839878e+11,5.018775081460e+11,5.159228670907e+11,4.836743714607e+11
316.20000000,-1.315135675661e+13,2.936271312307e+11,3.335041666469e+11,2.936182756750e+11,3.334941216211e+11,3.428271651787e+11,3.213982636058e+11
316.40000000,-9.002787611398e+12,1.897109691463e+11,2.154753152536e+11,1.897052476177e+11,2.154688252144e+11,2.214988563323e+11,2.076537539806e+11
316.60000000,2.112475050650e+13,1.191770129304e+11,1.353622542107e+11,1.191734186485e+11,1.353581771481e+11,1.391462611991e+11,1.304487254192e+11
316.80000000,7.737687788621e+11,7.279389839466e+10,8.267992238776e+10,7.279170298985e+10,8.267743209817e+10,8.499121223695e+10,7.967871513469e+10
317.00000000,-6.191720916207e+12,4.323136621111e+10,4.910254955261e+10,4.323006238824e+10,4.910107060143e+10,5.047519506405e+10,4.732017090971e+10
317.20000000,-7.616566957257e+12,2.496340397881e+10,2.835364431661e+10,2.496265110286e+10,2.835279031505e+10,2.914626105361e+10,2.732443238081e+10
317.40000000,3.998368430824e+11,1.401551523859e+10,1.591894015442e+10,1.401509254206e+10,1.591846068166e+10,1.636394885457e+10,1.534109686101e+10
317.60000000,-1.121454378309e+13,7.650933661702e+09,8.689994838768e+09,7.650702915772e+09,8.689733099254e+09,8.932920766618e+09,8.374555796425e+09
317.80000000,-8.985765046568e+12,4.060875591248e+09,4.612376670505e+09,4.060753118542e+09,4.612237747377e+09,4.741314132814e+09,4.444951521568e+09
318.00000000,-2.893102073969e+12,2.095678442939e+09,2.380289211501e+09,2.095615238991e+09,2.380217518055e+09,2.446829408119e+09,2.293886841491e+09
318.20000000,-1.374048032522e+12,1.051548221953e+09,1.194357319712e+09,1.051516508134e+09,1.194321346121e+09,1.227745183052e+09,1.151003216964e+09
318.40000000,4.529251543524e+12,5.130187354594e+08,5.826909970020e+08,5.130032632466e+08,5.826734465756e+08,5.989799308822e+08,5.615398348608e+08
318.60000000,-1.283583192702e+13,2.433529753262e+08,2.764023572926e+08,2.433456360051e+08,2.763940321606e+08,2.841290936783e+08,2.663691988950e+08
318.80000000,-9.617592678873e+12,1.122378724686e+08,1.274807200785e+08,1.122344874591e+08,1.274768803976e+08,1.310444013831e+08,1.228532839217e+08
319.00000000,4.525190058750e+12,5.033168361366e+07,5.716714981056e+07,5.033016563797e+07,5.716542794174e+07,5.876523853003e+07,5.509203336931e+07
319.20000000,6.495473514851e+12,2.194535941954e+07,2.492572390809e+07,2.194469754226e+07,2.492497312802e+07,2.562251422055e+07,2.402094237604e+07
319.40000000,2.469338412979e+13,9.303429910353e+06,1.056691398443e+07,9.303149320815e+06,1.056659570635e+07,1.086230852742e+07,1.018334441976e+07
319.60000000,-6.431355985440e+12,3.834798764524e+06,4.355596708181e+06,3.834683108064e+06,4.355465516847e+06,4.477355935722e+06,4.197492408561e+06
319.80000000,9.898370972813e+12,1.536884089728e+06,1.745605882635e+06,1.536837742437e+06,1.745553310024e+06,1.794403702632e+06,1.682241936496e+06
320.00000000,2.372732167093e+12,5.988784048379e+05,6.802111320271e+05,5.988603279964e+05,6.801906270981e+05,6.992262055873e+05,6.555200729974e+05
320.20000000,-8.420354375834e+12,2.269003382321e+05,2.577153136253e+05,2.268934858903e+05,2.577075408694e+05,2.649196807369e+05,2.483604977437e+05
320.40000000,-1.056293548720e+12,8.358546609703e+04,9.493707579967e+04,8.358289663873e+04,9.493416114169e+04,9.759101175366e+04,9.149094618803e+04
320.60000000,-1.541407932262e+13,2.993638499506e+04,3.400199800459e+04,2.993546623173e+04,3.400095581011e+04,3.495247745714e+04,3.276772293582e+04
320.80000000,3.268443021127e+12,9.824815213842e+03,1.115910779981e+04,9.824473987867e+03,1.115872067377e+04,1.147100857619e+04,1.075399680265e+04
321.00000000,1.164089464616e+13,9.945843262617e+02,1.129657247611e+03,9.945359366806e+02,1.129602330990e+03,1.161217655059e+03,1.088634087120e+03
321.20000000,1.164268964559e+13,2.286773384728e+00,2.597336454529e+00,2.274133634742e+00,2.582980222275e+00,2.657973232201e+00,2.491832819300e+00
321.40000000,4.906579609644e+12,1.786417373879e-02,2.029027886701e-02,1.044131153894e-02,1.185932998294e-02,2.880202669136e-02,2.700171487900e-02
321.60000000,-1.805610968215e+13,1.300886634372e-02,1.477557986825e-02,2.323203154432e-02,2.638713797884e-02,3.165913179500e-02,2.968023254772e-02
321.80000000,7.203666393814e+12,1.389539738880e-02,1.578250928978e-02,3.552031277784e-02,4.034427176686e-02,-3.154438394973e-03,-2.957265718039e-03
322.00000000,-2.367776596764e+13,5.927180210042e-02,6.732141162266e-02,2.431811540152e-02,2.762072121248e-02,4.562058852310e-02,4.276900848378e-02
322.20000000,7.624595289401e+11,1.234904368781e-02,1.402614774298e-02,-7.652968643471e-03,-8.692306531942e-03,2.434427918766e-02,2.282260524942e-02
322.40000000,8.430244109155e+12,6.595420212402e-03,7.491133780466e-03,-4.928812615953e-03,-5.598187068611e-03,-4.703720104102e-03,-4.409707361311e-03
322.60000000,-2.246432137260e+13,1.042346663945e-02,1.183906112692e-02,7.555447272979e-04,8.581540934280e-04,1.748250805990e-02,1.638973892573e-02
322.80000000,9.699656996099e+12,5.513902568790e-03,6.262736939428e-03,-4.332069745654e-03,-4.920401467881e-03,1.139787532203e-02,1.068543484699e-02
323.00000000,3.177093475446e+12,-7.013230287731e-03,-7.965685980070e-03,7.549865683471e-03,8.575201317690e-03,1.507236486020e-02,1.413024516881e-02
323.20000000,2.249579698001e+11,-1.413401195747e-02,-1.605352972492e-02,1.110892050852e-02,1.261760589879e-02,-1.662225743011e-02,-1.558325949013e-02
323.40000000,-9.720652494691e+12,-9.235728302562e-03,-1.049001792857e-02,-1.305729635981e-03,-1.483058767459e-03,-1.798660105471e-02,-1.686232286797e-02
323.60000000,4.338589620719e+12,1.309202761633e-02,1.487003514152e-02,-1.124553015687e-02,-1.277276829313e-02,4.483821235321e-03,4.203553585375e-03
323.80000000,-2.942559597909e+13,2.401857582965e-03,2.728050055368e-03,2.547031178898e-02,2.892939561733e-02,-1.863503757440e-03,-1.747022793692e-03
324.00000000,-9.197243883853e+12,1.261869564287e-03,1.433242070278e-03,3.062096774732e-03,3.477955423110e-03,-3.149865583633e-03,-2.952978736803e-03
324.20000000,-1.098111061932e+13,-1.818961206121e-02,-2.065991445231e-02,-2.900872418563e-03,-3.294835435360e-03,-2.905383313986e-02,-2.723778180581e-02
324.40000000,-1.175388261470e+13,-2.800625437844e-02,-3.180973940738e-02,1.776145223097e-04,2.017360771184e-04,-3.994847195355e-02,-3.745143566112e-02
324.60000000,-2.867174854688e+13,-1.451239556554e-02,-1.648330101122e-02,-3.576772740080e-03,-4.062528738883e-03,-4.789941183004e-02,-4.490539068539e-02
324.80000000,-1.342240145941e+13,-8.032700807701e-03,-9.123609175924e-03,-2.212450582448e-02,-2.512920089620e-02,-3.150009597698e-02,-2.953113749064e-02
325.00000000,-4.333167151036e+13,-3.295081745149e-03,-3.742581575631e-03,-2.430269712331e-02,-2.760320900164e-02,-2.100408165780e-02,-1.969119153651e-02
325.20000000,-1.698396501536e+13,-1.164521451284e-02,-1.322673264303e-02,-3.285424795762e-02,-3.731613278825e-02,-3.181162843778e-02,-2.982319717006e-02
325.40000000,3.260150855681e+12,-3.314477191143e-02,-3.764611086412e-02,-3.853376238203e-03,-4.376697332210e-03,-2.369581441366e-02,-2.221467369222e-02
325.60000000,-1.510478275609e+13,-1.743995143757e-02,-1.980844360728e-02,-2.977333236626e-03,-3.381680279400e-03,-2.057016176934e-02,-1.928439443039e-02
325.80000000,-1.930046515793e+13,-9.912961100129e-03,-1.125922463924e-02,4.000596105672e-03,4.543910903211e-03,-2.325793740027e-02,-2.180416680692e-02
326.00000000,-6.640735006661e+12,-1.212644449023e-02,-1.377331770111e-02,7.341959323129e-04,8.339059514660e-04,-1.366376191814e-02,-1.280968896536e-02
326.20000000,-1.936280757697e+13,-4.321478298406e-03,-4.908371418377e-03,-9.312105464172e-03,-1.057676816975e-02,6.492079988401e-03,6.086283256971e-03
326.40000000,1.236200308759e+13,1.091391424123e-02,1.239611564034e-02,-3.092612247593e-03,-3.512615155356e-03,2.252825657969e-02,2.112009572813e-02
326.60000000,5.220480052395e+12,-6.176282155183e-03,-7.015073247854e-03,-5.061795873598e-03,-5.749230577728e-03,-1.550519033909e-02,-1.453601627299e-02
326.80000000,-1.067413284102e+13,-5.603017289959e-02,-6.363954189669e-02,-1.844341547838e-02,-2.094818733784e-02,-2.326349698420e-02,-2.180937888112e-02
327.00000000,1.770671693399e+12,-3.333192287610e-02,-3.785867850474e-02,-2.480579547123e-02,-2.817463236159e-02,5.377823238975e-02,5.041674717009e-02
327.20000000,7.117782168011e+12,-6.513061407480e-03,-7.397589956751e-03,-2.121305235733e-02,-2.409396433701e-02,2.182158571798e-02,2.045759633788e-02
327.40000000,-8.218449295255e+12,-5.879957842094e-04,-6.678505599350e-04,-2.372158517755e-02,-2.694317713725e-02,-7.710341189363e-03,-7.228395301690e-03
327.60000000,-1.258878894685e+13,1.498032530096e-02,1.701477954254e-02,-5.269004046006e-03,-5.984579373000e-03,-7.948139516255e-04,-7.451329704542e-04
327.80000000,3.231689086038e+12,2.108377118379e-02,2.394712473930e-02,-1.604828048552e-03,-1.822777274930e-03,6.238012579654e-03,5.848096694458e-03
328.00000000,2.476846535093e+13,5.106824478107e-02,5.800374218298e-02,3.168173763773e-02,3.598438564709e-02,1.598410114049e-02,1.498499207079e-02
328.20000000,3.079032008542e+12,9.160579827642e-02,1.040466365835e-01,9.928219385815e-02,1.127655557448e-01,1.264985825265e-01,1.185916079650e-01
328.40000000,-4.476851533004e+12,3.372199135589e-02,3.830172156668e-02,5.843176957549e-02,6.636729823627e-02,-7.278703361859e-03,-6.823737613043e-03
328.60000000,-4.316708475362e+11,6.605476118244e-02,7.502555362946e-02,7.459339975681e-03,8.472381452904e-03,5.135730878147e-02,4.814714684943e-02
328.80000000,4.831592675927e+12,3.116742312862e-02,3.540022147639e-02,-8.316189659440e-03,-9.445598572953e-03,6.961525864196e-03,6.526385747854e-03
329.00000000,-6.482274432354e+12,3.532821219716e-03,4.012608071523e-03,-1.093594394152e-02,-1.242113765054e-02,-3.292281744752e-03,-3.086492972378e-03
329.20000000,6.494264669169e+12,1.273312984362e-02,1.446239603100e-02,-5.267074971616e-03,-5.982388313987e-03,-1.056770639862e-02,-9.907156817758e-03
329.40000000,3.494101220284e+13,3.510625055447e-02,3.987397481354e-02,7.888304449816e-04,8.959602931814e-04,-1.154848315538e-02,-1.082662872262e-02
329.60000000,2.512638789712e+13,3.393899214048e-02,3.854819288398e-02,-6.203558804523e-03,-7.046054574371e-03,-2.038788167216e-02,-1.911350801100e-02
329.80000000,1.672999984294e+13,2.847803901064e-02,3.234559636290e-02,-4.714128097234e-03,-5.354346575947e-03,6.497153542284e-03,6.091039681123e-03
330.00000000,1.208728655239e+13,4.518803901097e-02,5.132495498491e-02,2.655513833663e-02,3.016155078814e-02,6.403259853666e-02,6.003014951608e-02
330.20000000,3.712373305792e+12,1.619081179263e-02,1.838966028652e-02,-2.816646390655e-03,-3.199170800281e-03,2.220486256609e-02,2.081691591921e-02
330.40000000,-9.688137439526e+12,8.955095523636e-03,1.017127285662e-02,6.731069714013e-04,7.645205928295e-04,-1.960251764118e-02,-1.837723428041e-02
330.60000000,-8.950431273583e+12,-1.381799257659e-05,-1.569459225221e-05,-3.918808786850e-03,-4.451016174544e-03,-3.126357909273e-02,-2.930940443202e-02
330.80000000,-1.320661433716e+13,-2.401485407623e-03,-2.727627335482e-03,-2.754405383420e-02,-3.128476937684e-02,-3.746883456883e-02,-3.512679155247e-02
331.00000000,4.250909962162e+12,1.065261209871e-02,1.209932646790e-02,-9.882383563868e-03,-1.122449486013e-02,-1.145375690225e-02,-1.073782346924e-02
331.20000000,2.189981174798e+13,2.398192176491e-02,2.723886855849e-02,-9.968733823278e-03,-1.132257221532e-02,1.993271545946e-02,1.868679261248e-02
331.40000000,-2.530873951972e+13,3.695069748349e-02,4.196891315732e-02,4.405611989046e-03,5.003931370119e-03,3.238635251965e-02,3.036199730238e-02
331.60000000,-9.262335206957e+12,3.081337131462e-02,3.499808644655e-02,3.390722904327e-02,3.851211761391e-02,2.851283924701e-02,2.673060350886e-02
331.80000000,-2.068537711376e+12,-1.200022813602e-02,-1.362996010383e-02,6.198891800771e-03,7.040753752025e-03,-2.793762358863e-02,-2.619134252672e-02
332.00000000,-2.054357021303e+13,-3.621487667137e-02,-4.113316168668e-02,-1.987965757273e-02,-2.257948325969e-02,-5.289186284169e-02,-4.958578141652e-02
332.20000000,-8.257492313364e+12,-2.764759215146e-02,-3.140236783168e-02,-2.202569088456e-02,-2.501696605144e-02,-3.689152696089e-02,-3.458556938105e-02
332.40000000,8.514528815298e+12,-1.652613416746e-02,-1.877052226173e-02,-2.954508588415e-03,-3.355755850858e-03,1.149198171815e-02,1.077365898842e-02
332.60000000,-6.135338861390e+11,-1.860296063567e-03,-2.112939924168e-03,8.201881442490e-03,9.315766333056e-03,2.333719986876e-02,2.187847486162e-02
332.80000000,1.282313953964e+13,1.986501287659e-04,2.256284879767e-04,9.206404705833e-03,1.045671235417e-02,1.084883178626e-02,1.017071006154e-02
333.00000000,-1.324826499693e+13,-3.631249635281e-02,-4.124403894237e-02,-2.375727376583e-02,-2.698371253776e-02,-2.698668262217e-03,-2.529984148346e-03
333.20000000,1.737874449912e+13,-3.309038147326e-02,-3.758433374673e-02,-3.358881849875e-02,-3.815046422358e-02,-2.881980459278e-02,-2.701838154730e-02
333.40000000,4.691754796859e+12,1.768967313435e-02,2.009207961200e-02,-4.713647056790e-04,-5.353800206137e-04,-9.710412357108e-03,-9.103449164665e-03
333.60000000,-6.319543561997e+10,2.130354408707e-02,2.419674465233e-02,2.765194434809e-02,3.140731233531e-02,1.002908295035e-02,9.402200797367e-03
333.80000000,-5.134147254257e+12,1.557731060448e-02,1.769284047415e-02,1.557495810838e-02,1.769016918888e-02,3.780715301807e-03,3.544396292387e-03
334.00000000,1.959070000909e+11,1.886023446540e-02,2.142161302256e-02,3.386958613441e-02,3.846936247956e-02,1.856023991141e-02,1.740010560868e-02
334.20000000,7.141451702851e+12,2.343519938508e-02,2.661789667858e-02,1.845944759726e-02,2.096639675411e-02,3.562197834139e-02,3.339537571114e-02
334.40000000,4.854441269090e+12,2.241575830989e-02,2.546000692636e-02,9.184578161223e-03,1.043192158014e-02,8.095996571547e-03,7.589944743432e-03
334.60000000,1.190093132747e+13,2.488255657966e-03,2.826181716030e-03,-1.482538644234e-02,-1.683879934897e-02,8.716765482343e-03,8.171911606899e-03
334.80000000,-1.232968984476e+13,-3.954292496240e-02,-4.491318694254e-02,-1.759739383631e-02,-1.998726879915e-02,-3.905539411824e-03,-3.661418093137e-03
335.00000000,7.426618293962e+12,-1.457782793408e-02,-1.655761964604e-02,-2.613080691246e-02,-2.967959156659e-02,-3.692278567855e-02,-3.461487422792e-02
335.20000000,1.922759641925e+13,-5.018454723311e-03,-5.700003107131e-03,1.040178693929e-03,1.181443760827e-03,-5.103357124308e-03,-4.784364498822e-03
335.40000000,1.771105969926e+13,1.169986671494e-02,1.328880707410e-02,-1.036008953560e-02,-1.176707734437e-02,-1.722241489605e-02,-1.614590325654e-02
335.60000000,7.705347641390e+12,1.028908132681e-02,1.168642515791e-02,-1.308893440196e-02,-1.486652243054e-02,-1.456834266708e-02,-1.365772760269e-02
335.80000000,-7.097972339685e+12,2.271232935126e-02,2.579685481091e-02,1.628648252196e-02,1.849832463756e-02,8.837220661138e-03,8.284837562713e-03
336.00000000,5.594923307905e+12,1.820520458055e-02,2.067762456699e-02,3.254047222954e-02,3.695974366165e-02,6.345483256848e-03,5.948849763488e-03
336.20000000,1.449877685460e+13,1.247381250685e-02,1.416786121763e-02,1.548691850056e-02,1.759017305747e-02,6.091928997344e-03,5.711144275091e-03
336.40000000,6.091258439672e+12,-1.650272368269e-02,-1.874393243612e-02,-2.413975713051e-02,-2.741814037929e-02,-3.440180815145e-02,-3.225147400152e-02
336.60000000,-1.529130324120e+13,-1.570623314897e-02,-1.783927178512e-02,-3.593149108362e-02,-4.081129156528e-02,-2.476189948314e-02,-2.321412159189e-02
336.80000000,-1.789431692732e+13,-1.481130532356e-03,-1.682280522983e-03,-1.924536245056e-02,-2.185904549358e-02,-2.500592897191e-02,-2.344289766895e-02
337.00000000,-1.553548406502e+13,1.456158359701e-03,1.653916919130e-03,-3.529386861804e-02,-4.008707457437e-02,-3.210919308766e-02,-3.010216211652e-02
337.20000000,-1.290764943459e+13,3.189782939259e-03,3.622982305768e-03,-1.188955864673e-02,-1.350426130062e-02,-2.843805305980e-02,-2.666049193910e-02
337.40000000,7.538098442816e+12,9.536445197758e-03,1.083157470879e-02,6.759995716252e-03,7.678060326357e-03,1.166373091438e-02,1.093467275585e-02
337.60000000,-2.456961038478e+13,2.392585391242e-02,2.717518621980e-02,2.752038200579e-02,3.125788271386e-02,7.746717163405e-03,7.262497543524e-03
337.80000000,-7.005692443494e+12,2.716890436019e-02,3.085867021000e-02,1.227262918491e-02,1.393935605879e-02,4.227577179780e-03,3.963326430484e-03
338.00000000,-1.811274328605e+12,-1.128510148832e-02,-1.281771323928e-02,-1.021411928794e-02,-1.160128310212e-02,-3.285678722239e-02,-3.080302681218e-02
338.20000000,-1.360278029860e+13,-8.791736390673e-03,-9.985728178665e-03,-2.077130201882e-02,-2.359222056517e-02,-1.127980155753e-03,-1.057474145177e-03
338.40000000,9.614958673464e+12,-5.574690072714e-03,-6.331779897936e-03,-2.115435527156e-02,-2.402729569040e-02,-2.340442432300e-02,-2.194149735533e-02
338.60000000,-2.463885601659e+13,3.857191853622e-03,4.381030967227e-03,-2.114230953510e-02,-2.401361404102e-02,-2.805701106089e-03,-2.630326751452e-03
338.80000000,7.785519797957e+11,6.683599220908e-03,7.591288240390e-03,3.213340024273e-03,3.649738785507e-03,7.344126101446e-03,6.885071010859e-03
339.00000000,1.558920590132e+13,6.573708191396e-03,7.466473084292e-03,2.182791391477e-02,2.479232929589e-02,2.597913290858e-02,2.435527010367e-02
339.20000000,1.840993620579e+12,1.562330269476e-02,1.774507867734e-02,1.915314629747e-02,2.175430560673e-02,6.334909004577e-04,5.938936469960e-04
339.40000000,2.185870214129e+13,3.465453213433e-03,3.936090923056e-03,-2.796003345219e-03,-3.175724254628e-03,-3.576313696396e-03,-3.352771101240e-03
339.60000000,4.219666397485e+12,-2.668692092771e-02,-3.031122937130e-02,-4.978991899777e-02,-5.655181123713e-02,-9.623083226228e-03,-9.021578665831e-03
339.80000000,-4.321657172731e+12,7.038425618466e-03,7.994303048750e-03,1.143448045010e-02,1.298737963477e-02,3.513649034612e-02,3.294023383637e-02
340.00000000,6.525470071455e+12,7.081983867681e-03,8.043776874769e-03,3.366664727589e-02,3.823886280711e-02,4.451432533261e-02,4.173189385394e-02
340.20000000,-1.137267378880e+13,6.836559022645e-03,7.765021270424e-03,1.156195518693e-02,1.313216651934e-02,1.093101089149e-02,1.024775244444e-02
340.40000000,-1.545733954974e+13,-6.319633827877e-04,-7.177893284059e-04,-1.943651400359e-03,-2.207615704472e-03,-1.914897992881e-02,-1.795204559047e-02
340.60000000,3.472350253263e+12,6.092409627351e-03,6.919810124921e-03,4.770324387016e-03,5.418174797322e-03,-5.120810354436e-04,-4.800726789871e-04
340.80000000,-1.388371663906e+12,1.071172441367e-03,1.216646673269e-03,-5.532313340699e-03,-6.283648297597e-03,-1.444266955834e-02,-1.353990987110e-02
341.00000000,3.450114841502e+12,-5.868818950746e-03,-6.665853952823e-03,-4.868539506122e-02,-5.529728360535e-02,-3.594320710540e-02,-3.369652561248e-02
341.20000000,-1.606455637452e+13,-2.525210366890e-02,-2.868155185415e-02,-4.075642970215e-02,-4.629149766880e-02,-1.920999462382e-02,-1.800924647483e-02
341.40000000,-1.072769879875e+13,3.259372944292e-02,3.702023219114e-02,1.462159814957e-02,1.660733488192e-02,2.204071199384e-02,2.066302581292e-02
341.60000000,7.050161077881e+12,5.021026771384e-02,5.702924460978e-02,4.539723438238e-02,5.156256288738e-02,1.809733751456e-02,1.696613758724e-02
341.80000000,-1.532680797777e+13,5.470749389134e-02,6.213723194823e-02,3.920450234232e-02,4.452880544368e-02,3.168300993769e-02,2.970261815300e-02
342.00000000,-3.680268560380e+12,3.700022341143e-02,4.202516512305e-02,1.284024626852e-02,1.458406034458e-02,1.734243229479e-02,1.625841879637e-02
342.20000000,1.007544156137e+13,1.579255197741e-02,1.793731343688e-02,2.722600776792e-03,3.092352996399e-03,8.323574857702e-03,7.803297923791e-03
342.40000000,-1.210485805907e+13,4.520060672453e-03,5.133922949974e-03,-1.711128143996e-02,-1.943513822670e-02,4.251310896086e-03,3.985576636957e-03
342.60000000,3.293863167170e+12,-1.522163616195e-03,-1.728886244917e-03,-1.454666398177e-02,-1.652222402016e-02,1.121435302852e-02,1.051338387654e-02
342.80000000,-3.958511554274e+13,1.937473941379e-02,2.200599207272e-02,7.850597498353e-04,8.916775057329e-04,2.033903184407e-02,1.906771161119e-02
343.00000000,-1.209226040645e+13,8.958099452576e-03,1.017468474439e-02,7.590312292633e-04,8.621140918572e-04,4.048856650200e-02,3.795777082848e-02
343.20000000,-1.257959521947e+13,1.576055420824e-02,1.790097010137e-02,-7.974878049848e-03,-9.057933959168e-03,1.445330710855e-02,1.354988250604e-02
343.40000000,-3.573118982747e+13,1.091176250002e-02,1.239367167457e-02,2.471597681426e-03,2.807261557112e-03,1.335017023913e-02,1.251569878210e-02
343.60000000,1.794630824877e+13,3.385048264404e-03,3.844766305307e-03,2.353219415992e-03,2.672806521712e-03,1.413416726109e-02,1.325069095053e-02
343.80000000,-1.165867577043e+13,4.278641106594e-03,4.859716575424e-03,6.303149650617e-03,7.159170699938e-03,1.936064840160e-02,1.815048342308e-02
344.00000000,2.209158841607e+13,9.254097556277e-03,1.051088188152e-02,8.722084976120e-03,9.906617907651e-03,3.680896655495e-02,3.450816953119e-02
344.20000000,-8.071662465307e+12,8.102923762788e-03,9.203368999268e-03,1.528302107169e-02,1.735858463272e-02,2.690733560462e-02,2.522545416456e-02
344.40000000,-1.875707941217e+12,-5.480367287008e-03,-6.224647284166e-03,-1.837768435605e-02,-2.087352937299e-02,-1.158194259754e-02,-1.085799673457e-02
344.60000000,1.544804635738e+13,-2.834453251200e-02,-3.219395855823e-02,-1.310228085475e-02,-1.488168144453e-02,7.888262585023e-03,7.395195466414e-03
344.80000000,-1.726332992338e+13,-1.641642666123e-02,-1.864591555293e-02,-1.293545912002e-02,-1.469220390685e-02,-4.355433368889e-03,-4.083190785893e-03
345.00000000,-1.729300669943e+13,-8.056741674270e-03,-9.150914994486e-03,-5.614813353200e-03,-6.377352509773e-03,-6.693876694829e-03,-6.275466372064e-03
345.20000000,-2.824866238165e+12,-1.261864567947e-02,-1.433236395392e-02,-1.218924839320e-03,-1.384465145013e-03,1.595448214769e-02,1.495722445543e-02
345.40000000,-6.730696931486e+12,1.626627552378e-02,1.847537262742e-02,1.032102191881e-02,1.172270401470e-02,5.560057496963e-03,5.212518162442e-03
345.60000000,1.473015768234e+13,1.671067072025e-02,1.898012043135e-02,1.939303830452e-02,2.202677697790e-02,1.298900815469e-02,1.217711164954e-02
345.80000000,-3.500761141946e+12,-1.957952606839e-02,-2.223859047837e-02,-1.270920403609e-02,-1.443522146833e-02,-2.274430537061e-02,-2.132264008082e-02
346.00000000,1.588052388886e+13,-2.839148912337e-02,-3.224729227258e-02,-3.488604427401e-02,-3.962386423409e-02,-5.905359510872e-02,-5.536236580823e-02
346.20000000,1.077992430824e+13,3.377943830345e-03,3.836697029317e-03,-1.185215271715e-02,-1.346177532934e-02,-3.092419411621e-02,-2.899123319815e-02
346.40000000,-8.075123913001e+12,1.263889150157e-02,1.435535932904e-02,-1.393941401733e-03,-1.583250437301e-03,2.896743986069e-02,2.715678866194e-02
346.60000000,-1.564253810427e+13,1.654753545381e-02,1.879483002287e-02,9.152178077868e-03,1.039512129135e-02,1.261712345525e-02,1.182847213436e-02
346.80000000,-4.367875872842e+12,4.031686943019e-03,4.579223958213e-03,-1.118464035875e-02,-1.270360914529e-02,-5.216201810901e-03,-4.890155667119e-03
347.00000000,1.113223661640e+12,4.696346932957e-03,5.334150368176e-03,-2.420916026904e-02,-2.749696905121e-02,-2.787639282378e-02,-2.613393907827e-02
347.20000000,-1.477615587045e+13,-1.804340990295e-02,-2.049385681061e-02,-2.527958221408e-02,-2.871276335252e-02,-2.480290599043e-02,-2.325256492888e-02
347.40000000,-8.191010325333e+12,-1.445116723043e-02,-1.641375735294e-02,-1.382071172669e-02,-1.569768130705e-02,-9.769970896162e-03,-9.159284912176e-03
347.60000000,-2.095925497690e+13,5.085725931116e-02,5.776410311072e-02,9.543986097238e-03,1.084014015458e-02,4.706139821484e-02,4.411975830803e-02
347.80000000,-7.220885973701e+12,1.778824818460e-02,2.020404198362e-02,1.987409414068e-02,2.257316426650e-02,4.648117009099e-02,4.357579817172e-02
348.00000000,-1.739167592342e+13,1.167805627692e-02,1.326403459506e-02,5.891537804958e-03,6.691658483263e-03,7.620331587843e-03,7.144011878862e-03
348.20000000,-3.940347382767e+12,3.201366788065e-02,3.636139338725e-02,7.625760801854e-03,8.661403635248e-03,1.722353911471e-03,1.614695720431e-03
348.40000000,-1.924290017788e+12,1.311932705757e-02,1.490104207662e-02,4.866997617178e-03,5.527977070028e-03,3.013772007850e-03,2.825391884339e-03
348.60000000,-9.437438765564e+12,1.860511257300e-03,2.113184343022e-03,6.580110036077e-03,7.473744648921e-03,6.977610989512e-03,6.541465449440e-03
348.80000000,6.876425290915e+11,1.362141986311e-02,1.547132331047e-02,2.163168068141e-02,2.456944592924e-02,2.697899482459e-02,2.529263422265e-02
349.00000000,1.108070444229e+13,5.757445221151e-03,6.539354733493e-03,2.913957188001e-02,3.309697227190e-02,4.405684464000e-02,4.130300864538e-02
349.20000000,-6.657258146540e+12,-8.473774366062e-03,-9.624584235328e-03,2.636093851724e-02,2.994097699029e-02,3.856512361098e-02,3.615455548235e-02
349.40000000,-6.433585196401e+12,-2.246390899743e-04,-2.551469688242e-04,1.532608296252e-02,1.740749469264e-02,2.459555233174e-03,2.305817220676e-03
349.60000000,-1.907442499615e+13,-1.926666304512e-02,-2.188323802368e-02,9.046011210797e-04,1.027453606553e-03,-1.452119986695e-02,-1.361353153061e-02
349.80000000,1.641420022784e+13,1.366108499173e-02,1.551637529735e-02,1.674913071573e-02,1.902380437021e-02,1.077240671259e-02,1.009906204626e-02
350.00000000,1.596671235252e+13,1.772008057417e-02,2.012661663803e-02,2.583464290303e-02,2.934320597902e-02,1.050186845790e-02,9.845434171552e-03
350.20000000,2.803462399176e+12,2.954099964909e-02,3.355291600131e-02,3.322174715085e-02,3.773354148109e-02,3.162559846176e-02,2.964879526336e-02
350.40000000,-1.350842872736e+13,2.609995689256e-02,2.964455068063e-02,2.470801061465e-02,2.806356749420e-02,1.718805867141e-02,1.611369451679e-02
350.60000000,-8.435786659080e+12,1.076650965197e-02,1.222869226739e-02,1.432903878289e-02,1.627504347809e-02,3.216878138325e-02,3.015802576059e-02
350.80000000,-7.938519388125e+12,2.400576688345e-02,2.726595204479e-02,6.962411646784e-03,7.907966052762e-03,4.064275777705e-02,3.810232415767e-02
351.00000000,-1.148608633897e+13,1.274871475399e-02,1.448009750335e-02,1.218603924616e-02,1.384100647378e-02,2.646607390043e-02,2.481177415339e-02
351.20000000,6.805497170613e+12,-1.129353457850e-02,-1.282729161408e-02,9.230898016977e-03,1.048453206419e-02,2.505679302900e-02,2.349058239551e-02
351.40000000,1.280812687846e+13,7.611299053134e-03,8.644977516815e-03,2.558815659120e-02,2.906324474070e-02,3.439169671852e-02,3.224199459815e-02
351.60000000,-2.062548880646e+13,1.526246901079e-02,1.733524074251e-02,3.327826467881e-02,3.779773456751e-02,2.457682076573e-02,2.304061148404e-02
351.80000000,2.092983991598e+13,1.570717467320e-02,1.784034117626e-02,3.705014042424e-02,4.208186295050e-02,3.912547802027e-02,3.667988413902e-02
352.00000000,-1.245951420659e+13,-1.161191181729e-02,-1.318890716117e-02,1.861383968637e-02,2.114175659513e-02,8.258435479414e-03,7.742230175374e-03
352.20000000,1.769097135731e+13,-1.915678878638e-03,-2.175844191596e-03,9.581447556613e-03,1.088268919707e-02,3.831986351107e-03,3.592462571526e-03
352.40000000,-1.529874400381e+13,2.683315373462e-02,3.047732182400e-02,-2.683063936806e-02,-3.047446719047e-02,2.683099856149e-02,2.515388867734e-02
352.60000000,1.096073678522e+12,-1.533584770195e-02,-1.741858487745e-02,-3.835847701227e-02,-4.356788271615e-02,-4.601724137827e-02,-4.314086798575e-02
352.80000000,1.819018401240e+11,-4.987176724108e-02,-5.664477292420e-02,-7.288721264216e-02,-8.278591276930e-02,-3.836206896367e-03,-3.596419305577e-03
353.00000000,-1.742346939410e+13,-3.933494971155e-02,-4.467696690243e-02,-1.151338002789e-02,-1.307699444274e-02,3.838002873905e-03,3.598103022974e-03
353.20000000,-7.618357698898e+12,5.278668282848e-03,5.995555857861e-03,2.387569594107e-02,2.711821744629e-02,1.847554103739e-02,1.732070095874e-02
353.40000000,2.104927029730e+12,-2.880646103588e-03,-3.271862086297e-03,2.400376032587e-02,2.726367405801e-02,-9.961942124962e-03,-9.339256705154e-03
353.60000000,-1.674710749636e+11,-3.938204921081e-02,-4.473046291005e-02,-1.729031968605e-02,-1.963849138133e-02,-2.401279633543e-02,-2.251184220627e-02
353.80000000,-8.262138654415e+11,-8.455926724001e-02,-9.604312733280e-02,-1.076163793084e-01,-1.222315940892e-01,7.694324712452e-03,7.213379957543e-03
354.00000000,2.012585167898e+13,-3.075718390508e-02,-3.493426831395e-02,-3.075862068880e-02,-3.493590160661e-02,-7.345443793439e-13,-6.883139816143e-13
354.20000000,3.710413580010e+12,9.231465516990e-02,1.048517622084e-01,3.843390804399e-03,4.365355792015e-03,-3.076724137818e-02,-2.884409101517e-02
354.40000000,1.613804674296e+13,-9.139727011742e-03,-1.038097885456e-02,-4.330998563636e-03,-4.919184810282e-03,1.539242097703e-02,1.443029572096e-02
354.60000000,3.308878328196e+12,-1.990735564796e-02,-2.261094207368e-02,-2.201270653683e-02,-2.500221831944e-02,1.696045483059e-02,1.590031737910e-02
354.80000000,1.119934736832e+13,-4.869299000424e-03,-5.530590781869e-03,-1.331768781076e-03,-1.512634248758e-03,-6.572318241972e-03,-6.161506103909e-03
355.00000000,-5.160619950618e+12,6.632993632618e-03,7.533809987344e-03,7.439399819162e-03,8.449733254429e-03,-2.580662931070e-02,-2.419354908954e-02
355.20000000,-7.098140114287e+12,1.803203356923e-02,2.048093547504e-02,3.495451452570e-03,3.970163332525e-03,-1.128047204140e-02,-1.057537002608e-02
355.40000000,1.773101981477e+13,3.118861069015e-02,3.542428648708e-02,-5.501499271191e-03,-6.248649416752e-03,3.357477433859e-03,3.147613511827e-03
355.60000000,2.873286051091e+12,3.385894025233e-02,3.845726927574e-02,-4.017862520039e-03,-4.563522242728e-03,6.431696662704e-03,6.029674277284e-03
355.80000000,1.471092941153e+13,2.498408443587e-02,2.837713335378e-02,-2.391942709926e-02,-2.716788766574e-02,1.099178384036e-02,1.030472669335e-02
356.00000000,1.073919203415e+12,1.183816592655e-02,1.344588848250e-02,-1.352790009798e-02,-1.536510338187e-02,2.092042665195e-02,1.961276550627e-02
356.20000000,2.178333931299e+12,1.070872942674e-02,1.216306500133e-02,-1.254608063183e-02,-1.424994452569e-02,4.177495239576e-03,3.916374933479e-03
356.40000000,4.117143876379e+12,2.321622893100e-03,2.636918819412e-03,-5.049068664569e-03,-5.734774906036e-03,1.816520310771e-03,1.702976114458e-03
356.60000000,-2.282774947232e+13,-3.902072849225e-03,-4.432007179725e-03,-1.142914150575e-02,-1.298131561661e-02,-1.532381908123e-02,-1.436598188463e-02
356.80000000,3.717282952804e+11,-1.093269182051e-02,-1.241744337291e-02,-1.980684119479e-02,-2.249677780158e-02,-1.036794734227e-02,-9.719883986515e-03
357.00000000,1.046456680527e+13,-6.337984896524e-03,-7.198736582265e-03,-4.361734644920e-03,-4.954095111442e-03,-1.730464897432e-02,-1.622299717631e-02
357.20000000,8.259607227152e+12,-2.351678430758e-02,-2.671056152012e-02,1.802682197414e-02,2.047501691120e-02,-4.246311775388e-02,-3.980889993438e-02
357.40000000,-2.435437347290e+12,1.900134501043e-03,2.158188756712e-03,8.395697397391e-03,9.535904134381e-03,1.163114174332e-02,1.090412061748e-02
357.60000000,-6.398022956681e+12,8.467686710268e-03,9.617669824648e-03,6.829992937071e-03,7.757563761963e-03,1.243443788998e-02,1.165720559125e-02
357.80000000,6.873728084676e+12,3.046531459794e-03,3.460276069871e-03,-7.586849474230e-03,-8.617207820128e-03,-2.443631507546e-02,-2.290888830260e-02
358.00000000,-1.538376377752e+13,-1.813118478131e-03,-2.059355225611e-03,1.015980879578e-02,1.153959678564e-02,-1.993339542522e-03,-1.868743007601e-03
358.20000000,3.803301843601e+12,5.093455049293e-03,5.785189108542e-03,1.844455260688e-02,2.094947889802e-02,-2.985730800439e-03,-2.799103432644e-03
358.40000000,5.838124475152e+12,-3.156709252577e-03,-3.585416934106e-03,3.550752669853e-02,4.032974922980e-02,8.343952899467e-03,7.822402206953e-03
358.60000000,1.318933427403e+13,-1.457841956411e-03,-1.655829162441e-03,2.614895350178e-02,2.970020261627e-02,-4.644366834950e-03,-4.354064053013e-03
358.80000000,-8.566813142697e+12,-1.517889256122e-02,-1.724031390776e-02,1.637875635841e-02,1.860313004167e-02,-2.251888798674e-02,-2.111131273246e-02
359.00000000,1.183985024602e+12,1.358241679920e-02,1.542702330225e-02,1.056009991463e-02,1.199425082503e-02,-3.431142865438e-02,-3.216674380399e-02
359.20000000,-1.556753708449e+13,-1.764778539556e-02,-2.004450316577e-02,1.134423574260e-02,1.288487893249e-02,2.163153710837e-02,2.027942698803e-02
359.40000000,3.170986623363e+12,-1.326713621622e-02,-1.506892496288e-02,8.980301573806e-03,1.019990250390e-02,-5.025521311072e-03,-4.711393924254e-03
359.60000000,-1.374401423945e+13,-1.454540029974e-02,-1.652078806607e-02,2.549094665715e-02,2.895283287517e-02,2.664592246634e-02,2.498038102783e-02
359.80000000,7.344885189190e+12,-6.118526058834e-04,-6.949473387574e-04,5.593592136072e-03,6.353249271822e-03,-1.137005704021e-02,-1.065935538661e-02
360.00000000,-1.285237468290e+13,-1.521089642781e-02,-1.727666416876e-02,1.643247498955e-03,1.866414411740e-03,-1.319268009165e-02,-1.236805278121e-02
360.20000000,-1.085849810295e+13,2.843702471593e-02,3.229901198181e-02,5.347805132537e-03,6.074082313766e-03,2.942698850296e-02,2.758761256001e-02
360.40000000,-2.432855184071e+12,2.824841393445e-02,3.208478626897e-02,7.512721596446e-03,8.533012749396e-03,6.228182226141e-02,5.838880801231e-02
360.60000000,-3.186735087035e+12,2.184864349507e-02,2.481587314718e-02,4.603623551983e-02,5.228834578546e-02,3.277903023998e-02,3.073013014099e-02
360.80000000,1.456976963108e+13,-1.023626555496e-02,-1.162643655977e-02,2.453417507652e-02,2.786612361928e-02,3.517904809585e-02,3.298013145317e-02
361.00000000,-1.589670596811e+13,9.682825260602e-03,1.099783441602e-02,2.611420535687e-02,2.966073537929e-02,2.850132176937e-02,2.671980594762e-02
361.20000000,1.302750456801e+13,-2.257202004772e-02,-2.563749032319e-02,1.485748738603e-02,1.687525987240e-02,2.201580211519e-02,2.063967296181e-02
361.40000000,5.779608986358e+12,-9.864113018833e-03,-1.120374257743e-02,-3.219913173675e-03,-3.657204624208e-03,5.323195893140e-03,4.990461931443e-03
361.60000000,7.047409222703e+12,-7.306154867593e-03,-8.298392182960e-03,6.622283609270e-03,7.521645750156e-03,-1.890504008826e-02,-1.772335355805e-02
361.80000000,-3.714447362318e+12,3.552450733145e-02,4.034903438065e-02,2.783081135393e-02,3.161047099382e-02,1.503476417583e-02,1.409499476891e-02
362.00000000,-3.493818615268e+12,1.078827017927e-02,1.225340805742e-02,4.213526093068e-02,4.785758584354e-02,1.510956265968e-02,1.416511786670e-02
362.20000000,-5.284131685896e+12,1.386469745549e-02,1.574764004717e-02,3.118833706147e-02,3.542397709824e-02,-1.097097796486e-02,-1.028522131881e-02
362.40000000,-1.801110612806e+13,1.318193064529e-02,1.497214775838e-02,1.627497785341e-02,1.848525753769e-02,2.574016380834e-02,2.413123810832e-02
362.60000000,3.701049765541e+12,5.543058446809e-03,6.295852431041e-03,1.291862071959e-02,1.467307870918e-02,2.247189119908e-02,2.106725354613e-02
362.80000000,-2.334633406590e+12,-3.043896895754e-03,-3.457283709862e-03,1.897069099156e-02,2.154707132664e-02,2.465828048510e-02,2.311697944731e-02
363.00000000,-1.003856367323e+13,2.181492703221e-03,2.477757770492e-03,2.825926172226e-02,3.209710854701e-02,2.422708028927e-02,2.271273203554e-02
363.20000000,-1.751136585984e+13,2.443149049280e-03,2.774949250294e-03,2.473708919430e-02,2.809659519098e-02,1.913853098355e-02,1.794224977146e-02
363.40000000,-3.200367860447e+13,2.866213066349e-03,3.255468921142e-03,1.943571601294e-02,2.207525068019e-02,-2.693553122249e-02,-2.525188737507e-02
363.60000000,-1.177624444378e+13,-3.637960913402e-03,-4.132026620404e-03,-8.047366568381e-03,-9.140267031795e-03,-1.993097473520e-02,-1.868516069468e-02
363.80000000,5.949130823310e+12,-9.064936882201e-03,-1.029603159604e-02,-2.622716171884e-02,-2.978903217086e-02,-1.994191097286e-02,-1.869541334718e-02
364.00000000,-5.952888845963e+12,-2.620314406347e-04,-2.976175153766e-04,-1.178169044947e-02,-1.338174368957e-02,-1.505442462999e-02,-1.411342631830e-02
364.20000000,-1.057691294061e+13,5.308748160364e-03,6.029720835878e-03,2.120374123898e-02,2.408338869002e-02,-6.452864583075e-03,-6.049519066560e-03
364.40000000,-7.482446445354e+12,6.747848227680e-03,7.664262802965e-03,2.309610849001e-02,2.623275542380e-02,2.578789895811e-02,2.417598950439e-02
364.60000000,5.297923422150e+12,2.370418676470e-03,2.692341480799e-03,3.583029289133e-02,4.069634980230e-02,6.154404063089e-03,5.769714247627e-03
364.80000000,-1.720716045065e+13,1.513050040682e-02,1.718534969155e-02,2.023878071330e-02,2.298737836105e-02,1.551688680705e-02,1.454698163651e-02
365.00000000,-1.111587097945e+13,8.282114088097e-03,9.406894878714e-03,2.183500933213e-02,2.480038833095e-02,1.023835278741e-02,9.598389924384e-03
365.20000000,2.879184509602e+12,1.376409748921e-02,1.563337775888e-02,3.762183677196e-02,4.273120049899e-02,1.427452791490e-02,1.338227816121e-02
365.40000000,-7.482975716792e+12,1.063505898752e-02,1.207938949650e-02,3.922948231217e-02,4.455717790478e-02,7.301465597814e-03,6.845077062932e-03
365.60000000,-1.012178816039e+13,4.029351191377e-02,4.576570991842e-02,1.334410980479e-02,1.515635281194e-02,-2.284070354275e-03,-2.141301274754e-03
365.80000000,1.029970515415e+13,2.807149318672e-02,3.188383819484e-02,1.446744310382e-02,1.643224427675e-02,-2.679221611620e-03,-2.511753038417e-03
366.00000000,3.266988895520e+12,3.722469344804e-02,4.228012007965e-02,1.706620543748e-02,1.938394052173e-02,4.020061771408e-02,3.768782069078e-02
366.20000000,2.178406211981e+13,5.902260016551e-03,6.703836596786e-03,9.649792500017e-03,1.096031596201e-02,1.476387432304e-02,1.384103727324e-02
366.40000000,5.745190447913e+12,6.019992620014e-03,6.837558278568e-03,1.903404309920e-02,2.161902718647e-02,2.688574335507e-02,2.520521156941e-02
366.60000000,-2.042941784432e+13,1.698911556815e-02,1.929638043281e-02,4.657885689538e-02,5.290465973457e-02,4.479842683411e-02,4.199823718534e-02
366.80000000,2.001387258176e+13,3.736905578996e-02,4.244408804247e-02,6.856503039431e-02,7.787674160507e-02,3.466986528024e-02,3.250277583665e-02
367.00000000,-1.402530389222e+13,4.683576499660e-02,5.319645602569e-02,5.951944719808e-02,6.760269168212e-02,1.186835407424e-02,1.112650565288e-02
367.20000000,1.725514950609e+13,4.096822554117e-02,4.653205533441e-02,2.285622113912e-02,2.596028934113e-02,2.270586666840e-02,2.128660404459e-02
367.40000000,8.688836781992e+12,2.888216784440e-02,3.280460929320e-02,-1.213118006704e-02,-1.377869695401e-02,-9.046820138045e-03,-8.481335724973e-03
367.60000000,-1.048187206336e+13,2.239676897500e-02,2.543843867999e-02,5.939636194942e-03,6.746289041535e-03,-1.820186455887e-02,-1.706413101937e-02
367.80000000,8.074734118785e+12,1.183797578735e-02,1.344567252078e-02,6.379865867493e-03,7.246305628110e-03,-2.173200162180e-02,-2.037361182357e-02
368.00000000,1.757590411234e+13,5.103011196396e-03,5.796043060840e-03,1.700697853741e-02,1.931667010755e-02,-6.998337237997e-03,-6.560896174162e-03
368.20000000,1.893217660556e+13,1.596700866885e-02,1.813546281513e-02,8.855854955078e-03,1.005855498149e-02,-2.835835106135e-02,-2.658577182788e-02
368.40000000,5.874466889693e+11,1.796821777387e-03,2.040845295763e-03,-1.659708420612e-03,-1.885110865822e-03,-5.722470893268e-03,-5.364779677457e-03
368.60000000,2.169594936596e+13,1.770347106140e-02,2.010775141365e-02,-7.198572545317e-03,-8.176199599316e-03,3.199633620394e-02,2.999635951350e-02
368.80000000,-1.365193215356e+12,3.161998346182e-02,3.591424331132e-02,1.678329890357e-02,1.906261288702e-02,1.792708781196e-02,1.680652958545e-02
369.00000000,8.207551622143e+12,2.658319515325e-02,3.019341676376e-02,1.164473680015e-02,1.322619057600e-02,-1.085134698708e-03,-1.017306804614e-03
369.20000000,7.864541967418e+12,6.485568256543e-03,7.366363004551e-03,1.922324736769e-02,2.183392699537e-02,7.511793909605e-03,7.042258503212e-03
369.40000000,-1.418312568825e+12,-1.821619509648e-02,-2.069010768748e-02,1.337562152977e-02,1.519214409577e-02,-1.389389766066e-03,-1.302543974462e-03
369.60000000,-1.240493910411e+13,1.228491783801e-03,1.395331306313e-03,-5.196729279463e-03,-5.902489081691e-03,1.921631648983e-02,1.801517318359e-02
369.80000000,-2.329004305092e+13,1.209557119600e-02,1.373825155371e-02,-2.887800714935e-02,-3.279988483789e-02,-6.676624195317e-03,-6.259292264674e-03
370.00000000,9.321751089508e+12,7.018190161690e-03,7.971319446654e-03,8.842321691962e-03,1.004318378675e-02,1.093294526419e-02,1.024956590641e-02
370.20000000,1.928793573989e+12,1.780443506290e-02,2.022242717621e-02,3.614807567955e-03,4.105729018171e-03,3.209814161123e-03,3.009180142841e-03
370.40000000,1.183763117435e+13,-2.054880252967e-02,-2.333950283997e-02,-1.147586831563e-02,-1.303438832260e-02,-3.695667885413e-02,-3.464664886215e-02
370.60000000,-1.083914086122e+13,-5.400679365138e-02,-6.134137071899e-02,-1.376435212762e-02,-1.563366759759e-02,-4.322230563259e-02,-4.052063369049e-02
370.80000000,2.153553805250e+13,-5.785694670561e-02,-6.571440695864e-02,-2.348232169058e-02,-2.667141964450e-02,-1.823367265384e-02,-1.709395090393e-02
371.00000000,3.838054997410e+12,-3.242860607047e-02,-3.683268367512e-02,-1.093536343423e-02,-1.242047830545e-02,-2.374508085906e-02,-2.226086066809e-02
371.20000000,-3.937546298086e+12,-8.676213048227e-03,-9.854515794137e-03,-6.115103554346e-03,-6.945586352859e-03,3.964387500455e-03,3.716587797944e-03
371.40000000,1.769847880790e+13,1.044853879938e-02,1.186753829716e-02,-4.340024586618e-03,-4.929436643548e-03,3.283835469660e-03,3.078574643774e-03
371.60000000,9.251363550886e+12,1.199410099459e-02,1.362300084503e-02,3.176845250453e-03,3.608287712645e-03,3.748227873254e-02,3.513939536952e-02
371.80000000,-1.486959544810e+13,-2.338889838494e-02,-2.656530761297e-02,-3.728301353956e-02,-4.234636220507e-02,-1.513277150033e-02,-1.418687600562e-02
372.00000000,-4.133880995986e+13,-3.219784367241e-02,-3.657058180144e-02,-3.620160942495e-02,-4.111809426265e-02,-4.612958781249e-02,-4.324619204565e-02
372.20000000,9.705965797584e+12,-2.440131062243e-02,-2.771521395219e-02,-1.316076073174e-02,-1.494810338358e-02,-4.142651035560e-02,-3.883708716197e-02
372.40000000,9.737016755124e+12,2.495474005047e-03,2.834380375390e-03,3.327385031907e-03,3.779272070037e-03,-7.979991855371e-03,-7.481191067713e-03
372.60000000,1.784041224036e+13,-4.189800181941e-03,-4.758810305569e-03,-4.716386431885e-03,-5.356911611550e-03,-2.412086929035e-02,-2.261315990680e-02
372.80000000,-1.231591937040e+13,1.273437813441e-02,1.446381385018e-02,8.049992358899e-03,9.143249426880e-03,-3.533316378557e-03,-3.312461392160e-03
373.00000000,-5.023239897715e+12,6.365403524935e-03,7.229878891155e-03,2.781383903913e-02,3.159119369508e-02,3.825575142998e-02,3.586452105136e-02
373.20000000,-5.776280736930e+12,-1.002834696682e-02,-1.139028087765e-02,4.083610164371e-02,4.638198973408e-02,5.174823608476e-02,4.851363868331e-02
373.40000000,2.024817013642e+13,2.383649938673e-02,2.707369659756e-02,-3.570629695162e-03,-4.055551416493e-03,4.357705915853e-03,4.085321284064e-03
373.60000000,-3.592137137841e+12,-1.926392552525e-03,-2.188012872557e-03,-2.601819837553e-02,-2.955168983763e-02,-3.666194009576e-02,-3.437033317081e-02
373.80000000,1.508066766828e+13,-5.813623359195e-03,-6.603162335445e-03,-9.264139854135e-03,-1.052228842406e-02,-2.707729476166e-03,-2.538478978176e-03
374.00000000,-3.410171840756e+13,-2.096226255375e-02,-2.380911421475e-02,-1.538149129324e-02,-1.747042794345e-02,-1.844514098936e-02,-1.729220110913e-02
374.20000000,-1.290690802677e+13,-3.032857344354e-02,-3.444744894480e-02,-1.065266674823e-02,-1.209938901778e-02,-1.803015475425e-02,-1.690315418132e-02
374.40000000,2.321492988967e+12,-8.248111631657e-03,-9.368274602545e-03,1.212282108398e-03,1.376920275033e-03,6.401784790953e-03,6.001632089796e-03
374.60000000,3.174538331220e+12,-6.526941338313e-03,-7.413354898997e-03,1.632567895052e-04,1.854284427279e-04,1.149610712504e-02,1.077752653086e-02
374.80000000,3.441524622891e+12,6.598290567297e-03,7.494393953711e-03,-3.293899460987e-03,-3.741238875285e-03,2.920027800341e-02,2.737507292402e-02
375.00000000,-2.384350642565e+12,-2.314435398544e-02,-2.628755202608e-02,-9.281377925488e-03,-1.054186757135e-02,-2.867420657035e-04,-2.688188433717e-04
375.20000000,6.292979819886e+12,-3.277412309026e-02,-3.722512481386e-02,-3.408929856178e-02,-3.871891371340e-02,-1.545741745633e-02,-1.449122950250e-02
375.40000000,4.953008348032e+12,-1.313688561595e-02,-1.492098523498e-02,-2.479638832387e-02,-2.816394764404e-02,-1.101101282077e-02,-1.032275373888e-02
375.60000000,-2.513507820550e+13,-2.051985378042e-02,-2.330662260696e-02,2.349593552059e-03,2.668688234780e-03,4.705307316738e-03,4.411195362955e-03
375.80000000,-1.765429964409e+13,-6.175913714617e-03,-7.014654769958e-03,9.642969458133e-03,1.095256629331e-02,1.801444449641e-02,1.688842591558e-02
376.00000000,3.285419428191e+12,8.372252557023e-03,9.509274910274e-03,2.476025686253e-02,2.812290922457e-02,3.215743908385e-02,3.014739242782e-02
376.20000000,-5.546351861528e+12,-1.137950885820e-02,-1.292494192447e-02,3.026301100752e-02,3.437298393759e-02,-4.522973624111e-03,-4.240258698187e-03
376.40000000,1.017018042601e+13,2.150824257653e-02,2.442924291928e-02,4.132043723329e-02,4.693210219437e-02,1.828162147024e-02,1.713890261109e-02
376.60000000,3.712928991714e+12,-5.820587078724e-03,-6.611071786689e-03,2.225057060388e-02,2.527238633920e-02,2.054334350611e-02,1.925925248100e-02
376.80000000,9.565283194963e+12,-1.232758617689e-02,-1.400177612151e-02,1.978241879872e-02,2.246903863750e-02,7.027495993494e-03,6.588232320004e-03
377.00000000,7.005768827599e+12,5.812594223072e-03,6.601993433977e-03,2.247728134356e-02,2.552988631538e-02,-6.795330928676e-03,-6.370579064132e-03
377.20000000,-1.951317344009e+13,2.018420879403e-02,2.292539420682e-02,3.790346321151e-02,4.305107419168e-02,1.791236390935e-02,1.679272602141e-02
377.40000000,1.483060912606e+13,2.127329915019e-02,2.416239219849e-02,2.406413927751e-02,2.733225298211e-02,7.930312659526e-03,7.434617140956e-03
377.60000000,-7.043685470610e+12,2.073676386064e-02,2.355299090145e-02,9.340888449147e-03,1.060946012760e-02,1.078316112411e-02,1.010914423792e-02
377.80000000,3.358954858218e+11,-7.214279975055e-03,-8.194039906850e-03,1.052664571859e-02,1.195625326613e-02,-1.086201431137e-03,-1.018306859410e-03
378.00000000,-1.012982481130e+13,-1.871039060671e-02,-2.125141910686e-02,3.892358841038e-02,4.420974102316e-02,3.870174815233e-02,3.628264011163e-02
378.20000000,-1.516699751485e+13,-4.877288986200e-02,-5.539665874952e-02,3.142991303217e-02,3.569836112958e-02,-5.721416445541e-02,-5.363791139492e-02
378.40000000,-1.610860356812e+13,-5.403455826613e-03,-6.137290600207e-03,2.396823603483e-03,2.722332526771e-03,-3.921201292175e-02,-3.676101005289e-02
378.60000000,1.009539503662e+13,-4.493155607192e-04,-5.103363950428e-04,-6.261828658787e-03,-7.112237967826e-03,-3.229467002326e-03,-3.027604555136e-03
378.80000000,-6.780355558519e+12,1.931032558062e-02,2.193283029893e-02,-2.267048193125e-02,-2.574932517742e-02,4.708611621128e-03,4.414293127080e-03
379.00000000,1.978685703936e+12,1.233739676510e-02,1.401291907015e-02,-3.500708620211e-02,-3.976134468008e-02,-1.439620029251e-02,-1.349634523309e-02
379.20000000,9.989958870414e+12,-3.515584407089e-03,-3.993030354684e-03,-3.897474626945e-02,-4.426784655230e-02,-2.188695469313e-02,-2.051887933187e-02
379.40000000,-2.148924653639e+13,-5.673964688175e-02,-6.444536841615e-02,-7.310091132612e-02,-8.302863354250e-02,-4.373385565418e-02,-4.100020854740e-02
379.60000000,9.499268353220e+12,-6.313405548066e-02,-7.170819151441e-02,-1.236907599264e-01,-1.404890115898e-01,-1.170430368636e-01,-1.097270946878e-01
379.80000000,1.320702694886e+12,-3.024640561577e-02,-3.435412203454e-02,-4.370748643669e-02,-4.964333287482e-02,-1.697234122246e-02,-1.591146079506e-02
380.00000000,-2.282521948287e+13,1.722594315048e-02,1.956537119384e-02,-7.177179907799e-03,-8.151901660634e-03,1.590580511738e-02,1.491159005242e-02
380.20000000,-2.612418392813e+13,2.461630133989e-02,2.795940221832e-02,-1.219188829134e-02,-1.384764986878e-02,1.631989457853e-02,1.529979626041e-02
380.40000000,-3.762330098904e+12,3.497565810027e-02,3.972564680508e-02,-5.352919090291e-03,-6.079890790248e-03,4.124116424258e-03,3.866332637246e-03
380.60000000,-1.179480453714e+13,1.435815798110e-02,1.630811666484e-02,-1.743475573847e-02,-1.980254307165e-02,-1.774506171463e-02,-1.663588128930e-02
380.80000000,-8.764797011499e+11,-5.592326103081e-03,-6.351811049642e-03,-2.220941454851e-02,-2.522564094332e-02,-3.558422798374e-02,-3.335998499351e-02
381.00000000,5.720413265135e+12,-1.471080767787e-02,-1.670865915812e-02,-3.703885413674e-02,-4.206904388967e-02,-4.465310740441e-02,-4.186200115414e-02
381.20000000,1.933670077401e+13,-5.250923146558e-02,-5.964042698574e-02,-8.553768276823e-02,-9.715442376572e-02,-8.850433846038e-02,-8.297224838620e-02
381.40000000,-3.355142632937e+12,-8.815975346229e-03,-1.001325898837e-02,-2.583220222984e-02,-2.934043384178e-02,-3.599762821932e-02,-3.374754505695e-02
381.60000000,-3.623347091955e+12,2.825132780420e-02,3.208809586675e-02,5.235850038338e-03,5.946922770597e-03,2.091606145417e-02,1.960867316141e-02
381.80000000,1.911348981930e+13,2.431530037448e-02,2.761752278876e-02,-6.309965936895e-03,-7.166912695559e-03,1.621649380558e-03,1.520285870046e-03
382.00000000,3.572039631177e+13,1.736332896850e-02,1.972141516209e-02,5.955396995476e-03,6.764190292124e-03,-2.448376756476e-02,-2.295337470629e-02
382.20000000,2.529407386262e+13,-1.176284590237e-02,-1.336033936518e-02,-8.998051333636e-03,-1.022006283128e-02,-6.097319071179e-02,-5.716197434663e-02
382.40000000,-6.409643059805e+11,-2.845520198681e-02,-3.231965787904e-02,-3.435843323011e-02,-3.902459914666e-02,-7.852048125454e-02,-7.361244643360e-02
382.60000000,-1.569088737399e+13,-4.517396211045e-02,-5.130896632284e-02,-4.409205177379e-02,-5.008012543826e-02,-4.018645793917e-02,-3.767454599283e-02
382.80000000,-2.455056140350e+11,-5.124368123885e-02,-5.820300438810e-02,-3.047152047256e-02,-3.460981075204e-02,-7.138827905039e-02,-6.692605271417e-02
383.00000000,3.568846162973e+13,-2.170371837136e-02,-2.465126597206e-02,-1.740748072560e-03,-1.977156388127e-03,-2.806981386410e-02,-2.631527006023e-02
383.20000000,-2.351325067690e+12,1.983687616768e-02,2.253089088686e-02,9.047935326664e-03,1.027672149260e-02,4.188309929549e-03,3.926513635809e-03
383.40000000,-1.388809586973e+13,1.580986765652e-02,1.795698073093e-02,7.654788100104e-03,8.694373086180e-03,-1.032590125222e-03,-9.680466047369e-04
383.60000000,6.347522321573e+12,1.476985085769e-02,1.677572089863e-02,2.102839505965e-02,2.388422901604e-02,-2.841421735712e-03,-2.663814612104e-03
383.80000000,7.802193201874e+11,-2.181751551860e-02,-2.478051772954e-02,7.846314393761e-03,8.911910270893e-03,-1.293216122407e-02,-1.212381801751e-02
384.00000000,-1.601828830013e+13,-3.749203900771e-02,-4.258377341614e-02,-1.794186392226e-02,-2.037852083710e-02,-3.711091829624e-02,-3.479124734766e-02
384.20000000,5.609952782945e+12,-3.507629040941e-02,-3.983994582866e-02,-2.363297704599e-03,-2.684253527177e-03,-3.100546181932e-02,-2.906742114742e-02
384.40000000,4.799057788799e+13,-1.031084078554e-02,-1.171113973426e-02,2.727502103368e-02,3.097919964591e-02,-3.813210818036e-02,-3.574860629964e-02
384.60000000,-8.848624177216e+12,1.329181762031e-03,1.509695830936e-03,1.323258886212e-02,1.502968638175e-02,-3.267603224815e-02,-3.063357018574e-02
384.80000000,7.084294461767e+11,2.895791641303e-02,3.289064515490e-02,2.494408948125e-02,2.833170786819e-02,4.979887026344e-03,4.668612075667e-03
385.00000000,-1.991437579010e+13,8.133693635744e-03,9.238317679912e-03,2.983813597472e-02,3.389040728075e-02,2.450559316716e-02,2.297383606825e-02
385.20000000,3.973531567639e+12,2.907397434342e-03,3.302246472891e-03,1.128781876756e-02,1.282080005494e-02,3.129016734973e-02,2.933433075204e-02
385.40000000,2.332978428927e+13,-6.091451933317e-03,-6.918722367976e-03,-3.025689253206e-03,-3.436603452140e-03,-4.165834637662e-03,-3.905443194139e-03
385.60000000,8.998402850219e+12,-2.857217031034e-02,-3.245251148524e-02,-2.081856362250e-02,-2.364590069449e-02,-5.817978344401e-02,-5.454317298957e-02
385.80000000,4.367616150955e+12,-7.259963361506e-02,-8.245927481627e-02,-6.632121119036e-02,-7.532819276976e-02,-9.010602514151e-02,-8.447381935386e-02
386.00000000,9.241764330046e+12,-1.259446205107e-01,-1.430489598527e-01,-7.513456006623e-02,-8.533846898687e-02,-1.466570750660e-01,-1.374900651386e-01
386.20000000,6.425746034335e+12,-4.079709573291e-02,-4.633768465807e-02,-2.905492056735e-02,-3.300082459480e-02,-2.734558527089e-02,-2.563631040955e-02
386.40000000,6.775626306184e+12,-1.969826212003e-02,-2.237345188504e-02,8.332590569268e-03,9.464226865094e-03,-1.397976272525e-03,-1.310593769072e-03
386.60000000,1.866804318178e+12,-8.806356928869e-03,-1.000233430899e-02,4.683346603352e-03,5.319384694775e-03,1.028432133593e-02,9.641485143133e-03
386.80000000,1.157008190708e+12,-2.934256656158e-02,-3.332753403061e-02,4.743656790242e-03,5.387885515289e-03,1.318831343180e-02,1.236395906567e-02
387.00000000,-1.790068607514e+12,-1.193603826283e-02,-1.355705270568e-02,1.206852800633e-02,1.370753621339e-02,-8.133140855731e-03,-7.624767271084e-03
387.20000000,1.047802885914e+13,-1.370476284104e-02,-1.556598496617e-02,-8.551232902260e-03,-9.712562676693e-03,-8.836095584665e-03,-8.283782810752e-03
387.40000000,3.000055276369e+12,1.962601544178e-02,2.229139349991e-02,-1.682275444723e-03,-1.910742682732e-03,-6.064338006452e-03,-5.685277898489e-03
387.60000000,2.198534697273e+12,6.729639254985e-03,7.643580898541e-03,-8.892063312019e-03,-1.009968073964e-02,-1.315881557509e-02,-1.233630501462e-02
387.80000000,1.025640077724e+13,-1.476440170731e-02,-1.676953170777e-02,-6.871116695393e-03,-7.804272474585e-03,-1.779799394452e-03,-1.668550491456e-03
388.00000000,-9.812033090675e+12,1.162686825095e-02,1.320589480439e-02,3.133987024306e-02,3.559608976792e-02,-7.134817597128e-03,-6.688845633530e-03
388.20000000,-4.136469055683e+12,-3.225395791349e-03,-3.663431682868e-03,2.119437362830e-02,2.407274887856e-02,-2.070227544025e-02,-1.940825014761e-02
388.40000000,2.478984844309e+12,-7.557268315480e-03,-8.583608950295e-03,2.713732168654e-02,3.082279956244e-02,-4.209007500440e-03,-3.945917475472e-03
388.60000000,8.733321297658e+12,-3.664438424669e-03,-4.162100000520e-03,1.683907740075e-02,1.912596657603e-02,3.618366546284e-03,3.392195377688e-03
388.80000000,9.990598748568e+11,1.065845037745e-03,1.210595763403e-03,-1.235516113336e-02,-1.403309654409e-02,-7.190985360057e-03,-6.741502550220e-03
389.00000000,5.355468361668e+12,-7.369208689641e-04,-8.370009244663e-04,-1.629887083128e-02,-1.851239538409e-02,-4.050943376575e-03,-3.797733375410e-03
389.20000000,3.507916667479e+13,-1.722901843044e-02,-1.956886412269e-02,-5.590176216855e-02,-6.349369441874e-02,-1.212001742508e-02,-1.136243842655e-02
389.40000000,-6.294613183008e+12,-7.977708560046e-03,-9.061148518253e-03,-2.332003923513e-02,-2.648709785863e-02,-4.155697723823e-02,-3.895939902578e-02
389.60000000,-6.117653709874e+12,5.291370596990e-03,6.009983253158e-03,5.688027731613e-03,6.460510020194e-03,-2.020340212695e-02,-1.894055962323e-02
389.80000000,7.208950430001e+12,-5.557666976010e-04,-6.312444921439e-04,1.123662034299e-02,1.276264845116e-02,-2.777221505948e-02,-2.603627309391e-02
390.00000000,-8.636461908334e+12,-2.009095192657e-03,-2.281947227196e-03,1.960870080313e-02,2.227172826839e-02,-1.107800466752e-02,-1.038555816456e-02
390.20000000,-7.992237263378e+12,-1.009612231520e-03,-1.146726068869e-03,-1.112428228767e-02,-1.263505393750e-02,-1.482497351076e-02,-1.389831736898e-02
390.40000000,2.668840230578e+13,4.312059586176e-03,4.897673565764e-03,4.848216097886e-03,5.506644861519e-03,7.233031050093e-03,6.780920114353e-03
390.60000000,3.552821295086e+12,1.346422016540e-02,1.529277457091e-02,3.478966546987e-03,3.951439637296e-03,2.481219771778e-02,2.326127586354e-02
390.80000000,-2.725106219839e+12,-1.809114849343e-02,-2.054807870342e-02,-2.449974840218e-02,-2.782702151130e-02,-2.582444981961e-02,-2.421025570209e-02
391.00000000,1.723682768667e+13,-6.497397043194e-02,-7.379798239973e-02,-3.515334607966e-02,-3.992746788641e-02,-7.531816699938e-02,-7.061029740439e-02
391.20000000,4.063534193757e+12,-4.420897326146e-02,-5.021292386737e-02,-2.941740957871e-02,-3.341254268068e-02,-3.210050451618e-02,-3.009401663661e-02
391.40000000,7.599222517283e+12,-1.817444871466e-02,-2.064269179570e-02,-1.208353529121e-02,-1.372458161453e-02,-5.996349966376e-03,-5.621539547956e-03
391.60000000,-5.999112030486e+12,2.547727492674e-03,2.893730326372e-03,1.275132429344e-02,1.448306201298e-02,2.338391873663e-02,2.192227349993e-02
391.80000000,-1.273614959368e+13,2.450529394600e-02,2.783331908616e-02,3.464625553910e-02,3.935151016029e-02,3.819556285739e-02,3.580809465146e-02
392.00000000,1.195417360538e+13,9.204038091806e-03,1.045402392050e-02,4.048082302026e-02,4.597846126778e-02,7.211752088640e-02,6.760971224775e-02
392.20000000,-1.968581928374e+13,-3.695976546713e-02,-4.197921264945e-02,1.803707125501e-02,2.048665813113e-02,2.767340554469e-02,2.594363980895e-02
392.40000000,3.244347623221e+13,-6.567097665676e-02,-7.458964793548e-02,-4.388570130461e-03,-4.984575082956e-03,-7.973700946309e-02,-7.475293380908e-02
392.60000000,-1.486168449946e+13,-1.809669922793e-02,-2.055438327438e-02,-3.776470133789e-02,-4.289346728165e-02,-3.050365297147e-02,-2.859697857827e-02
392.80000000,8.470522377880e+11,-2.346921405249e-02,-2.665653082407e-02,-3.872517458323e-02,-4.398438091963e-02,-2.579246448112e-02,-2.418026965286e-02
393.00000000,-2.382462297313e+13,-2.314402407731e-02,-2.628717731365e-02,-3.158014563719e-02,-3.586899659337e-02,-2.196277089712e-02,-2.058995653575e-02
393.20000000,-1.093388916789e+13,-1.792798635724e-02,-2.036275777606e-02,-1.693297484167e-02,-1.923261608383e-02,8.344983958345e-03,7.823368818023e-03
393.40000000,2.320678474619e+13,-2.751621152063e-02,-3.125314460556e-02,2.646923345683e-03,3.006397929889e-03,3.969368711342e-02,3.721257651130e-02
393.60000000,1.323116107376e+13,-3.287114394792e-03,-3.733532192046e-03,1.137752054447e-02,1.292268409206e-02,5.667848602275e-02,5.313571630772e-02
393.80000000,-3.723103359875e+12,-1.908893499466e-02,-2.168137300830e-02,1.334710358462e-02,1.515975317240e-02,4.271322786334e-02,4.004337655424e-02
394.00000000,7.501833580221e+12,-1.258871564405e-02,-1.429836916782e-02,3.122231587177e-03,3.546257051846e-03,-2.793751125023e-02,-2.619123721019e-02
394.20000000,-2.155005775663e+13,-1.615538088271e-02,-1.834941756087e-02,-3.224218665446e-02,-3.662094838188e-02,-1.713409849960e-02,-1.606310720258e-02
394.40000000,7.866377236066e+12,-2.115702744299e-02,-2.403032981498e-02,-2.880560410771e-02,-3.271764885063e-02,-1.526360200755e-02,-1.430952876514e-02
394.60000000,1.356210651074e+13,-2.204380621064e-02,-2.503754060189e-02,-1.571197088004e-02,-1.784578945411e-02,-8.432605545301e-03,-7.905513492548e-03
394.80000000,-7.813258037562e+12,-7.360534717517e-03,-8.360157274133e-03,-2.151916066516e-03,-2.444164474282e-03,-2.897257795369e-02,-2.716160559110e-02
395.00000000,1.706573056571e+13,-1.452745860942e-02,-1.650040974322e-02,-3.560156698713e-03,-4.043656098520e-03,-1.290492304176e-02,-1.209828239668e-02
395.20000000,1.795364550155e+13,-1.247916242455e-02,-1.417393769917e-02,9.967608696663e-03,1.132129428699e-02,2.274031630188e-02,2.131890035453e-02
395.40000000,-3.124030310652e+13,-3.162574147742e-02,-3.592078331390e-02,-8.499830038728e-03,-9.654178869408e-03,9.605223808548e-03,9.004835576560e-03
395.60000000,2.547554384943e+12,1.358782132973e-02,1.543316181350e-02,-1.864699955000e-02,-2.117941984878e-02,7.163290886843e-03,6.715539159607e-03
395.80000000,1.380770611151e+13,-1.668964973167e-03,-1.895624461561e-03,1.307652150422e-02,1.485242375626e-02,1.142425696060e-02,1.071016746357e-02
396.00000000,6.934926027561e+12,4.153869368431e-03,4.717999785213e-03,1.321571718333e-02,1.501052338624e-02,-2.544389007525e-02,-2.385348338805e-02
396.20000000,-1.620762746604e+13,-7.713868280761e-05,-8.761476508669e-05,1.068074702731e-02,1.213128283633e-02,-3.591219291455e-02,-3.366745000792e-02
396.40000000,-2.086072963327e+12,-8.012802302534e-03,-9.101008286300e-03,-1.004346058643e-03,-1.140744750511e-03,-3.880773660886e-02,-3.638200360831e-02
396.60000000,5.514208694296e+12,-2.836712148423e-03,-3.221961530298e-03,-7.407985047920e-03,-8.414052091473e-03,-1.426831278569e-02,-1.337645151753e-02
396.80000000,8.793353077816e+12,-1.743503089396e-02,-1.980285481243e-02,-4.614587688132e-03,-5.241287737143e-03,-3.263052053400e-02,-3.059090324629e-02
397.00000000,1.560212049022e+13,1.541406965810e-02,1.750743003352e-02,1.181606910326e-02,1.342079125540e-02,-9.435381177079e-03,-8.845609201334e-03
397.20000000,-1.122252554710e+13,1.468357655557e-02,1.667772982025e-02,3.653325194427e-02,4.149477664190e-02,3.011851591875e-02,2.823591506706e-02
397.40000000,8.859432915377e+12,-1.449052881037e-03,-1.645846456667e-03,3.764445527483e-02,4.275689078590e-02,1.189576312196e-02,1.115220145892e-02
397.60000000,1.582196986744e+13,-4.386262017144e-03,-4.981953311301e-03,1.463271246834e-02,1.661995861921e-02,-3.448204929581e-02,-3.232669955855e-02
397.80000000,-6.757751169041e+12,1.228165964359e-02,1.394961237849e-02,1.040055257932e-03,1.181303561177e-03,-2.283291546053e-02,-2.140571147052e-02
398.00000000,-1.677164966930e+13,1.634336093660e-02,1.856292688801e-02,4.325564913336e-03,4.913013224302e-03,-2.211009882225e-02,-2.072807551852e-02
398.20000000,2.465722170034e+13,2.693690201471e-02,3.059515999360e-02,-1.474837231805e-02,-1.675132605503e-02,-1.201318261305e-02,-1.126228147702e-02
398.40000000,-8.362569019692e+12,-1.676515161444e-02,-1.904200028944e-02,-3.756635777824e-02,-4.266818698855e-02,-4.033114899679e-02,-3.781019292925e-02
398.60000000,1.134717899862e+13,-2.460408640127e-02,-2.794552838824e-02,1.223265160852e-03,1.389394918931e-03,2.466575547215e-02,2.312398719962e-02
398.80000000,-2.976879133461e+12,-8.092877051175e-02,-9.191957859670e-02,-6.184222663193e-02,-7.024092421458e-02,-1.451389961515e-02,-1.360668759148e-02
399.00000000,-5.667499546790e+12,-5.339898420080e-02,-6.065101563006e-02,-5.838544631712e-02,-6.631468388750e-02,-2.560264141446e-02,-2.400231174808e-02
399.20000000,1.576536233459e+12,-9.195458409344e-03,-1.044427904496e-02,-1.401424110904e-02,-1.591749361684e-02,-5.248348330147e-02,-4.920292822269e-02
399.40000000,-8.717609861681e+12,-1.856453854383e-02,-2.108575910644e-02,-2.764763814296e-02,-3.140242131109e-02,-2.888708325136e-02,-2.708145485724e-02
399.60000000,1.869896110975e+13,-1.301802431579e-02,-1.478598156999e-02,-1.438609821402e-02,-1.633985206271e-02,-2.791375871717e-02,-2.616896936313e-02
399.80000000,-8.238574993358e+12,-2.092241956707e-02,-2.376386021519e-02,-2.899985125451e-02,-3.293827640337e-02,-2.090502823665e-02,-1.959832959091e-02
400.00000000,2.251407854760e+13,-3.205682249985e-02,-3.641040876690e-02,-2.326705077486e-02,-2.642691311716e-02,-2.480457684531e-02,-2.325413134459e-02
400.20000000,6.293956323326e+12,-2.052902516609e-02,-2.331703954398e-02,-4.367320413355e-02,-4.960439474488e-02,-3.819607045765e-02,-3.580857052344e-02
400.40000000,2.828519647574e+13,-4.050681739308e-02,-4.600798407687e-02,-2.711362453771e-02,-3.079588414031e-02,-4.742376641448e-02,-4.445947616583e-02
400.60000000,1.281172284583e+13,-2.454295614647e-02,-2.787609613040e-02,-1.919679680155e-02,-2.180388421856e-02,-3.219993241580e-02,-3.018722965336e-02
400.80000000,-6.673759342845e+12,4.786333926304e-03,5.436358352499e-03,2.205592761858e-02,2.505130918975e-02,-2.117480534850e-03,-1.985124389909e-03
401.00000000,-2.122213626325e+12,-2.601849346515e-02,-2.955202383423e-02,-5.834588971883e-03,-6.626975516850e-03,-2.174845886768e-03,-2.038904038579e-03
401.20000000,2.589187468467e+13,-2.086294145180e-02,-2.369630447133e-02,-1.069948144096e-02,-1.215256154186e-02,1.108811805494e-03,1.039503940027e-03
401.40000000,2.022428574720e+13,-1.512910118262e-02,-1.718376044094e-02,-1.662312554477e-02,-1.888068663098e-02,1.292778687389e-03,1.211971709234e-03
401.60000000,2.788874418270e+13,3.433260162189e-03,3.899525784535e-03,4.102338533658e-03,4.659470813693e-03,-2.768927658431e-03,-2.595851880658e-03
401.80000000,-1.096455098990e+13,2.892920649132e-02,3.285803618422e-02,1.895050909179e-02,2.152414855413e-02,3.720572295200e-02,3.488012610301e-02
402.00000000,-1.349504032404e+13,6.822070897646e-02,7.748565536126e-02,6.729905510566e-02,7.643883616165e-02,1.086893025814e-01,1.018955224974e-01
402.20000000,-1.751551419011e+13,3.247609926881e-02,3.688662684948e-02,3.820482617725e-02,4.339336479780e-02,4.536427952455e-02,4.252872044524e-02
402.40000000,6.170557044248e+12,4.383531160340e-03,4.978851581162e-03,5.910483194311e-03,6.713176816775e-03,4.791212959927e-03,4.491731351229e-03
402.60000000,5.118105632950e+12,-1.755954797155e-02,-1.994428235702e-02,-2.809807123217e-03,-3.191402702462e-03,-1.123926687420e-02,-1.053674044671e-02
402.80000000,-1.957154301547e+12,3.399388458769e-03,3.861054018746e-03,1.069241031940e-02,1.214453010216e-02,-5.045566442093e-03,-4.730186105733e-03
403.00000000,1.469763198346e+12,-2.672833349280e-03,-3.035826611122e-03,6.649835534034e-03,7.552939459401e-03,-6.383680170718e-03,-5.984659124704e-03
403.20000000,5.405956270616e+12,1.324508844685e-02,1.504388292090e-02,2.253671510071e-02,2.559739167958e-02,1.662703530965e-02,1.558773872149e-02
403.40000000,1.158275811363e+12,4.079155877832e-02,4.633139573844e-02,6.691948001988e-02,7.600771156789e-02,8.045724416245e-02,7.542814920994e-02
403.60000000,3.150591598103e+13,5.498320318778e-02,6.245038488733e-02,1.039256100658e-01,1.180395871583e-01,6.868480521212e-02,6.439156336917e-02
403.80000000,-5.445312327415e+12,3.387842728186e-02,3.847940280787e-02,4.418929945636e-02,5.019058017887e-02,4.375371375955e-02,4.101882539353e-02
404.00000000,8.337395006774e+12,2.003985922866e-02,2.276144075571e-02,6.702151433469e-02,7.612360300589e-02,-3.928135242514e-02,-3.682601539159e-02
404.20000000,2.627765317239e+13,-2.004841740346e-02,-2.277116120266e-02,9.411807547927e-03,1.069001063999e-02,-1.435274469515e-02,-1.345560588991e-02
404.40000000,-1.026548985240e+13,1.093115587714e-02,1.241569883550e-02,3.626915062654e-02,4.119480813083e-02,4.417527082254e-02,4.141403243025e-02
404.60000000,8.288041321811e+12,2.614826823251e-02,2.969942310710e-02,2.876425040305e-02,3.267067896302e-02,7.058940752390e-02,6.617711579337e-02
404.80000000,-4.978494677003e+12,8.885781789236e-03,1.009254573378e-02,2.050918062313e-02,2.329450086632e-02,4.767141992022e-02,4.469164973550e-02
405.00000000,-1.741697730333e+13,-2.992933098185e-02,-3.399398599703e-02,-4.529560484522e-03,-5.144713119925e-03,2.739714494522e-02,2.568464727280e-02
405.20000000,1.468258789775e+13,-3.713565637280e-02,-4.217899102030e-02,-6.693922201249e-02,-7.603013469012e-02,-2.457166750011e-02,-2.303578033065e-02
405.40000000,1.119775425166e+13,-2.166445087369e-02,-2.460666561775e-02,-2.790485112079e-02,-3.169456598742e-02,-4.562761150331e-02,-4.277559248259e-02
405.60000000,-2.363966217634e+13,-4.278327309332e-03,-4.859360161852e-03,-1.251926796948e-02,-1.421949047696e-02,1.559403119170e-03,1.461930400123e-03
405.80000000,9.036541084896e+12,-1.151359278574e-03,-1.307723557774e-03,-9.713023693474e-03,-1.103213448649e-02,3.433404342278e-02,3.218794500400e-02
406.00000000,2.924080185022e+13,1.017002781713e-02,1.155120317973e-02,-1.076714852794e-02,-1.222941839174e-02,3.582778128785e-02,3.358831465051e-02
406.20000000,4.398794450159e+12,1.115502583370e-02,1.266997221612e-02,-1.700815640853e-02,-1.931800794353e-02,1.061025255478e-02,9.947043565666e-03
406.40000000,-2.817141348184e+13,8.157306314935e-04,9.265137159652e-04,-3.029190546256e-02,-3.440580250409e-02,-2.531876966337e-02,-2.373618380620e-02
406.60000000,3.692358446304e+12,-1.507223166152e-02,-1.711916756029e-02,-1.298458695406e-02,-1.474800371639e-02,-4.623048393874e-02,-4.334078151544e-02
406.80000000,-1.520674201372e+13,-2.180064341968e-02,-2.476135425761e-02,-2.042775690706e-02,-2.320201912073e-02,-4.550059123689e-02,-4.265651179932e-02
407.00000000,-1.765266824933e+12,1.089763833225e-02,1.237762932596e-02,8.745686105387e-03,9.933424269945e-03,2.623126963261e-03,2.459164666167e-03
407.20000000,7.451937479217e+12,-1.651518335540e-02,-1.875808423724e-02,-3.633796997594e-02,-4.127297373011e-02,-3.794643585819e-02,-3.557453969114e-02
407.40000000,-8.351478881206e+12,-6.621443883516e-03,-7.520691685116e-03,-4.075132672119e-02,-4.628570165986e-02,-2.402126103993e-02,-2.251977781233e-02
407.60000000,-6.667949281894e+12,-2.290839665350e-02,-2.601954970278e-02,-4.514917613364e-02,-5.128081622981e-02,-2.633653168571e-02,-2.469032915981e-02
407.80000000,1.813554865836e+13,1.084818440608e-02,1.232145914043e-02,9.081543246234e-04,1.031489365199e-03,7.855823777769e-03,7.364784293135e-03
408.00000000,3.440551446331e+12,1.709502286893e-02,1.941667083630e-02,8.698599706602e-03,9.879943139838e-03,2.099465990562e-02,1.968235870440e-02
408.20000000,1.588795708714e+13,2.644633109759e-02,3.003796541757e-02,2.581654320348e-02,2.932264818715e-02,2.640970448464e-02,2.475892818844e-02
408.40000000,1.186103377479e+13,-2.300561650583e-02,-2.612997282921e-02,3.700056593422e-03,4.202555582532e-03,-6.971844164311e-02,-6.536059087884e-02
408.60000000,3.005361035972e+11,-5.018855642943e-02,-5.700458475024e-02,-2.786247037101e-02,-3.164642957327e-02,-6.054838675621e-02,-5.676372336899e-02
408.80000000,-9.146540259036e+12,-5.790377072620e-02,-6.576759007526e-02,-3.848532015857e-02,-4.371195223486e-02,-6.930775247171e-02,-6.497557242063e-02
409.00000000,1.169038178205e+13,-2.023433573088e-02,-2.298232880354e-02,1.052374580382e-03,1.195295951841e-03,5.281676683914e-03,4.951537939686e-03
409.20000000,-1.185688882886e+13,4.690484461482e-03,5.327491723741e-03,1.227724813905e-02,1.394460230598e-02,4.321347287684e-02,4.051235303875e-02
409.40000000,4.604970669304e+12,2.259270396626e-02,2.566098329193e-02,1.892649186801e-02,2.149686958817e-02,3.561327335506e-02,3.338721484240e-02
409.60000000,1.521923279343e+13,2.867578201059e-02,3.257019452633e-02,2.026630682894e-02,2.301864275609e-02,3.760847760084e-02,3.525770599732e-02
409.80000000,-2.482657938150e+12,7.217150490714e-03,8.197300262694e-03,1.465662233961e-02,1.664711565328e-02,1.559940265306e-02,1.462433971173e-02
410.00000000,1.333650673607e+13,-1.710542010087e-02,-1.942848009984e-02,-9.182134488707e-03,-1.042914603622e-02,-3.260268141684e-02,-3.056480425290e-02
410.20000000,1.640504825487e+13,-7.061533849181e-02,-8.020549571660e-02,-2.399464144761e-04,-2.725331675889e-04,-1.393959099019e-02,-1.306827694732e-02
410.40000000,-1.387555456829e+13,-1.326816815182e-02,-1.507009704402e-02,-1.199665204394e-02,-1.362589888722e-02,3.751508936112e-02,3.517015512291e-02
410.60000000,6.525371809692e+12,1.662356738833e-02,1.888118773394e-02,3.480633793380e-03,3.953333309854e-03,3.128976254178e-02,2.933395124719e-02
410.80000000,-9.290845898955e+12,5.408539335237e-02,6.143064492082e-02,1.698070364360e-02,1.928682686086e-02,5.701864002050e-02,5.345460849405e-02
411.00000000,2.029324118530e+13,3.829331520485e-02,4.349386966393e-02,3.155189360475e-03,3.583690769591e-03,2.829576819695e-02,2.652710079481e-02
411.20000000,2.949652203381e+13,1.119444978633e-02,1.271475027329e-02,-1.885171797134e-02,-2.141194076372e-02,2.105252069841e-03,1.973660282571e-03
411.40000000,2.676892251292e+13,-2.023889099975e-02,-2.298750271624e-02,-1.818272412119e-02,-2.065209188880e-02,-2.998202896422e-02,-2.810795942455e-02
411.60000000,1.281231184210e+13,-4.601889452729e-02,-5.226864767234e-02,-3.242878363836e-02,-3.683288681487e-02,-2.959680117069e-02,-2.774681084443e-02
411.80000000,2.345873944254e+12,-5.745197756563e-02,-6.525443960146e-02,-3.087923364214e-02,-3.507289481944e-02,-1.275039308860e-02,-1.195341155895e-02
412.00000000,-2.200225179969e+13,1.051333650204e-03,1.194113607315e-03,-2.037514157346e-02,-2.314225817968e-02,-5.086787836259e-03,-4.768830897786e-03
412.20000000,-1.029076984523e+13,2.661323627449e-02,3.022753772208e-02,-9.754371349400e-03,-1.107909750391e-02,6.637035645743e-04,6.222178253934e-04
412.40000000,2.427144558086e+13,3.917650987033e-02,4.449700959744e-02,6.004945400033e-03,6.820467789216e-03,-3.670835601593e-03,-3.441384779760e-03
412.60000000,1.123701033292e+13,4.097517392427e-02,4.653994736641e-02,1.789219163079e-02,2.032210262821e-02,-2.913634994682e-03,-2.731514078190e-03
412.80000000,-8.065322330107e+12,1.845407331287e-02,2.096029176750e-02,1.971599871977e-02,2.239359814990e-02,-1.029087103516e-04,-9.647625444023e-05
413.00000000,1.659557169643e+13,1.653000484264e-02,1.877491860718e-02,2.846280259332e-02,3.232829199037e-02,3.455125130144e-02,3.239157599399e-02
413.20000000,4.192430069358e+13,1.283929724353e-02,1.458298185726e-02,-1.212836838323e-02,-1.377550341975e-02,1.405849789480e-02,1.317975140604e-02
413.40000000,1.570732584608e+13,1.779080624718e-02,2.020694745262e-02,-2.334326270466e-02,-2.651347527180e-02,-1.151088648195e-02,-1.079138208296e-02
413.60000000,6.386708833279e+12,1.061333139496e-02,1.205471111402e-02,-2.722401762412e-02,-3.092126954182e-02,-3.683059348089e-02,-3.452844463524e-02
413.80000000,2.315373033287e+13,3.928083128466e-02,4.461549873774e-02,-6.756977835213e-03,-7.674632591539e-03,-2.209480145352e-02,-2.071373433367e-02
414.00000000,-6.933733600499e+12,3.257865531919e-02,3.700311087454e-02,1.173719465061e-02,1.333120498478e-02,-4.269561636536e-03,-4.002686588810e-03
414.20000000,9.058312738523e+12,2.165733763169e-02,2.459858633763e-02,1.108668331366e-02,1.259234870473e-02,1.124388148472e-02,1.054106661441e-02
414.40000000,-4.874186236584e+12,1.442926711065e-02,1.638888301260e-02,-7.852231423815e-03,-8.918630883688e-03,2.668766576189e-03,2.501951509908e-03
414.60000000,2.306711386198e+13,1.023179846405e-02,1.162136280033e-02,-1.415863523654e-02,-1.608149768847e-02,7.968546757883e-03,7.470461362390e-03
414.80000000,-4.834908821699e+12,9.489161580177e-03,1.077786957803e-02,-5.430302934348e-02,-6.167784015022e-02,-2.449394633076e-02,-2.296291723399e-02
415.00000000,-1.287347464285e+13,5.040790908348e-03,5.725372734065e-03,-2.974156341671e-02,-3.378071935233e-02,-2.952350461712e-02,-2.767809579662e-02
415.20000000,-1.364890817030e+13,-1.327721569916e-02,-1.508037332442e-02,-3.696247214896e-02,-4.198228858173e-02,-1.530979424995e-02,-1.435283369546e-02
415.40000000,-2.631530588335e+13,-1.261774766499e-02,-1.433134398152e-02,-2.707145831596e-02,-3.074799138891e-02,-2.451986307754e-02,-2.298721401749e-02
415.60000000,-5.188660910540e+12,-4.392860464371e-03,-4.989447883190e-03,-3.838335206608e-02,-4.359613601272e-02,-1.745810132204e-02,-1.636685776587e-02
415.80000000,2.958626050104e+12,-1.963324933951e-02,-2.229960982182e-02,-3.093017173117e-02,-3.513075073192e-02,3.432694253337e-03,3.218128796582e-03
416.00000000,-1.788677561450e+12,-4.644708004906e-03,-5.275498439132e-03,-2.426746870274e-02,-2.756319626352e-02,-1.289853485067e-02,-1.209229350861e-02
416.20000000,1.373374842009e+13,-1.275342524692e-02,-1.448544772086e-02,-1.046845448530e-02,-1.189015917105e-02,-2.323357664849e-02,-2.178132875872e-02
416.40000000,1.523867236485e+13,-3.530653456254e-02,-4.010145907539e-02,-4.077622127856e-02,-4.631397710874e-02,-4.240406304421e-02,-3.975353652367e-02
416.60000000,3.293816049976e+13,-5.398101905269e-02,-6.131209571290e-02,-6.909675382886e-02,-7.848067758060e-02,-3.464386640657e-02,-3.247840205971e-02
416.80000000,4.359808576899e+12,-4.812831719897e-02,-5.466454769451e-02,-4.799351256933e-02,-5.451143761751e-02,-5.831275775271e-02,-5.466783554919e-02
417.00000000,-2.088183981536e+13,-2.357730343954e-02,-2.677929965950e-02,-1.426681438235e-02,-1.620436847752e-02,-1.450854683466e-02,-1.360166939417e-02
417.20000000,-1.184787380196e+13,-1.505482601634e-03,-1.709939808201e-03,-1.792704241774e-02,-2.036168644687e-02,2.718344908552e-02,2.548430877801e-02
417.40000000,-3.174896507285e+12,2.017957219425e-02,2.292012791777e-02,7.132390281064e-03,8.101029223653e-03,3.041511442383e-02,2.851397425900e-02
417.60000000,2.238321223654e+13,1.064359421215e-02,1.208908387645e-02,2.837899252091e-02,3.223309980108e-02,-5.271510598282e-04,-4.942007299752e-04
417.80000000,-9.656830261074e+12,-1.411840052577e-02,-1.603579812941e-02,2.280775178727e-02,2.590523744123e-02,-2.150026483210e-02,-2.015636007287e-02
418.00000000,-1.135215987850e+13,3.358888936181e-02,3.815054320169e-02,2.153642813454e-02,2.446125728064e-02,3.416242403565e-03,3.202705293176e-03
418.20000000,1.848472344519e+13,2.996808540668e-02,3.403800359888e-02,-2.664813091481e-03,-3.026717254518e-03,1.437270619292e-02,1.347431966575e-02
418.40000000,1.263274927033e+13,5.420883301698e-04,6.157084873074e-04,-2.167032162631e-03,-2.461333464136e-03,1.206113525054e-02,1.130723676642e-02
418.60000000,2.597745263392e+13,5.290315775685e-03,6.008785178243e-03,-1.557926279093e-02,-1.769505848374e-02,2.790661791999e-02,2.616227491167e-02
418.80000000,-1.061979312838e+13,-2.152481425282e-02,-2.444806516866e-02,-8.269262219992e-03,-9.392297990206e-03,1.736170016965e-02,1.627648230519e-02
419.00000000,-1.132314351045e+13,2.633659911930e-03,2.991333091320e-03,1.927104908653e-03,2.188822059204e-03,-2.437735340204e-03,-2.285361211278e-03
419.20000000,1.520003431710e+13,-6.314062669694e-03,-7.171565515716e-03,9.554225601126e-03,1.085177026972e-02,2.057687416083e-02,1.929068725425e-02
419.40000000,-4.550607032974e+12,1.369580450286e-02,1.555581001028e-02,4.304642051069e-03,4.889248860325e-03,2.981862514792e-02,2.795476939717e-02
419.60000000,1.981361712534e+13,3.366258702130e-02,3.823424962354e-02,3.016722733580e-02,3.426419203290e-02,2.611340313988e-03,2.448114758240e-03
419.80000000,4.073240898736e+12,4.360827788485e-02,4.953064900351e-02,-1.661099567529e-02,-1.886690942260e-02,2.955954189713e-02,2.771188051498e-02
420.00000000,6.233687328030e+12,1.832687136689e-02,2.081581472681e-02,-1.764999449762e-03,-2.004701307528e-03,2.869328067112e-02,2.689976618406e-02
420.20000000,-3.899201431237e+12,1.848814085385e-02,2.099898596724e-02,2.360739083215e-02,2.681347423362e-02,3.704600185026e-02,3.473038859684e-02
420.40000000,-2.480810801754e+13,2.058929393268e-02,2.338549331626e-02,1.481615657488e-02,1.682831598741e-02,4.133203223747e-02,3.874851453355e-02
420.60000000,-9.644800175021e+12,1.953093805315e-02,2.218340380178e-02,2.689621349009e-03,3.054894683306e-03,2.466594955235e-02,2.312416914856e-02
420.80000000,1.429339896490e+13,2.504424546854e-02,2.844546476097e-02,6.725962601832e-03,7.639405227067e-03,2.181083937046e-02,2.044752170616e-02
421.00000000,7.454119204477e+12,-1.330664032156e-02,-1.511379405817e-02,-3.871707859882e-02,-4.397518543205e-02,-3.637569228340e-02,-3.410197768677e-02
421.20000000,-7.160090782832e+12,-3.102572462226e-02,-3.523927912041e-02,-4.360782265817e-02,-4.953013391200e-02,-9.023055376087e-02,-8.459056413402e-02
421.40000000,9.895791616392e+12,9.653584893040e-03,1.096462296047e-02,-1.634470137850e-02,-1.856445010738e-02,1.601495603579e-02,1.501391833679e-02
421.60000000,8.853783538057e+12,1.803377209541e-02,2.048291010770e-02,8.565154786630e-04,9.728375270749e-04,2.449190102285e-02,2.296099977097e-02
421.80000000,2.811040651497e+12,1.154561052180e-03,1.311360159181e-03,-7.938774300779e-03,-9.016927015525e-03,2.203765964043e-02,2.066016425121e-02
422.00000000,7.776347994239e+12,-5.439475245551e-03,-6.178201759356e-03,-9.824603292293e-03,-1.115886753883e-02,2.063879532596e-02,1.934873794852e-02
422.20000000,2.767625845114e+13,-7.518556827231e-03,-8.539640116169e-03,5.345551317138e-04,6.071522411172e-04,5.015397933356e-03,4.701903322721e-03
422.40000000,4.941432828725e+12,3.364155983930e-03,3.821036677328e-03,7.362409788297e-03,8.362287326012e-03,2.863992461458e-02,2.684974522404e-02
422.60000000,2.270156027351e+13,-2.041648367603e-02,-2.318921397249e-02,-2.926577052469e-02,-3.324030976020e-02,-1.534718139777e-02,-1.438788390621e-02
422.80000000,9.759639803568e+12,-6.090910549642e-02,-6.918107459843e-02,-6.676420682766e-02,-7.583135096250e-02,-5.227846879606e-02,-4.901072844174e-02
423.00000000,1.658563188786e+13,-2.076787222566e-02,-2.358832404424e-02,-3.329070493094e-02,-3.781186431112e-02,-1.281234590369e-02,-1.201149192485e-02
423.20000000,-1.018183601902e+12,7.214490163458e-03,8.194278640609e-03,-1.574750243737e-02,-1.788614649753e-02,-1.669941516706e-02,-1.565559437253e-02
423.40000000,1.344296442245e+13,-1.346772503566e-03,-1.529675543204e-03,2.091336100250e-02,2.375357236070e-02,-9.986372869040e-04,-9.362160370679e-04
423.60000000,1.285988863236e+13,-2.155636056063e-02,-2.448389573055e-02,1.183690334318e-02,1.344445496137e-02,-1.263978298909e-03,-1.184971530167e-03
423.80000000,8.502865856868e+12,-2.993401392636e-02,-3.399930492480e-02,1.218775607843e-02,1.384295646640e-02,-1.082981626297e-02,-1.015288313070e-02
424.00000000,-2.202749314102e+13,-3.845438972736e-02,-4.367681946210e-02,-1.700744706600e-02,-1.931720226628e-02,-2.786634139285e-02,-2.612451592639e-02
424.20000000,1.971434028255e+13,-3.193229634868e-02,-3.626897091646e-02,-1.960042279252e-02,-2.226232603391e-02,-3.032440374933e-03,-2.842893358475e-03
424.40000000,2.162391061663e+13,-3.412031607059e-02,-3.875414212971e-02,-4.497990023519e-02,-5.108855123221e-02,1.887170470822e-03,1.769210185355e-03
424.60000000,-1.254452131845e+13,-7.981968438643e-03,-9.065986924213e-03,1.991798685683e-02,2.262301798486e-02,3.924326519119e-03,3.679030885460e-03
424.80000000,2.325797965465e+13,3.244003620889e-03,3.684566612253e-03,2.651036634248e-02,3.011069837840e-02,-1.631227450585e-02,-1.529265249126e-02
425.00000000,-1.136788675972e+13,-3.022564219561e-03,-3.433053876719e-03,2.449325368768e-02,2.781964475964e-02,-1.544296602854e-02,-1.447768138184e-02
425.20000000,-3.647660762746e+12,-5.752269201624e-03,-6.533475766956e-03,2.658641286304e-02,3.019707265984e-02,-8.523523285055e-03,-7.990748289133e-03
425.40000000,-6.116754853956e+12,1.981790233237e-02,2.250934024504e-02,3.332785694528e-02,3.785406188333e-02,2.717494179181e-02,2.547633324484e-02
425.60000000,1.241783991975e+13,1.420385070488e-03,1.613285316195e-03,1.272743630915e-02,1.445592983832e-02,-1.420301578988e-02,-1.331523600369e-02
425.80000000,-5.691466629510e+12,-1.094378474019e-02,-1.243004280443e-02,6.971716942544e-04,7.918535086416e-04,-2.917785516470e-02,-2.735405165687e-02
426.00000000,2.166260127538e+13,-1.923099868569e-02,-2.184273014411e-02,-2.633379728015e-02,-2.991014974357e-02,-3.871076026825e-02,-3.629108891237e-02
426.20000000,-4.838348080919e+12,-1.645112783752e-02,-1.868532944097e-02,1.400273119798e-02,1.590442056248e-02,7.072060790802e-03,6.630011531010e-03
426.40000000,1.973414144775e+13,8.714243331853e-03,9.897710910321e-03,3.189811972536e-02,3.623015425288e-02,1.743128398448e-03,1.634171668430e-03
426.60000000,1.481469883166e+13,4.964363659569e-02,5.638566021735e-02,4.249556030940e-02,4.826681692615e-02,3.048516280411e-02,2.857964416523e-02
426.80000000,1.082536108886e+13,4.966415410292e-02,5.640896417473e-02,3.131594595907e-02,3.556891636375e-02,3.744451111352e-02,3.510398846947e-02
427.00000000,-2.371023935533e+13,1.232596582793e-02,1.399993571552e-02,8.506958793892e-03,9.662275769835e-03,3.692860511367e-03,3.462032991094e-03
427.20000000,-4.065281748350e+12,-4.134543182822e-03,-4.696048940959e-03,-1.309324841108e-02,-1.487142231859e-02,-1.077858293444e-02,-1.010485221454e-02
427.40000000,1.086590755579e+12,-1.271212510819e-02,-1.443853867573e-02,-1.927961922442e-02,-2.189795462716e-02,6.441329657389e-03,6.038705147879e-03
427.60000000,-1.997777058151e+13,-4.285517790910e-03,-4.867527171339e-03,-1.885151009698e-02,-2.141170465826e-02,-3.109198773947e-02,-2.914853864136e-02
427.80000000,1.932411684098e+13,4.913230300741e-03,5.580488322470e-03,-5.373038302195e-03,-6.102742361344e-03,-8.627153051600e-03,-8.087900529120e-03
428.00000000,4.904642520507e+12,1.245940254516e-02,1.415149426188e-02,1.482471216696e-03,1.683803350129e-03,-1.332972246580e-02,-1.249652912605e-02
428.20000000,-5.670399020572e+12,1.052418100846e-02,1.195345335479e-02,5.037452247195e-03,5.721580880904e-03,4.319606241032e-03,4.049603083830e-03
428.40000000,3.135908627698e+12,-1.980136847899e-02,-2.249056095523e-02,-1.404464475197e-03,-1.595202633170e-03,-2.400862215888e-02,-2.250792894259e-02
428.60000000,-8.897367532804e+12,-3.860072778578e-02,-4.384303146036e-02,-2.732042695897e-02,-3.103077207999e-02,-3.435756308840e-02,-3.220999453933e-02
428.80000000,3.868884599842e+12,-1.885197281367e-02,-2.141222936900e-02,-3.046283914809e-02,-3.459995043027e-02,-2.260842485047e-02,-2.119525296665e-02
429.00000000,-1.469487347672e+13,-3.082485943778e-02,-3.501113475352e-02,-5.630818136882e-02,-6.395530878486e-02,-5.585255798153e-02,-5.236141407828e-02
429.20000000,-2.561412831983e+13,-2.244596223214e-02,-2.549431279543e-02,-8.742372513427e-02,-9.929660664162e-02,-9.865731100231e-02,-9.249059487929e-02
429.40000000,-1.089040538512e+13,-1.199548790460e-02,-1.362457610909e-02,-6.454491893685e-03,-7.331066500019e-03,3.802154325803e-02,3.564495239569e-02
429.60000000,1.963101132814e+13,-2.455082445185e-02,-2.788503301787e-02,3.418633647970e-02,3.882913020155e-02,-2.635862078365e-02,-2.471103754714e-02
429.80000000,8.763795407876e+12,-1.475634869918e-02,-1.676038503337e-02,1.060059494842e-02,1.204024542701e-02,-3.142119667541e-02,-2.945716990259e-02
430.00000000,4.936920485622e+12,-2.063489579384e-02,-2.343728829392e-02,-1.147600184668e-02,-1.303453998830e-02,-6.907540665112e-03,-6.475774970738e-03
430.20000000,1.072833548816e+13,-2.495540158015e-02,-2.834455512488e-02,-2.670650614526e-02,-3.033347562581e-02,-2.145788672569e-02,-2.011663087052e-02
430.40000000,3.459835554036e+12,-4.542326343804e-03,-5.159212486868e-03,-1.684066626486e-02,-1.912777122132e-02,-3.356698143909e-02,-3.146882932508e-02
430.60000000,-8.940366397259e+12,-1.176310454361e-02,-1.336063313208e-02,-2.724085994129e-02,-3.094039918815e-02,-4.333373155807e-02,-4.062509477936e-02
430.80000000,-7.785525406716e+12,-1.696458950983e-03,-1.926852352938e-03,1.285842248356e-02,1.460470504340e-02,3.166189460706e-03,2.968282266627e-03
431.00000000,4.380028434635e+11,7.842450941222e-02,8.907521776544e-02,5.287490186337e-02,6.005576087587e-02,3.718615248297e-02,3.486177891410e-02
431.20000000,-2.085069320393e+13,1.949779289683e-02,2.214575725430e-02,3.343943372903e-02,3.798079173829e-02,1.337131342671e-02,1.253552038455e-02
431.40000000,2.215179845314e+13,-5.135745331496e-03,-5.833222766957e-03,1.802659971973e-02,2.047476447276e-02,2.181458341243e-02,2.045103172143e-02
431.60000000,1.483612130630e+13,1.448917783454e-02,1.645693011696e-02,3.365570686392e-02,3.822643659464e-02,6.790165407583e-02,6.365736421312e-02
431.80000000,2.593259910484e+13,3.058657751623e-02,3.474049214178e-02,3.212459697167e-02,3.648738902532e-02,4.471899049510e-02,4.192376612815e-02
432.00000000,1.986584998131e+13,3.340984340118e-02,3.794718129287e-02,2.579500261480e-02,2.929818220429e-02,1.552440850622e-02,1.455403318113e-02
432.20000000,-2.403541710070e+12,2.077515306793e-02,2.359659368616e-02,1.628329866534e-02,1.849470838628e-02,-2.809413569089e-03,-2.633807161649e-03
432.40000000,-1.922851638820e+13,3.452102041864e-02,3.920926550032e-02,2.556424716233e-02,2.903608820910e-02,3.785040334297e-02,3.548450982543e-02
432.60000000,1.853785635645e+13,2.342714020635e-02,2.660874299555e-02,4.820824814280e-02,5.475533609858e-02,5.292136350551e-02,4.961343809921e-02
432.80000000,-1.915233401153e+13,-3.727018350725e-04,-4.233178807167e-04,1.104562785553e-02,1.254571756804e-02,6.143171396862e-02,5.759183695245e-02
433.00000000,2.485161971287e+12,5.649047385039e-03,6.416235559025e-03,-1.781807774555e-03,-2.023792345032e-03,3.051623830918e-02,2.860877725147e-02
433.20000000,9.857686327011e+12,3.717961595529e-02,4.222892068404e-02,9.951469032085e-03,1.130296271942e-02,4.078751527738e-02,3.823803338371e-02
433.40000000,8.574372412402e+12,4.802113693519e-02,5.454281144894e-02,1.811431606766e-02,2.057439344286e-02,9.508937389007e-03,8.914567677186e-03
433.60000000,-8.445738169823e+12,4.866179566241e-02,5.527047702273e-02,3.183571250567e-02,3.615927160478e-02,3.225514849589e-02,3.023899437351e-02
433.80000000,-3.012986259663e+12,5.251757640116e-02,5.964990523380e-02,2.843888564200e-02,3.230112691473e-02,3.946066172648e-02,3.699411670897e-02
434.00000000,5.964720400508e+11,2.059422142861e-02,2.339109000761e-02,4.216244943173e-02,4.788846677306e-02,8.529685940621e-02,7.996525739112e-02
434.20000000,-6.976196598005e+12,-1.759468286419e-03,-1.998418886376e-03,9.822356560709e-03,1.115631568209e-02,3.341486349100e-02,3.132621972659e-02
434.40000000,-5.038946422523e+12,-9.474812466511e-03,-1.076157173397e-02,-1.935612726507e-02,-2.198485310702e-02,1.737521079662e-03,1.628914843113e-03
434.60000000,3.721862344407e+12,1.905281875045e-02,2.164035187420e-02,-9.514145369171e-03,-1.080624680317e-02,-1.873848869405e-02,-1.756721269660e-02
434.80000000,-1.358984563136e+13,3.242722864153e-02,3.683111917974e-02,9.786494487729e-03,1.111558323620e-02,-1.930584054747e-02,-1.809910141214e-02
435.00000000,-1.698380537608e+13,2.033684545036e-02,2.309876020558e-02,9.742785716739e-03,1.106593844432e-02,1.950052000191e-02,1.828161214925e-02
435.20000000,2.948764982980e+13,2.309921426877e-02,2.623628195602e-02,1.264937418074e-02,1.436726621245e-02,3.110410617000e-02,2.915989959208e-02
435.40000000,1.579259264629e+12,2.102725464405e-02,2.388293277785e-02,6.234290287515e-03,7.080959652753e-03,1.110884409707e-02,1.041446993153e-02
435.60000000,-1.024547215333e+13,-9.802590125994e-03,-1.113386435800e-02,-3.292752282271e-02,-3.739935899995e-02,-2.250114574676e-03,-2.109467949653e-03
435.80000000,-2.585529336539e+12,-6.630467026468e-02,-7.530940246816e-02,-6.452015524348e-02,-7.328253818776e-02,-9.943897042791e-02,-9.322339556616e-02
436.00000000,-1.103491386374e+13,-6.312141409937e-02,-7.169383332717e-02,-7.814548153575e-02,-8.875829906536e-02,-5.490796889711e-02,-5.147586788361e-02
436.20000000,8.994136581543e+12,-2.458682940612e-02,-2.792592774792e-02,-6.028867165742e-02,-6.847638333093e-02,-5.363461445183e-02,-5.028210627649e-02
436.40000000,8.786201483982e+12,-1.614721215972e-02,-1.834013945655e-02,-1.948014736768e-02,-2.212571618881e-02,-5.475255857711e-02,-5.133017170762e-02
436.60000000,7.079998213008e+12,-1.538701717117e-02,-1.747670359119e-02,3.442650605538e-03,3.910191683752e-03,1.735158171585e-03,1.626699631980e-03
436.80000000,-2.403573045068e+12,-1.707851487984e-02,-1.939792092337e-02,-7.551370857123e-03,-8.576910906657e-03,1.519127198513e-02,1.424171983407e-02
437.00000000,2.239307776338e+13,-6.870939127658e-02,-7.804070483020e-02,-2.283765008295e-02,-2.593919617842e-02,-3.337869925069e-02,-3.129231598377e-02
437.20000000,7.671122581568e+11,-8.155271262503e-02,-9.262825729969e-02,-8.902624651947e-02,-1.011167639888e-01,-9.367617762501e-02,-8.782081435761e-02
437.40000000,-1.371643576964e+13,-4.520357399329e-02,-5.134259974856e-02,-7.363861434581e-02,-8.363936118141e-02,-3.840032608281e-02,-3.600005885904e-02
437.60000000,1.256714773264e+13,-2.597767937183e-02,-2.950566684356e-02,-3.736987585296e-02,-4.244502115551e-02,-5.473546381102e-02,-5.131414547429e-02
437.80000000,-3.443826314600e+12,2.222970544488e-03,2.524868651657e-03,-3.557399425114e-02,-4.040524363840e-02,-5.502961116903e-02,-5.158990673160e-02
438.00000000,1.084108756886e+12,-2.891325430999e-02,-3.283991756242e-02,6.285924851803e-07,7.139606632414e-07,-1.556860632012e-02,-1.459546834756e-02
438.20000000,-1.241104069893e+13,-2.224955100487e-02,-2.527122727061e-02,1.112473060429e-02,1.263556313931e-02,2.002469468484e-02,1.877302254502e-02
438.40000000,4.577615225381e+12,-4.451239223841e-03,-5.055754969478e-03,2.893283045891e-02,3.286215361671e-02,4.006097341902e-02,3.755690506182e-02
438.60000000,-1.501342678612e+12,1.668372845635e-03,1.894951918128e-03,1.168884698365e-02,1.327629129561e-02,3.005639367654e-02,2.817767586433e-02
438.80000000,6.281739402326e+12,1.851168507606e-02,2.102572769296e-02,3.048219737742e-02,3.462193767091e-02,-2.921560702163e-03,-2.738944378006e-03
439.00000000,1.542400842762e+13,3.209334590424e-02,3.645189235697e-02,2.172162356167e-02,2.467160381359e-02,3.573007587801e-02,3.349671645685e-02
439.20000000,-1.585872981495e+12,1.349263228455e-02,1.532504529494e-02,-9.958837049295e-03,-1.131133137570e-02,-5.397626855157e-03,-5.060240479879e-03
439.40000000,1.262681266038e+13,5.950077538659e-03,6.758148140800e-03,-2.130895662703e-02,-2.420289321792e-02,-1.072505144131e-02,-1.005466678384e-02
439.60000000,1.154964696486e+13,-5.241687223997e-03,-5.953552460005e-03,1.000195120638e-02,1.136030080007e-02,-8.849491217445e-03,-8.296341130373e-03
439.80000000,-1.121607881208e+13,-8.833372511051e-03,-1.003301883457e-02,3.755663938584e-03,4.265714875625e-03,3.284245531939e-03,3.078959074524e-03
440.00000000,1.188384452482e+13,-8.941008266991e-03,-1.015527243197e-02,4.276074514190e-03,4.856801610246e-03,6.396545618519e-03,5.996720399318e-03
440.20000000,2.034386704112e+13,-2.682420028677e-03,-3.046715242258e-03,8.600127602575e-03,9.768097690977e-03,1.281599903950e-02,1.201491671619e-02
440.40000000,1.501689727453e+13,-1.427907787280e-02,-1.621829681233e-02,1.374202283618e-02,1.560830579947e-02,-1.888099901066e-02,-1.770081520233e-02
440.60000000,5.747205397217e+12,2.639715530707e-02,2.998211114087e-02,1.870047194228e-02,2.124015424432e-02,-8.262200165069e-03,-7.745759543974e-03
440.80000000,1.686119041203e+13,-5.381942192129e-03,-6.112855233114e-03,-2.768615252899e-02,-3.144616627659e-02,-2.843970257754e-02,-2.666203835137e-02
441.00000000,5.768384504181e+12,3.986390742021e-02,4.527776151933e-02,2.251894489894e-02,2.557720813406e-02,1.129366199965e-02,1.058773552716e-02
441.20000000,1.657070706278e+13,4.515014368425e-02,5.128191315392e-02,2.115642457739e-02,2.402964602546e-02,1.633050823410e-02,1.530974649428e-02
441.40000000,1.770939391096e+13,2.302030884447e-02,2.614666051107e-02,-1.197261012620e-02,-1.359859187365e-02,1.874924651008e-02,1.757729807996e-02
441.60000000,-9.733118121914e+12,2.662134860116e-03,3.023675177099e-03,-2.765970855042e-02,-3.141613098200e-02,-1.515928367199e-02,-1.421173099612e-02
441.80000000,2.136866155120e+12,1.492615325187e-02,1.695325047329e-02,-5.338721723898e-03,-6.063765301384e-03,-3.521898495332e-03,-3.301757200033e-03
442.00000000,1.752504739878e+13,1.946008449763e-02,2.210292773715e-02,-3.737917985112e-02,-4.245558871534e-02,-2.406157373344e-03,-2.255757070335e-03
442.20000000,8.138303057418e+12,6.003569000552e-02,6.818904193371e-02,7.407688669999e-02,8.413715462923e-02,6.224906046759e-02,5.835809404120e-02
442.40000000,3.367994688280e+13,4.707873104361e-02,5.347241890654e-02,5.794584197715e-02,6.581537755897e-02,5.126366908248e-02,4.805936023355e-02
442.60000000,1.695256722226e+13,4.656318169846e-02,5.288685362176e-02,1.526531797670e-02,1.733847730766e-02,-4.982731292385e-03,-4.671278556797e-03
442.80000000,1.397869009273e+13,3.579794500986e-02,4.065960719688e-02,1.076287127496e-02,1.222456025161e-02,-8.276986706219e-03,-7.759621831252e-03
443.00000000,1.853428481871e+13,3.223424626052e-02,3.661192816736e-02,1.193498753039e-02,1.355585981102e-02,3.099417458861e-03,2.905683944119e-03
443.20000000,-2.219331166849e+12,5.478961129306e-02,6.223050158415e-02,4.918148777649e-02,5.586074990846e-02,5.596857146141e-02,5.247017596992e-02
443.40000000,1.120193305678e+13,1.133348444819e-01,1.287266701226e-01,1.003313942401e-01,1.139572464152e-01,1.952295665515e-01,1.830264636744e-01
443.60000000,-4.721898698898e+10,1.615889457573e-01,1.835340844297e-01,1.164217515236e-01,1.322328103477e-01,1.865568538925e-01,1.748958513062e-01
443.80000000,7.058931421448e+12,7.969589618972e-02,9.051926956658e-02,5.836817528607e-02,6.629506730431e-02,9.428852370346e-02,8.839488486990e-02
444.00000000,3.328281084562e+12,2.470240660945e-02,2.805720130809e-02,3.368480603333e-02,3.825948767745e-02,2.694701867835e-02,2.526265679110e-02
444.20000000,-7.415725158716e+12,3.032686781578e-02,3.444551167844e-02,1.123230962674e-02,1.275775230317e-02,3.144971264153e-02,2.948390343753e-02
444.40000000,1.013136033525e+13,2.471946838977e-02,2.807658022176e-02,1.769746767180e-02,2.010093350816e-02,-1.123527298763e-02,-1.053299620373e-02
444.60000000,3.426274751528e+13,4.319117052881e-03,4.905689495839e-03,5.690132229801e-03,6.462900327040e-03,6.181528377202e-03,5.795143117749e-03
444.80000000,1.047567110062e+13,6.004098125642e-03,6.819505178101e-03,2.578309683949e-02,2.928465952396e-02,2.169558329969e-02,2.033946988070e-02
445.00000000,2.735207178835e+13,2.129366796834e-02,2.418552727356e-02,2.324041677961e-02,2.639666200003e-02,2.289089997413e-02,2.146007157928e-02
445.20000000,1.866806969225e+13,1.521162479408e-02,1.727749145330e-02,3.777914845141e-02,4.290987643541e-02,-1.616970567875e-02,-1.515899513230e-02
445.40000000,9.742685893517e+12,1.782709809460e-02,2.024816803833e-02,3.568857266852e-02,4.053538277424e-02,3.028598646035e-02,2.839291762329e-02
445.60000000,-7.765916354873e+11,9.451950945708e-03,1.073560542626e-02,-1.434514953981e-02,-1.629334221211e-02,-1.252392315243e-03,-1.174109744957e-03
445.80000000,-4.877723961342e+12,2.592839167495e-02,2.944968546266e-02,-2.683538516478e-03,-3.047985750654e-03,1.756333479286e-02,1.646551346831e-02
446.00000000,1.098499991141e+13,2.745040330929e-02,3.117839908531e-02,7.805492470252e-03,8.865544384804e-03,8.727146276467e-03,8.181643534661e-03
446.20000000,-1.309024932282e+11,1.315818402239e-02,1.494517614425e-02,-6.712622092876e-03,-7.624252964129e-03,-6.822416263196e-05,-6.395971391104e-05
446.40000000,4.064043882642e+13,-3.998605352328e-03,-4.541649609110e-03,3.486383127934e-03,3.959863452682e-03,-2.363610114024e-03,-2.215869288224e-03
446.60000000,-8.866720027038e+11,-1.361504805146e-03,-1.546408615316e-03,1.569078470166e-02,1.782172601346e-02,-1.807419217821e-02,-1.694443898320e-02
446.80000000,-1.000880613773e+13,7.973535398205e-05,9.056408605964e-05,-2.546654022672e-02,-2.892511184501e-02,-7.862946383509e-04,-7.371461690228e-04
447.00000000,4.492753249078e+11,-1.148500903773e-02,-1.304476991621e-02,-2.945288951072e-02,-3.345284108763e-02,1.302124741523e-02,1.220733574906e-02
447.20000000,2.328901238770e+13,-7.891751783971e-03,-8.963518088625e-03,-5.141939954610e-02,-5.840258902988e-02,-3.469376126286e-03,-3.252517816674e-03
447.40000000,-7.164415088179e+11,5.870844614375e-03,6.668154718620e-03,-2.977773421330e-02,-3.382180244912e-02,2.985492914019e-02,2.798880415655e-02
447.60000000,3.731438070501e+13,1.674275789710e-02,1.901656531684e-02,-2.746264451797e-02,-3.119230398672e-02,2.440264837135e-02,2.287732598391e-02
447.80000000,4.694279540057e+11,1.881501745457e-02,2.137025516114e-02,-8.473092746009e-03,-9.623810426131e-03,2.825702634985e-02,2.649078056218e-02
448.00000000,1.100637486853e+13,3.374667214006e-03,3.832975420905e-03,-1.865621264218e-02,-2.118988415682e-02,2.209316429043e-02,2.071219950380e-02
448.20000000,1.379169256293e+13,-6.411229813777e-03,-7.281928775667e-03,-8.205917025171e-03,-9.320349982007e-03,2.915246399973e-02,2.733024760293e-02
448.40000000,2.128149025379e+13,3.999900427169e-02,4.543120566014e-02,4.600862733493e-03,5.225698817549e-03,4.109643325695e-02,3.852764200378e-02
448.60000000,2.640163794079e+13,-2.839229713841e-03,-3.224821002286e-03,2.294720710912e-02,2.606363197562e-02,3.892510164218e-02,3.649203257261e-02
448.80000000,2.879282531563e+13,3.827295378639e-02,4.347074299349e-02,1.561373548614e-02,1.773421286261e-02,1.351592101579e-02,1.267108906975e-02
449.00000000,1.036861378380e+12,3.420252233988e-03,3.884751270217e-03,9.117337590351e-04,1.035554917087e-03,2.007200193164e-02,1.881737278480e-02
449.20000000,2.152337113753e+13,4.346401838633e-03,4.936679785110e-03,-1.329424176313e-02,-1.509971226831e-02,3.227613021120e-02,3.025866459674e-02
449.40000000,-2.768421424251e+13,8.149248892942e-04,9.255985471946e-04,-4.720246999518e-03,-5.361296476929e-03,3.986442181531e-02,3.737263919682e-02
449.60000000,2.806957674120e+13,1.806456856059e-03,2.051788899203e-03,-4.241495217352e-03,-4.817526152344e-03,1.518794520405e-02,1.423860099820e-02
449.80000000,2.427973277496e+13,1.586428439157e-02,1.801878771653e-02,5.045094422726e-02,5.730260928528e-02,2.195749142224e-02,2.058500706200e-02
450.00000000,2.002696528534e+13,6.651874700416e-02,7.555255263040e-02,2.342688473161e-02,2.660845387748e-02,8.525132528516e-02,7.992256944534e-02
450.20000000,2.607829495400e+13,1.151980595273e-02,1.308429254510e-02,4.567575545729e-02,5.187890948065e-02,2.450398284260e-02,2.297232639931e-02
450.40000000,-2.754901367035e+12,2.513059851286e-02,2.854354527541e-02,3.060237356414e-02,3.475843480052e-02,3.492173965803e-02,3.273890644673e-02
450.60000000,3.692434766780e+13,8.562545254529e-03,9.725410957494e-03,1.126930523051e-02,1.279977222293e-02,2.413488191282e-02,2.262629665029e-02
450.80000000,8.935507665857e+12,-1.615222040609e-02,-1.834582786492e-02,-1.007877670215e-02,-1.144755984814e-02,-1.598389541755e-02,-1.498479920685e-02
451.00000000,3.233432696719e+13,-1.121389815583e-02,-1.273683989504e-02,1.239903466529e-03,1.408292847284e-03,-3.517549032827e-02,-3.297679606893e-02
451.20000000,2.914172342933e+12,1.146245042133e-02,1.301914764986e-02,-1.933498817325e-03,-2.196084314767e-03,1.164117541937e-02,1.091352712428e-02
451.40000000,-1.382857970778e+13,-9.182990816411e-03,-1.043011824799e-02,-8.294192945559e-03,-9.420614519227e-03,2.928601662936e-03,2.745545233471e-03
451.60000000,-4.067237205168e+12,1.098192025388e-02,1.247335744180e-02,-1.284253456037e-02,-1.458665940583e-02,2.180270576967e-02,2.043989650770e-02
451.80000000,8.226986157282e+12,4.960910531705e-02,5.634643930048e-02,4.169546046655e-02,4.735805675552e-02,4.111060157780e-02,3.854092471350e-02
452.00000000,9.592027343158e+12,2.768514526127e-02,3.144502096983e-02,7.483488741639e-03,8.499809825585e-03,1.979255722658e-02,1.855539517011e-02
452.20000000,-7.367285303861e+12,-9.489089668863e-03,-1.077778790055e-02,-2.745251186186e-02,-3.118079523018e-02,-6.459578140462e-02,-6.055812983455e-02
452.40000000,3.173565244310e+13,-1.105995081248e-02,-1.256198520693e-02,-3.704212214671e-02,-4.207275572304e-02,-7.604671481645e-02,-7.129330629967e-02
452.60000000,1.690875199407e+12,-7.218116534966e-03,-8.198397503883e-03,-1.814104824415e-02,-2.060475607508e-02,-2.792338756017e-02,-2.617799634154e-02
452.80000000,1.655111955876e+13,2.215757483073e-03,2.516675995801e-03,-1.568813179637e-02,-1.781871282118e-02,1.621071654873e-02,1.519744255929e-02
453.00000000,1.534898561160e+13,-3.061735081208e-05,-3.477544470971e-05,1.496898054945e-03,1.700189475068e-03,2.461344554032e-02,2.307494697479e-02
453.20000000,4.122070575830e+13,7.968295400510e-02,9.050456972437e-02,2.533000682603e-02,2.877003605338e-02,7.126073905128e-02,6.680648478486e-02
453.40000000,4.619405510466e+12,6.368498675088e-02,7.233394388744e-02,4.437751339679e-02,5.040435516477e-02,1.406145873896e-02,1.318252717841e-02
453.60000000,6.980533076312e+12,1.530425875205e-02,1.738270588232e-02,-8.598464121241e-03,-9.766208294804e-03,-2.841280511041e-02,-2.663682214883e-02
453.80000000,-1.526416035155e+12,-6.604219124202e-03,-7.501127658534e-03,-3.631999203710e-03,-4.125255423508e-03,-5.592955203119e-02,-5.243359550491e-02
454.00000000,9.299530931817e+12,2.630381970815e-02,2.987609978216e-02,5.145202617808e-04,5.843964663456e-04,-1.677520470660e-02,-1.572664657867e-02
454.20000000,1.949223096332e+13,-3.466743074731e-03,-3.937555958371e-03,2.118395047135e-02,2.406091016871e-02,-1.198995232002e-02,-1.124050322664e-02
454.40000000,5.288320213230e+12,-2.198401150001e-02,-2.496962526636e-02,2.381871579937e-02,2.705349891927e-02,-3.734622495509e-03,-3.501184582774e-03
454.60000000,1.515551137842e+13,4.866948509517e-02,5.527921074517e-02,8.865492688165e-02,1.006950160027e-01,2.461085081111e-02,2.307251443283e-02
454.80000000,2.073845326868e+13,1.286830333547e-01,1.461592722058e-01,1.882218549999e-01,2.137839753291e-01,2.441945044619e-01,2.289307782107e-01
455.00000000,-1.052630616197e+13,1.784471284424e-01,2.026817501921e-01,2.186629120145e-01,2.483591854278e-01,2.690521028646e-01,2.522346169245e-01
455.20000000,9.848909464738e+12,8.250044565002e-02,9.370470044505e-02,7.959208671459e-02,9.040136546626e-02,8.054731305749e-02,7.551258822006e-02
455.40000000,7.729651540724e+12,-1.164364306268e-04,-1.322494777667e-04,1.903657230584e-02,2.162189988078e-02,-3.059755999928e-03,-2.868501581319e-03
455.60000000,1.573938152957e+13,-1.178554116604e-03,-1.338611683664e-03,1.013728718672e-02,1.151401655154e-02,-7.765786609103e-03,-7.280375026284e-03
455.80000000,2.652952786981e+13,6.919785054026e-04,7.859550097252e-04,3.748447204069e-02,4.257518047505e-02,4.712981541469e-03,4.418389899309e-03
456.00000000,2.119112983392e+13,3.670770479086e-02,4.169292001215e-02,9.340411372110e-02,1.060891825946e-01,3.873904379217e-02,3.631760453423e-02
456.20000000,2.235133098533e+13,1.215924495057e-01,1.381057273998e-01,1.894745042700e-01,2.152067449679e-01,1.493582648935e-01,1.400224132383e-01
456.40000000,2.137846433871e+13,2.422957262054e-01,2.752015248440e-01,1.128283135303e-01,1.281513530732e-01,2.435643752032e-01,2.283400360813e-01
456.60000000,-1.229001755190e+13,1.575811057371e-02,1.789819460071e-02,8.946324311192e-02,1.016131084157e-01,1.373321376226e-01,1.287479962277e-01
456.80000000,1.192578656278e+13,-8.155574068783e-03,-9.263169659890e-03,-9.331610348063e-04,-1.059892198189e-03,-1.174156701642e-02,-1.100764360118e-02
457.00000000,2.707028347025e+13,-2.209515253669e-02,-2.509586019112e-02,-4.900230602489e-03,-5.565723375905e-03,2.529920519256e-03,2.371784224059e-03
457.20000000,1.418137461110e+13,6.099248933971e-03,6.927578266936e-03,3.092771342760e-02,3.512795856992e-02,3.042607595230e-02,2.852425062148e-02
457.40000000,1.129073427652e+13,1.273543328825e-02,1.446501230279e-02,4.414604683109e-02,5.014145348116e-02,4.396328831696e-02,4.121530019393e-02
457.60000000,2.301130023874e+13,1.410677832153e-02,1.602259753204e-02,2.425238325382e-02,2.754606208301e-02,3.193903073585e-03,2.994263600553e-03
457.80000000,8.084792020383e+12,8.575173870759e-03,9.739754646083e-03,1.921833607215e-02,2.182834870434e-02,8.581662769194e-03,8.045253681783e-03
458.00000000,1.268634754900e+13,-5.694321365442e-02,-6.467658126965e-02,-3.384744399600e-02,-3.844421325141e-02,-3.549191590048e-02,-3.327344300885e-02
458.20000000,2.442235646100e+13,-5.707532894151e-02,-6.482663892453e-02,-6.104227726202e-02,-6.933233495240e-02,-5.876884586179e-02,-5.509541521965e-02
458.40000000,1.560990671699e+13,-2.692597373679e-02,-3.058274756358e-02,-2.541725357857e-02,-2.886913165306e-02,-1.757150050040e-02,-1.647316876664e-02
458.60000000,2.797917934767e+12,-1.275986943740e-02,-1.449276708664e-02,1.936713021022e-02,2.199735034520e-02,1.755290537433e-03,1.645573595548e-03
458.80000000,-1.634437023134e+13,-5.014488854304e-03,-5.695498639738e-03,2.111970547363e-02,2.398794015676e-02,-3.418466744859e-03,-3.204790598840e-03
459.00000000,1.801150678267e+13,-3.323335532448e-02,-3.774672465013e-02,-5.100242018216e-03,-5.792898034052e-03,-1.749677732039e-02,-1.640311626571e-02
459.20000000,7.365862981363e+12,-2.893881705902e-02,-3.286895194789e-02,-1.933649637699e-02,-2.196255617825e-02,-3.056718363478e-02,-2.865653816674e-02
459.40000000,8.992424980674e+12,-6.466571375086e-02,-7.344786186726e-02,-7.550555881618e-02,-8.575985250584e-02,-6.374886643180e-02,-5.976415249164e-02
459.60000000,-6.101526531719e+12,-8.189433137172e-02,-9.301627074705e-02,-9.050984442629e-02,-1.028018470431e-01,-8.220279691859e-02,-7.706459369812e-02
459.80000000,4.456236005391e+12,-4.123840968980e-02,-4.683893276413e-02,-5.204094063939e-02,-5.910854066208e-02,-4.411425415614e-02,-4.135682969772e-02
460.00000000,1.197833938282e+12,1.762790916410e-02,2.002192757481e-02,2.163511773408e-03,2.457334976275e-03,-2.411572102166e-02,-2.260833343800e-02
460.20000000,-9.297494272011e+12,-1.253004395015e-02,-1.423172936414e-02,2.143104770426e-02,2.434156529637e-02,-2.616836877832e-02,-2.453267751511e-02
460.40000000,1.634766768948e+13,-1.676774120636e-02,-1.904494156973e-02,2.169987536945e-02,2.464690203287e-02,2.251441394713e-02,2.110711834909e-02
460.60000000,1.041206034495e+12,-3.935268585597e-02,-4.469711176452e-02,1.193036309489e-02,1.355060733807e-02,1.658578122160e-02,1.554906327913e-02
460.80000000,1.070552992411e+13,-3.135049985635e-02,-3.560816156441e-02,-1.171383257975e-02,-1.330467014705e-02,4.105240064415e-02,3.848636171233e-02
461.00000000,-1.681277384067e+13,-2.140107255495e-02,-2.430751830689e-02,-1.972055912089e-02,-2.239877789206e-02,2.544304502525e-02,2.385269115910e-02
461.20000000,-3.744661887375e+13,-5.380828488545e-03,-6.111590279211e-03,-4.968107290077e-02,-5.642818291928e-02,1.931104450314e-02,1.810398008714e-02
461.40000000,2.755038656754e+12,4.245269926372e-02,4.821813308096e-02,-2.083487647585e-02,-2.366442897134e-02,2.192928984310e-02,2.055856826284e-02
461.60000000,1.867283869321e+13,2.367361448106e-02,2.688869055095e-02,-1.847139016904e-02,-2.097996122816e-02,1.534760241551e-02,1.438827860764e-02
461.80000000,4.843775798417e+11,-1.335630357024e-02,-1.517020199395e-02,-7.826300231463e-03,-8.889178016027e-03,1.728836639817e-02,1.620773236583e-02
462.00000000,-5.866327695986e+12,-5.268034870914e-02,-5.983478339101e-02,-3.757057452801e-02,-4.267297640861e-02,5.249028837662e-03,4.920930793691e-03
462.20000000,2.891334106679e+13,-4.015648832118e-02,-4.561007736884e-02,-2.960408266820e-02,-3.362456755504e-02,8.681999675427e-03,8.139318886395e-03
462.40000000,1.153702917559e+13,-2.742698730850e-02,-3.115180299456e-02,-3.267650950776e-02,-3.711425595317e-02,4.408073020177e-02,4.132540120599e-02
462.60000000,8.406271551582e+12,2.837758493313e-02,3.223149977629e-02,5.270281665858e-02,5.986030504437e-02,8.955734689791e-02,8.395943702748e-02
462.80000000,2.037057243261e+12,7.672563624795e-02,8.714562332874e-02,8.357443646330e-02,9.492455200286e-02,1.432873528125e-01,1.343309721871e-01
463.00000000,1.262721764821e+13,-9.149581238311e-03,-1.039217136803e-02,-4.072072305110e-02,-4.625094175245e-02,-1.734277824031e-02,-1.625874311807e-02
463.20000000,2.026412414585e+13,-4.785162673485e-02,-5.435028033690e-02,-7.787175553484e-02,-8.844739875771e-02,-5.663708571915e-02,-5.309690378923e-02
463.40000000,-1.904352991479e+13,-2.843012475505e-02,-3.229117494817e-02,-6.329163933895e-02,-7.188717942974e-02,-5.465298510267e-03,-5.123682221540e-03
463.60000000,3.818145946717e+13,-2.678294183029e-02,-3.042029072049e-02,-6.369803580952e-02,-7.234876797925e-02,-5.760533802380e-03,-5.400463410075e-03
463.80000000,1.921372243479e+13,-4.363405150474e-02,-4.955992289788e-02,-5.924533537235e-02,-6.729135315138e-02,-4.608746129821e-03,-4.320669870931e-03
464.00000000,8.934433428586e+12,-2.485516830697e-02,-2.823070932969e-02,-1.468493208529e-02,-1.667927010194e-02,3.213608893534e-02,3.012737680083e-02
464.20000000,3.729763594750e+12,-3.396829716230e-02,-3.858147777437e-02,-2.272640379999e-02,-2.581284170904e-02,3.696171841701e-02,3.465137341996e-02
464.40000000,-1.165425143515e+13,-5.773078730263e-02,-6.557111404704e-02,-3.020963321910e-02,-3.431235699391e-02,1.137558510516e-02,1.066453791196e-02
464.60000000,1.477309387569e+12,-2.547207172525e-02,-2.893139342367e-02,-2.643570503029e-03,-3.002589742835e-03,1.739088952020e-02,1.630384713370e-02
464.80000000,1.189731486407e+13,-2.583859304750e-02,-2.934769142591e-02,-6.283655989295e-03,-7.137029634484e-03,2.996822134332e-02,2.809501486872e-02
465.00000000,2.524387952841e+13,-1.439400241116e-02,-1.634882907014e-02,-9.052890688081e-03,-1.028234983402e-02,2.933952087187e-02,2.750561221812e-02
465.20000000,8.621546789292e+12,-1.475617284508e-02,-1.676018529681e-02,-2.566103227892e-02,-2.914601756336e-02,6.879676896781e-03,6.449652867041e-03
465.40000000,-8.996002049613e+12,-2.465442028049e-02,-2.800269803184e-02,-7.585195356148e-03,-8.615329058816e-03,2.766593473570e-02,2.593663597355e-02
465.60000000,2.071930230370e+13,-1.480835691784e-02,-1.681945640580e-02,-1.911404558772e-02,-2.170989468979e-02,3.909613607648e-02,3.665237625533e-02
465.80000000,4.923955281467e+12,-6.111803660512e-02,-6.941838030994e-02,-7.591257818181e-02,-8.622214854484e-02,-7.513570513577e-02,-7.043924058015e-02
466.00000000,-7.683126338335e+12,-8.941383533985e-02,-1.015569866338e-01,-8.787235706096e-02,-9.980616657954e-02,-1.048500259911e-01,-9.829622537345e-02
466.20000000,4.726679084536e+12,-2.872704046874e-02,-3.262841431446e-02,9.716093833636e-03,1.103562157767e-02,-1.365240145543e-02,-1.279903860459e-02
466.40000000,-4.858763098425e+12,-2.224306560681e-02,-2.526386110091e-02,-6.263749835884e-04,-7.114420057023e-04,-2.285514691779e-02,-2.142655331880e-02
466.60000000,1.879358366030e+13,-6.229922579300e-03,-7.075998492972e-03,1.975786824959e-02,2.244115391609e-02,-4.836973266000e-03,-4.534631344017e-03
466.80000000,4.286612973702e+13,1.987251953676e-02,2.257137492542e-02,5.309506362701e-03,6.030582246966e-03,6.285604953168e-03,5.892714238696e-03
467.00000000,1.544367551634e+13,2.801706594105e-02,3.182201927117e-02,-1.437019766284e-02,-1.632179208216e-02,2.397842388862e-03,2.247961825834e-03
467.20000000,6.319936016273e+12,1.801691524708e-02,2.046376395751e-02,-2.181103427330e-03,-2.477315725630e-03,-2.501612065213e-03,-2.345245230364e-03
467.40000000,1.690523700922e+13,-3.255599195547e-02,-3.697736963531e-02,-2.828956816521e-02,-3.213153086131e-02,-4.085818278636e-02,-3.830428371911e-02
467.60000000,-1.838085236050e+12,-2.899861663802e-02,-3.293687281295e-02,-1.709763661954e-02,-1.941964032423e-02,-4.926836664238e-02,-4.618877702209e-02
467.80000000,2.827448794211e+13,-2.460028393807e-02,-2.794120951854e-02,-5.102313798601e-03,-5.795251179741e-03,-5.298005450667e-02,-4.966846053552e-02
468.00000000,2.058544059496e+13,-3.409813039797e-02,-3.872894345605e-02,-2.737642390602e-02,-3.109437388621e-02,-7.701696658125e-02,-7.220291109223e-02
468.20000000,4.321593124712e+12,1.048610532358e-02,1.191020667148e-02,2.143501006863e-03,2.434606578335e-03,3.582846717256e-03,3.358895766302e-03
468.40000000,6.237987137652e+12,1.193312450183e-02,1.355374323141e-02,-1.915667503286e-02,-2.175831357424e-02,-1.482308184191e-02,-1.389654394159e-02
468.60000000,1.540418075274e+13,2.200893400921e-02,2.499793246205e-02,1.977892177442e-02,2.246506668772e-02,3.747250548783e-03,3.513023301543e-03
468.80000000,7.598679427200e+12,1.840160581083e-02,2.090069873715e-02,2.719759622326e-02,3.089125989119e-02,-2.740800533763e-02,-2.569482882088e-02
469.00000000,3.813721532749e+11,-2.916733691118e-03,-3.312850671906e-03,-4.535873681470e-02,-5.151883702431e-02,-7.699048353489e-02,-7.217808340650e-02
469.20000000,1.340747280268e+13,-3.330799189271e-02,-3.783149749242e-02,-1.169585997273e-02,-1.328425670793e-02,-8.841844521623e-02,-8.289172402195e-02
469.40000000,1.524896022410e+13,-2.809541446240e-02,-3.191100818105e-02,5.295661670716e-04,6.014857328682e-04,-1.172387967607e-02,-1.099106183330e-02
469.60000000,9.800408562395e+12,-6.894233426635e-03,-7.830528343829e-03,-1.915371934544e-02,-2.175495647945e-02,-4.101553085376e-02,-3.845179652084e-02
469.80000000,1.885647319050e+13,1.766007109822e-02,2.005845737024e-02,7.986651247628e-03,9.071306056812e-03,1.514522477177e-02,1.419855086755e-02
470.00000000,-6.881070640415e+12,3.344414174422e-02,3.798613763952e-02,5.162469875549e-03,5.863576960880e-03,-6.318210019668e-03,-5.923281278948e-03
470.20000000,-3.778712034201e+12,2.647531363115e-02,3.007088402310e-02,3.932253125020e-02,4.466286367582e-02,6.587938281725e-03,6.176149790770e-03
470.40000000,1.773358988441e+13,1.734278242114e-02,1.969807822070e-02,-2.170456659347e-02,-2.465223036480e-02,-1.642925263144e-02,-1.540231873204e-02
470.60000000,9.818130230725e+12,5.063184899115e-03,5.750808017234e-03,-4.222015086612e-02,-4.795400455041e-02,1.079775126912e-02,1.012282240509e-02
470.80000000,-1.460393621009e+13,4.737559894630e-02,5.380960396869e-02,1.105787493118e-02,1.255962790017e-02,5.186272842040e-02,4.862097451200e-02
471.00000000,2.116802618827e+13,7.884823753341e-02,8.955649173134e-02,8.432827294767e-02,9.578076585952e-02,1.286290688399e-01,1.205889251886e-01
471.20000000,-4.036864529403e+12,4.703368090296e-02,5.342125057768e-02,3.778661560575e-02,4.291835769249e-02,6.102736821407e-02,5.721276540676e-02
471.40000000,3.313748968065e+13,4.953131290327e-02,5.625808202224e-02,4.332678968087e-02,4.921093427875e-02,3.831238568373e-02,3.591761530020e-02
471.60000000,1.980334405160e+13,4.765593257327e-02,5.412800926133e-02,3.149953268163e-02,3.577743571643e-02,5.438851870260e-02,5.098888666537e-02
471.80000000,1.799943856958e+13,1.164904595859e-02,1.323108443136e-02,1.772275746743e-02,2.012965787200e-02,3.081491765609e-02,2.888878721924e-02
472.00000000,-4.959882762738e+12,2.265039358684e-02,2.572650764847e-02,8.722719196898e-03,9.907338260976e-03,3.693480274582e-02,3.462614015124e-02
472.20000000,4.681561031286e+12,6.713817586186e-02,7.625610513973e-02,3.156025495754e-02,3.584640459115e-02,8.137415712872e-02,7.628774922175e-02
472.40000000,7.778129184493e+11,8.478973345383e-02,9.630489279792e-02,6.655490314703e-02,7.559362207126e-02,1.293455760134e-01,1.212606460580e-01
472.60000000,2.540866618311e+13,6.054972568464e-02,6.877288798387e-02,3.957030627519e-02,4.494428864546e-02,8.139365815738e-02,7.630603131076e-02
472.80000000,2.706499400486e+13,1.089259734809e-02,1.237190373372e-02,-1.655500528082e-02,-1.880331505886e-02,1.607967139934e-02,1.507458857411e-02
473.00000000,1.073350971704e+13,1.881877147171e-02,2.137451900540e-02,-1.889231905683e-02,-2.145805582013e-02,2.130181937028e-02,1.997031872805e-02
473.20000000,-1.117086950597e+13,2.473818258451e-02,2.809783596164e-02,5.593052500996e-03,6.352636349737e-03,4.483709531522e-02,4.203448863782e-02
473.40000000,1.695829031222e+13,-2.928971695091e-03,-3.326750699806e-03,-1.344441112275e-02,-1.527027589745e-02,-1.037343892111e-02,-9.725032306373e-03
473.60000000,2.613527303772e+13,-3.655466220699e-02,-4.151909295747e-02,-4.466853461478e-02,-5.073489952630e-02,-4.967295772831e-02,-4.656807856437e-02
473.80000000,5.630546768475e+13,2.683560154499e-03,3.048010206761e-03,-9.388642397608e-04,-1.066369946627e-03,2.856391003920e-03,2.677848204826e-03
474.00000000,7.819578049970e+12,4.535819563402e-02,5.151822030931e-02,5.938312175710e-02,6.744785209290e-02,5.857150997232e-02,5.491041409178e-02
474.20000000,7.121687579248e+12,-1.134055388662e-02,-1.288069653992e-02,-1.554101177817e-02,-1.765161265983e-02,5.192263143873e-02,4.867713320662e-02
474.40000000,-2.176055818145e+11,1.465893492296e-03,1.664974164657e-03,-3.748458448402e-03,-4.257530818914e-03,-6.809731936362e-03,-6.384079916265e-03
474.60000000,2.075139994761e+13,-4.444927307780e-02,-5.048585842099e-02,-3.038202499321e-02,-3.450816102943e-02,-2.981862422778e-02,-2.795476853453e-02
474.80000000,3.843127740990e+12,-1.798824974806e-02,-2.043120544249e-02,2.868980713560e-03,3.258612567003e-03,-9.382316247900e-03,-8.795861171338e-03
475.00000000,2.957068759190e+13,-6.120032023693e-03,-6.951183875139e-03,2.186893080098e-02,2.483891662227e-02,-2.643253284290e-02,-2.478032962756e-02
475.20000000,-6.112878103872e+11,-6.900260043753e-03,-7.837373426269e-03,1.843805805235e-02,2.094210232804e-02,-2.015637572173e-02,-1.889647267064e-02
475.40000000,1.454878768379e+13,4.845479536714e-02,5.503536434537e-02,9.049561800933e-02,1.027856885584e-01,1.055288099860e-01,9.893258100535e-02
475.60000000,-1.274130948615e+13,1.136789736449e-01,1.291175349219e-01,1.106282932091e-01,1.256525513795e-01,6.410608624769e-02,6.009904377277e-02
475.80000000,-1.765712931497e+13,-2.671702730411e-02,-3.034542444696e-02,-1.234881483503e-02,-1.402588836475e-02,-2.760608784163e-02,-2.588052989507e-02
476.00000000,4.567423966460e+12,-4.195969133093e-02,-4.765817052202e-02,-1.854532357058e-02,-2.106393541114e-02,-4.981957516437e-02,-4.670553146820e-02
476.20000000,1.063337451199e+13,-6.262590998177e-02,-7.113103558051e-02,-3.154041374176e-02,-3.582386877040e-02,-8.171901487734e-02,-7.661105114427e-02
476.40000000,-1.519481833647e+13,-6.696128328862e-02,-7.605518906642e-02,-5.019388062839e-02,-5.701063427484e-02,-1.003139168543e-01,-9.404365221662e-02
476.60000000,-3.596599226663e+12,-5.775908828074e-03,-6.560325853614e-03,-4.626974363234e-03,-5.255356627521e-03,-3.657264689828e-02,-3.428662137216e-02
476.80000000,-1.068679241409e+13,-3.284933860833e-03,-3.731055523226e-03,-6.323394731320e-04,-7.182165233874e-04,-1.724152227988e-02,-1.616381630606e-02
477.00000000,5.007203486198e+12,3.499542892827e-02,3.974810267790e-02,2.339731414577e-02,2.657486735591e-02,2.929706295636e-02,2.746580819526e-02
477.20000000,6.428250440774e+12,7.068151628408e-02,8.028066100998e-02,3.815886716565e-02,4.334116416360e-02,5.253176708342e-02,4.924819395789e-02
477.40000000,1.313343338743e+13,-1.944781629535e-03,-2.208899340976e-03,-2.888849092918e-02,-3.281179240371e-02,-2.301678622359e-03,-2.157808912893e-03
477.60000000,2.533117132792e+13,-1.627938985206e-03,-1.849026799184e-03,-4.496978774513e-02,-5.107706538044e-02,-1.041348408569e-02,-9.762574390747e-03
477.80000000,1.800398376361e+12,7.315245988853e-04,8.308717954998e-04,-4.214886433387e-02,-4.787303670397e-02,-4.716845259453e-02,-4.422012110082e-02
478.00000000,-4.909524234528e+12,6.081232570705e-03,6.907115129923e-03,-2.042093746855e-02,-2.319427354478e-02,-2.278182860409e-02,-2.135781787100e-02
478.20000000,2.351970838557e+13,3.216133876913e-02,3.652911922510e-02,2.585274453527e-02,2.936376596607e-02,7.919840419717e-03,7.424799483452e-03
478.40000000,9.138382987782e+12,2.615004906140e-02,2.970144578754e-02,2.275299104621e-02,2.584303972824e-02,3.365871535346e-02,3.155482928013e-02
478.60000000,8.674567697557e+12,1.426321728219e-02,1.620028222005e-02,-9.954691215626e-03,-1.130662250274e-02,2.795237932716e-02,2.620517593673e-02
478.80000000,5.264590651266e+13,7.657154289954e-01,8.697060280685e-01,7.197648002519e-01,8.175149495784e-01,9.015621592003e-01,8.452087288608e-01
479.00000000,1.013808435976e+13,1.649829400156e+03,1.873890116701e+03,1.649802851058e+03,1.873860036119e+03,1.989161742252e+03,1.864826346703e+03
479.20000000,6.810391108789e+12,1.397465921068e+06,1.587253553410e+06,1.397465909544e+06,1.587253603091e+06,1.684882067726e+06,1.579566107795e+06
479.40000000,2.534133418030e+13,4.695391285977e+08,5.333064936294e+08,4.695391286000e+08,5.333065147228e+08,5.661090117037e+08,5.307235594307e+08
479.60000000,2.374558319605e+12,6.292344307935e+10,7.146897617662e+10,6.292344307935e+10,7.146897900302e+10,7.586487686513e+10,7.112283438919e+10
479.80000000,9.585916743424e+12,3.383460126275e+12,3.842962484655e+12,3.383460126275e+12,3.842962636634e+12,4.079334716860e+12,3.824350074424e+12
480.00000000,7.178750971290e+13,7.348447443096e+13,8.346428446127e+13,7.348447443096e+13,8.346428776206e+13,8.859799037338e+13,8.306004645264e+13
480.20000000,6.317421537653e+14,6.491079124898e+14,7.372622295205e+14,6.491079124898e+14,7.372622586772e+14,7.826096196155e+14,7.336914876465e+14
480.40000000,2.409404155393e+15,2.347389817551e+15,2.666185109042e+15,2.347389817551e+15,2.666185214482e+15,2.830176334096e+15,2.653272120377e+15
480.60000000,3.906158034052e+15,3.491208346121e+15,3.965343819502e+15,3.491208346121e+15,3.965343976321e+15,4.209243460460e+15,3.946138686474e+15
480.80000000,2.777407763078e+15,2.138734802645e+15,2.429192987192e+15,2.138734802645e+15,2.429193083260e+15,2.578607356226e+15,2.417427820751e+15
481.00000000,9.992956405777e+14,5.387649252025e+14,6.119337359772e+14,5.387649252025e+14,6.119337601775e+14,6.495739353585e+14,6.089713888308e+14
481.20000000,1.694626181649e+14,6.119596616049e+13,6.950689335474e+13,6.119596616049e+13,6.950689610354e+13,7.385665199338e+13,6.924013648112e+13
481.40000000,1.180729605978e+14,1.172616273815e+14,1.331867431855e+14,1.172616273815e+14,1.331867484527e+14,1.428846437650e+14,1.339534350438e+14
481.60000000,9.559121415343e+14,9.450859623602e+14,1.073436589342e+15,9.450859623602e+14,1.073436631794e+15,1.151843130362e+15,1.079845530477e+15
481.80000000,3.252045580735e+15,3.182683623176e+15,3.614918842817e+15,3.182683623176e+15,3.614918985777e+15,3.878963448186e+15,3.636503298061e+15
482.00000000,4.996916144318e+15,4.409224941499e+15,5.008034794027e+15,4.409224941499e+15,5.008034992081e+15,5.373836806690e+15,5.037937462368e+15
482.20000000,3.485297673750e+15,2.515997613016e+15,2.857691262036e+15,2.515997613016e+15,2.857691375049e+15,3.066425677479e+15,2.874754361149e+15
482.40000000,1.167537165739e+15,5.900682349383e+14,6.702044669138e+14,5.900682349383e+14,6.702044934186e+14,7.191582288150e+14,6.742062166470e+14
482.60000000,1.995420473018e+14,5.659437617863e+13,6.428036872903e+13,5.659437617863e+13,6.428037127114e+13,6.897560133494e+13,6.466418286503e+13
482.80000000,4.579305964290e+13,2.205209060741e+12,2.504695008946e+12,2.205209060741e+12,2.504695108000e+12,2.687645510108e+12,2.519650389100e+12
483.00000000,2.502374022852e+13,3.466454674124e+10,3.937228390535e+10,3.466454674124e+10,3.937228546242e+10,4.224815463877e+10,3.960737339578e+10
483.20000000,-1.457162387502e+13,2.183862587278e+08,2.480449504747e+08,2.183862587524e+08,2.480449603122e+08,2.661629041180e+08,2.495260116718e+08
483.40000000,-5.982800003436e+12,5.481847876944e+05,6.226328950676e+05,5.481848068147e+05,6.226329414079e+05,6.681119182006e+05,6.263506285801e+05
483.60000000,8.076890896042e+12,5.453220349827e+02,6.193813564463e+02,5.453274935368e+02,6.193875808131e+02,6.646344979744e+02,6.230905694714e+02
483.80000000,1.267332347987e+13,2.411031663968e-01,2.738470053775e-01,2.120904972134e-01,2.408941810919e-01,3.018246682814e-01,2.829586863354e-01
484.00000000,1.779470833232e+11,-2.010076801546e-02,-2.283062146832e-02,-2.563055829837e-02,-2.911140495843e-02,-3.878713014862e-02,-3.636268518429e-02
484.20000000,3.658953916570e+13,2.422278358856e-02,2.751244144474e-02,2.141997361844e-02,2.432898725601e-02,1.531416300513e-02,1.435692937536e-02
484.40000000,-3.677966091893e+12,2.637465271384e-02,2.995655250611e-02,3.983746906761e-02,4.524773440538e-02,-6.762189224486e-03,-6.339508929494e-03
484.60000000,6.429126550969e+12,-1.030233205498e-02,-1.170147544648e-02,3.923390641476e-03,4.456220283793e-03,-2.742726574006e-02,-2.571288532434e-02
484.80000000,3.031861299705e+13,-4.758904549565e-02,-5.405203835568e-02,-2.243970402165e-02,-2.548720567523e-02,-6.210490440001e-02,-5.822294865450e-02
485.00000000,-2.073858798950e+12,-7.402853119087e-03,-8.408222870763e-03,-1.115613624484e-02,-1.267123393155e-02,-2.298977225080e-02,-2.155276370310e-02
485.20000000,2.563505297734e+13,3.407558152119e-02,3.870333225203e-02,2.473401767036e-03,2.809310652811e-03,1.105330926853e-04,1.036240638680e-04
485.40000000,9.224722069350e+12,2.243319908504e-02,2.547981630555e-02,-2.212488265160e-02,-2.512962889964e-02,-1.037993034609e-03,-9.731117975559e-04
485.60000000,1.391871359525e+13,1.737010419785e-02,1.972911052461e-02,6.997652263301e-03,7.947992643149e-03,-2.855688396558e-03,-2.677189514939e-03
485.80000000,2.255212851083e+13,5.763059415240e-03,6.545731382385e-03,-8.289800354930e-03,-9.415625377628e-03,-3.157133057179e-02,-2.959791946536e-02
486.00000000,1.240649824813e+13,-6.119510825802e-02,-6.950591894188e-02,-6.174194791206e-02,-7.012702679617e-02,-1.129623503362e-01,-1.059014772996e-01
486.20000000,-5.593203716707e+12,-3.200541957696e-02,-3.635202489450e-02,-1.915340080387e-02,-2.175459467724e-02,-6.394937479086e-02,-5.995212778936e-02
486.40000000,2.448531092091e+11,-3.636776513540e-02,-4.130681369074e-02,-8.952574556097e-03,-1.016840992261e-02,-4.602255478732e-02,-4.314584927259e-02
486.60000000,4.857377139184e+12,-7.820385069843e-02,-8.882459174138e-02,-4.332523683970e-02,-4.920917054861e-02,-1.320077579886e-01,-1.237564245468e-01
486.80000000,1.686272171808e+13,-1.523860144033e-02,-1.730813175513e-02,1.646114531425e-02,1.869670811476e-02,-1.835362080740e-02,-1.720640152686e-02
487.00000000,-4.473789831486e+12,-3.089116086266e-03,-3.508644046984e-03,-1.606216380022e-02,-1.824354153560e-02,7.378111175160e-03,6.916931799004e-03
487.20000000,7.679362849566e+12,-4.297085078337e-03,-4.880665393743e-03,-1.659736539295e-02,-1.885142803260e-02,-1.770637014002e-02,-1.659960818682e-02
487.40000000,8.976850185960e+12,-1.482837860995e-02,-1.684219721218e-02,-9.714394191855e-03,-1.103369111015e-02,-8.593196864658e-03,-8.056066822137e-03
487.60000000,1.838073834835e+13,-3.661640233688e-02,-4.158921791656e-02,-1.997364567626e-02,-2.268623574286e-02,-3.010277506675e-02,-2.822115811950e-02
487.80000000,1.823007537139e+13,-4.816981960507e-02,-5.471168647662e-02,1.411370286745e-02,1.603046312353e-02,-4.608511673654e-02,-4.320450069781e-02
488.00000000,1.864868585258e+13,-2.436165232727e-02,-2.767016972681e-02,5.079180658880e-03,5.768976363934e-03,-1.941445846298e-02,-1.820093000972e-02
488.20000000,-1.748497539677e+13,-1.530636581624e-03,-1.738509910355e-03,3.172169695155e-02,3.602977177379e-02,8.259279966757e-02,7.743021876828e-02
488.40000000,1.606233242590e+13,6.973837201095e-02,7.920942980760e-02,5.774950331279e-02,6.559237444289e-02,1.213300930961e-01,1.137461823479e-01
488.60000000,2.905415576294e+13,2.459148037727e-02,2.793121036009e-02,3.306429862923e-04,3.755471011822e-04,6.047516058579e-02,5.669507430493e-02
488.80000000,1.629717067587e+13,1.827066148080e-04,2.075197106520e-04,-7.321479272652e-03,-8.315798100055e-03,7.008446437158e-03,6.570373483392e-03
489.00000000,1.285727738079e+13,-2.313072875845e-02,-2.627207637860e-02,-1.114194265494e-02,-1.265511273207e-02,-2.109596387880e-02,-1.977733052806e-02
489.20000000,1.301800352878e+13,-1.407765980802e-02,-1.598952447934e-02,8.536349143911e-03,9.695657578039e-03,-2.968976236662e-03,-2.783396136804e-03
489.40000000,-3.932244608805e+12,1.429287486689e-02,1.623396755434e-02,1.853281997202e-02,2.104973371811e-02,3.665608030493e-02,3.436483965457e-02
489.60000000,7.459264412927e+12,2.268445045525e-02,2.576518972621e-02,2.967831644277e-03,3.370888290424e-03,3.205725440287e-02,3.005346993341e-02
489.80000000,4.436704288916e+12,1.532773324883e-02,1.740936841330e-02,-8.863893951940e-03,-1.006768574214e-02,3.973046341266e-02,3.724705405544e-02
490.00000000,1.145141330147e+12,4.903315334329e-02,5.569226820180e-02,-5.060890918049e-03,-5.748202721559e-03,6.083206635409e-02,5.702967116846e-02
490.20000000,1.510701875499e+13,3.711029710901e-02,4.215018775509e-02,3.158304766858e-02,3.587229274518e-02,4.629724534480e-02,4.340336990446e-02
490.40000000,1.271218419832e+12,-1.083496598121e-02,-1.230644554223e-02,-1.400597696229e-02,-1.590810712904e-02,1.213481431795e-02,1.137631041850e-02
490.60000000,1.732396446005e+13,-2.068241644539e-02,-2.349126264985e-02,1.707665142893e-04,1.939580516724e-04,1.054861541154e-02,9.889259140092e-03
490.80000000,-2.272653351329e+12,2.025238695650e-02,2.300283153750e-02,5.115650655741e-02,5.810399294916e-02,4.044789710576e-02,3.791964353093e-02
491.00000000,-4.693322082193e+12,2.884682303059e-02,3.276446435623e-02,3.203991703672e-02,3.639120883878e-02,2.377305705582e-02,2.228708817272e-02
491.20000000,3.424320303917e+13,1.834165455961e-02,2.083260560150e-02,2.109210617811e-02,2.395659264341e-02,-7.510648232574e-03,-7.041184438359e-03
491.40000000,-6.511884150481e+12,9.584366157359e-02,1.088600373798e-01,6.776718534194e-02,7.697054244455e-02,9.293054849335e-02,8.712179183971e-02
491.60000000,1.853834049054e+13,4.938026118236e-02,5.608651620647e-02,5.915090602721e-02,6.718409950226e-02,1.203971905940e-01,1.128715922489e-01
491.80000000,2.577578119587e+12,6.144531887501e-02,6.979011026630e-02,6.072481452540e-02,6.897175809030e-02,8.180666604668e-02,7.669322355209e-02
492.00000000,-2.524615530159e+12,2.454968231872e-02,2.788373577345e-02,1.742538929734e-02,1.979190458857e-02,4.726300881879e-02,4.430876695324e-02
492.20000000,1.505509359475e+13,1.570530004745e-02,1.783821196056e-02,3.859257053491e-02,4.383376811968e-02,1.765178401502e-02,1.654843404552e-02
492.40000000,3.513714827036e+12,1.007752237079e-02,1.144613471531e-02,3.920733908386e-02,4.453202743873e-02,-1.195822682794e-02,-1.121076078175e-02
492.60000000,2.121509509439e+13,2.536725877918e-02,2.881234599749e-02,3.578631101926e-02,4.064639481990e-02,2.127104582591e-02,1.994146872802e-02
492.80000000,2.747934958450e+13,-8.259676794847e-03,-9.381410412221e-03,-2.041904226395e-02,-2.319212095536e-02,-1.310115664307e-02,-1.228225013649e-02
493.00000000,1.142128276307e+13,1.991007236423e-02,2.261402774288e-02,-2.807625017356e-03,-3.188924248165e-03,4.059120321802e-02,3.805399208998e-02
493.20000000,3.189313036336e+13,1.981507576296e-02,2.250612980372e-02,-5.995726574700e-03,-6.809996969407e-03,5.009807862755e-04,4.696662667470e-04
493.40000000,2.507265991515e+13,7.351406477255e-02,8.349789342027e-02,-7.131740776871e-03,-8.100291511296e-03,-7.997746015017e-03,-7.497835478255e-03
493.60000000,1.251571921087e+12,1.062258289986e-02,1.206521905114e-02,-2.691266541131e-02,-3.056763306436e-02,-1.891482183818e-02,-1.773252388572e-02
493.80000000,8.405606098596e+11,-3.112558907620e-03,-3.535270600759e-03,9.249213994560e-04,1.050533550649e-03,1.569520179450e-03,1.471415079101e-03
494.00000000,5.120589307644e+12,-1.885645733939e-03,-2.141732293105e-03,-1.117936033552e-02,-1.269761205023e-02,-1.536684176034e-02,-1.440631536974e-02
494.20000000,1.059324436719e+13,2.371670303507e-02,2.693763089321e-02,-3.500600193128e-04,-3.976011315605e-04,1.351878678508e-02,1.267377571004e-02
494.40000000,1.828968883190e+13,-2.263365959717e-02,-2.570750104218e-02,-5.665925710537e-02,-6.435406357665e-02,-6.407360154919e-02,-6.006858957675e-02
494.60000000,1.425430229732e+12,-3.778319729222e-03,-4.291447344591e-03,-7.499665214123e-02,-8.518183199890e-02,-9.392319996615e-02,-8.805239621453e-02
494.80000000,-2.313258844480e+13,-4.891403947632e-02,-5.555697766930e-02,-6.311155854464e-02,-7.168264214001e-02,-5.336960129587e-02,-5.003365814633e-02
495.00000000,6.095712955387e+12,-5.767628945609e-02,-6.550921493432e-02,-5.057471664931e-02,-5.744319104940e-02,-9.543790479101e-03,-8.947242225106e-03
495.20000000,2.208539157607e+13,-3.017092909011e-02,-3.426839516154e-02,-2.854504283798e-02,-3.242170115604e-02,-5.395028458788e-02,-5.057804499986e-02
495.40000000,1.289028420340e+13,8.380493777745e-03,9.518635358123e-03,2.017464416704e-02,2.291453152920e-02,4.011113561929e-03,3.760393180213e-03
495.60000000,1.153992759938e+13,3.629912060507e-02,4.122884665552e-02,1.886547077946e-02,2.142756131953e-02,1.628894745081e-02,1.527078352710e-02
495.80000000,2.967178144852e+13,3.548724737353e-02,4.030671420688e-02,5.140182542675e-03,5.838262819644e-03,2.589173957948e-02,2.427333941942e-02
496.00000000,6.236835160318e+12,-1.889462903808e-02,-2.146067866766e-02,-1.718954476593e-02,-1.952403037447e-02,-2.214274574202e-02,-2.075868179594e-02
496.20000000,2.368931340278e+13,-2.514475517455e-02,-2.855962453089e-02,-2.639324854081e-02,-2.997767498841e-02,-2.049480474962e-02,-1.921374770880e-02
496.40000000,1.946087458507e+13,-2.874553254171e-02,-3.264941776655e-02,-1.581744216442e-02,-1.796558463123e-02,-3.527550991370e-02,-3.307056378733e-02
496.60000000,1.768530641254e+13,-3.948842364933e-02,-4.485128389251e-02,-1.111588268464e-02,-1.262551359732e-02,-4.070151776357e-02,-3.815741126731e-02
496.80000000,-1.058872410070e+13,-1.668432777213e-02,-1.895019988918e-02,-6.112129172945e-03,-6.942208025299e-03,-3.931803921896e-02,-3.686040902497e-02
497.00000000,1.820643867333e+13,1.163135592063e-02,1.321099193738e-02,2.969034536024e-03,3.372254545047e-03,-4.741666539733e-03,-4.445281900789e-03
497.20000000,1.209760010695e+13,2.007920145327e-02,2.280612598550e-02,-2.725033473101e-03,-3.095116073448e-03,1.469870190727e-03,1.377993855240e-03
497.40000000,1.326422468142e+13,8.414549817512e-03,9.557316494686e-03,-2.770599914958e-02,-3.146870823617e-02,1.709442905162e-03,1.602591735010e-03
497.60000000,4.209835279389e+12,-1.119799532795e-02,-1.271877732929e-02,-4.904802767737e-02,-5.570916479876e-02,3.781809035831e-03,3.545421661003e-03
497.80000000,2.454402611107e+12,-5.541307198542e-02,-6.293863348521e-02,-6.816502056346e-02,-7.742240705497e-02,-5.000290220685e-02,-4.687739939206e-02
498.00000000,3.548880331442e+13,-5.041658567527e-02,-5.726358228663e-02,-4.429858291562e-02,-5.031470525647e-02,-7.378271513058e-02,-6.917082114753e-02
498.20000000,1.364863771003e+13,-2.952703281538e-02,-3.353705235404e-02,-5.227048310358e-03,-5.936925693490e-03,-2.368616257341e-02,-2.220562515404e-02
498.40000000,1.884472154929e+13,-1.141976211480e-02,-1.297066191206e-02,-6.840298503103e-04,-7.769268911046e-04,7.449220044515e-03,6.983595906925e-03
498.60000000,1.538263153572e+13,-2.635859755689e-03,-2.993831692373e-03,-1.194451045829e-02,-1.356667603310e-02,3.637475489741e-03,3.410109889343e-03
498.80000000,3.022037752008e+13,-2.911677908521e-03,-3.307108271485e-03,-2.355774477019e-02,-2.675708581643e-02,-5.211780809544e-03,-4.886011006765e-03
499.00000000,2.677811286295e+13,-4.531059144352e-02,-5.146415106912e-02,-5.326475307164e-02,-6.049855717650e-02,-2.136066304335e-02,-2.002548429330e-02
499.20000000,7.292992257521e+11,-5.961207531410e-02,-6.770789680230e-02,-5.674531270894e-02,-6.445180625924e-02,-3.067029369160e-02,-2.875320318220e-02
499.40000000,2.091242889342e+13,-3.988843672077e-02,-4.530562210533e-02,-4.962686502812e-02,-5.636661315891e-02,-4.166169678386e-02,-3.905757292665e-02
499.60000000,-3.308009849211e+12,-3.344990640384e-02,-3.799268518843e-02,-6.307947316109e-02,-7.164619928993e-02,-7.941170463260e-02,-7.444796262160e-02
499.80000000,7.466979647915e+12,-3.794086361766e-02,-4.309355218517e-02,-2.915672257327e-02,-3.311645217439e-02,-3.891939477497e-02,-3.648668242129e-02
500.00000000,8.588904476176e+12,1.736269869809e-03,1.972069929566e-03,-2.484762485170e-02,-2.822214252582e-02,1.409683236297e-02,1.321568972354e-02
500.20000000,1.819091938285e+13,-2.666877721473e-02,-3.029062158940e-02,-4.474966646794e-02,-5.082704977151e-02,3.374095791235e-03,3.163193115042e-03
500.40000000,1.745085366335e+13,-3.981861901580e-02,-4.522632256848e-02,-3.560440165065e-02,-4.043978062002e-02,-8.621358489160e-03,-8.082468164081e-03
500.60000000,2.565712197498e+13,-3.834011761901e-02,-4.354702823980e-02,-9.659197593690e-03,-1.097099834697e-02,-9.535868747525e-03,-8.939815652676e-03
500.80000000,5.514693831753e+12,-2.008263373416e-02,-2.281002439902e-02,-2.927020394378e-02,-3.324534527512e-02,-2.244119720006e-02,-2.103847811936e-02
501.00000000,-1.158122164925e+12,5.678928117272e-02,6.450174346153e-02,3.932572094805e-02,4.466648656162e-02,1.418600136091e-02,1.329928508591e-02
501.20000000,1.857576773856e+13,3.136783980676e-02,3.562785642601e-02,3.030340706999e-02,3.441886612711e-02,5.542623139131e-02,5.196173564044e-02
501.40000000,2.454973651814e+13,5.138181797451e-03,5.835990125494e-03,1.447710023500e-02,1.644321292805e-02,4.855611562429e-02,4.552104627110e-02
501.60000000,2.013599794382e+13,-2.670984976288e-03,-3.033727213524e-03,-2.811622588779e-02,-3.193464723608e-02,3.937531726342e-02,3.691410682346e-02
501.80000000,1.033860094611e+13,-2.982665464247e-02,-3.387736534669e-02,-2.280932932738e-02,-2.590702922464e-02,1.400080843073e-02,1.312566790432e-02
502.00000000,-1.064820810536e+13,-6.158042206295e-03,-6.994356160410e-03,1.156293172583e-03,1.313327568050e-03,3.990939097174e-02,3.741479749189e-02
502.20000000,2.728948389880e+13,-4.709885392884e-03,-5.349527464892e-03,1.508601326669e-02,1.713482150106e-02,-4.503260085564e-03,-4.221777382521e-03
502.40000000,8.110926871950e+12,-6.150062678773e-03,-6.985292945900e-03,-6.778305118486e-03,-7.698856300317e-03,-3.529794332382e-02,-3.309159496511e-02
502.60000000,-3.223279499945e+12,2.934565141650e-03,3.333103783480e-03,6.963776413163e-04,7.909516165966e-04,-5.999680554154e-03,-5.624661952588e-03
502.80000000,2.676309336531e+12,-6.574085003137e-03,-7.466901070237e-03,-5.188759017047e-03,-5.893436390208e-03,3.283465945695e-02,3.078228217432e-02
503.00000000,1.906925575663e+13,-3.413573351720e-02,-3.877165339531e-02,-1.931217112321e-02,-2.193492734920e-02,-3.509057045027e-02,-3.289718422918e-02
503.20000000,2.337016881663e+13,-5.665573548334e-03,-6.435006114369e-03,-6.624705837954e-03,-7.524396937987e-03,-2.645571553664e-03,-2.480206325392e-03
503.40000000,8.369466915136e+12,-4.077593305611e-02,-4.631364791166e-02,-3.204396265167e-02,-3.639580388246e-02,-5.678671434761e-02,-5.323717966657e-02
503.60000000,-2.425973060154e+13,-3.614410591668e-02,-4.105277966793e-02,-2.804956902627e-02,-3.185893780882e-02,-5.084148721287e-02,-4.766356744465e-02
503.80000000,3.418619050449e+13,-2.982177753814e-02,-3.387182589054e-02,-1.285788735696e-03,-1.460409724209e-03,-1.564259374760e-02,-1.466483108522e-02
504.00000000,1.320947325531e+13,-1.636082417685e-02,-1.858276178324e-02,2.131954258177e-02,2.421491683487e-02,2.903422642559e-03,2.721940063723e-03
504.20000000,1.208755094424e+13,-1.190285101051e-02,-1.351935834521e-02,1.409220463367e-02,1.600604524771e-02,1.550173540607e-02,1.453277729549e-02
504.40000000,2.825318959432e+13,-2.978222107929e-02,-3.382689733171e-02,2.190262879604e-02,2.487719109015e-02,1.938491893337e-02,1.817323689060e-02
504.60000000,3.760165539714e+13,-6.398166216624e-02,-7.267091032086e-02,-6.733526512536e-03,-7.647996380836e-03,-5.940768949964e-02,-5.569432702354e-02
504.80000000,4.441209624098e+13,-4.524289905573e-02,-5.138726548542e-02,-2.043618853228e-02,-2.321159583199e-02,-4.188613636172e-02,-3.926798358816e-02
505.00000000,-1.587371213741e+13,-7.913427639069e-03,-8.988137707258e-03,-1.164440113130e-02,-1.322580932048e-02,-6.144072720745e-03,-5.760028680591e-03
505.20000000,1.929794597264e+13,-7.743952991106e-03,-8.795646975901e-03,-9.355340393840e-03,-1.062587476865e-02,1.765803604570e-02,1.655429528409e-02
505.40000000,7.754885877419e+12,-3.290533992645e-02,-3.737416200066e-02,1.585796223100e-02,1.801160766567e-02,3.965515182665e-02,3.717644992767e-02
505.60000000,1.527283333606e+13,-3.360731093897e-02,-3.817146658406e-02,1.271801653981e-02,1.444523078462e-02,1.454175945571e-03,1.363280601292e-03
505.80000000,9.834454054634e+12,-7.851163632083e-02,-8.917417724146e-02,6.187747803975e-03,7.028096306183e-03,-4.453402182672e-02,-4.175035919055e-02
506.00000000,-1.756315160953e+13,-7.752787754792e-02,-8.805681574844e-02,-8.296902454922e-03,-9.423692002885e-03,-2.558327019664e-02,-2.398415135589e-02
506.20000000,1.250174312637e+13,-1.306106526800e-01,-1.483486784572e-01,-3.392010641311e-02,-3.852674383952e-02,-1.859357293273e-01,-1.743135510190e-01
506.40000000,4.633851097580e+12,-3.739715147793e-02,-4.247599936130e-02,2.636287537304e-03,2.994317688750e-03,-3.606363588017e-02,-3.380942681469e-02
506.60000000,-1.914696122692e+13,-4.381599472598e-03,-4.976657553969e-03,1.621107614952e-02,1.841267744179e-02,-5.301445759052e-03,-4.970071320548e-03
506.80000000,2.433042414596e+13,9.609538057922e-03,1.091459419447e-02,2.820583704299e-02,3.203642834430e-02,-4.191117570928e-03,-3.929145781554e-03
507.00000000,8.325243874788e+12,-1.824924324051e-02,-2.072764404759e-02,1.360664043549e-02,1.545453732338e-02,-3.321614126885e-02,-3.113991892075e-02
507.20000000,2.716244702813e+13,-4.693150315052e-02,-5.330519622659e-02,-2.591033124925e-02,-2.942917344302e-02,-8.001980170300e-02,-7.501804971615e-02
507.40000000,-5.665317788225e+12,-1.111341462535e-01,-1.262270985550e-01,-7.872703193111e-02,-8.941882892452e-02,-9.700210550612e-02,-9.093885036654e-02
507.60000000,1.431792101769e+13,-4.395125112847e-02,-4.992020089987e-02,-1.620766479958e-01,-1.840880280166e-01,-8.653834175727e-02,-8.112913911479e-02
507.80000000,5.061234633283e+12,-4.185163866928e-03,-4.753544339960e-03,-1.459061817276e-02,-1.657214756216e-02,-6.713534029945e-02,-6.293894997376e-02
508.00000000,1.432392902387e+13,6.549311494139e-03,7.438763110239e-03,1.634757268961e-02,1.856771136682e-02,1.370221204273e-02,1.284573571000e-02
508.20000000,4.262362445281e+12,-1.075878675660e-03,-1.221992053784e-03,5.676200663323e-03,6.447076735969e-03,-2.040987566035e-02,-1.913412723355e-02
508.40000000,-4.984813574288e+12,-8.421704067667e-03,-9.565442352218e-03,-1.486013490012e-02,-1.687826694129e-02,-2.757518289860e-02,-2.585155670964e-02
508.60000000,1.835436433618e+13,-3.271209259314e-02,-3.715467005322e-02,-2.334643408079e-02,-2.651707734764e-02,-4.804497730595e-02,-4.504185738334e-02
508.80000000,7.573817176655e+12,-2.836987223681e-02,-3.222273963091e-02,-3.937937548028e-02,-4.472742783327e-02,-4.392805898277e-02,-4.118227291958e-02
509.00000000,1.246736413910e+13,-9.225828021101e-03,-1.047877310557e-02,-1.015664954254e-02,-1.153600847909e-02,-4.042560540593e-02,-3.789874520564e-02
509.20000000,8.551320539633e+12,3.357376704630e-02,3.813336714848e-02,-2.360358477997e-02,-2.680915128736e-02,4.499877551898e-02,4.218606278954e-02
509.40000000,1.883590399162e+13,4.529386357113e-02,5.144515141089e-02,1.083842764760e-03,1.231037781889e-03,5.221443777554e-02,4.895069977160e-02
509.60000000,2.054205232521e+13,2.773583786129e-02,3.150259805153e-02,-1.892377599101e-02,-2.149378487209e-02,3.694085531721e-02,3.463181439801e-02
509.80000000,1.954711005124e+13,-2.094912228865e-02,-2.379418939108e-02,-4.549447055364e-02,-5.167300455334e-02,5.730079058755e-03,5.371912283696e-03
510.00000000,1.223418613498e+13,-4.172259829562e-02,-4.738887825728e-02,-2.684850597531e-02,-3.049476023414e-02,-2.098149912169e-02,-1.967002055406e-02
510.20000000,1.170996586424e+13,-5.742484895187e-02,-6.522362669365e-02,-2.102092582146e-02,-2.387574539211e-02,-7.591285880660e-02,-7.116781715088e-02
510.40000000,-2.907968119606e+12,-1.516305400890e-02,-1.722232434675e-02,4.635628849036e-03,5.265186465715e-03,-3.626893117275e-02,-3.400188983181e-02
510.60000000,3.962845789974e+13,6.301800066815e-02,7.157637548171e-02,7.012722697607e-02,7.965109769935e-02,7.110984456773e-02,6.666502217650e-02
510.80000000,-2.196812259075e+13,1.059969860258e-01,1.203922687370e-01,6.248988957760e-02,7.097654526773e-02,1.253373366938e-01,1.175029474615e-01
511.00000000,1.554187927185e+13,3.448303165593e-02,3.916611754393e-02,8.592918282933e-03,9.759909284735e-03,5.229103070449e-02,4.902250515014e-02
511.20000000,3.553872167045e+13,1.070877138703e-02,1.216311266018e-02,1.264950261177e-04,1.436741208554e-04,2.570213270198e-02,2.409558419058e-02
511.40000000,-2.659994908007e+12,-3.548817311788e-03,-4.030776567511e-03,-4.403148755529e-03,-5.001133608649e-03,-2.711833900951e-02,-2.542326850028e-02
511.60000000,2.644272799192e+13,-3.028432343024e-02,-3.439718940731e-02,-1.315166651894e-02,-1.493777409973e-02,-4.629580527299e-02,-4.340201984640e-02
511.80000000,8.918866524962e+12,-2.312067856959e-02,-2.626066128952e-02,-4.047748889108e-03,-4.597467433565e-03,-3.890227253502e-02,-3.647063043139e-02
512.00000000,2.429953083394e+13,4.007213717134e-02,4.551427062300e-02,2.694456973843e-02,3.060387026903e-02,2.659586171543e-02,2.493344939565e-02
512.20000000,1.503991791019e+13,4.240566681373e-02,4.816471322846e-02,3.148836928157e-02,3.576475623220e-02,3.155594024539e-02,2.958349113329e-02
512.40000000,1.347998015165e+13,1.611600353725e-02,1.830469244051e-02,1.185153787603e-02,1.346107698760e-02,-1.150898046488e-02,-1.078959520421e-02
512.60000000,9.474736220252e+12,-3.298086249312e-02,-3.745994116743e-02,-2.192076189775e-02,-2.489778682048e-02,-2.192346971035e-02,-2.055311192580e-02
512.80000000,-1.761926672599e+12,9.642665006821e-03,1.095222006181e-02,1.360422366063e-03,1.545179233006e-03,-2.535525668430e-02,-2.377039015378e-02
513.00000000,6.615050227379e+12,1.077034471526e-02,1.223304816454e-02,-2.338526421095e-03,-2.656118093799e-03,1.011236251332e-02,9.480274852316e-03
513.20000000,-1.373394016273e+12,-8.545959143297e-03,-9.706572312776e-03,-1.316090978128e-02,-1.494827267530e-02,2.313549509302e-02,2.168937793095e-02
513.40000000,7.065815901776e+12,-4.074769402811e-03,-4.628157378601e-03,-1.119380931456e-02,-1.271402332286e-02,3.323469084764e-02,3.115730903162e-02
513.60000000,3.126927361160e+13,3.401917229306e-02,3.863926217603e-02,3.706513656188e-03,4.209889569051e-03,1.617933618533e-02,1.516802367032e-02
513.80000000,-3.969713365429e+12,1.488657012948e-02,1.690829162978e-02,-2.007827727194e-03,-2.280507719445e-03,9.036002054553e-04,8.471193841243e-04
514.00000000,1.642602910273e+13,2.258178632266e-02,2.564858294045e-02,1.468351282024e-02,1.667765808869e-02,1.545267790588e-02,1.448678620441e-02
514.20000000,1.381944227331e+13,-1.414933147093e-02,-1.607092975722e-02,-1.948633621749e-02,-2.213274553679e-02,3.713348943852e-02,3.481240764845e-02
514.40000000,1.757017446237e+12,-1.832478315671e-03,-2.081344292010e-03,-8.543893281395e-03,-9.704226273218e-03,2.312681634322e-02,2.168124165880e-02
514.60000000,-1.785352783308e+12,-3.238462325068e-03,-3.678272761827e-03,-2.252238549243e-03,-2.558111598926e-03,2.119125595709e-02,1.986666623891e-02
514.80000000,-1.086408738987e+13,1.428121434872e-03,1.622072343967e-03,6.923338322170e-03,7.863586240092e-03,6.530219534921e-03,6.122038836666e-03
515.00000000,4.042157287815e+13,5.095845429753e-03,5.787904122785e-03,-2.419151540489e-02,-2.747692786523e-02,8.004060247032e-03,7.503755030180e-03
515.20000000,-2.131208622113e+12,9.609819392193e-03,1.091491373630e-02,-2.770183885700e-02,-3.146398294065e-02,2.368697103275e-03,2.220638307947e-03
515.40000000,2.090612833096e+13,-3.221032475165e-02,-3.658475791628e-02,-3.172166899115e-02,-3.602974001613e-02,-1.121141899792e-02,-1.051063324171e-02
515.60000000,2.293530794263e+13,-9.342973528643e-02,-1.061182795886e-01,-1.067740862856e-01,-1.212749105479e-01,-8.662826791457e-02,-8.121344430920e-02
515.80000000,2.265088903503e+13,-2.490895794961e-02,-2.829180405846e-02,-3.509692231826e-02,-3.986338130085e-02,5.472260167930e-04,5.130208730852e-04
516.00000000,8.368339537361e+12,2.205756474085e-02,2.505316765629e-02,8.937604188841e-04,1.015140645283e-03,4.399831040692e-03,4.124813317813e-03
516.20000000,3.101140179036e+13,2.700212121687e-02,3.066923651226e-02,-8.868116967687e-03,-1.007248227915e-02,2.071133661399e-03,1.941674493975e-03
516.40000000,3.996622526950e+13,1.432741889916e-02,1.627320295689e-02,-5.048357464093e-03,-5.733967118519e-03,1.890608866761e-02,1.772433659444e-02
516.60000000,6.423929525038e+12,-1.608172728938e-03,-1.826576118974e-03,-2.299878422813e-02,-2.612221370376e-02,2.599631943253e-02,2.437138235939e-02
516.80000000,3.439028897611e+12,-1.051164584744e-02,-1.193921581342e-02,-2.242191033877e-02,-2.546699545968e-02,1.879287761409e-02,1.761820195951e-02
517.00000000,3.056629506864e+13,-4.824636255669e-03,-5.479862460520e-03,5.960523559289e-03,6.770013086676e-03,2.956851204389e-02,2.772028996990e-02
517.20000000,-8.604175140227e+12,-4.791317488133e-02,-5.442018723962e-02,-3.771597038903e-02,-4.283811825766e-02,-4.538119260646e-02,-4.254457635080e-02
517.40000000,4.637074067415e+12,5.762399438074e-02,6.544981774766e-02,3.651662791635e-02,4.147589493035e-02,6.590554683657e-02,6.178602650762e-02
517.60000000,1.810913145793e+13,6.822523597126e-02,7.749079716006e-02,3.027389757877e-02,3.438534899733e-02,5.995016733904e-02,5.620289651084e-02
517.80000000,2.210121552879e+13,1.872858035303e-02,2.127207917381e-02,-2.735299432186e-03,-3.106776236630e-03,-1.291723756313e-03,-1.210982718131e-03
518.00000000,3.417403590875e+13,8.177954803903e-03,9.288589887183e-03,-1.962729425251e-03,-2.229284686551e-03,1.515808352147e-02,1.421060586273e-02
518.20000000,2.060629616809e+13,-1.843997981492e-03,-2.094428425392e-03,-8.306849809250e-03,-9.434990292089e-03,1.377729753442e-02,1.291612787580e-02
518.40000000,5.894814673006e+12,-2.381040137367e-02,-2.704405425470e-02,-1.623841274160e-02,-1.844372657435e-02,-1.385686804350e-03,-1.299072471655e-03
518.60000000,3.370276621918e+13,1.363399562493e-02,1.548560696657e-02,1.392462314820e-02,1.581570477872e-02,4.976251554250e-02,4.665203843948e-02
518.80000000,3.312840720879e+13,8.222335070009e-02,9.338997366905e-02,9.735513936019e-02,1.105767909425e-01,9.587371406656e-02,8.988099064545e-02
519.00000000,1.501000929809e+13,8.306900849523e-02,9.435047890933e-02,1.169279020351e-01,1.328077003809e-01,7.296158391396e-02,6.840101591031e-02
519.20000000,-7.490268670038e+11,3.629416524066e-02,4.122321831092e-02,7.273190950920e-02,8.260951815697e-02,1.708189227831e-02,1.601416420571e-02
519.40000000,1.306978737920e+13,3.281959960601e-02,3.727677742316e-02,9.627406929114e-03,1.093489024119e-02,3.109652028459e-03,2.915278787327e-03
519.60000000,3.635201441616e+13,7.164142531614e-03,8.137093376663e-03,-2.347762252140e-02,-2.666608228839e-02,-9.888950324032e-03,-9.270827360985e-03
519.80000000,1.329038891398e+13,5.223742702535e-03,5.933170921520e-03,-1.107244163450e-02,-1.257617288505e-02,2.527395596232e-03,2.369417124955e-03
520.00000000,1.146038559342e+13,1.528827715534e-02,1.736455385028e-02,1.991084480066e-02,2.261490597704e-02,3.936219829843e-02,3.690180787811e-02
520.20000000,-2.402065078057e+12,7.188863119660e-02,8.165171228600e-02,8.045250199472e-02,9.137863242083e-02,1.405812362061e-01,1.317940052640e-01
520.40000000,1.708113378011e+13,1.017537417917e-01,1.155727562274e-01,8.542439606868e-02,9.702575177393e-02,1.271234044962e-01,1.191773745451e-01
520.60000000,2.813885491107e+13,9.016133589419e-02,1.024060040540e-01,6.772428955397e-02,7.692182104566e-02,2.250091463421e-02,2.109446283000e-02
520.80000000,1.577500041456e+13,8.567585169306e-04,9.731135335115e-04,-3.514276478763e-02,-3.991544956540e-02,-3.835936678180e-02,-3.596165977763e-02
521.00000000,5.868910223896e+11,9.739454730047e-03,1.106215464397e-02,-1.610418201915e-02,-1.829126618414e-02,1.402028394229e-02,1.314392607121e-02
521.20000000,-7.357172465788e+11,9.674509916878e-03,1.098838977864e-02,-1.427693280180e-02,-1.621586106394e-02,1.806147256551e-02,1.693251442806e-02
521.40000000,1.450165369062e+13,2.265564014839e-02,2.573246673722e-02,1.385491604082e-02,1.573653085642e-02,4.230319018181e-02,3.965896886360e-02
521.60000000,-1.640598347846e+13,2.165338744417e-02,2.459409968140e-02,-1.765609602671e-02,-2.005394324365e-02,1.901074751260e-02,1.782245358886e-02
521.80000000,6.946947631296e+12,1.500994367864e-02,1.704842034515e-02,-2.563979885009e-03,-2.912190045525e-03,1.443617479703e-02,1.353382107412e-02
522.00000000,1.114437423138e+13,-5.257503473173e-02,-5.971516688921e-02,-9.069824746246e-02,-1.030158368055e-01,-6.285454201753e-02,-5.892572910213e-02
522.20000000,3.691097890718e+13,-1.599026663298e-02,-1.816187940652e-02,-2.700644711795e-02,-3.067415112019e-02,-6.675449705314e-04,-6.258191187843e-04
522.40000000,3.038390523328e+13,-3.677223644852e-02,-4.176621561198e-02,-5.315449839788e-02,-6.037332898524e-02,-2.784889585675e-03,-2.610816084843e-03
522.60000000,1.724827998008e+13,-2.387108425118e-02,-2.711297837764e-02,-3.179374514884e-02,-3.611160472583e-02,2.221782781468e-02,2.082907075642e-02
522.80000000,3.224485604812e+13,-1.661843850959e-04,-1.887536231025e-04,-1.079732350761e-02,-1.226369138893e-02,1.739216972831e-02,1.630504732057e-02
523.00000000,6.396570793745e+12,-1.158146376418e-02,-1.315432400622e-02,-2.901319144120e-02,-3.295342830028e-02,3.054995528565e-03,2.864038670018e-03
523.20000000,8.643332387738e+11,-2.784701408092e-02,-3.162887293738e-02,-3.717297269075e-02,-4.222137687801e-02,-2.651500875660e-02,-2.485765026649e-02
523.40000000,1.846607307563e+12,1.851766509962e-03,2.103251985405e-03,-5.194984315908e-03,-5.900507137322e-03,1.452873221302e-02,1.362059305663e-02
523.60000000,2.890776597998e+12,2.056242395910e-02,2.335497417415e-02,2.852112806507e-02,3.239453855464e-02,3.932766959503e-02,3.686943744063e-02
523.80000000,1.673741565757e+13,-3.070087148921e-03,-3.487030819811e-03,1.287558576377e-02,1.462419924228e-02,4.271103152985e-02,4.004131750572e-02
524.00000000,7.541153706990e+12,-8.819719058891e-03,-1.001751112871e-02,-7.256748875413e-03,-8.242276767230e-03,4.560269403078e-02,4.275223251226e-02
524.20000000,1.018874860203e+13,-2.062229243547e-02,-2.342297329342e-02,-2.932713381333e-02,-3.331000670260e-02,1.529667304189e-02,1.434053264725e-02
524.40000000,-6.856273956375e+12,-3.198349800874e-02,-3.632712619284e-02,-2.761803568163e-02,-3.136879858506e-02,-2.830445171959e-03,-2.653524154145e-03
524.60000000,3.290293051482e+13,-1.592183419255e-02,-1.808415326479e-02,-3.288185772867e-02,-3.734749219980e-02,-3.768321610678e-02,-3.532777286622e-02
524.80000000,3.076026659384e+13,3.904083307970e-03,4.434290675686e-03,-3.404526160877e-02,-3.866889616960e-02,-5.029558181830e-02,-4.715178464641e-02
525.00000000,8.609863074072e+12,2.529282534101e-02,2.872780387202e-02,8.471542545514e-04,9.622049695299e-04,-2.436859417533e-03,-2.284540039405e-03
525.20000000,9.608250703471e+12,1.214999520103e-02,1.380006679662e-02,2.958872596412e-02,3.360712528062e-02,2.808012751326e-02,2.632493904002e-02
525.40000000,1.120777138451e+13,-6.786140212664e-04,-7.707755161747e-04,-2.709042805646e-03,-3.076953738066e-03,-4.568809614956e-03,-4.283229644964e-03
525.60000000,2.463775019575e+13,4.362076904602e-03,4.954483656949e-03,2.501870790320e-02,2.841646010314e-02,4.780607736642e-02,4.481789022572e-02
525.80000000,1.777504610785e+13,8.802684551571e-03,9.998163191947e-03,2.586046673889e-02,2.937253691028e-02,2.004644105463e-02,1.879340962690e-02
526.00000000,1.832409794333e+13,2.357448970555e-03,2.677610379676e-03,3.282992861430e-02,3.728851067236e-02,-7.184201325666e-03,-6.735142561587e-03
526.20000000,-9.687678217320e+12,1.453082865660e-02,1.650423747117e-02,-4.140627496663e-03,-4.702959741811e-03,-2.405541656414e-02,-2.255179839671e-02
526.40000000,1.718856282666e+13,-2.461077659338e-02,-2.795312716473e-02,-1.309608937983e-03,-1.487464911492e-03,-4.185420629612e-02,-3.923804935691e-02
526.60000000,3.628723803804e+13,-8.444523338408e-02,-9.591360671960e-02,-4.053897098352e-02,-4.604450621642e-02,-1.039784892083e-01,-9.747916524197e-02
526.80000000,2.213775893894e+13,-1.154816982482e-01,-1.311650846971e-01,-1.033965661408e-01,-1.174386945925e-01,-6.249717243131e-02,-5.859069741228e-02
527.00000000,2.769676736234e+12,1.445226133707e-03,1.641500004847e-03,-6.021070377798e-03,-6.838782675383e-03,2.392325060588e-03,2.242789366043e-03
527.20000000,2.605324528203e+13,4.351217538289e-02,4.942149497304e-02,4.737736998968e-02,5.381161766277e-02,4.337645998111e-02,4.066515240129e-02
527.40000000,2.236417534078e+13,3.530015189528e-02,4.009420958820e-02,3.681051957166e-02,4.180969955887e-02,4.031953740779e-02,3.779930713920e-02
527.60000000,2.738823835547e+12,2.280681627901e-02,2.590417385860e-02,2.300762955338e-02,2.613226029902e-02,1.904877763250e-02,1.785810658180e-02
527.80000000,2.480756396740e+13,1.121886272991e-02,1.274247870006e-02,4.598278458701e-03,5.222763576375e-03,1.846248929552e-02,1.730846503464e-02
528.00000000,2.802511509562e+13,-1.471428252777e-02,-1.671260592188e-02,7.399274431896e-03,8.404158500098e-03,2.548160930521e-03,2.388884492368e-03
528.20000000,1.880595638384e+13,-3.288948544302e-02,-3.735615434496e-02,-1.374710529546e-02,-1.561407849971e-02,-2.645268090516e-02,-2.479921830641e-02
528.40000000,1.339985934276e+13,-3.095095572384e-02,-3.515435597637e-02,-1.910854001535e-02,-2.170364141411e-02,1.290329589353e-02,1.209675695569e-02
528.60000000,3.751275727221e+13,1.257734430534e-02,1.428545350562e-02,2.243379381276e-02,2.548049280997e-02,2.734270878918e-02,2.563361372644e-02
528.80000000,-6.243764236791e+12,1.439830254825e-02,1.635371320204e-02,-9.672776607331e-03,-1.098642150555e-02,2.890075814191e-02,2.709427497923e-02
529.00000000,1.163926423935e+12,1.173046668846e-02,1.332356278154e-02,-1.283071268723e-02,-1.457323202230e-02,2.851368643335e-02,2.673139774061e-02
529.20000000,1.149731663369e+12,2.198925065834e-02,2.497557594648e-02,-5.157084742629e-03,-5.857460481349e-03,1.128884091113e-02,1.058321578767e-02
529.40000000,1.880079153934e+13,-1.219771968589e-03,-1.385427266814e-03,-1.481378971099e-02,-1.682562768339e-02,-9.259141598905e-04,-8.680385729690e-04
529.60000000,2.113568398704e+13,-1.672569078033e-02,-1.899718034198e-02,-1.949013239805e-03,-2.213705727077e-03,8.148545368267e-04,7.639208902567e-04
529.80000000,2.776194977086e+13,-1.622214858015e-02,-1.842525287350e-02,2.567658986578e-03,2.916368800215e-03,2.624384373603e-02,2.460343480280e-02
530.00000000,4.188041264411e+13,9.340968169441e-03,1.060955025501e-02,8.146731623724e-03,9.253126702315e-03,7.616244305061e-02,7.140180077528e-02
530.20000000,2.090331516511e+13,-1.267546857652e-02,-1.439690387858e-02,-8.503927111552e-03,-9.658832359384e-03,3.174174116536e-02,2.975767830141e-02
530.40000000,2.627741474683e+13,-3.727671857497e-03,-4.233921065662e-03,-2.793110189405e-02,-3.172438183778e-02,4.443179850693e-03,4.165452548536e-03
530.60000000,1.727709783901e+13,-1.066433331041e-02,-1.211263951879e-02,-7.530126767441e-03,-8.552781689864e-03,1.708039148531e-03,1.601275722193e-03
530.80000000,1.322301412166e+13,2.025306665786e-02,2.300360354803e-02,3.260548517218e-02,3.703358591193e-02,1.567443937903e-02,1.469468615998e-02
531.00000000,1.204612069212e+13,-1.107589252915e-02,-1.258009194287e-02,1.165359457369e-02,1.323625131013e-02,-9.800932124302e-03,-9.188310864533e-03
531.20000000,-1.004676464306e+13,-2.407422087537e-02,-2.734370266488e-02,-4.604031078834e-03,-5.229297450991e-03,-3.018607276537e-02,-2.829924917651e-02
531.40000000,1.019211468975e+13,-1.927826036037e-02,-2.189641035193e-02,3.410075510759e-03,3.873192615507e-03,-5.776450403041e-02,-5.415385120880e-02
531.60000000,4.757668057105e+13,6.465862948843e-02,7.343981550236e-02,-2.946693957233e-02,-3.346879926647e-02,3.023153642823e-02,2.834187106819e-02
531.80000000,-2.305983150897e+12,6.470927201276e-02,7.349733570768e-02,1.499196774328e-01,1.702800379990e-01,8.441460167595e-02,7.913814644030e-02
532.00000000,1.591403676965e+13,2.411625530320e-03,2.739144572175e-03,7.528688066520e-02,8.551147601186e-02,-1.268102162066e-02,-1.188837625368e-02
532.20000000,2.811406289955e+13,-5.807284342146e-03,-6.595962426536e-03,-5.740462578116e-03,-6.520065962468e-03,2.642057580704e-03,2.476911998331e-03
532.40000000,-2.675424693130e+11,5.426910065065e-03,6.163930121619e-03,6.603395838727e-03,7.500192860577e-03,6.345138380783e-03,5.948526444394e-03
532.60000000,1.813595284272e+13,1.206015502343e-02,1.369802556686e-02,-4.614766962584e-03,-5.241491358583e-03,9.863822682064e-03,9.247270358165e-03
532.80000000,4.755931861285e+12,3.743754118646e-02,4.252187433215e-02,3.876323646579e-02,4.402761192786e-02,5.701841811259e-02,5.345440045681e-02
533.00000000,1.116451412732e+13,9.078341428967e-02,1.031125659306e-01,3.027579031698e-02,3.438749878539e-02,1.335171575221e-01,1.251714769068e-01
533.20000000,6.991555059983e+12,8.443546326160e-02,9.590250973226e-02,1.422767902083e-01,1.615991820281e-01,1.482539551523e-01,1.389871299546e-01
533.40000000,1.728756326499e+13,-4.369094405055e-02,-4.962454193018e-02,-2.678938656897e-02,-3.042761191225e-02,-7.237918233683e-02,-6.785501817552e-02
533.60000000,1.071112676090e+13,-4.001098589618e-02,-4.544481449007e-02,-5.682181760600e-02,-6.453870116859e-02,-8.708945201575e-02,-8.164580143949e-02
533.80000000,3.013774688187e+13,-2.543776107502e-04,-2.889242309836e-04,-5.183567265179e-02,-5.887539554513e-02,-4.664326595934e-02,-4.372776200631e-02
534.00000000,2.305136704136e+13,2.513329841555e-03,2.854661184761e-03,-1.432228014344e-02,-1.626736695823e-02,-1.223227139901e-02,-1.146767580552e-02
534.20000000,1.242029845101e+13,2.540397362242e-03,2.885404702542e-03,-9.503290165004e-03,-1.079391737044e-02,6.698273524765e-03,6.279588371867e-03
534.40000000,2.399347061166e+13,-4.861346126084e-03,-5.521557840267e-03,-1.574660826128e-02,-1.788513088476e-02,-1.126353719471e-03,-1.055949371617e-03
534.60000000,6.253648807429e+11,1.456117280261e-02,1.653870260756e-02,-2.113242240905e-03,-2.400238415960e-03,1.660017202266e-02,1.556255456261e-02
534.80000000,2.197166105340e+13,2.480479204858e-02,2.817349155148e-02,-1.775121359057e-02,-2.016197857740e-02,-3.557893917671e-02,-3.335502677091e-02
535.00000000,8.797054975296e+12,2.644428446153e-02,3.003564083112e-02,1.063979725734e-02,1.208477174115e-02,1.691733806182e-02,1.585989568553e-02
535.20000000,1.219159303775e+13,1.720037588527e-02,1.953633167885e-02,3.932141414617e-03,4.466159485961e-03,-4.586583440671e-03,-4.299892492318e-03
535.40000000,1.588336728817e+13,-1.266467650245e-03,-1.438464615002e-03,8.489807659132e-04,9.642795365875e-04,-1.195528440405e-02,-1.120800227827e-02
535.60000000,-6.556766194982e+12,8.200914848715e-03,9.314668099299e-03,-1.112707370089e-03,-1.263822444825e-03,9.441442293528e-05,8.851291459075e-05
535.80000000,1.120380443186e+13,3.030408422301e-02,3.441963388204e-02,1.862819711557e-02,2.115806388468e-02,2.722835604132e-02,2.552640876040e-02
536.00000000,-1.493659552634e+13,1.042055360903e-02,1.183575248246e-02,6.317718274554e-03,7.175717866260e-03,-6.763612474804e-03,-6.340843217519e-03
536.20000000,2.085328206930e+13,1.530091434942e-02,1.737890728167e-02,-2.282277150226e-02,-2.592229696059e-02,-6.755992401749e-03,-6.333699448013e-03
536.40000000,1.485236742412e+13,-2.006169233241e-02,-2.278623897868e-02,-2.337920118779e-02,-2.655429450500e-02,-1.578696198656e-02,-1.480017538122e-02
536.60000000,1.131473542999e+13,-2.617903685234e-02,-2.973437036444e-02,-6.802787216070e-03,-7.726663273880e-03,-6.546148888649e-03,-6.136972503390e-03
536.80000000,3.976859441571e+13,-2.024713754133e-02,-2.299686920757e-02,-1.555043164215e-02,-1.766231182103e-02,-1.479468910196e-02,-1.386992593040e-02
537.00000000,3.808747263498e+12,7.126500957500e-03,8.094339760015e-03,1.485945027185e-02,1.687748933471e-02,3.065256613372e-02,2.873658371064e-02
537.20000000,2.275305965773e+13,1.474187706094e-02,1.674394802488e-02,5.272241025352e-03,5.988255961528e-03,2.052415874851e-02,1.924126689407e-02
537.40000000,1.195989463811e+13,1.664514450563e-02,1.890569520534e-02,2.407623520908e-02,2.734599164352e-02,1.818464222704e-03,1.704798519399e-03
537.60000000,2.276447448204e+13,1.246317294064e-02,1.415577670879e-02,2.222582253736e-02,2.524427727586e-02,-2.094909267953e-02,-1.963963972286e-02
537.80000000,-1.622139157361e+13,-1.545828320651e-02,-1.755764815388e-02,-2.617408079755e-02,-2.972874241138e-02,-2.542884583377e-02,-2.383937950837e-02
538.00000000,5.320426086965e+13,-3.783395028906e-02,-4.297211912683e-02,-6.082523185458e-02,-6.908581294235e-02,-3.673965944308e-02,-3.444319455933e-02
538.20000000,9.814978976054e+12,1.937070520149e-02,2.200140998044e-02,-1.868856873013e-03,-2.122663447525e-03,2.663145549391e-02,2.496681833417e-02
538.40000000,2.382345472305e+13,-2.515957326921e-04,-2.857645504745e-04,1.117293746598e-02,1.269031690066e-02,2.445626577143e-02,2.292759195183e-02
538.60000000,3.118877022436e+13,6.524108890427e-03,7.410137780853e-03,1.265023934323e-02,1.436824887132e-02,6.489328048596e-03,6.083703331094e-03
538.80000000,3.492749524252e+13,1.354620700032e-03,1.538589590797e-03,1.393892614788e-02,1.583195024677e-02,-5.579695239570e-03,-5.230928419900e-03
539.00000000,1.831630440037e+13,3.430116609911e-02,3.895955311403e-02,3.631862115337e-02,4.125099717374e-02,7.304075590147e-03,6.847523913967e-03
539.20000000,1.538332770717e+13,7.444928503878e-02,8.456012446892e-02,3.295671548457e-02,3.743251627228e-02,4.370377251265e-02,4.097200579559e-02
539.40000000,6.950075961218e+12,5.156277945441e-02,5.856543882668e-02,1.591634451280e-02,1.807791875527e-02,5.097254963280e-02,4.778643762084e-02
539.60000000,4.166100421938e+12,3.034657589981e-02,3.446789628613e-02,-2.137902768985e-02,-2.428248052389e-02,2.671846283218e-02,2.504838715451e-02
539.80000000,2.452282869096e+13,-5.913390906103e-03,-6.716479154809e-03,1.072167673624e-02,1.217777114602e-02,-4.644646290181e-02,-4.354326040497e-02
540.00000000,1.297776682038e+13,-2.928949547898e-02,-3.326725544838e-02,-2.089517082596e-02,-2.373291180429e-02,-6.360190469855e-02,-5.962637681142e-02
540.20000000,-1.108265180910e+13,-2.650958750167e-02,-3.010981257366e-02,-1.583671804831e-02,-1.798747834323e-02,-2.532585152608e-02,-2.374282300697e-02
540.40000000,1.825785448385e+13,-1.384507190802e-02,-1.572534918520e-02,-1.721580554897e-02,-1.955385759402e-02,-4.370882496604e-03,-4.097674243816e-03
540.60000000,9.506491578436e+12,8.367261472745e-03,9.503605994749e-03,-3.602320119068e-02,-4.091545668077e-02,-2.319245224159e-02,-2.174277489161e-02
540.80000000,2.832024179743e+13,2.528566256419e-02,2.871966832983e-02,-1.439637856367e-02,-1.635152857082e-02,1.604534251111e-02,1.504240546207e-02
541.00000000,1.824256463202e+13,3.962281392306e-02,4.500392549637e-02,1.597506121227e-02,1.814460967929e-02,2.217413120546e-02,2.078810546616e-02
541.20000000,1.165883445767e+13,4.234442245704e-02,4.809515137273e-02,4.186839458121e-02,4.755447678604e-02,1.380602859973e-02,1.294306306483e-02
541.40000000,3.110800272073e+12,2.604088257221e-02,2.957745357044e-02,1.705003003782e-03,1.936556836595e-03,5.684154770655e-03,5.328858558811e-03
541.60000000,-2.854050957235e+12,9.743210170394e-03,1.106642010472e-02,-1.109176474271e-02,-1.259812023482e-02,1.602022833444e-02,1.501886108288e-02
541.80000000,1.890144490921e+13,-3.469426372370e-02,-3.940603670412e-02,-2.717856073210e-02,-3.086963921928e-02,-1.087130080818e-02,-1.019177462516e-02
542.00000000,4.563266792127e+13,-2.862213308609e-03,-3.250925962640e-03,1.288215636037e-02,1.463166218148e-02,3.807304562133e-02,3.569323553022e-02
542.20000000,1.875914765354e+13,1.044105471551e-02,1.185903781172e-02,7.223873907690e-03,8.204937100757e-03,1.172675199703e-02,1.099375461573e-02
542.40000000,2.999764683211e+13,-9.107244808556e-04,-1.034408529483e-03,-3.557394369766e-03,-4.040518621933e-03,3.038731744418e-04,2.848791476929e-04
542.60000000,2.258834800962e+13,3.483348340321e-02,3.956416358769e-02,9.830898351677e-03,1.116601752054e-02,-9.910482577664e-04,-9.291013710349e-04
542.80000000,-7.481723896018e+12,2.442466738635e-02,2.774174276121e-02,2.019780600660e-02,2.294083894253e-02,-3.001510983514e-03,-2.813897252839e-03
543.00000000,3.054920602585e+12,-2.454458308404e-03,-2.787794401978e-03,-2.020774700961e-02,-2.295213001785e-02,-1.020042767293e-02,-9.562835373353e-03
543.20000000,1.932661053582e+13,7.443486790865e-06,8.454374937589e-06,1.952169817198e-02,2.217290994387e-02,3.423396589357e-02,3.209412296368e-02
543.40000000,-6.457734008875e+12,1.888511406983e-03,2.144987148665e-03,8.861971684814e-03,1.006550241487e-02,3.884252029421e-03,3.641461308974e-03
543.60000000,2.861859943290e+13,-2.817565019593e-03,-3.200214060241e-03,3.600877821873e-03,4.089907494722e-03,-1.859796633518e-02,-1.743547388845e-02
543.80000000,3.158603757243e+13,2.981137059262e-03,3.386000559425e-03,-1.518515323042e-02,-1.724742551062e-02,-3.330477315504e-02,-3.122301074430e-02
544.00000000,4.040826028173e+13,-2.114272750557e-02,-2.401408782572e-02,-2.705925277432e-02,-3.073412823145e-02,-2.937290573535e-02,-2.753691031303e-02
544.20000000,1.128886806631e+13,-1.108399738171e-02,-1.258929750262e-02,-1.694882242548e-02,-1.925061590360e-02,-2.564592663898e-02,-2.404289136782e-02
544.40000000,1.796389578789e+13,-5.007367437654e-02,-5.687410074779e-02,-6.301511474427e-02,-7.157310045560e-02,-9.893836268425e-02,-9.275407902446e-02
544.60000000,2.469475156144e+13,-6.748706753445e-02,-7.665237923752e-02,-4.338371890539e-02,-4.927559497360e-02,-8.134758598872e-04,-7.626283894877e-04
544.80000000,3.320435288891e+13,5.224964345014e-03,5.934558473327e-03,2.296159546946e-02,2.607997439703e-02,1.146581591680e-02,1.074912871785e-02
545.00000000,2.241566370553e+13,1.763234482256e-02,2.002696563302e-02,1.455978356663e-02,1.653712535564e-02,2.213056960487e-04,2.074726674567e-04
545.20000000,1.907769339203e+13,1.011972136263e-02,1.149406468537e-02,9.880911334723e-03,1.122282268981e-02,6.900887992648e-03,6.469538133068e-03
545.40000000,-4.997505653058e+12,1.211379641575e-02,1.375895191167e-02,1.607758759578e-02,1.826106001308e-02,5.409173064795e-03,5.071064977194e-03
545.60000000,9.260482310560e+12,2.579216674102e-02,2.929496003633e-02,2.219262165249e-02,2.520656742995e-02,1.960001934139e-04,1.837489214044e-04
545.80000000,3.928965298070e+13,-1.008787876464e-03,-1.145789759459e-03,2.077326068096e-03,2.359444523022e-03,-1.093274002961e-02,-1.024937350031e-02
546.00000000,1.205205193969e+13,-1.253086872290e-02,-1.423266614798e-02,-6.049351001741e-02,-6.870904047322e-02,-4.395332461764e-02,-4.120595928986e-02
546.20000000,-7.160915571749e+12,1.396486195129e-02,1.586140772444e-02,7.787681766506e-03,8.845314836805e-03,-7.075046167093e-03,-6.632810302092e-03
546.40000000,2.775748977327e+13,2.567569870284e-03,2.916267465843e-03,-6.505108436490e-03,-7.388557197570e-03,-9.233483932886e-03,-8.656331832731e-03
546.60000000,-1.334035178930e+13,-1.023420658724e-02,-1.162409796691e-02,-1.845780421190e-02,-2.096453018311e-02,-1.900098781409e-02,-1.781330393424e-02
546.80000000,2.112029418734e+13,-9.596976535645e-03,-1.090032671176e-02,-3.519010353448e-02,-3.996921731457e-02,-4.740823392073e-02,-4.444491455278e-02
547.00000000,9.893692802795e+12,-1.531395715648e-02,-1.739372141169e-02,-4.656826312109e-02,-5.289262723610e-02,-5.814569116740e-02,-5.451121169939e-02
547.20000000,1.515903846793e+13,-2.211381637030e-02,-2.511705873040e-02,-5.932660526510e-02,-6.738366018313e-02,-5.523710717434e-02,-5.178443290276e-02
547.40000000,3.692545736952e+13,-9.770226970120e-03,-1.109710601321e-02,-4.560104056967e-02,-5.179404767917e-02,-5.923717044766e-02,-5.553446650844e-02
547.60000000,2.182316619830e+13,-2.332906401057e-02,-2.649734722704e-02,-9.070376543729e-02,-1.030221041680e-01,-7.690600502129e-02,-7.209888534305e-02
547.80000000,1.832023174304e+13,-4.718809525911e-03,-5.359663570285e-03,-5.264469765834e-02,-5.979429299219e-02,-3.890782046311e-02,-3.647583157831e-02
548.00000000,2.237431465715e+13,5.236064473956e-03,5.947166093192e-03,-5.735340559714e-02,-6.514248330634e-02,-1.045968849562e-02,-9.805890728051e-03
548.20000000,9.507651979607e+12,-1.713675451468e-03,-1.946406999072e-03,-4.007419451029e-02,-4.551660916595e-02,-1.580700023316e-03,-1.481896110860e-03
548.40000000,2.112374095932e+13,-1.108888223476e-02,-1.259484575982e-02,-3.471622270560e-02,-3.943097945994e-02,-2.392260176251e-02,-2.242728537394e-02
548.60000000,-4.807063710333e+12,-3.561257694071e-03,-4.044906458399e-03,-3.753858729679e-02,-4.263664504077e-02,-4.409374511936e-02,-4.133760260758e-02
548.80000000,2.551560571120e+13,-1.891922315114e-02,-2.148861286824e-02,-3.627954507783e-02,-4.120661423656e-02,-4.914380907612e-02,-4.607200510440e-02
549.00000000,-6.297280023391e+12,-4.650955110789e-03,-5.282593954566e-03,-4.024858611093e-02,-4.571468462137e-02,-7.636406493470e-02,-7.159081999555e-02
549.20000000,5.332309299390e+12,-2.754584313661e-02,-3.128680044435e-02,-9.445817028360e-02,-1.072863889560e-01,-8.959465572023e-02,-8.399441380857e-02
549.40000000,5.879774339751e+12,3.273613041439e-03,3.718197241289e-03,-2.814466064854e-02,-3.196694367791e-02,2.361558607853e-02,2.213946014376e-02
549.60000000,1.140311644146e+13,1.464440084849e-03,1.663323372248e-03,-1.879726161521e-02,-2.135008877371e-02,3.034124322688e-02,2.844472048672e-02
549.80000000,1.670045074982e+13,7.716473397134e-03,8.764435421816e-03,2.828230698803e-03,3.212328355484e-03,2.521736192326e-02,2.364111470172e-02
550.00000000,7.909767451671e+12,3.394940707361e-02,3.856002225267e-02,2.327971555405e-02,2.644129788052e-02,2.061858320589e-02,1.932978921589e-02
550.20000000,3.934325329487e+12,6.459694353323e-02,7.336975207534e-02,2.082703243676e-02,2.365551964538e-02,3.494317205339e-02,3.275899917962e-02
550.40000000,2.926406261500e+13,1.269033076072e-02,1.441378447247e-02,-1.811718833334e-02,-2.057765578652e-02,2.045461902082e-02,1.917607384638e-02
550.60000000,1.719131377607e+13,9.358651955231e-03,1.062963564772e-02,-1.544595153986e-02,-1.754364243692e-02,3.529215376295e-02,3.308616728901e-02
550.80000000,8.209646709611e+12,1.499202175954e-02,1.702806447862e-02,-2.341537734402e-02,-2.659538368930e-02,3.439487303856e-02,3.224497237777e-02
551.00000000,1.921588118106e+13,-5.164357531426e-02,-5.865720744422e-02,4.680772956568e-03,5.316461524983e-03,1.542052995029e-02,1.445664770270e-02
551.20000000,-3.441559559024e+12,2.019337164336e-03,2.293580144821e-03,2.455526998411e-02,2.789008339379e-02,5.903383623357e-03,5.534384198980e-03
551.40000000,1.658152226026e+13,3.434893471291e-02,3.901380910757e-02,2.204321949928e-02,2.503687520034e-02,6.093882943244e-02,5.712976086812e-02
551.60000000,1.102230394261e+12,5.238532850836e-02,5.949969696424e-02,2.521953743357e-02,2.864456398282e-02,7.881622083228e-02,7.388970038667e-02
551.80000000,-1.166343901932e+13,4.416134842524e-02,5.015883117760e-02,1.924589920337e-02,2.185965514197e-02,5.840368889835e-02,5.475308291372e-02
552.00000000,3.266244750446e+13,3.608388215294e-02,4.098437701027e-02,1.217690989201e-02,1.383063727610e-02,3.405325389539e-02,3.192470662703e-02
552.20000000,2.013126001717e+13,-5.361387833629e-02,-6.089509419757e-02,-3.956374384501e-02,-4.493683498175e-02,-9.537459065826e-02,-8.941306565861e-02
552.40000000,4.736040831093e+13,-9.499623930038e-02,-1.078975280305e-01,-7.475920147838e-02,-8.491213352713e-02,-1.112312556662e-01,-1.042785871743e-01
552.60000000,1.962604607837e+13,-2.610211328410e-02,-2.964699992828e-02,2.129053231423e-03,2.418196672758e-03,-4.866975455228e-03,-4.562758203560e-03
552.80000000,3.573790716186e+13,1.206618142796e-02,1.370487040784e-02,2.905600170820e-02,3.300205256372e-02,1.873732494561e-02,1.756612168991e-02
553.00000000,1.962167171755e+13,1.342505393611e-02,1.524828923808e-02,2.838222863019e-02,3.223677540138e-02,2.212365814520e-02,2.074078729662e-02
553.20000000,1.812308711852e+13,2.123661087287e-02,2.412072134437e-02,3.666743890479e-02,4.164718732692e-02,2.526205943499e-02,2.368301833164e-02
553.40000000,4.567337904197e+13,8.449497298300e-03,9.597010137463e-03,2.111564425173e-02,2.398332738657e-02,3.045495585996e-03,2.855132534927e-03
553.60000000,2.780577416752e+13,-2.228036886798e-02,-2.530623045887e-02,-2.853479995988e-03,-3.241006720843e-03,-1.128070241789e-03,-1.057558600256e-03
553.80000000,5.181753165697e+12,1.483551509555e-02,1.685030289259e-02,2.838561692260e-02,3.224062385256e-02,3.775322507769e-02,3.539340582641e-02
554.00000000,7.824313358796e+11,3.837019815369e-02,4.358119396422e-02,4.203454151307e-02,4.774318787690e-02,3.416188948666e-02,3.202655179551e-02
554.20000000,8.040582679723e+11,3.754049322919e-02,4.263880812867e-02,3.660716179823e-02,4.157872407933e-02,3.780748888436e-02,3.544427779635e-02
554.40000000,1.079254088650e+13,-3.052436139034e-03,-3.466982654241e-03,-7.285136961719e-03,-8.274520195829e-03,-1.081494449659e-02,-1.013894094532e-02
554.60000000,3.692836149453e+12,-2.283091138487e-02,-2.593154128260e-02,-5.527610067199e-03,-6.278306279764e-03,-1.290293751747e-02,-1.209642098043e-02
554.80000000,2.127231501385e+13,-6.364573634552e-02,-7.228936294673e-02,-2.433377656655e-02,-2.763850929622e-02,-2.213049799071e-02,-2.074719960782e-02
555.00000000,1.054314423848e+13,-4.307324872424e-02,-4.892295838039e-02,-3.638189552782e-02,-4.132286474357e-02,-3.482085528770e-02,-3.264432799805e-02
555.20000000,4.373372667375e+13,-6.132084006342e-02,-6.964872618454e-02,-5.218804582862e-02,-5.927562398057e-02,-5.189157848249e-02,-4.864802125976e-02
555.40000000,2.814872660880e+13,3.969251841801e-02,4.508309644832e-02,3.108029375655e-02,3.530126059843e-02,1.853048912741e-02,1.737221443993e-02
555.60000000,2.114472443940e+13,1.898823010035e-02,2.156699154187e-02,2.626485802419e-02,2.983184795340e-02,-8.004925209994e-03,-7.504565927397e-03
555.80000000,4.631333302798e+13,8.675379411531e-03,9.853568942564e-03,-2.095866129390e-03,-2.380502481493e-03,2.708099377330e-03,2.538825758140e-03
556.00000000,1.165139982782e+13,-2.349649904321e-02,-2.668752134614e-02,-2.873617737910e-02,-3.263879338491e-02,-1.044831897796e-02,-9.795231878327e-03
556.20000000,2.598807071168e+13,-1.314618450976e-02,-1.493154699683e-02,-1.368242641650e-02,-1.554061568179e-02,4.245058573535e-03,3.979715124756e-03
556.40000000,2.978570913471e+13,-2.859831852086e-02,-3.248221084281e-02,-1.278531309750e-02,-1.452166678419e-02,6.769975155659e-03,6.346808189920e-03
556.60000000,2.722173613875e+13,-1.398588943531e-02,-1.588529091774e-02,-1.757627623866e-02,-1.996328325308e-02,4.054908812187e-03,3.801450945807e-03
556.80000000,1.250470709496e+13,-2.706291504424e-02,-3.073828665300e-02,-2.584995716230e-02,-2.936060004427e-02,-2.356242552112e-02,-2.208962246291e-02
557.00000000,1.087001050364e+13,-3.329290906038e-02,-3.781436628453e-02,-2.010283600237e-02,-2.283297120825e-02,-3.437712506108e-02,-3.222833376296e-02
557.20000000,2.710197406760e+13,-4.156277024686e-02,-4.720734421448e-02,-4.493109688283e-04,-5.103311997166e-04,2.294225912117e-02,2.150822044949e-02
557.40000000,2.444364176296e+13,-1.804530889900e-02,-2.049601370630e-02,-7.090232629085e-02,-8.053146205867e-02,5.219422947050e-02,4.893175461553e-02
557.60000000,2.722746680067e+13,-1.569982554653e-02,-1.783199397634e-02,-3.970255159963e-02,-4.509449400380e-02,-5.657313560205e-03,-5.303695096553e-03
557.80000000,-8.444009839332e+11,-9.811040923346e-03,-1.114346284475e-02,1.707114302107e-02,1.938954867094e-02,4.445923760147e-02,4.168024946011e-02
558.00000000,-3.290088669821e+12,1.389564985681e-02,1.578279604507e-02,6.538778208173e-02,7.426799609106e-02,6.863651124055e-02,6.434628808126e-02
558.20000000,2.375061238216e+13,-7.961809739893e-03,-9.043090504529e-03,4.230499988347e-02,4.805037678218e-02,1.829387708193e-02,1.715039216827e-02
558.40000000,2.906997111936e+13,-5.394278448866e-02,-6.126866857331e-02,1.276136123807e-02,1.449446205961e-02,1.339006326101e-02,1.255309823367e-02
558.60000000,3.305034930624e+13,-1.056013417702e-01,-1.199428926620e-01,-1.656185496199e-02,-1.881109498469e-02,-7.406930585104e-02,-6.943949810570e-02
558.80000000,3.340813507018e+13,-1.598202194051e-01,-1.815251501542e-01,-8.237492675139e-02,-9.356213872382e-02,-6.223113235122e-02,-5.834128654735e-02
559.00000000,2.416245900387e+13,-7.668860515703e-02,-8.710356310404e-02,-3.435293413651e-02,-3.901835322962e-02,5.173454027180e-03,4.850079894671e-03
559.20000000,2.492789840903e+13,-1.020272090225e-02,-1.158833626094e-02,3.809067842970e-02,4.326371482041e-02,3.014605504089e-02,2.826173281705e-02
559.40000000,-1.026638474676e+13,-1.772773188868e-02,-2.013530706544e-02,1.140665937886e-02,1.295578022669e-02,1.966403909490e-02,1.843491024780e-02
559.60000000,1.907166519033e+13,-9.843845972349e-03,-1.118072309547e-02,4.041530169577e-03,4.590404159310e-03,-9.283234063336e-03,-8.702972260226e-03
559.80000000,2.301215821843e+13,-4.312031810665e-02,-4.897642018104e-02,-2.152421764429e-02,-2.444738850250e-02,-3.987121438453e-02,-3.737900718679e-02
560.00000000,1.337098130891e+12,-3.007877481657e-02,-3.416372556213e-02,-1.312873079061e-02,-1.491172350546e-02,-4.121253477598e-02,-3.863648643155e-02
560.20000000,3.115098280383e+13,-4.101894581714e-03,-4.658966385069e-03,2.244649647753e-02,2.549492060409e-02,-8.058628007884e-03,-7.554911955208e-03
560.40000000,2.753212881697e+13,6.903382513742e-03,7.840919953960e-03,4.909899972427e-02,5.576705928087e-02,1.889981538923e-02,1.771845543629e-02
560.60000000,4.807737671205e+12,1.220470117675e-02,1.386220230422e-02,2.597378427151e-02,2.950124392253e-02,2.518358655784e-03,2.360945051375e-03
560.80000000,3.715201588146e+12,1.711332361407e-02,1.943745697664e-02,1.647359874055e-02,1.871085282170e-02,2.225467848754e-02,2.086361802534e-02
561.00000000,3.573456842530e+13,-1.474654880743e-02,-1.674925423385e-02,-1.431381757305e-02,-1.625775509919e-02,-3.118768168834e-02,-2.923825110328e-02
561.20000000,1.036494347826e+13,1.964620254757e-02,2.231432218455e-02,7.961193893379e-03,9.042391378479e-03,-1.641022847722e-02,-1.538448370976e-02
561.40000000,1.963572215880e+13,1.404785810626e-03,1.595567545569e-03,-1.673893489602e-03,-1.901222387191e-03,3.622578022922e-03,3.396143609964e-03
561.60000000,8.975986139760e+12,1.121284711607e-02,1.273564611523e-02,1.239045840000e-02,1.407318747817e-02,-1.190293640550e-03,-1.115892636613e-03
561.80000000,1.170536264214e+13,1.469824205546e-02,1.669438701845e-02,1.480345465568e-02,1.681388904013e-02,1.909822147133e-02,1.790445986287e-02
562.00000000,3.198939700391e+13,-9.315752598939e-04,-1.058091019782e-03,-1.760126964198e-03,-1.999167097202e-03,2.717755716914e-02,2.547878514428e-02
562.20000000,3.699808125852e+13,-3.327827555553e-02,-3.779774542658e-02,-2.916010940006e-02,-3.312029896092e-02,-1.511047729016e-02,-1.416597532690e-02
562.40000000,1.189739639231e+13,-3.599902931890e-03,-4.088800044729e-03,-1.672505078021e-02,-1.899645417572e-02,4.527811584655e-03,4.244794255099e-03
562.60000000,8.518477965470e+12,4.785897303973e-03,5.435862433180e-03,-1.324179076017e-02,-1.504013797540e-02,1.050328798539e-02,9.846764969444e-03
562.80000000,2.640775815098e+13,3.642734101893e-03,4.137448048062e-03,-1.346301328004e-03,-1.529140438508e-03,1.352362420716e-02,1.267831076214e-02
563.00000000,2.529487916333e+13,-1.021128278575e-02,-1.159806092027e-02,-1.940403495838e-02,-2.203926707039e-02,5.064034244246e-03,4.747499551538e-03
563.20000000,2.854082955018e+13,2.413515612814e-03,2.741291343777e-03,4.488004501967e-03,5.097513483362e-03,6.358462990618e-03,5.961018180462e-03
563.40000000,1.754696444459e+13,-2.538579069437e-02,-2.883339470271e-02,-2.962877061131e-02,-3.365260832969e-02,-4.932625841746e-02,-4.624305018909e-02
563.60000000,-2.129385133358e+13,-5.872266712777e-02,-6.669769949953e-02,-3.917905088077e-02,-4.449989745833e-02,-5.227879954418e-02,-4.901103851597e-02
563.80000000,2.516266049868e+13,-1.156645519510e-02,-1.313727714715e-02,-1.991733543178e-02,-2.262227809077e-02,-4.906621571451e-02,-4.599926182667e-02
564.00000000,1.314828926076e+13,-4.814244089343e-02,-5.468058950553e-02,-5.274452814828e-02,-5.990768130727e-02,-4.797166853453e-02,-4.497313088137e-02
564.20000000,1.271171359461e+13,-2.494801670402e-02,-2.833616732043e-02,-3.771064402614e-02,-4.283206852962e-02,-2.327803605999e-02,-2.182300917121e-02
564.40000000,-3.640851228739e+12,-2.381675426778e-02,-2.705126992530e-02,-3.996580471322e-02,-4.539349911743e-02,-1.585519479469e-02,-1.486414320023e-02
564.60000000,2.311963650675e+13,6.038027769729e-03,6.858042753388e-03,-2.666009591311e-02,-3.028076249149e-02,1.277270795303e-03,1.197433160091e-03
564.80000000,4.841725630190e+13,1.183998363608e-02,1.344795305228e-02,-3.684538207225e-03,-4.184929668199e-03,-2.582133080164e-02,-2.420733164278e-02
565.00000000,1.018093689717e+13,-1.925700886603e-03,-2.187227272582e-03,5.851492825235e-03,6.646175056500e-03,-2.730754860162e-03,-2.560065127661e-03
565.20000000,3.607603765839e+13,3.293897285996e-03,3.741236256958e-03,-1.118352255564e-02,-1.270233953506e-02,3.807953230689e-02,3.569931675623e-02
565.40000000,3.381532131291e+12,-7.107085822291e-03,-8.072287886058e-03,-3.534101160146e-02,-4.014061997378e-02,-2.773448039051e-02,-2.600089708432e-02
565.60000000,3.877433754444e+13,-3.519375453156e-02,-3.997336256711e-02,-3.884174189804e-02,-4.411677906199e-02,-6.565728908858e-02,-6.155328646472e-02
565.80000000,2.142551365631e+13,-2.527923936714e-02,-2.871237280857e-02,-3.795647677839e-02,-4.311128744946e-02,-5.395407516024e-02,-5.058159863708e-02
566.00000000,2.322585040251e+13,-3.531668836584e-02,-4.011299185062e-02,-2.505370949059e-02,-2.845621520222e-02,-6.761528356155e-02,-6.338889369682e-02
566.20000000,-2.655871326880e+12,-9.357868922841e-03,-1.062874627294e-02,-2.354544415408e-02,-2.674311467258e-02,-2.958283854161e-02,-2.773372096943e-02
566.40000000,1.277716971652e+13,-3.017824074389e-04,-3.427669979938e-04,-1.177318286988e-02,-1.337208070869e-02,-2.928195601694e-02,-2.745164553667e-02
566.60000000,2.709870514460e+13,-6.794068276547e-04,-7.716759923424e-04,-6.037907263205e-03,-6.857906152274e-03,-1.086793619630e-02,-1.018862032315e-02
566.80000000,2.415717696487e+13,1.169852330773e-02,1.328728122088e-02,-1.168922752383e-02,-1.327672351636e-02,8.132345823973e-03,7.624021933923e-03
567.00000000,1.822544522978e+13,-2.600333168907e-02,-2.953480296136e-02,-4.570043790607e-02,-5.190694401479e-02,-6.004724163783e-02,-5.629390304195e-02
567.20000000,1.771146860660e+13,-2.981113925467e-02,-3.385974283866e-02,3.987653923172e-03,4.529211062832e-03,-2.964480565792e-02,-2.779181474263e-02
567.40000000,-1.778294137670e+12,-2.509291951561e-02,-2.850074915324e-02,2.233066661661e-02,2.536336006809e-02,-1.086564722786e-02,-1.018647442995e-02
567.60000000,2.566261641864e+13,4.862754567251e-04,5.523157559601e-04,1.868312561101e-02,2.122045213451e-02,1.192314611150e-02,1.117787283560e-02
567.80000000,3.620627393395e+12,-3.931148893449e-03,-4.465031995441e-03,-4.609263074003e-03,-5.235239995368e-03,1.180750543855e-02,1.106946044806e-02
568.00000000,1.816014208624e+13,6.104703328053e-03,6.933773413635e-03,-1.649068864868e-02,-1.873026368394e-02,1.065666072265e-02,9.990550924725e-03
568.20000000,3.094216623085e+13,-2.516528723292e-02,-2.858294501557e-02,-1.948237527284e-02,-2.212824666233e-02,7.329971838216e-03,6.871801480067e-03
568.40000000,2.297377727004e+13,2.369756105132e-02,2.691588926698e-02,3.295795221323e-02,3.743392095915e-02,4.162767875114e-02,3.902568123965e-02
568.60000000,3.187391441775e+13,-5.543165455665e-03,-6.295973972599e-03,2.420071719744e-02,2.748737933906e-02,2.150495384683e-02,2.016075599403e-02
568.80000000,3.353038716425e+13,1.553390588125e-02,1.764354102424e-02,3.779967741129e-02,4.293319340173e-02,4.519508060649e-02,4.237009754720e-02
569.00000000,1.315027912309e+13,5.864747046768e-03,6.661229050019e-03,2.646342636443e-02,3.005738355421e-02,4.034536670347e-02,3.782352193787e-02
569.20000000,1.931424877605e+13,1.188933214122e-02,1.350400349971e-02,-3.596323556181e-03,-4.084734721216e-03,8.141971414553e-03,7.633045863216e-03
569.40000000,1.304935802198e+13,-2.918235271950e-02,-3.314556180051e-02,-2.708396411774e-02,-3.076219558437e-02,-2.143536428841e-02,-2.009551623035e-02
569.60000000,-5.528935923394e+12,-2.613547109252e-02,-2.968488800781e-02,-3.151630057755e-02,-3.579648083448e-02,-3.632189083961e-02,-3.405153917907e-02
569.80000000,3.080349684267e+13,-2.957575697178e-02,-3.359239366091e-02,-1.992053905587e-02,-2.262591679412e-02,-1.157355531434e-02,-1.085013371048e-02
570.00000000,1.094107479401e+13,-4.820142569734e-02,-5.474758494219e-02,4.165489527031e-04,4.731198246249e-04,-1.769188527914e-02,-1.658602872285e-02
570.20000000,-1.420378633289e+12,-5.149613428091e-02,-5.848974267777e-02,3.287892935460e-03,3.734416612776e-03,-4.803570339864e-02,-4.503316315484e-02
570.40000000,4.834669836363e+13,-7.950751014314e-03,-9.030529910953e-03,-5.590348304690e-03,-6.349564900693e-03,-5.944598122825e-03,-5.573022527297e-03
570.60000000,4.729288316589e+12,2.922824606022e-02,3.319768784311e-02,1.132457561673e-02,1.286254879520e-02,3.100842432873e-02,2.907019848095e-02
570.80000000,9.272798007234e+12,2.003043961389e-02,2.275074187799e-02,4.218549884485e-03,4.791464649149e-03,2.615014021133e-02,2.451558835074e-02
571.00000000,2.347127258529e+13,-1.778797647686e-02,-2.020373337568e-02,-3.650374331265e-03,-4.146126048845e-03,-1.291352432286e-02,-1.210634604243e-02
571.20000000,2.151248330667e+13,-3.429442179309e-02,-3.895189287449e-02,8.356067176679e-04,9.490891794415e-04,-1.297519406609e-02,-1.216416103028e-02
571.40000000,8.660437907907e+12,-9.427087201344e-02,-1.070736497617e-01,-6.548970059404e-02,-7.438375599961e-02,-7.575400041018e-02,-7.101888842540e-02
571.60000000,1.762620675814e+13,-1.173957870293e-01,-1.333391228426e-01,-1.290298278306e-01,-1.465531700857e-01,-1.674056886437e-01,-1.569417569922e-01
571.80000000,1.108356761786e+13,-2.900956162579e-02,-3.294930422216e-02,-7.161823349827e-02,-8.134459552168e-02,-9.065312495637e-03,-8.498672191344e-03
572.00000000,3.438424088498e+13,4.291228153822e-02,4.874013049591e-02,2.931340277830e-02,3.329441087684e-02,4.200570746431e-02,3.938008072821e-02
572.20000000,7.806406424806e+12,3.022112268257e-02,3.432540546625e-02,3.566085792730e-02,4.050390413668e-02,3.112763888767e-02,2.918196136362e-02
572.40000000,2.023523046600e+13,3.021621814654e-04,3.431983485300e-04,2.516009476233e-02,2.857704849392e-02,1.730247395773e-02,1.622095811223e-02
572.60000000,2.173397961359e+13,-2.578523941490e-03,-2.928709192101e-03,2.076907904813e-02,2.358969569626e-02,1.049310745789e-02,9.837220790360e-03
572.80000000,1.177647548909e+13,2.507164649290e-02,2.847658707503e-02,3.053563625976e-02,3.468263400559e-02,8.851797368925e-03,8.298503132562e-03
573.00000000,7.884126479523e+12,-2.014988630966e-02,-2.288641044023e-02,-9.743180902584e-03,-1.106638729974e-02,-3.065191789682e-02,-2.873597599272e-02
573.20000000,-1.818745716382e+13,-4.079134017577e-02,-4.633114744783e-02,-5.028031609693e-02,-5.710880841128e-02,-5.212821177987e-02,-4.886986345494e-02
573.40000000,1.407213417605e+13,1.530888118220e-03,1.738795607739e-03,-2.512489052993e-02,-2.853706322891e-02,-2.600903157874e-02,-2.438329991475e-02
573.60000000,2.912826957595e+13,-9.854343282396e-03,-1.119264602856e-02,-4.976024758599e-03,-5.651811019659e-03,-9.914459973622e-03,-9.294742493496e-03
573.80000000,1.628829416569e+13,6.510105388867e-03,7.394232485935e-03,-1.488494052399e-02,-1.690644137875e-02,-5.467650222779e-03,-5.125886936903e-03
574.00000000,2.192840147894e+13,5.307969545357e-03,6.028836478400e-03,1.022048815245e-02,1.160851691232e-02,-1.993459353990e-02,-1.868855330082e-02
574.20000000,2.370255293954e+13,9.299971785667e-03,1.056298621731e-02,1.509246571394e-02,1.714215024523e-02,-1.182348609787e-02,-1.108444221345e-02
574.40000000,1.229049964331e+13,2.902981440219e-02,3.297230749603e-02,1.715290617342e-03,1.948241595113e-03,-8.002427613312e-03,-7.502224446562e-03
574.60000000,1.837475383818e+13,2.513449375493e-02,2.854796952412e-02,1.367358025620e-02,1.553056813808e-02,6.131621684708e-03,5.748355914344e-03
574.80000000,-5.422075299135e+12,-3.924247176697e-03,-4.457192967473e-03,2.525953534986e-02,2.868999395454e-02,7.393220273068e-02,6.931096481169e-02
575.00000000,1.153808508500e+13,-5.150962136446e-02,-5.850506142076e-02,-2.463319865022e-02,-2.797859543206e-02,4.391000692634e-02,4.116534923272e-02
575.20000000,2.854343583852e+13,-3.096980340323e-02,-3.517576332923e-02,-2.199984616733e-02,-2.498761140296e-02,8.722038434052e-03,8.176854965230e-03
575.40000000,1.745034708406e+13,-1.473049090879e-02,-1.673101553744e-02,-5.139605742851e-03,-5.837607685523e-03,2.956515223749e-03,2.771714017300e-03
575.60000000,2.490891395000e+13,-6.983337048653e-03,-7.931732987562e-03,6.526088933418e-04,7.412387023488e-04,-9.822833937802e-03,-9.208843673902e-03
575.80000000,2.004845395559e+13,5.669314787568e-03,6.439255445375e-03,7.387946746332e-03,8.391292418998e-03,-1.719335229620e-02,-1.611865725600e-02
576.00000000,1.776735546973e+13,3.228230733254e-03,3.666651633742e-03,6.944630658229e-03,7.887770255528e-03,6.028640819392e-03,5.651812015088e-03
576.20000000,1.809850966959e+13,-3.022345329693e-03,-3.432805259765e-03,5.935979472890e-04,6.742135705695e-04,1.000259540707e-02,9.377368895802e-03
576.40000000,1.679294890510e+13,1.950461811463e-02,2.215350939411e-02,2.270895968520e-03,2.579302853589e-03,1.827116845287e-02,1.712910297450e-02
576.60000000,1.695180317418e+12,-5.369090116050e-02,-6.098257736948e-02,-4.756689125176e-02,-5.402687751564e-02,-6.827021410518e-02,-6.400288687148e-02
576.80000000,2.564610470311e+13,-6.345404426387e-02,-7.207163746722e-02,-7.298264670674e-02,-8.289430758725e-02,-6.977460068741e-02,-6.541323962187e-02
577.00000000,8.691524621335e+11,-2.432750304342e-04,-2.763138268278e-04,-1.645191617996e-02,-1.868622558594e-02,-4.463209208925e-02,-4.184229943126e-02
577.20000000,2.676870817265e+13,2.123822024289e-02,2.412254928038e-02,-1.587741873442e-03,-1.803370652686e-03,4.086932024180e-03,3.831472501200e-03
577.40000000,2.341368338588e+13,1.719031143473e-02,1.952490039123e-02,2.302948556047e-02,2.615708453678e-02,-3.139396307394e-06,-2.943163857311e-06
577.60000000,4.349521163559e+13,2.742044627882e-02,3.114437363800e-02,3.998929301710e-02,4.542017733169e-02,1.679880321260e-02,1.574877002635e-02
577.80000000,3.225263431470e+13,-1.083283713374e-02,-1.230402757936e-02,-1.521345764720e-02,-1.727957390666e-02,-8.322153525474e-02,-7.801965433964e-02
578.00000000,7.289108024266e+12,-1.174704324440e-01,-1.334239057327e-01,-3.500185621052e-02,-3.975540441138e-02,-1.359988089211e-01,-1.274980091409e-01
578.20000000,5.490893761061e+12,-3.793767207526e-02,-4.308992720446e-02,-3.129818411788e-02,-3.554874231426e-02,-6.664142542718e-02,-6.247590795597e-02
578.40000000,2.062854182146e+13,-6.369108599923e-03,-7.234087146505e-03,-2.650732469307e-02,-3.010724364727e-02,-2.944011065947e-02,-2.759991449740e-02
578.60000000,2.950083596470e+13,3.837970988038e-03,4.359199746346e-03,5.100791739927e-03,5.793522412623e-03,1.380558174948e-02,1.294264414559e-02
578.80000000,7.777055815291e+12,2.301807963697e-02,2.614412855844e-02,2.424576804957e-02,2.753854847805e-02,2.888618970123e-02,2.708061715974e-02
579.00000000,1.470029400117e+13,2.438467005346e-02,2.769631345392e-02,2.958290449096e-02,3.360051320216e-02,3.900147335186e-02,3.656363055950e-02
579.20000000,2.159070201020e+13,4.142538056497e-02,4.705129585759e-02,4.145607637996e-02,4.708616228471e-02,3.500956517732e-02,3.282124230651e-02
579.40000000,-3.709619097426e+12,-8.254066364954e-03,-9.375038038735e-03,-1.322294980042e-05,-1.501873825345e-05,-1.235020736108e-02,-1.157824001186e-02
579.60000000,2.410154042994e+13,-7.254278227191e-02,-8.239470258229e-02,-4.810055069461e-02,-5.463301242577e-02,-6.409771231488e-02,-6.009119326459e-02
579.80000000,2.246940633555e+13,-4.988247891753e-02,-5.665693933645e-02,-5.238733151179e-02,-5.950197434553e-02,-2.782592497465e-02,-2.608662579412e-02
580.00000000,8.059905850343e+12,-4.217953660363e-02,-4.790787263284e-02,-4.967751623614e-02,-5.642414322950e-02,-2.866698382292e-02,-2.687511305792e-02
580.20000000,1.942020505615e+13,-1.147918937151e-02,-1.303815989034e-02,-1.037956635437e-02,-1.178919927992e-02,6.704466197368e-03,6.285393962624e-03
580.40000000,1.409635304397e+13,1.555426435992e-02,1.766666435564e-02,-2.042886652896e-02,-2.320327943868e-02,-3.717059453329e-02,-3.484719343628e-02
580.60000000,-8.210324123125e+11,3.463941156394e-02,3.934373515945e-02,-9.899661652683e-03,-1.124411945958e-02,6.920947192926e-03,6.488343504385e-03
580.80000000,1.071672610897e+13,6.374744223229e-02,7.240488134883e-02,1.833774077665e-02,2.082816111757e-02,3.330199499740e-02,3.122040623937e-02
581.00000000,1.554432122601e+13,2.170488578428e-02,2.465259192948e-02,-6.659600346896e-03,-7.564030416462e-03,2.237164861038e-02,2.097327676361e-02
581.20000000,3.915111222776e+13,1.316729630552e-02,1.495552595212e-02,-2.988978691196e-02,-3.394907285225e-02,1.829321934563e-02,1.714977554471e-02
581.40000000,7.030230280560e+11,-9.906098406881e-03,-1.125142993450e-02,-4.850924502928e-02,-5.509721090879e-02,-3.441838761641e-02,-3.226701714334e-02
581.60000000,3.800844133861e+12,-2.531382131854e-02,-2.875165127999e-02,-6.630693306344e-02,-7.531197555241e-02,-6.291754019991e-02,-5.898478949315e-02
581.80000000,-8.680365593287e+12,6.830465594822e-03,7.758100303824e-03,-1.796242157257e-02,-2.040187039025e-02,-5.188868184856e-02,-4.864530568407e-02
582.00000000,8.489316364144e+12,4.014227758154e-02,4.559393669116e-02,-3.385255077048e-03,-3.845001356908e-03,-1.998573765749e-02,-1.873650058230e-02
582.20000000,2.021459262277e+13,5.357503814504e-02,6.085097918149e-02,1.700146850735e-02,1.931041176879e-02,2.669624541947e-02,2.502755847291e-02
582.40000000,2.518633112792e+13,6.224728696093e-02,7.070099236718e-02,2.997486178095e-02,3.404570160821e-02,5.538634929191e-02,5.192434642862e-02
582.60000000,-2.618195572606e+12,3.678684627649e-02,4.178280957753e-02,1.844149289140e-02,2.094600364729e-02,3.420200713110e-02,3.206416182930e-02
582.80000000,3.002366315043e+13,8.139929116897e-02,9.245399991879e-02,7.981179470963e-03,9.065091166583e-03,5.956565003272e-02,5.584241400791e-02
583.00000000,1.408998112669e+13,-1.082012151857e-02,-1.228958507664e-02,5.830811161663e-02,6.622684648040e-02,9.443163532131e-02,8.852905109169e-02
583.20000000,8.729236214261e+12,3.634841245443e-02,4.128483275283e-02,3.360326196725e-02,3.816686923730e-02,6.232620648247e-02,5.843041793424e-02
583.40000000,1.020527611093e+13,2.354660215093e-02,2.674442887753e-02,2.971564992760e-03,3.375128659216e-03,-2.399640999873e-02,-2.249648012095e-02
583.60000000,1.085904962838e+13,1.647740666474e-02,1.871517715408e-02,-1.102095540909e-02,-1.251769439463e-02,-3.439150815112e-02,-3.224181781742e-02
583.80000000,5.681676176410e+13,9.098445036155e-03,1.033409043929e-02,4.956798840333e-03,5.629974059036e-03,-2.645521512693e-02,-2.480159412304e-02
584.00000000,3.839492171094e+13,3.118064102905e-02,3.541523447893e-02,-1.709601347715e-02,-1.941779674537e-02,4.328118046249e-03,4.057582846506e-03
584.20000000,1.009038807420e+13,3.460186485611e-02,3.930108929274e-02,-4.426864972274e-02,-5.028070688275e-02,5.009723612213e-02,4.696583683125e-02
584.40000000,3.165893054898e+13,5.363898332493e-02,6.092360865494e-02,6.247700194083e-02,7.096190738085e-02,-1.485311580148e-02,-1.392470058562e-02
584.60000000,1.292803292540e+13,2.098640302376e-02,2.383653316374e-02,8.880379034192e-02,1.008640963803e-01,1.240195945324e-01,1.162675726558e-01
584.80000000,4.785558691715e+12,3.812176451859e-02,4.329902095081e-02,2.408101106730e-02,2.735141610369e-02,2.071626616708e-02,1.942136636408e-02
585.00000000,-9.014696993759e+12,8.122186744387e-03,9.225248055873e-03,-2.126304864891e-03,-2.415075054797e-03,-1.798753104883e-02,-1.686319473148e-02
585.20000000,1.063424969514e+13,2.397412883150e-02,2.723001727914e-02,3.644339320295e-03,4.139271432327e-03,8.437748536454e-03,7.910335013695e-03
585.40000000,1.635896508271e+13,6.681051960306e-03,7.588395040363e-03,9.028356645926e-04,1.025448386138e-03,-8.576375216006e-03,-8.040296634659e-03
585.60000000,1.893746499263e+13,3.778920329926e-03,4.292129511925e-03,-7.698085554554e-03,-8.743550701255e-03,-1.855849342769e-02,-1.739846829142e-02
585.80000000,1.199430406641e+13,-1.823066384377e-02,-2.070654141242e-02,-1.357161914314e-02,-1.541475984325e-02,-3.371107891897e-02,-3.160391978619e-02
586.00000000,4.254691236856e+13,5.806541386976e-03,6.595118571802e-03,5.710328735816e-03,6.485839689442e-03,7.912667555058e-03,7.418074968942e-03
586.20000000,1.688888766192e+13,-4.323895948575e-03,-4.911117405784e-03,1.803602220410e-03,2.048546661023e-03,9.624553229464e-03,9.022956784416e-03
586.40000000,1.804698006652e+13,3.006431893148e-03,3.414730644619e-03,1.238328764937e-03,1.406504287894e-03,6.026844253895e-03,5.650127746484e-03
586.60000000,3.409375926599e+13,-1.266383331065e-02,-1.438368844569e-02,-5.647162107319e-03,-6.414094498383e-03,-3.388373443277e-03,-3.176578322051e-03
586.80000000,3.671756713357e+13,1.119143977851e-03,1.271133148108e-03,1.901023864253e-03,2.159198988320e-03,1.631441256551e-03,1.529465690845e-03
587.00000000,2.322785434102e+13,-4.697630808664e-03,-5.335608605008e-03,-6.988738106117e-03,-7.937867868003e-03,-3.784962629921e-02,-3.548378135190e-02
587.20000000,1.660856884405e+13,-1.844991989052e-02,-2.095557427545e-02,-2.306966504925e-02,-2.620272074006e-02,-4.475832490909e-02,-4.196064188842e-02
587.40000000,-1.109529529150e+13,8.676341283292e-03,9.854661444604e-03,-1.380588692246e-02,-1.568084316897e-02,-7.172237030588e-03,-6.723926111860e-03
587.60000000,1.218943763302e+13,1.092901552480e-02,1.241326780531e-02,4.198954617562e-03,4.769208179196e-03,-1.519184816919e-04,-1.424226000289e-04
587.80000000,9.496952451542e+12,-2.832921375226e-02,-3.217655938200e-02,-1.808814888787e-02,-2.054467253867e-02,1.598845320616e-02,1.498907210438e-02
588.00000000,9.797691561838e+12,-2.571063506023e-02,-2.920235566715e-02,-6.408572248188e-03,-7.278910578168e-03,9.197591461075e-03,8.622682871132e-03
588.20000000,2.088964412438e+13,-1.916499770198e-02,-2.176776567138e-02,-7.230430591808e-03,-8.212384238049e-03,-5.273253383347e-03,-4.943641149550e-03
588.40000000,2.387947277518e+13,5.037253953425e-04,5.721355430904e-04,1.254956738580e-02,1.425390481036e-02,2.238323043808e-02,2.098413465263e-02
588.60000000,2.727067137679e+13,-1.319248625688e-03,-1.498413691084e-03,7.542109028950e-04,8.566391243865e-04,1.284490171695e-03,1.204201279051e-03
588.80000000,1.582150502539e+13,-1.139622872898e-02,-1.294393249440e-02,-1.994244865030e-02,-2.265080189683e-02,-1.430384177808e-02,-1.340975971951e-02
589.00000000,5.334702998368e+13,4.644145924493e-03,5.274860023470e-03,1.120636580291e-03,1.272828508858e-03,-7.158008752074e-04,-6.710587192212e-04
589.20000000,2.582081835480e+13,2.290144668662e-02,2.601165587192e-02,-2.859604034470e-02,-3.247962455563e-02,-1.343579108692e-02,-1.259596777652e-02
589.40000000,4.500723857830e+13,8.364962620693e-03,9.500994939243e-03,3.936825775160e-02,4.471480022297e-02,3.291432938705e-02,3.085697222166e-02
589.60000000,2.955747049771e+13,3.851353004732e-03,4.374399153521e-03,3.912134948443e-02,4.443435972419e-02,3.984377772673e-02,3.735328549647e-02
589.80000000,8.805780525110e+12,-8.390703295872e-03,-9.530231414728e-03,1.227425932777e-02,1.394120758884e-02,1.918365107195e-02,1.798454956430e-02
590.00000000,-3.507311165574e+12,-1.485365645133e-02,-1.687090799715e-02,1.238747058695e-02,1.406979389483e-02,2.079649291903e-02,1.949657842832e-02
590.20000000,-1.362718100924e+13,-2.917779088337e-02,-3.314038042864e-02,6.833196502434e-03,7.761202398606e-03,-2.472602939390e-02,-2.318049361381e-02
590.40000000,-1.274511366231e+12,-4.149260389460e-02,-4.712764868110e-02,-1.177452935639e-02,-1.337361005947e-02,-5.393301807584e-02,-5.056185775581e-02
590.60000000,4.292856810323e+13,-3.648617525223e-02,-4.144130489790e-02,1.298608069776e-02,1.474970032312e-02,-4.694646102019e-02,-4.401200542688e-02
590.80000000,1.130866561051e+13,-5.519566649171e-02,-6.269170249590e-02,3.260572035357e-02,3.703385303294e-02,-6.355016371570e-02,-5.957786997259e-02
591.00000000,2.356719773264e+13,1.391420566893e-02,1.580387189263e-02,2.729380628801e-02,3.100053609671e-02,1.613195152615e-02,1.512360085693e-02
591.20000000,1.340532029078e+13,1.265473599917e-02,1.437335564275e-02,4.717807465648e-02,5.358525633721e-02,3.681321884192e-02,3.451215602290e-02
591.40000000,9.228970336662e+12,-9.183439667765e-03,-1.043062805713e-02,4.297600768077e-02,4.881251311530e-02,2.557112949136e-02,2.397276952273e-02
591.60000000,9.029947021820e+12,-3.841390917275e-02,-4.363084130752e-02,4.073805978706e-02,4.627063296383e-02,-7.202305274848e-03,-6.752114897570e-03
591.80000000,1.605384455633e+13,-6.723630954996e-02,-7.636756620851e-02,-7.879244451369e-03,-8.949312508922e-03,-5.740857013710e-02,-5.382016547183e-02
592.00000000,8.730644915012e+12,-4.820399094659e-02,-5.475049857388e-02,-2.493036170528e-02,-2.831611574410e-02,-4.892464173514e-02,-4.586653713107e-02
592.20000000,4.828202046781e+13,-2.995473335340e-02,-3.402283822440e-02,-1.695589350058e-02,-1.925864729052e-02,-4.789956619672e-02,-4.490553540315e-02
592.40000000,4.785935152108e+13,-3.286072586408e-02,-3.732348897317e-02,-2.108427575128e-02,-2.394769877837e-02,4.861815638426e-03,4.557920908477e-03
592.60000000,4.177832466851e+13,-1.316546647558e-02,-1.495344761587e-02,-1.323965295773e-02,-1.503770984131e-02,-5.870130908321e-03,-5.503209992386e-03
592.80000000,1.998037346370e+13,-1.293085073105e-02,-1.468696907885e-02,8.792244504438e-03,9.986305693487e-03,1.012449272832e-02,9.491646850905e-03
593.00000000,1.485708430905e+13,-1.641088851210e-02,-1.863962527653e-02,2.561298397424e-02,2.909144389240e-02,1.934484430375e-02,1.813566718293e-02
593.20000000,2.870575003405e+13,-1.196369044728e-02,-1.358846028948e-02,2.618121325745e-02,2.973684351969e-02,2.492196787207e-02,2.336418467757e-02
593.40000000,2.012163301092e+13,6.087309395960e-03,6.914017239186e-03,7.515582084814e-03,8.536261716284e-03,1.407469544625e-02,1.319493650641e-02
593.60000000,3.510457263442e+13,4.290555026964e-03,4.873248506441e-03,-1.704369469025e-04,-1.935837262453e-04,-1.732002435118e-03,-1.623741149328e-03
593.80000000,2.632250881763e+12,3.373436680320e-02,3.831577770388e-02,-1.273690331171e-02,-1.446668253993e-02,-1.104564513677e-02,-1.035522131250e-02
594.00000000,1.910083851973e+13,1.335127113103e-02,1.516448610716e-02,-1.550400655449e-02,-1.760958181370e-02,3.923432711275e-02,3.678192946352e-02
594.20000000,1.529724409279e+13,-8.081605800532e-03,-9.179155878336e-03,-2.820485909594e-02,-3.203531758376e-02,1.352821891511e-02,1.268261827131e-02
594.40000000,1.906808976780e+13,6.621406940204e-03,7.520649724592e-03,-2.122700828089e-04,-2.410981559302e-04,1.559500086559e-02,1.462021306427e-02
594.60000000,1.072389213775e+13,3.322175281146e-02,3.773354641820e-02,4.428753392475e-02,5.030215571916e-02,4.470373283062e-02,4.190946216578e-02
594.80000000,2.351118271047e+13,5.928267726922e-03,6.733376373090e-03,2.317014515907e-02,2.631684689890e-02,5.110928677335e-03,4.791462781114e-03
595.00000000,3.271039223852e+13,1.249596855503e-02,1.419302624360e-02,1.242530794822e-02,1.411276988987e-02,-5.844522702517e-03,-5.479202464059e-03
595.20000000,3.035223532228e+13,9.147950485456e-04,1.039031914522e-03,6.021541574130e-03,6.839317864164e-03,-3.018956062432e-04,-2.830251902182e-04
595.40000000,2.115052187632e+13,-1.760059994237e-02,-1.999090953095e-02,-2.425946462579e-02,-2.755410516520e-02,1.218042714551e-02,1.141907215113e-02
595.60000000,6.871628162750e+12,2.362289565589e-03,2.683108368252e-03,4.662602810784e-02,5.295823719676e-02,9.385523101846e-02,8.798867576299e-02
595.80000000,5.760791689718e+13,6.634566846097e-02,7.535596856452e-02,9.188404970918e-02,1.043626810296e-01,6.423959314464e-02,6.022420563046e-02
596.00000000,5.255046081052e+13,3.616545362299e-02,4.107702657241e-02,6.915023584166e-02,7.854142290321e-02,1.455196302867e-02,1.364237179697e-02
596.20000000,2.007758070641e+13,3.294884803226e-02,3.742357887337e-02,4.788117558329e-02,5.438384431835e-02,-1.325517534922e-02,-1.242664168345e-02
596.40000000,7.778661311318e+12,2.421329163162e-02,2.750166040017e-02,2.368260064725e-02,2.689889817791e-02,-2.717869029842e-03,-2.547984744568e-03
596.60000000,4.669458565191e+13,1.969049423286e-02,2.236462905343e-02,2.433132903797e-02,2.763572937255e-02,5.916668044666e-03,5.546838258562e-03
596.80000000,1.920932211313e+13,5.077097107721e-02,5.766609620845e-02,4.687289590718e-02,5.323863173184e-02,5.042636676826e-02,4.727439469628e-02
597.00000000,3.422246305951e+12,7.461891553378e-02,8.475279221265e-02,6.992016571539e-02,7.941591576765e-02,9.769331763054e-02,9.158685728997e-02
597.20000000,2.044918501051e+13,8.960711139874e-02,1.017765112080e-01,1.375473505544e-01,1.562274444566e-01,1.338243410933e-01,1.254594595302e-01
597.40000000,1.082504135152e+13,3.758264859771e-02,4.268668855098e-02,9.269009618710e-02,1.052781954387e-01,3.872871138961e-02,3.630791797325e-02
597.60000000,4.030787822915e+13,2.043816814599e-02,2.321384337595e-02,6.348275143526e-02,7.210424616559e-02,9.659480285200e-03,9.055700674652e-03
597.80000000,-3.231489005912e+11,7.117727234369e-03,8.084374491448e-03,4.172955499934e-02,4.739678161432e-02,7.983059314611e-03,7.484066791034e-03
598.00000000,2.184902352760e+13,2.044936048424e-02,2.322655572792e-02,3.601043731147e-02,4.090095935878e-02,3.203617345033e-02,3.003370667591e-02
598.20000000,1.369673867501e+13,2.829442635887e-02,3.213704756784e-02,4.310453540653e-02,4.895849599361e-02,1.389382163172e-02,1.302536846798e-02
598.40000000,3.287428588287e+13,2.595702445048e-02,2.948220681007e-02,1.660634332256e-02,1.886162524102e-02,8.152767454401e-04,7.643167081178e-04
598.60000000,1.907612824581e+13,4.822081182654e-03,5.476960387088e-03,-1.144516985471e-02,-1.299952075097e-02,-2.993932148135e-02,-2.806792143389e-02
598.80000000,1.994481779865e+13,-1.138879956811e-03,-1.293549439096e-03,-1.333186625123e-02,-1.514244648022e-02,-4.460620255811e-02,-4.181802816224e-02
599.00000000,1.969689947456e+13,-3.427574408684e-03,-3.893067857854e-03,-1.711635473565e-02,-1.944090051887e-02,-2.278888222427e-02,-2.136443059458e-02
599.20000000,5.185989820143e+12,1.592530788454e-02,1.808809871339e-02,3.867174653282e-02,4.392369688795e-02,1.827530465048e-02,1.713298063317e-02
599.40000000,9.873125047104e+12,1.077962215934e-02,1.224358556360e-02,3.756455080516e-02,4.266613461324e-02,-8.998183524316e-04,-8.435739212243e-04
599.60000000,3.877522326156e+13,-8.485595611472e-03,-9.638010905345e-03,3.489736061086e-03,3.963671742522e-03,2.467448599232e-03,2.313217200616e-03
599.80000000,3.528735338279e+13,-9.109337935958e-03,-1.034646268655e-02,-6.387403244775e-03,-7.254866644994e-03,1.186759333738e-02,1.112579246696e-02
600.00000000,1.160114427484e+13,1.502958584513e-02,1.707073008314e-02,1.228993272686e-02,1.395900956813e-02,3.965328178573e-02,3.717469677632e-02
600.20000000,3.730978597967e+13,-1.767247265188e-02,-2.007254315925e-02,2.154321172174e-03,2.446896213638e-03,9.903656718818e-03,9.284614511562e-03
600.40000000,8.270100588399e+12,-1.744321610163e-02,-1.981215164019e-02,2.576600705445e-02,2.926524880153e-02,8.867527357700e-03,8.313249895924e-03
600.60000000,2.198343303539e+13,3.024760365902e-02,3.435548278215e-02,5.570231061134e-02,6.326715565264e-02,3.115748444943e-02,2.920994138592e-02
600.80000000,1.767232625063e+13,1.185642338215e-02,1.346662545420e-02,2.542586603940e-02,2.887891375893e-02,3.590852893279e-02,3.366401504858e-02
601.00000000,3.011892792030e+13,8.052710059680e-03,9.146335852708e-03,1.088650231585e-02,1.236498143381e-02,3.721171366425e-02,3.488574235724e-02
601.20000000,2.982251153903e+13,-2.893913950712e-02,-3.286931818715e-02,-4.819457262988e-03,-5.473980333531e-03,4.439309805773e-02,4.161824406300e-02
601.40000000,3.443301163376e+13,-4.370526917135e-04,-4.964081252289e-04,6.654562424191e-03,7.558308301233e-03,4.327994606549e-02,4.057467122580e-02
601.60000000,2.171108343295e+13,1.700128090907e-02,1.931019792941e-02,3.762126285993e-02,4.273054864485e-02,3.439574466398e-02,3.224578952100e-02
601.80000000,6.188288752306e+12,2.636241451109e-02,2.994265225244e-02,5.016293980580e-02,5.697549142677e-02,6.239060577400e-03,5.849079185608e-03
602.00000000,2.696224179693e+13,1.945882864090e-02,2.210150132451e-02,5.047835352641e-02,5.733374099914e-02,1.589206275642e-02,1.489870667736e-02
602.20000000,2.280541757128e+13,6.271551464655e-02,7.123280931283e-02,4.273098144027e-02,4.853421023834e-02,2.746507569587e-02,2.574833191486e-02
602.40000000,1.252325447243e+13,-2.398245631784e-02,-2.723947570820e-02,-2.890093809482e-02,-3.282592999975e-02,3.069277026132e-02,2.877427482183e-02
602.60000000,1.861214413528e+13,-1.047715299629e-02,-1.190003854281e-02,-1.158379797852e-02,-1.315697574683e-02,2.522337003483e-02,2.364674726769e-02
602.80000000,1.563555313395e+13,-2.405440338414e-02,-2.732119379157e-02,-9.179905897554e-03,-1.042661478353e-02,3.198488577760e-02,2.998562481241e-02
603.00000000,1.843223310398e+13,9.341866426651e-03,1.061057050310e-02,-8.354458688932e-04,-9.489064860414e-04,1.682093406515e-02,1.576951755836e-02
603.20000000,1.851020907608e+13,-1.895484657078e-03,-2.152907424805e-03,-1.926176543804e-02,-2.187767614554e-02,-3.868579654857e-03,-3.626768558563e-03
603.40000000,3.553862678691e+13,3.970313231790e-02,4.509515180513e-02,-1.155424206650e-02,-1.312340589191e-02,9.581876802830e-03,8.982947908777e-03
603.60000000,2.901585234753e+13,3.407558748087e-02,3.870333902109e-02,1.046600967187e-02,1.188738233128e-02,4.207348324059e-02,3.944362008280e-02
603.80000000,7.290891376279e+12,4.465011281655e-03,5.071397388642e-03,-4.556393546949e-02,-5.175190339247e-02,-2.712163475283e-02,-2.542635823846e-02
604.00000000,3.502765457063e+13,-1.911870714509e-02,-2.171518846731e-02,-2.061771830548e-02,-2.341777888420e-02,5.155162052170e-03,4.832931285682e-03
604.20000000,2.713844902479e+13,-5.357718743238e-04,-6.085342036010e-04,3.298684015124e-03,3.746673212355e-03,1.385786924290e-02,1.299166333456e-02
604.40000000,7.421093677258e+12,1.355620384561e-02,1.539725040897e-02,2.371897258681e-02,2.694020973459e-02,6.918250785411e-02,6.485815639672e-02
604.60000000,1.799329841521e+13,8.578823865294e-03,9.743900340592e-03,2.291872309661e-02,2.603127959323e-02,3.053517549999e-02,2.862653074612e-02
604.80000000,4.385929417264e+13,1.567362001537e-02,1.780222951353e-02,3.774865269611e-02,4.287523909854e-02,2.305752324976e-02,2.161627982911e-02
605.00000000,7.879161271077e+12,4.204012524348e-02,4.774952803678e-02,3.889869303779e-02,4.418146464835e-02,-1.252546183292e-02,-1.174253995264e-02
605.20000000,4.622530898689e+13,3.941614496315e-02,4.476918915249e-02,1.846791600362e-02,2.097601524170e-02,-2.262860788841e-02,-2.121417443498e-02
605.40000000,5.253644898909e+13,1.521821903996e-02,1.728498125327e-02,2.132695489921e-02,2.422333580773e-02,-2.859806697969e-02,-2.681050396039e-02
605.60000000,1.683387439024e+13,1.700807490315e-02,1.931791460507e-02,2.779779447085e-02,3.157297013869e-02,2.451113084001e-02,2.297902760094e-02
605.80000000,2.842434905689e+13,-8.525259910107e-03,-9.683061949527e-03,1.617160569095e-02,1.836784656100e-02,2.587833641100e-02,2.426077403512e-02
606.00000000,2.690287799214e+13,4.889840938860e-03,5.553922488414e-03,3.546310919850e-02,4.027929945749e-02,5.451056523631e-02,5.110330450618e-02
606.20000000,3.371411098317e+13,1.901033265664e-02,2.159209581132e-02,3.080063048652e-02,3.498361669028e-02,2.877170747096e-02,2.697329080477e-02
606.40000000,1.989141632728e+13,2.421394694512e-02,2.750240471076e-02,1.151669384746e-02,1.308075830705e-02,3.081714677169e-02,2.889087700078e-02
606.60000000,1.936258460153e+13,5.123644340403e-02,5.819478359440e-02,3.711101075870e-02,4.215099999136e-02,5.532523189972e-03,5.186704926632e-03
606.80000000,1.706185675323e+13,6.586805857112e-02,7.481349523234e-02,3.783569645625e-02,4.297410413773e-02,9.259081391620e-04,8.680329285754e-04
607.00000000,4.295335667919e+13,2.875483428227e-02,3.265998276176e-02,5.830204518417e-03,6.621995617509e-03,1.300063389903e-02,1.218801071014e-02
607.20000000,9.166840028848e+12,2.776529511586e-02,3.153605584917e-02,-1.346260430261e-02,-1.529093986506e-02,1.658732743316e-02,1.555051284253e-02
607.40000000,2.526230016024e+13,1.326206785308e-02,1.506316827338e-02,-5.579493207891e-04,-6.337235589907e-04,-9.640529331348e-04,-9.037934277232e-04
607.60000000,-4.065056866073e+12,9.518193728239e-03,1.081084453612e-02,1.755464070426e-04,1.993870943011e-04,-4.478108332519e-03,-4.198197775722e-03
607.80000000,1.879473793923e+13,-2.803229943773e-03,-3.183932160489e-03,-2.688405507826e-02,-3.053513720603e-02,-4.551756233556e-02,-4.267242209523e-02
608.00000000,1.398271021044e+13,-3.233031139338e-03,-3.672103975369e-03,-1.198114637634e-02,-1.360828741878e-02,-2.247891800069e-02,-2.107384112748e-02
608.20000000,1.560133785656e+13,1.917052517492e-02,2.177404382166e-02,-1.704078415444e-02,-1.935506681338e-02,2.130077254996e-02,1.996933734073e-02
608.40000000,3.451054024398e+13,3.286504050233e-02,3.732838957561e-02,-1.302434201281e-01,-1.479315784847e-01,-1.801500462765e-01,-1.688895103502e-01
608.60000000,3.269474666540e+13,-3.895247685743e-02,-4.424255101605e-02,-1.947793982754e-02,-2.212320884605e-02,2.434601851522e-02,2.282423585782e-02
608.80000000,3.568572773163e+13,-9.738472221462e-02,-1.106103870245e-01,-1.521639120236e-01,-1.728290586343e-01,-9.738865743392e-03,-9.130124031404e-03
609.00000000,2.527561175821e+13,-1.917333043589e-02,-2.177723006068e-02,-1.399966145478e-02,-1.590093392218e-02,-3.743393807376e-02,-3.509407631266e-02
609.20000000,8.675791219477e+12,2.122863534461e-02,2.411166267225e-02,2.263636320770e-02,2.571057284255e-02,1.335354528324e-02,1.251886286426e-02
609.40000000,1.776465203285e+13,2.434916304448e-02,2.765598429431e-02,1.027229961969e-02,1.166736481515e-02,1.015825574889e-02,9.523299465650e-03
609.60000000,3.137425448986e+13,-3.043800926688e-02,-3.457174707390e-02,-3.287265627221e-02,-3.733704110770e-02,-1.034893229560e-02,-9.702057502489e-03
609.80000000,2.166548233202e+13,-1.095795023272e-01,-1.244613209006e-01,-2.629908564812e-01,-2.987072397825e-01,-5.113751161050e-02,-4.794108841453e-02
610.00000000,1.499124380797e+13,-2.386485647989e-01,-2.710590482261e-01,-2.630005786937e-01,-2.987182823537e-01,-4.285938888666e-01,-4.018040157406e-01
610.20000000,3.397323902681e+13,-7.671027777132e-02,-8.712817904174e-02,-1.619456249864e-01,-1.839392109740e-01,-2.021281481331e-01,-1.894938395619e-01
610.40000000,7.734095238858e+12,-1.065481770684e-02,-1.210183161617e-02,-2.252706596849e-02,-2.558643211357e-02,-4.840308159351e-02,-4.537757785097e-02
610.60000000,3.697643807602e+13,4.747355326404e-03,5.392086130710e-03,1.584966887241e-02,1.800218799881e-02,-1.046480233241e-02,-9.810684917164e-03
610.80000000,7.328687966314e+12,2.875935901062e-02,3.266512198630e-02,1.018487106152e-02,1.156806271911e-02,3.172773301317e-02,2.974454574878e-02
611.00000000,1.420353534751e+13,1.290326561554e-02,1.465563767250e-02,-7.404367536268e-03,-8.409943291132e-03,3.370151264689e-02,3.159495146761e-02
611.20000000,4.410838815303e+13,-1.015307699344e-03,-1.153195029153e-03,-2.215291874998e-02,-2.516147253738e-02,3.120099740837e-02,2.925073450522e-02
611.40000000,1.544918206468e+13,2.980230718704e-02,3.384971130192e-02,8.739632745956e-03,9.926548813090e-03,2.225326130434e-02,2.086228942521e-02
611.60000000,5.793808298963e+12,2.359884118109e-02,2.680376240760e-02,-2.772635104144e-02,-3.149182408712e-02,5.502861748483e-03,5.158897515906e-03
611.80000000,2.355933608935e+13,8.436397310578e-03,9.582131061167e-03,-1.960824538530e-02,-2.227121100098e-02,-2.785208151211e-02,-2.611114737985e-02
612.00000000,2.793722746487e+13,1.300955730051e-02,1.477636466278e-02,-1.132901960484e-02,-1.286759631449e-02,-2.876991068577e-02,-2.697160633020e-02
612.20000000,4.466566759128e+13,3.184646872630e-02,3.617148718069e-02,2.085271567308e-02,2.368469088247e-02,2.438018588162e-02,2.285626754419e-02
612.40000000,1.639337105062e+13,3.373265349861e-02,3.831383171811e-02,2.438451472997e-02,2.769613813149e-02,5.669461422450e-02,5.315083639319e-02
612.60000000,3.546917166472e+13,2.122565603722e-02,2.410827874984e-02,2.365315674349e-02,2.686545554292e-02,7.068662293434e-02,6.626825461574e-02
612.80000000,1.180324630690e+13,-4.328908059019e-03,-4.916810203005e-03,-7.797572419496e-03,-8.856548724148e-03,4.479596008385e-02,4.199592462283e-02
613.00000000,2.286891155354e+13,1.034589276208e-02,1.175095206419e-02,-8.780922830132e-03,-9.973446440024e-03,1.859445830766e-02,1.743218513521e-02
613.20000000,3.115571178280e+13,3.664871794276e-02,4.162592225367e-02,6.404494025535e-03,7.274278498377e-03,2.225221521453e-02,2.086130872273e-02
613.40000000,3.860220407310e+13,3.066742107388e-02,3.483231493489e-02,1.785499788857e-02,2.027985766113e-02,4.760056324757e-02,4.462522206037e-02
613.60000000,1.784214265915e+13,4.997173251291e-02,5.675831432120e-02,4.921905329859e-02,5.590341714629e-02,4.551150132535e-02,4.266673993712e-02
613.80000000,1.520420683812e+13,2.272601955728e-02,2.581240426211e-02,2.903898197746e-02,3.298272140956e-02,3.210447933530e-02,3.009774300398e-02
614.00000000,1.547825742997e+13,2.499152897608e-03,2.838558892520e-03,-3.474289597885e-03,-3.946127518935e-03,3.687541887186e-02,3.457046815113e-02
614.20000000,1.061044711020e+13,-1.348481504829e-02,-1.531616641221e-02,-2.577922123359e-02,-2.928025757799e-02,1.587041693918e-02,1.487841386283e-02
614.40000000,3.659257904110e+13,-2.584858857204e-02,-2.935904442681e-02,-5.533197000560e-02,-6.284651965944e-02,1.930006178335e-03,1.809368385793e-03
614.60000000,2.569896746052e+13,-6.050053405675e-03,-6.871701571894e-03,-1.238465955548e-02,-1.406660110150e-02,5.203716804459e-02,4.878451053835e-02
614.80000000,9.273359013455e+12,1.050027055115e-02,1.192629565617e-02,3.584801368756e-02,4.071647723258e-02,4.857773531902e-02,4.554131459593e-02
615.00000000,2.247284205597e+13,-1.498772637477e-02,-1.702318574445e-02,-1.722818643118e-02,-1.956791990479e-02,4.462231831154e-04,4.183313657752e-04
615.20000000,1.697294718081e+13,-2.057821000750e-02,-2.337290410076e-02,-1.905253170164e-02,-2.164002669755e-02,1.129846224612e-02,1.059223572737e-02
615.40000000,1.808253344369e+13,-2.712931894778e-02,-3.081370876546e-02,-2.344104338387e-02,-2.662453539451e-02,-1.159731203291e-02,-1.087240548143e-02
615.60000000,2.498528177547e+13,2.937056768228e-03,3.335933793915e-03,-1.131448361693e-02,-1.285108621645e-02,2.527207604566e-02,2.369240883975e-02
615.80000000,8.727506889070e+12,2.430951045515e-02,2.761094654966e-02,-9.210869065928e-03,-1.046178301213e-02,3.426199302820e-02,3.212039822223e-02
616.00000000,1.499310716619e+13,-1.422344867935e-03,-1.615511270627e-03,-2.274442862055e-02,-2.583331445274e-02,1.782293775346e-03,1.670888957511e-03
616.20000000,3.221920332163e+13,-2.288604644664e-02,-2.599416414975e-02,-4.467932329210e-02,-5.074715339727e-02,-3.493543228570e-03,-3.275174319715e-03
616.40000000,1.386993265443e+13,-4.632587377674e-02,-5.261731728723e-02,-8.884341313561e-02,-1.009091002846e-01,-7.843861668617e-03,-7.353569892699e-03
616.60000000,4.016690202829e+13,-4.999699696518e-02,-5.678700989870e-02,-4.434533176641e-02,-5.036780299671e-02,-3.018455128182e-02,-2.829782279546e-02
616.80000000,3.793472418191e+13,-1.441863394298e-02,-1.637680577128e-02,1.822775308142e-02,2.070323616280e-02,-1.257857750120e-02,-1.179233555021e-02
617.00000000,6.260906735389e+12,-1.015458696731e-03,-1.153366533256e-03,1.736140793240e-02,1.971923401297e-02,1.427977374032e-02,1.338719608882e-02
617.20000000,1.027911899338e+13,-8.357016404124e-03,-9.491969559592e-03,6.391737512753e-04,7.259789543239e-04,1.930179492455e-02,1.809530866667e-02
617.40000000,1.846283848527e+13,-2.344742815587e-02,-2.663178621935e-02,-2.239491524117e-02,-2.543633419944e-02,-1.990129267072e-02,-1.865733395003e-02
617.60000000,1.870013384747e+13,-3.696560875498e-02,-4.198584950496e-02,-3.360922224949e-02,-3.817363897630e-02,-4.449369959095e-02,-4.171255735372e-02
617.80000000,2.254462380120e+13,-4.310023549714e-02,-4.895361018416e-02,-1.708732245646e-02,-1.940792541054e-02,-4.238893055233e-02,-3.973934990981e-02
618.00000000,1.725149441124e+13,-2.771592263529e-02,-3.147997817025e-02,2.851946496829e-03,3.239264959525e-03,-1.679231433206e-02,-1.574268674255e-02
618.20000000,1.365678094743e+13,-1.981053936468e-03,-2.250097732437e-03,3.103012697087e-02,3.524428073883e-02,5.743129044538e-02,5.384146561479e-02
618.40000000,4.099892637846e+13,2.127684985520e-02,2.416642511913e-02,3.429960852157e-02,3.895778554502e-02,6.920079575443e-02,6.487530118571e-02
618.60000000,2.471694617499e+13,2.519350342771e-02,2.861499320707e-02,1.123022385707e-03,1.275538326834e-03,4.480707574051e-02,4.200634547950e-02
618.80000000,9.358189196677e+12,1.592178231678e-02,1.808409434386e-02,-1.889812587905e-02,-2.146465125792e-02,9.666489102252e-03,9.062271395584e-03
619.00000000,1.395743415304e+13,-7.310475022902e-03,-8.303299051716e-03,-2.141499581608e-03,-2.432333342597e-03,-2.044718414242e-02,-1.916910369566e-02
619.20000000,4.234995668014e+13,1.366447374526e-02,1.552022427213e-02,1.903325007061e-03,2.161812645790e-03,-2.325457611548e-02,-2.180101562404e-02
619.40000000,3.376299740523e+13,3.680391205005e-02,4.180219302676e-02,5.590964771438e-02,6.350265088842e-02,6.125704885299e-03,5.742808952933e-03
619.60000000,-9.408501426300e+11,2.015712506000e-02,2.289463227378e-02,3.420447695090e-02,3.884973430221e-02,3.446147795335e-02,3.230741405724e-02
619.80000000,3.531419584087e+13,8.524444414154e-03,9.682135702362e-03,-3.104814693073e-03,-3.526474796168e-03,4.388114983074e-02,4.113829589109e-02
620.00000000,2.828302337550e+13,2.979039292477e-03,3.383617898257e-03,-4.073730688167e-02,-4.626977780752e-02,6.679225958016e-03,6.261731400480e-03
620.20000000,3.895097782236e+13,6.006315186568e-03,6.822023334559e-03,-3.816116358495e-02,-4.334377245606e-02,-2.345539404820e-02,-2.198928114507e-02
620.40000000,1.363482666068e+13,2.709419888963e-02,3.077381910785e-02,3.163619859532e-04,3.593266201749e-04,-1.421977613880e-02,-1.333094872307e-02
620.60000000,1.492549716427e+13,3.855503174990e-02,4.379112951825e-02,3.513899956274e-02,3.991117299112e-02,-7.995749206103e-04,-7.495963482731e-04
620.80000000,2.578797459348e+13,5.099065907130e-02,5.791561968090e-02,2.360540582636e-02,2.681121964725e-02,-5.350624946375e-03,-5.016176492532e-03
621.00000000,2.430807714757e+13,5.199997834166e-02,5.906201300202e-02,2.268746350066e-02,2.576861298763e-02,8.033707404444e-03,7.531549049678e-03
621.20000000,3.563616184456e+13,-9.856541189242e-03,-1.119514242966e-02,-1.931019357168e-02,-2.193268122945e-02,3.016935868623e-02,2.828357983475e-02
621.40000000,4.212552067742e+13,-1.672285254228e-02,-1.899395664732e-02,-5.883415834594e-02,-6.682433480608e-02,-5.375072506819e-02,-5.039095923295e-02
621.60000000,3.699110987870e+13,-1.147856771048e-02,-1.303745380251e-02,-4.777589003136e-02,-5.426426009771e-02,1.855177703854e-03,1.739217171977e-03
621.80000000,1.679048330317e+13,3.022958173904e-02,3.433501333377e-02,1.576390360079e-02,1.790477507771e-02,5.734369135278e-03,5.375934202858e-03
622.00000000,-1.595862072646e+12,4.624419227075e-02,5.252454274533e-02,3.607795346071e-02,4.097764477229e-02,4.123908253509e-02,3.866137478506e-02
622.20000000,-2.564453675157e+10,2.554658194837e-02,2.901602276212e-02,1.303937518635e-02,1.481023265416e-02,2.565486459071e-02,2.405127064011e-02
622.40000000,3.408142342229e+13,1.423187252452e-02,1.616468058051e-02,4.288462831650e-03,4.870872366026e-03,1.533470557325e-02,1.437618790092e-02
622.60000000,3.167535591177e+13,-1.054827261623e-02,-1.198081680564e-02,6.356549411792e-03,7.219822600460e-03,-9.759405691359e-03,-9.149380100588e-03
622.80000000,1.420706999869e+13,-8.320368554431e-02,-9.450344623504e-02,-3.812430884597e-02,-4.330191253172e-02,-2.269947043931e-02,-2.128060762094e-02
623.00000000,2.210104350228e+13,-4.574928257435e-02,-5.196242014730e-02,-6.154815639171e-02,-6.990691674780e-02,-4.081286664863e-02,-3.826180013129e-02
623.20000000,2.322442592176e+13,-1.516195102346e-03,-1.722107156660e-03,-1.861619206216e-02,-2.114442844344e-02,8.610946972325e-03,8.072707433976e-03
623.40000000,4.872130352125e+13,-8.928318917221e-03,-1.014085976172e-02,1.674078491112e-02,1.901432513473e-02,3.165469623583e-02,2.967607423952e-02
623.60000000,4.399617821844e+13,-1.584707875844e-02,-1.799924541363e-02,-4.182473370466e-03,-4.750488639306e-03,3.929207689469e-02,3.683606951286e-02
623.80000000,2.734541880086e+13,-1.639513528312e-02,-1.862173262649e-02,-1.047351727790e-02,-1.189590953372e-02,1.286656591251e-02,1.206232283458e-02
624.00000000,1.832912528373e+13,7.659268986687e-03,8.699462171031e-03,-1.367044417675e-02,-1.552700615251e-02,9.875031914569e-05,9.257778941615e-05
624.20000000,1.704494317148e+13,-9.938171083068e-03,-1.128785835001e-02,-2.646695480046e-02,-3.006139118170e-02,-2.235407946805e-02,-2.095680580561e-02
624.40000000,2.554363504053e+13,-1.716354972584e-02,-1.949450421706e-02,-1.657809560220e-02,-1.882954124124e-02,-5.867956416561e-02,-5.501171420340e-02
624.60000000,2.449566310788e+12,-1.298706130013e-02,-1.475081351624e-02,-4.096365573952e-02,-4.652686675526e-02,-1.145937208587e-02,-1.074308766778e-02
624.80000000,2.960976301611e+13,1.016361246793e-02,1.154391657213e-02,-4.585729836060e-03,-5.208510744614e-03,1.983041672117e-02,1.859088820293e-02
625.00000000,2.319671877844e+13,2.378037692231e-02,2.700995223018e-02,1.802917731387e-02,2.047769212600e-02,4.051108896707e-02,3.797888549470e-02
625.20000000,2.934679851798e+13,1.701179975734e-03,1.932214532580e-03,-2.615967770512e-03,-2.971238325714e-03,-2.321437385823e-03,-2.176332626628e-03
625.40000000,4.171930276668e+13,-8.258612769977e-03,-9.380201883820e-03,2.575421345257e-03,2.925185352874e-03,-2.234928242170e-02,-2.095230860549e-02
625.60000000,1.533347723982e+13,-7.996629505954e-04,-9.082639087840e-04,-4.708713291735e-03,-5.348196394051e-03,-3.109883108444e-02,-2.915495423327e-02
625.80000000,5.458138729744e+13,2.547741186570e-02,2.893745880014e-02,-7.868010084003e-03,-8.936552419422e-03,-2.946619220567e-02,-2.762436577930e-02
626.00000000,-1.252093585685e+12,6.639308477634e-02,7.540982441454e-02,3.296062397949e-02,3.743695557387e-02,1.454275545278e-02,1.363373975376e-02
626.20000000,3.503524052436e+13,2.580858893190e-02,2.931361249893e-02,1.741220876837e-02,1.977693403226e-02,1.625270571396e-02,1.523680713178e-02
626.40000000,3.348774752710e+13,1.041308829350e-03,1.182727331426e-03,2.820078250235e-02,3.203068735427e-02,2.576651450063e-02,2.415594171296e-02
626.60000000,-8.318118264138e+10,-5.143156633257e-03,-5.841640585867e-03,4.066010194410e-02,4.618208778625e-02,-1.009720144394e-02,-9.466061447225e-03
626.80000000,2.525328587170e+13,-8.701063336651e-03,-9.882740960855e-03,2.365030922169e-02,2.686222130357e-02,-4.981936317447e-02,-4.670533272903e-02
627.00000000,2.695162297660e+13,-1.504489906745e-02,-1.708812296992e-02,9.035473273335e-03,1.026256698700e-02,-5.823496103361e-02,-5.459490162513e-02
627.20000000,1.982050738966e+13,-6.400987297488e-03,-7.270295239471e-03,4.833072119095e-03,5.489444202284e-03,-5.836459189705e-02,-5.471642972631e-02
627.40000000,2.707019437473e+13,1.139050619355e-02,1.293743279051e-02,3.246781319949e-02,3.687721692060e-02,-3.282503502969e-02,-3.077325933563e-02
627.60000000,5.290738701148e+12,4.879653669740e-02,5.542351702417e-02,6.825354509665e-02,7.752295396873e-02,3.536416229632e-02,3.315367482616e-02
627.80000000,1.391893988932e+13,9.563540822750e-03,1.086235014768e-02,1.669733047817e-02,1.896496922214e-02,2.405699742902e-02,2.255328044738e-02
628.00000000,1.942684506288e+13,-2.425941289151e-02,-2.755404531529e-02,7.724799658041e-03,8.773892806006e-03,1.373988258566e-02,1.288105160184e-02
628.20000000,3.857562391138e+13,-1.531575258041e-02,-1.739576066930e-02,4.615809224184e-03,5.242675168127e-03,-2.585464401926e-03,-2.423856257016e-03
628.40000000,2.546942670598e+13,-2.674089299030e-04,-3.037253129414e-04,3.602774989987e-02,4.092062314316e-02,-1.720271834964e-03,-1.612743787089e-03
628.60000000,-1.964456102271e+12,1.130684942109e-02,1.284241472434e-02,3.689356575285e-02,4.190402411406e-02,1.293701310250e-02,1.212836662235e-02
628.80000000,1.352787006897e+13,4.998529998733e-03,5.677372437282e-03,3.097319942219e-02,3.517962194741e-02,-2.034916547423e-02,-1.907721182432e-02
629.00000000,6.749344910020e+12,-2.542308220083e-02,-2.887575070957e-02,2.040758557752e-02,2.317910835399e-02,4.347826426069e-03,4.076059325899e-03
629.20000000,3.402407784801e+13,2.497243954376e-02,2.836390698732e-02,4.076906649929e-04,4.630585064995e-04,2.288794490036e-02,2.145730121663e-02
629.40000000,5.156139894408e+13,4.956828407783e-03,5.630007419344e-03,6.348587535916e-04,7.210779434484e-04,-5.227406122480e-04,-4.900659637198e-04
629.60000000,2.686380225439e+13,1.386659040382e-02,1.574979007382e-02,3.298870274077e-02,3.746884766849e-02,1.726838430764e-02,1.618899928441e-02
629.80000000,-5.226718464200e+12,1.038636529938e-02,1.179692111265e-02,3.707227643302e-02,4.210700521655e-02,2.132855216650e-02,1.999538055266e-02
630.00000000,3.637765479860e+13,-1.127968986553e-03,-1.281156667257e-03,5.643975482386e-02,6.410475102825e-02,1.553421329908e-02,1.456322511141e-02
630.20000000,1.894560646446e+13,-2.148170920653e-02,-2.439910609434e-02,2.654792623880e-02,3.015335922641e-02,6.767027853795e-03,6.344045113368e-03
630.40000000,3.024911484286e+13,-3.193030628262e-02,-3.626671058268e-02,-1.275540469302e-02,-1.448769656534e-02,-6.045815526418e-02,-5.667913192523e-02
630.60000000,1.816574304502e+13,-3.838742437923e-02,-4.360075965616e-02,-1.968208920208e-02,-2.235508343282e-02,-5.220394619093e-02,-4.894086397847e-02
630.80000000,2.970222543692e+13,-3.180155890515e-02,-3.612047822788e-02,-3.658630155790e-02,-4.155503084188e-02,-4.957374833811e-02,-4.647507039880e-02
631.00000000,1.626042506847e+13,2.530412473549e-02,2.874063781936e-02,3.110733076816e-02,3.533196946495e-02,1.758353490723e-02,1.648445094568e-02
631.20000000,3.264188946771e+13,4.700263736447e-02,5.338599106542e-02,5.322718848179e-02,6.045589099754e-02,1.867189188654e-02,1.750477861765e-02
631.40000000,4.314664807996e+13,-1.952992369725e-02,-2.218225168781e-02,-7.287720765593e-03,-8.277454902128e-03,-2.393680473523e-02,-2.244060056957e-02
631.60000000,-2.201523897036e+13,-5.001805826028e-03,-5.681093149490e-03,2.404890673759e-02,2.731495173440e-02,-1.664436282044e-02,-1.560398315147e-02
631.80000000,2.122899350839e+13,-1.277176904604e-03,-1.450628276226e-03,-2.316484682440e-03,-2.631082900555e-03,-4.845653637645e-02,-4.542769136636e-02
632.00000000,4.453310227087e+13,2.230008030813e-03,2.532861887848e-03,-1.669655907948e-02,-1.896409306098e-02,-6.877110637820e-02,-6.447247015761e-02
632.20000000,9.781927468824e+12,4.413333512766e-03,5.012701343847e-03,-1.281926996167e-02,-1.456023527780e-02,-4.608770949939e-02,-4.320693139632e-02
632.40000000,2.182546936293e+13,-3.175874913743e-02,-3.607185453345e-02,-2.415677434481e-02,-2.743746867527e-02,-4.924527505743e-02,-4.616712880963e-02
632.60000000,1.255919110509e+13,7.609068687224e-03,8.642444248445e-03,-1.025566063902e-02,-1.164846612014e-02,-8.422364209591e-03,-7.895912306153e-03
632.80000000,3.028310150279e+13,5.178287252628e-02,5.881542238988e-02,1.987090029066e-02,2.256953666463e-02,2.402009660623e-02,2.251868616322e-02
633.00000000,2.779424953418e+13,2.414331305026e-02,2.742217813856e-02,1.232710549948e-02,1.400123071777e-02,7.794564840657e-03,7.307354433375e-03
633.20000000,3.268052095723e+13,3.436800895365e-02,3.903547379073e-02,9.834026042518e-03,1.116956997826e-02,-2.270903542094e-02,-2.128957472972e-02
633.40000000,3.370435992655e+13,-3.236586702868e-03,-3.676142414347e-03,-9.085703879169e-03,-1.031961933407e-02,-3.562108255081e-02,-3.339453591322e-02
633.60000000,3.297817039905e+13,-1.423942672284e-02,-1.617326070253e-02,-1.736637212355e-02,-1.972487238327e-02,-3.661143944764e-02,-3.432298913782e-02
633.80000000,4.900712522984e+12,-3.255112079643e-03,-3.697183693187e-03,-1.764132747274e-02,-2.003716899510e-02,-2.048745450690e-02,-1.920685690350e-02
634.00000000,2.302511822729e+13,-6.208027242862e-03,-7.051129585588e-03,-2.708859554682e-02,-3.076745600071e-02,-6.432352953277e-02,-6.030289545477e-02
634.20000000,1.820518586956e+13,1.119165826434e-01,1.271157963913e-01,9.967404776597e-03,1.132106267286e-02,9.793417944275e-02,9.181266369061e-02
634.40000000,8.393324026676e+12,2.806613319530e-02,3.187775027147e-02,7.340046017326e-02,8.336886365737e-02,4.404046322720e-02,4.128765117618e-02
634.60000000,2.704987203481e+13,1.359523117799e-02,1.544157798151e-02,1.955986614651e-03,2.221626145226e-03,1.491338822235e-02,1.398120559275e-02
634.80000000,3.225705658486e+13,1.919877016788e-03,2.180612472236e-03,-2.159165459567e-02,-2.452398396242e-02,-7.396028275007e-03,-6.933728964936e-03
635.00000000,2.935536211838e+13,3.306158677856e-03,3.755162849017e-03,-3.552274901699e-02,-4.034703886790e-02,1.364165333782e-03,1.278896231342e-03
635.20000000,9.048736310813e+12,5.546104603833e-02,6.299312281824e-02,-4.768146297181e-03,-5.415700904459e-03,1.477559002672e-02,1.385202067013e-02
635.40000000,2.525913895131e+13,1.388512572076e-01,1.577084264278e-01,1.121828574789e-01,1.274182386292e-01,1.027092449769e-01,9.628925693395e-02
635.60000000,2.889099047405e+13,1.182875304534e-01,1.343519725281e-01,2.278282868631e-01,2.587692957230e-01,1.173415526602e-01,1.100069513282e-01
635.80000000,4.928001437836e+13,5.625965780114e-02,6.390019277908e-02,9.466345686445e-02,1.075195551913e-01,1.091829524422e-01,1.023583160687e-01
636.00000000,1.378266141832e+13,-3.245374268890e-03,-3.686123405786e-03,7.116623127757e-03,8.083120757532e-03,2.068845744269e-02,1.939529586372e-02
636.20000000,7.713478609519e+12,-7.491130537804e-03,-8.508489105833e-03,-4.298968974927e-04,-4.882805332441e-04,7.203200319347e-03,6.752953996035e-03
636.40000000,3.801639829918e+13,3.964002164752e-04,4.502347017466e-04,-6.350664817184e-03,-7.213138828118e-03,-2.494880694008e-02,-2.338934613130e-02
636.60000000,3.527685865581e+13,4.011434309797e-03,4.556220846965e-03,-1.039243377752e-02,-1.180381420799e-02,-2.509869006672e-02,-2.352986059906e-02
636.80000000,1.304277177774e+13,-2.000832545496e-03,-2.272562443017e-03,-2.280010390342e-02,-2.589655091005e-02,-1.687893273209e-02,-1.582389093579e-02
637.00000000,2.713085600005e+13,-1.745780838847e-02,-1.982872568238e-02,-9.303474487881e-03,-1.056696503386e-02,-1.179458862793e-02,-1.105735102114e-02
637.20000000,1.682411756146e+13,1.899041905293e-02,2.156947777264e-02,3.916014988013e-02,4.447842954189e-02,4.342632251594e-02,4.071189820717e-02
637.40000000,3.888530887753e+13,7.041153819244e-03,7.997401762152e-03,3.783166498285e-02,4.296952515613e-02,1.228563437753e-03,1.151770325487e-03
637.60000000,2.089942364924e+13,-1.791510366516e-02,-2.034812550598e-02,1.220732947069e-02,1.386518809092e-02,-1.327680245003e-02,-1.244691695144e-02
637.80000000,3.118219326978e+13,-1.092848615214e-02,-1.241266653938e-02,2.394440404458e-02,2.719625669155e-02,-8.214704959085e-03,-7.701233093671e-03
638.00000000,1.062232850998e+13,-9.657383702582e-03,-1.096893768032e-02,1.860028643772e-02,2.112636270064e-02,-2.928598081559e-02,-2.745541875953e-02
638.20000000,2.117204608500e+13,-2.229958089053e-02,-2.532805163576e-02,-1.348326961905e-02,-1.531441170631e-02,-4.208634588638e-02,-3.945567873055e-02
638.40000000,2.680692823278e+13,-9.938624409195e-03,-1.128837324164e-02,-3.329345273941e-02,-3.781498529523e-02,-4.758529242662e-02,-4.461090576389e-02
638.60000000,4.644562250428e+13,-1.380177796883e-02,-1.567617556473e-02,4.491495485922e-03,5.101478572473e-03,-4.600259232539e-02,-4.312713459285e-02
638.80000000,3.040710094263e+13,-1.565831311900e-02,-1.778484381181e-02,3.032776355212e-02,3.444653042558e-02,-2.277838807702e-02,-2.135459239899e-02
639.00000000,3.238353487356e+13,-1.113575540625e-02,-1.264808470246e-02,4.690641201577e-02,5.327669961153e-02,6.702809308323e-03,6.283840639796e-03
639.20000000,1.743376499284e+13,-1.384676278458e-02,-1.572726969702e-02,3.341058539519e-02,3.794802555664e-02,9.950803662983e-03,9.328814468649e-03
639.40000000,4.187168724554e+13,-2.426662006745e-02,-2.756223128636e-02,1.337475679845e-02,1.519116192662e-02,1.904169267111e-02,1.785146447605e-02
639.60000000,7.242980217528e+12,7.469166438379e-03,8.483542096871e-03,3.547420901621e-03,4.029190672436e-03,-5.585972664631e-03,-5.236813465542e-03
639.80000000,2.495310938188e+13,-1.212691083122e-02,-1.377384737512e-02,-3.249803279453e-03,-3.691154059231e-03,1.570139832395e-03,1.471995999754e-03
640.00000000,2.704721367951e+13,-1.907762787021e-02,-2.166853028121e-02,-1.744971450418e-02,-1.981953336430e-02,-1.536446547184e-02,-1.440408761454e-02
640.20000000,1.630527501690e+13,-1.522913034057e-02,-1.729737440032e-02,-3.350574770594e-03,-3.805611171429e-03,1.353801067615e-02,1.269179798434e-02
640.40000000,2.503621406442e+13,1.165178875854e-02,1.323419972662e-02,-1.064677089306e-02,-1.209269245560e-02,-1.284974440282e-02,-1.204655277738e-02
640.60000000,2.917098975319e+13,-2.105960494745e-02,-2.391967652470e-02,4.910839667510e-02,5.577773241713e-02,4.160240421285e-03,3.900198652247e-03
640.80000000,1.434196058247e+13,9.988350209496e-03,1.134485222409e-02,4.240553680483e-02,4.816456746803e-02,3.678077390637e-02,3.448173910438e-02
641.00000000,1.414880048084e+13,1.264115017449e-02,1.435792474875e-02,1.954171657420e-02,2.219564701447e-02,5.563145157761e-02,5.215412824592e-02
641.20000000,2.317108008330e+13,2.709422291290e-02,3.077384639369e-02,1.521721352828e-02,1.728383986817e-02,1.984772654740e-02,1.860711605375e-02
641.40000000,2.082470975600e+13,2.809040605355e-02,3.190531958813e-02,9.267287167465e-03,1.052586316917e-02,3.268806349642e-02,3.064484940366e-02
641.60000000,1.934742714291e+13,8.326428139114e-03,9.457227150781e-03,-1.602407495218e-02,-1.820027989975e-02,5.205362522363e-03,4.879993903791e-03
641.80000000,3.048079556531e+13,2.198057225332e-02,2.496571894103e-02,-4.822887219292e-02,-5.477876106919e-02,-1.881231404169e-02,-1.763642348544e-02
642.00000000,2.596702923287e+13,9.162101097515e-03,1.040639152947e-02,2.422474224176e-02,2.751466718766e-02,3.055020202908e-02,2.864061802055e-02
642.20000000,1.442415862114e+13,3.432788774811e-02,3.898990378784e-02,1.810158797025e-02,2.055993676213e-02,3.245210001350e-02,3.042363515524e-02
642.40000000,2.979155106524e+13,5.435691947469e-02,6.173904657557e-02,2.660196645597e-02,3.021473856227e-02,6.537472075899e-02,6.128838047213e-02
642.60000000,1.490590861775e+13,4.772817866678e-02,5.421006698232e-02,6.451654160852e-03,7.327843379060e-03,5.150482145718e-02,4.828543903466e-02
642.80000000,1.224127065187e+13,1.123515220343e-02,1.276098042116e-02,-1.572160106098e-02,-1.785672749510e-02,-1.424449627623e-02,-1.335412369300e-02
643.00000000,7.858191272098e+12,1.187294699843e-03,1.348539311664e-03,1.797181831790e-03,2.041254329310e-03,1.688019092047e-02,1.582507047931e-02
643.20000000,4.572399768094e+13,1.977358773130e-02,2.245900734822e-02,-7.672257776213e-04,-8.714215292100e-04,3.803496568776e-02,3.565753583728e-02
643.40000000,3.748634918758e+13,5.486448270696e-02,6.231554116613e-02,4.782404389673e-02,5.431895366540e-02,7.607683026287e-02,7.132153933710e-02
643.60000000,1.351398938986e+13,8.179294714542e-02,9.290111768963e-02,7.969401076017e-02,9.051713165954e-02,9.761264684065e-02,9.151122894301e-02
643.80000000,8.484696644717e+12,7.199166810621e-02,8.176874247503e-02,6.386429644356e-02,7.253760821403e-02,5.160029411565e-02,4.837494403827e-02
644.00000000,3.648835741753e+13,2.927805087545e-02,3.325425657138e-02,2.185362568837e-02,2.482153294587e-02,5.260965739215e-02,4.932121562164e-02
644.20000000,3.476125844218e+13,4.163125576416e-03,4.728513064137e-03,2.169261957237e-02,2.463866083716e-02,2.556064771338e-02,2.396294292326e-02
644.40000000,3.868713078587e+13,5.118111362286e-03,5.813193956333e-03,-9.200200876449e-03,-1.044966599226e-02,-1.051215605569e-02,-9.855078728345e-03
644.60000000,8.668576135547e+12,2.317958316056e-02,2.632756561965e-02,7.707305260706e-03,8.754022521506e-03,-1.998713857945e-02,-1.873781393763e-02
644.80000000,5.912447402602e+12,3.186882278339e-02,3.619687710685e-02,1.298630409570e-02,1.474995406040e-02,4.379166001190e-03,4.105439976119e-03
645.00000000,3.240671460347e+13,3.369338062325e-02,3.826922525577e-02,2.862297727204e-02,3.251021974560e-02,1.144537419134e-02,1.072996473164e-02
645.20000000,1.258818813165e+13,2.311959045228e-02,2.625942539672e-02,1.795896558475e-02,2.039794505005e-02,3.751107369194e-02,3.516639045886e-02
645.40000000,1.627915294974e+13,-2.754341945349e-02,-3.128404760467e-02,2.343413916255e-03,2.661669352152e-03,1.962870940889e-02,1.840178889427e-02
645.60000000,1.005002947662e+13,-3.226049979776e-02,-3.664174715589e-02,-2.589207571731e-02,-2.940843865539e-02,1.027240457223e-03,9.630313253766e-04
645.80000000,4.445979401706e+13,2.846759557563e-02,3.233373462153e-02,-5.062188238081e-03,-5.749676228628e-03,1.718053107994e-02,1.610663744817e-02
646.00000000,1.444823170525e+13,3.651095944954e-02,4.146945499778e-02,-1.371077236395e-02,-1.557281124872e-02,1.402208856377e-02,1.314561789225e-02
646.20000000,2.301744998388e+13,2.774002141429e-02,3.150734976623e-02,-5.358782094880e-03,-6.086550040464e-03,-8.910840770822e-03,-8.353855942299e-03
646.40000000,1.578543892498e+13,1.021554448497e-02,1.160290139410e-02,1.196708073447e-02,1.359231154374e-02,8.708097871828e-03,8.163785777758e-03
646.60000000,1.002997243618e+13,7.280523496364e-03,8.269279855820e-03,1.642694752950e-02,1.865786598150e-02,2.226879418825e-03,2.087685140403e-03
646.80000000,3.920057858210e+13,8.217836891520e-03,9.333888297923e-03,3.318472714091e-02,3.769149384059e-02,2.301190215063e-02,2.157351034194e-02
647.00000000,3.015052274419e+13,-1.082920151521e-02,-1.229989821323e-02,-1.076418384692e-02,-1.222605108195e-02,-2.161124559247e-02,-2.026040382231e-02
647.20000000,1.517618383817e+13,-1.599611268482e-02,-1.816851940139e-02,-4.277048445347e-02,-4.857907809494e-02,-3.965381367850e-02,-3.717519542238e-02
647.40000000,4.975782757658e+13,2.166328047043e-02,2.460533626388e-02,-2.464769949974e-02,-2.799506561963e-02,3.288571074310e-03,3.083014242692e-03
647.60000000,2.789149482667e+13,2.968973125935e-02,3.372184661588e-02,-2.579733689562e-02,-2.930083350019e-02,2.118056455858e-02,1.985664312153e-02
647.80000000,2.552430540787e+13,4.409211745579e-02,5.008019805990e-02,1.082084166923e-02,1.229040351587e-02,1.399726841032e-02,1.312234915794e-02
648.00000000,2.816831886688e+13,2.797184754816e-02,3.177065983999e-02,2.024213208372e-02,2.299118487593e-02,2.364307846617e-02,2.216523408045e-02
648.20000000,1.356829671182e+13,3.677499539580e-03,4.176934924753e-03,-5.454187294898e-03,-6.194912073804e-03,-4.648631708750e-02,-4.358062344786e-02
648.40000000,4.059053378935e+13,-7.592993592489e-03,-8.624186020565e-03,-2.869984420796e-03,-3.259752586173e-03,-4.667871294455e-02,-4.376099332710e-02
648.60000000,6.816199006980e+12,-4.875003103403e-02,-5.537069550035e-02,-4.190110813640e-02,-4.759163311879e-02,-1.858588292554e-02,-1.742414576959e-02
648.80000000,3.098717824271e+13,-2.390457831657e-02,-2.715102121898e-02,-4.170609925227e-02,-4.737014037835e-02,-2.498454772591e-02,-2.342285288827e-02
649.00000000,4.088203967652e+13,-1.870618394382e-02,-2.124664114375e-02,-1.437093820226e-02,-1.632263319309e-02,-7.066946722263e-03,-6.625217124629e-03
649.20000000,3.039499436265e+13,-9.694843999276e-03,-1.101148540054e-02,-1.442923582168e-02,-1.638884812245e-02,-2.464528103545e-04,-2.310479254679e-04
649.40000000,4.162734167191e+13,-6.212310122866e-03,-7.055994116738e-03,1.677493721021e-02,1.905311560497e-02,-1.144481755140e-02,-1.072944288527e-02
649.60000000,3.579700010620e+13,1.743372134837e-02,1.980136741953e-02,3.732749103576e-02,4.239688012155e-02,-1.490837402252e-02,-1.397650481264e-02
649.80000000,-1.807950872554e+12,3.132298849642e-02,3.557691393029e-02,4.173539477982e-02,4.740341448640e-02,8.373966517756e-03,7.850539781166e-03
650.00000000,4.134092079896e+13,5.082383250230e-02,5.772613665992e-02,4.005235806875e-02,4.549180715091e-02,3.935064665741e-02,3.689097828891e-02
650.20000000,2.907404104926e+13,2.552433655515e-02,2.899075625731e-02,1.564235670909e-02,1.776672108978e-02,5.663990729329e-02,5.309954899684e-02
650.40000000,1.876562869699e+13,-2.971021423929e-02,-3.374511135686e-02,-1.173044930560e-04,-1.332354356480e-04,3.392822111338e-02,3.180748919763e-02
650.60000000,2.948520205130e+13,-5.445427995939e-02,-6.184962943342e-02,-1.345147311791e-02,-1.527829697131e-02,-9.812426319503e-03,-9.199086598648e-03
650.80000000,5.216899403224e+13,-4.272300086601e-02,-4.852514391553e-02,-1.488370931982e-02,-1.690504296663e-02,2.336076689874e-03,2.190056880073e-03
651.00000000,1.744491482435e+13,-1.517143250171e-02,-1.723184070939e-02,-1.831872001245e-03,-2.080655717267e-03,-6.953104745763e-03,-6.518491003455e-03
651.20000000,2.651705059347e+13,-2.533386811770e-02,-2.877442060318e-02,-1.485930497639e-02,-1.687732430690e-02,-1.445778029824e-02,-1.355407609262e-02
651.40000000,2.080543485121e+13,-1.126368430691e-02,-1.279338742440e-02,-3.464924601301e-02,-3.935490676585e-02,-4.353374279576e-02,-4.081260402899e-02
651.60000000,2.693053802837e+13,-2.645362407774e-02,-3.004624884580e-02,-2.142634909880e-02,-2.433622858054e-02,-3.167842024857e-02,-2.969831534895e-02
651.80000000,2.508999770978e+13,-3.098040617022e-02,-3.518780604120e-02,-2.118889782982e-02,-2.406652942032e-02,-4.429655250552e-02,-4.152773322842e-02
652.00000000,3.415352587463e+13,-3.437839408251e-02,-3.904726930748e-02,-2.484919793714e-03,-2.822392924957e-03,1.462360681366e-02,1.370953738487e-02
652.20000000,5.339420670711e+13,-6.628716517555e-03,-7.528952004060e-03,3.903472927677e-04,4.433597575954e-04,1.480079703684e-02,1.387565208008e-02
652.40000000,2.336790371505e+13,1.122067175669e-02,1.274453340790e-02,4.899432895568e-03,5.564817333637e-03,3.756741093058e-02,3.521920625794e-02
652.60000000,2.355581307781e+13,5.284522802234e-03,6.002205470247e-03,-8.116323217643e-03,-9.218588577422e-03,-3.915877541814e-02,-3.671110023547e-02
652.80000000,3.838912313352e+13,3.901735697546e-03,4.431624240011e-03,1.244206817655e-02,1.413180629900e-02,-4.360618523057e-02,-4.088051834595e-02
653.00000000,7.201024441342e+12,9.079869272299e-03,1.031299193038e-02,2.819219930336e-02,3.202093848424e-02,-2.215933009501e-02,-2.077422952027e-02
653.20000000,4.349754883584e+13,2.480893851539e-02,2.817820114338e-02,5.287680349442e-02,6.005792076450e-02,1.747171980552e-03,1.637962500660e-03
653.40000000,2.146648733257e+13,6.941734771634e-02,7.884480771224e-02,2.025291335331e-02,2.300343033315e-02,-1.671944755562e-02,-1.567437460804e-02
653.60000000,4.939645374745e+13,6.608761924843e-02,7.506287409732e-02,2.840655336619e-02,3.226440364231e-02,4.020400721078e-02,3.769099832215e-02
653.80000000,1.556799274518e+13,3.239864392091e-02,3.679865241350e-02,1.644119903571e-03,1.867405296283e-03,2.249433306919e-03,2.108829265510e-03
654.00000000,1.888122943573e+13,2.679091680035e-02,3.042934875861e-02,-3.209534003125e-03,-3.645415874486e-03,-8.239544977002e-03,-7.724520450793e-03
654.20000000,2.010257853548e+13,1.943630763571e-02,2.207592177730e-02,1.840783771708e-02,2.090777781556e-02,-1.130058924292e-03,-1.059422977319e-03
654.40000000,-4.346170709188e+11,3.043089102464e-02,3.456366211446e-02,3.618016672607e-02,4.109373946385e-02,1.347926830583e-02,1.263672738977e-02
654.60000000,4.779778046406e+13,8.381804137247e-02,9.520123675472e-02,3.437556865566e-02,3.904406170798e-02,4.326826200473e-02,4.056371749395e-02
654.80000000,3.679266080048e+13,1.253291754988e-01,1.423499322290e-01,2.386200710233e-02,2.710266954743e-02,5.768579612323e-02,5.408006305177e-02
655.00000000,1.839446749122e+13,8.675315527486e-02,9.853496382527e-02,3.954538817581e-03,4.491598645737e-03,5.062409995578e-02,4.745976828853e-02
655.20000000,2.422565358547e+13,4.068543366922e-02,4.621085794645e-02,2.846612191394e-03,3.233206210282e-03,1.809594068789e-02,1.696482807122e-02
655.40000000,1.600648625758e+13,2.007335931474e-02,2.279949043539e-02,7.686425974053e-03,8.730307651079e-03,5.265218036688e-03,4.936108063711e-03
655.60000000,5.207865003101e+13,7.460032768937e-04,8.473167998259e-04,-1.316466125214e-02,-1.495253362764e-02,-1.701979072289e-02,-1.595594439670e-02
655.80000000,3.483347666037e+13,8.394364222364e-03,9.534389525847e-03,-8.553240037321e-05,-9.714842397630e-05,-8.729865669120e-03,-8.184192947791e-03
656.00000000,3.709739166206e+13,2.593975701930e-02,2.946259431643e-02,-7.001223391687e-03,-7.952048760983e-03,-1.210756751805e-02,-1.135076671874e-02
656.20000000,4.311196616485e+13,4.539204629674e-02,5.155666817689e-02,1.442686276055e-02,1.638615277955e-02,2.057899520293e-02,1.929267571759e-02
656.40000000,1.042013514168e+13,5.524233156297e-02,6.274470507655e-02,1.927840370943e-02,2.189657403496e-02,4.453973792294e-02,4.175571799402e-02
656.60000000,3.122398952965e+13,5.124681783984e-02,5.820656696590e-02,1.698772325394e-02,1.929479979367e-02,4.063910339224e-02,3.809889819540e-02
656.80000000,3.201472534892e+13,1.634681204612e-02,1.856684668724e-02,1.274460119559e-02,1.447542586156e-02,1.747364955078e-02,1.638143413037e-02
657.00000000,3.761817894572e+13,1.670626754060e-02,1.897511926284e-02,2.391666611624e-03,2.716475171787e-03,3.370615660382e-02,3.159930514738e-02
657.20000000,4.620767963852e+13,-8.754199823944e-03,-9.943093830288e-03,-2.818877953102e-02,-3.201705427789e-02,1.722684261273e-02,1.615005421246e-02
657.40000000,3.167352738133e+13,-1.974310347392e-02,-2.242438307215e-02,-2.279381191657e-02,-2.588940441816e-02,1.779600914289e-03,1.668364417580e-03
657.60000000,1.487074721936e+13,-1.471653736497e-02,-1.671516698495e-02,-4.106648409711e-02,-4.664366007376e-02,9.747833771392e-03,9.138531500006e-03
657.80000000,4.068443448850e+13,2.901715704706e-03,3.295793116557e-03,-7.358426177464e-03,-8.357762707124e-03,1.274373981358e-02,1.194717415638e-02
658.00000000,4.340918484040e+13,7.355910688231e-04,8.354905262762e-04,-2.330919769742e-02,-2.647478394839e-02,-1.160757927132e-02,-1.088203095144e-02
658.20000000,2.217055157974e+13,1.260773576254e-02,1.431997237846e-02,-1.583073466472e-02,-1.798068236552e-02,1.607416754631e-02,1.506942874728e-02
658.40000000,3.939706231245e+13,-1.725420868860e-02,-1.959747542990e-02,-8.841692907053e-03,-1.004246960753e-02,2.413158226257e-02,2.262320324939e-02
658.60000000,3.401361080456e+13,-2.054736701184e-02,-2.333787236673e-02,-1.382257516446e-02,-1.569979781543e-02,5.470873533719e-03,5.128908770190e-03
658.80000000,9.260570672014e+12,-1.851073032401e-02,-2.102464327755e-02,-2.225133105800e-02,-2.527325006942e-02,4.765492164365e-04,4.467618270730e-04
659.00000000,2.921617342146e+13,4.049204694137e-03,4.599120767353e-03,1.343758209464e-02,1.526251942955e-02,5.208493761295e-03,4.882929420163e-03
659.20000000,4.028864941363e+12,-5.737226399015e-03,-6.516390025160e-03,1.156579648332e-03,1.313652949629e-03,1.325227215881e-02,1.242391996110e-02
659.40000000,2.639702975472e+13,-2.327050594308e-02,-2.643083648119e-02,-2.923907279541e-02,-3.320998625341e-02,1.110146241631e-03,1.040754965327e-03
659.60000000,2.652429299082e+13,-1.102076903569e-01,-1.251748221512e-01,-8.368538994210e-02,-9.505057390278e-02,-1.213185682298e-01,-1.137353778598e-01
659.80000000,1.432891055627e+13,-1.111950768273e-01,-1.262963040135e-01,-1.148292129017e-01,-1.304239915075e-01,-1.292031179286e-01,-1.211270925192e-01
660.00000000,7.898898266231e+12,-5.971230390696e-02,-6.782173728154e-02,-7.593361907869e-02,-8.624604697354e-02,-9.637513760930e-02,-9.035107199353e-02
660.20000000,1.700436607219e+13,-1.313883027356e-03,-1.492319399346e-03,9.879779157936e-03,1.122153675384e-02,-1.921866443417e-02,-1.801737436630e-02
660.40000000,1.030178634383e+12,1.861361233307e-02,2.114149752923e-02,1.810483286785e-03,2.056362234428e-03,6.557446720813e-03,6.147564148419e-03
660.60000000,6.585482353738e+13,-8.861251493898e-03,-1.006468401791e-02,-1.411110878309e-02,-1.602751674056e-02,7.106845732170e-05,6.662622189971e-05
660.80000000,3.672727171508e+13,-9.400625162686e-02,-1.067730916997e-01,-6.771508686206e-02,-7.691136855034e-02,-8.376114844495e-02,-7.852553823674e-02
661.00000000,4.726424044993e+13,-1.564580275681e-01,-1.777063443715e-01,-1.701152787896e-01,-1.932183728817e-01,-1.487500451337e-01,-1.394522111231e-01
661.20000000,4.417213030940e+13,-1.506467761902e-01,-1.711058761525e-01,-5.464275996783e-02,-6.206370906759e-02,-2.128596368936e-01,-1.995545412911e-01
661.40000000,3.659600535063e+13,-4.640002567562e-03,-5.270153963799e-03,4.355254277473e-02,4.946734655270e-02,-3.918526022787e-02,-3.673592957435e-02
661.60000000,5.617300032836e+12,1.576443273472e-02,1.790537536439e-02,-6.910698003564e-03,-7.849229259277e-03,-2.146895453974e-02,-2.012700687504e-02
661.80000000,3.983796957401e+13,3.581656530649e-02,4.068075628649e-02,1.991497609647e-03,2.261959833777e-03,1.454447657814e-02,1.363535329772e-02
662.00000000,1.543181377344e+12,1.882361829045e-02,2.138002406291e-02,-1.572318203860e-02,-1.785852318284e-02,1.122951928642e-02,1.052760214582e-02
662.20000000,3.283581164110e+12,-1.135186188706e-02,-1.289354026199e-02,-2.329414141936e-02,-2.645768290038e-02,-2.025433463107e-02,-1.898830851844e-02
662.40000000,1.948421416873e+13,-8.642002375543e-03,-9.815659024206e-03,-6.577794359679e-03,-7.471114484076e-03,-3.045710760048e-04,-2.855334259214e-04
662.60000000,2.283842921911e+13,-1.030230498499e-02,-1.170144470016e-02,-2.366862521448e-02,-2.688302476314e-02,-2.443170702626e-02,-2.290456828610e-02
662.80000000,4.422007697788e+13,-1.056684239467e-02,-1.200190851627e-02,-2.153196919961e-02,-2.445619278462e-02,-3.344705171694e-02,-3.135639598149e-02
663.00000000,2.982581487148e+13,1.011973747619e-02,1.149408298728e-02,1.030510244368e-02,1.170462254016e-02,-5.047534010175e-02,-4.732030688163e-02
663.20000000,1.059746806858e+13,4.654278352226e-02,5.286368520158e-02,2.015136484017e-02,2.288809067279e-02,-4.289031786938e-03,-4.020939729654e-03
663.40000000,1.660513634095e+12,4.937975690721e-02,5.608594344652e-02,1.668641663163e-02,1.895257318290e-02,1.791264052254e-02,1.679298534449e-02
663.60000000,2.486479239718e+12,1.766638291441e-02,2.006562638419e-02,9.873398921311e-04,1.121429002711e-03,1.927267657086e-02,1.806801039726e-02
663.80000000,2.355244585109e+13,-1.609725418976e-02,-1.828339677386e-02,-2.870082643113e-02,-3.259864147912e-02,-2.029259322689e-02,-1.902417570609e-02
664.00000000,4.636902039302e+13,-1.766766160962e-02,-2.006707873697e-02,-3.773623292286e-02,-4.286113261500e-02,-1.784229754967e-02,-1.672703925960e-02
664.20000000,3.214590097148e+13,-3.794556325709e-02,-4.309889007518e-02,-4.204766453933e-02,-4.775809312115e-02,-6.505762047662e-02,-6.099110099578e-02
664.40000000,3.064014573227e+13,-2.969009165107e-02,-3.372225595182e-02,-6.698097172300e-02,-7.607755436454e-02,-4.900523888257e-02,-4.594209643870e-02
664.60000000,2.677275372161e+13,2.091325460796e-02,2.375345057751e-02,2.006544190591e-02,2.279049867712e-02,-1.101567099155e-03,-1.032712074404e-03
664.80000000,4.540991168240e+13,4.610026220478e-03,5.236106576518e-03,4.979380791525e-03,5.655622830251e-03,-4.156089549833e-03,-3.896307236943e-03
665.00000000,1.269778254480e+13,-3.008840373507e-03,-3.417466216879e-03,4.722394825057e-03,5.363735995349e-03,-1.245731669554e-02,-1.167865432440e-02
665.20000000,3.705227153190e+13,-4.825826913831e-02,-5.481214820081e-02,-2.409219304123e-02,-2.736411668429e-02,-3.736918232018e-02,-3.503336820994e-02
665.40000000,5.688038999923e+12,-2.372392874898e-02,-2.694583791988e-02,1.724331219156e-02,1.958509987139e-02,-1.546830055835e-02,-1.450143234068e-02
665.60000000,4.961125368809e+13,-6.602798366595e-03,-7.499513950088e-03,4.083555982382e-02,4.638137433047e-02,-1.138752399925e-03,-1.067573054842e-03
665.80000000,2.551478758267e+13,-8.420912420400e-04,-9.564543192586e-04,1.872752222018e-02,2.127087817882e-02,-2.614522005183e-02,-2.451097573282e-02
666.00000000,5.084616406614e+13,-1.314548330205e-02,-1.493075055921e-02,-3.936480136068e-02,-4.471087442492e-02,1.519359127561e-02,1.424389415398e-02
666.20000000,3.660855212821e+13,-1.602928795139e-03,-1.820620014835e-03,-3.851891345951e-02,-4.375010779028e-02,-2.692305476699e-03,-2.524019077824e-03
666.40000000,1.595588399675e+13,-3.446241130684e-02,-3.914269677791e-02,-2.470710992908e-02,-2.806254448791e-02,-3.458380964234e-02,-3.242209922930e-02
666.60000000,2.421777449526e+13,-1.503391758630e-02,-1.707565011122e-02,1.720995296116e-02,1.954721017527e-02,-7.701130521013e-04,-7.219760359316e-04
666.80000000,5.285760950711e+12,1.260202303354e-03,1.431348381279e-03,4.160917612916e-02,4.726005427513e-02,-1.069127873886e-02,-1.002300509239e-02
667.00000000,2.314027012628e+13,2.025680337587e-02,2.300784774378e-02,5.470794860619e-02,6.213775087456e-02,1.596460351498e-02,1.496671317220e-02
667.20000000,4.257484437097e+13,9.144293178712e-03,1.038616514543e-02,2.043592665149e-02,2.321129838557e-02,-1.407359475990e-02,-1.319390462003e-02
667.40000000,1.528099656760e+13,-1.477321693748e-02,-1.677954412039e-02,-6.141703718916e-02,-6.975799044824e-02,-8.261191262083e-02,-7.744813703910e-02
667.60000000,1.750170407869e+13,-4.032970104291e-02,-4.580681383584e-02,-6.676130864788e-02,-7.582805918538e-02,-4.055545598920e-02,-3.802047929276e-02
667.80000000,1.964501309940e+13,9.943679252147e-03,1.129411457481e-02,-4.381845504798e-02,-4.976937196236e-02,1.218177893172e-02,1.142033944202e-02
668.00000000,2.894239684793e+13,2.185934194440e-02,2.482802453595e-02,1.426411163529e-03,1.620129867454e-03,-4.783497109467e-03,-4.484497791021e-03
668.20000000,4.536126245723e+13,3.726776779639e-02,4.232904428700e-02,1.749023340151e-02,1.986555507070e-02,-6.927270468287e-03,-6.494271534388e-03
668.40000000,3.138414668899e+13,1.689399984584e-02,1.918834719497e-02,-6.628796613077e-04,-7.529043274977e-04,-3.011180157816e-02,-2.822962041592e-02
668.60000000,2.845642665069e+13,3.507872199952e-03,3.984270764918e-03,4.451951388529e-03,5.056564052098e-03,-5.633006114494e-03,-5.280907022451e-03
668.80000000,1.876459586049e+13,-1.958688684167e-02,-2.224695090661e-02,8.037115229026e-03,9.128623473826e-03,-4.043075224426e-03,-3.790357033349e-03
669.00000000,2.621959633279e+13,2.558165823137e-02,2.905586269954e-02,3.036492664130e-02,3.448874057668e-02,7.263849493517e-02,6.809812206957e-02
669.20000000,8.376773909050e+12,6.229851551988e-02,7.075917819555e-02,7.769478517238e-02,8.824639432280e-02,1.301995979412e-01,1.220612861255e-01
669.40000000,4.336131646659e+13,3.831154370680e-02,4.351457374985e-02,4.897053820048e-02,5.562115159533e-02,6.425250324361e-02,6.023630876526e-02
669.60000000,1.615390920243e+13,2.670617306570e-02,3.033309611164e-02,4.013107042113e-02,4.558120930668e-02,1.331934096094e-02,1.248679653197e-02
669.80000000,2.403235924387e+13,1.116308179852e-02,1.267912224876e-02,1.979801864205e-02,2.248675707154e-02,-6.842395629480e-04,-6.414701918593e-04
670.00000000,4.759079297179e+13,-2.319882399887e-02,-2.634941952573e-02,-1.348484154383e-02,-1.531619711178e-02,-3.158179968115e-02,-2.960773418809e-02
670.20000000,3.559998440011e+13,-9.745132467076e-04,-1.106860346547e-03,7.570549921698e-03,8.598694650463e-03,-1.487771483849e-02,-1.394776202470e-02
670.40000000,1.938916326202e+13,-1.463895645152e-02,-1.662704993058e-02,1.940857877716e-02,2.204442797821e-02,7.996955930506e-03,7.497094779105e-03
670.60000000,1.633214049485e+13,-7.977382933486e-03,-9.060778668867e-03,2.170401356694e-02,2.465160223259e-02,3.687887365672e-02,3.457370698973e-02
670.80000000,2.176809151389e+13,-4.653224942775e-03,-5.285172048837e-03,4.429486727369e-02,5.031048499894e-02,2.747718208389e-02,2.575968157581e-02
671.00000000,-1.859560601809e+12,-5.172076755033e-03,-5.874488303555e-03,4.507950187970e-02,5.120167962271e-02,-1.096026770366e-03,-1.027518051778e-03
671.20000000,8.319505440417e+12,1.401077980217e-02,1.591356160588e-02,3.366099537071e-02,3.823244332539e-02,4.210360908633e-02,3.947186286953e-02
671.40000000,1.950799928241e+13,2.807959059631e-02,3.189303530078e-02,3.446549315467e-02,3.914619871474e-02,2.403101569440e-02,2.252892273819e-02
671.60000000,2.488539315602e+13,2.519620823462e-02,2.861806534951e-02,-3.977227642431e-04,-4.517368804952e-04,6.526584903913e-03,6.118631393461e-03
671.80000000,4.038030594219e+13,1.529275196663e-02,1.736963637860e-02,-1.111684278204e-02,-1.262660408407e-02,-2.533500978099e-02,-2.375140881208e-02
672.00000000,3.561581175779e+13,-1.259924078158e-02,-1.431032370760e-02,-2.581218850463e-03,-2.931770208335e-03,-1.077733409061e-02,-1.010368143147e-02
672.20000000,4.312027091384e+13,-3.252064537796e-02,-3.693722269512e-02,-9.569945049634e-03,-1.086962455233e-02,-2.360802959570e-02,-2.213237598969e-02
672.40000000,2.094601041269e+13,-2.292654668776e-02,-2.604016466444e-02,2.621414164933e-03,2.977424386576e-03,2.387312438210e-02,2.238090064786e-02
672.60000000,1.652574676918e+13,4.418721337449e-02,5.018820880463e-02,8.319733751341e-02,9.449623982518e-02,9.428592548632e-02,8.839244905803e-02
672.80000000,6.900797254515e+12,6.408569987080e-02,7.278907722122e-02,3.010503309483e-02,3.419355128782e-02,9.875343699479e-02,9.258071237933e-02
673.00000000,4.457721149038e+13,1.624898070036e-02,1.845572902143e-02,2.668580678576e-02,3.030996511817e-02,2.440048588333e-03,2.287529866530e-03
673.20000000,2.458708791656e+13,3.128743237814e-02,3.553652899193e-02,2.307055532284e-02,2.620373192034e-02,1.100389392590e-02,1.031607982070e-02
673.40000000,2.417144180725e+13,2.254302386513e-02,2.560455621499e-02,2.756162056238e-02,3.130472181533e-02,2.171565089102e-02,2.035828311857e-02
673.60000000,1.782669200140e+12,2.236769849802e-02,2.540542018759e-02,5.220077304360e-02,5.929007965902e-02,3.309732318795e-02,3.102852773369e-02
673.80000000,1.130345169116e+13,4.954524032306e-02,5.627390090285e-02,7.695752777179e-02,8.740901112977e-02,5.634026900001e-02,5.281864002302e-02
674.00000000,3.460437367818e+13,1.084944461057e-01,1.232289049130e-01,8.672404892434e-02,9.850190848289e-02,9.226286842921e-02,8.649584607153e-02
674.20000000,2.419557174499e+13,4.629660533453e-02,5.258407394426e-02,2.890058370489e-02,3.282552748068e-02,5.797351489434e-02,5.434979755018e-02
674.40000000,2.757148426853e+13,1.751269459785e-02,1.989106590088e-02,3.060930652066e-02,3.476630931119e-02,2.322017833615e-02,2.176876792703e-02
674.60000000,5.176883314216e+11,1.702593978567e-02,1.933820568897e-02,2.079382840404e-02,2.361780622409e-02,-3.926460487960e-03,-3.681031467530e-03
674.80000000,-2.540757644902e+12,2.819648270216e-02,3.202580233831e-02,4.583581942662e-02,5.206071149120e-02,1.873369529656e-02,1.756271891726e-02
675.00000000,3.568861631735e+13,2.936752985321e-02,3.335588754732e-02,4.062823731295e-02,4.614589566860e-02,2.242111036255e-02,2.101964683832e-02
675.20000000,4.145912762282e+13,-1.084805891660e-02,-1.232131660842e-02,6.452346682634e-03,7.328629951159e-03,-2.734061891958e-02,-2.563165448713e-02
675.40000000,3.981014144108e+13,-2.846408985827e-02,-3.232975279824e-02,-2.452702635503e-03,-2.785800404093e-03,-5.409472383624e-02,-5.071345586671e-02
675.60000000,4.721866496447e+13,-5.001928066123e-02,-5.681231990819e-02,-2.964861850767e-02,-3.367515173830e-02,-6.211945445377e-02,-5.823658923636e-02
675.80000000,1.021995658413e+13,-5.073365322961e-02,-5.762371028311e-02,-3.456968539687e-02,-3.926454114493e-02,-2.724147671361e-02,-2.553870930633e-02
676.00000000,4.418910583761e+13,-3.836761523322e-02,-4.357826026142e-02,-1.531747651607e-02,-1.739771941795e-02,-2.179944997534e-02,-2.043684422144e-02
676.20000000,1.578235433330e+13,-1.512277107862e-02,-1.717657065554e-02,-3.371865493436e-02,-3.829793354561e-02,-2.684294597375e-02,-2.516508929953e-02
676.40000000,3.055603899106e+13,-1.110778469824e-02,-1.261631533691e-02,-2.144647445122e-02,-2.435908712608e-02,-5.598102330623e-02,-5.248184949440e-02
676.60000000,1.838805278082e+13,-1.448601132128e-02,-1.645333356455e-02,1.404377102748e-02,1.595103394804e-02,-4.733219991777e-02,-4.437363316376e-02
676.80000000,4.927923203823e+13,7.204642623185e-03,8.183093721495e-03,1.174535260550e-02,1.334047085897e-02,-2.319923906141e-02,-2.174913749156e-02
677.00000000,3.972732803165e+13,-8.361543987921e-03,-9.497112027370e-03,1.626532530872e-02,1.847429409577e-02,2.202043905459e-02,2.064402006268e-02
677.20000000,3.358298574632e+13,1.352385888206e-02,1.536051272717e-02,6.609086873256e-03,7.506656785743e-03,3.114706225562e-02,2.920017064622e-02
677.40000000,2.778893699421e+13,-1.457363459389e-02,-1.655285681497e-02,9.224151197237e-03,1.047686896924e-02,1.355960448575e-02,1.271204204203e-02
677.60000000,5.287798130403e+13,-3.999305936156e-02,-4.542445338118e-02,-4.516424019005e-02,-5.129792611252e-02,-5.116615018970e-02,-4.796793689844e-02
677.80000000,2.612061298225e+13,-1.696560589905e-02,-1.926967795280e-02,-1.784032944423e-02,-2.026319711794e-02,-3.738339623519e-02,-3.504669366389e-02
678.00000000,2.682744941549e+13,-3.244851827309e-02,-3.685530012243e-02,-1.974691654603e-03,-2.242871487854e-03,-3.890820271106e-02,-3.647618993331e-02
678.20000000,3.525402648958e+13,-1.659588884135e-02,-1.884975020735e-02,2.443697219984e-02,2.775571976958e-02,-1.472608745430e-02,-1.380561232670e-02
678.40000000,3.027901259144e+13,4.145206784453e-04,4.708160749436e-04,1.971353051708e-02,2.239079474440e-02,2.116074528441e-03,1.983806267940e-03
678.60000000,2.934227823233e+13,-3.522052038478e-03,-4.000376344844e-03,1.129440182746e-02,1.282827715007e-02,2.364910064442e-02,2.217087983384e-02
678.80000000,3.420196104655e+13,-6.384506839804e-03,-7.251576596944e-03,1.075920951319e-02,1.222040119161e-02,2.690268565364e-02,2.522109486541e-02
679.00000000,3.168485767889e+13,-5.549084866678e-03,-6.302697289443e-03,1.376503432083e-02,1.563444243842e-02,4.761036691636e-02,4.463441293684e-02
679.20000000,4.616608744670e+13,1.214502177284e-03,1.379441793503e-03,1.342486222618e-02,1.524807209534e-02,3.526141329319e-02,3.305734829622e-02
679.40000000,3.780697383252e+13,9.731055443660e-04,1.105261466382e-03,1.925949814960e-02,2.187510094014e-02,2.060644849264e-02,1.931841300022e-02
679.60000000,1.625420645184e+13,-2.060040582704e-02,-2.339811429938e-02,-7.433308473626e-03,-8.442814652633e-03,5.057222600260e-03,4.741113679087e-03
679.80000000,2.204785935219e+13,1.211215458095e-05,1.375708710236e-05,-2.113524104592e-02,-2.400558559120e-02,2.631815652914e-02,2.467310256865e-02
680.00000000,3.655450610478e+13,8.512667718698e-03,9.668759632556e-03,-2.078883995080e-02,-2.361214029670e-02,3.960662352114e-02,3.713095495320e-02
680.20000000,4.173112856807e+13,4.308626918420e-02,4.893774712839e-02,2.362691431908e-02,2.683564917525e-02,2.083929863755e-02,1.953670851428e-02
680.40000000,3.614392680076e+13,-1.444225507140e-02,-1.640363484771e-02,-6.324654575751e-03,-7.183596175843e-03,1.169031411537e-01,1.095959433590e-01
680.60000000,2.913849212127e+13,-3.306308341891e-02,-3.755332838688e-02,-1.739357052148e-02,-1.975576455375e-02,-3.425313542724e-02,-3.211209427826e-02
680.80000000,1.532342465346e+13,-4.901023413803e-03,-5.566623637559e-03,-1.920954494547e-02,-2.181836366827e-02,-6.597996855403e-03,-6.185579638934e-03
681.00000000,2.730508620984e+13,9.132120304499e-03,1.037233909246e-02,-1.615195902843e-02,-1.834553171549e-02,-1.778947144620e-02,-1.667751512717e-02
681.20000000,2.391989113957e+13,3.388053060300e-02,3.848179177773e-02,2.628267240782e-04,2.985208168110e-04,2.030756884009e-02,1.903821524721e-02
681.40000000,4.607050631296e+13,2.004556283334e-02,2.276791895790e-02,3.336549668101e-03,3.789681341362e-03,1.747381939002e-02,1.638159335357e-02
681.60000000,1.088172696544e+13,2.522676623573e-03,2.865277338434e-03,2.822434281646e-02,3.205744735837e-02,6.353378699159e-04,5.956251689904e-04
681.80000000,2.625768806374e+13,-3.024260434094e-02,-3.434980451461e-02,3.950640748496e-03,4.487171185891e-03,-4.278948504634e-02,-4.011486717312e-02
682.00000000,2.697693285612e+12,-3.597741664816e-02,-4.086345259399e-02,-4.246725589157e-03,-4.823466852890e-03,-1.878302571363e-02,-1.760896586616e-02
682.20000000,2.889116329040e+13,-8.473917272096e-03,-9.624746549204e-03,-1.924815397047e-03,-2.186221612552e-03,-6.940200762557e-02,-6.506393602148e-02
682.40000000,4.112582558120e+13,6.100706539158e-02,6.929233827173e-02,4.642346596525e-02,5.272816540147e-02,5.889818160708e-04,5.521666664950e-04
682.60000000,3.642363648596e+13,2.532105407619e-02,2.875986630700e-02,1.299302895442e-02,1.475759221183e-02,-7.417119657987e-03,-6.953502000901e-03
682.80000000,3.995291552197e+13,3.224719070635e-02,3.662663057787e-02,3.255098045459e-02,3.697167899256e-02,1.287624687443e-02,1.207139867415e-02
683.00000000,3.641027499395e+13,1.091690853233e-02,1.239951658137e-02,3.250811057320e-03,3.692298701859e-03,-8.560794119851e-04,-8.025689457169e-04
683.20000000,3.713280823821e+13,2.893669470541e-02,3.286654136079e-02,2.885781084669e-02,3.277694570646e-02,-2.579501760388e-03,-2.418266318903e-03
683.40000000,4.182645483516e+13,-1.950680391819e-02,-2.215599204820e-02,-2.908784266323e-03,-3.303821778982e-03,-1.128918913886e-02,-1.058354224892e-02
683.60000000,5.954924606712e+13,-4.470738544910e-02,-5.077902462444e-02,-1.371531852952e-02,-1.557797482204e-02,-4.228339928174e-02,-3.964041502200e-02
683.80000000,1.759417228284e+13,-5.302830789969e-02,-6.022999836785e-02,-2.945292073169e-02,-3.345287654867e-02,-4.027816813702e-02,-3.776052371379e-02
684.00000000,-3.095687782135e+12,1.246011153548e-02,1.415229953905e-02,1.470326473193e-02,1.670009247709e-02,6.540180962494e-04,6.131377610986e-04
684.20000000,3.875221576228e+13,1.696138391997e-02,1.926488259345e-02,-1.154491837271e-02,-1.311281596161e-02,4.486979492422e-03,4.206514431106e-03
684.40000000,4.177305764929e+13,6.553559502000e-03,7.443588033316e-03,-1.225273178034e-02,-1.391675641834e-02,-7.592521976412e-03,-7.117940546909e-03
684.60000000,2.433716841714e+13,1.168629256877e-02,1.327338944465e-02,-6.399393005761e-03,-7.268484716959e-03,3.602079755201e-03,3.376926615741e-03
684.80000000,3.010395052582e+13,9.879786620937e-03,1.122154478660e-02,2.451716397286e-02,2.784680226383e-02,2.352404020204e-02,2.205363647302e-02
685.00000000,3.445912396586e+13,-8.842078291255e-03,-1.004290693299e-02,-5.414264812001e-03,-6.149567779971e-03,4.023917164659e-02,3.772396475468e-02
685.20000000,1.500688508854e+13,5.443327807368e-02,6.182577531489e-02,1.875392099281e-02,2.130086212811e-02,2.562392469596e-02,2.402226468767e-02
685.40000000,3.994855259346e+13,-3.604614754660e-02,-4.094151772684e-02,-4.178926535950e-02,-4.746460114656e-02,5.308480504041e-02,4.976666348755e-02
685.60000000,1.395213025718e+13,2.040872615231e-02,2.318040291176e-02,6.752123231217e-03,7.669118691251e-03,7.002133606260e-02,6.564455245006e-02
685.80000000,5.412623479633e+13,1.229077327839e-02,1.395996372159e-02,-1.204828689093e-02,-1.368454618328e-02,1.576293045269e-03,1.477764597270e-03
686.00000000,4.770939303579e+13,-7.212106957771e-03,-8.191571775532e-03,1.163250568820e-02,1.321229837557e-02,2.470870439557e-02,2.316425153924e-02
686.20000000,2.879291557440e+13,-6.935423937048e-03,-7.877312872192e-03,1.254962289580e-02,1.425396785908e-02,8.657107126350e-04,8.115982281651e-04
686.40000000,3.192956569210e+13,-7.460752066790e-03,-8.473984982809e-03,2.788196912677e-02,3.166857642502e-02,3.978406233897e-02,3.729730270431e-02
686.60000000,2.489420441087e+13,2.863343910625e-02,3.252210109925e-02,6.205804091466e-02,7.048604790277e-02,1.037618032894e-01,9.727602358594e-02
686.80000000,1.959376200680e+13,1.678399019928e-01,1.906339731264e-01,7.729618691482e-02,8.779366304960e-02,1.161857005196e-01,1.089233473764e-01
687.00000000,3.727374578984e+13,-4.550924509147e-02,-5.168978355422e-02,-7.888129084704e-03,-8.959403750631e-03,4.303489895009e-02,4.034494113033e-02
687.20000000,3.514579516055e+13,-1.815537717034e-02,-2.062103017516e-02,1.537237885640e-02,1.746007796060e-02,1.667870456831e-02,1.563617831934e-02
687.40000000,2.807662391011e+13,-2.546571160882e-02,-2.892416954991e-02,-1.724676444464e-02,-1.958902096965e-02,7.728939585482e-03,7.245831178498e-03
687.60000000,-1.309988840331e+12,-2.844828036650e-02,-3.231179624445e-02,6.554440121738e-03,7.444588543038e-03,1.943286851455e-03,1.821818931473e-03
687.80000000,3.173564049481e+13,-2.906833249340e-02,-3.301605666818e-02,4.098198448238e-03,4.654768469647e-03,-2.000281818210e-02,-1.875251346433e-02
688.00000000,4.111819316437e+13,-2.745078868390e-02,-3.117883679705e-02,2.163744840413e-02,2.457599695750e-02,1.789808042812e-02,1.677933534956e-02
688.20000000,2.686415853681e+13,-3.445131838053e-02,-3.913009733886e-02,-1.164493932971e-02,-1.322642061079e-02,-9.274809528812e-03,-8.695074313265e-03
688.40000000,1.912993528187e+13,-2.757870750956e-02,-3.132412807572e-02,-1.107196684867e-03,-1.257563361927e-03,-1.434396377369e-02,-1.344737383248e-02
688.60000000,3.967059446452e+13,-3.389889279635e-02,-3.850264771145e-02,3.703819838147e-03,4.206829907729e-03,-5.128690798812e-03,-4.808114655820e-03
688.80000000,4.374279073970e+13,1.925423212499e-04,2.186911888003e-04,2.208912291119e-02,2.508901268394e-02,1.396440501874e-02,1.309153993959e-02
689.00000000,1.306034848947e+13,-3.471261586107e-02,-3.942688121618e-02,1.976358680798e-02,2.244764910310e-02,4.841730365491e-03,4.539091094212e-03
689.20000000,3.857477699267e+13,-6.842407790486e-03,-7.771664350157e-03,4.491096893300e-02,5.101025847601e-02,1.998032432487e-02,1.873142561776e-02
689.40000000,2.831551399833e+13,4.663458051568e-03,5.296794899921e-03,3.562707276351e-02,4.046553066181e-02,1.077751024308e-03,1.010384657329e-03
689.60000000,5.290164741822e+13,-1.195177350051e-02,-1.357492492105e-02,1.959625025112e-02,2.225758682609e-02,-1.932945378561e-02,-1.812123867111e-02
689.80000000,5.031677159090e+13,-1.173708256171e-02,-1.333107714605e-02,-1.586219247278e-02,-1.801641241006e-02,-1.794502468592e-02,-1.682334528948e-02
690.00000000,1.898911770473e+13,-6.926146832998e-03,-7.866775859341e-03,9.992557665141e-03,1.134963153647e-02,3.898221304225e-02,3.654557414305e-02
690.20000000,4.074324625770e+13,-9.032265394768e-04,-1.025892304566e-03,-1.027619281826e-03,-1.167178674302e-03,7.214860303167e-03,6.763885155914e-03
690.40000000,4.061917826727e+13,-1.887237239371e-02,-2.143539938368e-02,1.806288133291e-02,2.051597343597e-02,8.573095863011e-03,8.037222262306e-03
690.60000000,2.846451170986e+13,1.155427450512e-02,1.312344221697e-02,2.461604893749e-02,2.795911664325e-02,4.448403487993e-02,4.170349674926e-02
690.80000000,1.963334707639e+13,2.562991469237e-02,2.911067279405e-02,3.962750029677e-02,4.500925009906e-02,4.301387568493e-02,4.032523195437e-02
691.00000000,5.253539531842e+13,1.193009150673e-02,1.355029833005e-02,3.216644781927e-02,3.653492357210e-02,6.788601545651e-03,6.364270310804e-03
691.20000000,1.419379439884e+13,-1.715513389091e-02,-1.948494544092e-02,-1.777358868634e-02,-2.018739240048e-02,-2.057884165542e-02,-1.929253176778e-02
691.40000000,4.272969298429e+13,-2.062800515983e-02,-2.342946185382e-02,-1.535333272092e-02,-1.743844519878e-02,-2.380367841464e-02,-2.231579549978e-02
691.60000000,1.370735108394e+13,-5.544694809859e-02,-6.297711025964e-02,-1.812851641229e-02,-2.059052231443e-02,-2.085827452257e-02,-1.955449828450e-02
691.80000000,2.381076730262e+13,-7.122625679953e-03,-8.089938187164e-03,1.553777615868e-02,1.764793761585e-02,4.752767785987e-02,4.455689247792e-02
692.00000000,3.435481787272e+13,2.644773095787e-02,3.003955539067e-02,6.176775456112e-02,7.015633820650e-02,3.357616402648e-02,3.147743794174e-02
692.20000000,1.595437360675e+13,2.254607965140e-02,2.560802700275e-02,2.557438628215e-02,2.904760430717e-02,3.807063710581e-02,3.569097756240e-02
692.40000000,1.619255581552e+13,1.995721123565e-02,2.266756846973e-02,1.698656472574e-02,1.929348392755e-02,-4.856412791483e-03,-4.552855774197e-03
692.60000000,3.219802492011e+13,1.959138462737e-02,2.225205952946e-02,-3.062365851822e-03,-3.478261043144e-03,-1.093212986838e-02,-1.024880147808e-02
692.80000000,2.209247776064e+13,-1.669136312684e-02,-1.895819070426e-02,-3.870003274300e-02,-4.395582460479e-02,-5.694922764981e-02,-5.338953484272e-02
693.00000000,2.884975143551e+13,-5.550010731359e-02,-6.303748894339e-02,-8.538281353836e-02,-9.697852198419e-02,-9.340301973813e-02,-8.756473059457e-02
693.20000000,3.661365116919e+13,-9.528859237737e-02,-1.082295851156e-01,-9.707598065834e-02,-1.102597201272e-01,-1.507560707465e-01,-1.413328472401e-01
693.40000000,4.543542146341e+13,-5.457314728037e-02,-6.198463993691e-02,-3.910713048509e-02,-4.441820966444e-02,-3.917937630771e-02,-3.673041343702e-02
693.60000000,3.417123252828e+12,1.805902613758e-02,2.051159386132e-02,-9.798917824291e-03,-1.112969376697e-02,-1.098743231667e-02,-1.030064716786e-02
693.80000000,3.005852988732e+13,7.499209709639e-03,8.517665497195e-03,-1.167416774954e-02,-1.325961849731e-02,6.571532475221e-03,6.160769452631e-03
694.00000000,2.423569249399e+13,2.319448061094e-02,2.634448626917e-02,6.494461805438e-03,7.376464663948e-03,-3.092608796375e-02,-2.899300866805e-02
694.20000000,4.268653178633e+13,2.783346354984e-03,3.161348213015e-03,5.566801210167e-03,6.322819911518e-03,-3.773128761388e-02,-3.537283959511e-02
694.40000000,2.665105620003e+13,9.587731481650e-03,1.088982610163e-02,-3.680468749836e-02,-4.180307544068e-02,-2.257765046052e-02,-2.116640217390e-02
694.60000000,5.330937664208e+13,1.105730613587e-02,1.255898136098e-02,-2.350636790995e-02,-2.669873154390e-02,-2.474168835757e-03,-2.319517379159e-03
694.80000000,3.097555831313e+13,2.443517550855e-02,2.775367797484e-02,-1.599687219621e-02,-1.816938277937e-02,6.166752657995e-03,5.781290975973e-03
695.00000000,3.655027541237e+13,1.275809716671e-02,1.449075412667e-02,-1.036114827012e-02,-1.176827986400e-02,2.682616399335e-03,2.514935630079e-03
695.20000000,6.345632699323e+12,1.177018936629e-02,1.336868013330e-02,-1.897187664936e-02,-2.154841800680e-02,2.785900740711e-02,2.611764036190e-02
695.40000000,1.786547891041e+13,4.170800197818e-03,4.737229963711e-03,-1.209027129067e-02,-1.373223241970e-02,3.244115114439e-03,3.041337066083e-03
695.60000000,3.012138647634e+13,1.649705407752e-02,1.873749285085e-02,-1.798122086206e-02,-2.042322278230e-02,2.556412692834e-02,2.396620466492e-02
695.80000000,4.771033139136e+13,8.571341973870e-03,9.735402345349e-03,-1.948423468926e-03,-2.213035860324e-03,2.761747844240e-02,2.589120851007e-02
696.00000000,2.019572741177e+13,3.471557238886e-03,3.943023926534e-03,-5.379847416286e-03,-6.110476210735e-03,1.835663511018e-02,1.720922741634e-02
696.20000000,1.465028842441e+13,-1.868863099573e-03,-2.122670435759e-03,-6.666272943519e-03,-7.571609208160e-03,1.004793278979e-02,9.419872400672e-03
696.40000000,2.096688344980e+13,-1.459031687922e-02,-1.657180469503e-02,-1.164372401428e-02,-1.322504024524e-02,-6.952116341118e-03,-6.517564380454e-03
696.60000000,3.120666909738e+12,6.762227249184e-03,7.680594616594e-03,3.178899395894e-02,3.610620828414e-02,2.952692319808e-03,2.768130069430e-03
696.80000000,4.991496725598e+13,5.022426226714e-02,5.704513974119e-02,1.163173781022e-02,1.321142621326e-02,6.969140157517e-02,6.533524098896e-02
697.00000000,4.734367723920e+13,4.164423482233e-02,4.729987236486e-02,1.195343643022e-02,1.357681422754e-02,9.032910734813e-02,8.468295748855e-02
697.20000000,1.196815313262e+13,7.778134906513e-03,8.834471083076e-03,2.030975350989e-04,2.306798986393e-04,4.909885970679e-02,4.602986535959e-02
697.40000000,3.626019244119e+13,-3.175210731864e-03,-3.606431069977e-03,2.604858588876e-03,2.958620423226e-03,2.242506281700e-02,2.102335223896e-02
697.60000000,3.012662366841e+13,1.477471761985e-03,1.678124860806e-03,1.209636643326e-02,1.373915533422e-02,1.079160610271e-02,1.011706135108e-02
697.80000000,2.175583782437e+12,-9.525057660913e-03,-1.081864064861e-02,2.282692617508e-02,2.592701587313e-02,-1.380984461331e-02,-1.294664055303e-02
698.00000000,2.819198146961e+13,-4.507083948470e-03,-5.119183877668e-03,4.022071024993e-03,4.568302298261e-03,-2.745819394844e-03,-2.574188032088e-03
698.20000000,5.127224525775e+13,1.954532209737e-02,2.219974132025e-02,3.806657879620e-02,4.323634225278e-02,3.163037528825e-02,2.965327350749e-02
698.40000000,2.662057570096e+13,5.940233711840e-03,6.746967439460e-03,9.615337230485e-03,1.092118137537e-02,8.121725801637e-03,7.614065731249e-03
698.60000000,3.569298725779e+13,1.675501350641e-02,1.903048534102e-02,2.707900054045e-02,3.075655791130e-02,5.503384917574e-02,5.159387983565e-02
698.80000000,3.532603130004e+13,1.415611995748e-02,1.607864017738e-02,2.766664752853e-02,3.142401233205e-02,1.217160266140e-02,1.141079925400e-02
699.00000000,3.047132736726e+13,3.106047633676e-02,3.527875041019e-02,6.502577047167e-02,7.385682024161e-02,1.429413598483e-02,1.340066060073e-02
699.20000000,3.010530566345e+13,6.009667621686e-03,6.825831058578e-03,5.931468477540e-02,6.737012079009e-02,8.492099684928e-03,7.961288866010e-03
699.40000000,2.333305861552e+13,-1.299725872719e-02,-1.476239583971e-02,5.468311715162e-02,6.210954709837e-02,2.490872278337e-03,2.335176749205e-03
699.60000000,1.483035573850e+13,1.222886863290e-02,1.388965190430e-02,2.043225116045e-02,2.320712373176e-02,-3.405470486093e-02,-3.192606689789e-02
699.80000000,5.310863676968e+13,1.238476563478e-03,1.406672103097e-03,4.551072482597e-02,5.169146629338e-02,-3.281706596568e-02,-3.076578838934e-02
700.00000000,2.472886735481e+13,9.288276912817e-03,1.054970308231e-02,4.241625000182e-02,4.817673560780e-02,2.074369357743e-02,1.944707938498e-02
700.20000000,4.760048676510e+13,3.467737268538e-02,3.938685172065e-02,5.758892505748e-02,6.540998830197e-02,2.941378472205e-02,2.757523410029e-02
700.40000000,7.658672736435e+12,3.653623336134e-02,4.149816131950e-02,5.488194083090e-02,6.233537271541e-02,2.825385706365e-02,2.648780937675e-02
700.60000000,3.288757951454e+13,2.925138780019e-02,3.322397242612e-02,8.270330321472e-02,9.393511148904e-02,5.684829191714e-02,5.329490824217e-02
700.80000000,2.979906380969e+13,-2.257630350185e-04,-2.564235550639e-04,1.838001080998e-02,2.087617177905e-02,3.510619321180e-02,3.291183046769e-02
701.00000000,2.299371959229e+13,3.932858221271e-03,4.466973464366e-03,9.105911181162e-03,1.034257095864e-02,1.162361194384e-02,1.089706147887e-02
701.20000000,4.492550307223e+13,1.550708204147e-02,1.761307428129e-02,2.725790437276e-02,3.095975839762e-02,2.315257229233e-02,2.170538769552e-02
701.40000000,1.181928363327e+13,-4.051694082954e-02,-4.601948236119e-02,2.257697071585e-02,2.564311434783e-02,-1.412211950478e-02,-1.323939625643e-02
701.60000000,2.715762962581e+13,-4.904498981226e-02,-5.570571216287e-02,-1.049522491272e-02,-1.192056524900e-02,-3.865683095577e-02,-3.624053052859e-02
701.80000000,2.754279301097e+13,1.201221322675e-02,1.364357287074e-02,3.148722376836e-02,3.576345514861e-02,3.848948672926e-02,3.608364639195e-02
702.00000000,4.365577095318e+13,3.787571506307e-02,4.301955590862e-02,2.591285024751e-02,2.943203454255e-02,4.940561576118e-02,4.631744718871e-02
702.20000000,5.270812127235e+13,3.608325212349e-03,4.098366141752e-03,1.285815038307e-02,1.460439598937e-02,2.295069683691e-02,2.151613075376e-02
702.40000000,2.613639448875e+13,-9.224476136094e-04,-1.047723762320e-03,-1.300919546489e-02,-1.477595427119e-02,1.475814174570e-02,1.383566301884e-02
702.60000000,4.142131341675e+13,-3.135692035365e-02,-3.561545401927e-02,-2.435944781758e-03,-2.766766692033e-03,1.752759271757e-02,1.643200550248e-02
702.80000000,2.613111740623e+13,3.317684989120e-03,3.768254530350e-03,2.863366461233e-02,3.252235851712e-02,2.353300084647e-02,2.206203701958e-02
703.00000000,3.156598761669e+13,-9.455869057926e-03,-1.074005565108e-02,1.475313401792e-04,1.675673443408e-04,-8.970108009776e-03,-8.409418597839e-03
703.20000000,2.541521727717e+13,-3.673347959618e-02,-4.172219525293e-02,-1.699314913527e-02,-1.930096255559e-02,-2.138497271440e-02,-2.004827445364e-02
703.40000000,2.439484018143e+13,-1.763610832203e-02,-2.003124024739e-02,-1.312141698209e-02,-1.490341641986e-02,-1.523265592840e-02,-1.428051701486e-02
703.60000000,2.390371603847e+13,1.237081089239e-02,1.405087111712e-02,9.912375891309e-04,1.125856039939e-03,1.460972283758e-02,1.369652124654e-02
703.80000000,2.083953533474e+13,1.152214951287e-02,1.308695438042e-02,-3.762016269367e-03,-4.272929906669e-03,3.588725016010e-03,3.364406633597e-03
704.00000000,2.075789329619e+13,2.958161242863e-02,3.359904433808e-02,4.571479783271e-03,5.192325414096e-03,3.184083734876e-02,2.985058033634e-02
704.20000000,4.392171076470e+13,4.466363740305e-02,5.072933522558e-02,3.729717164916e-02,4.236244310574e-02,4.164470907269e-02,3.904164705663e-02
704.40000000,2.812525864111e+13,-7.876163278539e-03,-8.945812532972e-03,2.834844057645e-02,3.219839864407e-02,1.893786559906e-02,1.775412726342e-02
704.60000000,1.242362265774e+13,-2.731378484124e-02,-3.102322667960e-02,-8.411415985413e-03,-9.553757439640e-03,-3.893350580896e-02,-3.649991142494e-02
704.80000000,5.039602615344e+13,-3.273290408335e-02,-3.717830791895e-02,-1.534960361500e-02,-1.743420964873e-02,-4.267490160701e-02,-4.000744593530e-02
705.00000000,1.752265022979e+13,2.610992403238e-03,2.965587144192e-03,-1.245069950713e-02,-1.414160983730e-02,-3.426559254739e-02,-3.212377274832e-02
705.20000000,4.647071447220e+13,2.009416023824e-02,2.282311629936e-02,1.228249722909e-02,1.395056426686e-02,2.006436891405e-02,1.881021687987e-02
705.40000000,4.706014880708e+13,2.474077160239e-02,2.810077658994e-02,2.670110344269e-02,3.032733919053e-02,4.352827510233e-02,4.080747810154e-02
705.60000000,4.138611290173e+13,5.289634779937e-03,6.008011697542e-03,3.416550605785e-02,3.880547083217e-02,3.378885987550e-02,3.167683893295e-02
705.80000000,2.896840504634e+13,-6.851246490982e-03,-7.781703420561e-03,-2.142815837255e-03,-2.433828356897e-03,-8.586341078145e-02,-8.049639566353e-02
706.00000000,2.343194099450e+13,-2.924402129683e-02,-3.321560548961e-02,-4.101612414733e-02,-4.658646081674e-02,-6.470131928741e-02,-6.065707092125e-02
706.20000000,4.477363652360e+13,9.707676477605e-04,1.102606063743e-03,-1.174338815780e-02,-1.333823962265e-02,-5.025468108952e-02,-4.711344047609e-02
706.40000000,1.885943357069e+13,2.737924774852e-02,3.109758000059e-02,1.412858140470e-02,1.604736229201e-02,-3.575777259548e-02,-3.352268195143e-02
706.60000000,4.530998986760e+12,1.699998285768e-02,1.930872359172e-02,7.912076686099e-03,8.986603638901e-03,-1.561947254562e-04,-1.464315510696e-04
706.80000000,3.957317292152e+13,8.024634433020e-03,9.114447319679e-03,2.720944184694e-02,3.090471425079e-02,4.299357921317e-02,4.030620414257e-02
707.00000000,3.871978422623e+13,-6.720738563037e-03,-7.633471417723e-03,2.264643484713e-02,2.572201229583e-02,1.679921911462e-02,1.574915993182e-02
707.20000000,3.927139349834e+13,4.525098312333e-03,5.139644743743e-03,2.014845031442e-02,2.288478032979e-02,2.077249433917e-03,1.947407991398e-03
707.40000000,3.549799224123e+13,1.803833515239e-02,2.048809286622e-02,1.865482458614e-02,2.118830759103e-02,-3.127384235888e-02,-2.931902617806e-02
707.60000000,4.159061186098e+13,4.932218800900e-02,5.602055620746e-02,2.165768342035e-02,2.459898006012e-02,-5.676235069682e-03,-5.321433890057e-03
707.80000000,5.424719210652e+13,3.835890482928e-02,4.356836691132e-02,-6.011052796428e-03,-6.827404621711e-03,7.465344353849e-03,6.998712343276e-03
708.00000000,2.507881833818e+13,2.168973110950e-02,2.463537912233e-02,-8.165235843974e-03,-9.274143952227e-03,9.870710180965e-03,9.253727344111e-03
708.20000000,2.511421384245e+13,2.293498894280e-02,2.604975344876e-02,2.484507472668e-03,2.821924607226e-03,5.199253403622e-02,4.874266644243e-02
708.40000000,4.229004296035e+13,7.499310618760e-03,8.517780110623e-03,1.509521380604e-02,1.714527155149e-02,3.696443099547e-02,3.465391644483e-02
708.60000000,2.744577058211e+13,-8.718430805001e-04,-9.902467077557e-04,2.380670082774e-02,2.703985221285e-02,7.107769613632e-03,6.663488322871e-03
708.80000000,4.392063532363e+13,2.215168893614e-02,2.516007470940e-02,1.172568244492e-02,1.331812932416e-02,1.962456055237e-03,1.839789936796e-03
709.00000000,2.270912420085e+13,2.494996860331e-02,2.833838430406e-02,4.477540455621e-02,5.085628330993e-02,3.180136829524e-02,2.981357835237e-02
709.20000000,3.048730743794e+13,-9.252851238302e-04,-1.050946630307e-03,3.697050558212e-02,4.199141302308e-02,2.434172843668e-02,2.282021393677e-02
709.40000000,3.111981395089e+13,2.989886545415e-02,3.395938299428e-02,1.081412933398e-02,1.228277958871e-02,3.805660744227e-02,3.567782484302e-02
709.60000000,3.883861122709e+13,4.739663441692e-02,5.383349623324e-02,-1.296293051054e-02,-1.472340614463e-02,3.945917303745e-02,3.699272107258e-02
709.80000000,7.430218666107e+11,2.360496708802e-02,2.681072026425e-02,1.574328536521e-02,1.788135671130e-02,5.807081802444e-02,5.444101860917e-02
710.00000000,4.427384432753e+13,2.715185768948e-02,3.083930845794e-02,2.077167383058e-02,2.359264287212e-02,5.527339197589e-02,5.181844967097e-02
710.20000000,3.671329189280e+13,9.302674088368e-03,1.056605551546e-02,1.859832512479e-02,2.112413502482e-02,3.717263582030e-02,3.484910712973e-02
710.40000000,5.367686827847e+13,9.872552384113e-03,1.121332807953e-02,2.234337654626e-02,2.537779611373e-02,4.399739005474e-02,4.124727035388e-02
710.60000000,2.710926158937e+12,-1.480635572440e-02,-1.681718343345e-02,3.572288279848e-02,4.057435251012e-02,4.221706368517e-02,3.957822582664e-02
710.80000000,8.023240367812e+13,-5.993141094790e-03,-6.807060090251e-03,-2.923655054099e-02,-3.320712145550e-02,-9.464468406201e-02,-8.872878291659e-02
711.00000000,2.986556379669e+13,-8.038741821783e-02,-9.130470610556e-02,-5.390267676260e-02,-6.122311630173e-02,-5.338395569335e-02,-5.004711530169e-02
711.20000000,6.287402835597e+13,-2.104817399843e-02,-2.390669315660e-02,-3.648270385286e-02,-4.143736369202e-02,-8.221528934372e-02,-7.707630526637e-02
711.40000000,3.778269901579e+13,2.467267114147e-03,2.802342751334e-03,-7.527102346358e-03,-8.549346526811e-03,-1.078337547251e-02,-1.010934518817e-02
711.60000000,3.846371517899e+13,7.918191470751e-03,8.993548507372e-03,4.838806748114e-03,5.495957642440e-03,2.229140369351e-03,2.089804766987e-03
711.80000000,4.716809193518e+13,6.231644102716e-03,7.077953813756e-03,1.999190440133e-02,2.270697415727e-02,1.144517467649e-02,1.072977768775e-02
712.00000000,6.874091509870e+12,-3.596919354440e-02,-4.085411272353e-02,-6.016569626115e-03,-6.833670683544e-03,-1.143861295090e-02,-1.072362611219e-02
712.20000000,3.780231067191e+13,3.279664415944e-02,3.725070443377e-02,-5.066387869509e-03,-5.754446205533e-03,-6.050122385520e-03,-5.671950845246e-03
712.40000000,5.737124417105e+13,-2.429785066372e-02,-2.759770326043e-02,8.499217586486e-02,9.653483240970e-02,2.056831031439e-02,1.928265870327e-02
712.60000000,3.756111158630e+13,2.816906231990e-02,3.199465803738e-02,5.645380223270e-02,6.412070619406e-02,4.825410853919e-02,4.523791657017e-02
712.80000000,3.859482772451e+13,4.509921189206e-02,5.122406439573e-02,2.090143843892e-02,2.374003061212e-02,4.934104869909e-03,4.625691598304e-03
713.00000000,4.738877629809e+13,2.667797353486e-02,3.030106684720e-02,-6.363887075677e-03,-7.228156781179e-03,-3.664592476027e-02,-3.435531889674e-02
713.20000000,7.846885808446e+12,1.924471517443e-02,2.185830944745e-02,1.640440593397e-02,1.863226304660e-02,6.430148142600e-04,6.028222549644e-04
713.40000000,4.252333045872e+13,5.968781711159e-03,6.779392497329e-03,-8.776663500809e-03,-9.968608657743e-03,-2.175056969975e-02,-2.039101927728e-02
713.60000000,2.648309057934e+13,2.977050749069e-02,3.381359293920e-02,-5.996125997838e-03,-6.810450637587e-03,2.670014831308e-02,2.503121741058e-02
713.80000000,1.558668487336e+13,2.060232140867e-02,2.340029003312e-02,-1.431592770641e-02,-1.626015180651e-02,3.219870284225e-02,3.018607693607e-02
714.00000000,4.060401612119e+13,-3.019006788196e-03,-3.429013316237e-03,-1.563859859703e-02,-1.776245259431e-02,-1.282239808876e-03,-1.202091578373e-03
714.20000000,4.302271539329e+13,-2.056280789221e-02,-2.335541024859e-02,7.026285097198e-04,7.980514058138e-04,1.111421428645e-02,1.041950444955e-02
714.40000000,4.927586296486e+13,1.829070101068e-02,2.077473213183e-02,1.805407073225e-02,2.050596628120e-02,6.209948527184e-03,5.821786825668e-03
714.60000000,4.427933066467e+13,-6.269634157690e-03,-7.121103237898e-03,-2.577966532609e-02,-2.928076198201e-02,-1.269056237058e-02,-1.189732064540e-02
714.80000000,2.700194171584e+13,-6.397716218934e-03,-7.266579920922e-03,-1.121962418326e-02,-1.274334406915e-02,1.492125406024e-02,1.398857976521e-02
715.00000000,3.978390563454e+13,-6.757659408323e-03,-7.675406424503e-03,-2.131564641950e-02,-2.421049154080e-02,-6.589699861257e-03,-6.177801260257e-03
715.20000000,2.745739739366e+13,4.408818411020e-03,5.007573053288e-03,-1.103147190983e-02,-1.252963912515e-02,5.955658861894e-03,5.583391899074e-03
715.40000000,3.795830370101e+13,-2.460493544498e-02,-2.794649273923e-02,-4.563345112328e-02,-5.183085986016e-02,-5.551440427402e-03,-5.204439715120e-03
715.60000000,4.626431978128e+13,-8.702760443181e-03,-9.884668548734e-03,-5.838048634749e-02,-6.630905031203e-02,-2.421630848809e-02,-2.270263354118e-02
715.80000000,2.417243475835e+13,6.834183642054e-03,7.762323293159e-03,-8.245834574618e-03,-9.365688672385e-03,3.429854518079e-02,3.215466563032e-02
716.00000000,2.547216573846e+13,1.239605223129e-02,1.407954044226e-02,1.047740116057e-02,1.190032088051e-02,6.354327135650e-02,5.957140843015e-02
716.20000000,2.858004046765e+13,6.690632246156e-03,7.599276409653e-03,2.508175312967e-03,2.848806740475e-03,1.231414089269e-02,1.154442792958e-02
716.40000000,2.668111716237e+13,3.037932314886e-03,3.450509088719e-03,1.300435284845e-02,1.477045398647e-02,7.729499111185e-03,7.246355730249e-03
716.60000000,4.279398899974e+13,-1.704353953360e-02,-1.935819563078e-02,-1.393336447813e-02,-1.582563325521e-02,-2.305253303045e-02,-2.161160153058e-02
716.80000000,4.179416592857e+13,-1.054518498833e-02,-1.197730985189e-02,1.569495269083e-04,1.782646005087e-04,5.355149345074e-04,5.020418087232e-04
717.00000000,3.428602164483e+13,6.352819010473e-03,7.215585293724e-03,-2.789499407117e-03,-3.168337026707e-03,2.729044131413e-02,2.558461330456e-02
717.20000000,4.843623607399e+13,-1.017057392775e-02,-1.155182345677e-02,7.708428648557e-03,8.755298474931e-03,1.508802013525e-02,1.414492188853e-02
717.40000000,3.423178291200e+13,-6.588136356773e-03,-7.482860715945e-03,1.312983706477e-02,1.491298002101e-02,4.367446982818e-02,4.094453471726e-02
717.60000000,2.618358150773e+13,-3.361429588509e-02,-3.817940014464e-02,-6.027633238537e-03,-6.846236828134e-03,1.688337194113e-02,1.582805266573e-02
717.80000000,3.086275006790e+13,-3.062023002510e-02,-3.477871494455e-02,-8.426968830116e-03,-9.571422492236e-03,-2.249838928815e-02,-2.109209533430e-02
718.00000000,3.126227011498e+13,-3.184944478212e-02,-3.617486740993e-02,-3.245959566484e-02,-3.686788337523e-02,-1.521572246338e-02,-1.426464200026e-02
718.20000000,2.268964609621e+13,-2.166736401370e-02,-2.460997438669e-02,-8.558621101028e-03,-9.720954255361e-03,1.126176161993e-02,1.055782912623e-02
718.40000000,3.066941704011e+13,-1.748310127645e-02,-1.985745355740e-02,7.248604524647e-03,8.233026344727e-03,1.296268643083e-02,1.215243520263e-02
718.60000000,1.095871227339e+13,-3.358490248978e-02,-3.814601487889e-02,-2.426346471387e-02,-2.755864849908e-02,-1.304375279429e-02,-1.222843439726e-02
718.80000000,3.621410137256e+13,-7.260995669835e-02,-8.247099986113e-02,-3.403687680992e-02,-3.865937264414e-02,-1.157384303500e-01,-1.085040344675e-01
719.00000000,1.368580104152e+13,-4.329360474419e-02,-4.917324060224e-02,-2.482275505411e-02,-2.819389519931e-02,-4.602744269723e-02,-4.315043165671e-02
719.20000000,2.549425876435e+13,2.936232562907e-03,3.334997654575e-03,-3.108574290736e-02,-3.530744979001e-02,-3.091638649516e-02,-2.898391360361e-02
719.40000000,3.839381264011e+13,9.736215379287e-03,1.105847536212e-02,-1.532424252276e-02,-1.740540430559e-02,-1.145685752927e-02,-1.074073028713e-02
719.60000000,4.170544739284e+13,1.359297746405e-02,1.543901819426e-02,2.788190509618e-03,3.166850369854e-03,-1.012112487745e-02,-9.488489512362e-03
719.80000000,5.419597208326e+13,4.186525229684e-03,4.755090587237e-03,2.664765754272e-02,3.026663488517e-02,-5.792112997357e-03,-5.430068702370e-03
720.00000000,5.995434864106e+13,1.816215007691e-02,2.062872289945e-02,2.582143685940e-02,2.932820644294e-02,6.041142395601e-03,5.663532162422e-03
720.20000000,5.136520899926e+13,-1.758587451312e-02,-1.997418426449e-02,1.530625329835e-02,1.738497199231e-02,-8.126640135744e-03,-7.618672887884e-03
720.40000000,8.589000536562e+12,3.906095694334e-02,4.436576361053e-02,3.406210625552e-02,3.868802846190e-02,-9.684378220674e-03,-9.079042329111e-03
720.60000000,3.819149255709e+13,3.572841333408e-02,4.058063253439e-02,3.181113836339e-02,3.613136008606e-02,6.611994995497e-03,6.198702805291e-03
720.80000000,3.501306811377e+13,2.634772779037e-02,2.992597095145e-02,-3.788568145904e-03,-4.303087752678e-03,-4.777882793610e-04,-4.479234405992e-04
721.00000000,4.883962493516e+13,1.258156429202e-02,1.429024660200e-02,-1.050595333534e-02,-1.193275068217e-02,-3.043029671738e-02,-2.852820756161e-02
721.20000000,2.656828497134e+13,-1.460578413977e-02,-1.658937253973e-02,-1.735119596137e-02,-1.970763516988e-02,-1.382260580956e-02,-1.295860409248e-02
721.40000000,4.067010560559e+13,8.109976113841e-03,9.211379118941e-03,2.077531911893e-02,2.359678322146e-02,1.492400578386e-02,1.399115948841e-02
721.60000000,3.847164381771e+13,3.366754023367e-02,3.823987552383e-02,3.653544321596e-02,4.149726550683e-02,5.326484958927e-02,4.993545409475e-02
721.80000000,3.035767973736e+13,1.761824131458e-02,2.001094674997e-02,3.592702155086e-02,4.080621503215e-02,3.095534508519e-02,2.902043703133e-02
722.00000000,-4.844116671103e+12,2.815755756664e-02,3.198159084181e-02,5.507166763982e-02,6.255086603014e-02,2.487999051906e-02,2.332483117896e-02
722.20000000,3.176832392756e+13,3.923884454071e-02,4.456780984062e-02,1.984743879171e-02,2.254288889563e-02,-1.762776933095e-02,-1.652592043358e-02
722.40000000,1.284645307588e+13,-2.541111305516e-02,-2.886215605319e-02,-3.933898239511e-02,-4.468154902539e-02,-3.904090902671e-02,-3.660060125117e-02
722.60000000,4.310107507817e+13,-3.063173997687e-02,-3.479178804464e-02,-1.082442565637e-02,-1.229447423878e-02,-1.846148831202e-02,-1.730752661905e-02
722.80000000,5.048930366394e+13,-3.428671362178e-02,-3.894313786865e-02,-1.169857548817e-02,-1.328734101334e-02,-4.534785189423e-03,-4.251331964741e-03
723.00000000,4.076517595125e+13,-6.071997161535e-03,-6.896625474467e-03,5.689546797782e-03,6.462235388401e-03,2.570398423006e-02,2.409731998625e-02
723.20000000,4.986130369157e+13,-1.922113324506e-02,-2.183152489361e-02,-9.443508677310e-03,-1.072601705095e-02,-4.395610108525e-03,-4.120856221040e-03
723.40000000,4.588850947825e+13,3.770009942694e-03,4.282009019122e-03,4.017439161444e-03,4.563041388455e-03,-2.373549612675e-02,-2.225187504316e-02
723.60000000,6.406148921196e+13,-1.884535493631e-02,-2.140471272820e-02,-7.903511635235e-03,-8.976875381666e-03,-4.046120575290e-02,-3.793212030208e-02
723.80000000,2.516229330402e+13,5.604985300487e-02,6.366189472588e-02,-3.272875981566e-02,-3.717360229494e-02,8.297593278250e-03,7.778940360069e-03
724.00000000,3.878397148820e+13,2.198047774090e-02,2.496561159303e-02,-3.958676719432e-02,-4.496298509668e-02,8.252593984598e-04,7.736753811536e-04
724.20000000,1.155636696999e+13,-1.211418513401e-02,-1.375939342115e-02,-1.972985339721e-02,-2.240933440974e-02,-1.409568342615e-03,-1.321461260265e-03
724.40000000,2.528486998900e+13,-1.121161656989e-02,-1.273424845052e-02,-2.924287909315e-02,-3.321430947859e-02,-2.740752135120e-02,-2.569437508671e-02
724.60000000,3.418648803245e+13,3.335041339693e-03,3.787968019391e-03,6.396790557998e-03,7.265528834774e-03,-7.125377086135e-03,-6.679995215159e-03
724.80000000,3.083941959646e+13,-5.092347212995e-03,-5.783930818751e-03,1.246398369620e-02,1.415669813163e-02,-1.452092393016e-04,-1.361327284161e-04
725.00000000,4.750417765237e+13,1.299014587398e-02,1.475431700118e-02,9.518751037129e-03,1.081147795981e-02,2.321610505178e-02,2.176494924911e-02
725.20000000,3.005187218982e+13,4.477448596835e-02,5.085523795888e-02,6.553044996304e-02,7.443003947766e-02,6.709266579786e-02,6.289894290283e-02
725.40000000,3.763122500531e+13,-2.309605301401e-02,-2.623269137626e-02,-2.527582486569e-03,-2.870849572442e-03,6.775087595303e-03,6.351601069222e-03
725.60000000,5.356646205774e+13,-1.534593738239e-02,-1.743004482140e-02,5.074787172950e-03,5.763986205444e-03,-9.464271600568e-03,-8.872693787642e-03
725.80000000,3.187609945420e+13,-1.048645412225e-02,-1.191060283995e-02,-1.104330501820e-02,-1.254307926975e-02,-1.811207311370e-02,-1.697995211672e-02
726.00000000,4.739081705102e+13,-1.233003041938e-02,-1.400455231270e-02,-2.013211231408e-02,-2.286622349077e-02,-3.351091761579e-02,-3.141626985113e-02
726.20000000,4.363423820064e+13,-2.159085981272e-02,-2.452308027140e-02,1.368470165899e-03,1.554319992147e-03,-2.584526223503e-02,-2.422976720775e-02
726.40000000,3.244010086918e+13,-2.770695805036e-02,-3.146979611923e-02,9.250095642965e-04,1.050633689020e-03,-3.472575096483e-02,-3.255516830671e-02
726.60000000,3.913993093793e+13,-3.426045132813e-02,-3.891330893451e-02,8.387797787519e-03,9.526931690655e-03,3.570881625796e-03,3.347678569971e-03
726.80000000,5.715595892795e+12,-1.829936494713e-02,-2.078457270376e-02,2.558680329204e-02,2.906170765206e-02,3.840529870824e-02,3.600472066341e-02
727.00000000,1.955386166930e+13,-2.800627999424e-02,-3.180976850202e-02,2.418570486097e-02,2.747032820028e-02,1.586559249347e-02,1.487389097600e-02
727.20000000,3.199921818537e+13,-6.728414604307e-03,-7.642189929994e-03,3.578751111585e-02,4.064775789977e-02,5.290208382582e-03,4.959536352344e-03
727.40000000,2.698963355315e+13,-1.120041987439e-02,-1.272153114955e-02,2.205518103270e-02,2.505046121120e-02,-1.544302132692e-02,-1.447773322371e-02
727.60000000,1.279123436216e+13,-1.653123678938e-02,-1.877631786265e-02,1.389093326048e-02,1.577743951923e-02,-3.233495417051e-02,-3.031381168046e-02
727.80000000,3.381284072846e+13,-3.346686586996e-02,-3.801194789277e-02,1.609069142053e-02,1.827594344810e-02,-3.361776574440e-02,-3.151643928486e-02
728.00000000,4.691896598031e+13,-3.554074365737e-02,-4.036747573626e-02,-1.646110866712e-02,-1.869666649063e-02,-4.014402255511e-02,-3.763476309306e-02
728.20000000,2.605627227923e+13,-1.071277012888e-02,-1.216765446483e-02,-2.496810584332e-02,-2.835898585541e-02,-1.062419289093e-02,-9.960112541195e-03
728.40000000,7.703209529085e+12,-2.275773125945e-02,-2.584842268031e-02,-2.274428271854e-02,-2.583314873600e-02,1.469503633237e-02,1.377650209950e-02
728.60000000,6.780676295850e+13,-2.177221281700e-02,-2.472906253982e-02,3.536532946116e-02,4.016824040456e-02,-2.277732536145e-02,-2.135359610998e-02
728.80000000,5.207724082553e+13,-1.156776905047e-02,-1.313876943514e-02,3.009019981336e-02,3.417670352123e-02,-1.091861326986e-02,-1.023612975386e-02
729.00000000,5.521350641630e+13,-9.529776280811e-03,-1.082400009680e-02,4.075227244241e-02,4.628677581802e-02,-2.780876584467e-03,-2.607053922007e-03
729.20000000,1.618273737123e+13,-2.171012784926e-02,-2.465854591100e-02,1.934978381229e-02,2.197764815968e-02,-2.339933926637e-02,-2.193673014743e-02
729.40000000,2.405683215477e+13,-2.198176559367e-03,-2.496707434703e-03,2.313850266985e-02,2.628090709194e-02,-1.656937524100e-02,-1.553368277777e-02
729.60000000,4.513676292118e+13,-2.492390841726e-02,-2.830878492543e-02,-1.792195810779e-02,-2.035591164462e-02,-5.328768633908e-02,-4.995686340090e-02
729.80000000,6.342689661723e+13,-2.107091781535e-02,-2.393252577526e-02,-6.404244145614e-03,-7.273994682648e-03,-1.657003333725e-02,-1.553429973878e-02
730.00000000,4.860764589261e+13,-3.483070906445e-02,-3.956101247038e-02,2.124775386264e-02,2.413337860034e-02,-3.733957388597e-04,-3.500561049316e-04
730.20000000,3.274874655972e+13,-8.423322560867e-03,-9.567280650415e-03,3.283831115460e-02,3.729803163255e-02,-1.953807768796e-02,-1.831682223849e-02
730.40000000,2.463241796546e+13,1.251204826015e-02,1.421128970800e-02,3.602313446957e-02,4.091538089837e-02,1.053034493844e-02,9.872130689005e-03
730.60000000,4.178833762280e+13,-4.076527905576e-03,-4.630154700840e-03,3.288284262416e-02,3.734861085243e-02,2.886628383632e-02,2.706195553934e-02
730.80000000,1.806698079017e+13,-5.458526920931e-03,-6.199840812579e-03,2.139055703220e-02,2.429557564849e-02,8.990561247009e-03,8.428593376269e-03
731.00000000,3.000696584827e+13,-5.069061968410e-03,-5.757483241996e-03,1.478225770347e-02,1.678981336248e-02,2.301809867082e-03,2.157931953978e-03
731.20000000,2.787234739082e+13,1.538585171277e-02,1.747537985375e-02,4.059645037367e-03,4.610979179405e-03,1.991544341761e-02,1.867060018428e-02
731.40000000,2.439372316205e+13,6.331851272940e-02,7.191769960982e-02,7.910482167432e-03,8.984792571109e-03,4.537881869266e-02,4.254235082188e-02
731.60000000,3.565155516053e+13,8.913240455688e-02,1.012373351822e-01,7.129331197311e-02,8.097554690445e-02,7.822537166817e-02,7.333578309339e-02
731.80000000,7.837377998000e+12,1.396457908130e-02,1.586108643831e-02,4.495224546199e-02,5.105714070685e-02,1.745925512954e-02,1.636793945299e-02
732.00000000,3.241754612555e+13,-3.437355948068e-03,-3.904177812603e-03,2.215386549496e-04,2.516254785837e-04,1.981399413960e-02,1.857549213827e-02
732.20000000,3.064340405504e+13,-8.038402427973e-03,-9.130085124210e-03,-6.527899522513e-03,-7.414443505895e-03,-7.265551784990e-03,-6.811408094270e-03
732.40000000,4.074118988825e+13,-3.004537690664e-03,-3.412579193497e-03,-1.534543022216e-02,-1.742946947383e-02,3.702987198294e-03,3.471526694992e-03
732.60000000,3.090209485222e+13,-1.585994064343e-02,-1.801385405085e-02,-3.801008433009e-02,-4.317217536021e-02,-4.572384998804e-02,-4.286581544338e-02
732.80000000,3.615340163217e+13,-1.895832153397e-02,-2.153302114049e-02,-1.802508626200e-02,-2.047304547468e-02,-4.423495503529e-02,-4.146998599604e-02
733.00000000,4.205342703760e+13,-2.611805759059e-02,-2.966510960577e-02,7.863845974842e-03,8.931822789008e-03,-4.547987793487e-02,-4.263709321182e-02
733.20000000,7.817445915239e+12,-7.304652988218e-03,-8.296686335727e-03,1.891037360267e-02,2.147856232604e-02,-8.976469615009e-03,-8.415382561852e-03
733.40000000,4.119241355566e+13,4.131435516769e-02,4.692519227704e-02,7.502947101186e-03,8.521910794984e-03,1.528504446119e-02,1.432963092759e-02
733.60000000,2.231317619604e+13,1.776299221194e-02,2.017535603734e-02,2.752935874009e-04,3.126807856467e-04,1.971515258655e-02,1.848282881766e-02
733.80000000,5.556783404463e+13,4.426940654164e-03,5.028156449557e-03,-3.275806437081e-02,-3.720688665661e-02,9.261362325938e-04,8.682467647015e-04
734.00000000,3.783639806368e+13,-1.299895425558e-02,-1.476432163512e-02,-2.399857187376e-03,-2.725778097020e-03,-1.903844454761e-02,-1.784841938114e-02
734.20000000,1.935567488892e+13,-1.200160267798e-02,-1.363152132015e-02,2.047065534387e-03,2.325074352820e-03,-1.477857122834e-02,-1.385481552749e-02
734.40000000,4.883163088226e+13,8.053578538855e-03,9.147322278664e-03,3.536798614281e-02,4.017125788606e-02,1.521349934446e-03,1.426255784056e-03
734.60000000,1.338892113878e+13,4.563021724134e-02,5.182718474007e-02,4.261214380228e-02,4.839923344370e-02,6.917922555899e-02,6.485507926614e-02
734.80000000,2.782317352387e+13,6.569648345959e-02,7.461861877678e-02,1.564794847320e-02,1.777307226277e-02,4.670607590920e-02,4.378664593056e-02
735.00000000,1.491407919008e+13,1.611974177870e-02,1.830893836662e-02,9.935661523004e-03,1.128500841687e-02,5.422264504361e-02,5.083338117633e-02
735.20000000,2.290923851485e+13,-1.328952620234e-02,-1.509435569754e-02,1.214743188482e-02,1.379715590614e-02,3.322524487422e-02,3.114845349225e-02
735.40000000,4.134042302232e+13,-1.120144186791e-02,-1.272269193839e-02,9.783154684390e-03,1.111178985931e-02,1.681086911271e-02,1.576008173014e-02
735.60000000,2.931322427518e+13,6.880309097396e-03,7.814712973502e-03,4.264521347656e-02,4.843679425953e-02,8.788096487418e-03,8.238783965629e-03
735.80000000,2.875211646300e+13,2.297840327806e-03,2.609906381610e-03,1.499825400060e-02,1.703514378416e-02,9.727087397255e-03,9.119081907614e-03
736.00000000,3.365200339631e+13,-1.687025698501e-02,-1.916137985384e-02,-1.507808503969e-02,-1.712581655375e-02,-7.363868455817e-03,-6.903579341174e-03
736.20000000,5.388445702177e+13,-5.018444011022e-02,-5.699990940023e-02,-6.358763020562e-02,-7.222336836028e-02,-2.555963253764e-02,-2.396199120252e-02
736.40000000,2.135469062661e+13,-9.600769099905e-02,-1.090463433816e-01,-4.363994792670e-02,-4.956662206378e-02,-1.346609259152e-01,-1.262437524230e-01
736.60000000,2.184422789824e+13,-2.992574768304e-01,-3.398991605608e-01,-1.197012731423e-01,-1.359577187480e-01,-5.486472223208e-02,-5.143532441314e-02
736.80000000,3.491890828736e+13,-1.396575925827e-01,-1.586242689325e-01,-7.606372684740e-02,-8.639382447799e-02,-1.296823842492e-01,-1.215764016140e-01
737.00000000,1.183778921097e+13,-6.577896700930e-02,-7.471230428668e-02,-4.302114293719e-02,-4.886377812140e-02,-5.455604455796e-02,-5.114594107789e-02
737.20000000,4.758810695391e+13,-3.172150643636e-02,-3.602955396016e-02,-2.357676757879e-02,-2.677869208338e-02,-3.822973307489e-02,-3.584012901072e-02
737.40000000,1.982864427022e+13,-1.901802589693e-02,-2.160083385838e-02,-2.876092375905e-02,-3.266690053262e-02,-5.335197645390e-02,-5.001713497027e-02
737.60000000,4.904494399038e+13,-1.870679399523e-02,-2.124733404528e-02,-5.362721644791e-02,-6.091024614582e-02,-5.300348090928e-02,-4.969042263738e-02
737.80000000,3.619546007052e+13,-1.222246411907e-01,-1.388237760358e-01,-1.496623379575e-01,-1.699877496459e-01,-1.022684838012e-01,-9.587604616502e-02
738.00000000,3.533673055248e+13,-2.494458333912e-02,-2.833226767567e-02,-1.097564120364e-01,-1.246622613671e-01,-1.396870370432e-01,-1.309556992968e-01
738.20000000,3.645621412995e+13,-6.860101851825e-02,-7.791761413929e-02,-1.060195138847e-01,-1.204178608310e-01,-1.870904629481e-01,-1.753961063657e-01
738.40000000,4.039660497055e+13,-6.704295427395e-02,-7.614795165885e-02,-7.546263309404e-02,-8.571109710747e-02,-7.702163482966e-02,-7.220728754511e-02
738.60000000,6.311401834399e+13,-3.946681856612e-03,-4.482674465718e-03,-1.728751790190e-02,-1.963530909119e-02,-1.516325358080e-02,-1.421545276012e-02
738.80000000,1.891167847860e+13,3.713160666726e-03,4.217439133068e-03,-4.332513421178e-03,-4.920905398294e-03,-1.581669764103e-02,-1.482805236614e-02
739.00000000,6.669380647276e+13,9.147042109431e-03,1.038928740408e-02,2.439493415435e-03,2.770797260186e-03,-8.604596286824e-03,-8.066753707141e-03
739.20000000,2.079258112202e+13,-6.766237233886e-03,-7.685149190964e-03,-4.250451485522e-03,-4.827698757504e-03,-3.932705830090e-03,-3.686886435631e-03
739.40000000,3.355067909169e+13,1.213631266705e-02,1.378452605938e-02,2.861561472031e-02,3.250185729705e-02,2.221340665052e-02,2.082492594344e-02
739.60000000,2.798290185670e+13,3.300197532460e-02,3.748392129910e-02,2.300597733992e-02,2.613038370099e-02,2.319116564465e-02,2.174156871524e-02
739.80000000,4.602478414715e+13,-1.798611144790e-02,-2.042877674317e-02,3.199289842806e-02,3.633780470527e-02,-7.779422453074e-03,-7.293158542353e-03
740.00000000,3.980275119399e+13,-5.112375308564e-03,-5.806678898243e-03,-6.447315688238e-03,-7.322915705159e-03,2.231824347191e-02,2.092320978958e-02
740.20000000,5.088567596481e+13,1.834384475593e-02,2.083509324492e-02,2.071067649702e-02,2.352336158461e-02,2.870121763165e-02,2.690720703354e-02
740.40000000,4.858492886448e+13,-8.215574080198e-03,-9.331318177780e-03,-1.873103936295e-02,-2.127487297933e-02,9.444263939405e-03,8.853936733915e-03
740.60000000,3.775476077243e+13,-8.960117848554e-03,-1.017697725553e-02,-4.542210260763e-03,-5.159080842801e-03,-1.632092075619e-02,-1.530075829538e-02
740.80000000,4.526708000724e+13,1.447168541570e-02,1.643706208044e-02,1.755470894054e-02,1.993878693341e-02,8.877094247970e-04,8.322218794057e-04
741.00000000,3.085027339870e+13,1.425350500491e-02,1.618925093378e-02,2.054025417503e-02,2.332979446946e-02,9.262708165385e-03,8.683729362842e-03
741.20000000,3.512171021662e+13,2.259878405946e-02,2.566788911295e-02,5.130045979302e-02,5.826749625206e-02,1.527613667149e-02,1.432127993201e-02
741.40000000,7.905468736830e+13,-1.441005743575e-02,-1.636706450218e-02,-5.672301030149e-03,-6.442647499618e-03,-1.702546712649e-03,-1.596126598859e-03
741.60000000,3.512033991552e+13,-2.486086277425e-03,-2.823717715354e-03,-2.731057151512e-02,-3.101957818350e-02,3.258242457259e-02,3.054581359164e-02
741.80000000,4.763212071930e+13,2.785245979204e-03,3.163505822190e-03,-2.516048983435e-02,-2.857749722006e-02,9.657932772448e-04,9.054249891397e-04
742.00000000,3.611504414259e+13,2.600204598143e-02,2.953334264380e-02,-2.478665427900e-02,-2.815289163352e-02,-1.934592636502e-03,-1.813668160842e-03
742.20000000,3.681674877240e+13,7.597896542368e-03,8.629754832299e-03,-2.207437203951e-02,-2.507225851909e-02,-2.994520052771e-02,-2.807343300207e-02
742.40000000,3.217126061044e+13,1.952750967302e-02,2.217950981877e-02,1.113474123548e-02,1.264693329892e-02,-2.486386845799e-03,-2.330971685034e-03
742.60000000,5.546128494441e+13,1.034806832410e-02,1.175342308584e-02,3.396358689517e-03,3.857612933891e-03,-1.156573261407e-02,-1.084279997926e-02
742.80000000,5.382756504334e+13,4.631429779696e-03,5.260416919197e-03,8.911674504689e-03,1.012195529819e-02,-2.648228428426e-02,-2.482697128402e-02
743.00000000,2.884955727365e+13,-9.451370971018e-03,-1.073494668612e-02,-5.893069361482e-03,-6.693398038120e-03,-3.705930396494e-02,-3.474285924384e-02
743.20000000,3.062945034320e+13,1.460040840804e-02,1.658326673839e-02,5.068649413567e-03,5.757014886408e-03,-2.622963963155e-02,-2.459011854615e-02
743.40000000,4.695671579874e+13,-1.460336591837e-03,-1.658662590351e-03,-5.632599487230e-03,-6.397554151281e-03,-1.825834497199e-02,-1.711708104361e-02
743.60000000,4.188442071833e+13,2.277270843054e-03,2.586543387728e-03,9.441891086329e-03,1.072417977743e-02,1.992922865298e-02,1.868352375381e-02
743.80000000,2.662742862117e+13,-5.482636021965e-03,-6.227224132423e-03,1.078519493614e-03,1.224991565485e-03,1.351633446593e-02,1.267147667660e-02
744.00000000,3.746268635700e+13,8.126178365423e-03,9.229781772637e-03,1.107391941705e-02,1.257785136297e-02,-9.749394782188e-03,-9.139994937592e-03
744.20000000,1.359588001590e+13,-8.369660652252e-03,-9.506331003023e-03,-3.097806765572e-02,-3.518515132824e-02,-3.363735864332e-02,-3.153480750166e-02
744.40000000,3.786779997435e+13,1.659662140188e-02,1.885058225577e-02,1.216380913442e-02,1.381575732479e-02,-3.690267274543e-02,-3.459601848241e-02
744.60000000,4.465499001681e+13,6.167151151887e-03,7.004702177470e-03,1.159096619427e-02,1.316511746692e-02,-1.743474790181e-02,-1.634496408453e-02
744.80000000,3.067483400594e+13,-5.520546457816e-03,-6.270283124494e-03,1.181064493030e-03,1.341463043387e-03,-6.015468854190e-03,-5.639463382382e-03
745.00000000,4.034278374035e+13,-2.789592514926e-02,-3.168442654040e-02,1.944312679563e-02,2.208366790986e-02,5.332401615433e-03,4.999092236916e-03
745.20000000,2.998643408595e+13,1.171634926288e-02,1.330752809076e-02,2.800110660518e-02,3.180389378094e-02,3.154603445540e-02,2.957420451885e-02
745.40000000,4.023640361131e+13,2.029157017499e-03,2.304733616681e-03,-1.312225031585e-02,-1.490436292739e-02,-1.934889649767e-02,-1.813946608869e-02
745.60000000,2.254991111666e+13,-2.057863110133e-02,-2.337338238268e-02,-2.143356644999e-02,-2.434442610908e-02,-6.030499196799e-02,-5.653554231961e-02
745.80000000,6.610431114741e+13,6.952786962444e-03,7.897033942554e-03,1.828505367335e-02,2.076831865989e-02,-2.619379305012e-02,-2.455651260649e-02
746.00000000,2.393960092246e+13,1.496387808979e-02,1.699609866167e-02,1.910079343237e-02,2.169484277962e-02,1.157497864459e-02,1.085146807344e-02
746.20000000,3.275583668963e+13,4.357317037310e-02,4.949077359622e-02,2.030252731063e-02,2.305978228563e-02,3.720693561671e-02,3.488126296838e-02
746.40000000,1.838155265326e+13,2.624265629546e-02,2.980662986331e-02,3.102535969647e-02,3.523886602823e-02,-2.210476510299e-02,-2.072307519099e-02
746.60000000,6.151248891056e+13,3.089347494753e-02,3.508906882692e-02,5.820511215027e-03,6.610985881511e-03,-1.034734713489e-02,-9.700571424513e-03
746.80000000,4.736214812641e+13,2.873386727878e-03,3.263616826275e-03,-4.146644431184e-03,-4.709793826945e-03,-5.376664120236e-02,-5.040588050642e-02
747.00000000,1.896803403977e+13,-3.187959268886e-02,-3.620910965611e-02,1.139200590432e-02,1.293913668632e-02,-5.057503180169e-02,-4.741376720948e-02
747.20000000,4.337160522979e+13,-2.024141683964e-02,-2.299037158645e-02,2.232169149255e-02,2.535316604626e-02,-3.855280374074e-02,-3.614300568319e-02
747.40000000,6.716679230947e+13,2.523399092827e-02,2.866097925092e-02,3.540137699438e-02,4.020918349777e-02,3.545317495286e-02,3.323712361948e-02
747.60000000,3.445304937697e+13,4.309134662926e-02,4.894351413322e-02,5.207012970895e-02,5.914169385424e-02,1.018671543688e-01,9.549980240193e-02
747.80000000,2.717298944564e+13,3.342813909067e-02,3.796796169095e-02,1.125922240991e-02,1.278832006998e-02,2.521435047704e-02,2.363829149024e-02
748.00000000,4.224298335345e+13,4.512743905296e-02,5.125612504262e-02,3.432764765550e-02,3.898963263056e-02,-1.498592445570e-02,-1.404920784524e-02
748.20000000,4.327775104737e+13,2.057000284408e-02,2.336358233549e-02,1.974001115931e-02,2.242087168188e-02,-5.225820963317e-02,-4.899173560675e-02
748.40000000,4.924591965062e+13,-1.365880313307e-03,-1.551378354308e-03,3.386246999016e-02,3.846127990271e-02,-4.407736379659e-02,-4.132224522277e-02
748.60000000,5.231141343860e+13,-2.312688260624e-02,-2.626770788656e-02,2.233500692986e-02,2.536828983260e-02,-3.192945464402e-02,-2.993365848100e-02
748.80000000,5.500482845808e+13,-6.628825470082e-03,-7.529075753257e-03,2.352507575275e-02,2.671998007002e-02,-2.465451813973e-03,-2.311345227271e-03
749.00000000,2.382585322587e+13,-3.413067356687e-02,-3.876590626114e-02,-3.346899807839e-03,-3.801437117641e-03,-3.244645475028e-02,-3.041834275726e-02
749.20000000,5.470247684184e+13,-4.734213619931e-02,-5.377159669905e-02,-2.947888913077e-02,-3.348237167604e-02,-5.203195742177e-02,-4.877962561296e-02
749.40000000,5.229008043324e+13,-1.411319165423e-01,-1.602988184929e-01,-4.927004989315e-02,-5.596133950984e-02,-6.559966729038e-02,-6.149926639931e-02
749.60000000,3.064345227742e+13,1.348583204567e-03,1.531732152640e-03,-2.866159597068e-03,-3.255408319023e-03,-2.125298965956e-02,-1.992454118813e-02
749.80000000,2.648523134409e+13,-3.735921070020e-03,-4.243290590666e-03,2.001268077426e-02,2.273057213741e-02,-3.064995913705e-02,-2.873413966802e-02
750.00000000,5.803914744585e+13,-6.541613947767e-03,-7.430020172290e-03,1.772766329459e-03,2.013522995199e-03,-2.486384894413e-02,-2.330969855622e-02
750.20000000,3.503769834500e+13,1.972987363293e+00,2.240935650742e+00,1.997948203834e+00,2.269286473228e+00,3.642813330616e+00,3.415114080851e+00
750.40000000,2.713401535816e+13,1.029669990816e+01,1.169507840673e+01,1.038098900525e+01,1.179081513882e+01,1.909991213550e+01,1.790604484967e+01
750.60000000,3.151880823304e+13,5.098211812314e-01,5.790591880011e-01,5.668423267381e-01,6.438243103858e-01,1.012874593997e+00,9.495634209478e-01
750.80000000,6.847039407306e+13,-1.397854946729e-02,-1.587695412029e-02,-3.997052229696e-03,-4.539885738895e-03,-3.146643392881e-02,-2.949957953686e-02
751.00000000,4.665206986602e+13,-3.746108567969e-02,-4.254861636570e-02,-1.676497735449e-02,-1.904180311657e-02,-3.711539991307e-02,-3.479544883463e-02
751.20000000,4.016455847772e+13,-1.611037744036e-02,-1.829830227233e-02,-1.172346231131e-02,-1.331560767762e-02,2.285930634517e-03,2.143045275523e-03
751.40000000,3.748120706555e+13,1.202441177578e-02,1.365742808539e-02,2.328114252149e-03,2.644291864221e-03,-1.166103219593e-02,-1.093214272466e-02
751.60000000,2.125278281355e+13,5.608315265287e-03,6.369971674632e-03,-8.596610750781e-03,-9.764103220955e-03,-3.371087034750e-02,-3.160372425178e-02
751.80000000,2.715808004117e+13,1.117397178597e-02,1.269149118815e-02,-1.065085573438e-03,-1.209733205293e-03,-1.748957715056e-02,-1.639636615278e-02
752.00000000,3.220953997349e+13,1.446391225883e-02,1.642823326345e-02,-1.043362172937e-02,-1.185059583217e-02,-2.430387773634e-03,-2.278472914850e-03
752.20000000,2.479366601245e+13,-1.166688769890e-02,-1.325134923015e-02,6.368939739505e-03,7.233895639502e-03,1.421162257896e-02,1.332330481314e-02
752.40000000,4.808296790852e+13,-1.310903330289e-02,-1.488935034342e-02,2.404044702119e-02,2.730534311693e-02,7.411412253892e-04,6.948151346253e-04
752.60000000,4.611413652216e+13,1.596065115182e-03,1.812824189380e-03,2.094421131696e-03,2.378861240888e-03,1.562238716018e-02,1.464588753940e-02
752.80000000,3.097787966416e+13,4.266120208440e-02,4.845495233932e-02,3.051370353538e-02,3.465772263169e-02,3.911790439966e-02,3.667278391838e-02
753.00000000,3.228988510828e+13,3.429846784289e-02,3.895648841191e-02,6.411408327325e-02,7.282131820847e-02,1.023422672104e-02,9.594521763689e-03
753.20000000,5.921065144955e+13,2.540439536096e-02,2.885452603959e-02,4.231758863828e-02,4.806467519639e-02,1.048140726191e-02,9.826251931832e-03
753.40000000,3.621681065806e+13,3.370349036900e-02,3.828070799007e-02,4.577062561246e-02,5.198666380552e-02,3.255874547484e-02,3.052361458971e-02
753.60000000,3.616437067270e+13,2.474237836609e-02,2.810260156567e-02,4.023567980767e-02,4.570002553294e-02,4.093612447450e-02,3.837735355072e-02
753.80000000,2.703884884080e+13,2.486146284826e-02,2.823785872266e-02,5.049891359496e-02,5.735709329895e-02,2.958207559588e-02,2.773300571271e-02
754.00000000,7.197777157725e+13,3.864284482658e-02,4.389086834973e-02,4.797037183852e-02,5.448515417967e-02,3.375958235657e-02,3.164939144715e-02
754.20000000,3.445401372758e+13,2.278054280950e-02,2.587433223082e-02,3.399348304194e-02,3.861008563533e-02,1.700304718817e-02,1.594024744053e-02
754.40000000,3.382477005940e+13,-2.702640283055e-03,-3.069681577341e-03,2.518593397490e-02,2.860639689017e-02,1.484966740677e-02,1.392146773775e-02
754.60000000,4.293720073360e+13,-1.523279614429e-02,-1.730153805104e-02,5.055632180978e-02,5.742229803503e-02,-9.389747349163e-03,-8.802827781004e-03
754.80000000,3.613337794399e+13,-2.347392404376e-02,-2.666188047179e-02,1.360160202399e-02,1.544881465297e-02,-1.772047590902e-02,-1.661283225458e-02
755.00000000,2.827558525203e+13,8.833523115537e-04,1.003318989242e-03,2.621751583502e-02,2.977807629442e-02,-5.459064225581e-03,-5.117837619722e-03
755.20000000,5.093190213829e+13,7.743973996475e-03,8.795670833977e-03,3.522372049735e-02,4.000739974541e-02,1.363086196567e-02,1.277884547140e-02
755.40000000,4.436477195867e+13,6.672195116696e-03,7.578335362856e-03,6.078027300004e-03,6.903474829500e-03,-8.928185391765e-03,-8.370116412940e-03
755.60000000,6.557283789523e+13,-1.055762238401e-02,-1.199143635056e-02,-8.756537173963e-03,-9.945749005437e-03,-2.643202183581e-02,-2.477985056170e-02
755.80000000,4.481121433344e+13,1.737604876261e-02,1.973586241129e-02,4.752761751915e-03,5.398227007788e-03,5.135821803094e-03,4.814799926496e-03
756.00000000,4.392812935103e+13,-1.084148506358e-02,-1.231384997084e-02,-3.588261577279e-02,-4.075577857373e-02,-3.013119563532e-02,-2.824780221985e-02
756.20000000,4.061047100883e+13,-3.089276700905e-02,-3.508826474443e-02,-5.142162622880e-02,-5.840511811493e-02,-3.030556726903e-02,-2.841127450555e-02
756.40000000,3.230112352482e+13,-3.582986655305e-02,-4.069586395427e-02,-2.088071256097e-02,-2.371648998460e-02,-2.087683226771e-02,-1.957189605127e-02
756.60000000,5.125689691221e+13,-1.001804124640e-02,-1.137857555366e-02,6.123071101393e-03,6.954635960204e-03,-1.189764098103e-02,-1.115396193972e-02
756.80000000,3.965420606849e+13,6.820810590868e-03,7.747134069082e-03,3.530736218915e-02,4.010240068659e-02,3.691033087999e-03,3.460319793433e-03
757.00000000,3.776137349241e+13,3.264123271612e-02,3.707418680859e-02,1.841430730045e-02,2.091512602309e-02,-7.213432379214e-04,-6.762546486384e-04
757.20000000,4.296359655455e+13,-7.924026502657e-04,-9.000175985711e-04,3.111738788882e-02,3.534339242769e-02,-1.732519540529e-02,-1.624225932326e-02
757.40000000,4.232224482521e+13,-6.436607250870e-02,-7.310752682280e-02,-6.132664115773e-02,-6.965531787096e-02,-4.879666957543e-02,-4.574656405397e-02
757.60000000,6.261913513498e+12,-5.248135941245e-02,-5.960876967325e-02,-3.661631259939e-02,-4.158911763671e-02,-1.378925615952e-02,-1.292733900995e-02
757.80000000,2.591780381774e+13,-4.298129699669e-02,-4.881851883444e-02,-4.170448543372e-02,-4.736830738959e-02,-1.345963388024e-02,-1.261832024199e-02
758.00000000,3.398013066868e+13,-2.102311047746e-02,-2.387822579857e-02,-1.104646902753e-02,-1.254667297831e-02,-7.948300609179e-03,-7.451480728125e-03
758.20000000,5.343884012560e+13,3.542905950130e-03,4.024062393193e-03,3.030448256145e-03,3.442008767941e-03,-3.910309463965e-04,-3.665889986353e-04
758.40000000,5.214944991746e+13,1.315122294547e-02,1.493726969451e-02,3.446696123544e-02,3.914786617330e-02,3.021305655263e-02,2.832454630361e-02
758.60000000,4.216333616833e+13,4.465377656412e-04,5.071813520178e-04,2.846356644927e-02,3.232915958443e-02,2.455722689419e-02,2.302224235542e-02
758.80000000,4.263650312538e+13,-2.417024726089e-02,-2.745277024166e-02,3.499528755002e-02,3.974794367121e-02,9.551924800571e-02,8.954868099196e-02
759.00000000,5.037710902604e+13,-3.031549498445e-02,-3.443259432091e-02,-4.003099313960e-02,-4.546754068362e-02,1.759710108917e-02,1.649716915404e-02
759.20000000,6.130171104966e+13,-4.626623496116e-02,-5.254957901860e-02,-2.956488476838e-02,-3.358004624879e-02,-1.481284370683e-02,-1.388694575577e-02
759.40000000,4.110560457631e+13,-1.855368474552e-02,-2.107343127098e-02,-2.589120135385e-02,-2.940744554598e-02,-2.625170293182e-02,-2.461080274833e-02
759.60000000,6.117165682935e+13,-6.408647283222e-04,-7.278995515726e-04,-1.507557733093e-02,-1.712296827692e-02,-1.458540397616e-02,-1.367372247029e-02
759.80000000,4.040444957066e+13,1.318417460619e-02,1.497469646806e-02,-8.128189815892e-03,-9.232066760110e-03,5.491668745619e-03,5.148404147671e-03
760.00000000,3.229591497520e+13,1.183934242160e-02,1.344722475547e-02,3.681767814169e-03,4.181783032327e-03,5.247469628396e-02,4.919469045026e-02
760.20000000,5.464300982908e+13,1.301543465130e-02,1.478304020727e-02,2.196590516564e-02,2.494906092608e-02,5.592000065450e-02,5.242464115065e-02
760.40000000,3.327993371531e+13,3.849403945060e-02,4.372185395144e-02,8.267557192591e-02,9.390361405660e-02,9.746330390268e-02,9.137122089867e-02
760.60000000,3.021726544130e+13,1.383850733617e-02,1.571789308925e-02,2.313626352117e-02,2.627836384791e-02,3.872506616184e-02,3.630450059565e-02
760.80000000,4.903615839093e+13,2.120373899261e-03,2.408338518614e-03,1.638095312856e-02,1.860562515179e-02,2.349982760441e-02,2.203093731839e-02
761.00000000,5.792818886023e+13,1.879496928681e-02,2.134748428348e-02,-2.119103489584e-03,-2.406895671797e-03,2.292451181602e-02,2.149158246500e-02
761.20000000,1.966994818507e+13,8.880097002857e-04,1.008608890558e-03,-1.572719716249e-02,-1.786308359453e-02,9.573436478529e-03,8.975035159002e-03
761.40000000,2.822424447083e+13,6.354237282844e-03,7.217196179419e-03,-1.577358497746e-02,-1.791577126724e-02,3.048588148347e-02,2.858031792250e-02
761.60000000,4.172242297760e+13,1.438973189480e-02,1.634397858173e-02,1.897620659450e-02,2.155333599512e-02,7.313881591155e-02,6.856716976878e-02
761.80000000,3.620884073553e+13,1.974238453031e-02,2.242356648995e-02,4.516155196261e-02,5.129487280105e-02,1.112601743931e-01,1.043056982949e-01
762.00000000,1.234492524010e+13,9.485812867317e-02,1.077406608178e-01,8.487710859695e-02,9.640413803330e-02,1.311263843343e-01,1.229301424115e-01
762.20000000,3.717919173166e+13,1.665583148512e-02,1.891783356658e-02,-2.592788686772e-02,-2.944911326300e-02,6.064161948531e-02,5.685112845320e-02
762.40000000,4.064851833582e+13,-2.865494311558e-02,-3.254652553401e-02,-1.134164112354e-02,-1.288193194222e-02,-4.532172773719e-02,-4.248882841812e-02
762.60000000,3.263698431892e+13,2.615829690927e-02,2.971081376256e-02,4.557303527370e-03,5.176223902708e-03,4.267114223357e-02,4.000392154687e-02
762.80000000,4.221135504855e+13,-2.589682582222e-02,-2.941383270150e-02,-4.787411285086e-02,-5.437582240710e-02,6.195403365359e-03,5.808150829956e-03
763.00000000,4.071036087839e+13,-1.516442800269e-02,-1.722388494046e-02,-1.248967915327e-02,-1.418588324917e-02,3.002544873969e-02,2.814866518495e-02
763.20000000,2.185667248062e+13,-2.509833229472e-02,-2.850689703331e-02,-2.162850765280e-02,-2.456584197650e-02,-1.380694022518e-02,-1.294391770783e-02
763.40000000,2.848572148630e+13,-4.440304922670e-02,-5.043335698191e-02,-3.111380412296e-02,-3.533932195610e-02,-3.760348913330e-02,-3.525302934107e-02
763.60000000,3.503967948467e+13,-1.113315521344e-01,-1.264513138158e-01,2.566210766134e-03,2.914723899181e-03,-4.096528085917e-02,-3.840468747393e-02
763.80000000,5.083033417201e+13,1.564176992233e-02,1.776605390982e-02,-7.170836044356e-02,-8.144696246864e-02,-4.190846468357e-02,-3.928891624636e-02
764.00000000,2.939125157911e+13,1.863263028271e-02,2.116309827648e-02,-4.311525418201e-02,-4.897067046948e-02,-3.714633390830e-02,-3.482444925630e-02
764.20000000,1.372252229728e+13,8.297335980669e-03,9.424184032396e-03,-2.663620895006e-02,-3.025363147676e-02,-2.287071708718e-02,-2.144115025252e-02
764.40000000,5.993441542440e+13,1.845808729615e-03,2.096485088349e-03,-3.465953079305e-02,-3.936658830603e-02,-2.480259635081e-02,-2.325227464373e-02
764.60000000,2.156535740156e+13,-2.299140896650e-03,-2.611383578647e-03,-4.056287472933e-03,-4.607165629313e-03,-4.409046288483e-03,-4.133452553380e-03
764.80000000,1.309933674430e+13,1.459786333116e-03,1.658037601866e-03,-6.980565985580e-03,-7.928585904357e-03,-1.656759951019e-02,-1.553201804155e-02
765.00000000,1.780284052439e+13,2.558626258170e-02,2.906109235940e-02,-3.404457395334e-02,-3.866811512475e-02,-2.847513119756e-02,-2.669525245490e-02
765.20000000,5.453559828876e+13,3.844352063354e-02,4.366447425388e-02,1.439892354893e-02,1.635441918661e-02,-2.587945990914e-03,-2.426182730740e-03
765.40000000,4.775889618431e+13,3.315756471027e-04,3.766064103275e-04,-2.428502084673e-02,-2.758313213715e-02,-1.376735336188e-02,-1.290680527796e-02
765.60000000,3.688916691391e+13,1.272464540476e-02,1.445275933394e-02,-2.398111953612e-02,-2.723795845747e-02,-1.617512400640e-02,-1.516407477965e-02
765.80000000,6.544151489073e+13,1.737450434253e-02,1.973410824597e-02,-2.229873497636e-02,-2.532709184094e-02,-3.338882735372e-02,-3.130181101525e-02
766.00000000,4.812689978066e+13,4.610576135101e-02,5.236731174175e-02,-1.250691582465e-02,-1.420546080635e-02,7.242157894643e-03,6.789476472450e-03
766.20000000,4.053095497753e+13,3.151710246712e-02,3.579739021176e-02,-2.184063729575e-02,-2.480678061965e-02,-2.337676387134e-02,-2.191556585971e-02
766.40000000,2.663096479325e+13,2.256752465845e-02,2.563238442222e-02,-1.507796830651e-02,-1.712568396722e-02,-1.233333064573e-02,-1.156241819970e-02
766.60000000,1.132736463008e+13,6.165021821827e-03,7.002283666469e-03,-1.169425179435e-02,-1.328243012533e-02,-2.095421463039e-02,-1.964444151886e-02
766.80000000,4.488134768682e+13,2.528262467411e-03,2.871621786872e-03,1.429785236687e-02,1.623962168294e-02,-2.934524087652e-03,-2.751097468571e-03
767.00000000,2.393464610832e+13,-1.434870462359e-02,-1.629737946182e-02,-3.308889243167e-03,-3.758264396704e-03,-5.128063089789e-03,-4.807526182646e-03
767.20000000,4.171817436711e+13,8.566179425360e-03,9.729538679307e-03,-1.629965711412e-02,-1.851328845080e-02,2.033995779819e-02,1.906857968722e-02
767.40000000,4.424763029978e+13,2.056312355934e-02,2.335576878598e-02,-1.948928445358e-02,-2.213609416828e-02,1.166435345395e-02,1.093525638270e-02
767.60000000,3.980958873121e+13,5.440152430732e-02,6.178970911984e-02,-2.606661960982e-02,-2.960668708520e-02,1.540626407664e-02,1.444327353786e-02
767.80000000,5.369726255495e+13,2.693830048976e-02,3.059674839334e-02,-1.623736823992e-02,-1.844254022050e-02,-1.308637327000e-02,-1.226839081927e-02
768.00000000,3.376449217445e+13,3.959063437865e-03,4.496737569902e-03,-1.360860614387e-02,-1.545676999159e-02,-1.583304665489e-02,-1.484337946154e-02
768.20000000,3.256525943087e+13,-3.405668966641e-02,-3.868187472439e-02,-3.361508055040e-02,-3.818029288403e-02,-3.178972396496e-02,-2.980266186759e-02
768.40000000,2.525516052625e+13,-1.182511570918e-02,-1.343106593578e-02,-4.013864413636e-02,-4.558981159650e-02,-2.829097505331e-02,-2.652260725345e-02
768.60000000,3.703442886717e+13,-1.932757107121e-02,-2.195241787227e-02,-2.488718274736e-02,-2.826707271838e-02,-3.238019016880e-02,-3.035622013808e-02
768.80000000,4.438823106571e+13,2.064977688392e-02,2.345419036127e-02,-1.922858152944e-02,-2.183998558140e-02,-2.873819238858e-02,-2.694187063048e-02
769.00000000,4.669444415794e+13,1.556486574417e-02,1.767870549708e-02,1.039150748120e-02,1.180276211279e-02,9.846688608014e-03,9.231207273884e-03
769.20000000,5.050559185330e+13,3.739499102599e-02,4.247354550181e-02,2.349849910337e-02,2.668979408681e-02,1.348835465001e-02,1.264524577903e-02
769.40000000,4.624844195353e+13,2.902334546160e-02,3.296496001887e-02,2.693812144993e-02,3.059654624839e-02,2.351514969150e-02,2.204530167654e-02
769.60000000,4.663579725256e+13,3.138167548978e-03,3.564357111122e-03,1.040664911142e-04,1.181996010455e-04,1.454609410932e-02,1.363686972281e-02
769.80000000,4.241098868020e+13,-6.396313465973e-03,-7.264986662305e-03,-2.675291545210e-02,-3.038618770916e-02,-3.504390164850e-02,-3.285343252752e-02
770.00000000,2.687847555153e+13,-1.381515572821e-02,-1.569137013641e-02,-3.432128545573e-02,-3.898240639023e-02,4.338824059513e-02,4.067619665121e-02
770.20000000,3.975968689592e+13,-3.233631968161e-02,-3.672786401803e-02,-2.379097054149e-02,-2.702198562064e-02,1.305323248336e-02,1.223732154483e-02
770.40000000,3.392668085575e+13,-1.871826254804e-02,-2.126036012407e-02,-1.347931436689e-02,-1.530991929745e-02,-8.111350366158e-03,-7.604338827182e-03
770.60000000,6.187918234411e+13,2.013582099395e-02,2.287043493628e-02,7.412015061097e-03,8.418629414535e-03,4.385668552263e-03,4.111536075950e-03
770.80000000,4.665754720891e+13,7.081574460711e-03,8.043311866887e-03,1.333407800530e-02,1.514495860920e-02,-1.585375271022e-04,-1.486279125527e-04
771.00000000,4.846150617473e+13,-2.691666003181e-03,-3.057216897908e-03,6.538796558196e-03,7.426820451217e-03,8.637363558418e-03,8.097472813628e-03
771.20000000,4.076998685946e+13,-9.629815314708e-03,-1.093762527337e-02,5.712390469884e-03,6.488181424439e-03,3.710945330162e-02,3.478987392462e-02
771.40000000,3.487048136895e+13,-8.727727584919e-03,-9.913026438428e-03,-1.509159455027e-03,-1.714116077016e-03,3.234307440070e-02,3.032142434407e-02
771.60000000,4.373924475846e+13,-1.556039548957e-02,-1.767362814429e-02,-4.034988202020e-03,-4.582973737212e-03,-8.913067414941e-03,-8.355943406848e-03
771.80000000,3.333364607570e+13,8.613412376951e-03,9.783186263209e-03,-1.464474825456e-02,-1.663362896703e-02,-1.616296532106e-02,-1.515267609030e-02
772.00000000,4.896194005330e+13,1.889964597391e-02,2.146637694559e-02,-7.124663818632e-03,-8.092253442253e-03,-1.025951806502e-02,-9.618232236094e-03
772.20000000,4.489331958785e+13,3.265444412923e-02,3.708919244279e-02,1.279952197143e-02,1.453780534341e-02,-9.464546570659e-03,-8.872951570335e-03
772.40000000,4.761291934412e+13,2.949438248255e-02,3.349996783125e-02,2.556056873380e-02,2.903191021886e-02,1.638768693963e-02,1.536335116316e-02
772.60000000,4.994582690559e+13,2.701490021420e-02,3.068375100498e-02,2.398792636806e-02,2.724568971477e-02,1.087082069293e-02,1.019132452021e-02
772.80000000,3.443046013703e+13,-9.410741604829e-03,-1.068879951009e-02,-1.086543247824e-02,-1.234105013400e-02,1.802713705033e-02,1.690032510329e-02
773.00000000,5.417449112141e+13,-2.352662784397e-02,-2.672174189159e-02,-3.491609968148e-02,-3.965800142017e-02,3.529479261236e-02,3.308864119338e-02
773.20000000,4.982097002229e+13,-4.588178885958e-02,-5.211292190115e-02,-1.705266923296e-02,-1.936856598611e-02,-3.461487557652e-02,-3.245122334289e-02
773.40000000,6.614912643242e+13,8.925971148259e-03,1.013819314597e-02,-1.187745615363e-02,-1.349051518657e-02,1.182780582640e-02,1.108849193118e-02
773.60000000,2.432474167182e+13,1.926400976657e-02,2.188022440757e-02,4.979199680090e-03,5.655417122350e-03,1.191900478069e-03,1.117399036458e-03
773.80000000,3.234349553971e+13,5.978143169627e-03,6.790025320638e-03,2.016671478336e-02,2.290552526813e-02,2.294625918286e-03,2.151197048161e-03
774.00000000,4.280260667956e+13,6.454188547466e-03,7.330721666908e-03,3.881095114746e-03,4.408180666699e-03,1.616242203015e-02,1.515216675857e-02
774.20000000,1.810953722893e+13,-1.729151058407e-02,-1.963984323668e-02,-1.905849786600e-02,-2.164680311751e-02,-9.063203876141e-03,-8.496695374121e-03
774.40000000,2.549390569570e+13,-3.324094570094e-02,-3.775534586359e-02,-1.919321577254e-02,-2.179981685551e-02,-1.544178127972e-02,-1.447657068744e-02
774.60000000,3.885474117079e+13,-2.193178451179e-02,-2.491030541363e-02,-1.454480910701e-02,-1.652011723772e-02,-1.123575660423e-02,-1.053344959118e-02
774.80000000,2.855989671013e+13,1.422854033064e-02,1.616089584666e-02,1.279837797916e-02,1.453650598731e-02,-7.729771334581e-04,-7.246610937929e-04
775.00000000,4.673272822913e+13,6.049393847232e-02,6.870952439865e-02,5.314044996543e-02,6.035737265682e-02,6.867069830542e-02,6.437833823482e-02
775.20000000,5.216154979410e+13,3.649386589654e-02,4.145003999644e-02,1.565435104027e-02,1.778034435262e-02,4.368770276973e-02,4.095694051490e-02
775.40000000,1.315786292357e+13,-2.927438289596e-02,-3.325009044941e-02,3.136803189186e-03,3.562807600688e-03,-1.311645240836e-02,-1.229658981813e-02
775.60000000,2.796368136659e+13,-2.914584382468e-02,-3.310409469054e-02,-2.583490259712e-02,-2.934350094177e-02,-2.609955975343e-02,-2.446816949659e-02
775.80000000,2.389994580970e+13,-2.092581926252e-02,-2.376772161790e-02,-3.709528844166e-02,-4.213314245065e-02,-1.029278110611e-02,-9.649416123292e-03
776.00000000,4.085248763706e+13,5.039355223816e-04,5.723742071497e-04,-1.737646404295e-02,-1.973633487071e-02,1.394607429001e-02,1.307435499923e-02
776.20000000,4.447894600694e+13,2.912252680019e-02,3.307761101790e-02,2.764757452376e-02,3.140234905187e-02,-4.966142862054e-03,-4.655727009994e-03
776.40000000,4.936507685973e+13,-5.635662236953e-03,-6.401032595185e-03,-2.138463826623e-02,-2.428885306401e-02,-2.419148332469e-02,-2.267936011007e-02
776.60000000,3.468661297465e+13,-1.240152106016e-02,-1.408575198411e-02,1.295478287188e-02,1.471415198770e-02,-1.960098329012e-02,-1.837579583615e-02
776.80000000,3.327860435676e+13,-2.096181714258e-02,-2.380860831300e-02,-5.047185621861e-03,-5.732636130197e-03,-1.006790880164e-02,-9.438599783369e-03
777.00000000,6.507933804168e+13,-1.776460005781e-02,-2.017718224220e-02,8.230453932215e-03,9.348219208619e-03,-5.993006818516e-03,-5.618405368328e-03
777.20000000,3.565758573156e+13,-6.541371464075e-03,-7.429744757272e-03,8.512275292336e-03,9.668314293747e-03,1.016942561624e-02,9.533771144493e-03
777.40000000,3.718181063650e+13,1.201147646815e-02,1.364273605412e-02,-2.939085778533e-03,-3.338238492912e-03,-2.575395308457e-03,-2.414416546614e-03
777.60000000,4.016819550985e+13,8.929750054632e-03,1.014248525963e-02,-1.072937281228e-03,-1.218651241428e-03,-9.188173733799e-03,-8.613853812348e-03
777.80000000,3.315055172018e+13,-1.675283680898e-02,-1.902801302977e-02,-3.452145926205e-02,-3.920976549299e-02,-6.190112104658e-02,-5.803190307061e-02
778.00000000,4.140826551936e+13,-5.520967511883e-02,-6.270761361247e-02,-6.125508769037e-02,-6.957404683737e-02,-4.380544164929e-02,-4.106731995765e-02
778.20000000,3.615371706360e+13,-4.688326090490e-02,-5.325040227803e-02,-3.940695589535e-02,-4.475875390204e-02,-4.293753220845e-02,-4.025366043592e-02
778.40000000,2.778579878996e+13,-1.040592869403e-02,-1.181914138092e-02,2.825615699138e-02,3.209358216740e-02,7.526111544729e-03,7.055681194104e-03
778.60000000,5.099348198251e+13,-1.610152331094e-02,-1.828824567762e-02,1.158829644129e-02,1.316208513890e-02,-1.316378654683e-02,-1.234096526868e-02
778.80000000,6.555304124470e+13,-7.818602191167e-03,-8.880434165534e-03,1.976266372085e-02,2.244660065292e-02,-1.283682600419e-02,-1.203444186171e-02
779.00000000,4.130949666212e+13,-1.134302090946e-02,-1.288349860523e-02,1.114110452900e-02,1.265416078153e-02,-2.425688552055e-02,-2.274067424827e-02
779.20000000,5.248700945439e+13,4.005074689627e-03,4.548997536858e-03,1.595244341108e-03,1.811892018935e-03,-1.785209449935e-02,-1.673622383695e-02
779.40000000,2.277438583221e+13,-2.197551027028e-02,-2.495996949810e-02,-1.074999105113e-02,-1.220993078441e-02,-2.063897044163e-02,-1.934890211834e-02
779.60000000,3.848636124535e+13,-5.050844810189e-02,-5.736792040385e-02,-2.878295357970e-03,-3.269192218929e-03,-2.317669193780e-02,-2.172799970811e-02
779.80000000,3.029124327578e+13,-2.234531960448e-02,-2.538000205197e-02,-7.596542802567e-03,-8.628217584462e-03,-2.209551921684e-02,-2.071440723216e-02
780.00000000,2.505718947519e+13,-5.075830183746e-02,-5.765170637932e-02,-1.703126521569e-02,-1.934425512221e-02,-3.036677020480e-02,-2.846865186442e-02
780.20000000,3.256700726611e+13,-6.538891976674e-02,-7.426928534617e-02,-5.932283894078e-02,-6.737938236011e-02,-6.374815182688e-02,-5.976348255412e-02
780.40000000,3.457286690208e+13,-5.184693056656e-02,-5.888818005111e-02,-4.198422520866e-02,-4.768603819266e-02,-5.154225111270e-02,-4.832052909611e-02
780.60000000,5.015705431466e+13,-3.263691273542e-02,-3.706928013815e-02,-2.271157402682e-02,-2.579599792722e-02,-4.278703592701e-02,-4.011257113948e-02
780.80000000,5.488585459581e+13,-1.579770832767e-02,-1.794317006290e-02,-1.557101714267e-02,-1.768569300669e-02,-2.574539240273e-02,-2.413613988195e-02
781.00000000,4.639536012435e+13,2.769822911976e-02,3.145988172641e-02,8.616454325206e-03,9.786641720670e-03,-1.308638886416e-03,-1.226840543869e-03
781.20000000,3.338514068735e+13,4.423689682124e-03,5.024463968156e-03,3.622750507279e-02,4.114750675855e-02,2.691259266811e-02,2.523038262780e-02
781.40000000,5.983077786744e+13,-2.460252349535e-03,-2.794375322653e-03,-3.215349339170e-02,-3.652020982366e-02,-1.505516995171e-02,-1.411412505262e-02
781.60000000,5.475635492874e+13,-3.193191656547e-02,-3.626853955549e-02,-5.904073459974e-02,-6.705896586286e-02,-2.594345652783e-02,-2.432182372605e-02
781.80000000,3.173495419819e+13,-4.118278462279e-02,-4.677575334492e-02,-4.801941257218e-02,-5.454085505986e-02,-5.926247234094e-02,-5.555818687074e-02
782.00000000,2.859017445648e+13,-3.688234778975e-02,-4.189128099998e-02,-4.107762441181e-02,-4.665631333745e-02,-7.915359577830e-02,-7.420598722986e-02
782.20000000,2.774567964457e+13,1.716080169372e-02,1.949138297905e-02,-4.688677292883e-03,-5.325439337043e-03,-3.619414004428e-02,-3.393177362965e-02
782.40000000,1.247828773965e+13,7.673996918523e-03,8.716190279953e-03,-3.713554801225e-03,-4.217886961153e-03,-1.890192255711e-02,-1.772043089263e-02
782.60000000,3.437770258231e+13,-1.369895066164e-02,-1.555938344389e-02,-1.444479976240e-02,-1.640652577800e-02,-1.072792743300e-02,-1.005736300756e-02
782.80000000,4.745120203986e+13,-1.820887721235e-02,-2.068179597310e-02,6.175147490610e-03,7.013784763660e-03,-1.549448506029e-02,-1.452598014293e-02
783.00000000,3.411554474608e+13,-1.218337545154e-02,-1.383798036605e-02,4.533609571727e-02,5.149312107429e-02,-2.297667709972e-02,-2.154048708314e-02
783.20000000,4.127173244834e+13,5.860739674418e-03,6.656677442780e-03,2.375648820935e-02,2.698282029606e-02,-2.165247279104e-02,-2.029905405596e-02
783.40000000,4.580590209399e+13,2.485060586987e-02,2.822552727525e-02,1.757024053047e-02,1.995642784465e-02,-1.616571466097e-02,-1.515525357879e-02
783.60000000,3.696702442527e+13,3.203999529400e-02,3.639129628488e-02,9.347719149380e-03,1.061721849471e-02,-2.611323673237e-02,-2.448099157643e-02
783.80000000,5.037919030571e+13,2.897063271108e-02,3.290508843324e-02,3.421428412099e-03,3.886087336897e-03,-2.865243418745e-03,-2.686147286818e-03
784.00000000,3.605040450257e+13,-1.226588458670e-04,-1.393169493607e-04,1.403990487035e-02,1.594664273407e-02,-1.616687901340e-03,-1.515634515171e-03
784.20000000,2.593744861591e+13,1.308760085848e-02,1.486500719270e-02,3.641552540585e-02,4.136106184356e-02,1.631579528255e-02,1.529595319678e-02
784.40000000,2.288872827422e+13,-2.127145649408e-02,-2.416029929418e-02,1.511006370322e-02,1.716213819034e-02,8.586174586050e-03,8.049483481084e-03
784.60000000,8.749726483073e+12,2.222949255695e-02,2.524844471666e-02,1.595034399238e-02,1.811653565182e-02,1.812979686904e-02,1.699656802342e-02
784.80000000,4.359158389661e+13,1.801066963367e-02,2.045667013724e-02,1.646693064960e-02,1.870327914758e-02,2.852902364873e-02,2.674577628144e-02
785.00000000,3.796541953728e+13,1.720008083484e-02,1.953599655809e-02,3.078755769805e-02,3.496876850653e-02,6.762091967794e-02,6.339417751971e-02
785.20000000,2.639544208826e+13,3.486232544719e-03,3.959692262398e-03,2.582521302262e-02,2.933249544108e-02,4.454909712445e-02,4.176449218527e-02
785.40000000,2.724961958461e+13,1.486026495063e-02,1.687841398627e-02,6.125167916083e-02,6.957017540067e-02,6.435838421881e-02,6.033557149889e-02
785.60000000,2.431017403684e+13,-2.034216600802e-02,-2.310480333974e-02,4.884974614108e-02,5.548395495232e-02,1.675693235222e-02,1.570951636390e-02
785.80000000,3.813509228925e+13,1.678398841074e-03,1.906339528120e-03,3.264164759361e-02,3.707465949614e-02,2.439227088932e-02,2.286759716122e-02
786.00000000,3.667555043451e+13,-3.037740741787e-02,-3.450291498381e-02,-4.070873973665e-02,-4.623733100251e-02,-5.069538641024e-03,-4.752659888134e-03
786.20000000,5.609058988677e+13,-8.032768555074e-03,-9.123686123960e-03,9.579355975182e-03,1.088031356119e-02,3.634150504204e-02,3.406992736776e-02
786.40000000,3.987665594759e+13,-4.018703548255e-03,-4.564477309179e-03,2.260870577890e-02,2.567915930093e-02,5.600466328782e-02,5.250401182517e-02
786.60000000,1.314302905774e+13,1.076286123753e-02,1.222454836757e-02,3.726654318354e-02,4.232765503535e-02,4.634842983468e-02,4.345135503470e-02
786.80000000,3.516674504780e+12,-5.937193149496e-03,-6.743513943160e-03,4.645353538633e-02,5.276231850433e-02,2.770792353102e-02,2.597600019926e-02
787.00000000,5.730107446191e+13,9.921372013468e-03,1.126877782539e-02,3.844274147452e-02,4.366359100528e-02,9.589064490950e-03,8.989686320187e-03
787.20000000,4.068541328634e+13,-6.466184369180e-04,-7.344346622156e-04,1.184651138475e-02,1.345536785627e-02,-1.230075732685e-03,-1.153188092264e-03
787.40000000,7.229219849900e+13,-1.325450477320e-02,-1.505457806360e-02,-9.106892612577e-03,-1.034368567674e-02,-2.861885832440e-02,-2.682999571241e-02
787.60000000,6.860573542898e+13,-3.756489293135e-02,-4.266652151571e-02,-7.344602680313e-02,-8.342061862109e-02,-4.759619867490e-02,-4.462113030155e-02
787.80000000,3.518839054600e+13,5.468485338704e-02,6.211151667291e-02,-3.699132060167e-02,-4.201505489839e-02,-4.095372714283e-02,-3.839385593913e-02
788.00000000,5.055536877008e+13,-9.055414314476e-03,-1.028521578348e-02,1.599845603442e-02,1.817118171621e-02,-5.615442091828e-03,-5.264440864106e-03
788.20000000,4.262472918098e+13,1.740751905009e-02,1.977160662864e-02,-9.076858548714e-03,-1.030957273291e-02,5.159787724404e-03,4.837267823668e-03
788.40000000,4.410306337042e+13,-6.183651687089e-03,-7.023443624210e-03,-2.232536877684e-02,-2.535734273687e-02,1.003859425503e-02,9.411117584363e-03
788.60000000,3.717494988315e+13,-5.037068464324e-04,-5.721144750812e-04,-3.083815734253e-02,-3.502624001083e-02,-3.523113004634e-02,-3.302895794696e-02
788.80000000,5.724505179650e+13,-3.084801403118e-03,-3.503743393555e-03,-2.907344302329e-02,-3.302186255696e-02,-1.847999264756e-02,-1.732487431466e-02
789.00000000,6.380147395166e+13,3.139681954783e-02,3.566077185979e-02,8.975266859529e-03,1.019418403283e-02,-2.692278079089e-02,-2.523993392741e-02
789.20000000,3.684099304003e+13,6.323616581373e-02,7.182416929002e-02,2.584486117626e-02,2.935481198021e-02,-1.557611910480e-01,-1.460251153490e-01
789.40000000,5.498136569300e+13,4.915496969260e-02,5.583062823648e-02,-1.158925587692e-02,-1.316317487401e-02,5.971372743510e-02,5.598123562077e-02
789.60000000,3.888515814067e+13,4.351510187285e-02,4.942481890497e-02,-8.527232470418e-04,-9.685302783151e-04,4.906905990714e-02,4.600192823898e-02
789.80000000,3.411859836400e+13,2.291353353833e-02,2.602538421980e-02,-1.189545661005e-02,-1.351096025726e-02,2.367301000670e-02,2.219329470729e-02
790.00000000,5.513745600989e+13,1.032311481087e-02,1.172508067551e-02,-4.395179901382e-03,-4.992082516689e-03,2.713815335133e-02,2.544184431837e-02
790.20000000,4.481171459145e+13,-7.465406582396e-03,-8.479271620804e-03,-1.281494654411e-03,-1.455532470356e-03,6.841498227348e-03,6.413860609866e-03
790.40000000,2.794882641390e+13,5.339058435920e-03,6.064147501929e-03,8.796356443339e-03,9.990976068479e-03,2.120945441430e-02,1.988372717556e-02
790.60000000,4.735099795690e+13,3.844291314692e-04,4.366378426551e-04,7.862737448079e-03,8.930563714932e-03,-2.034408698211e-03,-1.907245077060e-03
790.80000000,3.351487559444e+13,2.165361783281e-02,2.459436135876e-02,1.902235788658e-03,2.160575502313e-03,3.204190710043e-02,3.003908193602e-02
791.00000000,5.413445171522e+13,2.894631634395e-02,3.287746969882e-02,-8.306038653739e-03,-9.434068974797e-03,6.386958528377e-02,5.987732563937e-02
791.20000000,3.762470462568e+13,2.459303963525e-02,2.793298137843e-02,-2.740967909001e-03,-3.113214540553e-03,2.543500925187e-02,2.384515767322e-02
791.40000000,5.412862589612e+13,-2.456988990517e-04,-2.790668772014e-04,2.643973154068e-03,3.003047077293e-03,2.305771922071e-02,2.161646355061e-02
791.60000000,4.306264455416e+13,1.115470841222e-04,1.266961168618e-04,-5.785906049411e-03,-6.571681041632e-03,1.478524894870e-02,1.386107584740e-02
791.80000000,2.695452957728e+13,2.963476714652e-03,3.365941791398e-03,-1.287752857324e-02,-1.462640590171e-02,1.566306234616e-02,1.468402026479e-02
792.00000000,6.131217267357e+13,7.440818984270e-03,8.451344819938e-03,-2.917187278409e-05,-3.313365991155e-05,1.739575250510e-02,1.630840615078e-02
792.20000000,4.088882073557e+13,1.172143435191e-02,1.331330377767e-02,2.107953381841e-02,2.394231285090e-02,3.308710258451e-02,3.101894598365e-02
792.40000000,5.072961410387e+13,4.895034131626e-02,5.559820960460e-02,4.892887663953e-02,5.557383204193e-02,2.722673820936e-02,2.552489205333e-02
792.60000000,3.658687925917e+13,2.220813539925e-02,2.522418707722e-02,-4.055537386643e-03,-4.606313674958e-03,1.421607814969e-02,1.332748188205e-02
792.80000000,4.216388668174e+13,-1.753535685563e-02,-1.991680588398e-02,-3.257305564330e-02,-3.699675217866e-02,-1.753295803572e-02,-1.643703545376e-02
793.00000000,3.780147575794e+13,-2.351123152848e-02,-2.670425462690e-02,-2.571985966714e-02,-2.921283420860e-02,1.756930581795e-02,1.647111126595e-02
793.20000000,3.313294573918e+13,-3.006049841455e-02,-3.414296707091e-02,-5.363476641509e-02,-6.091882146242e-02,-8.420403117201e-03,-7.894073794644e-03
793.40000000,5.877863033544e+13,-1.153565463201e-02,-1.310229360840e-02,-1.896703852488e-02,-2.154292282408e-02,3.588075755193e-02,3.363797955754e-02
793.60000000,2.445288774341e+13,7.050962165545e-03,8.008542164422e-03,-4.410231522226e-03,-5.009178274986e-03,2.878802709670e-02,2.698859034900e-02
793.80000000,5.711759586693e+13,3.657179926762e-02,4.153855737515e-02,1.013833493906e-02,1.151520659751e-02,2.829529958661e-02,2.652666147562e-02
794.00000000,5.174605943594e+13,3.460589692692e-02,3.930566895269e-02,3.326883840257e-03,3.778702812320e-03,-2.423104111040e-02,-2.271644527989e-02
794.20000000,3.812335796021e+13,-2.495829274996e-02,-2.834783893988e-02,-1.489263397467e-02,-1.691517966512e-02,-1.876692442884e-02,-1.759387101517e-02
794.40000000,3.176218352736e+13,-9.064447649320e-03,-1.029547592122e-02,-4.007045005251e-02,-4.551235617913e-02,-6.798273930065e-03,-6.373338109015e-03
794.60000000,3.188001758562e+13,-1.211201970446e-02,-1.375693390803e-02,-1.413536866804e-02,-1.605507132314e-02,1.330157795930e-02,1.247014383212e-02
794.80000000,4.704123881391e+13,8.246351784802e-03,9.366275753678e-03,-1.544390606833e-02,-1.754131917305e-02,5.346564535975e-03,5.012369883883e-03
795.00000000,3.607216542752e+13,1.508900296588e-02,1.713821654892e-02,8.666988936545e-03,9.844039359770e-03,2.225669285631e-02,2.086550648311e-02
795.20000000,2.649879813032e+13,3.828866367595e-02,4.348858641827e-02,1.193051946927e-02,1.355078494940e-02,-1.112105097663e-03,-1.042591380265e-03
795.40000000,4.361821783081e+13,3.894850034262e-02,4.423803445707e-02,8.092338432374e-03,9.191346455396e-03,-2.200968201885e-02,-2.063393541083e-02
795.60000000,4.057532516842e+13,5.967128257923e-03,6.777514491229e-03,8.048241011037e-03,9.141260231162e-03,-3.108170229658e-02,-2.913889610476e-02
795.80000000,6.425608493983e+13,-3.320899121743e-02,-3.771905169231e-02,-2.277138424507e-02,-2.586393087912e-02,-2.129009502115e-02,-1.995932722611e-02
796.00000000,4.288861870689e+13,-1.157310413571e-02,-1.314482906985e-02,-2.032614418004e-02,-2.308660652570e-02,-5.141954253063e-03,-4.820549058921e-03
796.20000000,2.750288397297e+13,-1.750846482736e-03,-1.988626169196e-03,-1.393185410524e-02,-1.582391776090e-02,1.096214254509e-02,1.027693816957e-02
796.40000000,3.849352814248e+13,2.927646342470e-02,3.325245353146e-02,-3.464455762220e-03,-3.934958165190e-03,2.940929832899e-02,2.757102813564e-02
796.60000000,5.797110427540e+13,3.806041835405e-02,4.322934346087e-02,6.245625334813e-03,7.093834095372e-03,4.566378379181e-02,4.280950377053e-02
796.80000000,3.803594059436e+13,4.335890065223e-02,4.924740424409e-02,3.126654389172e-02,3.551280507769e-02,3.896920089172e-02,3.653337533557e-02
797.00000000,3.251568180889e+13,5.738595769319e-03,6.517945367477e-03,2.372822772474e-02,2.695072179855e-02,-6.189140721310e-03,-5.802279641416e-03
797.20000000,4.175388577858e+13,-3.749156215105e-02,-4.258323179834e-02,1.727601887180e-02,1.962224839553e-02,-4.062090362295e-03,-3.808183602868e-03
797.40000000,3.411326667140e+13,-2.214212857141e-02,-2.514921596667e-02,-1.230739190987e-02,-1.397883985591e-02,-2.247017706735e-02,-2.106564655866e-02
797.60000000,2.528930170652e+13,-8.702077485089e-03,-9.883892839185e-03,-1.428271814940e-02,-1.622243211069e-02,2.883385999778e-03,2.703155839914e-03
797.80000000,6.763391676381e+13,3.036643158108e-03,3.449044853601e-03,1.086773328169e-02,1.234366340602e-02,3.433047030915e-02,3.218459523293e-02
798.00000000,5.207635545504e+13,1.617606289481e-02,1.837290836426e-02,2.814305859297e-02,3.196512404964e-02,1.496942863758e-02,1.403374312179e-02
798.20000000,4.999453484543e+13,1.272045147449e-02,1.444799583264e-02,2.070079135677e-02,2.351213395868e-02,1.181038843018e-02,1.107216323418e-02
798.40000000,7.197450129978e+13,2.397068474512e-02,2.722610545684e-02,1.190912695286e-02,1.352648714828e-02,4.292176054034e-03,4.023887459846e-03
798.60000000,4.684730313208e+13,3.108553205023e-02,3.530720890040e-02,4.812851337276e-03,5.466477267219e-03,4.106825559483e-03,3.850122562667e-03
798.80000000,5.370572002172e+13,5.496797797979e-02,6.243309196797e-02,1.268863822251e-02,1.441186264328e-02,1.407733298720e-02,1.319740918410e-02
799.00000000,3.838179336390e+13,3.120989682826e-02,3.544846346187e-02,1.144720335531e-03,1.300183041816e-03,1.486365904623e-02,1.393458480981e-02
799.20000000,3.116994663182e+13,2.758496513344e-02,3.133123553758e-02,-1.150159971982e-02,-1.306361426918e-02,1.142273837000e-02,1.070874379464e-02
799.40000000,2.437290516415e+13,1.553128744239e-02,1.764056697935e-02,2.248260600804e-02,2.553593411434e-02,4.167821323060e-03,3.907305698930e-03
799.60000000,3.131931702502e+13,4.632539804097e-02,5.261677694253e-02,2.254107614567e-02,2.560234499134e-02,7.560172999318e-04,7.087613588832e-04
799.80000000,4.004771281110e+13,1.122248840098e-02,1.274659676777e-02,-7.622523256154e-03,-8.657726403450e-03,-8.937814505070e-03,-8.379143644765e-03
800.00000000,5.769305276493e+13,1.101303242915e-02,1.250869491230e-02,-1.536034223760e-02,-1.744640666713e-02,-3.899706472566e-03,-3.655949750077e-03
800.20000000,7.731811598825e+13,2.066691242312e-02,2.347365305089e-02,-6.844445558376e-03,-7.773979171514e-03,2.398324032395e-02,2.248413363550e-02
800.40000000,6.219816439509e+13,4.523935970434e-02,5.138324546033e-02,-7.291235810173e-03,-8.281447319501e-03,1.221341868885e-03,1.145000151094e-03
800.60000000,4.269459905116e+13,3.078744462287e-02,3.496863869188e-02,-5.527252106721e-03,-6.277899705225e-03,4.354176693335e-02,4.082012660639e-02
800.80000000,6.536937321745e+13,-5.414448564400e-03,-6.149776244294e-03,-7.075114076171e-03,-8.035974425559e-03,2.557925312434e-02,2.398038537643e-02
801.00000000,3.525212133989e+13,-2.248402489274e-02,-2.553754468565e-02,-6.764702118318e-03,-7.683405897640e-03,5.710912275774e-03,5.353943547857e-03
801.20000000,5.640306397070e+13,-2.000128149710e-02,-2.271762384356e-02,-5.733882246765e-03,-6.512591966447e-03,-1.076611556066e-03,-1.009316413176e-03
801.40000000,1.439984333885e+13,-1.071951939970e-02,-1.217532034341e-02,-2.695717964319e-02,-3.061819270555e-02,-9.549836066801e-03,-8.952909924713e-03
801.60000000,6.101297101187e+13,1.445694132743e-02,1.642031562090e-02,-1.360747047686e-02,-1.545548009139e-02,-6.587007173606e-03,-6.175276882893e-03
801.80000000,3.266643321713e+13,7.938548749110e-02,9.016670475447e-02,4.226542168991e-02,4.800542353508e-02,6.578039199621e-02,6.166869464929e-02
802.00000000,5.212034496156e+13,4.458334100950e-02,5.063813390605e-02,1.956533505701e-02,2.222247308707e-02,5.547774795484e-02,5.201003208760e-02
802.20000000,2.340067050307e+13,3.676154015063e-02,4.175406666682e-02,2.833976395150e-02,3.218854366005e-02,6.986779772992e-02,6.550061125014e-02
802.40000000,5.366716305032e+13,-3.049221969320e-02,-3.463331973232e-02,-1.232223571304e-02,-1.399569957312e-02,2.964797290701e-02,2.779478401829e-02
802.60000000,6.162126483453e+13,-2.401408426599e-02,-2.727539899787e-02,-1.406121288801e-02,-1.597084456079e-02,6.851377041282e-03,6.423121934427e-03
802.80000000,3.571182000825e+13,4.365761971660e-03,4.958669187125e-03,3.050779484405e-03,3.465101149008e-03,4.529886398187e-03,4.246739379448e-03
803.00000000,5.010760157084e+13,2.106132443714e-02,2.392162953556e-02,7.805613406242e-03,8.865681744924e-03,2.428371838400e-02,2.276582988528e-02
803.20000000,5.735354556951e+13,5.767449857739e-02,6.550718083923e-02,8.432684455070e-03,9.577914347416e-03,3.285834704007e-02,3.080448913122e-02
803.40000000,3.347289342456e+13,2.918437880092e-02,3.314786304084e-02,-5.121596885829e-03,-5.817153073356e-03,2.343284905240e-02,2.196814535643e-02
803.60000000,4.209814058483e+13,-7.116469459064e-03,-8.082945899671e-03,-1.958134043505e-02,-2.224065213085e-02,5.250313829721e-03,4.922135465486e-03
803.80000000,5.752768833421e+13,-1.078748810369e-03,-1.225251976939e-03,4.290457998848e-04,4.873138493814e-04,1.157672672976e-02,1.085310689205e-02
804.00000000,6.444462328195e+13,-2.834120518010e-02,-3.219017934665e-02,-5.368592477528e-03,-6.097692756074e-03,-2.023434131775e-02,-1.896956491573e-02
804.20000000,3.961941334437e+13,-1.087507545477e-02,-1.235200221984e-02,-7.779143118152e-04,-8.835616567759e-04,-9.545246582661e-03,-8.948607312833e-03
804.40000000,3.949007141313e+13,2.178899032188e-03,2.474811857106e-03,1.704461368762e-02,1.935941642956e-02,2.839540938180e-02,2.662051376509e-02
804.60000000,6.884562843892e+13,-1.299431933427e-04,-1.475905725245e-04,5.308261643718e-03,6.029168484614e-03,4.870456383361e-02,4.566021551308e-02
804.80000000,3.826355355443e+13,3.815265522604e-03,4.333410687629e-03,-4.452269823966e-03,-5.056925733760e-03,4.301717678979e-02,4.032832671896e-02
805.00000000,4.644056033949e+13,-1.764872793640e-03,-2.004557371159e-03,-1.414452555865e-02,-1.606547179696e-02,5.566811900259e-03,5.218850372113e-03
805.20000000,5.577506916702e+13,-4.551194329086e-02,-5.169284819179e-02,4.131743541550e-03,4.692869270433e-03,-4.357770031508e-02,-4.085381392078e-02
805.40000000,4.891991164659e+13,-1.556994890776e-02,-1.768447899706e-02,1.017291953788e-02,1.155448807744e-02,-2.802328068033e-02,-2.627164549956e-02
805.60000000,5.571666564584e+13,-2.852818643268e-03,-3.240255422686e-03,9.419291146024e-03,1.069851057403e-02,1.103705971734e-02,1.034717253697e-02
805.80000000,4.663240351068e+13,6.884995364630e-04,7.820035675266e-04,3.159576844667e-03,3.588674111256e-03,1.134128599019e-02,1.063238271215e-02
806.00000000,3.663657849758e+13,1.555428433399e-03,1.766668704236e-03,9.466922689407e-03,1.075261088398e-02,6.206099886714e-03,5.818178749967e-03
806.20000000,3.439773817339e+13,-1.226892107600e-02,-1.393514380622e-02,-2.704656646694e-02,-3.071971901620e-02,-4.790028074195e-03,-4.490620528471e-03
806.40000000,5.176639834640e+13,9.952700165521e-03,1.130436060413e-02,-1.619260601481e-02,-1.839169890652e-02,-1.040216946137e-02,-9.751967003182e-03
806.60000000,4.567417286063e+13,1.861152222685e-02,2.113912356900e-02,-1.168590056353e-03,-1.327294472671e-03,1.060980541375e-02,9.946624373821e-03
806.80000000,3.016861742477e+13,2.935599100126e-02,3.334278162217e-02,5.411926229927e-03,6.146911598667e-03,2.192448912334e-02,2.055406761892e-02
807.00000000,4.953937722443e+13,2.235908137823e-02,2.539563279041e-02,1.212490669457e-02,1.377157160448e-02,4.812718709940e-02,4.511892853623e-02
807.20000000,3.031429234458e+13,3.854451338242e-02,4.377918266795e-02,2.042632440581e-02,2.320039207369e-02,2.712533075287e-02,2.542982321474e-02
807.40000000,3.085149108129e+13,6.413725157342e-03,7.284763007889e-03,1.697400962417e-03,1.927922373697e-03,1.880658579822e-02,1.763105329402e-02
807.60000000,4.213396991897e+13,-7.095462865134e-03,-8.059086433506e-03,-7.056569095756e-03,-8.014910879907e-03,1.036143195900e-02,9.713775856579e-03
807.80000000,4.616125261432e+13,-2.775006278810e-02,-3.151875484311e-02,-2.850001338263e-02,-3.237055631970e-02,2.224940284082e-02,2.085867214046e-02
808.00000000,3.548881582808e+13,-1.992525583182e-02,-2.263127325314e-02,-3.820364654935e-02,-4.339202496645e-02,-6.710002831093e-03,-6.290584521151e-03
808.20000000,5.903668927358e+13,1.626790032909e-03,1.847721809497e-03,-4.244503260317e-02,-4.820942712993e-02,1.322741647124e-02,1.240061791378e-02
808.40000000,4.698304182034e+13,3.091899739141e-02,3.511805743346e-02,-2.095014897542e-02,-2.379535645159e-02,-5.554359490249e-02,-5.207176317774e-02
808.60000000,4.106884464145e+13,4.353761094506e-03,4.945038489861e-03,4.339638727530e-03,4.928998381532e-03,8.647884333922e-03,8.107335973033e-03
808.80000000,5.697877259118e+13,-6.084966839928e-03,-6.911356544330e-03,9.515401613770e-03,1.080767365642e-02,1.810745726456e-02,1.697562478782e-02
809.00000000,2.853065268257e+13,-2.320311105502e-03,-2.635428880017e-03,1.301460323125e-02,1.478209645797e-02,4.332051134562e-02,4.061270091517e-02
809.20000000,4.494003325467e+13,-7.936385562380e-03,-9.014213509755e-03,-2.531743331717e-02,-2.875575495564e-02,6.234725666719e-03,5.845015234710e-03
809.40000000,5.900703310251e+13,-3.037483776643e-03,-3.449999635207e-03,-3.203907097500e-02,-3.639024787472e-02,1.786330075227e-02,1.674672962703e-02
809.60000000,4.819461275600e+13,7.372607231758e-03,8.373869337405e-03,-2.614251197738e-02,-2.969288627835e-02,-1.398353288769e-02,-1.310947219377e-02
809.80000000,5.323649810487e+13,-6.093717213462e-03,-6.921295292229e-03,-5.008727808370e-03,-5.688955420268e-03,-1.233714960088e-02,-1.156599844560e-02
810.00000000,4.712874322494e+13,-1.773700038715e-02,-2.014583430400e-02,-1.169450802501e-02,-1.328272115428e-02,-5.088743571765e-02,-4.770664387252e-02
810.20000000,3.680262557828e+13,1.747162702165e-02,1.984442100224e-02,-8.403965529409e-04,-9.545295148673e-04,1.096498913664e-02,1.027960683085e-02
810.40000000,4.073451433388e+13,2.618938057094e-02,2.974611884706e-02,9.412817119382e-03,1.069115731979e-02,1.518915025077e-02,1.423973072175e-02
810.60000000,4.880567245081e+13,1.148439855990e-02,1.304407653036e-02,-1.314570900976e-02,-1.493100751041e-02,3.118048459423e-03,2.923150387382e-03
810.80000000,6.399631304435e+13,-1.394498056056e-02,-1.583882627353e-02,-4.484776699098e-02,-5.093847317554e-02,-2.709711500930e-02,-2.540337113652e-02
811.00000000,5.783822936236e+13,3.653928743026e-03,4.150163015668e-03,-2.368985897709e-02,-2.690714225036e-02,-8.356871422494e-03,-7.834513239247e-03
811.20000000,3.343670571878e+13,1.640294410267e-02,1.863060194945e-02,-5.155696187347e-03,-5.855883348512e-03,1.906091818571e-03,1.786948827240e-03
811.40000000,4.490375926127e+13,-1.576175790074e-02,-1.790233726544e-02,6.849611781130e-03,7.779847011027e-03,-1.228105251161e-02,-1.151340778501e-02
811.60000000,5.898462552810e+13,-2.047707192396e-02,-2.325803061435e-02,-6.991946599817e-03,-7.941512102292e-03,-2.127277204273e-02,-1.994308704519e-02
811.80000000,4.850262040264e+13,2.729030625063e-02,3.099655949880e-02,-1.797066826791e-02,-2.041123705659e-02,2.404806962570e-02,2.254491068916e-02
812.00000000,5.432178883042e+13,8.733358140498e-03,9.919421670839e-03,8.586500540434e-03,9.752619958508e-03,3.686700829777e-02,3.456258329199e-02
812.20000000,3.212606560107e+13,-1.249915179271e-02,-1.419664179175e-02,-8.904279753508e-03,-1.011355627724e-02,-2.816316426142e-03,-2.640278545764e-03
812.40000000,4.062783526618e+13,-1.152395035699e-03,-1.308899979432e-03,-1.471927971811e-02,-1.671828243388e-02,1.150058392444e-02,1.078172350152e-02
812.60000000,6.561971933085e+13,1.526591965026e-02,1.733916000786e-02,-6.705078906136e-03,-7.615685348811e-03,1.718508829108e-02,1.611090980432e-02
812.80000000,5.510127761728e+13,3.321844369377e-02,3.772978789448e-02,-7.752989262842e-03,-8.805910797632e-03,4.080437184725e-02,3.825383630960e-02
813.00000000,4.408470780396e+13,1.121199311708e-02,1.273467613599e-02,-2.374261633934e-02,-2.696706450874e-02,2.422112901249e-02,2.270715275182e-02
813.20000000,4.831592083247e+13,-4.897419532227e-03,-5.562530318536e-03,-4.446702760175e-02,-5.050602615608e-02,-4.800896244924e-02,-4.500809368667e-02
813.40000000,6.298277449006e+13,-1.150223097121e-02,-1.306433073319e-02,2.537206099784e-02,2.881780153751e-02,3.386010144889e-02,3.174362745005e-02
813.60000000,3.899185667864e+13,-4.148838160445e-02,-4.712285296842e-02,1.661125140798e-02,1.886719988596e-02,2.641647101476e-02,2.476527176693e-02
813.80000000,3.411595946301e+13,-2.836064136193e-02,-3.221225512553e-02,-3.423582831270e-02,-3.888534344418e-02,-1.251615778679e-02,-1.173381746920e-02
814.00000000,6.367729998819e+13,-1.187946813682e-02,-1.349279988049e-02,-3.733523099855e-02,-4.240567123677e-02,-1.864448556611e-03,-1.747908536841e-03
814.20000000,4.023039089177e+13,4.392748018185e-03,4.989320165866e-03,-5.678638304489e-02,-6.449845429429e-02,-1.350581220638e-02,-1.266161212591e-02
814.40000000,3.579497814070e+13,1.253479983731e-02,1.423713114080e-02,-3.937995055097e-02,-4.472808100342e-02,2.098463198159e-02,1.967295759009e-02
814.60000000,5.482994366157e+13,9.372713228948e-03,1.064560656074e-02,-6.166049800236e-02,-7.003451529963e-02,2.687762109690e-02,2.519759700459e-02
814.80000000,3.458845283204e+13,-1.865004024931e-02,-2.118287266306e-02,2.730195259541e-02,3.100978874156e-02,3.959570272425e-02,3.712071677631e-02
815.00000000,1.817573985661e+13,-8.915993095468e-02,-1.012685998964e-01,-5.339540845131e-02,-6.064695666211e-02,-4.649102198451e-03,-4.358503425856e-03
815.20000000,3.649754628453e+13,-2.058229164489e-02,-2.337754005886e-02,-2.697116977460e-02,-3.063408281516e-02,-1.416849513833e-02,-1.328287311477e-02
815.40000000,4.806441160263e+13,1.094143878574e-02,1.242737824962e-02,1.176302208526e-02,1.336054000356e-02,-9.720500000766e-04,-9.112906265747e-04
815.60000000,4.853502658130e+13,3.099871649100e-02,3.520860305764e-02,4.081079832195e-02,4.635325000716e-02,2.816744028317e-02,2.640679420055e-02
815.80000000,4.113381060151e+13,3.424048584888e-02,3.889063197517e-02,3.803919290645e-02,4.320523712751e-02,4.708289120223e-02,4.413990784555e-02
816.00000000,5.094643341595e+13,1.945917934429e-02,2.210189965638e-02,1.406390664159e-02,1.597390414890e-02,2.180078794634e-02,2.043809856066e-02
816.20000000,1.156723815230e+13,-6.742091040774e-03,-7.657723741626e-03,-5.329856494109e-03,-6.053696098387e-03,1.388280725053e-02,1.301504255641e-02
816.40000000,5.587999384272e+13,-1.214432416203e-02,-1.379362558280e-02,-1.554196777734e-03,-1.765269849178e-03,4.414134362759e-02,4.138222590307e-02
816.60000000,4.477407250661e+13,-1.912040510058e-03,-2.171711701943e-03,-2.916428976690e-03,-3.312504705694e-03,2.645304868018e-02,2.479956309313e-02
816.80000000,4.342588494590e+13,2.979185707060e-02,3.383784197173e-02,3.995711680321e-02,4.538363131573e-02,4.017326042787e-02,3.766217341082e-02
817.00000000,5.121208746238e+13,3.115916718058e-02,3.539084430113e-02,6.655586638684e-02,7.559471612719e-02,7.930560418756e-02,7.434849413640e-02
817.20000000,3.368847573728e+13,1.137854240027e-02,1.292384421342e-02,2.216282318099e-02,2.517272207391e-02,2.413697454217e-02,2.262825847686e-02
817.40000000,2.840668889404e+13,1.703482371568e-02,1.934829613143e-02,1.597127855010e-02,1.814031329959e-02,4.246374827954e-02,3.980949104813e-02
817.60000000,4.554047729233e+13,-3.166815939839e-03,-3.596896194549e-03,1.341497033576e-02,1.523683680252e-02,4.660030152673e-02,4.368748312693e-02
817.80000000,5.597447932792e+13,-1.033304147279e-02,-1.173635546165e-02,-5.134204737591e-03,-5.831473178054e-03,2.675275004586e-02,2.508053119692e-02
818.00000000,2.606023293729e+13,-2.100798221734e-02,-2.386104299341e-02,-4.319900735922e-02,-4.906579803673e-02,2.942302538485e-02,2.758389716227e-02
818.20000000,4.773080316808e+13,-2.014850003039e-02,-2.288483589257e-02,-1.498710107462e-02,-1.702247619647e-02,1.513764164665e-02,1.419144173649e-02
818.40000000,3.099954478626e+13,-3.557768700422e-02,-4.040943630051e-02,-2.669863629692e-02,-3.032453698548e-02,-2.004157538236e-02,-1.878884809043e-02
818.60000000,5.568759523112e+13,-7.161226697671e-03,-8.133781547932e-03,-1.587160529789e-02,-1.802710357647e-02,4.773961903962e-03,4.475558597155e-03
818.80000000,9.316189121402e+13,-1.537447522419e-03,-1.746245834227e-03,1.206341134815e-02,1.370172466975e-02,2.165313698182e-02,2.029967673054e-02
819.00000000,3.733124210833e+13,3.077907815775e-03,3.495913599039e-03,2.428346548516e-02,2.758136554433e-02,1.159195245020e-02,1.086738090709e-02
819.20000000,4.242062345434e+13,-1.142587600913e-02,-1.297760612469e-02,5.639509537309e-02,6.405402644623e-02,1.381744704845e-02,1.295376778711e-02
819.40000000,4.206595721354e+13,1.512365566674e+00,1.717757537817e+00,1.580371851877e+00,1.794999719839e+00,1.763003774413e+00,1.652804705635e+00
819.60000000,4.693080942085e+13,1.188651955609e+02,1.350080894184e+02,1.189507972213e+02,1.351053218477e+02,1.388478454740e+02,1.301689625951e+02
819.80000000,2.870518394655e+13,6.675895608930e+03,7.582538413077e+03,6.675675805093e+03,7.582289057887e+03,7.794547340741e+03,7.307338027316e+03
820.00000000,5.387859828463e+13,2.706187956457e+05,3.073711054647e+05,2.706106340876e+05,3.073618476537e+05,3.159637500822e+05,2.962139846352e+05
820.20000000,5.463648448933e+13,7.925494198093e+06,9.001843006542e+06,7.925255189099e+06,9.001571894103e+06,9.253529954387e+06,8.675124849030e+06
820.40000000,6.768200208279e+13,1.678146452247e+08,1.906052862767e+08,1.678095869891e+08,1.905995486277e+08,1.959413275728e+08,1.836937350565e+08
820.60000000,3.069598872207e+13,2.576083765404e+09,2.925937619568e+09,2.576006369273e+09,2.925849828100e+09,3.008522135268e+09,2.820470162540e+09
820.80000000,3.687964744763e+13,2.899209713876e+10,3.292946791082e+10,2.899124018695e+10,3.292849587998e+10,3.389649356557e+10,3.177774482550e+10
821.00000000,3.677829543519e+13,2.477296481325e+11,2.813734190975e+11,2.477227665301e+11,2.813656140428e+11,2.908125028486e+11,2.726348520301e+11
821.20000000,5.099646373677e+13,1.717169229698e+12,1.950375261788e+12,1.717128947602e+12,1.950329586174e+12,2.035596322864e+12,1.908358467538e+12
821.40000000,5.336089613815e+13,1.004214414375e+13,1.140595182732e+13,1.004197092317e+13,1.140575553298e+13,1.207068795293e+13,1.131619236351e+13
821.60000000,1.087645156393e+14,4.624608062783e+13,5.252668755719e+13,4.624553062220e+13,5.252606493344e+13,5.624882159151e+13,5.273290866539e+13
821.80000000,1.964952080582e+14,1.481411882560e+14,1.682600082913e+14,1.481399078186e+14,1.682585606138e+14,1.814676120612e+14,1.701247198038e+14
822.00000000,3.698175387665e+14,3.021083023037e+14,3.431371521242e+14,3.021061625178e+14,3.431347353074e+14,3.713295903601e+14,3.481191039951e+14
822.20000000,4.980990057596e+14,3.764466724345e+14,4.275712985073e+14,3.764441640107e+14,4.275684663276e+14,4.631221669011e+14,4.341740544445e+14
822.40000000,4.375540578490e+14,2.836588758081e+14,3.221821382509e+14,2.836568313699e+14,3.221798289022e+14,3.485586430854e+14,3.267714873005e+14
822.60000000,2.191596730473e+14,1.310117457376e+14,1.488042433273e+14,1.310105740870e+14,1.488029184415e+14,1.603798928735e+14,1.503551186207e+14
822.80000000,1.300989514966e+14,3.883770445500e+13,4.411219155552e+13,3.883722096040e+13,4.411164414278e+13,4.718043870946e+13,4.423135800652e+13
823.00000000,6.065454709575e+13,8.126620168886e+12,9.230283576729e+12,8.126473623490e+12,9.230117494260e+12,9.751236751181e+12,9.141721771683e+12
823.20000000,4.529559678681e+13,1.357984003557e+12,1.542409659243e+12,1.357951211791e+12,1.542372475077e+12,1.607308622286e+12,1.506841501349e+12
823.40000000,4.893263652384e+13,1.915002282621e+11,2.175075708146e+11,1.914948432448e+11,2.175014630682e+11,2.246297098842e+11,2.105889090598e+11
823.60000000,5.279925073663e+13,2.171316021025e+10,2.466199009212e+10,2.171251612475e+10,2.466125950968e+10,2.538013098674e+10,2.379370965242e+10
823.80000000,5.737007703625e+13,1.857490282254e+09,2.109753094142e+09,1.857434432726e+09,2.109689743211e+09,2.169186345845e+09,2.033598255344e+09
824.00000000,3.408562683842e+13,1.162300859342e+08,1.320151097288e+08,1.162265820990e+08,1.320111352640e+08,1.357097053792e+08,1.272269764288e+08
824.20000000,4.505841887332e+13,5.269601284491e+06,5.985257484824e+06,5.269442386221e+06,5.985077243525e+06,6.152595129665e+06,5.768018384170e+06
824.40000000,7.933221505192e+13,1.727072177083e+05,1.961623112765e+05,1.727020056687e+05,1.961563991555e+05,2.016460483318e+05,1.890418740972e+05
824.60000000,3.642816785796e+13,4.089199387579e+03,4.644547076735e+03,4.089091738233e+03,4.644424991376e+03,4.774431156335e+03,4.475998518238e+03
824.80000000,4.941000166482e+13,6.991864308817e+01,7.941418321417e+01,6.992451039137e+01,7.942085048740e+01,8.163650644946e+01,7.653370002352e+01
825.00000000,8.007208757305e+13,8.688489314216e-01,9.868459280358e-01,8.725930778889e-01,9.910986002972e-01,1.003535164078e+00,9.408077654341e-01
825.20000000,7.108500581643e+13,1.784247342763e-02,2.026563147098e-02,1.947741022889e-02,2.212260732342e-02,1.802480430611e-02,1.689813817058e-02
825.40000000,4.153968306713e+13,1.502456183647e-03,1.706502377184e-03,2.938173913539e-03,3.337202788937e-03,2.374040121230e-02,2.225647352934e-02
825.60000000,5.753950418384e+13,-4.451985338891e-03,-5.056602413230e-03,1.316512586204e-02,1.495306133550e-02,3.620638398915e-02,3.394325224925e-02
825.80000000,4.229224082711e+13,6.377773633044e-03,7.243928964044e-03,2.785656364609e-02,3.163972066513e-02,2.705673162154e-02,2.536551197008e-02
826.00000000,5.785647120022e+13,5.139402465229e+00,5.837376570228e+00,5.180997708311e+00,5.884621030083e+00,5.190908263520e+00,4.866443129041e+00
826.20000000,4.019292320889e+13,2.272756146173e+03,2.581415557017e+03,2.272739894503e+03,2.581397200320e+03,2.272724526516e+03,2.130664634163e+03
826.40000000,5.750823781248e+13,5.261731411062e+05,5.976318816355e+05,5.261731044587e+05,5.976318636456e+05,5.261731251342e+05,4.932839224861e+05
826.60000000,6.133604380024e+13,6.365322658678e+07,7.229787042579e+07,6.365322657589e+07,7.229787327260e+07,6.365322660393e+07,5.967449076781e+07
826.80000000,4.192250126712e+13,4.032310274462e+09,4.579931943311e+09,4.032310274466e+09,4.579932124440e+09,4.032310274504e+09,3.780264961996e+09
827.00000000,4.918230390441e+13,1.340734240012e+11,1.522817232645e+11,1.340734240012e+11,1.522817292868e+11,1.340734240012e+11,1.256929731552e+11
827.20000000,2.277765819859e+13,2.345613617358e+12,2.664167685915e+12,2.345613617358e+12,2.664167791276e+12,2.345613617358e+12,2.198997688284e+12
827.40000000,5.100477239405e+13,2.164553759921e+13,2.458518376143e+13,2.164553759921e+13,2.458518473371e+13,2.164553759921e+13,2.029255235819e+13
827.60000000,1.393009915980e+14,1.056022750521e+14,1.199439526915e+14,1.056022750521e+14,1.199439574349e+14,1.056022750521e+14,9.900145403260e+13
827.80000000,2.787635689573e+14,2.728901587319e+14,3.099509387725e+14,2.728901587319e+14,3.099509510302e+14,2.728901587319e+14,2.558327696285e+14
828.00000000,4.131805379139e+14,3.739827541949e+14,4.247727594358e+14,3.739827541949e+14,4.247727762344e+14,3.739827541949e+14,3.506064280352e+14
828.20000000,3.433257471145e+14,2.719271680704e+14,3.088571658752e+14,2.719271680704e+14,3.088571780897e+14,2.719271680704e+14,2.549299720736e+14
828.40000000,2.113023753244e+14,1.048577758906e+14,1.190983442786e+14,1.048577758906e+14,1.190983489886e+14,1.048577758906e+14,9.830349085446e+13
828.60000000,1.161669086308e+14,2.141679670959e+13,2.432537793406e+13,2.141679670959e+13,2.432537889606e+13,2.141679670959e+13,2.007810924456e+13
828.80000000,3.682486749733e+13,2.312577157000e+12,2.626644596225e+12,2.312577157000e+12,2.626644700101e+12,2.312577157000e+12,2.168026219062e+12
829.00000000,6.117271689791e+13,1.317134796352e+11,1.496012785937e+11,1.317134796352e+11,1.496012845100e+11,1.317134796352e+11,1.234805404821e+11
829.20000000,3.845950877342e+13,3.947146020881e+09,4.483201667401e+09,3.947146020882e+09,4.483201844700e+09,3.947146020862e+09,3.700424021657e+09
829.40000000,5.070391337927e+13,6.208483964224e+07,7.051648333555e+07,6.208483962103e+07,7.051648610019e+07,6.208483961552e+07,5.820413804802e+07
829.60000000,5.380665061085e+13,5.113570921100e+05,5.808036885023e+05,5.113570859325e+05,5.808037044551e+05,5.113571001490e+05,4.793939943024e+05
829.80000000,3.185002554736e+13,2.200719566831e+03,2.499595803982e+03,2.200715206138e+03,2.499590949922e+03,2.200720712510e+03,2.063161521385e+03
830.00000000,6.152597409990e+13,4.951940525715e+00,5.624455721758e+00,4.932688245315e+00,5.602589041231e+00,4.936627722931e+00,4.628056756796e+00
830.20000000,6.864320319343e+13,1.789821504284e-02,2.032894326663e-02,1.411465451499e-02,1.603154401285e-02,-1.879022711238e-02,-1.761571713119e-02
830.40000000,5.419188286180e+13,2.370439793426e-03,2.692365465616e-03,-4.668212651296e-03,-5.302195423991e-03,-4.487007529501e-02,-4.206540715687e-02
830.60000000,5.896714437986e+13,8.160464917808e-03,9.268724727372e-03,-2.087102114832e-02,-2.370548239612e-02,-4.564410096908e-02,-4.279105125075e-02
830.80000000,4.589844083708e+13,-1.651447670178e-02,-1.875728161411e-02,-6.746881766097e-02,-7.663165390822e-02,-7.173567742519e-02,-6.725173645742e-02
831.00000000,6.038716728154e+13,-1.826030622514e-02,-2.074020947863e-02,-4.260396943341e-02,-4.838994892637e-02,-2.158869298366e-02,-2.023926089652e-02
831.20000000,5.071263848853e+13,-2.525005172346e-02,-2.867922123725e-02,-2.056306890343e-02,-2.335570763100e-02,-1.700717737098e-02,-1.594411946036e-02
831.40000000,2.468644275596e+13,-1.854119255343e-02,-2.105924253407e-02,-3.341506575820e-02,-3.795311439086e-02,-2.696539619453e-02,-2.527988559438e-02
831.60000000,2.533412716002e+13,-2.369512381365e-03,-2.691312103192e-03,-1.474068592044e-02,-1.674259577960e-02,-3.745322755992e-02,-3.511216008194e-02
831.80000000,3.004182064917e+13,1.755752234658e-02,1.994198163514e-02,3.227838239222e-02,3.666205980706e-02,-1.806431217555e-03,-1.693517654422e-03
832.00000000,4.778510349682e+13,-3.402134607949e-03,-3.864173118093e-03,1.043851442279e-02,1.185615299475e-02,-5.517972896799e-03,-5.173064120314e-03
832.20000000,7.263514594172e+13,-1.594778593139e-02,-1.811362946816e-02,-1.218268156452e-02,-1.383719279056e-02,-1.879940734091e-02,-1.762432353643e-02
832.40000000,1.960241241023e+13,-4.582862840266e-03,-5.205254180681e-03,1.730708175390e-03,1.965752987982e-03,-1.791793650321e-02,-1.679795029232e-02
832.60000000,4.143579963438e+13,-1.023527282409e-02,-1.162530900770e-02,2.211636247992e-03,2.511995161656e-03,2.602836552586e-02,2.440142536589e-02
832.80000000,4.654252407048e+13,6.433793673163e-03,7.307556997043e-03,4.092892300479e-03,4.648741702130e-03,2.357833151348e-02,2.210453422850e-02
833.00000000,5.159464066872e+13,-3.843509297447e-03,-4.365490204777e-03,1.026343511670e-02,1.165729643766e-02,1.778387071499e-02,1.667226447767e-02
833.20000000,5.672548635810e+13,3.270217739682e-02,3.714340828981e-02,2.568833722795e-02,2.917703075548e-02,2.941933781916e-03,2.758044009314e-03
833.40000000,3.434551628240e+13,1.759698796653e-02,1.998680701840e-02,1.961855123253e-02,2.228291646945e-02,1.114635915932e-02,1.044964006124e-02
833.60000000,5.048969676863e+13,3.147573656700e-03,3.575040647429e-03,7.856764282076e-03,8.923779342451e-03,-1.719757048031e-02,-1.612261177649e-02
833.80000000,3.131045104990e+13,1.537832978504e-02,1.746683638492e-02,2.926193957804e-02,3.323595853858e-02,-1.867288113694e-02,-1.750570603354e-02
834.00000000,4.853332984745e+13,4.637362562853e-03,5.267155424234e-03,2.471455966195e-02,2.807100595753e-02,4.186827622460e-02,3.925123982441e-02
834.20000000,4.581850132312e+13,-1.828016914082e-02,-2.076276994541e-02,-1.142288022907e-02,-1.297420400558e-02,4.718604432965e-03,4.423661323941e-03
834.40000000,8.230492723929e+13,3.097420503325e-03,3.518076273766e-03,-4.148202375882e-04,-4.711563353709e-04,1.017909392887e-02,9.542835125430e-03
834.60000000,4.505925450985e+13,5.506718603955e-03,6.254577331713e-03,-8.956368670124e-03,-1.017271930942e-02,1.260858789289e-03,1.182047009952e-03
834.80000000,6.071782960400e+13,3.360566737688e-02,3.816959981240e-02,-4.136806019668e-03,-4.698619275909e-03,-2.769999466029e-03,-2.596856693391e-03
835.00000000,6.841733104837e+13,2.934119600331e-02,3.332597733900e-02,-4.843387598870e-03,-5.501160611484e-03,3.710229613237e-03,3.478316412445e-03
835.20000000,5.042880528016e+13,4.712951191918e-03,5.353009625236e-03,-1.595580700954e-02,-1.812274059293e-02,5.692715495189e-03,5.336884183032e-03
835.40000000,2.746852702146e+13,-3.081689615435e-02,-3.500208998917e-02,-1.353682119721e-02,-1.537523604185e-02,1.177098807850e-02,1.103522565775e-02
835.60000000,4.734149165093e+13,-1.087643458837e-02,-1.235354593522e-02,-1.898609165104e-03,-2.156456352596e-03,1.490836634412e-02,1.397649761419e-02
835.80000000,4.830835394075e+13,-3.620908605358e-02,-4.112658465426e-02,-8.521950838635e-03,-9.679303861091e-03,-9.440847738859e-03,-8.850734067863e-03
836.00000000,3.110149808326e+13,-5.438702720957e-03,-6.177324319420e-03,-1.066036973395e-02,-1.210813813414e-02,-2.787007913411e-02,-2.612802003479e-02
836.20000000,4.924943057219e+13,-2.393485810227e-02,-2.718541325439e-02,-4.220891862818e-02,-4.794124687954e-02,-5.353381565236e-02,-5.018760804994e-02
836.40000000,5.056468527793e+13,1.891996655578e-02,2.148945723349e-02,-2.899816424390e-02,-3.293636028245e-02,2.762298583620e-03,2.589637165635e-03
836.60000000,6.314735795133e+13,6.778520140379e-03,7.699100219524e-03,-3.377856382766e-02,-3.836597857347e-02,2.787405031162e-03,2.613174298818e-03
836.80000000,5.378405700608e+13,5.318636144883e-03,6.040951691906e-03,-1.248935178346e-02,-1.418551141977e-02,2.184621612242e-02,2.048068718371e-02
837.00000000,6.019681198793e+13,1.887535936484e-02,2.143879201063e-02,-4.258825876592e-03,-4.837210461732e-03,-9.077591468984e-03,-8.510183649925e-03
837.20000000,5.271866151493e+13,5.454528327007e-02,6.195299175952e-02,2.475073669872e-02,2.811209614197e-02,-4.929865048266e-03,-4.621716792768e-03
837.40000000,5.577033264097e+13,4.863909191615e-02,5.524468991666e-02,1.669151544313e-02,1.895836445615e-02,-2.117102144848e-02,-1.984769651715e-02
837.60000000,3.779576443986e+13,2.334072901769e-02,2.651059644029e-02,8.249764925850e-03,9.370152798567e-03,-6.395296723489e-03,-5.995549568254e-03
837.80000000,6.996613441175e+13,2.264416459158e-02,2.571943270323e-02,1.262996203810e-02,1.434521773660e-02,5.254850590391e-03,4.926388649450e-03
838.00000000,4.009349797661e+13,2.777217828203e-02,3.154387380723e-02,2.698366925851e-02,3.064827983474e-02,1.549153982800e-02,1.452321900660e-02
838.20000000,2.736830290220e+13,1.741634086770e-02,1.978162652333e-02,-1.848634468283e-03,-2.099694669145e-03,-1.859967671428e-02,-1.743707735787e-02
838.40000000,1.575658804847e+13,2.641714975137e-02,3.000482099897e-02,1.098411345312e-02,1.247584898935e-02,-1.013258903992e-02,-9.499237090977e-03
838.60000000,5.244500155918e+13,6.847429914030e-02,7.777368520342e-02,1.168781791394e-02,1.327512246952e-02,1.806371391707e-02,1.693461568074e-02
838.80000000,7.224806158946e+13,8.218701573425e-02,9.334870410907e-02,-4.328139003780e-02,-4.915936898005e-02,2.166141638520e-02,2.030743861799e-02
839.00000000,4.784123321496e+13,3.919842019929e-02,4.452189553345e-02,-3.325821621509e-02,-3.777496335279e-02,8.135080531730e-02,7.626585704865e-02
839.20000000,6.307059077349e+13,1.946010653942e-02,2.210295277241e-02,2.906379255763e-02,3.301090147642e-02,1.199200519436e-02,1.124242778314e-02
839.40000000,4.117081435745e+13,3.534346647991e-03,4.014340665794e-03,1.200287971358e-02,1.363297232709e-02,1.249808762477e-02,1.171687680847e-02
839.60000000,4.088630883407e+13,-1.832288859372e-03,-2.081129105952e-03,-1.915251728956e-02,-2.175359117422e-02,-1.038702074979e-02,-9.737765183451e-03
839.80000000,6.213286272772e+13,2.989360238025e-02,3.395340515066e-02,3.824470177757e-03,4.343865584201e-03,2.888340901423e-02,2.707801028355e-02
840.00000000,3.892475560472e+13,-1.830577961747e-02,-2.079185854031e-02,-1.558086007046e-02,-1.769687268735e-02,4.964063672528e-03,4.653777783180e-03
840.20000000,3.922230549264e+13,-1.302238200572e-02,-1.479093107089e-02,-2.691383402536e-02,-3.056896038609e-02,7.449963077330e-02,6.984292495412e-02
840.40000000,5.836578925212e+13,-1.530488738986e-01,-1.738341989443e-01,2.023184994599e-02,2.297950633691e-02,8.155519614012e-02,7.645747213119e-02
840.60000000,6.458503079349e+13,3.342486868533e-02,3.796424713705e-02,2.296890191231e-02,2.608827311663e-02,3.768726026492e-02,3.533156423847e-02
840.80000000,5.056216036007e+13,1.758185838414e-02,1.996962271139e-02,1.084007948048e-02,1.231225398464e-02,4.346553435399e-02,4.074865905328e-02
841.00000000,5.503253378887e+13,-3.047626676410e-03,-3.461520026119e-03,-5.153594813885e-03,-5.853496590756e-03,3.299416806025e-02,3.093182046456e-02
841.20000000,4.610199866322e+13,1.393280109459e-02,1.582499273358e-02,1.052501792041e-04,1.195440439924e-04,3.292582847804e-02,3.086775254553e-02
841.40000000,4.723294962798e+13,2.799491145607e-02,3.179685602069e-02,8.413436335896e-03,9.556052170812e-03,3.410680733864e-02,3.197491263583e-02
841.60000000,4.130641024586e+13,1.975623944849e-02,2.243930302262e-02,8.282107326364e-03,9.406887570698e-03,2.303408383837e-02,2.159430553161e-02
841.80000000,3.735108835242e+13,5.195542186178e-02,5.901140537721e-02,3.112639863262e-02,3.535362690674e-02,4.304982570934e-02,4.035893487117e-02
842.00000000,5.336659883013e+13,8.805145726755e-02,1.000095861543e-01,7.510221367053e-02,8.530172967698e-02,7.264700507293e-02,6.810610026901e-02
842.20000000,6.411331696907e+13,4.098502719494e-02,4.655113879416e-02,1.901515954575e-02,2.159757908670e-02,2.065389464867e-02,1.936289346650e-02
842.40000000,6.385927392716e+13,1.017383966193e-02,1.155553270514e-02,2.298631957842e-02,2.610805624916e-02,4.380573251988e-02,4.106759264695e-02
842.60000000,5.531501409683e+13,7.879545449470e-03,8.949654031179e-03,9.919923975943e-03,1.126713357777e-02,2.117651023672e-03,1.985284222085e-03
842.80000000,6.083964787327e+13,9.309704371070e-03,1.057404056972e-02,3.026419481245e-02,3.437432851325e-02,-4.621481453800e-04,-4.332609155294e-04
843.00000000,1.721227140001e+13,1.175892762860e-02,1.335588895686e-02,-3.825948726472e-03,-4.345544932340e-03,-4.145737944532e-03,-3.886602673515e-03
843.20000000,4.567617762331e+13,1.921878891672e-02,2.182886218576e-02,-7.604977461269e-03,-8.637797741176e-03,-1.401985939242e-03,-1.314352805843e-03
843.40000000,4.368291825617e+13,-1.751424865073e-02,-1.989283100723e-02,-3.840819214713e-02,-4.362434958693e-02,-3.217800233396e-02,-3.016667034262e-02
843.60000000,5.540834016256e+13,-3.244400082997e-02,-3.685016917251e-02,-1.157638845178e-02,-1.314855994367e-02,-2.301948310412e-02,-2.158061743710e-02
843.80000000,3.191351502287e+13,-3.733877625998e-02,-4.240969629750e-02,-1.974431738028e-02,-2.242576272409e-02,-3.461021481654e-02,-3.244685391037e-02
844.00000000,3.362600856395e+13,-2.249285809398e-02,-2.554757750995e-02,2.796306400548e-02,3.176068467435e-02,1.059482433665e-02,9.932579710344e-03
844.20000000,3.858829679594e+13,-1.658552509589e-02,-1.883797897805e-02,2.336277771068e-02,2.653564058075e-02,-2.226712427382e-02,-2.087528586997e-02
844.40000000,7.854499823180e+13,-1.887969462228e-02,-2.144371603251e-02,1.878670900015e-02,2.133810302425e-02,-1.853841304991e-02,-1.737964306633e-02
844.60000000,5.759530258388e+13,-1.841827687890e-02,-2.091963387656e-02,-1.602494504164e-02,-1.820126815472e-02,-2.032005855247e-02,-1.904992427227e-02
844.80000000,6.532318217913e+13,-2.039294100127e-02,-2.316247400437e-02,-1.802016242842e-02,-2.046745294283e-02,-1.123991646871e-02,-1.053734943739e-02
845.00000000,3.060742759859e+13,-4.295718698861e-02,-4.879113448436e-02,-3.142587367182e-02,-3.569377318992e-02,-3.223922610542e-02,-3.022406723480e-02
845.20000000,4.273162460744e+13,-4.181303467420e-02,-4.749159665713e-02,-1.978421685167e-02,-2.247108088125e-02,-3.368547956923e-02,-3.157992056037e-02
845.40000000,5.877981803436e+13,-6.554845032059e-02,-7.445048149175e-02,-7.739899240860e-03,-8.791043039919e-03,-1.916965475018e-02,-1.797142810261e-02
845.60000000,3.644215155929e+13,-5.379693056410e-02,-6.110300645837e-02,-2.044580463204e-04,-2.322251787941e-04,-4.349039768643e-02,-4.077196826762e-02
845.80000000,4.799171995322e+13,-1.805108983536e-02,-2.050257974248e-02,2.410418974735e-03,2.737774264460e-03,-1.412634570533e-02,-1.324335829228e-02
846.00000000,3.986880454262e+13,-2.093286563907e-02,-2.377572495167e-02,2.366281514568e-02,2.687642563783e-02,-7.425654039025e-03,-6.961502928264e-03
846.20000000,5.748698176549e+13,-4.281856914389e-03,-4.863369116979e-03,-2.773563061763e-03,-3.150236390826e-03,1.242804754680e-03,1.165121468560e-03
846.40000000,6.641004454720e+13,-1.778771359595e-02,-2.020343479333e-02,-2.725652163302e-02,-3.095818787013e-02,-2.959335633763e-02,-2.774358133558e-02
846.60000000,3.057535724218e+13,-1.650410407322e-02,-1.874550029530e-02,-3.335939586287e-02,-3.788988405275e-02,-6.627459696194e-02,-6.213200862784e-02
846.80000000,1.527725348448e+13,-1.383059221191e-02,-1.570890302450e-02,-3.867663057075e-02,-4.392924421956e-02,-9.964867755833e-02,-9.341999465289e-02
847.00000000,5.406303350528e+13,-1.824387202838e-02,-2.072154337964e-02,1.081304304231e-02,1.228154576944e-02,-8.441360715623e-03,-7.913721408445e-03
847.20000000,4.690832432780e+13,2.430604195423e-03,2.760700699713e-03,2.674796533847e-02,3.038056532821e-02,2.822269079415e-02,2.645859119944e-02
847.40000000,1.979185279995e+13,1.030817008607e-02,1.170810633133e-02,2.480860445198e-02,2.817782282570e-02,2.928208025495e-02,2.745176200900e-02
847.60000000,5.222891875022e+13,-7.663191030504e-04,-8.703916861400e-04,3.041017788268e-03,3.454013731949e-03,1.790732296842e-02,1.678800017169e-02
847.80000000,5.485220168551e+13,-1.076924570348e-02,-1.223179989772e-02,9.170478875278e-03,1.041590749188e-02,5.561986371313e-03,5.214326469746e-03
848.00000000,6.179697382008e+13,-1.273423706093e-02,-1.446365361773e-02,1.577305758864e-02,1.791517225455e-02,1.021163462016e-03,9.573341814338e-04
848.20000000,5.121718577970e+13,5.020831660303e-03,5.702702852171e-03,1.995346657395e-02,2.266331614774e-02,2.570536737907e-03,2.409861667956e-03
848.40000000,6.098932696104e+13,3.185142995738e-02,3.617712218870e-02,2.731550052307e-02,3.102517659242e-02,2.744497974538e-02,2.572949209047e-02
848.60000000,5.861612211484e+13,3.382663516324e-02,3.842057688369e-02,2.942059113074e-02,3.341615631439e-02,4.283341383790e-02,4.015605013282e-02
848.80000000,4.878858621208e+13,3.670728971113e-02,4.169244856109e-02,2.657073254602e-02,3.017926282311e-02,3.447982349400e-02,3.232461288367e-02
849.00000000,4.076119258270e+13,1.470910728760e-02,1.670672784054e-02,1.693473239664e-02,1.923461232963e-02,5.226400254684e-03,4.899716642609e-03
849.20000000,3.793594252613e+13,8.291763003493e-03,9.417854198021e-03,4.044829971704e-03,4.594152102484e-03,-4.978390171977e-03,-4.667208784320e-03
849.40000000,6.467791597246e+13,2.608566237458e-02,2.962831484680e-02,1.850203108725e-02,2.101476344230e-02,2.011228384002e-03,1.885513681496e-03
849.60000000,7.115399248000e+13,4.981467742489e-02,5.657992983054e-02,4.389298510621e-02,4.985402383305e-02,4.736608124618e-03,4.440539669136e-03
849.80000000,5.194614583535e+13,5.393479825696e-02,6.125959774414e-02,5.551013873312e-02,6.304888520752e-02,4.472855648109e-02,4.193273417853e-02
850.00000000,6.049997976268e+13,1.027782352074e-01,1.167363844704e-01,8.195135741145e-02,9.308104508398e-02,7.835790988816e-02,7.346003682265e-02
850.20000000,4.606215373479e+13,3.232484080040e-02,3.671482620815e-02,3.407682841518e-02,3.870475001539e-02,5.102057971406e-03,4.783146551328e-03
850.40000000,7.236694763193e+13,5.389266808183e-03,6.121174593668e-03,-1.207729420637e-03,-1.371749293756e-03,-4.689875029402e-02,-4.396727692778e-02
850.60000000,4.882241974420e+13,9.660654372153e-03,1.097265253434e-02,9.066709475971e-03,1.029804533022e-02,-5.276399121578e-02,-4.946590258920e-02
850.80000000,9.396201507122e+13,2.873976315657e-03,3.264286485037e-03,1.237397346808e-02,1.405446375302e-02,-6.330003062831e-02,-5.934337181106e-02
851.00000000,9.139408960396e+13,2.295574788405e-02,2.607333162892e-02,3.174642134095e-02,3.605785394446e-02,-5.259543787858e-02,-4.930788491906e-02
851.20000000,3.826238471428e+13,3.723849758013e-02,4.229579892904e-02,3.216923217772e-02,3.653808606998e-02,-1.713172406556e-03,-1.606088118593e-03
851.40000000,5.765436946840e+13,2.458377984086e-02,2.792246402604e-02,3.913006630810e-02,4.444426036626e-02,7.211082786827e-03,6.760343758628e-03
851.60000000,4.870011416524e+13,1.436700313489e-02,1.631816306495e-02,7.959427834498e-03,9.040385473860e-03,-6.609684034318e-03,-6.196536294040e-03
851.80000000,4.576895516059e+13,6.531679167482e-03,7.418736165239e-03,3.277160361419e-03,3.722226464379e-03,-3.253142656950e-02,-3.049800329156e-02
852.00000000,-4.125450943747e+12,3.197135573054e-02,3.631333489108e-02,1.460381781973e-02,1.658713983286e-02,-1.084446136390e-02,-1.016661281868e-02
852.20000000,6.198425700346e+13,-2.274741386535e-03,-2.583670409727e-03,2.064426544564e-02,2.344793135059e-02,-3.933721163900e-02,-3.687838304551e-02
852.40000000,6.051726612614e+13,-7.399872085379e-03,-8.404836987591e-03,1.521952036716e-02,1.728645999529e-02,-2.906332257422e-02,-2.724667808952e-02
852.60000000,4.208778276847e+13,1.798360512293e-02,2.042593003818e-02,1.261887523994e-02,1.433262525745e-02,-1.842760768132e-02,-1.727576374555e-02
852.80000000,5.153452265515e+13,1.457152156494e-02,1.655045681891e-02,-8.798586175348e-03,-9.993508616958e-03,-3.375642940099e-03,-3.164643557156e-03
853.00000000,4.529958804175e+13,-7.602147314543e-03,-8.634582895106e-03,-4.431535763411e-03,-5.033375812365e-03,-1.546525274955e-02,-1.449857503952e-02
853.20000000,6.526848560751e+13,-2.123645203927e-02,-2.412054093983e-02,-5.015344185748e-02,-5.696470357672e-02,-2.639202287979e-02,-2.474235179755e-02
853.40000000,6.561364723100e+13,-7.726731850121e-03,-8.776087059047e-03,-3.617308359538e-02,-4.108569438409e-02,-6.912674454839e-03,-6.480587865606e-03
853.60000000,3.917270163358e+13,1.183688782575e-02,1.344443680485e-02,5.066190249734e-04,5.754221747326e-04,2.748737215921e-02,2.576923470592e-02
853.80000000,6.244548049248e+13,-1.364925257108e-02,-1.550293593440e-02,3.918796851696e-03,4.451002618496e-03,-8.454543291369e-03,-7.926079988468e-03
854.00000000,7.093033748915e+13,-1.512642968014e-02,-1.718072612593e-02,-2.814319374612e-03,-3.196527755773e-03,-2.622969261269e-02,-2.459016821563e-02
854.20000000,6.844848852214e+13,-2.328781603498e-03,-2.645049742923e-03,-1.803776533404e-02,-2.048744647196e-02,-2.113480599369e-02,-1.981374476108e-02
854.40000000,6.066422690794e+13,2.048118265388e-02,2.326269961600e-02,-5.395417611916e-03,-6.128160970661e-03,2.742898550170e-03,2.571449758983e-03
854.60000000,4.875338993235e+13,8.852028179489e-04,1.005420809979e-03,-1.170298313262e-02,-1.329234725320e-02,-4.209289149015e-03,-3.946181519200e-03
854.80000000,5.349548056834e+13,-4.001532338439e-03,-4.544974104566e-03,-8.311485050579e-03,-9.440255038406e-03,3.591339254196e-02,3.366857465091e-02
855.00000000,6.137027217576e+13,5.858874876418e-03,6.654559389519e-03,-1.163784789660e-02,-1.321836610107e-02,1.901843433399e-02,1.782965993450e-02
855.20000000,6.154395389114e+13,-1.136095797630e-02,-1.290387167669e-02,1.235909303661e-02,1.403756243307e-02,-2.055992136221e-02,-1.927479411453e-02
855.40000000,4.508837977175e+13,-3.765146356511e-02,-4.276484917006e-02,3.019517100770e-03,3.429593069185e-03,-2.091250444206e-02,-1.960533848542e-02
855.60000000,5.400136724589e+13,-1.883882866457e-02,-2.139730013384e-02,-1.897811359934e-02,-2.155550198735e-02,-3.770876549472e-03,-3.535172525317e-03
855.80000000,3.268076496149e+13,5.088249024202e-03,5.779276061433e-03,-5.135989455320e-03,-5.833500275550e-03,9.312305422729e-03,8.730226472782e-03
856.00000000,7.498450356896e+13,4.696517944668e-03,5.334344604717e-03,1.052397432278e-02,1.195321907218e-02,5.308509058114e-02,4.976693118015e-02
856.20000000,4.142523026800e+13,1.628750379843e-03,1.849948388041e-03,9.699483334176e-03,1.101675523185e-02,7.353531101491e-02,6.893888137944e-02
856.40000000,6.369022901500e+13,2.264533367934e-02,2.572076056294e-02,-3.162957432827e-03,-3.592513811888e-03,7.684494687731e-02,7.204164372556e-02
856.60000000,2.606655035263e+13,1.809154039881e-02,2.054852383285e-02,-4.980267830622e-03,-5.656630336760e-03,-1.630816562505e-02,-1.528880044192e-02
856.80000000,2.981167983849e+13,-1.753372375256e-02,-1.991495099178e-02,-2.629606816182e-02,-2.986729669178e-02,-3.595326337420e-02,-3.370595329984e-02
857.00000000,6.953140776363e+13,-1.928637271630e-02,-2.190562443406e-02,-2.225644988527e-02,-2.527906407674e-02,6.983915468585e-03,6.547375858044e-03
857.20000000,4.795692085129e+13,-2.212361468450e-02,-2.512818773813e-02,-2.370204844066e-02,-2.692098714621e-02,3.776375468585e-02,3.540327726638e-02
857.40000000,7.428039661222e+13,-5.514782237721e-03,-6.263736074802e-03,-2.766079288661e-03,-3.141736258022e-03,1.406951093084e-02,1.319007605654e-02
857.60000000,4.394117961750e+13,-3.444225693817e-02,-3.911980527637e-02,6.348147224119e-04,7.210279324619e-04,-1.091176217639e-02,-1.022970689777e-02
857.80000000,4.859159349473e+13,-4.378888447852e-03,-4.973578349248e-03,-1.990618016818e-02,-2.260960784800e-02,2.177709424380e-03,2.041588586683e-03
858.00000000,5.392250881802e+13,2.180935866091e-02,2.477125310193e-02,-1.157488858321e-02,-1.314685638026e-02,2.173820076267e-02,2.037942347829e-02
858.20000000,6.461632364906e+13,-8.041138691415e-04,-9.133192995250e-04,-2.218081027625e-02,-2.519315196888e-02,-2.138003009366e-02,-2.004364077847e-02
858.40000000,6.088813547052e+13,5.730679807741e-04,6.508954351704e-04,-1.360124876331e-02,-1.544841341650e-02,-1.246916195782e-02,-1.168975918163e-02
858.60000000,5.303928413485e+13,1.182752998240e-02,1.343380808763e-02,-4.184379119493e-03,-4.752653205174e-03,5.109021478847e-03,4.789674794791e-03
858.80000000,4.079936564051e+13,-7.556383652876e-05,-8.582604143019e-05,1.156504453531e-02,1.313567542737e-02,3.650870565885e-02,3.422667687123e-02
859.00000000,2.753469748095e+13,-2.642105107071e-02,-3.000925215030e-02,1.135720834512e-03,1.289961332419e-03,9.051014151597e-03,8.485267585719e-03
859.20000000,7.234634884488e+13,-1.268906160793e-02,-1.441234295805e-02,-3.172589957663e-04,-3.603454515087e-04,3.222608254188e-03,3.021174522847e-03
859.40000000,2.982821108608e+13,-2.973332720594e-02,-3.377136325889e-02,-6.328842085341e-02,-7.188352384663e-02,-3.050970895325e-02,-2.860265602226e-02
859.60000000,6.794322693775e+13,1.643156531473e-02,1.866311016297e-02,-5.860231365642e-02,-6.656100364624e-02,-4.375583359955e-02,-4.102081272991e-02
859.80000000,7.510667042050e+13,1.572960823430e-02,1.786582140376e-02,-1.641203872991e-02,-1.864093244079e-02,-1.030897371841e-02,-9.664596593236e-03
860.00000000,6.824684643347e+13,4.125004380137e-02,4.685214688597e-02,6.023763308834e-03,6.841841329237e-03,1.116534960483e-02,1.046744348183e-02
860.20000000,4.369426746187e+13,2.530748680475e-02,2.874445648592e-02,4.184795389727e-03,4.753126008429e-03,4.128430379562e-03,3.870376942612e-03
860.40000000,5.198414624993e+13,1.137470507608e-03,1.291948574832e-03,1.663295679338e-02,1.889185304633e-02,1.563981966804e-02,1.466223040346e-02
860.60000000,5.635582071409e+13,-7.779750685279e-03,-8.836306298195e-03,-2.526853971309e-03,-2.870022118646e-03,1.025628296635e-02,9.615199351883e-03
860.80000000,5.713631609557e+13,5.410051889435e-03,6.144782463870e-03,9.369591959193e-03,1.064206181715e-02,3.737612848407e-02,3.503988019393e-02
861.00000000,7.213732936769e+13,-6.633397568241e-03,-7.534268780823e-03,-7.314825848420e-03,-8.308241084521e-03,1.263505846097e-02,1.184528608693e-02
861.20000000,5.484604625890e+13,1.329122413309e-02,1.509628422157e-02,-4.076103361182e-03,-4.629672682836e-03,1.858777581413e-02,1.742592034048e-02
861.40000000,3.992428666197e+13,3.722240231974e-02,4.227751779685e-02,2.329569205407e-02,2.645944412441e-02,4.324395254490e-02,4.054092753162e-02
861.60000000,4.064902162792e+13,1.653256807360e-02,1.877782994648e-02,3.429023942985e-02,3.894714405138e-02,2.668795601410e-02,2.501978720866e-02
861.80000000,6.450821549447e+13,-2.146299410188e-03,-2.437784932098e-03,3.767318705905e-03,4.278952458951e-03,1.534988146416e-02,1.439041520109e-02
862.00000000,4.345154395687e+13,6.118698020249e-03,6.949668702802e-03,7.186512818312e-03,8.162502059355e-03,2.291645073219e-02,2.148402525072e-02
862.20000000,5.653089829172e+13,4.502248005059e-03,5.113691172446e-03,-2.370672229312e-02,-2.692629574737e-02,3.207653704466e-02,3.007154728613e-02
862.40000000,6.057822801607e+13,-1.271342189917e-02,-1.444001158184e-02,-2.752579219058e-02,-3.126402764753e-02,1.673048677344e-02,1.568472380379e-02
862.60000000,3.882254537952e+13,-2.575837789401e-03,-2.925658237953e-03,-4.791651253485e-03,-5.442398032689e-03,4.772557000498e-02,4.474241509188e-02
862.80000000,5.378425598276e+13,-7.213041300432e-03,-8.192633009790e-03,1.856866908390e-02,2.109045144268e-02,3.026425385666e-02,2.837254344703e-02
863.00000000,4.137970499050e+13,2.078155115437e-02,2.360386068658e-02,3.778753952759e-02,4.291940709073e-02,7.223097417154e-02,6.771607397327e-02
863.20000000,5.836927760855e+13,4.345950297782e-03,4.936166921211e-03,1.280119989551e-02,1.453971114378e-02,1.569438758749e-02,1.471338747717e-02
863.40000000,7.050181196988e+13,8.177993619918e-04,9.288633974744e-04,-7.243900592374e-03,-8.227683578653e-03,-9.925070643651e-03,-9.304689928440e-03
863.60000000,5.659540368673e+13,2.143156910076e-02,2.434215654026e-02,-1.116260276969e-02,-1.267857866519e-02,-6.239127480337e-03,-5.849141906681e-03
863.80000000,4.637440843601e+13,6.761597382390e-03,7.679879208589e-03,-2.153624793975e-02,-2.446105261386e-02,-1.089281792642e-02,-1.021194678520e-02
864.00000000,4.851118843192e+13,-8.635862841590e-03,-9.808685689875e-03,-2.976790971453e-02,-3.381064370029e-02,-1.727092707605e-02,-1.619138311345e-02
864.20000000,5.835419816431e+13,2.470850002015e-02,2.806412225525e-02,1.572216668987e-02,1.785736994117e-02,2.583125000170e-02,2.421663082909e-02
864.40000000,6.567207364108e+13,1.437279999878e-01,1.632474719174e-01,1.527095555601e-01,1.734488051793e-01,3.593911113232e-02,3.369268566405e-02
864.60000000,6.087512122868e+13,7.185688888886e-02,8.161565910574e-02,1.796155555312e-01,2.040088675804e-01,1.616613333151e-01,1.515564607973e-01
864.80000000,5.974970326631e+13,7.183199999145e-02,8.158739008661e-02,3.592088887789e-02,4.079924949031e-02,5.387911109745e-02,5.051132031010e-02
865.00000000,6.031448144946e+13,2.132349999287e-02,2.421941073807e-02,-2.917783333363e-02,-3.314042995462e-02,-2.693255555683e-02,-2.524909770764e-02
865.20000000,5.274594966009e+13,-2.075697222317e-02,-2.357594372967e-02,-3.099504860991e-02,-3.520443843967e-02,-3.450088888831e-02,-3.234436155542e-02
865.40000000,5.135470007581e+13,-2.636113887610e-02,-2.994120337548e-02,-2.397810068130e-02,-2.723452961662e-02,-3.112911805218e-02,-2.918334807085e-02
865.60000000,3.178189843736e+13,4.934466668109e-02,5.604608767239e-02,5.383244445354e-02,6.114334585092e-02,-1.121483333447e-02,-1.051383416028e-02
865.80000000,2.867318120416e+13,1.345637777853e-01,1.528386712190e-01,1.076399999969e-01,1.222584226671e-01,-1.793911103818e-02,-1.681780128275e-02
866.00000000,7.111182782322e+13,1.793786666529e-01,2.037397991309e-01,8.969599999541e-02,1.018774756531e-01,4.125671110365e-01,3.867790145477e-01
866.20000000,6.384475101883e+13,9.864088887519e-02,1.120371516888e-01,6.277644443607e-02,7.130201670032e-02,-2.690666665641e-02,-2.522482702991e-02
866.40000000,5.857237038571e+13,1.793166666078e-02,2.036693789579e-02,1.344877777137e-02,1.527523557390e-02,3.362066665699e-02,3.151915887177e-02
866.60000000,4.110893505012e+13,-1.680655555501e-02,-1.908902723357e-02,-2.436946874366e-02,-2.767904877295e-02,-2.345875000054e-02,-2.199242732882e-02
866.80000000,4.867017568283e+13,-1.362415722510e-02,-1.547443242924e-02,1.287726367233e-02,1.462610502501e-02,-2.669083637268e-02,-2.502248752631e-02
867.00000000,5.794312211138e+13,-4.993753342131e-03,-5.671947070515e-03,1.556206626609e-02,1.767552652534e-02,-3.353435751272e-02,-3.143824460382e-02
867.20000000,5.229676894267e+13,7.316940316447e-03,8.310642386534e-03,2.390079943161e-02,2.714673020322e-02,2.064315617027e-02,1.935282621204e-02
867.40000000,4.481951151457e+13,2.314259989214e-02,2.628555971215e-02,1.687836584985e-02,1.917059072891e-02,5.316676771175e-02,4.984350296506e-02
867.60000000,4.592991206848e+13,2.484247311697e-02,2.821629002605e-02,1.690951802227e-02,1.920597362990e-02,7.183150232946e-02,6.734157168919e-02
867.80000000,2.326759630554e+13,6.446634709727e-02,7.322141954435e-02,3.371270096868e-02,3.829117098102e-02,4.587190405291e-02,4.300461517748e-02
868.00000000,4.557637143023e+13,1.981453537301e-02,2.250551602426e-02,8.257367622568e-03,9.378788005820e-03,2.124798791022e-02,1.991985208028e-02
868.20000000,6.279729036818e+13,-7.409666878571e-04,-8.415961996122e-04,1.281208341004e-02,1.455207273166e-02,1.191039216885e-02,1.116591609634e-02
868.40000000,4.948683709235e+13,4.150441145806e-03,4.714105981106e-03,1.387708442737e-02,1.576170989741e-02,-5.644856601483e-03,-5.292016777826e-03
868.60000000,6.357280660472e+13,-1.303577071657e-02,-1.480613808134e-02,-1.216372515788e-02,-1.381566194352e-02,-6.453544010187e-03,-6.050156025111e-03
868.80000000,6.441789446835e+13,-9.861693986679e-03,-1.120099502035e-02,-4.202631428043e-03,-4.773384331646e-03,-9.932522403250e-04,-9.311675905160e-04
869.00000000,6.004799361660e+13,-2.292306556362e-02,-2.603621077435e-02,9.581855203475e-03,1.088315220583e-02,3.411907454477e-03,3.198641306272e-03
869.20000000,5.745643923816e+13,5.786510673828e-03,6.572367519241e-03,2.473310191376e-02,2.809206640401e-02,9.619715261576e-03,9.018421220621e-03
869.40000000,5.935073403536e+13,-1.414629386099e-02,-1.606747961429e-02,1.708775166842e-02,1.940841291312e-02,-2.996278874509e-03,-2.808992184280e-03
869.60000000,6.729101533664e+13,-9.731491802420e-03,-1.105311028376e-02,-7.148103152397e-03,-8.118876035849e-03,-3.513380754217e-03,-3.293771872491e-03
869.80000000,6.483438791212e+13,-1.879300198615e-02,-2.134524980685e-02,-2.071770254954e-02,-2.353134183450e-02,-2.073598247341e-02,-1.943985027452e-02
870.00000000,6.240964238099e+13,-1.379072175359e-02,-1.566361782242e-02,-1.207076492245e-02,-1.371007692165e-02,-8.471762984425e-04,-7.942223340013e-04
870.20000000,5.589531331229e+13,-4.040573216303e-02,-4.589317062190e-02,-1.891254633188e-02,-2.148103013025e-02,-2.162644025017e-02,-2.027464871623e-02
870.40000000,5.552784690852e+13,-3.991931760591e-02,-4.534069687455e-02,-3.011385854975e-02,-3.420357531417e-02,-3.300897171050e-02,-3.094569879151e-02
870.60000000,6.183932286685e+13,-3.619805766024e-02,-4.111405851230e-02,-1.413211003522e-02,-1.605137014041e-02,-3.065342990902e-02,-2.873739349443e-02
870.80000000,7.571090486136e+13,-1.842829463528e-02,-2.093101212856e-02,6.491959660527e-03,7.373622706590e-03,5.825729843205e-03,5.461584279258e-03
871.00000000,5.595946617503e+13,9.948523714242e-03,1.129961695562e-02,2.313469421581e-02,2.627658141761e-02,-4.453064620516e-02,-4.174719456704e-02
871.20000000,6.503576574499e+13,1.412978152789e-02,1.604872476740e-02,1.800748939843e-02,2.045305880816e-02,-3.778909915870e-02,-3.542703754675e-02
871.40000000,6.454441000713e+13,-1.316334684753e-02,-1.495104012450e-02,-1.253986202054e-03,-1.424288137438e-03,-2.977378233190e-02,-2.791272954540e-02
871.60000000,6.350704604294e+13,-3.287053623405e-02,-3.733463167394e-02,1.502940685079e-02,1.707052745496e-02,-1.773555971335e-03,-1.662697322418e-03
871.80000000,4.978669985887e+13,-3.172637116782e-02,-3.603507936310e-02,1.883793666906e-02,2.139628784399e-02,9.158577547271e-03,8.586107577728e-03
872.00000000,3.166993646551e+13,4.710527190733e-03,5.350256424291e-03,4.886526552817e-02,5.550158200348e-02,3.211701789247e-02,3.010949782073e-02
872.20000000,3.710002489954e+13,1.662945584059e-02,1.888787588757e-02,7.711830903853e-02,8.759162785280e-02,3.430696054432e-02,3.216255497953e-02
872.40000000,4.280000659889e+13,-8.107695853102e-03,-9.208789179604e-03,7.221689714368e-02,8.202456275503e-02,1.926965414656e-03,1.806517689390e-03
872.60000000,3.120304917585e+13,6.847629804173e-03,7.777595557248e-03,4.062792024739e-02,4.614553554286e-02,1.102250074805e-03,1.033352359686e-03
872.80000000,6.781435883996e+13,-1.973884399995e-02,-2.241954512577e-02,4.134010498730e-02,4.695444099576e-02,1.715762162906e-02,1.608515998524e-02
873.00000000,5.710824862058e+13,-4.853202233265e-03,-5.512307938269e-03,3.879931496947e-02,4.406859019758e-02,1.094032564579e-02,1.025648496672e-02
873.20000000,3.553786331250e+13,-5.242572572151e-03,-5.954558045889e-03,2.671659738872e-02,3.034493734551e-02,1.105775429252e-03,1.036657356818e-03
873.40000000,4.658402213572e+13,8.098518893374e-03,9.198365911518e-03,2.473285799868e-02,2.809178936319e-02,-1.137559073066e-03,-1.066454318583e-03
873.60000000,7.826059820744e+13,-7.404898018242e-03,-8.410545484433e-03,2.569480175630e-02,2.918437322147e-02,-1.700193932469e-02,-1.593920882565e-02
873.80000000,6.156817179520e+13,-2.902639468543e-02,-3.296842335296e-02,6.526118046725e-03,7.412420090625e-03,-4.270391997280e-02,-4.003465046670e-02
874.00000000,7.482047692440e+13,-4.283327278442e-02,-4.865039168845e-02,7.556541077968e-03,8.582783287236e-03,3.865024370762e-03,3.623435502579e-03
874.20000000,5.058013552741e+13,-2.140721947384e-02,-2.431450002909e-02,1.640314459514e-02,1.863083040728e-02,3.516139670481e-02,3.296358338753e-02
874.40000000,3.021738175428e+13,-1.198357313923e-02,-1.361104321831e-02,-4.057950328732e-03,-4.609054314998e-03,1.200285502831e-02,1.125259943272e-02
874.60000000,5.945152688649e+13,-2.068967406284e-02,-2.349950591284e-02,-1.048204614024e-02,-1.190559668772e-02,-8.627273464075e-03,-8.088013415041e-03
874.80000000,3.314203510395e+13,-3.149360268179e-02,-3.577069895781e-02,-1.006781123154e-02,-1.143510517386e-02,-3.235533838826e-02,-3.033292175357e-02
875.00000000,5.953886705353e+13,-1.128393293552e-02,-1.281638598718e-02,1.712604302009e-02,1.945190455431e-02,-2.320701028518e-02,-2.175642296389e-02
875.20000000,6.279344169742e+13,4.923957466870e-03,5.592672328033e-03,7.682595327717e-03,8.725956770562e-03,-2.145681935788e-02,-2.011563022006e-02
875.40000000,4.361527659991e+13,8.802824774691e-03,9.998322458547e-03,1.566702906671e-03,1.779474416230e-03,1.520783638565e-02,1.425724885308e-02
875.60000000,4.718015742568e+13,4.431521861784e-02,5.033359823724e-02,1.508750258887e-02,1.713651308579e-02,7.769563127102e-02,7.283915487632e-02
875.80000000,7.216332235350e+13,-1.591874936710e-02,-1.808064949408e-02,9.587352546248e-03,1.088939613426e-02,2.172592852229e-02,2.036791833181e-02
876.00000000,5.484433426286e+13,-2.779096520146e-02,-3.156521214841e-02,-1.819423712275e-02,-2.066516845338e-02,-2.122544695131e-02,-1.989872007620e-02
876.20000000,4.041493859810e+13,-2.414309549282e-02,-2.742193103499e-02,-1.962652553135e-02,-2.229197374552e-02,-4.147130186447e-02,-3.887907891361e-02
876.40000000,8.278413015188e+13,-2.142421369315e-02,-2.433380220639e-02,-1.529651155718e-02,-1.737390724027e-02,-5.557193521760e-02,-5.209833204099e-02
876.60000000,3.479499872649e+13,-1.756745091284e-02,-1.995325858425e-02,-8.305466456362e-03,-9.433419068175e-03,-4.447188852571e-02,-4.169210962026e-02
876.80000000,6.267149301432e+13,-5.663201978571e-03,-6.432312465474e-03,-1.647245235370e-02,-1.870955074582e-02,-3.983953906563e-02,-3.734931177894e-02
877.00000000,5.227775363978e+13,-2.234672643713e-02,-2.538159994434e-02,-3.474579749690e-02,-3.946457075811e-02,-2.933361815723e-02,-2.750007846110e-02
877.20000000,3.673982355940e+13,1.668800082089e-02,1.895437176887e-02,-2.058451078219e-02,-2.338006149830e-02,-2.039001368526e-02,-1.911550675958e-02
877.40000000,4.974701798998e+13,-1.211346616609e-03,-1.375857681132e-03,-1.565506225964e-02,-1.778115216159e-02,-6.316809049432e-02,-5.921967878358e-02
877.60000000,4.105600095257e+13,-1.448754209798e-02,-1.645507223361e-02,-2.188150105029e-02,-2.485319401778e-02,-3.913544636537e-02,-3.668922939847e-02
877.80000000,3.647152254665e+13,-9.113926258983e-03,-1.035167414245e-02,3.638189562849e-03,4.132286485792e-03,1.090270303502e-02,1.022121401097e-02
878.00000000,4.777586343535e+13,-2.797412352154e-03,-3.177324490971e-03,5.500090254211e-03,6.247049043346e-03,-3.538493417840e-03,-3.317314833209e-03
878.20000000,6.022781520525e+13,-2.714369576460e-03,-3.083003807498e-03,-2.207523900271e-02,-2.507324322322e-02,-4.301385807450e-04,-4.032521544468e-04
878.40000000,6.713835031338e+13,-7.548123280235e-03,-8.573221942305e-03,-2.154984786712e-02,-2.447649952643e-02,-1.022385842694e-02,-9.584801554618e-03
878.60000000,4.598545533692e+13,2.554209229887e-02,2.901092338044e-02,3.662707370295e-03,4.160134018917e-03,1.727472049724e-02,1.619493942142e-02
878.80000000,6.737447878612e+13,1.760272689830e-02,1.999332534540e-02,4.128431356636e-02,4.689107262785e-02,-2.185880480796e-02,-2.049248899548e-02
879.00000000,5.034622081491e+13,3.343949914401e-03,3.798086453515e-03,3.553915715743e-02,4.036567537264e-02,7.321340878474e-03,6.863710010790e-03
879.20000000,7.435528151038e+13,-7.529034737065e-03,-8.551541014334e-03,4.938887207039e-03,5.609629874402e-03,6.073316420651e-04,5.693695104090e-04
879.40000000,6.384246327922e+13,9.597988855785e-03,1.090147651349e-02,1.930515254541e-02,2.192695558916e-02,2.610549510109e-02,2.447373384687e-02
879.60000000,3.531966253954e+13,-6.807590032300e-03,-7.732118047403e-03,-2.068279088383e-02,-2.349168886922e-02,-1.338380442284e-03,-1.254723061312e-03
879.80000000,3.417381294395e+13,-6.670523860199e-03,-7.576437135661e-03,-2.140733791201e-02,-2.431463551374e-02,1.006504542597e-02,9.435915387081e-03
880.00000000,6.524206596004e+13,-2.472548985420e-02,-2.808341945173e-02,-3.587890757987e-02,-4.075156677684e-02,-4.985202031639e-02,-4.673594858965e-02
880.20000000,4.196675193849e+13,3.745642803621e-03,4.254332617504e-03,-1.280898677105e-02,-1.454855554290e-02,-3.102756632358e-02,-2.908814397807e-02
880.40000000,6.378493337824e+13,-8.250318889724e-04,-9.370781624828e-04,1.432738140731e-02,1.627316101689e-02,-2.943830155956e-02,-2.759821847785e-02
880.60000000,4.290071106465e+13,1.158862680544e-02,1.316245984876e-02,7.983767767938e-03,9.068030976185e-03,5.336074127145e-03,5.002535193039e-03
880.80000000,5.101869148740e+13,1.955616111892e-02,2.221205237214e-02,-5.596072335768e-03,-6.356066303619e-03,1.730287040949e-02,1.622132978321e-02
881.00000000,5.856337352898e+13,5.557011245646e-03,6.311700137379e-03,1.521174292433e-02,1.727762630991e-02,1.559818383256e-02,1.462319707534e-02
881.20000000,6.338992849611e+13,2.072458519879e-04,2.353915827488e-04,5.606561192468e-03,6.367979635798e-03,1.272897983235e-02,1.193333676885e-02
881.40000000,4.361694606237e+13,-1.740309445136e-02,-1.976658113218e-02,-2.015567719637e-03,-2.289298868345e-03,-1.862115533062e-03,-1.745721342262e-03
881.60000000,2.426011261405e+13,-1.010114717102e-02,-1.147296796222e-02,-1.274839688192e-02,-1.447973703421e-02,-4.420086406736e-03,-4.143802593274e-03
881.80000000,3.986754707642e+13,2.882016160769e-02,3.273418208772e-02,1.616153849550e-02,1.835641215524e-02,1.321054842539e-02,1.238480422923e-02
882.00000000,4.408863821955e+13,1.255666911635e-02,1.426197045198e-02,4.421743454879e-02,5.022253625489e-02,-6.717799420648e-03,-6.297893773741e-03
882.20000000,6.808340544104e+13,1.010229497889e-02,1.147427165206e-02,2.356592326296e-02,2.676637501770e-02,1.974504690534e-02,1.851085454936e-02
882.40000000,5.303889989672e+13,2.242787392301e-02,2.547376794170e-02,1.889216771247e-02,2.145788392192e-02,2.537104820218e-02,2.378519460029e-02
882.60000000,3.282713036350e+13,-4.815186614729e-03,-5.469129478817e-03,-2.814010187550e-03,-3.196176578491e-03,-5.146471992626e-04,-4.824784410718e-04
882.80000000,6.745969923284e+13,-1.715272925087e-02,-1.948221423053e-02,-3.641152915601e-03,-4.135652286918e-03,-7.577209850968e-03,-7.103585527734e-03
883.00000000,4.542878678653e+13,-8.415856277426e-03,-9.558800382851e-03,1.156702744415e-02,1.313792763200e-02,-1.472909645104e-02,-1.380843324180e-02
883.20000000,5.572721650779e+13,2.775778200625e-02,3.152752239605e-02,3.611943325854e-02,4.102475787760e-02,1.440828715300e-02,1.350767658710e-02
883.40000000,5.570148080771e+13,1.328705796993e-02,1.509155225840e-02,3.222183983646e-02,3.659783829385e-02,3.175441347249e-03,2.976955850788e-03
883.60000000,5.929426030123e+13,-3.986235980548e-02,-4.527600372550e-02,2.229197621656e-02,2.531941518439e-02,-3.979623328864e-02,-3.730871289138e-02
883.80000000,5.399403503145e+13,-5.573719064458e-02,-6.330677018588e-02,-4.332673882413e-03,-4.921087651523e-03,6.973642276492e-03,6.537744806495e-03
884.00000000,5.626830359732e+13,-5.801813789276e-02,-6.589748926549e-02,6.509075904867e-03,7.393063481720e-03,-1.915171181604e-02,-1.795460671720e-02
884.20000000,3.212719629414e+13,-4.118408741724e-02,-4.677723306982e-02,1.317814440281e-02,1.496784790425e-02,-2.060837935370e-02,-1.932022317005e-02
884.40000000,4.366906229001e+13,-4.575358471061e-02,-5.196730654986e-02,-6.571390580634e-05,-7.463841017611e-05,-2.979321304649e-02,-2.793094571543e-02
884.60000000,5.337335719130e+13,-2.456901431724e-02,-2.790569322005e-02,-2.079474976410e-02,-2.361885271264e-02,-2.111746142623e-02,-1.979748434058e-02
884.80000000,5.085947611211e+13,-1.898673804253e-02,-2.156529685005e-02,1.052365942343e-03,1.195286140683e-03,-5.260838093717e-03,-4.932001895329e-03
885.00000000,4.129822150065e+13,0.000000000000e+00,4.698214110269e-16,0.000000000000e+00,4.698207946552e-16,0.000000000000e+00,3.166522489141e-16
