wavelength_nm,measurement,init_raw,init_fit,opt_raw,opt_fit,truth_raw,truth_fit
270.00000000,-1.862352343578e+12,-1.111832817924e-02,-1.262829071137e-02,3.390553114146e-03,3.851018912268e-03,4.281509060326e-03,4.013887221813e-03
270.20000000,4.929830816464e+12,6.760759141704e-04,7.678927127768e-04,1.635870191785e-02,1.858035203841e-02,1.773505655923e-03,1.662650152043e-03
270.40000000,-4.161715425909e+12,3.885795084632e-03,4.413518757716e-03,3.546488444007e-03,4.028131579189e-03,-7.513133409281e-03,-7.043514275547e-03
270.60000000,2.259121636763e+12,-1.388489583332e-02,-1.577058153469e-02,-7.257991536459e-03,-8.243688192159e-03,-1.618938259547e-02,-1.517744211525e-02
270.80000000,-1.923213126958e+13,-2.503430989580e-02,-2.843417985384e-02,-3.303273654510e-02,-3.751886163599e-02,-2.082070312498e-02,-1.951927534077e-02
271.00000000,1.275627804360e+13,-3.817380438908e-03,-4.335812827365e-03,-1.218236965602e-02,-1.383683852225e-02,-7.795771280918e-03,-7.308485463364e-03
271.20000000,-5.598978965320e+12,-8.708557637526e-03,-9.891253050856e-03,-1.421275482176e-02,-1.614296717124e-02,-9.442238023538e-03,-8.852037450812e-03
271.40000000,-1.266992570273e+13,-1.398878207735e-02,-1.588857640491e-02,-1.901043870712e-03,-2.159221711825e-03,-1.112457682291e-02,-1.042921926087e-02
271.60000000,1.379686352643e+12,-5.366476779498e-03,-6.095289487299e-03,-8.717427571510e-04,-9.901327988086e-04,-1.239053344724e-02,-1.161604545840e-02
271.80000000,-8.464461845093e+12,1.448340047200e-02,1.645036813997e-02,1.610988803438e-02,1.829774712452e-02,1.535958218044e-02,1.439950956025e-02
272.00000000,-9.369401843894e+12,2.091349656844e-02,2.375372539826e-02,7.417245483384e-03,8.424570172419e-03,2.654636027015e-02,2.488704210891e-02
272.20000000,6.476333862108e+12,6.711360677072e-03,7.622819935926e-03,-6.686399332676e-03,-7.594468931240e-03,1.763613484698e-02,1.653376305108e-02
272.40000000,-1.326102339292e+13,-2.279043240019e-03,-2.588556491115e-03,-5.779622395829e-03,-6.564544014732e-03,5.351481119778e-03,5.016979149594e-03
272.60000000,-6.908257756951e+12,-8.711201985668e-03,-9.894256523730e-03,-7.821511501726e-03,-8.883738936277e-03,-1.025922919378e-02,-9.617961421164e-03
272.80000000,-1.344859498892e+13,-7.999729410798e-03,-9.086159985852e-03,-3.898874240447e-03,-4.428374348087e-03,-1.046385633679e-02,-9.809798052355e-03
273.00000000,-1.250305682897e+13,-5.349553765178e-03,-6.076068185221e-03,-3.493467203768e-03,-3.967909605947e-03,-3.226041666649e-03,-3.024393324958e-03
273.20000000,-9.615898366893e+12,3.514481608071e-03,3.991777786280e-03,2.089596896698e-03,2.373381833962e-03,1.370224948458e-02,1.284577081148e-02
273.40000000,-2.985814858767e+12,5.113825141049e-03,5.808325630181e-03,-3.330552842780e-05,-3.782870096379e-05,1.083924899630e-02,1.016172625756e-02
273.60000000,-2.311277559914e+12,-1.365517849394e-03,-1.550966664745e-03,1.128639729808e-03,1.281918553788e-03,9.996584065725e-03,9.371733301935e-03
273.80000000,-7.340180380483e+12,-3.904226345478e-03,-4.434453138891e-03,-6.785863579628e-03,-7.707441264429e-03,-8.739430067268e-03,-8.193159509573e-03
274.00000000,-2.027461097452e+13,3.499254014606e-04,3.974482157480e-04,1.867467583535e-03,2.121085480783e-03,-1.025601535373e-02,-9.614948466773e-03
274.20000000,-1.116369418371e+13,-1.264708997936e-02,-1.436467122911e-02,-1.022976955836e-02,-1.161905881168e-02,-1.639791191945e-02,-1.537293701602e-02
274.40000000,-1.071896348527e+13,-3.126821560327e-03,-3.551470241730e-03,-6.652404785140e-03,-7.555857636543e-03,4.829894341367e-03,4.527994897679e-03
274.60000000,2.581770057964e+12,-3.177799479163e-03,-3.609371390945e-03,2.179208713122e-03,2.475163693203e-03,1.275122070312e-02,1.195418744224e-02
274.80000000,1.591916136141e+13,-2.788225640181e-03,-3.166890146202e-03,1.361829562715e-02,1.546777538868e-02,1.816641099715e-02,1.703089353316e-02
275.00000000,-4.790855559117e+12,2.137632242856e-03,2.427940690506e-03,1.137644517686e-02,1.292146268043e-02,9.126582166876e-03,8.556112114279e-03
275.20000000,-5.693131185350e+12,1.597064005532e-02,1.813958737444e-02,1.564883626299e-02,1.777408062192e-02,9.466038682691e-03,8.874350415774e-03
275.40000000,8.333989772694e+12,1.111877712671e-02,1.262880062967e-02,2.982074652793e-03,3.387065619998e-03,-8.529405381921e-03,-7.996262717134e-03
275.60000000,-8.454176852147e+12,-3.159157986100e-03,-3.588198226248e-03,1.594053819441e-02,1.810539814352e-02,2.493967013963e-03,2.338078043962e-03
275.80000000,-1.290637970905e+13,1.340190972224e-03,1.522200184520e-03,2.662760416664e-03,3.024385809097e-03,4.757647569437e-02,4.460264013408e-02
276.00000000,-1.658844433634e+13,3.163628472203e-03,3.593275841985e-03,2.837152777776e-03,3.222462128266e-03,3.033038194438e-02,2.843453810419e-02
276.20000000,1.254274910613e+13,-6.367274305538e-03,-7.232003739506e-03,3.569509548601e-03,4.054279144552e-03,1.183665364582e-02,1.109678670501e-02
276.40000000,-1.093716904679e+13,4.124891493102e-04,4.685086470556e-04,-6.135796440990e-04,-6.969089508573e-04,1.103964843747e-02,1.034959944546e-02
276.60000000,9.922769608454e+12,3.340724012596e-03,3.794422447097e-03,-1.974881998683e-03,-2.243087682270e-03,2.108048502602e-03,1.976281920308e-03
276.80000000,-2.006704666188e+13,9.707714843686e-03,1.102610421394e-02,4.493261718800e-03,5.103484674719e-03,2.138661024331e-03,2.004980962647e-03
277.00000000,-8.838958467194e+12,-1.751666666659e-02,-1.989557740999e-02,3.166197916663e-02,3.596194380845e-02,1.617395833338e-02,1.516298196869e-02
277.20000000,-3.815996804521e+12,1.114392361101e-02,1.265736221816e-02,3.004322916657e-02,3.412335386321e-02,4.726128472207e-02,4.430715062365e-02
277.40000000,-4.824457649829e+12,-3.432994791657e-02,-3.899224374451e-02,-4.059288194444e-03,-4.610573874193e-03,-7.092100694411e-03,-6.648798811824e-03
277.60000000,-3.794210032733e+12,-1.988151041653e-03,-2.258158684232e-03,-5.910058593757e-03,-6.712694551872e-03,6.141818576391e-03,5.757915434750e-03
277.80000000,1.689203557784e+12,2.975777180990e-03,3.379912764578e-03,-1.149828965926e-02,-1.305985467438e-02,9.770152452256e-03,9.159455119848e-03
278.00000000,-6.595181449540e+11,4.289040798588e-03,4.871528633108e-03,-1.813551161008e-03,-2.059846751925e-03,1.353082275387e-02,1.268505935341e-02
278.20000000,8.796582418764e+10,-4.169208441837e-03,-4.735422033870e-03,4.503777397997e-03,5.115428472117e-03,4.021725802983e-03,3.770342087984e-03
278.40000000,-4.261897443343e+12,-4.350686306433e-03,-4.941546119691e-03,3.634341091556e-03,4.127915359538e-03,1.967254096131e-02,1.844288069291e-02
278.60000000,1.284085458229e+13,-1.046399875214e-02,-1.188509784161e-02,-5.336714680997e-03,-6.061485685077e-03,3.566067165618e-04,3.343165044505e-04
278.80000000,-1.587541662866e+12,-3.559460449212e-03,-4.042865132563e-03,-1.028366021050e-02,-1.168026827031e-02,-6.582386610217e-03,-6.170945134418e-03
279.00000000,7.767890629205e+12,-2.325017632347e-03,-2.640774592815e-03,-1.221138373475e-02,-1.386979295834e-02,9.386854383561e-04,8.800115644352e-04
279.20000000,8.567691885974e+12,9.122539605010e-03,1.036145725336e-02,5.817541503891e-03,6.607612858477e-03,-3.380021158866e-03,-3.168748109106e-03
279.40000000,-9.027325798918e+12,2.842011176202e-03,3.227980210643e-03,1.928507486969e-03,2.190415119522e-03,-9.407146538613e-03,-8.819139409268e-03
279.60000000,7.314658739285e+12,-1.218207465302e-03,-1.383650290814e-03,-1.315626356348e-03,-1.494299546181e-03,-6.919645182272e-03,-6.487122877765e-03
279.80000000,-3.422931762455e+12,-1.002698296437e-02,-1.138873163219e-02,-5.721638997375e-03,-6.498685980209e-03,-2.314824761278e-03,-2.170133333624e-03
280.00000000,4.853400020310e+12,9.645453556232e-05,1.095538731974e-04,-5.113199870026e-04,-5.807615671761e-04,-6.663601345816e-04,-6.247083426977e-04
280.20000000,-1.855727137538e+13,-9.708466254314e-03,-1.102695767245e-02,-8.926472981712e-03,-1.013876353359e-02,-1.249815266924e-02,-1.171693778723e-02
280.40000000,6.967809619282e+12,-3.912084960941e-03,-4.443379020467e-03,8.499799262140e-03,9.654143913100e-03,-5.068492296023e-03,-4.751678946422e-03
280.60000000,-1.453064887387e+13,-6.427967664887e-03,-7.300939767815e-03,7.010484483523e-03,7.962567587442e-03,-1.265875922306e-02,-1.186750539904e-02
280.80000000,1.136090344005e+13,5.337969292534e-03,6.062910443705e-03,1.426353081590e-02,1.620063897497e-02,-6.904136827257e-03,-6.472583894629e-03
281.00000000,2.489275736000e+11,6.930099826369e-03,7.871265702478e-03,-2.803681098127e-03,-3.184444711337e-03,-9.002775065156e-03,-8.440043752269e-03
281.20000000,-1.337293779171e+13,2.675857204829e-03,3.039261131703e-03,-1.539531521264e-02,-1.748612926806e-02,-2.851915147566e-02,-2.673652118264e-02
281.40000000,1.258408586732e+13,-6.582396104587e-03,-7.476340889206e-03,-9.293410915738e-03,-1.055553474348e-02,-2.537378743482e-02,-2.378776261327e-02
281.60000000,1.350938245583e+13,-4.373152669320e-03,-4.967063603722e-03,7.090115017298e-03,8.053012621405e-03,-8.553496636314e-03,-8.018848113265e-03
281.80000000,-1.535463890380e+13,-2.004112820097e-02,-2.276288206513e-02,-9.370404730883e-03,-1.064298497011e-02,-1.975986328124e-02,-1.852474480652e-02
282.00000000,-5.809874897761e+11,-2.917099338096e-02,-3.313265976820e-02,-6.383260091176e-03,-7.250160816084e-03,-2.214673529724e-02,-2.076242197832e-02
282.20000000,1.468203263918e+13,-4.067457411043e-03,-4.619852356817e-03,-1.702173122827e-02,-1.933342633864e-02,-9.769776746954e-03,-9.159102898541e-03
282.40000000,-1.594765023349e+12,-1.065262993699e-02,-1.209934672877e-02,-1.247555745440e-02,-1.416984370412e-02,-1.026132812498e-02,-9.619929155667e-03
282.60000000,-1.499816964809e+13,7.980608452654e-03,9.064442240683e-03,-8.403675672720e-03,-9.544965926998e-03,-7.059927029112e-03,-6.618636207423e-03
282.80000000,3.325574531086e+12,2.461466471185e-04,2.795754332246e-04,-4.532567003017e-03,-5.148127949068e-03,-1.755815972217e-02,-1.646066187281e-02
283.00000000,3.467860045402e+12,-4.272458224856e-03,-4.852694006314e-03,-7.190619573563e-05,-8.167166546666e-05,-8.667717827685e-03,-8.125929745942e-03
283.20000000,-2.443799697413e+12,-1.353856336801e-02,-1.537721420606e-02,2.857120768225e-03,3.245141940753e-03,-9.348031955217e-03,-8.763719867333e-03
283.40000000,-8.687304320489e+12,-5.449987792957e-03,-6.190141999166e-03,2.548472764799e-03,2.894576927196e-03,9.153187391535e-03,8.581054341375e-03
283.60000000,9.124095272436e+12,-3.674903699990e-03,-4.173986548299e-03,1.474414605039e-02,1.674652582447e-02,2.309203965927e-02,2.164863874115e-02
283.80000000,1.888944948508e+13,1.983476291224e-02,2.252849063354e-02,2.975022922077e-02,3.379056204590e-02,2.506545410148e-02,2.349870209529e-02
284.00000000,-8.734080304142e+12,2.287490505629e-03,2.598150966483e-03,-3.327948676396e-04,-3.779912262211e-04,1.073292711040e-02,1.006205017298e-02
284.20000000,-2.101258602416e+13,-5.439670139204e-04,-6.178423121203e-04,-4.953238932315e-03,-5.625930685390e-03,-2.421316189261e-03,-2.269968362814e-03
284.40000000,1.531974787459e+13,-8.611414930584e-03,-9.780917546815e-03,-1.201097005209e-02,-1.364216140201e-02,-9.337782118026e-03,-8.754110710854e-03
284.60000000,-2.791737916029e+12,-1.788993055553e-02,-2.031953367621e-02,-1.616319444440e-02,-1.835829299601e-02,-4.268467881957e-03,-4.001661200923e-03
284.80000000,-7.343679297427e+12,-1.510199652773e-02,-1.715297474581e-02,-9.827018229115e-03,-1.116161044451e-02,-8.188433159648e-03,-7.676603450578e-03
285.00000000,-6.629838539661e+12,-8.119704861136e-03,-9.222429111990e-03,4.575737848114e-05,5.197161760216e-05,7.247645399280e-03,6.794620972772e-03
285.20000000,-1.594674926784e+13,-1.580590142139e-02,-1.795247584768e-02,2.148346625459e-03,2.440110272932e-03,2.919729275181e-03,2.737227426984e-03
285.40000000,-7.013578365626e+12,-6.659322102861e-03,-7.563714085410e-03,8.460557047498e-03,9.609572273707e-03,5.448063829225e-03,5.107524818851e-03
285.60000000,6.926223217626e+12,-7.404756673160e-03,-8.410384943499e-03,4.010664876259e-03,4.555347098029e-03,1.020681559240e-02,9.568824006793e-03
285.80000000,3.927002401323e+11,-5.350617811406e-03,-6.077276737881e-03,-4.559558105451e-03,-5.178784671566e-03,2.510130479609e-03,2.353231189103e-03
286.00000000,-2.200464660575e+13,-4.584387207037e-03,-5.206985569288e-03,-1.789533148897e-03,-2.032566890570e-03,4.853338623039e-03,4.549973761042e-03
286.20000000,1.284615295353e+13,-6.860188802094e-03,-7.791860172775e-03,-7.906669108072e-03,-8.980461666027e-03,4.144382052865e-03,3.885331533794e-03
286.40000000,5.244851508272e+11,-1.067365247938e-02,-1.212322430932e-02,-9.414203559022e-03,-1.069273204967e-02,-1.390376112195e-02,-1.303468667617e-02
286.60000000,1.887571155337e+12,-1.131747843432e-02,-1.285448724701e-02,-1.033806830507e-02,-1.174206544444e-02,-1.472090793183e-02,-1.380075655768e-02
286.80000000,-5.862830288040e+12,-2.905400797518e-02,-3.299978675984e-02,-2.726830376559e-03,-3.097157011597e-03,-1.222826741535e-02,-1.146392209658e-02
287.00000000,2.317929428669e+12,-1.892858411994e-02,-2.149924513538e-02,-1.157427164705e-02,-1.314615565895e-02,-1.232517157658e-02,-1.155476912482e-02
287.20000000,-9.650292268414e+12,-9.599228244328e-03,-1.090288422143e-02,3.346940104215e-03,3.801482886607e-03,-1.050787624779e-02,-9.851066435951e-03
287.40000000,-9.233330204825e+12,-5.575457085443e-03,-6.332651077449e-03,1.410542873803e-02,1.602106529733e-02,-4.486800130158e-03,-4.206346280136e-03
287.60000000,-5.848302132003e+11,5.657395426453e-03,6.425717334714e-03,1.018735690647e-02,1.157088616284e-02,4.966259087400e-03,4.655835970510e-03
287.80000000,-1.244848134865e+13,1.083019409174e-02,1.230102559001e-02,1.311297200513e-02,1.489382454358e-02,-5.008262803858e-03,-4.695214184681e-03
288.00000000,5.899959710545e+12,1.641105143242e-03,1.863981032281e-03,1.154084608212e-03,1.310819061952e-03,-1.348669026695e-02,-1.264368543061e-02
288.20000000,6.972490614699e+12,4.576835123622e-03,5.198407849393e-03,-1.385649481872e-02,-1.573832404570e-02,-2.115758870437e-02,-1.983510340590e-02
288.40000000,-9.023476655125e+12,-9.233514404370e-03,-1.048750336437e-02,-1.711096191414e-03,-1.943477530656e-03,-1.518918931737e-02,-1.423976734644e-02
288.60000000,5.552310019863e+12,-2.544249403200e-02,-2.889779883077e-02,-3.489348008863e-03,-3.963230989524e-03,4.889663357148e-03,4.584027965768e-03
288.80000000,1.373243499833e+13,-8.543281385581e-03,-9.703530893029e-03,2.235489230733e-03,2.539087581257e-03,-4.712086995454e-03,-4.417551268170e-03
289.00000000,-1.336221880164e+12,-5.222805446988e-04,-5.932106378777e-04,1.136753675671e-02,1.291134442145e-02,-7.802422417509e-03,-7.314720861163e-03
289.20000000,5.151496777977e+12,4.891920301851e-04,5.556284246402e-04,9.803992038301e-03,1.113545710217e-02,-4.536245049351e-03,-4.252700574039e-03
289.40000000,-1.824821108692e+12,4.321609158059e-03,4.908520049872e-03,1.132247416186e-02,1.286016194498e-02,-1.828926255842e-03,-1.714606608214e-03
289.60000000,-2.207997998345e+13,1.861134948761e-02,2.113892737031e-02,2.807740461580e-02,3.189055370691e-02,2.106279737710e-02,1.974623714592e-02
289.80000000,-7.126986398771e+12,7.509975009528e-02,8.529892815403e-02,6.552974378812e-02,7.442923739822e-02,6.983370869991e-02,6.546865300363e-02
290.00000000,1.108657147420e+12,1.489136338984e-01,1.691373585523e-01,1.027223090290e-01,1.166728676604e-01,1.467885416679e-01,1.376133142328e-01
290.20000000,-5.362384508976e+12,3.267910617348e-01,3.711720380019e-01,3.365324571119e-01,3.822364119655e-01,3.883715642903e-01,3.640958450060e-01
290.40000000,-4.367286701004e+12,1.342311621657e+00,1.524608835991e+00,1.348164874367e+00,1.531257070235e+00,1.543363306209e+00,1.446893178578e+00
290.60000000,3.111569858026e+12,5.498979999456e+00,6.245787759599e+00,5.497533343816e+00,6.244144882887e+00,6.290450959789e+00,5.897257338752e+00
290.80000000,1.039065439678e+13,2.168487568100e+01,2.462986428578e+01,2.168770714723e+01,2.463308126312e+01,2.484501787093e+01,2.329204454615e+01
291.00000000,-5.383447631148e+12,8.253469145653e+01,9.374359712027e+01,8.254059233305e+01,9.375030309305e+01,9.460861546927e+01,8.869496884274e+01
291.20000000,-5.014855049391e+12,3.031855022647e+02,3.443606449050e+02,3.031877975143e+02,3.443632654874e+02,3.475602609319e+02,3.258355104493e+02
291.40000000,-2.075942457884e+13,1.075217221110e+03,1.221240768139e+03,1.075201980295e+03,1.221223505789e+03,1.232594311783e+03,1.155549243978e+03
291.60000000,5.048115135681e+11,3.681362805989e+03,4.181322855250e+03,3.681317461913e+03,4.181271518424e+03,4.220239054449e+03,3.956446985157e+03
291.80000000,2.003057742530e+12,1.216877078663e+04,1.382139226475e+04,1.216864318165e+04,1.382124787653e+04,1.395010256719e+04,1.307813148320e+04
292.00000000,6.257683952515e+12,3.883357324387e+04,4.410749929115e+04,3.883316911287e+04,4.410704202007e+04,4.451829630898e+04,4.173561661876e+04
292.20000000,-1.072627124525e+12,1.196433445696e+05,1.358919176109e+05,1.196421309583e+05,1.358905445550e+05,1.371575609334e+05,1.285843317038e+05
292.40000000,-5.337055268678e+12,3.558690296573e+05,4.041990386715e+05,3.558654316397e+05,4.041949679977e+05,4.079636236933e+05,3.824632747554e+05
292.60000000,6.083009566656e+12,1.021909459795e+06,1.160693364230e+06,1.021899136919e+06,1.160681685323e+06,1.171503696930e+06,1.098277185254e+06
292.80000000,4.085141816123e+12,2.833057002176e+06,3.217809984431e+06,2.833028355265e+06,3.217777574282e+06,3.247779659200e+06,3.044772553239e+06
293.00000000,-1.686657197362e+13,7.582614911417e+06,8.612397827263e+06,7.582538173928e+06,8.612311008771e+06,8.692610957152e+06,8.149266894801e+06
293.20000000,1.021906906532e+12,1.959312034856e+07,2.225403097620e+07,1.959292203679e+07,2.225380661209e+07,2.246129789537e+07,2.105732239200e+07
293.40000000,8.117721029819e+11,4.887752996951e+07,5.551550986423e+07,4.887703527106e+07,5.551495017702e+07,5.603256362613e+07,5.253016821299e+07
293.60000000,-1.600133503845e+12,1.177161523210e+08,1.337029964369e+08,1.177149609053e+08,1.337016485043e+08,1.349482635214e+08,1.265131295817e+08
293.80000000,-2.008718466544e+13,2.737058979346e+08,3.108774622238e+08,2.737031277450e+08,3.108743281133e+08,3.137728758145e+08,2.941600540926e+08
294.00000000,-6.792765795161e+12,6.144034951033e+08,6.978446602007e+08,6.143972766906e+08,6.978376248728e+08,7.043441629381e+08,6.603181251147e+08
294.20000000,-7.544540135976e+12,1.331511030394e+09,1.512341433544e+09,1.331497554104e+09,1.512326186868e+09,1.526426899625e+09,1.431015406276e+09
294.40000000,-1.524662074030e+12,2.785849120150e+09,3.164190874751e+09,2.785820924423e+09,3.164158974942e+09,3.193661140024e+09,2.994036789395e+09
294.60000000,-1.771469921099e+13,5.627199813844e+09,6.391420903804e+09,5.627142860607e+09,6.391356468598e+09,6.450948560912e+09,6.047722808099e+09
294.80000000,9.606381118526e+12,1.097360274691e+10,1.246391034740e+10,1.097349168238e+10,1.246378469227e+10,1.257999523566e+10,1.179366466716e+10
295.00000000,1.732994255250e+12,2.065991724099e+10,2.346570786416e+10,2.065970814062e+10,2.346547129420e+10,2.368425998780e+10,2.220384149225e+10
295.20000000,1.397398515727e+13,3.755179938678e+10,4.265164975760e+10,3.755141932261e+10,4.265121976425e+10,4.304889362879e+10,4.035806105164e+10
295.40000000,-2.747575107172e+12,6.589558007496e+10,7.484475438801e+10,6.589491314157e+10,7.484399983933e+10,7.554183457460e+10,7.081998431838e+10
295.60000000,4.025271524896e+12,1.116364245946e+11,1.267975905217e+11,1.116352947152e+11,1.267963122097e+11,1.279785428648e+11,1.199790612687e+11
295.80000000,-3.142296845070e+12,1.825915691033e+11,2.073890407719e+11,1.825897210824e+11,2.073869499758e+11,2.093205961952e+11,1.962367133859e+11
296.00000000,-7.415541183237e+12,2.883249743896e+11,3.274819322869e+11,2.883220562341e+11,3.274786307722e+11,3.305319946238e+11,3.098716202459e+11
296.20000000,-6.810125858027e+12,4.395546622614e+11,4.992498844328e+11,4.395502135005e+11,4.992448512365e+11,5.038997387272e+11,4.724027659066e+11
296.40000000,1.458509958964e+13,6.469581175148e+11,7.348204742965e+11,6.469515696103e+11,7.348130661912e+11,7.416643579799e+11,6.953055680661e+11
296.60000000,1.975541965683e+12,9.193429528844e+11,1.044197462542e+12,9.193336481555e+11,1.044186935447e+12,1.053922784884e+12,9.880458360401e+11
296.80000000,-1.570804698467e+13,1.261320699709e+12,1.432618665270e+12,1.261307933801e+12,1.432604222301e+12,1.445961618891e+12,1.355579722832e+12
297.00000000,1.268930716527e+13,1.670834264276e+12,1.897747618133e+12,1.670817353655e+12,1.897728485958e+12,1.915422634567e+12,1.795696407256e+12
297.20000000,1.105818440469e+13,2.137086711192e+12,2.427321071050e+12,2.137065081600e+12,2.427296599971e+12,2.449928365830e+12,2.296792094424e+12
297.40000000,-9.130547143490e+12,2.639523062658e+12,2.997992507257e+12,2.639496347876e+12,2.997962282944e+12,3.025914853900e+12,2.836775724454e+12
297.60000000,1.621747778437e+13,3.148455310918e+12,3.576042037709e+12,3.148423445200e+12,3.576005985780e+12,3.609348153433e+12,3.383740692362e+12
297.80000000,-3.352483848705e+12,3.627659269052e+12,4.120325926059e+12,3.627622553280e+12,4.120284386923e+12,4.158701328436e+12,3.898755762595e+12
298.00000000,8.372117931642e+12,4.038840510216e+12,4.587349040035e+12,4.038799632853e+12,4.587302792597e+12,4.630074146839e+12,4.340664749785e+12
298.20000000,-1.683226101931e+13,4.347366657952e+12,4.937775635010e+12,4.347322657975e+12,4.937725854740e+12,4.983764503425e+12,4.672247185506e+12
298.40000000,-5.492869839180e+12,4.528243081027e+12,5.143216598490e+12,4.528197250389e+12,5.143164747063e+12,5.191118878557e+12,4.866640579284e+12
298.60000000,3.490724548695e+12,4.571114732812e+12,5.191910581370e+12,4.571068468267e+12,5.191858239034e+12,5.240266381674e+12,4.912716047527e+12
298.80000000,2.486983105961e+12,4.483194974706e+12,5.092050580232e+12,4.483149600002e+12,5.091999244636e+12,5.139476316314e+12,4.818226009147e+12
299.00000000,1.427000852457e+13,4.289439544090e+12,4.871981531605e+12,4.289396130398e+12,4.871932414640e+12,4.917357614712e+12,4.609991154212e+12
299.20000000,-1.505779363620e+12,4.029884841819e+12,4.577177116504e+12,4.029844055096e+12,4.577130971614e+12,4.619807485254e+12,4.331039820545e+12
299.40000000,1.425637267752e+13,3.754675800917e+12,4.264592371848e+12,3.754637799603e+12,4.264549378287e+12,4.304311425919e+12,4.035264292979e+12
299.60000000,-7.868840011603e+12,3.517743993966e+12,3.995483231634e+12,3.517708390654e+12,3.995442951101e+12,4.032695888947e+12,3.780626473057e+12
299.80000000,1.385871255222e+13,3.370252861145e+12,3.827961561776e+12,3.370218750600e+12,3.827922970115e+12,3.863613975651e+12,3.622113266229e+12
300.00000000,4.383200044368e+12,3.354797978434e+12,3.810407775934e+12,3.354764024309e+12,3.810369361243e+12,3.845896699443e+12,3.605503433673e+12
300.20000000,5.773842150004e+12,3.501024774615e+12,3.976493401595e+12,3.500989340519e+12,3.976453312509e+12,4.013529193684e+12,3.762657819455e+12
300.40000000,1.084383566535e+13,3.822942811814e+12,4.342130617321e+12,3.822904119565e+12,4.342086842057e+12,4.382571837895e+12,4.108632926136e+12
300.60000000,-3.371378883358e+12,4.317904393360e+12,4.904312146949e+12,4.317860691573e+12,4.904262704042e+12,4.949989347103e+12,4.640583193566e+12
300.80000000,8.121103685304e+12,4.967048997528e+12,5.641616051187e+12,4.966998725707e+12,5.641559175138e+12,5.694160264899e+12,5.338238645347e+12
301.00000000,-2.954246582756e+12,5.736992560427e+12,6.516124429325e+12,5.736934495958e+12,6.516058736904e+12,6.576813535333e+12,6.165720412538e+12
301.20000000,-5.843100574633e+12,6.582600984257e+12,7.476573593259e+12,6.582534361331e+12,7.476498218054e+12,7.546208016650e+12,7.074521507347e+12
301.40000000,-5.600142637782e+12,7.450746105646e+12,8.462620127937e+12,7.450670696168e+12,8.462534811887e+12,8.541438274463e+12,8.007543476543e+12
301.60000000,1.534615001321e+13,8.284931868680e+12,9.410095337613e+12,8.284848016354e+12,9.410000469576e+12,9.497737966247e+12,8.904068290339e+12
301.80000000,4.290512184410e+12,9.030574387451e+12,1.025700238533e+13,9.030482988430e+12,1.025689897918e+13,1.035253283626e+13,9.705432986218e+12
302.00000000,-1.502395199562e+12,9.640547555748e+12,1.094981504306e+13,9.640449983149e+12,1.094970465231e+13,1.105179813026e+13,1.036098970435e+13
302.20000000,8.247690572323e+12,1.008042759857e+13,1.144943449747e+13,1.008032557392e+13,1.144931906980e+13,1.155607088103e+13,1.083374216665e+13
302.40000000,5.261640220677e+12,1.033275777770e+13,1.173603323839e+13,1.033265319920e+13,1.173591492137e+13,1.184533891127e+13,1.110492908553e+13
302.60000000,1.395793076628e+13,1.039966450798e+13,1.181202646569e+13,1.039955925231e+13,1.181190738254e+13,1.192203991527e+13,1.117683578374e+13
302.80000000,1.677208907867e+13,1.030330956214e+13,1.170258570734e+13,1.030320528169e+13,1.170246772752e+13,1.181157986058e+13,1.107328019252e+13
303.00000000,2.054240275578e+13,1.008394011968e+13,1.145342404851e+13,1.008383805948e+13,1.145330858062e+13,1.156009758947e+13,1.083751717992e+13
303.20000000,5.088437700472e+12,9.795645817716e+12,1.112597695422e+13,9.795546675358e+12,1.112586478749e+13,1.122960075732e+13,1.052767852427e+13
303.40000000,1.599481189236e+13,9.500279245694e+12,1.079049711608e+13,9.500183092760e+12,1.079038833150e+13,1.089099636690e+13,1.021023908485e+13
303.60000000,1.545051132045e+12,9.260275551784e+12,1.051789890081e+13,9.260181827942e+12,1.051779286443e+13,1.061585925873e+13,9.952299814576e+12
303.80000000,1.712648051207e+13,9.131269061872e+12,1.037137224392e+13,9.131176643713e+12,1.037126768475e+13,1.046796789927e+13,9.813652615749e+12
304.00000000,1.211963386443e+13,9.155429140740e+12,1.039881346482e+13,9.155336478055e+12,1.039870862900e+13,1.049566469895e+13,9.839618187409e+12
304.20000000,-4.597091416582e+12,9.356331219394e+12,1.062699973643e+13,9.356236523367e+12,1.062689260015e+13,1.072597622476e+13,1.005553376238e+13
304.40000000,1.190294485671e+13,9.735970387555e+12,1.105819709845e+13,9.735871849176e+12,1.105808561504e+13,1.116118962157e+13,1.046354352427e+13
304.60000000,8.733687605099e+12,1.027425324412e+13,1.166958329681e+13,1.027414925775e+13,1.166946564971e+13,1.177827007611e+13,1.104205248371e+13
304.80000000,4.429279805742e+12,1.093100857346e+13,1.241553152674e+13,1.093089794002e+13,1.241540635935e+13,1.253116583010e+13,1.174788741333e+13
305.00000000,5.966920096273e+12,1.165027300656e+13,1.323247812277e+13,1.165015509340e+13,1.323234471931e+13,1.335572120633e+13,1.252090277817e+13
305.20000000,1.912359231458e+13,1.236636064872e+13,1.404581649291e+13,1.236623548799e+13,1.404567488977e+13,1.417663475081e+13,1.329050394915e+13
305.40000000,2.618307518689e+13,1.301103574683e+13,1.477804389456e+13,1.301090406130e+13,1.477789490945e+13,1.491568188509e+13,1.398335588682e+13
305.60000000,5.195390880856e+12,1.352099032903e+13,1.535725460050e+13,1.352085348222e+13,1.535709977608e+13,1.550028717494e+13,1.453141958811e+13
305.80000000,1.129115645032e+13,1.384479594562e+13,1.572503574478e+13,1.384465582155e+13,1.572487721256e+13,1.587149371556e+13,1.487942333378e+13
306.00000000,7.378687230192e+12,1.394621366765e+13,1.584022684694e+13,1.394607251713e+13,1.584006715342e+13,1.598775767093e+13,1.498842004457e+13
306.20000000,1.189651920984e+13,1.380240265412e+13,1.567688508754e+13,1.380226295912e+13,1.567672704075e+13,1.582289459845e+13,1.483386197389e+13
306.40000000,2.161938271646e+12,1.343548638112e+13,1.526013849692e+13,1.343535039971e+13,1.525998465157e+13,1.540226656291e+13,1.443952589444e+13
306.60000000,1.348676800457e+13,1.287901434261e+13,1.462809287263e+13,1.287888399328e+13,1.462794539926e+13,1.476433426714e+13,1.384146846788e+13
306.80000000,1.624843569845e+13,1.218311327548e+13,1.383768258428e+13,1.218298996941e+13,1.383754307945e+13,1.396656234930e+13,1.309356242311e+13
307.00000000,1.008709220159e+13,1.141037298697e+13,1.295999766166e+13,1.141025750186e+13,1.295986700522e+13,1.308070294906e+13,1.226307492984e+13
307.20000000,-3.903289136700e+12,1.062912919345e+13,1.207265438648e+13,1.062902161535e+13,1.207253267581e+13,1.218509524144e+13,1.142344846106e+13
307.40000000,1.062349091551e+13,9.906203282963e+12,1.125154905363e+13,9.906103021646e+12,1.125143562095e+13,1.135634239524e+13,1.064649799511e+13
307.60000000,-1.267814383028e+13,9.299879371117e+12,1.056288125209e+13,9.299785246443e+12,1.056277476222e+13,1.066126056130e+13,9.994863243883e+12
307.80000000,1.713317350336e+13,8.853859157545e+12,1.005628774007e+13,8.853769547069e+12,1.005618635743e+13,1.014994879877e+13,9.515511753313e+12
308.00000000,4.937884448976e+12,8.592826567509e+12,9.759804727606e+12,8.592739598961e+12,9.759706333967e+12,9.850704438033e+12,9.234972088712e+12
308.20000000,1.248071602746e+13,8.520090215013e+12,9.677190166334e+12,8.520003982634e+12,9.677092605576e+12,9.767320431070e+12,9.156800118190e+12
308.40000000,-3.556822313122e+12,8.617564874471e+12,9.787902704837e+12,8.617477655545e+12,9.787804027928e+12,9.879064110868e+12,9.261559099694e+12
308.60000000,6.034742144887e+12,8.848115558627e+12,1.004976411208e+13,8.848026006283e+12,1.004966279521e+13,1.014336441179e+13,9.509338932847e+12
308.80000000,1.427812763836e+13,9.160034345703e+12,1.040404409537e+13,9.159941636409e+12,1.040393920682e+13,1.050094404593e+13,9.844567541265e+12
309.00000000,2.213246796568e+13,9.493172036442e+12,1.078242468800e+13,9.493075955440e+12,1.078231598480e+13,1.088284875480e+13,1.020260075088e+13
309.20000000,-8.030968079456e+11,9.786033157935e+12,1.111505881434e+13,9.785934112867e+12,1.111494675769e+13,1.121858092937e+13,1.051734750640e+13
309.40000000,2.036385727930e+13,9.982997886276e+12,1.133877301034e+13,9.982896847716e+12,1.133865869830e+13,1.144437872807e+13,1.072903149122e+13
309.60000000,9.180896785654e+12,1.004078992410e+13,1.140441369324e+13,1.004068830062e+13,1.140429871944e+13,1.151063076737e+13,1.079114235219e+13
309.80000000,-2.760588561104e+13,9.933384907815e+12,1.128242217188e+13,9.933284371391e+12,1.128230842795e+13,1.138750305587e+13,1.067571091415e+13
310.00000000,-1.403034677991e+12,9.654748506115e+12,1.096594460199e+13,9.654650789788e+12,1.096583404863e+13,1.106807791477e+13,1.037625189768e+13
310.20000000,-3.505640785785e+12,9.219081730621e+12,1.047111061207e+13,9.218988423705e+12,1.047100504739e+13,1.056863519878e+13,9.908027561940e+12
310.40000000,1.427489623427e+13,8.658587235762e+12,9.834496248012e+12,8.658499601647e+12,9.834397101369e+12,9.926091611453e+12,9.305647079192e+12
310.60000000,1.311780642293e+13,8.019098362988e+12,9.108159404748e+12,8.019017201180e+12,9.108067580683e+12,9.192989898341e+12,8.618368935648e+12
310.80000000,2.831146014896e+12,7.354179595441e+12,8.352939072999e+12,7.354105163319e+12,8.352854862700e+12,8.430735685138e+12,7.903760510666e+12
311.00000000,1.575076377909e+13,6.718475829753e+12,7.630901386217e+12,6.718407831629e+12,7.630824455154e+12,7.701973169482e+12,7.220550336842e+12
311.20000000,1.330403506290e+13,6.161143681073e+12,6.997878841563e+12,6.161081323743e+12,6.997808292328e+12,7.063054854615e+12,6.621568523726e+12
311.40000000,-2.773969530422e+12,5.720147592033e+12,6.496991772466e+12,5.720089698054e+12,6.496926272932e+12,6.557502683006e+12,6.147616612616e+12
311.60000000,1.129653020213e+13,5.418067741291e+12,6.153886935864e+12,5.418012904681e+12,6.153824895348e+12,6.211202277317e+12,5.822962208358e+12
311.80000000,3.102911500030e+12,5.259871217082e+12,5.974205992378e+12,5.259817981589e+12,5.974145763317e+12,6.029847842793e+12,5.652943591768e+12
312.00000000,1.988102353232e+12,5.232865473612e+12,5.943532641680e+12,5.232812511446e+12,5.943472721854e+12,5.998888810284e+12,5.623919697800e+12
312.20000000,2.876056781710e+12,5.308801796221e+12,6.029781755935e+12,5.308748065498e+12,6.029720966587e+12,6.085941221298e+12,5.705530773539e+12
312.40000000,1.005652109791e+13,5.447843096162e+12,6.187706034498e+12,5.447787958193e+12,6.187643653034e+12,6.245336356256e+12,5.854962687944e+12
312.60000000,3.377926371690e+12,5.603876063702e+12,6.364929592113e+12,5.603819346514e+12,6.364865423967e+12,6.424210517599e+12,6.022656064370e+12
312.80000000,1.348712937582e+13,5.730461858317e+12,6.508706802910e+12,5.730403859946e+12,6.508641185271e+12,6.569326823510e+12,6.158701668330e+12
313.00000000,-1.999591549420e+12,5.786617127207e+12,6.572488429885e+12,5.786558560484e+12,6.572422169230e+12,6.633702492229e+12,6.219053443937e+12
313.20000000,3.368706811548e+12,5.741629734466e+12,6.521391370622e+12,5.741571623063e+12,6.521325625103e+12,6.582129531242e+12,6.170704124531e+12
313.40000000,-1.253429282341e+13,5.578256230560e+12,6.335830370030e+12,5.578199772672e+12,6.335766495247e+12,6.394840274636e+12,5.995121650389e+12
313.60000000,8.284650912488e+12,5.293908457252e+12,6.012865776200e+12,5.293854877265e+12,6.012805157391e+12,6.068867691520e+12,5.689524449123e+12
313.80000000,7.743320446043e+12,4.899771760714e+12,5.565201999447e+12,4.899722169810e+12,5.565145893768e+12,5.617034517037e+12,5.265933752503e+12
314.00000000,5.911109502317e+12,4.418140865881e+12,5.018161575970e+12,4.418096149594e+12,5.018110985288e+12,5.064899133418e+12,4.748310379577e+12
314.20000000,8.497563535654e+12,3.878538875898e+12,4.405277094772e+12,3.878499620958e+12,4.405232682895e+12,4.446306441510e+12,4.168383707329e+12
314.40000000,-7.521366805430e+12,3.313341454989e+12,3.763321107730e+12,3.313307920448e+12,3.763283167744e+12,3.798371481020e+12,3.560948846901e+12
314.60000000,2.321075052375e+12,2.753634288017e+12,3.127600997313e+12,2.753606418308e+12,3.127569466350e+12,3.156730476122e+12,2.959414529383e+12
314.80000000,2.188350593621e+13,2.225897728879e+12,2.528193372321e+12,2.225875200425e+12,2.528167884296e+12,2.551740159563e+12,2.392239996586e+12
315.00000000,-6.266535850207e+12,1.749881749306e+12,1.987530416848e+12,1.749864038640e+12,1.987510379526e+12,2.006041641652e+12,1.880651143884e+12
315.20000000,-8.750208232612e+12,1.337769118435e+12,1.519449422605e+12,1.337755578788e+12,1.519434104250e+12,1.533601090223e+12,1.437741163845e+12
315.40000000,6.590477494410e+12,9.944872883270e+11,1.129547031108e+12,9.944772230575e+11,1.129535643560e+12,1.140067272128e+12,1.068805739081e+12
315.60000000,6.899393688448e+12,7.188653038692e+11,8.164932616868e+11,7.188580281874e+11,8.164850301960e+11,8.240978196800e+11,7.725864085140e+11
315.80000000,1.283450450169e+12,5.052610924573e+11,5.738798007964e+11,5.052559786774e+11,5.738740152173e+11,5.792247343446e+11,5.430194650965e+11
316.00000000,-1.972109162928e+12,3.453007279252e+11,3.921954726275e+11,3.452972331144e+11,3.921915187021e+11,3.958482562526e+11,3.711051956593e+11
316.20000000,-8.211031682470e+12,2.294499376550e+11,2.606111701057e+11,2.294476153775e+11,2.606085427498e+11,2.630384194778e+11,2.465968274064e+11
316.40000000,6.765463382723e+12,1.482464166736e+11,1.683795276135e+11,1.482449162621e+11,1.683778300924e+11,1.699477608650e+11,1.593249333588e+11
316.60000000,1.895131656098e+13,9.312885383637e+10,1.057765359056e+11,9.312791127328e+10,1.057754695176e+11,1.067617048462e+11,1.000884120115e+11
316.80000000,1.374172888749e+12,5.688355629235e+10,6.460882193577e+10,5.688298057023e+10,6.460817058082e+10,6.521056791009e+10,6.113448823148e+10
317.00000000,1.130850769412e+13,3.378241731378e+10,3.837035387816e+10,3.378207539976e+10,3.836996704677e+10,3.872772312415e+10,3.630699148074e+10
317.20000000,1.077323574492e+13,1.950722830887e+10,2.215647407470e+10,1.950703087495e+10,2.215625070381e+10,2.236283241217e+10,2.096501163446e+10
317.40000000,1.108445199352e+13,1.095218648296e+10,1.243958557458e+10,1.095207563518e+10,1.243946016469e+10,1.255544390970e+10,1.177064795689e+10
317.60000000,-1.213844747927e+13,5.978692242503e+09,6.790648962230e+09,5.978631731782e+09,6.790580502193e+09,6.853894902236e+09,6.425482412885e+09
317.80000000,-1.655928722293e+13,3.173302301218e+09,3.604263458389e+09,3.173270184018e+09,3.604227121941e+09,3.637832419416e+09,3.410444508619e+09
318.00000000,1.297882092125e+13,1.637632347066e+09,1.860036601159e+09,1.637615772480e+09,1.860017849163e+09,1.877360389164e+09,1.760013296861e+09
318.20000000,-3.364688820752e+12,8.217145090032e+08,9.333102543971e+08,8.217061923716e+08,9.333008452064e+08,9.420028086065e+08,8.831215777200e+08
318.40000000,-1.387490152287e+12,4.008897828230e+08,4.553339889855e+08,4.008857253795e+08,4.553293985141e+08,4.595748246158e+08,4.308484438550e+08
318.60000000,-9.899483431979e+10,1.901640518917e+08,2.159899304486e+08,1.901621272243e+08,2.159877529369e+08,2.180015918161e+08,2.043750909776e+08
318.80000000,-1.119482566658e+13,8.770638030828e+07,9.961764484002e+07,8.770549260443e+07,9.961664051808e+07,1.005454518392e+08,9.426071477664e+07
319.00000000,6.774399145757e+12,3.933083983527e+07,4.467229887037e+07,3.933044175399e+07,4.467184849295e+07,4.508836244022e+07,4.227004995231e+07
319.20000000,-7.327947706214e+12,1.714882863030e+07,1.947778387286e+07,1.714865504058e+07,1.947758747848e+07,1.965919372088e+07,1.843036774081e+07
319.40000000,-1.291443213007e+13,7.270007402793e+06,8.257335588246e+06,7.269933792435e+06,8.257252307533e+06,8.334241751096e+06,7.813298067780e+06
319.60000000,2.308920747135e+12,2.996638414141e+06,3.403607128747e+06,2.996608065261e+06,3.403572792836e+06,3.435307209102e+06,3.220578425815e+06
319.80000000,-1.606694146242e+13,1.200971989827e+06,1.364074092727e+06,1.200959809357e+06,1.364060311991e+06,1.376778629845e+06,1.290721115320e+06
320.00000000,-6.132492102510e+10,4.679833716114e+05,5.315394517521e+05,4.679786092615e+05,5.315340636556e+05,5.364900246238e+05,5.029559494390e+05
320.20000000,6.903469518895e+12,1.773074380131e+05,2.013872802115e+05,1.773056282046e+05,2.013852325801e+05,2.032629346754e+05,1.905576946507e+05
320.40000000,1.480648608101e+13,6.531645201509e+04,7.418697586400e+04,6.531576538803e+04,7.418619892107e+04,7.487794541416e+04,7.019759249806e+04
320.60000000,1.082478142803e+13,2.339327436192e+04,2.657027788446e+04,2.339302981840e+04,2.657000118064e+04,2.681775718633e+04,2.514147497324e+04
320.80000000,-7.319127774617e+12,7.677430524507e+03,8.720090198524e+03,7.677330863844e+03,8.719977347955e+03,8.801298676632e+03,8.251160933151e+03
321.00000000,-9.677192497375e+12,7.771923478655e+02,8.827416091043e+02,7.771806734007e+02,8.827283840585e+02,8.909698722260e+02,8.352785279114e+02
321.20000000,3.027241976298e+12,1.779685458595e+00,2.021381720670e+00,1.774866601346e+00,2.015908501777e+00,2.046444534427e+00,1.918528596144e+00
321.40000000,-1.266619313532e+13,4.217568900002e-03,4.790350249229e-03,5.671004852964e-04,6.441175290610e-04,1.289209394840e-02,1.208625520413e-02
321.60000000,-2.143224444644e+12,1.412279935222e-02,1.604079435352e-02,-5.292916593476e-03,-6.011739446724e-03,2.095281259084e-02,1.964312711580e-02
321.80000000,1.181303531275e+13,1.352670586008e-02,1.536374634877e-02,-1.399603892997e-02,-1.589681942785e-02,5.849266817074e-03,5.483650040961e-03
322.00000000,-5.090642214042e+12,1.640049054862e-03,1.862781518211e-03,-1.275117858582e-02,-1.448289651703e-02,4.922530673297e-02,4.614840863382e-02
322.20000000,2.087021947790e+12,5.865602669673e-03,6.662200873715e-03,3.058499935644e-02,3.473870102843e-02,1.321349884676e-02,1.238757023030e-02
322.40000000,7.505821204291e+12,-5.643642222721e-03,-6.410096330176e-03,4.799562410845e-03,5.451383592151e-03,-7.219774786225e-04,-6.768492452186e-04
322.60000000,1.566670074439e+12,-5.093786864263e-03,-5.785565986776e-03,1.851070097856e-03,2.102461077821e-03,-1.614146302846e-02,-1.513251782921e-02
322.80000000,-1.780786638813e+13,-7.176860508849e-03,-8.151538562233e-03,-5.006758538409e-03,-5.686718706786e-03,-1.485517711568e-02,-1.392663305443e-02
323.00000000,3.731182480668e+12,5.706829053014e-03,6.481864463766e-03,-7.390418290077e-03,-8.394099619293e-03,5.058875257355e-03,4.742663034491e-03
323.20000000,-3.993369213040e+12,6.345888065162e-04,7.207713067718e-04,-1.492676889038e-02,-1.695395039118e-02,-1.029641782277e-02,-9.652825521781e-03
323.40000000,4.931366674035e+12,-6.624902870447e-03,-7.524620431581e-03,-1.366565154726e-02,-1.552156264338e-02,-1.824299277528e-02,-1.710268845787e-02
323.60000000,1.045465132332e+13,-3.049377589577e-03,-3.463508728029e-03,-2.644006095851e-02,-3.003084492848e-02,-1.893547985167e-03,-1.775189064057e-03
323.80000000,-5.100368528274e+12,-2.726026126631e-03,-3.096243415277e-03,-1.014574027818e-02,-1.152361764433e-02,4.022836315887e-03,3.771383186693e-03
324.00000000,-4.968266504786e+12,-8.369062730705e-03,-9.505651878698e-03,-1.130416290615e-03,-1.283936386582e-03,1.659904718683e-02,1.556150003625e-02
324.20000000,-1.586954171501e+13,-4.694227450688e-03,-5.331743042378e-03,-1.303966191707e-02,-1.481055832533e-02,6.945418539674e-03,6.511285234655e-03
324.40000000,2.727729100650e+12,-7.929207956520e-03,-9.006061124616e-03,-3.261085507891e-03,-3.703968509742e-03,-2.791196437257e-03,-2.616728717660e-03
324.60000000,1.658179061648e+13,-7.744049338325e-03,-8.795756407883e-03,-1.095576612852e-02,-1.244365185824e-02,-7.725501438132e-03,-7.242607937458e-03
324.80000000,-1.080039085975e+13,-7.980761289103e-03,-9.064615833607e-03,-1.989678561147e-02,-2.259893743100e-02,-2.207389948488e-02,-2.069413887243e-02
325.00000000,-9.406088246677e+12,-8.213170281074e-03,-9.328587922507e-03,-3.181833206780e-02,-3.613953075640e-02,-1.584383988265e-02,-1.485349804318e-02
325.20000000,-1.026067489582e+13,-1.620718790519e-02,-1.840826041298e-02,-3.971673749069e-02,-4.511060645889e-02,-2.774687306919e-03,-2.601251514091e-03
325.40000000,-1.020954486040e+13,-1.064462751153e-02,-1.209025750659e-02,-2.014869488690e-02,-2.288505811727e-02,2.655315782006e-02,2.489341476825e-02
325.60000000,-3.801732766793e+12,-1.333663126059e-02,-1.514785801910e-02,-9.040162293294e-03,-1.026789281554e-02,1.620939494091e-02,1.519620356046e-02
325.80000000,-2.678815365214e+13,-1.435174302270e-02,-1.630083050110e-02,-4.616309994175e-03,-5.243243946918e-03,7.309774424269e-03,6.852866534324e-03
326.00000000,1.527883248782e+13,-1.001298412492e-02,-1.137283163254e-02,3.102030597833e-03,3.523312597241e-03,-6.731923627953e-03,-6.311135127297e-03
326.20000000,-2.484230798385e+13,1.135475789400e-03,1.289682957104e-03,-1.712046198479e-03,-1.944556556719e-03,-9.035174304242e-03,-8.470417830644e-03
326.40000000,3.946728336487e+12,2.366982832100e-03,2.688439019851e-03,-5.794683552469e-03,-6.581650603865e-03,-1.218021755136e-02,-1.141887565796e-02
326.60000000,2.011888299505e+12,-1.422136924631e-03,-1.615275086872e-03,-3.258345146353e-02,-3.700855983924e-02,-2.742858739065e-02,-2.571412436327e-02
326.80000000,-5.054196074404e+12,-4.249796933371e-02,-4.826955120741e-02,-5.063811824125e-02,-5.751520311393e-02,-5.173959109307e-02,-4.850553405918e-02
327.00000000,-2.089738096702e+12,-2.658326093184e-02,-3.019349147564e-02,-4.839028144875e-02,-5.496209106755e-02,6.243483158336e-02,5.853225326807e-02
327.20000000,-1.097019834379e+13,-2.833595317593e-02,-3.218421407611e-02,-2.588862281174e-02,-2.940451681603e-02,1.886884362567e-02,1.768941960705e-02
327.40000000,-5.063363379113e+12,-1.733730984204e-02,-1.969186241930e-02,-5.950971299247e-04,-6.759163548899e-04,-5.950383761668e-06,-5.578446526205e-06
327.60000000,5.159543235395e+12,-1.036807933860e-02,-1.177615176451e-02,4.662842649626e-03,5.296096130662e-03,5.467591662409e-03,5.125832036933e-03
327.80000000,-6.556227651092e+12,-3.744648272583e-03,-4.253203020781e-03,-5.147102673387e-03,-5.846122762652e-03,-2.376256947043e-03,-2.227725612883e-03
328.00000000,-8.988962117760e+12,1.250460274205e-02,1.420283302589e-02,1.106374731020e-02,1.256629779795e-02,4.049939428133e-02,3.796792180200e-02
328.20000000,9.801380590053e+12,7.209333739972e-02,8.188421931419e-02,7.556871268381e-02,8.583158320300e-02,7.349480128886e-02,6.890090377167e-02
328.40000000,1.394662704267e+12,7.639453928558e-02,8.676956061256e-02,5.247224175071e-03,5.959841611328e-03,2.322355279301e-02,2.177193145864e-02
328.60000000,2.787805498333e+12,6.260122646369e-02,7.110299983296e-02,4.479968222942e-02,5.088385809655e-02,-1.298470852081e-02,-1.217308077042e-02
328.80000000,1.577388281181e+12,2.599635113463e-02,2.952687438888e-02,1.759778626133e-02,1.998771451881e-02,-1.333433354955e-02,-1.250085198742e-02
329.00000000,-1.597296063086e+13,1.037650750173e-02,1.178572454312e-02,2.836002446279e-03,3.221155572018e-03,3.018012635548e-03,2.829367445546e-03
329.20000000,1.703054350559e+13,1.666077033125e-03,1.892344314959e-03,-1.048659730375e-02,-1.191076593774e-02,7.208548899797e-03,6.757968255826e-03
329.40000000,-1.749655379231e+13,5.615585603379e-03,6.378229385820e-03,-3.935638752541e-03,-4.470131791964e-03,7.052957392802e-03,6.612102218185e-03
329.60000000,-6.129129607617e+12,-2.494533782300e-03,-2.833312462481e-03,-6.445867965529e-03,-7.321271369459e-03,1.478699026922e-02,1.386270832420e-02
329.80000000,-1.701149175336e+11,3.541304242474e-03,4.022243160159e-03,7.856054491047e-03,8.922973155795e-03,1.100245244056e-02,1.031472843745e-02
330.00000000,-9.867850735701e+11,4.506447326363e-02,5.118460796922e-02,4.502946291579e-02,5.114484494416e-02,8.666864155142e-03,8.125129433422e-03
330.20000000,-1.384403606548e+13,2.243023525864e-02,2.547644996657e-02,2.372519466658e-03,2.694727682544e-03,-1.262357775348e-02,-1.183452299746e-02
330.40000000,-9.958542610350e+12,1.253925564864e-02,1.424219208880e-02,9.525343138997e-03,1.081896532488e-02,-1.560671092268e-02,-1.463119116752e-02
330.60000000,1.554476295906e+13,-6.032761536769e-03,-6.852061321673e-03,-6.417038895833e-03,-7.288527068193e-03,-1.522386834335e-02,-1.427227871036e-02
330.80000000,-1.333931291851e+13,-2.041849669941e-02,-2.319150038137e-02,-3.257241853517e-02,-3.699602854587e-02,-2.845428133781e-02,-2.667570584541e-02
331.00000000,1.344273686879e+13,-1.753440326495e-02,-1.991572278767e-02,-2.031368282689e-02,-2.307245281537e-02,-1.799867636222e-02,-1.687364339114e-02
331.20000000,2.018161322455e+12,-5.959627555600e-03,-6.768995130409e-03,-7.693559717556e-03,-8.738410217302e-03,2.716224769256e-03,2.546443260840e-03
331.40000000,-1.853949759600e+12,8.817627096256e-04,1.001513505995e-03,8.062869133661e-03,9.157874976597e-03,1.123817634865e-03,1.053571808602e-03
331.60000000,-1.236287061936e+13,4.999445926784e-03,5.678412756070e-03,2.779109000525e-02,3.156535514994e-02,1.028189315199e-02,9.639208736293e-03
331.80000000,4.334610325405e+12,-1.457697028130e-02,-1.655664551680e-02,-1.393118275189e-02,-1.582315523209e-02,-1.420713304952e-02,-1.331909590815e-02
332.00000000,-2.983386241334e+12,-2.546676969056e-02,-2.892537132805e-02,-2.711907338549e-02,-3.080207298772e-02,-4.727345693663e-02,-4.431856199655e-02
332.20000000,6.924611423712e+12,-2.091953648008e-02,-2.376058558072e-02,-2.524138185995e-02,-2.866937506711e-02,-4.328806796548e-02,-4.058228545483e-02
332.40000000,-4.176909379346e+12,-8.652562067476e-03,-9.827652811167e-03,-2.027077146248e-02,-2.302371372463e-02,-2.791317256342e-02,-2.616841984776e-02
332.60000000,-6.108419267916e+11,-8.884773293727e-03,-1.009140027610e-02,1.390618805458e-03,1.579476604343e-03,-1.268509804775e-02,-1.189219787787e-02
332.80000000,6.146128588015e+11,4.064393166012e-03,4.616371961526e-03,-9.348793631660e-04,-1.061843890077e-03,-3.714679481104e-03,-3.482488134965e-03
333.00000000,1.788813345400e+13,-1.133004679507e-02,-1.286876249692e-02,-1.105534398810e-02,-1.255675323361e-02,-2.247093249286e-02,-2.106635476522e-02
333.20000000,-7.460187840537e+12,-1.320339529978e-02,-1.499652749358e-02,-2.504379384785e-02,-2.844495293131e-02,-3.330717221413e-02,-3.122525984678e-02
333.40000000,-9.908495035641e+12,7.375172647249e-03,8.376783157908e-03,-1.518898226511e-02,-1.725177456061e-02,1.444467923016e-03,1.354179392551e-03
333.60000000,1.467039284525e+12,-3.297981522343e-03,-3.745875166971e-03,-1.845873333297e-03,-2.096558548667e-03,-1.032031250902e-02,-9.675226636544e-03
333.80000000,-6.216530117857e+12,3.015373092623e-03,3.424886134228e-03,6.600864044800e-04,7.497317227618e-04,-1.378563841146e-02,-1.292394739440e-02
334.00000000,-4.292797587969e+12,1.864578594166e-02,2.117804058463e-02,1.452655730999e-02,1.649938669225e-02,5.380026870076e-03,5.043740607002e-03
334.20000000,6.979829353111e+11,9.873821315522e-03,1.121476934251e-02,2.273127614522e-02,2.581837575998e-02,2.154479921395e-02,2.019811076957e-02
334.40000000,7.548255849380e+12,9.717148073267e-03,1.103681855548e-02,2.177267752128e-02,2.472959133284e-02,2.912532430626e-02,2.730480431476e-02
334.60000000,-1.345182812394e+13,-9.178651436154e-03,-1.042518954337e-02,-1.679922991546e-02,-1.908070746512e-02,2.965874356552e-02,2.780488144141e-02
334.80000000,1.282473532822e+13,-1.869257855321e-02,-2.123118802661e-02,-2.984625784977e-02,-3.389963217515e-02,6.950108394411e-03,6.515681943324e-03
335.00000000,-6.043776500581e+11,-1.769348996990e-02,-2.009641480593e-02,-9.579393107803e-03,-1.088035573673e-02,-8.871908519519e-03,-8.317357206966e-03
335.20000000,1.322457706815e+13,-1.007445162197e-02,-1.144264693295e-02,-2.784701712997e-03,-3.162887765135e-03,-9.422362137141e-03,-8.833403935080e-03
335.40000000,-1.141206444705e+13,-5.379155724246e-03,-6.109690339443e-03,-7.692012069587e-03,-8.736652385646e-03,-6.900459503497e-03,-6.469136427242e-03
335.60000000,-1.071813495351e+13,3.274774761183e-03,3.719516732351e-03,-1.770244484132e-03,-2.010658661940e-03,5.636814524815e-03,5.284477382646e-03
335.80000000,5.430770389521e+12,2.492555613406e-02,2.831065641604e-02,-3.712713398826e-03,-4.216931289191e-03,2.936473333023e-02,2.752924873577e-02
336.00000000,4.815974322479e+12,3.024576379360e-02,3.435339304752e-02,5.312174369263e-03,6.033612591391e-03,1.784679773946e-02,1.673125815860e-02
336.20000000,-7.379149211088e+11,1.371224880429e-02,1.557448758623e-02,-2.718448556603e-03,-3.087636869579e-03,-1.131074164550e-02,-1.060374758536e-02
336.40000000,7.021603000903e+12,-2.868718001786e-02,-3.258314047891e-02,-1.485919103384e-02,-1.687719488999e-02,-2.939731631184e-02,-2.755979507158e-02
336.60000000,9.079945470321e+11,-1.288548653251e-02,-1.463544404038e-02,-2.202244322623e-02,-2.501327733363e-02,-2.009735029149e-02,-1.884113670921e-02
336.80000000,-6.416972624326e+12,-2.227127871187e-02,-2.529590578307e-02,-1.470721150670e-02,-1.670457525726e-02,-1.966926962286e-02,-1.843981383414e-02
337.00000000,-1.766947892612e+13,-1.525494683666e-02,-1.732669699384e-02,-2.134482469045e-02,-2.424363246781e-02,-1.107087631191e-02,-1.037887537701e-02
337.20000000,2.996670966762e+12,-9.603463337497e-03,-1.090769447589e-02,-1.385073765242e-02,-1.573178500751e-02,-8.069182106096e-03,-7.564806354438e-03
337.40000000,1.537589479609e+12,1.002477943266e-02,1.138622884233e-02,3.775642474445e-03,4.288406665680e-03,-1.600812926990e-03,-1.500751828765e-03
337.60000000,-1.444191637933e+13,1.718057551215e-02,1.951384224843e-02,1.674327532585e-02,1.901715376884e-02,3.884614205325e-03,3.641800846555e-03
337.80000000,-2.511109265548e+11,1.213543470621e-02,1.378352886407e-02,2.226290753404e-02,2.528639872884e-02,1.001517916334e-02,9.389166086415e-03
338.00000000,-5.807001460358e+12,-6.766574553867e-03,-7.685532321837e-03,-1.310112768743e-02,-1.488037166733e-02,-1.438612547533e-02,-1.348690015675e-02
338.20000000,-2.600222836851e+13,-9.898693439583e-03,-1.124301931032e-02,-1.114013756958e-04,-1.265306250079e-04,-1.964942811628e-02,-1.842121254926e-02
338.40000000,-1.691829685669e+13,-2.252971641313e-02,-2.558944149902e-02,-6.778203278363e-03,-7.698740629444e-03,-2.227183876210e-02,-2.087970567244e-02
338.60000000,-2.965944083997e+13,-1.371568462599e-02,-1.557839002142e-02,-3.587353440902e-03,-4.074546388393e-03,-1.369063535255e-02,-1.283488263737e-02
338.80000000,6.585287683779e+12,-2.583649766018e-03,-2.934531146736e-03,2.691253135778e-03,3.056748080524e-03,-1.458970835475e-03,-1.367775779754e-03
339.00000000,-1.937430237651e+12,1.362323419996e-02,1.547338404953e-02,1.214850936337e-02,1.379837971539e-02,9.315221802952e-03,8.732960560494e-03
339.20000000,-4.706877182093e+12,1.427813904844e-02,1.621723048773e-02,1.087895165585e-02,1.235640533030e-02,2.196753845708e-02,2.059442609257e-02
339.40000000,1.459414444798e+13,-7.515044984118e-03,-8.535651335207e-03,1.552255628289e-02,1.763065075215e-02,8.269536703336e-03,7.752637501439e-03
339.60000000,2.230239714022e+13,-3.973828181616e-02,-4.513507490105e-02,3.068755859890e-03,3.485518868371e-03,4.752012280948e-03,4.454980966675e-03
339.80000000,-4.969365278301e+11,1.684399610030e-02,1.913155252000e-02,-8.969057797201e-04,-1.018713172730e-03,1.547095267989e-02,1.450391868758e-02
340.00000000,1.096126012806e+13,5.999315603220e-03,6.814073148888e-03,2.648187143993e-02,3.007833362701e-02,7.809654837188e-03,7.321501208122e-03
340.20000000,4.827143727589e+12,1.193022717920e-02,1.355045242799e-02,1.387677568987e-02,1.576135923074e-02,4.709880740293e-03,4.415482918139e-03
340.40000000,-1.049402078928e+13,-1.133586423485e-02,-1.287536999398e-02,4.965468244250e-03,5.639820841351e-03,-4.383859993224e-03,-4.109840563476e-03
340.60000000,-1.535627029228e+12,9.017369009351e-03,1.024200360575e-02,8.957708849190e-03,1.017424149614e-02,-8.310227202353e-03,-7.790784582702e-03
340.80000000,-7.313681160063e+12,1.405318297903e-02,1.596172349100e-02,7.743766991062e-03,8.795436063322e-03,-2.418487822695e-03,-2.267316787340e-03
341.00000000,-1.456702449726e+11,-1.236881682171e-02,-1.404860623487e-02,-2.773807035351e-03,-3.150513498092e-03,-1.180098884516e-02,-1.106335118364e-02
341.20000000,-7.194153660601e+12,9.724160252955e-04,1.104478304819e-03,2.858216634113e-04,3.246386634505e-04,-5.524191955290e-03,-5.178894447673e-03
341.40000000,3.036623753447e+12,2.417441526017e-02,2.745750429032e-02,3.557138093697e-02,4.040227541406e-02,4.234750002294e-02,3.970050905484e-02
341.60000000,-5.315607096367e+12,1.501116539523e-02,1.704980798114e-02,3.716260181434e-02,4.220959754883e-02,2.255246402342e-02,2.114279005102e-02
341.80000000,7.917015908937e+12,1.755799088893e-02,1.994251380948e-02,2.367917097355e-02,2.689500272551e-02,9.803591641950e-03,9.190804145233e-03
342.00000000,1.178479343110e+13,1.211931805412e-02,1.376522343500e-02,2.719219503953e-02,3.088512518102e-02,-3.030373114281e-03,-2.840955314903e-03
342.20000000,-1.439508382110e+13,9.332007351537e-03,1.059937248262e-02,1.701069355626e-02,1.932088965739e-02,-3.297144204079e-03,-3.091051496740e-03
342.40000000,6.971949374828e+12,4.020402021083e-03,4.566406448911e-03,-1.073830900179e-03,-1.219666221393e-03,-7.597709675951e-03,-7.122803981880e-03
342.60000000,-2.074204185717e+13,-8.973764430056e-03,-1.019247715764e-02,6.003562875319e-03,6.818897505948e-03,9.694069483281e-03,9.088127825508e-03
342.80000000,-1.096512933653e+13,-4.550990223658e-03,-5.169052994517e-03,1.576982634924e-02,1.791150218551e-02,6.566538275025e-03,6.156087422051e-03
343.00000000,4.504703698538e+12,-8.008215242146e-03,-9.095798264509e-03,1.229725765667e-02,1.396732928538e-02,4.309188545170e-03,4.039836560927e-03
343.20000000,1.392669080407e+13,-9.113493539767e-03,-1.035118265633e-02,-8.430961517228e-03,-9.575957420037e-03,-9.796156145599e-03,-9.183833415200e-03
343.40000000,-1.531547386506e+13,1.338028574508e-02,1.519744114996e-02,-2.652207485776e-03,-3.012399700912e-03,-6.928255275177e-04,-6.495194784514e-04
343.60000000,-6.052190104235e+12,-6.007986512654e-04,-6.823921640787e-04,-7.795270496562e-03,-8.853934180605e-03,-4.965020862826e-03,-4.654675142931e-03
343.80000000,-1.041551847944e+13,-3.659065596232e-03,-4.155997496767e-03,-8.870808344887e-04,-1.007553916814e-03,5.486701751046e-03,5.143747622187e-03
344.00000000,-7.282358924055e+11,-6.712128633830e-03,-7.623692187673e-03,2.960489110790e-03,3.362548578770e-03,6.581541110980e-03,6.170152484318e-03
344.20000000,-7.840209761170e+12,-4.666274035650e-03,-5.299993318338e-03,-1.315188467437e-03,-1.493802188251e-03,4.588114844318e-03,4.301328173394e-03
344.40000000,-1.767022332715e+13,-3.491257006161e-02,-3.965399087986e-02,-2.000337137726e-02,-2.271999844554e-02,-1.240691299566e-02,-1.163140117976e-02
344.60000000,7.077314380660e+12,-1.167590158946e-02,-1.326158728290e-02,1.272550112269e-03,1.445373183717e-03,-2.731654098513e-02,-2.560908157835e-02
344.80000000,5.003944615730e+12,-1.042670683899e-02,-1.184274137282e-02,-1.821274884550e-03,-2.068619422470e-03,-1.777376533464e-02,-1.666279074854e-02
345.00000000,1.534675165790e+10,7.505785091097e-03,8.525133870789e-03,1.541691248749e-03,1.751065963556e-03,-5.951932778883e-03,-5.579898720203e-03
345.20000000,-1.134983701941e+13,-3.678010126382e-03,-4.177514853538e-03,-8.740829324320e-03,-9.927907896918e-03,-5.793490962388e-03,-5.431360535728e-03
345.40000000,-3.013048726923e+12,-7.834319154645e-03,-8.898285624917e-03,-1.972446740468e-03,-2.240321695385e-03,1.617191705739e-03,1.516106828557e-03
345.60000000,-2.435911444294e+12,-1.099273795534e-02,-1.248564427816e-02,-1.395644102529e-03,-1.585184379270e-03,-2.475623508976e-03,-2.320881125951e-03
345.80000000,-9.107893691829e+12,-1.744244243135e-02,-1.981127289897e-02,-1.163167002817e-02,-1.321134922583e-02,-3.403037510315e-02,-3.190325790637e-02
346.00000000,6.800323558475e+12,-1.944428400283e-02,-2.208498140220e-02,-4.674918388908e-03,-5.309811857503e-03,-5.842682924436e-02,-5.477477683935e-02
346.20000000,4.715349315897e+12,-1.285159957419e-02,-1.459695494794e-02,-5.648544161186e-03,-6.415664246858e-03,-5.032042244082e-02,-4.717507257034e-02
346.40000000,2.128799043999e+12,4.665505871275e-03,5.299120830778e-03,-7.097887940244e-03,-8.061841173048e-03,-3.878213254441e-04,-3.635799996245e-04
346.60000000,5.474705606776e+12,1.098548278959e-02,1.247740379985e-02,1.252131498256e-03,1.422181549173e-03,5.326476907036e-03,4.993537860879e-03
346.80000000,9.880255448496e+12,-3.100967280872e-04,-3.522104733546e-04,-1.966900629441e-02,-2.234022375559e-02,2.845457649684e-03,2.667598255511e-03
347.00000000,-1.155196894887e+13,-4.276817864701e-03,-4.857645721938e-03,-1.826576200530e-02,-2.074640702011e-02,-1.115059168638e-02,-1.045360802815e-02
347.20000000,9.577483884000e+12,-2.168177971764e-02,-2.462634786454e-02,-1.597034428841e-02,-1.813925215726e-02,-3.153745735491e-02,-2.956616354228e-02
347.40000000,1.092597489641e+13,-1.440051781635e-02,-1.635622932219e-02,-9.175293440485e-03,-1.042137591577e-02,-3.392686007745e-02,-3.180621323519e-02
347.60000000,-4.310699321681e+11,3.166171516508e-02,3.596164253108e-02,8.252662540338e-03,9.373443933617e-03,-5.120830227870e-03,-4.800745421091e-03
347.80000000,3.485321114709e+12,-3.834327336673e-03,-4.355061256461e-03,1.114658645667e-02,1.266038720136e-02,1.653478729508e-03,1.550125680082e-03
348.00000000,2.318286872472e+12,1.426855807708e-03,1.620634833984e-03,-2.730871025055e-03,-3.101746414344e-03,-4.976989078543e-03,-4.665895268232e-03
348.20000000,1.068418965074e+12,7.664423083614e-03,8.705316237695e-03,-6.388523394556e-04,-7.256138920589e-04,3.471012119450e-03,3.254051549749e-03
348.40000000,-1.150822493977e+13,5.303894208725e-03,6.024207676758e-03,6.484006452689e-04,7.364589385844e-04,-1.849129489993e-03,-1.733547010361e-03
348.60000000,-1.425062920473e+13,1.567521521763e-02,1.780404135768e-02,2.952994127315e-05,3.354035713174e-05,2.167198524264e-03,2.031734685390e-03
348.80000000,-5.695931016249e+12,1.129424164375e-02,1.282809470473e-02,1.170982619550e-02,1.330011966192e-02,4.582926133350e-03,4.296463790216e-03
349.00000000,-2.460024467994e+12,3.966164618589e-03,4.504803150728e-03,9.797704319021e-03,1.112831545742e-02,1.226109463002e-02,1.149469739931e-02
349.20000000,-7.407500262550e+12,5.599122322047e-03,6.359530252338e-03,2.104354895968e-02,2.390144094391e-02,7.445257831186e-04,6.979881357401e-04
349.40000000,-6.080770904224e+12,-6.850228617728e-03,-7.780547311554e-03,-7.891841002381e-03,-8.963619778133e-03,-1.558410628146e-03,-1.460999946168e-03
349.60000000,-4.172465592857e+12,5.919538433743e-03,6.723461568438e-03,-5.097848656773e-03,-5.790179633877e-03,-1.742310637002e-02,-1.633405022330e-02
349.80000000,9.649184959275e+12,1.920089263908e-02,2.180853544301e-02,1.428190943379e-02,1.622151356466e-02,1.869922193113e-02,1.753040035877e-02
350.00000000,1.139901521347e+13,2.353884383870e-02,2.673561692121e-02,1.689870871943e-02,1.919369633229e-02,2.277671145147e-02,2.135302057332e-02
350.20000000,-3.615223905227e+12,1.717251030253e-02,1.950468171547e-02,1.283350643158e-02,1.457640518077e-02,2.513954108950e-02,2.356815817031e-02
350.40000000,1.254112826549e+12,6.263098066230e-03,7.113679490214e-03,1.740104895054e-02,1.976425861675e-02,7.096629899138e-03,6.653044912141e-03
350.60000000,-3.195091402037e+12,1.639032702365e-03,1.861627136492e-03,1.192537587184e-02,1.354494280792e-02,-3.264643096402e-03,-3.060581917216e-03
350.80000000,8.392264861875e+11,1.257286833311e-02,1.428036965869e-02,1.944303169193e-02,2.208355989029e-02,4.571772226998e-03,4.286007074710e-03
351.00000000,-1.581706577740e+13,1.721650101008e-02,1.955464673130e-02,2.861628601756e-02,3.250261976215e-02,1.334911899163e-02,1.251471324432e-02
351.20000000,-5.889020941942e+12,3.113297409910e-03,3.536109397876e-03,9.228464687039e-03,1.048176826745e-02,8.052874022353e-03,7.549517630762e-03
351.40000000,2.699969467627e+13,8.571449942294e-03,9.735524976794e-03,2.486478227838e-02,2.824163007621e-02,1.671204448894e-02,1.566743428062e-02
351.60000000,1.806947600956e+13,2.736107369098e-02,3.107693775310e-02,2.374632405653e-02,2.697127576530e-02,2.166666518526e-02,2.031235933430e-02
351.80000000,1.002169305076e+12,3.095357324829e-02,3.515732898267e-02,2.504142528787e-02,2.844226270085e-02,1.417346568451e-02,1.328753296986e-02
352.00000000,-4.113990174850e+12,8.019778196733e-03,9.108931565638e-03,3.142035122410e-03,3.568750074707e-03,-2.634473778493e-03,-2.469802232507e-03
352.20000000,-6.631324403883e+12,3.832435345092e-03,4.352912316502e-03,-3.831537354442e-03,-4.351892543269e-03,7.664421696467e-03,7.185346072278e-03
352.40000000,-1.117715900795e+12,1.533225574693e-02,1.741450510471e-02,7.667385057160e-02,8.708680816578e-02,5.367097701126e-02,5.031619594222e-02
352.60000000,-6.091091306145e+12,7.668821838349e-03,8.710312380340e-03,-5.369109195279e-02,-6.098279648468e-02,4.601329022667e-02,4.313716380653e-02
352.80000000,-5.990034351242e+12,-2.301795976984e-02,-2.614399241235e-02,-3.840158046007e-03,-4.361683997683e-03,-8.823347701024e-02,-8.271831751784e-02
353.00000000,1.176359029238e+13,-1.247184805972e-02,-1.416562998205e-02,-5.276311062837e-03,-5.992878744536e-03,-3.885659123457e-02,-3.642780450587e-02
353.20000000,-1.300653339505e+13,1.331732107545e-02,1.512592534832e-02,1.067740324158e-02,1.212748493620e-02,4.380359868882e-03,4.106559219406e-03
353.40000000,-6.893436373879e+12,-4.801432295174e-04,-5.453507206915e-04,4.200638693746e-03,4.771120967173e-03,4.080919988625e-03,3.825836256514e-03
353.60000000,-1.114931108899e+13,-1.536817528688e-02,-1.745530282046e-02,-2.017308728572e-02,-2.291276321023e-02,-2.113065732917e-02,-1.980985541477e-02
353.80000000,2.095206835500e+12,3.840696839168e-03,4.362295790998e-03,-7.303250718283e-02,-8.295093953783e-02,-8.840427442364e-02,-8.287843899499e-02
354.00000000,1.137274831437e+13,7.688218388961e-03,8.732343145755e-03,-3.076400862075e-02,-3.494202126531e-02,-2.306249999989e-02,-2.162094550036e-02
354.20000000,-2.229720595145e+12,-6.923024425160e-02,-7.863229402242e-02,-3.461566091947e-02,-3.931676053247e-02,-1.922988505790e-02,-1.802789362893e-02
354.40000000,2.637529336378e+12,-1.875763290226e-02,-2.130507730371e-02,-3.318642241343e-02,-3.769341934547e-02,-3.799622844778e-02,-3.562121992380e-02
354.60000000,2.425494707607e+13,-1.777203719908e-02,-2.018562940984e-02,-1.954633059418e-02,-2.220088765740e-02,-1.876428362958e-02,-1.759139528284e-02
354.80000000,-2.984026239006e+12,-1.477015212445e-02,-1.677606307995e-02,-8.403034078475e-03,-9.544237198825e-03,-1.570731423893e-02,-1.472550612981e-02
355.00000000,-1.103022848993e+13,1.986636940475e-03,2.256438955373e-03,-9.175576703869e-04,-1.042169764871e-03,-7.344435275766e-03,-6.885360859796e-03
355.20000000,-7.305871952430e+12,1.799423280968e-02,2.043800105423e-02,2.369180662296e-03,2.690935440302e-03,8.562734081574e-04,8.027508158820e-04
355.40000000,-2.857257699902e+12,7.690018725916e-03,8.734387983620e-03,1.380502049860e-02,1.567985907743e-02,1.307088020131e-02,1.225386616697e-02
355.60000000,-5.988478168378e+12,2.721369555662e-04,3.090954442788e-04,1.478343955815e-02,1.679115572302e-02,2.950483049325e-02,2.766058892553e-02
355.80000000,-7.347700409577e+12,-1.313565932112e-02,-1.491959239899e-02,1.575317482333e-02,1.789258924150e-02,1.422416442430e-02,1.333506271252e-02
356.00000000,-8.715137098268e+12,-2.587847695941e-03,-2.939299190870e-03,3.556824735782e-03,4.039871626836e-03,1.106078728223e-02,1.036941697654e-02
356.20000000,2.878391193810e+12,-1.681993858088e-03,-1.910422778697e-03,9.282583477087e-04,1.054323684706e-03,-1.253058057444e-03,-1.174733873991e-03
356.40000000,1.068577019318e+12,4.622492759572e-03,5.250266176533e-03,-9.141620519625e-03,-1.038312992737e-02,3.569987401329e-03,3.346840240282e-03
356.60000000,-1.340520551376e+12,8.816118462990e-05,1.001342154163e-04,-1.016017311797e-02,-1.154001058587e-02,-6.741318620516e-03,-6.319942872432e-03
356.80000000,9.945780355778e+12,-8.337553457724e-03,-9.469863381282e-03,-1.331255336014e-02,-1.512051073513e-02,-3.116818275436e-03,-2.921997097802e-03
357.00000000,-1.246506092468e+13,-7.147496415135e-03,-8.118186577482e-03,-2.384754844380e-03,-2.708624728075e-03,-6.392267966725e-03,-5.992710128258e-03
357.20000000,-6.924535978620e+12,-1.493511089688e-02,-1.696342464188e-02,8.351288728082e-03,9.485464392068e-03,1.597690010296e-02,1.497824114439e-02
357.40000000,-1.559964048107e+13,4.106407479132e-03,4.664092171935e-03,6.936521593873e-03,7.878559911627e-03,1.668379135024e-02,1.564094714471e-02
357.60000000,6.267409017868e+12,1.144663760367e-02,1.300118731849e-02,7.947788880206e-03,9.027165851106e-03,1.821943572270e-02,1.708060387251e-02
357.80000000,-1.079654986142e+13,-7.915986880224e-04,-8.991044514894e-04,-1.769142500416e-02,-2.009407019513e-02,-8.198046761952e-03,-7.685616140941e-03
358.00000000,-3.750430912507e+12,-9.063081398093e-03,-1.029392412157e-02,-1.869977976955e-02,-2.123936806868e-02,-7.718862412034e-03,-7.236383893168e-03
358.20000000,1.838277002818e+12,-2.504585020405e-03,-2.844728743306e-03,-1.565668156117e-02,-1.778299137797e-02,-9.693838286822e-03,-9.087911080313e-03
358.40000000,-3.490364039558e+11,-1.025670351159e-02,-1.164965016292e-02,8.781773423983e-04,9.974412551721e-04,5.570976048864e-03,5.222754234663e-03
358.60000000,1.044564680772e+13,-6.981468425955e-03,-7.929610590176e-03,-7.955082650613e-03,-9.035450177241e-03,-2.901471324553e-03,-2.720110715635e-03
358.80000000,-4.610636456696e+12,-1.277325178526e-03,-1.450796686994e-03,4.151062202817e-03,4.714811569343e-03,-3.320052367977e-03,-3.112527753137e-03
359.00000000,-1.882424095678e+13,-7.717597584369e-03,-8.765712283137e-03,9.105364834754e-03,1.034195041376e-02,5.079703196240e-03,4.762189093310e-03
359.20000000,7.456867037370e+12,3.061059421003e-03,3.476777050471e-03,-1.341644936640e-02,-1.523851669803e-02,2.282120207223e-03,2.139473024429e-03
359.40000000,-3.688030273522e+12,1.201605174742e-03,1.364793269483e-03,-7.089518797298e-03,-8.052335429684e-03,-2.492764292452e-03,-2.336950500275e-03
359.60000000,-9.734307950305e+12,-2.057330208743e-03,-2.336732964384e-03,4.593820746364e-03,5.217700468989e-03,6.437299217707e-03,6.034926636586e-03
359.80000000,-8.813524623437e+12,-1.648183500343e-02,-1.872020689843e-02,-1.451758225492e-03,-1.648919274876e-03,-3.384265146610e-03,-3.172726820335e-03
360.00000000,-2.489014534762e+12,-1.530584420398e-02,-1.738450665197e-02,-2.345474079490e-03,-2.664009302983e-03,-1.850098437656e-02,-1.734455392566e-02
360.20000000,3.851533933431e+12,-2.215482525000e-03,-2.516363696106e-03,1.239139555863e-02,1.407425191086e-02,-5.092331134443e-03,-4.774027704201e-03
360.40000000,7.744333565081e+12,-5.790350228383e-03,-6.576728517616e-03,3.614395020970e-02,4.105260443815e-02,1.086326535822e-02,1.018424144248e-02
360.60000000,1.574402430967e+12,9.649067253367e-03,1.095949178731e-02,1.695629651172e-02,1.925910503399e-02,1.390784728690e-02,1.303851742955e-02
360.80000000,9.405229179062e+12,4.600031576099e-03,5.224754575323e-03,7.868621667452e-03,8.937247061078e-03,1.588431373024e-02,1.489144201512e-02
361.00000000,-1.085932773740e+13,6.844467931034e-03,7.774004275129e-03,1.108657289521e-02,1.259222329052e-02,2.716563509318e-02,2.546760827470e-02
361.20000000,3.632721098252e+12,4.443260959330e-04,5.046693189511e-04,6.115492667079e-03,6.946028310393e-03,1.296277132000e-02,1.215251478568e-02
361.40000000,-6.030179147630e+11,-1.144174027760e-02,-1.299562489433e-02,7.236111339946e-03,8.218836479847e-03,-1.293420278806e-02,-1.212573197062e-02
361.60000000,-1.362370871080e+13,-1.198726786677e-02,-1.361523972095e-02,6.216068545085e-03,7.060263243539e-03,-7.533199148564e-03,-7.062325777139e-03
361.80000000,-1.698949564173e+12,1.025065186656e-02,1.164277665356e-02,2.722700517291e-02,3.092466282502e-02,2.425549610107e-02,2.273937167645e-02
362.00000000,-2.317598720677e+12,-5.455370809386e-04,-6.196256074523e-04,2.457215589298e-02,2.790926255195e-02,2.363764987503e-02,2.216014481115e-02
362.20000000,5.513180866693e+12,-2.454860826384e-03,-2.788251585287e-03,1.131634650387e-02,1.285320209919e-02,2.097809585073e-02,1.966683000942e-02
362.40000000,-4.769060499888e+12,9.382793487001e-03,1.065705580267e-02,9.696153385403e-03,1.101297304786e-02,2.073047490388e-02,1.943468696350e-02
362.60000000,1.292471551986e+13,-5.022043379027e-04,-5.704079132490e-04,1.882742978274e-02,2.138435403362e-02,7.215681566817e-03,6.764655085307e-03
362.80000000,-1.229625067048e+13,7.589559665902e-03,8.620285737851e-03,2.212493280608e-03,2.512968586553e-03,-2.093036104752e-03,-1.962207893825e-03
363.00000000,3.118027620066e+12,-4.536325527986e-04,-5.152396709759e-04,7.616828410738e-04,8.651258149851e-04,1.693120701952e-03,1.587289774423e-03
363.20000000,-6.475894988878e+12,1.474180087116e-04,1.674386148793e-04,7.674086100644e-04,8.716291918465e-04,1.037651067894e-02,9.727912059598e-03
363.40000000,7.754738260996e+12,6.711629375213e-03,7.623125125536e-03,-7.623985273808e-03,-8.659386975470e-03,-2.333492489762e-03,-2.187634209079e-03
363.60000000,-1.179193981721e+12,-1.858025177769e-02,-2.110360632969e-02,5.175013979272e-03,5.877824660016e-03,-2.639372372279e-02,-2.474394632693e-02
363.80000000,1.868926218499e+12,-2.240716048403e-02,-2.545024144339e-02,7.988579738996e-03,9.073496453623e-03,-3.189416126616e-03,-2.990057116612e-03
364.00000000,-7.573511169741e+12,-1.991175101272e-02,-2.261593436595e-02,2.767331655051e-02,3.143158706364e-02,8.405469613963e-03,7.880073731353e-03
364.20000000,-3.416605407880e+12,-8.843518792907e-03,-1.004454306689e-02,5.967729440027e-03,6.778197586981e-03,5.506067332610e-03,5.161902730418e-03
364.40000000,7.278461167177e+11,4.365751296005e-03,4.958657061626e-03,-5.319138995752e-03,-6.041523073080e-03,4.654422162854e-03,4.363490858287e-03
364.60000000,7.122014974554e+12,7.370587240172e-03,8.371575013962e-03,-3.858372188113e-03,-4.382371774385e-03,-1.321872922404e-02,-1.239247367538e-02
364.80000000,-7.357377308799e+12,1.859428929757e-02,2.111955026290e-02,1.244185857722e-02,1.413156823431e-02,-4.870714909744e-04,-4.566263918127e-04
365.00000000,-4.208010363709e+12,2.962112205783e-02,3.364391970741e-02,2.038848638292e-02,2.315741532718e-02,1.000467716996e-04,9.379320535165e-05
365.20000000,-2.988798039167e+13,3.212289897761e-02,3.648545898640e-02,2.959907608649e-02,3.361888103717e-02,4.457617261350e-02,4.178987528221e-02
365.40000000,1.053303650740e+13,-4.938602615874e-04,-5.609306411511e-04,2.239153538560e-02,2.543249533088e-02,1.202664024592e-02,1.127489792133e-02
365.60000000,1.619196086418e+12,1.107028297974e-02,1.257372056946e-02,3.296508515488e-02,3.744202261462e-02,2.573219862719e-02,2.412377080220e-02
365.80000000,1.830597740795e+12,9.238972824745e-04,1.049370308417e-03,4.874328658308e-03,5.536303728567e-03,6.142704877646e-03,5.758746336479e-03
366.00000000,1.040685536479e+13,1.080062754299e-02,1.226744365513e-02,1.913932342095e-02,2.173860546662e-02,1.055522376058e-03,9.895454424837e-04
366.20000000,-1.733704587709e+12,1.543188610092e-02,1.752766609920e-02,2.999647617706e-02,3.407025142219e-02,-5.425391673515e-03,-5.086269818613e-03
366.40000000,4.017302704614e+12,2.207169835287e-02,2.506922073176e-02,3.705923053841e-02,4.209218757908e-02,1.237077014305e-02,1.159751748777e-02
366.60000000,1.121236858675e+13,3.811095997721e-02,4.328674906178e-02,4.301698997849e-02,4.885906115577e-02,5.041485271803e-02,4.726360034822e-02
366.80000000,-2.075360654974e+11,2.887195211366e-02,3.279300618024e-02,2.311757226970e-02,2.625713416636e-02,5.222961284508e-02,4.896492630175e-02
367.00000000,1.342234467529e+12,3.345554487567e-02,3.799908941219e-02,3.475995287605e-02,3.948064855751e-02,4.844635882911e-02,4.541814998115e-02
367.20000000,5.543940710672e+12,1.231438153706e-02,1.398677818046e-02,2.891235017002e-02,3.283889193131e-02,1.202733095296e-02,1.127554545474e-02
367.40000000,-1.878348139018e+12,-3.572617983087e-03,-4.057809570264e-03,2.034100515971e-02,2.310348575214e-02,-7.157055241212e-04,-6.709693281908e-04
367.60000000,2.792677628776e+12,-8.762355112571e-03,-9.952356675741e-03,1.465975349677e-02,1.665067204808e-02,9.026771349287e-03,8.462540114391e-03
367.80000000,9.479982187566e+12,9.696494629683e-03,1.101336020045e-02,1.882992395455e-02,2.138718693507e-02,9.212504900813e-03,8.636664125020e-03
368.00000000,-7.682857918550e+12,1.447045680664e-02,1.643566661593e-02,7.837108512829e-03,8.901454153446e-03,4.220204891422e-03,3.956414957539e-03
368.20000000,-3.687508268337e+12,8.669041872005e-03,9.846370711837e-03,1.424820717725e-02,1.618323425654e-02,1.251424482746e-02,1.173202408213e-02
368.40000000,-5.336931596782e+12,-3.348719834169e-03,-3.803504168526e-03,2.261080761717e-03,2.568154658662e-03,-2.402793923626e-03,-2.252603857846e-03
368.60000000,-1.633219210044e+12,1.228648715999e-02,1.395509551225e-02,3.230777838381e-03,3.669544802301e-03,2.113031380733e-02,1.980953336525e-02
368.80000000,-1.773707769990e+13,-5.709442670040e-04,-6.484833031975e-04,5.606898211410e-03,6.368362424765e-03,2.690176949594e-02,2.522023597346e-02
369.00000000,-1.040357400079e+13,-4.550559774841e-04,-5.168564087124e-04,4.483675722589e-03,5.092596819122e-03,3.226669496054e-02,3.024981910990e-02
369.20000000,6.096934516836e+11,-3.239985157565e-04,-3.680002407787e-04,-3.638184764546e-03,-4.132281035838e-03,1.676908882675e-02,1.572091298063e-02
369.40000000,-1.251102029042e+13,5.582888206153e-03,6.341091406889e-03,-1.539824395122e-03,-1.748945575411e-03,9.813040228060e-05,9.199662134006e-05
369.60000000,3.543558920832e+12,5.514997381326e-03,6.263980436720e-03,1.066171583965e-02,1.210966705238e-02,4.381545032957e-05,4.107670303139e-05
369.80000000,-1.230008733400e+12,2.856202946359e-03,3.244099342617e-03,1.635773164517e-02,1.857924999450e-02,-1.894061262503e-02,-1.775670258260e-02
370.00000000,-6.110946126636e+12,1.680779227614e-02,1.909043191184e-02,1.493511732132e-02,1.696343260967e-02,2.363124816121e-03,2.215414324560e-03
370.20000000,6.433673069112e+12,4.773524880800e-03,5.421809730821e-03,-9.909524028202e-03,-1.125532122914e-02,4.055015986593e-03,3.801551421123e-03
370.40000000,8.959960586946e+12,-6.135531505256e-03,-6.968788316733e-03,-2.625013868900e-02,-2.981512960797e-02,-1.580264223217e-02,-1.481487551068e-02
370.60000000,-4.998254673533e+11,-2.072604176155e-02,-2.354081265107e-02,-2.221910564545e-02,-2.523664817321e-02,-2.592270535387e-02,-2.430236963385e-02
370.80000000,5.432511342324e+12,-1.857172814112e-02,-2.109392511154e-02,-2.184376833948e-02,-2.481033688561e-02,-3.730415641580e-02,-3.497240684257e-02
371.00000000,1.216923414766e+13,-1.525594024544e-02,-1.732782531589e-02,4.940869665897e-04,5.611881567950e-04,-2.667384961338e-02,-2.500656254867e-02
371.20000000,1.014464127451e+13,-4.998880468830e-03,-5.677770504166e-03,1.606810151728e-02,1.825028564487e-02,4.403351208447e-03,4.128113452455e-03
371.40000000,9.215702791654e+12,4.778409146765e-03,5.427357321208e-03,2.542464483037e-02,2.887752669939e-02,8.487349556801e-04,7.956835651429e-04
371.60000000,-7.014910005522e+12,3.043556342473e-02,3.456896906580e-02,1.705531502933e-02,1.937157110402e-02,6.640633739268e-04,6.225551443484e-04
371.80000000,1.349694211827e+13,2.377092706523e-03,2.699921900298e-03,1.513141996851e-02,1.718639481713e-02,-2.449782239326e-02,-2.296655101766e-02
372.00000000,-6.424979963793e+11,-7.568709728879e-05,-8.596604203871e-05,3.936997655704e-03,4.471675245673e-03,-3.031460443754e-02,-2.841974679294e-02
372.20000000,-1.027610017875e+13,-1.517043985517e-02,-1.723071325310e-02,-5.032719197723e-03,-5.716205043270e-03,-2.012514399598e-02,-1.886719312851e-02
372.40000000,-1.218262551779e+13,-8.766066057676e-03,-9.956571598420e-03,-9.234564945981e-03,-1.048869699317e-02,-9.222009798843e-03,-8.645574905824e-03
372.60000000,1.796078426024e+12,-9.314562493996e-03,-1.057955846662e-02,8.486360256866e-03,9.638879777211e-03,3.992465373521e-03,3.742910623454e-03
372.80000000,-4.691804164242e+12,1.703219105299e-03,1.934530593100e-03,3.626965502867e-03,4.119538103505e-03,2.531640786586e-03,2.373396963622e-03
373.00000000,6.589625125317e+12,3.924522226189e-02,4.457505371001e-02,2.542101526444e-02,2.887340420769e-02,3.746648136388e-02,3.512458543795e-02
373.20000000,9.218899794960e+12,5.158291471441e-02,5.858830862442e-02,3.258538211542e-02,3.701075268999e-02,6.921583826429e-02,6.488940344202e-02
373.40000000,7.926647893098e+12,1.508537944338e-02,1.713410092157e-02,6.725896569459e-04,7.639330226944e-04,2.056612942397e-02,1.928061413252e-02
373.60000000,-1.174229111427e+13,-6.943066605174e-03,-7.885993478965e-03,-1.064647168666e-02,-1.209235261444e-02,-8.225349357110e-03,-7.711212148396e-03
373.80000000,1.971154476102e+13,-4.907874302617e-03,-5.574404934727e-03,-3.144629875328e-03,-3.571697217023e-03,-1.239249443793e-02,-1.161788387458e-02
374.00000000,-4.727007797483e+12,-9.668907307174e-03,-1.098202628739e-02,-2.224617624218e-02,-2.526739518600e-02,-1.897295277514e-02,-1.778702126544e-02
374.20000000,7.757543642120e+11,-1.735167377123e-02,-1.970817709095e-02,-1.650423192754e-02,-1.874564625465e-02,-1.031811599138e-02,-9.673167415374e-03
374.40000000,1.665503187531e+12,-9.996967761187e-03,-1.135464011182e-02,-1.017718323112e-02,-1.155933081630e-02,-9.797198486762e-03,-9.184810603340e-03
374.60000000,3.514001318377e+12,1.385402988368e-02,1.573552372934e-02,-1.064413523547e-02,-1.208969885341e-02,-6.925318542300e-03,-6.492441616322e-03
374.80000000,1.444463177512e+12,1.927440338281e-02,2.189202956436e-02,3.654788605891e-03,4.151139819312e-03,3.507735362816e-02,3.288479354342e-02
375.00000000,8.415550628366e+12,-4.925477122582e-03,-5.594398365778e-03,-4.389481251976e-02,-4.985609942482e-02,-5.235776368930e-03,-4.908506689443e-03
375.20000000,-1.595421495787e+13,-2.537017682334e-02,-2.881566033660e-02,-2.929224466272e-02,-3.327037931016e-02,-3.261024415793e-02,-3.057189427406e-02
375.40000000,-7.091344195277e+12,-1.737490603071e-02,-1.973456448678e-02,-3.255076437875e-03,-3.697143357180e-03,-2.633158871319e-02,-2.468569515485e-02
375.60000000,5.342748614265e+12,-1.562088356028e-02,-1.774233100403e-02,4.361876300837e-03,4.954256005432e-03,-3.621271185911e-04,-3.394918458664e-04
375.80000000,-2.713032677089e+13,-6.197452107444e-03,-7.039118257786e-03,1.852485591319e-02,2.104068807272e-02,9.911256871697e-03,9.291739606031e-03
376.00000000,-4.651007486444e+12,2.836603205271e-03,3.221837791750e-03,2.030737629116e-02,2.306528979873e-02,1.464485185330e-02,1.372945447296e-02
376.20000000,1.058123742398e+13,3.393194591016e-03,3.854018971628e-03,-8.326096297121e-03,-9.456850615844e-03,8.669269664208e-03,8.127384582708e-03
376.40000000,-8.919264779920e+11,5.307085213995e-03,6.027832047398e-03,-9.388230797776e-03,-1.066323196770e-02,3.357849272972e-02,3.147962108606e-02
376.60000000,-1.190606689190e+13,-8.286824270958e-03,-9.412244744045e-03,-2.753134842449e-02,-3.127033846500e-02,1.877660197260e-02,1.760294365024e-02
376.80000000,-1.202003910134e+13,-8.575129081084e-03,-9.739703773592e-03,-1.442426389063e-02,-1.638320096110e-02,2.588837575616e-02,2.427018585668e-02
377.00000000,2.972837450436e+11,-5.040374086857e-03,-5.724899304707e-03,-4.194225481900e-04,-4.763836786896e-04,2.619480046251e-02,2.455745704913e-02
377.20000000,1.271586276627e+13,1.342886913468e-02,1.525262257272e-02,2.668390983228e-02,3.030781054236e-02,5.243275155027e-02,4.915536753206e-02
377.40000000,-7.577804053305e+12,1.602499225150e-02,1.820132105627e-02,2.292215797300e-02,2.603518095490e-02,4.069184120129e-02,3.814833955238e-02
377.60000000,-1.515490990995e+12,-4.020047513338e-04,-4.566003796026e-04,1.540629152946e-02,1.749859626157e-02,2.138867379790e-02,2.005174419563e-02
377.80000000,1.024635653709e+13,-8.376301017887e-03,-9.513873186192e-03,-9.845402091430e-03,-1.118249099086e-02,6.913745271365e-03,6.481591749217e-03
378.00000000,-8.101339714155e+12,-1.281632310451e-02,-1.455688763683e-02,3.786200389243e-02,4.300398434631e-02,2.519524929061e-02,2.362038425075e-02
378.20000000,1.537631352517e+13,-2.310002730122e-02,-2.623720540512e-02,-1.786003700608e-02,-2.028558113343e-02,2.238312893194e-02,2.098403949127e-02
378.40000000,2.042070382415e+13,1.333634911513e-02,1.514753755593e-02,-2.269500962875e-03,-2.577718394374e-03,7.546274527436e-03,7.074583860781e-03
378.60000000,1.135434129156e+13,1.893307700115e-02,2.150434818767e-02,5.899905201830e-03,6.701162243421e-03,2.543110029957e-02,2.384149305557e-02
378.80000000,4.961201973374e+11,6.714133426897e-03,7.625969248510e-03,7.175331995562e-03,8.149802786282e-03,3.049820486130e-02,2.859187101000e-02
379.00000000,-6.010009809683e+12,4.199779649574e-03,4.770145068889e-03,5.111929661397e-03,5.806172958059e-03,4.835663658602e-03,4.533403595500e-03
379.20000000,6.219258665417e+12,3.773219805089e-03,4.285654807844e-03,7.507213206944e-04,8.526756274001e-04,-2.380828530675e-03,-2.232011443151e-03
379.40000000,4.991467664101e+12,-7.513045399158e-02,-8.533380189783e-02,-5.624216787292e-02,-6.388033009772e-02,-7.032407599067e-02,-6.592836918656e-02
379.60000000,-9.867306722564e+12,-7.240755946647e-02,-8.224111538191e-02,3.618837495505e-03,4.110306243977e-03,-5.802699325356e-02,-5.439993316819e-02
379.80000000,9.767066558781e+12,-5.278294423627e-03,-5.995131225410e-03,-1.346197410793e-02,-1.529022408462e-02,-6.124880584635e-02,-5.742036176358e-02
380.00000000,7.328635333468e+12,3.513397822701e-03,3.990546813736e-03,1.362392170215e-02,1.547416553227e-02,1.870550859955e-02,1.753629407000e-02
380.20000000,8.328084333465e+12,1.012293363887e-02,1.149771321575e-02,-5.805766343899e-03,-6.594238532136e-03,2.253095641674e-02,2.112262680801e-02
380.40000000,3.141779036396e+11,1.290764976230e-02,1.466061722329e-02,3.765009003633e-03,4.276329079569e-03,2.405604275633e-02,2.255238544788e-02
380.60000000,-7.846173970225e+12,-7.199572329406e-03,-8.177334839151e-03,-9.945313564004e-03,-1.129597128669e-02,8.573712096317e-03,8.037799977070e-03
380.80000000,-8.454113486269e+12,1.937561103203e-03,2.200698206405e-03,-1.312897901334e-02,-1.491200543893e-02,6.014869918042e-03,5.638901883594e-03
381.00000000,2.389180113571e+12,-1.273042936126e-02,-1.445932880040e-02,-9.078620997976e-03,-1.031157453769e-02,-1.195429926094e-02,-1.120707871293e-02
381.20000000,1.052767991096e+13,-6.260104591470e-02,-7.110279476390e-02,-5.038921332171e-02,-5.723249480049e-02,-6.222442253097e-02,-5.833499613399e-02
381.40000000,-8.760853568362e+12,-2.987922656861e-02,-3.393707698281e-02,-3.226582637485e-03,-3.664779857630e-03,-2.302850069545e-02,-2.158907137101e-02
381.60000000,-7.305438352057e+12,1.142829008561e-02,1.298034805308e-02,7.593164184698e-03,8.624380121703e-03,3.542530325000e-03,3.321099407721e-03
381.80000000,4.432127622031e+12,1.323244969251e-02,1.502952771735e-02,5.086956345907e-03,5.777808055043e-03,4.267943232100e-03,4.001169345055e-03
382.00000000,1.566528571773e+12,2.416486023515e-02,2.744665161248e-02,-2.805638633744e-03,-3.186668096853e-03,-1.113486041619e-02,-1.043886006347e-02
382.20000000,-1.146195115648e+13,-2.911342040540e-03,-3.306726789806e-03,4.245111980633e-03,4.821634102679e-03,-1.621701887710e-02,-1.520335095163e-02
382.40000000,-1.289472946368e+12,-2.784614765693e-02,-3.162788884572e-02,-1.469629423957e-02,-1.669217533290e-02,-3.206525530430e-02,-3.006097072706e-02
382.60000000,2.203322627948e+12,-3.013017111527e-02,-3.422210191072e-02,-1.476375395625e-02,-1.676879664983e-02,-3.977814299144e-02,-3.729175335405e-02
382.80000000,3.485058872347e+11,-5.271579346497e-02,-5.987504184297e-02,-2.176611945676e-02,-2.472214262768e-02,-5.644531526054e-02,-5.291712021701e-02
383.00000000,-1.275148868734e+13,-2.236676397129e-02,-2.540435874426e-02,-1.781166425943e-03,-2.023063895853e-03,-2.767284586283e-02,-2.594311511081e-02
383.20000000,3.350956232901e+12,-8.851919739023e-05,-1.005408493214e-04,1.971639068640e-03,2.239404334891e-03,-2.252392954170e-02,-2.111603915783e-02
383.40000000,2.219325189490e+12,1.285505919402e-02,1.460088441327e-02,5.570458813219e-03,6.326974248010e-03,3.631756821575e-03,3.404748674698e-03
383.60000000,6.208924348755e+12,2.235339283227e-02,2.538917169204e-02,1.128524575332e-02,1.281787760360e-02,8.279220467849e-03,7.761715968422e-03
383.80000000,1.583917202558e+12,-4.093795087794e-03,-4.649766911713e-03,-1.097842425987e-03,-1.246938715551e-03,-4.177502255447e-03,-3.916381510812e-03
384.00000000,-6.426843937574e+12,-3.390149098972e-02,-3.850559876135e-02,-3.311537002506e-02,-3.761271744163e-02,-2.795123313336e-02,-2.620410138742e-02
384.20000000,3.537270999000e+12,-1.532485971533e-03,-1.740610462977e-03,-2.940407324949e-02,-3.339739516512e-02,-8.333488587156e-03,-7.812591981427e-03
384.40000000,-3.236750558854e+12,1.012781075895e-02,1.150325268978e-02,-1.260094498952e-02,-1.431225992733e-02,3.557592765562e-03,3.335220348925e-03
384.60000000,-1.141822382085e+13,2.278307608286e-03,2.587720954403e-03,-4.011491128072e-03,-4.556285561828e-03,6.393130712368e-03,5.993518946753e-03
384.80000000,3.902674135742e+12,6.607933154197e-03,7.505346085058e-03,-3.853118755992e-03,-4.376404881736e-03,-8.565993258476e-03,-8.030563616211e-03
385.00000000,1.550584826040e+13,1.715436246903e-03,1.948406925346e-03,-6.789072092655e-03,-7.711085520670e-03,-1.946557228590e-03,-1.824884889014e-03
385.20000000,-7.954414854947e+11,-2.638035403280e-03,-2.996302811216e-03,-9.061378450164e-03,-1.029199030600e-02,-2.851960196129e-03,-2.673694351003e-03
385.40000000,-9.397585102155e+12,-6.882593382465e-03,-7.817307483706e-03,-1.804740179819e-02,-2.049839164947e-02,-1.830950530169e-02,-1.716504352383e-02
385.60000000,8.078662959504e+12,-2.622757227439e-02,-2.978949730524e-02,-3.258246305192e-02,-3.700743719297e-02,-4.258090683419e-02,-3.991932644000e-02
385.80000000,9.795206359372e+11,-5.311005545364e-02,-6.032284792757e-02,-6.187659156850e-02,-7.027995620027e-02,-7.533279568076e-02,-7.062401169915e-02
386.00000000,9.023393322136e+12,-7.624514973342e-02,-8.659988270204e-02,-7.028079238976e-02,-7.982551859543e-02,-1.012175891546e-01,-9.489083918919e-02
386.20000000,9.375253855939e+12,-4.420160874541e-02,-5.020455918806e-02,-5.164561010214e-03,-5.865952089324e-03,-5.730993120226e-02,-5.372769210448e-02
386.40000000,1.326370806746e+13,-7.393569094607e-03,-8.397677997630e-03,5.042662353977e-03,5.727498564267e-03,-1.956319395977e-02,-1.834036858186e-02
386.60000000,-8.611441515031e+12,-1.510145731569e-02,-1.715236230424e-02,-1.027788546566e-03,-1.167370926626e-03,-2.506325438316e-02,-2.349663987351e-02
386.80000000,1.217956633325e+13,-1.066552436787e-02,-1.211399233188e-02,-9.028830167922e-03,-1.025502169166e-02,-1.992699357548e-02,-1.868142838303e-02
387.00000000,-3.919295946569e+12,-2.024120379112e-02,-2.299012960415e-02,-1.131995849792e-02,-1.285730463260e-02,-1.640964643693e-02,-1.538393805072e-02
387.20000000,-3.621712349369e+12,-2.417041216864e-02,-2.745295754527e-02,-1.414240249540e-02,-1.606306040376e-02,-3.962818794453e-03,-3.715117146151e-03
387.40000000,-7.631908981418e+12,-2.296171871475e-02,-2.608011334868e-02,5.585029132448e-03,6.343523339860e-03,-9.665998262296e-03,-9.061811236280e-03
387.60000000,-1.814219502842e+13,-8.822990554647e-03,-1.002122692112e-02,1.725117554464e-02,1.959403113435e-02,-1.967072251518e-02,-1.844117591135e-02
387.80000000,2.470689175090e+12,-4.072735704421e-03,-4.625847486855e-03,9.087394938051e-03,1.032154005306e-02,-8.730397174668e-03,-8.184691230826e-03
388.00000000,-1.386382349519e+13,5.051563956557e-03,5.737608852881e-03,1.280068377047e-02,1.453912492459e-02,-2.424106333590e-02,-2.272584105188e-02
388.20000000,-7.454243398473e+12,-1.006746140947e-02,-1.143470739078e-02,7.484958368890e-03,8.501479040651e-03,-3.226601257668e-02,-3.024917937941e-02
388.40000000,-1.986899964983e+12,-3.828891139427e-03,-4.348886777881e-03,1.022906217735e-02,1.161825536234e-02,6.435902530123e-03,6.033617250953e-03
388.60000000,1.476005698308e+13,-2.304226705465e-03,-2.617160083098e-03,8.304944413947e-03,9.432826127985e-03,6.116362648039e-03,5.734050665555e-03
388.80000000,-7.096070758585e+12,-5.759905902912e-03,-6.542149596544e-03,2.283632769433e-03,2.593769419824e-03,-1.284924180534e-02,-1.204608159547e-02
389.00000000,-8.740276216212e+12,-9.595426470090e-03,-1.089856613425e-02,-7.879957037628e-03,-8.950121870425e-03,-1.606895428714e-02,-1.506454135032e-02
389.20000000,-5.702965156652e+12,-1.315233327971e-02,-1.493853082148e-02,1.463527946851e-05,1.662287424019e-05,-4.286052710693e-02,-4.018146864825e-02
389.40000000,-9.446176570811e+12,-1.352405830034e-02,-1.536073922813e-02,-9.605446722332e-03,-1.090994765253e-02,-3.299450484342e-02,-3.093213619662e-02
389.60000000,-2.874541707374e+11,-2.756941872079e-03,-3.131357779126e-03,5.704419086172e-03,6.479127459379e-03,-1.346149272454e-02,-1.262006289657e-02
389.80000000,-1.636713144987e+13,1.082198523827e-03,1.229170190516e-03,1.246783986449e-02,1.416107800020e-02,-2.545227049812e-03,-2.386133998061e-03
390.00000000,-1.042283582774e+13,1.642620383835e-02,1.865702055297e-02,1.380119808985e-02,1.567551755323e-02,1.150531562808e-02,1.078615944327e-02
390.20000000,7.251443763356e+12,6.698478565523e-03,7.608188325221e-03,-5.636642018756e-03,-6.402145692790e-03,8.834470520155e-03,8.282259323220e-03
390.40000000,2.783366949585e+11,1.333127685262e-02,1.514177643748e-02,7.011196039864e-03,7.963375779155e-03,1.143788536613e-02,1.072294400615e-02
390.60000000,8.530531011130e+12,2.280755302107e-02,2.590501065643e-02,1.605337091665e-02,1.823355450405e-02,5.677243497143e-03,5.322379284319e-03
390.80000000,-3.077862600533e+11,-4.923906158226e-03,-5.592614051242e-03,-2.295381642062e-02,-2.607113888754e-02,-1.775477481917e-02,-1.664498726237e-02
391.00000000,1.348261598232e+13,-4.350904256560e-02,-4.941793669280e-02,-3.601327487424e-02,-4.090418228658e-02,-4.115883795892e-02,-3.858614601073e-02
391.20000000,1.784863677204e+13,-4.213418848279e-02,-4.785636585557e-02,-4.701871819806e-03,-5.340425792352e-03,-1.241171536729e-02,-1.163590337229e-02
391.40000000,-8.072437104511e+12,-1.047256611622e-02,-1.189482872582e-02,-1.088770433148e-02,-1.236634669334e-02,-1.891621135301e-02,-1.773382654694e-02
391.60000000,-4.481697616884e+12,5.243777155730e-03,5.955926222057e-03,1.103651327110e-02,1.253536514593e-02,6.201421542329e-03,5.813792832179e-03
391.80000000,-3.280973784569e+12,6.447452610799e-03,7.323070933356e-03,1.746522478185e-02,1.983715006890e-02,1.843924918068e-02,1.728667757637e-02
392.00000000,-7.979042590068e+12,4.825510853717e-04,5.480855836348e-04,2.660208399216e-02,3.021487206087e-02,1.447380642954e-02,1.356910048769e-02
392.20000000,-2.878536083528e+12,-1.051056886768e-02,-1.193799257074e-02,-1.507291455305e-02,-1.711994387129e-02,-1.342758215916e-02,-1.258827195951e-02
392.40000000,8.882052522200e+12,-4.063357168089e-02,-4.615195266365e-02,-5.766872822399e-02,-6.550062941364e-02,-5.022335725270e-02,-4.708407458043e-02
392.60000000,-1.182735517105e+13,-1.424365079671e-02,-1.617805844118e-02,-2.526807056394e-02,-2.869968832290e-02,-5.925633437707e-02,-5.555243256907e-02
392.80000000,-9.061358669535e+12,-1.313903323765e-02,-1.492342452178e-02,-2.233972469493e-02,-2.537364831008e-02,-3.918031137642e-02,-3.673129005793e-02
393.00000000,8.403472417117e+12,-2.199512437446e-02,-2.498224736268e-02,-1.962621337056e-02,-2.229161919065e-02,-3.750740906694e-02,-3.516295489648e-02
393.20000000,8.680853809406e+12,-2.757026597976e-02,-3.131454011513e-02,-7.645391394930e-03,-8.683700228943e-03,-2.457068830489e-02,-2.303486234142e-02
393.40000000,-1.591003008892e+13,-1.148882892015e-02,-1.304910857080e-02,7.750466012488e-03,8.803044868533e-03,-1.173778513107e-02,-1.100409810797e-02
393.60000000,1.249016210346e+12,-7.742748103965e-04,-8.794278454942e-04,5.572677666413e-03,6.329494440240e-03,-1.458245997326e-02,-1.367096248649e-02
393.80000000,-1.147593338164e+13,4.321655654953e-03,4.908572861436e-03,-1.170550820974e-02,-1.329521525716e-02,-2.987490461947e-02,-2.800753103997e-02
394.00000000,7.430116750939e+11,4.461088710098e-03,5.066942098857e-03,-1.826198818001e-02,-2.074212067742e-02,-5.374912352602e-02,-5.038945779746e-02
394.20000000,-1.772010781702e+12,-4.213427009376e-03,-4.785645855000e-03,-2.864872097705e-02,-3.253945966355e-02,-3.104415484115e-02,-2.910369560666e-02
394.40000000,-5.505324546787e+12,-5.994004196337e-03,-6.808040408251e-03,-1.764558963440e-02,-2.004200999438e-02,-3.511226848047e-02,-3.291752599302e-02
394.60000000,-1.271391411759e+13,-4.122312253001e-03,-4.682156947940e-03,-1.096736840312e-02,-1.245682981989e-02,-2.799536436214e-02,-2.624547413071e-02
394.80000000,-2.614647688266e+12,8.329575648985e-04,9.460802118985e-04,-2.315099521943e-03,-2.629509623543e-03,-1.885209274300e-02,-1.767371576222e-02
395.00000000,-1.054437016191e+13,7.759226383798e-03,8.812994623854e-03,-1.396234756519e-02,-1.585855249070e-02,-9.706020575150e-03,-9.099331897310e-03
395.20000000,1.166996586904e+12,9.127485280198e-03,1.036707459285e-02,-1.093073299373e-02,-1.241521901196e-02,4.623030489258e-05,4.334061366113e-05
395.40000000,3.075424183554e+13,-7.832120899761e-03,-8.895788828521e-03,-2.849044143202e-02,-3.235968441720e-02,-1.758172889738e-02,-1.648275782306e-02
395.60000000,-8.119948845677e+11,-9.926943860464e-03,-1.127510637610e-02,-1.099410273098e-02,-1.248719489566e-02,-1.326799307234e-02,-1.243865821648e-02
395.80000000,-3.015105530322e+12,7.725714830668e-03,8.774931919794e-03,-4.885186982870e-03,-5.548636705469e-03,-1.474147529975e-02,-1.382003833290e-02
396.00000000,1.040259570862e+13,-1.948987680967e-03,-2.213676609589e-03,5.616503406565e-03,6.379272086685e-03,-2.970249609344e-02,-2.784589915508e-02
396.20000000,3.198413549401e+12,-7.158714693564e-03,-8.130928392528e-03,-1.000377151986e-02,-1.136236832753e-02,-2.210617881934e-02,-2.072440054099e-02
396.40000000,-5.257382586433e+12,-1.161554127952e-02,-1.319302953491e-02,-1.025374148464e-02,-1.164628632835e-02,-1.432684772916e-02,-1.343132765076e-02
396.60000000,4.165825891212e+11,-4.325065072247e-03,-4.912445306289e-03,-7.563403215891e-03,-8.590577361544e-03,-3.309459478042e-03,-3.102596986916e-03
396.80000000,-2.781101529434e+12,-1.411924024955e-02,-1.603675189475e-02,-3.774461872051e-03,-4.287065727492e-03,-3.899900513473e-03,-3.656131662180e-03
397.00000000,-7.876002534596e+12,9.651224627958e-03,1.096194215153e-02,1.421171018535e-02,1.614178066437e-02,1.759132790839e-02,1.649175683418e-02
397.20000000,-1.007054187583e+13,2.149424904253e-02,2.441334894560e-02,4.508696474366e-02,5.121015600673e-02,1.203532431607e-02,1.128303918128e-02
397.40000000,-9.305474543759e+12,1.337320319625e-02,1.518939673139e-02,4.344922676024e-02,4.934999934936e-02,1.046006433250e-04,9.806243072741e-05
397.60000000,-1.810736653686e+13,-1.255998720968e-02,-1.426573917030e-02,4.358878359005e-03,4.950850917736e-03,-1.741021850429e-02,-1.632196793204e-02
397.80000000,1.545940312478e+13,-5.506973970100e-04,-6.254867378724e-04,5.637664144014e-03,6.403306631306e-03,-5.628990625239e-03,-5.277142527086e-03
398.00000000,-1.411936808753e+12,-5.568401183115e-04,-6.324636924202e-04,1.315849789996e-02,1.494553324010e-02,-3.781080201373e-03,-3.544738383383e-03
398.20000000,-3.265545452960e+11,7.456754999608e-03,8.469445080267e-03,2.203706042198e-02,2.502987966823e-02,6.578235837391e-03,6.167053811576e-03
398.40000000,-4.212468192252e+12,-5.887646965045e-03,-6.687238969909e-03,1.417609763331e-02,1.610133162646e-02,-5.828781149330e-03,-5.464444859136e-03
398.60000000,1.797397233311e+13,-5.940639561317e-04,-6.747428406706e-04,1.476860653928e-02,1.677430825469e-02,-2.823334812654e-03,-2.646858238003e-03
398.80000000,1.804112564661e+13,-4.377919611894e-02,-4.972477937214e-02,-2.273368812793e-02,-2.582111531034e-02,-2.681762909731e-02,-2.514135489061e-02
399.00000000,-2.154739526554e+12,-5.431188943596e-03,-6.168790107863e-03,3.423407139725e-03,3.888334792476e-03,-3.194845630045e-02,-2.995147241175e-02
399.20000000,8.663857895656e+12,-9.652487282915e-03,-1.096337628565e-02,4.204105256265e-03,4.775058318211e-03,-1.501718541544e-02,-1.407851479404e-02
399.40000000,8.147032222990e+12,9.041173502337e-03,1.026904094921e-02,-1.944763711181e-04,-2.208879076510e-04,-6.805020077753e-03,-6.379662579108e-03
399.60000000,-3.939776537011e+12,1.036701796365e-02,1.177494624591e-02,1.511080285706e-02,1.716297772752e-02,-1.411103948166e-02,-1.322900880598e-02
399.80000000,4.128390298314e+11,3.678774045324e-03,4.178382519102e-03,1.658986121660e-02,1.884290472562e-02,-2.410567920955e-02,-2.259891930370e-02
400.00000000,4.317456032768e+12,-2.831277829377e-03,-3.215789184993e-03,-1.995287718955e-03,-2.266264671994e-03,-1.445345671547e-02,-1.355002276157e-02
400.20000000,-8.470745506788e+12,-5.555368546068e-03,-6.309834345373e-03,-1.114560197946e-02,-1.265926902381e-02,-2.433728274630e-02,-2.281604613061e-02
400.40000000,3.367002324148e+12,-5.177606655824e-03,-5.880769211410e-03,-8.861048335282e-03,-1.006445366666e-02,-2.517575373359e-02,-2.360210729136e-02
400.60000000,1.075822153330e+13,-6.131393311789e-04,-6.964088121764e-04,-1.159652020330e-02,-1.317142575737e-02,-2.409462858022e-02,-2.258855940973e-02
400.80000000,5.845017331032e+12,2.180451098015e-02,2.476574706534e-02,1.643451467561e-02,1.866646081008e-02,1.087488643664e-02,1.019513612880e-02
401.00000000,8.078939042208e+12,1.551748869664e-03,1.762489424781e-03,5.914831370725e-04,6.718115512337e-04,-1.341390559110e-02,-1.257545026487e-02
401.20000000,1.263689591846e+13,-1.281095290910e-02,-1.455078812369e-02,-2.363403578033e-03,-2.684373779118e-03,-2.657801109719e-02,-2.491671455580e-02
401.40000000,7.467876515465e+12,-1.003281344998e-02,-1.139535394681e-02,-6.974963146042e-03,-7.922222151809e-03,-1.687212062422e-02,-1.581750462845e-02
401.60000000,5.480206543188e+12,-1.080297493760e-02,-1.227010984568e-02,2.530924780565e-03,2.874645778242e-03,1.428515015931e-03,1.339223644707e-03
401.80000000,8.596944440152e+12,-1.302073917844e-03,-1.478906513383e-03,5.955623522463e-03,6.764447583391e-03,1.798499883486e-02,1.686082079716e-02
402.00000000,2.255257459287e+13,4.277197720211e-02,4.858077165023e-02,4.433159865223e-02,5.035220480944e-02,7.778739920766e-02,7.292518672703e-02
402.20000000,-2.117315257815e+13,2.901492572183e-02,3.295539680759e-02,1.271275084273e-02,1.443924996132e-02,1.436060967651e-02,1.346297925938e-02
402.40000000,5.941805003810e+12,4.027644462960e-03,4.574632475343e-03,-7.529536810847e-03,-8.552111612174e-03,7.453481537125e-03,6.987591028853e-03
402.60000000,-2.085936299313e+12,-1.137450315817e-02,-1.291925640826e-02,-7.549911107567e-03,-8.575252910761e-03,-1.153738267146e-02,-1.081622209031e-02
402.80000000,5.987254626452e+11,-1.754740722139e-02,-1.993049279083e-02,9.076531717152e-03,1.030920151485e-02,-1.606344674874e-03,-1.505937806847e-03
403.00000000,1.915317817821e+13,-1.446592743257e-02,-1.643052211474e-02,1.051780549183e-02,1.194621246179e-02,9.895881421535e-03,9.277325220341e-03
403.20000000,8.101014701110e+12,-2.709305803125e-03,-3.077252331130e-03,2.351990640665e-02,2.671410868300e-02,9.948201514225e-03,9.326374970916e-03
403.40000000,-6.377957215692e+12,1.952932255227e-02,2.218156890228e-02,3.517290312398e-02,3.994968094281e-02,4.176713916642e-02,3.915642448250e-02
403.60000000,1.243276153306e+13,8.218691174723e-02,9.334858599974e-02,2.425983211274e-02,2.755452255999e-02,5.193948113474e-02,4.869292968832e-02
403.80000000,-1.066647997150e+13,5.917632687575e-02,6.721297005901e-02,1.675219216406e-02,1.902728158912e-02,1.711684713983e-03,1.604693416369e-03
404.00000000,-1.438289317172e+12,-1.184410598194e-02,-1.345263524739e-02,-1.921647972486e-02,-2.182624024937e-02,-1.980424118424e-02,-1.856634880532e-02
404.20000000,-5.106000212679e+12,-4.287785686821e-03,-4.870103066600e-03,9.864469209335e-03,1.120414758469e-02,-1.133218888470e-02,-1.062385423424e-02
404.40000000,1.029713496273e+13,4.078644915994e-03,4.632559219090e-03,2.342752079202e-02,2.660917632029e-02,9.535600969652e-03,8.939564612642e-03
404.60000000,-2.142643915590e+12,2.114920642850e-03,2.402144664091e-03,2.549051861762e-02,2.895234670426e-02,5.219602984428e-03,4.893344245438e-03
404.80000000,-2.773099162976e+12,1.868600546387e-03,2.122372225642e-03,1.444800488019e-02,1.641016617790e-02,-1.301189586496e-02,-1.219856873080e-02
405.00000000,-7.866911268940e+12,-2.351619805397e-02,-2.670989564834e-02,-3.279214382453e-02,-3.724559438847e-02,-3.440583957572e-02,-3.225525343586e-02
405.20000000,-1.459436927127e+12,-9.519533055091e-02,-1.081236575482e-01,-7.232280960718e-02,-8.214485902713e-02,-7.789385836810e-02,-7.302499150560e-02
405.40000000,4.873481053750e+10,-1.061998416790e-02,-1.206226738951e-02,-2.263113364431e-02,-2.570463306021e-02,2.087796951360e-02,1.957296221198e-02
405.60000000,-3.172889070267e+12,1.864744393308e-04,2.117992374528e-04,-4.093355615244e-03,-4.649267938959e-03,5.326699063474e-03,4.993746131112e-03
405.80000000,1.196304871743e+13,-3.510875569833e-03,-3.987682017702e-03,1.164936024062e-02,1.323144191880e-02,6.520318585134e-03,6.112756759886e-03
406.00000000,-6.202706567378e+12,-8.937461834579e-03,-1.015124436419e-02,1.692958988878e-02,1.922877142570e-02,-1.114019231324e-02,-1.044385868268e-02
406.20000000,5.399315335886e+12,-2.678356049305e-02,-3.042099340287e-02,1.391716510335e-03,1.580723386829e-03,-2.736227491076e-02,-2.565195683965e-02
406.40000000,4.320884721441e+12,-2.348499427401e-02,-2.667445413246e-02,-1.133591260376e-02,-1.287542544099e-02,-9.638574125998e-03,-9.036101284787e-03
406.60000000,6.579047184950e+12,-4.492842319171e-03,-5.103008115261e-03,-1.632429259217e-02,-1.854126963519e-02,-2.502606334988e-03,-2.346177351887e-03
406.80000000,9.231120727611e+11,6.600733323969e-03,7.497168457297e-03,-1.206117667697e-02,-1.369918651132e-02,-5.462853730242e-03,-5.121390255982e-03
407.00000000,2.962903562711e+12,2.229500046970e-02,2.532284915524e-02,-9.622193008905e-03,-1.092896822650e-02,3.717742968516e-03,3.485360134723e-03
407.20000000,-3.174320103044e+12,-5.810834752285e-03,-6.599995012249e-03,-2.299537854488e-02,-2.611834549991e-02,-1.026240007600e-02,-9.620934102863e-03
407.40000000,6.637764003344e+12,-1.648568251653e-02,-1.872457693619e-02,-1.295182533237e-02,-1.471079278930e-02,-1.793031691416e-02,-1.680955684801e-02
407.60000000,5.754588130246e+12,-2.952974549733e-02,-3.354013344103e-02,-1.869422289810e-02,-2.123305652707e-02,-2.768358557553e-02,-2.595318352243e-02
407.80000000,1.030999099391e+13,6.265231730114e-03,7.116102923609e-03,1.285281659107e-02,1.459833782329e-02,-2.052613852200e-05,-1.924312291868e-05
408.00000000,6.282368254224e+12,2.188195192998e-02,2.485370514785e-02,2.018007244136e-02,2.292069700909e-02,2.338100108526e-02,2.191953822052e-02
408.20000000,2.370347048544e+12,1.118623212764e-02,1.270541658740e-02,1.351311225633e-03,1.534830722622e-03,1.182287145586e-02,1.108386599051e-02
408.40000000,2.067347251926e+13,-1.572377117962e-02,-1.785919162793e-02,-2.530099951359e-02,-2.873708930250e-02,-1.672900010042e-02,-1.568333005739e-02
408.60000000,-2.490981390380e+12,-2.127968087760e-02,-2.416964061819e-02,-4.648166184264e-02,-5.279426477136e-02,-2.509427999598e-02,-2.352572618608e-02
408.80000000,1.788031002769e+13,-2.632094235921e-02,-2.989554783333e-02,-6.541597018259e-02,-7.430001237450e-02,-3.832166556329e-02,-3.592631512763e-02
409.00000000,1.295207472210e+13,1.006644364062e-02,1.143355140034e-02,-2.007041534655e-02,-2.279614755307e-02,5.406797093354e-03,5.068837519242e-03
409.20000000,-8.022092426293e+12,1.474769320421e-02,1.675055404935e-02,-3.340880677924e-03,-3.794600538960e-03,1.143120746916e-02,1.071668352066e-02
409.40000000,-3.577800293135e+12,2.549752253413e-02,2.896030066658e-02,-2.426258533901e-03,-2.755764969768e-03,1.028489763990e-02,9.642025424395e-03
409.60000000,1.924768988604e+13,1.601776973211e-02,1.819311765797e-02,3.877741566950e-03,4.404371678740e-03,7.139273018452e-03,6.693022562381e-03
409.80000000,-1.149051922502e+13,-6.745235260838e-03,-7.661294973235e-03,9.669570000504e-04,1.098277941439e-03,-8.360808865005e-03,-7.838204566291e-03
410.00000000,5.276075601515e+12,-5.541517996022e-03,-6.294102774072e-03,-8.578726243015e-03,-9.743789845726e-03,-1.438411034135e-02,-1.348501098159e-02
410.20000000,-9.178432173732e+12,-3.846909111283e-03,-4.369351741943e-03,-3.554758500965e-02,-4.037524779848e-02,1.699049499625e-02,1.592847984130e-02
410.40000000,4.630479875440e+12,-1.626514349222e-03,-1.847408685645e-03,-1.460441900385e-02,-1.658782266287e-02,5.196446294889e-03,4.871634997850e-03
410.60000000,5.284765129568e+12,1.987880995180e-02,2.257851963175e-02,-1.045356546173e-02,-1.187324809211e-02,1.230967720530e-02,1.154024325134e-02
410.80000000,7.955398401472e+12,2.761408090295e-02,3.136430547361e-02,1.623573726387e-02,1.844068774410e-02,3.480393151182e-02,3.262846206695e-02
411.00000000,-2.009281435978e+13,1.301236682144e-02,1.477955574030e-02,9.429566572865e-05,1.071018149081e-04,-6.249654916526e-04,-5.859011310433e-04
411.20000000,1.806262002632e+13,-1.612871351949e-02,-1.831912854530e-02,-1.010187240005e-02,-1.147379213721e-02,-1.716545918391e-02,-1.609250764253e-02
411.40000000,-8.561517922976e+12,-2.904982571666e-02,-3.299503651542e-02,-1.247128261146e-02,-1.416498830134e-02,-9.982345048997e-03,-9.358384315283e-03
411.60000000,1.750222593950e+13,-1.913795852584e-02,-2.173705434757e-02,-3.082875660697e-02,-3.501556257584e-02,-2.476806700908e-02,-2.321990360782e-02
411.80000000,5.360247326859e+12,-2.760333648524e-02,-3.135210187355e-02,-2.152672318414e-02,-2.445023431587e-02,-1.083416915826e-02,-1.015696394205e-02
412.00000000,1.296658979966e+12,-1.562269724013e-02,-1.774439099687e-02,-2.035110407064e-02,-2.311495618061e-02,1.108288136771e-02,1.039013003965e-02
412.20000000,1.551731990678e+11,-1.229910391904e-02,-1.396942573335e-02,-8.522885556889e-03,-9.680365521992e-03,-1.646519997683e-03,-1.543601913727e-03
412.40000000,-7.517031409846e+12,-8.795956996006e-03,-9.990521977720e-03,1.712900627343e-03,1.945527024252e-03,8.592705170162e-04,8.055605861712e-04
412.60000000,-2.372172247446e+12,-5.310199279143e-03,-6.031369028798e-03,5.928901462437e-05,6.734096441584e-05,9.285191132085e-03,8.704806999599e-03
412.80000000,1.173623891947e+13,3.768800941878e-03,4.280635825822e-03,8.335589664642e-04,9.467633262997e-04,1.738458678359e-02,1.629793835864e-02
413.00000000,-5.638281263016e+12,8.140169753551e-03,9.245673309017e-03,4.361569890750e-03,4.953907982263e-03,1.445885351581e-02,1.355508222719e-02
413.20000000,-6.042920229782e+12,-5.702120791370e-03,-6.476516780569e-03,-1.631729125918e-03,-1.853331746194e-03,-2.458509698567e-02,-2.304837038703e-02
413.40000000,-4.962254304454e+12,-1.152602736950e-02,-1.309135888262e-02,-1.734838726780e-03,-1.970444503195e-03,-1.834020589772e-02,-1.719382513526e-02
413.60000000,1.418318625106e+13,-1.569030425455e-02,-1.782117961279e-02,-2.643060595180e-02,-3.002010585187e-02,-2.287771002946e-02,-2.144770609094e-02
413.80000000,-7.504853995527e+12,-5.890536021673e-03,-6.690520384740e-03,-6.726902524014e-03,-7.640472798632e-03,1.167200792946e-02,1.094243240428e-02
414.00000000,-7.529719263161e+12,3.302352032612e-03,3.750839229314e-03,1.416573671859e-03,1.608956361188e-03,2.834476685470e-02,2.657303672147e-02
414.20000000,-7.567214816684e+11,1.816675429758e-02,2.063395241203e-02,9.722031151041e-03,1.104236523301e-02,3.363785573908e-02,3.153527352573e-02
414.40000000,2.781116182170e+12,7.841585096408e-03,8.906538342719e-03,2.271643952888e-03,2.580152420563e-03,1.625535460248e-02,1.523929044774e-02
414.60000000,1.809162239479e+12,-8.197024740738e-03,-9.310249681921e-03,-1.292534959311e-02,-1.468072142066e-02,-8.889552732305e-03,-8.333898543033e-03
414.80000000,9.318338767290e+12,-1.801157969899e-02,-2.045770379709e-02,-2.866956945035e-02,-3.256313953591e-02,-3.220321217208e-02,-3.019030440380e-02
415.00000000,-8.140658656847e+12,-7.307374398578e-03,-8.299777336516e-03,-2.995963601963e-02,-3.402840805969e-02,-1.056078565367e-02,-9.900668663851e-03
415.20000000,-1.369860985796e+13,3.450959640384e-03,3.919629000818e-03,-1.856015522984e-02,-2.108078133521e-02,-1.338994845778e-03,-1.255299060638e-03
415.40000000,1.332613784664e+13,-1.317875527341e-02,-1.496854114428e-02,-9.421655867501e-03,-1.070119644468e-02,1.363773073312e-02,1.278528489673e-02
415.60000000,-1.813481178586e+13,-9.299435898408e-03,-1.056237755205e-02,-6.328992443695e-03,-7.188523162953e-03,-7.442053186125e-03,-6.976877023253e-03
415.80000000,2.979068721663e+13,-3.146690165883e-03,-3.574037171123e-03,-2.920961506767e-03,-3.317652791702e-03,-4.865895530072e-03,-4.561745780668e-03
416.00000000,3.652083944830e+12,3.651823147467e-03,4.147771462513e-03,1.136563057873e-04,1.290917936843e-04,-1.159686571361e-02,-1.087198705995e-02
416.20000000,2.212972991036e+13,1.397421236738e-02,1.587202800571e-02,-6.920740909105e-03,-7.860636076357e-03,-1.542364226072e-02,-1.445956547372e-02
416.40000000,1.202406837104e+13,-2.323868172193e-02,-2.639469026299e-02,-4.977569495171e-02,-5.653565544527e-02,-3.404818797638e-02,-3.191995736052e-02
416.60000000,2.951324135881e+13,-4.491880412103e-02,-5.101915573119e-02,-8.698151899167e-02,-9.879434516365e-02,-5.919202074709e-02,-5.549213895438e-02
416.80000000,-4.659932008437e+12,-2.992330213481e-02,-3.398713838181e-02,-4.332475353786e-02,-4.920862161029e-02,-3.115348828613e-02,-2.920619500852e-02
417.00000000,8.660560758173e+12,-8.127354657894e-03,-9.231117815524e-03,-1.204870975454e-02,-1.368502647535e-02,9.126576263500e-03,8.556106579903e-03
417.20000000,-3.129343692707e+12,6.186334420694e-03,7.026490695617e-03,-2.790567331711e-03,-3.169549984495e-03,4.862213581153e-03,4.558293977225e-03
417.40000000,6.150901979176e+12,1.111060115083e-02,1.261951428747e-02,8.339164006888e-03,9.471693031156e-03,1.266678065584e-02,1.187502544070e-02
417.60000000,-1.603227131237e+13,4.651070090283e-03,5.282724549244e-03,3.986411590754e-03,4.527800011161e-03,-3.831127493083e-03,-3.591657397649e-03
417.80000000,-1.859652820266e+12,2.853693141150e-03,3.241248684740e-03,3.390830377477e-03,3.851333830304e-03,-4.743874045745e-03,-4.447351423486e-03
418.00000000,-4.442733056086e+12,1.861691042934e-02,2.114524353473e-02,-6.501840256091e-03,-7.384845170623e-03,1.010659141725e-02,9.474864486842e-03
418.20000000,-1.717614836239e+13,1.221541163680e-03,1.387436733488e-03,2.714626301162e-02,3.083295519511e-02,-1.250951185994e-03,-1.172758695550e-03
418.40000000,-3.856914292071e+12,8.495921082254e-03,9.649738661953e-03,1.846963832718e-02,2.097797147136e-02,1.248505680388e-02,1.170466049764e-02
418.60000000,5.326846396091e+12,1.671482944794e-03,1.898484394925e-03,-3.937607911727e-03,-4.472368379627e-03,3.014854432479e-02,2.826406650470e-02
418.80000000,-1.122226859834e+13,-7.808869322242e-03,-8.869379491104e-03,-4.882685888660e-03,-5.545795941504e-03,4.449800412453e-03,4.171659282628e-03
419.00000000,-1.445661192944e+13,-7.471288583880e-03,-8.485952447589e-03,-7.375236525280e-03,-8.376856042394e-03,-2.955345383857e-03,-2.770617299921e-03
419.20000000,-1.155403010041e+13,4.735236147671e-03,5.378321065517e-03,7.357124179633e-03,8.356283886973e-03,-8.852086980382e-03,-8.298774641441e-03
419.40000000,1.828807322666e+13,7.163702815274e-03,8.136593943144e-03,1.610694796971e-02,1.829440777419e-02,-9.816186902700e-03,-9.202612121222e-03
419.60000000,7.685736936445e+12,2.281996276697e-02,2.591910575025e-02,2.080265393871e-02,2.362783034104e-02,1.289464733760e-02,1.208864899009e-02
419.80000000,1.907085803943e+12,1.755579432245e-02,1.994001893080e-02,6.680243733859e-04,7.587477350030e-04,-7.186943550397e-03,-6.737713379645e-03
420.00000000,-5.278409256644e+12,7.465297364202e-03,8.479147569860e-03,1.019877929650e-04,1.158385981011e-04,3.869679233954e-03,3.627799406900e-03
420.20000000,-1.059904716024e+13,1.240241062641e-02,1.408676236095e-02,1.601145097912e-02,1.818594148435e-02,2.529643298163e-02,2.371524331066e-02
420.40000000,1.105535789491e+13,2.091983025323e-02,2.376091925074e-02,7.497178537255e-03,8.515358811266e-03,1.039282589111e-02,9.743207466125e-03
420.60000000,-1.116878581094e+12,1.014507098016e-02,1.152285699428e-02,-6.100456993916e-03,-6.928950665607e-03,1.895992018730e-03,1.777480329812e-03
420.80000000,6.674357222657e+12,3.775168482249e-03,4.287868131760e-03,-1.802848347923e-03,-2.047690406274e-03,-8.943290812756e-03,-8.384277648019e-03
421.00000000,3.473134111439e+12,-1.733231826260e-02,-1.968619294136e-02,-2.140603302430e-02,-2.431315341124e-02,-5.605609991645e-02,-5.255223333387e-02
421.20000000,5.664044512118e+12,-2.562779075547e-02,-2.910826040863e-02,-3.650402457450e-02,-4.146157994804e-02,-4.275641689294e-02,-4.008386599187e-02
421.40000000,8.386970268402e+12,-4.062067161465e-03,-4.613730065986e-03,-7.141468756633e-03,-8.111340633011e-03,9.166883352330e-04,8.593894216583e-04
421.60000000,5.963090593815e+12,6.000673541269e-03,6.815615506352e-03,1.678788735633e-02,1.906782449050e-02,1.482769189128e-02,1.390086583324e-02
421.80000000,8.871214395651e+12,-3.897124920258e-03,-4.426387280365e-03,1.416593077682e-02,1.608978402485e-02,1.362533845540e-02,1.277366721603e-02
422.00000000,3.873461119701e+12,-1.889925512732e-02,-2.146593301875e-02,5.562164975219e-03,6.317554036640e-03,-1.258799178831e-02,-1.180116138387e-02
422.20000000,5.365324728170e+12,-1.295892506082e-02,-1.471885613886e-02,-1.551712654827e-02,-1.762448361364e-02,-3.269147798292e-02,-3.064805046281e-02
422.40000000,-5.765101833636e+11,1.064536429996e-02,1.209109435708e-02,-7.836794685206e-03,-8.901097705376e-03,-2.527559502998e-02,-2.369570786494e-02
422.60000000,4.116259019912e+12,-2.786419374766e-03,-3.164838574743e-03,-3.069735495736e-02,-3.486631547051e-02,-3.405831259490e-02,-3.192944912529e-02
422.80000000,-2.022078032973e+12,-1.519137046269e-02,-1.725448641326e-02,-5.005668361508e-02,-5.685480474639e-02,-5.630163678817e-02,-5.278242257275e-02
423.00000000,1.258036239423e+13,-2.144123282113e-03,-2.435313267518e-03,-2.785911385712e-02,-3.164261721639e-02,-3.998606234494e-02,-3.748667641141e-02
423.20000000,4.028192004345e+10,-1.479517344168e-02,-1.680448250263e-02,-1.521817468552e-02,-1.728493155869e-02,-1.053455220113e-02,-9.876074970734e-03
423.40000000,1.673988789791e+13,-1.833400192327e-04,-2.082391367270e-04,2.426121001623e-04,2.755608759448e-04,3.652844944566e-03,3.424518654444e-03
423.60000000,-1.328173093993e+13,-6.641471878791e-03,-7.543439650694e-03,-2.060085723899e-03,-2.339862794222e-03,-1.599092076224e-02,-1.499138542234e-02
423.80000000,-3.760900092562e+12,-5.588729252126e-03,-6.347725716058e-03,-1.186325776126e-02,-1.347438853239e-02,-1.857868433045e-02,-1.741739713297e-02
424.00000000,-9.570416205798e+11,-4.321359081065e-03,-4.908236010317e-03,-2.811245501738e-02,-3.193036424957e-02,-4.992256500914e-02,-4.680208378563e-02
424.20000000,1.337649728791e+13,1.113039491672e-02,1.264199621334e-02,-3.088237595643e-02,-3.507646388660e-02,-2.720101037440e-02,-2.550077237345e-02
424.40000000,1.089610748697e+13,4.751368442891e-02,5.396644262188e-02,-2.080753126277e-02,-2.363337004696e-02,-1.346779312501e-02,-1.262596948152e-02
424.60000000,1.537318799479e+13,5.092602768365e-02,5.784221080691e-02,7.420102304226e-03,8.427814973701e-03,1.436014641435e-02,1.346254495407e-02
424.80000000,-3.328426302155e+12,3.241377039020e-02,3.681583318462e-02,1.950853707268e-02,2.215796145594e-02,3.072917755484e-02,2.880840642547e-02
425.00000000,-9.897048669824e+12,2.224632783658e-02,2.526756636894e-02,1.648509428289e-02,1.872390955595e-02,2.998103644792e-02,2.810702894691e-02
425.20000000,7.378012363564e+12,2.065423949777e-02,2.345925903563e-02,9.165889884157e-03,1.041069527694e-02,1.516557203534e-02,1.421762629634e-02
425.40000000,3.522384840811e+12,3.500973142102e-02,3.976434756953e-02,2.031010226460e-02,2.306838598243e-02,3.963271747509e-02,3.715541786729e-02
425.60000000,-9.502639115203e+12,2.496117989974e-02,2.835111818889e-02,1.779578207439e-03,2.021259983840e-03,1.240635175607e-02,1.163087502126e-02
425.80000000,3.219518291244e+12,1.137551445296e-02,1.292040504538e-02,-1.671199848221e-02,-1.898162926523e-02,1.028799406018e-02,9.644928298502e-03
426.00000000,9.549308188016e+12,6.197754167405e-03,7.039461340033e-03,5.276848255521e-03,5.993488892532e-03,-1.193076523802e-02,-1.118501571773e-02
426.20000000,-1.011482831464e+13,1.754136924587e-02,1.992363480742e-02,2.997247019142e-02,3.404298522060e-02,3.085055139223e-02,2.892219361781e-02
426.40000000,1.044711613371e+13,2.124919459343e-02,2.413501404007e-02,1.991156096618e-02,2.261571940389e-02,4.749983431309e-02,4.453078933180e-02
426.60000000,2.061137090611e+13,3.052069915497e-02,3.466566694466e-02,4.637021535376e-02,5.266768290642e-02,4.879675530419e-02,4.574664442413e-02
426.80000000,-4.754574612923e+12,2.924971697354e-02,3.322207468715e-02,2.788937933858e-02,3.167699300629e-02,4.221193256880e-02,3.957341543803e-02
427.00000000,1.200328640177e+13,5.296432899482e-03,6.015733058930e-03,7.038234777932e-03,7.994086606609e-03,3.563121348770e-02,3.340403360144e-02
427.20000000,1.590709758742e+12,-1.717324172336e-02,-1.950551246941e-02,-1.013147782304e-02,-1.150741822711e-02,1.702202875360e-02,1.595804253611e-02
427.40000000,7.357295777406e+12,-3.525486007254e-02,-4.004276675478e-02,-1.197526757334e-02,-1.360161022459e-02,1.202742822129e-02,1.127563664318e-02
427.60000000,7.532624063528e+12,-3.775132776782e-02,-4.287827577190e-02,-1.006405325062e-02,-1.143083682733e-02,-1.199746111093e-02,-1.124754266985e-02
427.80000000,1.690416937466e+13,-1.600029230431e-02,-1.817326664838e-02,1.913972991892e-02,2.173906717046e-02,2.676701222172e-02,2.509390189512e-02
428.00000000,-1.370571104064e+12,2.387808751539e-04,2.712093274412e-04,6.432047652345e-03,7.305574140820e-03,2.602148166083e-02,2.439497178667e-02
428.20000000,-9.516815379075e+11,4.763822132607e-03,5.410789267772e-03,7.187484749469e-03,8.163605986986e-03,1.439111003673e-02,1.349157315102e-02
428.40000000,-1.285914444877e+12,2.750732281469e-03,3.124304873856e-03,-2.154812663205e-02,-2.447454453308e-02,1.882524581076e-03,1.764854693582e-03
428.60000000,4.239930189061e+12,-1.496562442865e-02,-1.699808216805e-02,-2.417554405321e-02,-2.745878746887e-02,-7.105813256741e-03,-6.661654250861e-03
428.80000000,8.859805262030e+12,-1.927541552187e-02,-2.189317916042e-02,-9.730852049023e-03,-1.105238408356e-02,3.917829216728e-03,3.672939706234e-03
429.00000000,1.210666890432e+13,-2.354649026435e-02,-2.674430179582e-02,-1.207835594564e-02,-1.371869887001e-02,3.024770634123e-03,2.835703025769e-03
429.20000000,1.184698571724e+13,-4.726437286417e-02,-5.368327244859e-02,-1.771105843166e-02,-2.011637000819e-02,-1.402059333756e-02,-1.314421612729e-02
429.40000000,2.123396921289e+13,-4.117492957152e-02,-4.676683151158e-02,3.549236563697e-02,4.031252916782e-02,1.457999966431e-02,1.366865596267e-02
429.60000000,1.108502105161e+13,-5.712624635683e-03,-6.488447135334e-03,3.417441320231e-02,3.881558764222e-02,-1.209216486939e-02,-1.133632683463e-02
429.80000000,7.282418488768e+11,2.101338404054e-02,2.386717842966e-02,-1.052176282250e-02,-1.195070723145e-02,-5.278551071278e-03,-4.948607697931e-03
430.00000000,1.654728916633e+13,-2.665942763136e-03,-3.028000225392e-03,-1.400909264494e-02,-1.591164594776e-02,2.894566348027e-04,2.713637344531e-04
430.20000000,-1.206213282876e+12,-1.513717552477e-02,-1.719293134669e-02,-1.954438496355e-02,-2.219867779367e-02,-1.324319398001e-02,-1.241540922683e-02
430.40000000,1.164646205743e+13,-2.034209156456e-02,-2.310471878624e-02,-8.602671908711e-03,-9.770987535412e-03,-5.927167783447e-03,-5.556681696175e-03
430.60000000,1.111771032218e+13,5.518735570050e-03,6.268226302931e-03,-2.717608404188e-02,-3.086682617358e-02,3.064208726400e-03,2.872675983764e-03
430.80000000,3.204812987758e+12,4.346915182932e-02,4.937262845884e-02,-5.588034018067e-02,-6.346936314368e-02,-6.643920576728e-02,-6.228632832471e-02
431.00000000,8.023168929998e+12,7.766822108469e-03,8.821621911856e-03,2.156813101356e-02,2.449726567884e-02,8.964844130366e-03,8.404483744730e-03
431.20000000,3.747135769556e+12,2.452187388393e-02,2.785215071919e-02,2.814757852446e-02,3.197025782606e-02,3.019441834351e-02,2.830707310237e-02
431.40000000,3.090408032571e+12,-1.053375403912e-02,-1.196432648358e-02,1.705022254082e-02,1.936578701249e-02,2.846502235736e-03,2.668577548220e-03
431.60000000,5.086031685751e+12,-1.181566628994e-02,-1.342033320589e-02,2.304427882635e-02,2.617388685331e-02,1.603226392043e-02,1.503014436738e-02
431.80000000,-6.634213827300e+12,-5.596762613863e-03,-6.356850075923e-03,3.155000028632e-02,3.583475724882e-02,-3.247932962071e-03,-3.044916273696e-03
432.00000000,-2.536582258141e+11,-1.755572625684e-03,-1.993994162129e-03,2.110748347675e-02,2.397405830931e-02,7.530388964675e-03,7.059691247807e-03
432.20000000,2.074001115661e+13,4.205372359041e-03,4.776497315367e-03,7.866513865494e-05,8.934853001829e-05,9.014602030170e-03,8.451131455944e-03
432.40000000,6.855786756477e+12,1.610887952826e-02,1.829660093115e-02,-2.830444103629e-05,-3.214842359364e-05,3.403802142776e-02,3.191042628654e-02
432.60000000,1.137700232139e+13,1.313426509238e-02,1.491800882226e-02,3.600476397372e-02,4.089451553376e-02,3.294030452221e-02,3.088132374389e-02
432.80000000,6.785079228221e+12,1.597161649021e-02,1.814069641741e-02,3.084007133460e-02,3.502841393921e-02,1.892282643724e-02,1.774002814589e-02
433.00000000,1.231663120565e+13,-1.045260336244e-02,-1.187215486209e-02,1.706918337425e-02,1.938732288751e-02,4.106187667636e-03,3.849524543161e-03
433.20000000,-3.511981617299e+12,3.178385096934e-03,3.610036540539e-03,1.842268217305e-02,2.092463827423e-02,3.681401760166e-02,3.451290485501e-02
433.40000000,9.133628579817e+11,2.227366526197e-03,2.529861644676e-03,1.116668017944e-02,1.268320982167e-02,2.334690704598e-02,2.188757527786e-02
433.60000000,7.943204370908e+12,3.018009001413e-02,3.427880021612e-02,3.473735950199e-02,3.945498681210e-02,4.299317969642e-02,4.030582959819e-02
433.80000000,1.079219505272e+12,3.116553388773e-02,3.539807566069e-02,3.279640014493e-02,3.725042875319e-02,4.321479994941e-02,4.051359716075e-02
434.00000000,3.094882127283e+12,3.380350555571e-02,3.839430608081e-02,2.236365346405e-02,2.540082680850e-02,5.247098901445e-02,4.919121490892e-02
434.20000000,-4.821268532032e+12,1.422549968943e-02,1.615744226079e-02,1.184181933222e-02,1.345003858332e-02,3.473007354325e-02,3.255922069619e-02
434.40000000,-1.303622919316e+13,-1.095479051758e-02,-1.244254325901e-02,-5.597971741883e-04,-6.358223665149e-04,1.571730780888e-02,1.473487503740e-02
434.60000000,7.102732165309e+12,-9.791117172037e-03,-1.112083328034e-02,-1.332444873112e-02,-1.513402159812e-02,1.177496488351e-02,1.103895388688e-02
434.80000000,1.861312481099e+13,4.960603757136e-03,5.634295492911e-03,-1.242448139891e-02,-1.411183108817e-02,1.518592336598e-02,1.423670553800e-02
435.00000000,1.207773852618e+12,-3.620647636861e-04,-4.112362055207e-04,-1.117832954605e-02,-1.269644127083e-02,1.683687674271e-02,1.578446371608e-02
435.20000000,-5.357648136080e+12,-2.015458724375e-03,-2.289174980073e-03,1.610917019761e-02,1.829693179944e-02,1.636306737868e-02,1.534027048303e-02
435.40000000,-1.334075396509e+12,-1.327742527078e-02,-1.508061135764e-02,1.131689983202e-02,1.285383057399e-02,1.579937362865e-02,1.481181121590e-02
435.60000000,-2.211859662890e+12,-2.968076357732e-02,-3.371166104716e-02,-1.113470175954e-02,-1.264688846181e-02,-3.288724422707e-03,-3.083158005827e-03
435.80000000,-5.663894021409e+12,-5.341872811422e-02,-6.067344093307e-02,-5.344111576135e-02,-6.069887141155e-02,-4.557964255537e-02,-4.273062190224e-02
436.00000000,1.575292949068e+13,-5.751284998798e-02,-6.532357901103e-02,-3.151064371299e-02,-3.579005571985e-02,-5.286801773030e-02,-4.956342677787e-02
436.20000000,1.599972167715e+13,-4.659419221570e-02,-5.292207562820e-02,-2.490557820285e-02,-2.828796643237e-02,-3.855319500230e-02,-3.614337248839e-02
436.40000000,1.236310703197e+13,-3.272671618692e-02,-3.717127965411e-02,-6.328664648526e-03,-7.188150850427e-03,-2.800883001991e-02,-2.625809809831e-02
436.60000000,2.651063505413e+13,-3.061261407292e-02,-3.477006468197e-02,1.354137448782e-02,1.538040770785e-02,-1.093170428271e-03,-1.024840249425e-03
436.80000000,1.381633995243e+13,-2.353916456742e-02,-2.673598120759e-02,2.370848268718e-02,2.692829521784e-02,-1.255372409282e-02,-1.176903563962e-02
437.00000000,2.289881419922e+12,-1.572465901300e-02,-1.786020003655e-02,-1.132674774190e-02,-1.286501591334e-02,-3.789217995065e-02,-3.552367512659e-02
437.20000000,-1.922670872991e+12,-8.116755983027e-02,-9.219079751418e-02,-3.429083041316e-02,-3.894781529522e-02,-6.241828707876e-02,-5.851674290135e-02
437.40000000,-8.807590573098e+12,-4.676443095433e-02,-5.311543422018e-02,9.724948927420e-04,1.104567926811e-03,-3.970069131030e-02,-3.721914290085e-02
437.60000000,7.221002673643e+12,-1.465614617008e-02,-1.664657415758e-02,2.083866514464e-03,2.366873217341e-03,-2.917367097572e-02,-2.735012900659e-02
437.80000000,9.568577885953e+12,-1.500832884335e-02,-1.704658620164e-02,1.167355872862e-02,1.325892676620e-02,-2.778982579047e-03,-2.605278304100e-03
438.00000000,-1.473305492571e+13,-1.445734554612e-02,-1.642077473589e-02,1.556950431081e-02,1.768397471946e-02,-3.335802801667e-03,-3.127293683475e-03
438.20000000,-1.550068781109e+13,-1.779934446726e-02,-2.021664523484e-02,2.558575790254e-02,2.906052028982e-02,-2.225574712747e-03,-2.086461986841e-03
438.40000000,1.423430159884e+13,5.564789871162e-03,6.320535165700e-03,3.115907866488e-02,3.539074516385e-02,-4.450341235375e-03,-4.172166300640e-03
438.60000000,1.388858308969e+13,1.558407417376e-02,1.770052259306e-02,5.454647090456e-02,6.195434313489e-02,8.346803162449e-04,7.825074310179e-04
438.80000000,-7.392564986729e+11,1.405859936351e-02,1.596787546607e-02,4.307895002720e-02,4.892943590330e-02,4.037131825548e-03,3.784785135106e-03
439.00000000,-6.586507220738e+12,3.684492440000e-02,4.184877519897e-02,4.949850007729e-02,5.622081516175e-02,2.151222667413e-02,2.016757422287e-02
439.20000000,-1.002932257028e+13,2.545056362648e-02,2.890696434409e-02,2.398122765424e-02,2.723808125893e-02,9.037792687720e-03,8.472872548324e-03
439.40000000,1.272243167363e+13,-7.685648381199e-03,-8.729424109311e-03,-2.216417948455e-03,-2.517426257496e-03,7.447720233715e-04,6.982189843944e-04
439.60000000,-1.501870281176e+13,-1.149518762104e-02,-1.305633083679e-02,-3.314844827692e-03,-3.765028799994e-03,4.997007385729e-03,4.684662302538e-03
439.80000000,1.093262164554e+13,1.588311087504e-02,1.804017099489e-02,-6.492515611806e-03,-7.374254160754e-03,-9.559054057713e-03,-8.961551731938e-03
440.00000000,-3.345811874697e+12,9.368807055337e-03,1.064116989588e-02,6.412437282756e-03,7.283300517131e-03,-2.151085136193e-02,-2.016628487653e-02
440.20000000,1.951507005053e+13,1.450657794139e-02,1.647669330475e-02,1.602075816387e-02,1.819651266352e-02,-8.277066892098e-03,-7.759697004998e-03
440.40000000,1.847084726278e+13,-2.288304776963e-02,-2.599075822716e-02,-8.443885724931e-03,-9.590636844489e-03,-1.915608044218e-02,-1.795870227612e-02
440.60000000,6.166416486713e+12,6.937748181771e-03,7.879952768909e-03,1.448264533141e-04,1.644951109552e-04,-5.963784586291e-03,-5.591009713462e-03
440.80000000,1.328809490383e+12,-2.409694648830e-02,-2.736951460729e-02,-1.412126867218e-02,-1.603905642854e-02,-1.432651216555e-02,-1.343101306203e-02
441.00000000,-3.204156569460e+12,9.430279980000e-03,1.071099136103e-02,1.140662039369e-02,1.295573594700e-02,2.296682945200e-02,2.153125497671e-02
441.20000000,1.834111826928e+13,-2.348469438842e-03,-2.667411351989e-03,1.079664357879e-02,1.226291912003e-02,2.325696353374e-02,2.180325381330e-02
441.40000000,1.186537064643e+13,-2.952211209021e-03,-3.353146335298e-03,3.431729152665e-03,3.897787005180e-03,-2.518027851802e-03,-2.360634924768e-03
441.60000000,9.036060018098e+12,-3.383729991624e-02,-3.843268999989e-02,2.623341743252e-03,2.979613746340e-03,-1.969002063472e-02,-1.845926777436e-02
441.80000000,-1.356320185737e+12,-2.229040164381e-02,-2.531762577010e-02,-1.359109953657e-02,-1.543688583891e-02,-2.370236528684e-02,-2.222081509372e-02
442.00000000,5.726569246525e+12,-3.129323851875e-02,-3.554312365529e-02,-2.275890133056e-02,-2.584975267921e-02,-3.367857593893e-02,-3.157344845133e-02
442.20000000,1.176787296939e+13,2.854309981084e-02,3.241949296728e-02,4.330490052356e-02,4.918607238868e-02,3.014598912118e-02,2.826167101775e-02
442.40000000,1.138535316835e+13,2.523899560826e-02,2.866666360857e-02,3.402248765791e-02,3.864302932354e-02,4.374933160017e-02,4.101471714728e-02
442.60000000,-1.022336431028e+12,5.658359038525e-03,6.426811813415e-03,1.395773889518e-02,1.585331792432e-02,-4.470340237926e-03,-4.190915236976e-03
442.80000000,6.026167433900e+12,-1.757738828092e-02,-1.996454553055e-02,1.883979214574e-03,2.139839531012e-03,-1.035073066848e-02,-9.703743465505e-03
443.00000000,-6.821576206736e+12,-1.594800991691e-02,-1.811388387280e-02,2.597295072739e-02,2.950029717607e-02,-5.878172138895e-03,-5.510748594359e-03
443.20000000,-5.577693776765e+12,1.558721117246e-02,1.770408562259e-02,3.270569935225e-02,3.714741002550e-02,1.671256738729e-02,1.566792449446e-02
443.40000000,9.688016289083e+12,5.759681578875e-02,6.541894807415e-02,6.618697243273e-02,7.517572325314e-02,7.961332193974e-02,7.463697755102e-02
443.60000000,1.516338725130e+13,5.610769127177e-02,6.372758791616e-02,8.752689475343e-02,9.941378756791e-02,7.405848149980e-02,6.942935034600e-02
443.80000000,-2.841032243555e+12,6.173738325893e-02,7.012183945139e-02,4.265607040192e-02,4.844912564720e-02,4.265256824475e-02,3.998650855175e-02
444.00000000,-3.483826976707e+11,1.122916666677e-02,1.275418199825e-02,3.593013649338e-02,4.080975301022e-02,-4.492726293098e-03,-4.211902019798e-03
444.20000000,1.230814666364e+13,1.347916666564e-02,1.530975093166e-02,1.909527658029e-02,2.168857669235e-02,-4.491648706683e-03,-4.210891789461e-03
444.40000000,-9.535280192989e+12,-7.021753771169e-03,-7.975367024288e-03,1.601140445340e-02,1.818588864004e-02,-2.804642598453e-04,-2.629334407344e-04
444.60000000,8.883282553650e+12,5.613213896470e-04,6.375535581158e-04,3.827782641896e-03,4.347627908995e-03,4.004071816559e-03,3.753791589194e-03
444.80000000,8.381621655293e+12,-8.256536374649e-03,-9.377843496532e-03,4.192215491450e-03,4.761553822742e-03,2.652903940863e-03,2.487080391258e-03
445.00000000,-3.134622183417e+12,-1.852909806066e-02,-2.104550550740e-02,-6.478559516133e-03,-7.358402709216e-03,1.029157530041e-02,9.648285688197e-03
445.20000000,-4.152722869360e+12,-5.849099674686e-03,-6.643456633128e-03,-1.047044839139e-02,-1.189242386646e-02,1.300350714668e-02,1.219070436134e-02
445.40000000,-5.672879876952e+12,9.815048997225e-03,1.114801524879e-02,5.931807138969e-03,6.737396733525e-03,1.597488951070e-02,1.497635622707e-02
445.60000000,6.118002198497e+12,-9.788764164513e-03,-1.111816071460e-02,-1.080614404681e-02,-1.227370983197e-02,-1.636152165047e-03,-1.533882137276e-03
445.80000000,2.439447871305e+13,2.022436861178e-02,2.297100806578e-02,8.806947667713e-05,1.000300567077e-04,1.257483917913e-02,1.178883089731e-02
446.00000000,-4.538742299149e+12,6.617841662469e-03,7.516600252138e-03,5.964451097802e-03,6.774474018147e-03,-1.201347408105e-02,-1.126255472640e-02
446.20000000,-1.721249102888e+13,1.574922891477e-02,1.788810673774e-02,2.165698691757e-03,2.459818896637e-03,-1.603340810753e-02,-1.503121703543e-02
446.40000000,-3.054079291163e+12,-7.679599178866e-03,-8.722553374394e-03,1.115858580391e-02,1.267401616147e-02,-1.966780934528e-02,-1.843844483330e-02
446.60000000,6.004455789373e+12,-1.178488207089e-02,-1.338536823083e-02,-9.756441059184e-03,-1.108144829779e-02,3.672340849635e-04,3.442795940127e-04
446.80000000,3.009970560994e+13,7.859129302764e-03,8.926465199940e-03,-2.608053395824e-02,-2.962249111985e-02,-2.413235524794e-02,-2.262392791820e-02
447.00000000,1.283566235215e+13,-1.174034928262e-02,-1.333478751515e-02,-3.543717343560e-02,-4.024984139856e-02,-1.913331617538e-02,-1.793736092232e-02
447.20000000,-2.840451346618e+12,-1.477263080011e-02,-1.677887838063e-02,-3.599897331521e-02,-4.088793845484e-02,-3.786318855979e-02,-3.549649588401e-02
447.40000000,3.979846783899e+11,1.112849894888e-02,1.263984275711e-02,-1.410707589846e-02,-1.602293615608e-02,-1.106989938783e-02,-1.037795951696e-02
447.60000000,2.592492070564e+12,-3.962458250136e-03,-4.500593426247e-03,-3.083456398351e-03,-3.502215864325e-03,-3.399291817365e-02,-3.186814227575e-02
447.80000000,1.624474248888e+12,-8.646964098614e-04,-9.821294591020e-04,-8.071803605408e-04,-9.168022825192e-04,-1.929941631832e-02,-1.809307873861e-02
448.00000000,-4.050316157246e+11,-1.392826919757e-02,-1.581984536681e-02,-6.076025909908e-03,-6.901201633696e-03,-2.027150810036e-02,-1.900440853551e-02
448.20000000,2.592493949684e+12,-6.014808842614e-03,-6.831670500573e-03,-3.330496510061e-02,-3.782806113247e-02,-1.974951639615e-02,-1.851504466826e-02
448.40000000,1.699601256789e+13,1.630640871232e-02,1.852095624070e-02,-1.694607916490e-03,-1.924750008502e-03,-6.298958635528e-03,-5.905233230068e-03
448.60000000,8.473569254743e+12,7.444989091807e-03,8.456081263172e-03,-2.571708170618e-03,-2.920967897703e-03,-1.055607490702e-02,-9.896252369152e-03
448.80000000,2.082512552204e+13,5.191523895930e-04,5.896576529846e-04,1.922285251863e-02,2.183347852245e-02,2.441604011641e-02,2.288988065882e-02
449.00000000,1.453858188374e+12,-5.194756039990e-03,-5.900247626265e-03,2.465282691873e-03,2.800088938550e-03,-2.868407500411e-03,-2.689113593041e-03
449.20000000,-2.420409139607e+12,-3.821847062209e-03,-4.340886055698e-03,1.183757586331e-02,1.344521881542e-02,4.020918241160e-03,3.769585003966e-03
449.40000000,-2.811940201461e+12,-1.505390414491e-02,-1.709835101268e-02,1.037612961311e-04,1.178529580016e-04,-5.700569324725e-03,-5.344247097735e-03
449.60000000,-8.598870856339e+12,-2.342369938598e-02,-2.660483488283e-02,-5.763048722995e-03,-6.545719496908e-03,-1.059861943709e-02,-9.936137592606e-03
449.80000000,1.368896591580e+13,1.823946572950e-03,2.071653866831e-03,2.621591713035e-02,2.977626047213e-02,1.649025685122e-02,1.545950979594e-02
450.00000000,-9.461107284925e+12,3.308480628962e-02,3.757800140623e-02,4.758649666866e-02,5.404914551403e-02,2.720774167464e-02,2.550708292415e-02
450.20000000,4.441565215289e+12,-3.433532742328e-03,-3.899835383349e-03,3.938717386900e-02,4.473628530915e-02,-2.244471534622e-03,-2.104177635877e-03
450.40000000,-5.897536074201e+12,1.030820141424e-02,1.170814191412e-02,4.677386668066e-02,5.312615349854e-02,4.507816625498e-02,4.226049109419e-02
450.60000000,8.087244763192e+12,-7.854936593605e-03,-8.921703085593e-03,2.619276140275e-02,2.974996000081e-02,3.131592597641e-02,2.935847929898e-02
450.80000000,1.174560319637e+13,-2.346391953848e-02,-2.665051727050e-02,-1.439148309592e-02,-1.634596825713e-02,1.274657489930e-03,1.194983203102e-03
451.00000000,-7.133020585546e+12,-2.729397387122e-02,-3.100072521313e-02,-2.387101809281e-02,-2.711290430665e-02,4.150897675219e-03,3.891439887867e-03
451.20000000,7.943530951650e+12,1.024832426644e-03,1.164013294576e-03,-7.046408562623e-03,-8.003370460413e-03,5.092884122875e-03,4.774546127302e-03
451.40000000,1.081190160885e+13,-1.233702077978e-02,-1.401249202287e-02,-1.558141554190e-02,-1.769750359651e-02,5.251239395177e-03,4.923003177151e-03
451.60000000,2.107941156656e+12,-4.185942455405e-03,-4.754428667305e-03,3.343839797445e-02,3.797961531948e-02,2.466296312909e-02,2.312136939595e-02
451.80000000,1.501327511255e+13,1.628154601370e-02,1.849271697838e-02,5.418085153399e-02,6.153906956054e-02,5.563561923494e-02,5.215803539787e-02
452.00000000,-6.231338462965e+11,6.595029786438e-03,7.490690331370e-03,2.973480011123e-02,3.377303753274e-02,6.246854633734e-02,5.856386063320e-02
452.20000000,1.572461740697e+13,-2.575626771497e-02,-2.925418562043e-02,-5.360632912029e-03,-6.088652214240e-03,1.250938579524e-02,1.172746877066e-02
452.40000000,6.361166845415e+12,-1.535895566733e-02,-1.744483109899e-02,-2.546445670918e-02,-2.892274536815e-02,-1.231931750493e-03,-1.154928097027e-03
452.60000000,-8.560829237232e+12,-1.632486659045e-02,-1.854192085401e-02,-2.118250753667e-02,-2.405927127129e-02,1.506462265869e-02,1.412298690466e-02
452.80000000,-1.318223504765e+13,1.554884351939e-03,1.766050731935e-03,-1.307427668154e-02,-1.484987406767e-02,1.472693362524e-02,1.380640560652e-02
453.00000000,1.989410584985e+12,2.007833952865e-02,2.280514700427e-02,7.038220966541e-04,7.994070919518e-04,4.033544915092e-02,3.781422429610e-02
453.20000000,8.034346906022e+12,2.587072132666e-02,2.938418299576e-02,3.190336236936e-02,3.623610889230e-02,7.972433826937e-02,7.474105464641e-02
453.40000000,-1.534456932345e+12,2.236028983540e-02,2.539700536624e-02,1.582925459307e-02,1.797900128763e-02,4.320227252334e-02,4.050185277934e-02
453.60000000,5.868508615490e+12,-2.100915700832e-02,-2.386237733090e-02,-1.195721863406e-03,-1.358111008665e-03,2.072532622453e-02,1.942986010970e-02
453.80000000,-1.797821785397e+13,-2.640957779337e-02,-2.999622070535e-02,-5.491978669244e-03,-6.237835836514e-03,-6.500727681811e-04,-6.094390413951e-04
454.00000000,3.064156032304e+13,-9.432934460230e-03,-1.071400634202e-02,1.149135362808e-02,1.305197667148e-02,1.024777190954e-02,9.607220290839e-03
454.20000000,-1.100179059249e+12,-2.137432014390e-02,-2.427713269329e-02,-1.517032060029e-02,-1.723057848383e-02,-8.640091468721e-03,-8.100030212001e-03
454.40000000,3.653029361355e+12,-1.424646957513e-03,-1.618126003342e-03,-1.587798770786e-02,-1.803435277170e-02,-1.073192316499e-02,-1.006110898062e-02
454.60000000,-1.308471632806e+13,4.134024170492e-02,4.695459442387e-02,2.057585890247e-02,2.337023462011e-02,3.020694996075e-02,2.831882141298e-02
454.80000000,4.098626587881e+12,1.504806368725e-01,1.709171737173e-01,1.094472360184e-01,1.243110966301e-01,1.993249564448e-01,1.868658653735e-01
455.00000000,3.509263282282e+12,1.379393939794e-01,1.566727244995e-01,1.171945327158e-01,1.331105417638e-01,2.179959372691e-01,2.043697898761e-01
455.20000000,1.720918889645e+13,5.122930749730e-02,5.818667857148e-02,4.441830425241e-02,5.045068576368e-02,1.270677812405e-01,1.191252281005e-01
455.40000000,1.356769685239e+13,3.003016791083e-03,3.410851742954e-03,1.147755425216e-02,1.303630322358e-02,1.614050894686e-02,1.513162338384e-02
455.60000000,1.980341173002e+12,1.011695827932e-02,1.149092635209e-02,2.008714562984e-02,2.281514995039e-02,-3.636941743784e-04,-3.409609505937e-04
455.80000000,-7.667380145743e+12,1.541613955898e-02,1.750978104435e-02,-6.047065170500e-03,-6.868307780858e-03,-2.573587951343e-02,-2.412722160939e-02
456.00000000,-3.176397562990e+12,7.580431239904e-02,8.609917594782e-02,4.271043299523e-02,4.851087114061e-02,6.121853188105e-02,5.739198011573e-02
456.20000000,8.193361618038e+12,8.903265361838e-02,1.011240372268e-01,1.023734270247e-01,1.162766045283e-01,1.069266277357e-01,1.002430261604e-01
456.40000000,1.899061697579e+11,8.329063547565e-02,9.460220469878e-02,1.105861743842e-01,1.256047124618e-01,1.921253769126e-01,1.801163058422e-01
456.60000000,-9.973371021804e+12,2.541582307181e-02,2.886750572974e-02,6.582346943583e-02,7.476285347391e-02,9.212082465789e-02,8.636268094901e-02
456.80000000,2.112643847743e+13,-2.270477625183e-02,-2.578827593702e-02,2.200872990701e-02,2.499770162964e-02,8.033804006831e-03,7.531639613794e-03
457.00000000,-9.141300411807e+11,7.002205463941e-03,7.953163892432e-03,4.009645611339e-03,4.554189408309e-03,-1.249276840987e-02,-1.171189007869e-02
457.20000000,1.452978516925e+13,2.955664904495e-02,3.357069071682e-02,2.714358066850e-02,3.082990856710e-02,8.799794160813e-03,8.249750459242e-03
457.40000000,6.773466607183e+12,1.751856516777e-02,1.989773374361e-02,1.001416401457e-02,1.137417221094e-02,-7.564471940023e-03,-7.091643818105e-03
457.60000000,-7.550879302782e+12,-1.630780173299e-02,-1.852253844530e-02,-3.107714242240e-03,-3.529768128644e-03,-1.771567936979e-02,-1.660833552989e-02
457.80000000,1.387189129488e+13,-1.830569535705e-02,-2.079176283662e-02,8.134023978638e-03,9.238693251516e-03,-7.749074477262e-03,-7.264707510111e-03
458.00000000,1.702435366050e+13,-2.609205184037e-02,-2.963557205582e-02,-1.026317118776e-02,-1.165699666493e-02,-4.027942217101e-02,-3.776169936259e-02
458.20000000,8.490297470350e+12,-3.850470618786e-02,-4.373396932137e-02,-3.193640979667e-02,-3.627364443983e-02,-5.386433772355e-02,-5.049747036703e-02
458.40000000,8.127173749533e+12,7.735997984744e-03,8.786611612732e-03,7.130352789880e-06,8.098715024399e-06,-9.856882999611e-03,-9.240764450474e-03
458.60000000,4.313504504051e+12,1.095446037656e-02,1.244216828207e-02,1.565161662326e-02,1.777723857864e-02,-1.276726782248e-02,-1.196923151349e-02
458.80000000,-1.365710852302e+12,1.059282042545e-02,1.203141458224e-02,8.769597481666e-03,9.960583013421e-03,-1.333091871964e-02,-1.249765060633e-02
459.00000000,-3.840865458471e+12,-1.782752218622e-02,-2.024864972516e-02,-3.371183202523e-03,-3.829018402769e-03,-4.011171519320e-02,-3.760447514894e-02
459.20000000,1.681305265288e+13,-3.402118686503e-02,-3.864155034381e-02,-1.546511986523e-02,-1.756541398305e-02,-3.242626790818e-02,-3.039941772255e-02
459.40000000,6.175310897177e+12,-5.118679696207e-02,-5.813839474782e-02,-2.207041112864e-02,-2.506775968301e-02,-3.780865876134e-02,-3.544537454849e-02
459.60000000,1.769845863811e+13,-4.226624494657e-02,-4.800635669844e-02,-1.004179738372e-02,-1.140555842541e-02,-3.956873949518e-02,-3.709543892238e-02
459.80000000,1.310632062392e+13,-7.721944850410e-03,-8.770649944490e-03,7.869272775334e-03,8.937986594919e-03,-2.217856742773e-02,-2.079226439603e-02
460.00000000,1.093694776877e+12,3.293694181760e-02,3.741005569458e-02,2.350993433712e-02,2.670278232205e-02,8.782365877102e-03,8.233411555295e-03
460.20000000,2.030020626975e+12,1.625703765418e-02,1.846488017739e-02,2.173283894826e-02,2.468434234456e-02,-1.006996329186e-02,-9.440525854744e-03
460.40000000,7.291816344021e+12,3.134536375997e-02,3.560232794292e-02,1.701375506468e-02,1.932436694455e-02,5.897855174855e-03,5.529201314046e-03
460.60000000,2.608841716917e+13,8.619584431426e-04,9.790196534626e-04,1.577933485051e-02,1.792230202169e-02,-2.499688172112e-03,-2.343441592949e-03
460.80000000,2.181869752134e+13,1.645904888137e-03,1.869432622924e-03,2.264219793641e-02,2.571719997678e-02,2.766598542434e-02,2.593668349383e-02
461.00000000,1.239013864632e+12,1.073588497381e-02,1.219390850021e-02,1.773303857886e-02,2.014133524534e-02,3.410015029422e-02,3.196867169947e-02
461.20000000,-5.903497935444e+12,1.120504971129e-02,1.272678975727e-02,4.172634778336e-02,4.739313883128e-02,3.024200244144e-02,2.835168288830e-02
461.40000000,2.552434711175e+12,4.307014474251e-02,4.891943285182e-02,6.070733524549e-02,6.895190497631e-02,6.153735524091e-02,5.769087496614e-02
461.60000000,1.639368519988e+12,3.696838448963e-02,4.198900220774e-02,3.161522371627e-02,3.590883857237e-02,3.140761553768e-02,2.944443767327e-02
461.80000000,-6.841870336431e+12,1.102733215073e-02,1.252493665641e-02,1.786669425951e-02,2.029314249819e-02,5.431292374352e-03,5.091801687717e-03
462.00000000,6.734643633441e+12,-2.064547331878e-02,-2.344930233576e-02,-1.039320611517e-02,-1.180469143563e-02,-2.051760136162e-02,-1.923511938601e-02
462.20000000,2.779938311122e+12,-2.059377846081e-02,-2.339058688105e-02,-2.183007331139e-02,-2.479478195684e-02,-2.018268163305e-02,-1.892113429340e-02
462.40000000,-8.218883229962e+11,-9.144580771465e-03,-1.038649179570e-02,-4.044849605074e-03,-4.594174402231e-03,3.785990121453e-03,3.549341401897e-03
462.60000000,4.498257643576e+12,2.671866537187e-02,3.034728497811e-02,2.675554412105e-02,3.038917337360e-02,3.665839972023e-02,3.436701409151e-02
462.80000000,1.553860671728e+13,5.431520160572e-02,6.169166306892e-02,5.905955103858e-02,6.708033773329e-02,7.904005748480e-02,7.409954580955e-02
463.00000000,1.642724466404e+13,-1.627425902697e-02,-1.848444035753e-02,-2.879865840679e-02,-3.270975986477e-02,8.416436142337e-03,7.890354781210e-03
463.20000000,-6.047726838360e+12,-5.384192309906e-02,-6.115410935821e-02,-5.471863535575e-02,-6.214988897511e-02,-2.591850651675e-02,-2.429843325105e-02
463.40000000,-3.229713301817e+12,-4.273500340722e-02,-4.853877650285e-02,-3.619258455036e-02,-4.110784373373e-02,-4.915410049121e-02,-4.608165323989e-02
463.60000000,1.564605634103e+13,-3.025195190617e-02,-3.436042155785e-02,-1.850724125099e-02,-2.102068119036e-02,-3.067283838204e-02,-2.875558881312e-02
463.80000000,1.027536995351e+13,-2.877638216260e-02,-3.268445702557e-02,-2.865024872848e-02,-3.254119489655e-02,-4.902325935305e-02,-4.595899051394e-02
464.00000000,-2.541111614043e+12,9.458150066794e-04,1.074264644016e-03,-9.520639601739e-03,-1.081362300747e-02,-1.398337817302e-02,-1.310932714975e-02
464.20000000,6.872437649828e+12,-5.597211531942e-04,-6.357359960851e-04,-9.129434959462e-03,-1.036928946505e-02,-1.118574428845e-02,-1.048656336663e-02
464.40000000,2.640046324240e+12,-1.639763942625e-02,-1.862457685332e-02,-1.981378973543e-02,-2.250467001283e-02,-7.734809158295e-03,-7.251333865279e-03
464.60000000,-6.623186467308e+11,-2.364869331136e-02,-2.686038487669e-02,-1.123100552297e-02,-1.275627109108e-02,-9.886588936784e-03,-9.268613575619e-03
464.80000000,1.834525993073e+13,-2.054321892136e-04,-2.333316093062e-04,-1.335499143386e-02,-1.516871225830e-02,-2.081747586286e-02,-1.951624980328e-02
465.00000000,2.494793288733e+13,8.669486474932e-03,9.846875695583e-03,7.716436357696e-03,8.764393698719e-03,-1.712310011440e-02,-1.605279628715e-02
465.20000000,-3.726779520525e+11,1.304625483760e-02,1.481804603423e-02,7.980599366893e-03,9.064432279473e-03,-3.085138872878e-02,-2.892297861545e-02
465.40000000,-5.979005674696e+12,2.034817697747e-02,2.311163064943e-02,2.030321588739e-02,2.306056437693e-02,-1.821412042244e-02,-1.707562081269e-02
465.60000000,-2.087737721603e+13,2.419975388003e-02,2.748628410799e-02,7.779700561259e-03,8.836249716362e-03,-4.546680690552e-03,-4.262483920583e-03
465.80000000,1.994917956434e+12,-3.547910365638e-02,-4.029746450441e-02,-2.364459510326e-02,-2.685573115951e-02,-5.027069003451e-02,-4.712844875912e-02
466.00000000,-1.180642659260e+12,-7.384190538602e-02,-8.387025754796e-02,-6.187380733608e-02,-7.027679384554e-02,-6.967357321940e-02,-6.531852702003e-02
466.20000000,1.762055936766e+13,-1.525453890874e-02,-1.732623366587e-02,-5.588286809087e-03,-6.347223436546e-03,-3.384354397452e-03,-3.172810492426e-03
466.40000000,-1.442607328591e+13,-7.920019570818e-03,-8.995624878812e-03,-2.051009091834e-02,-2.329553478732e-02,-9.036007048245e-03,-8.471198522794e-03
466.60000000,2.496945303618e+13,-7.270228468208e-04,-8.257586676199e-04,-5.348044277196e-03,-6.074353936292e-03,2.473005105866e-03,2.318426389867e-03
466.80000000,-9.776610936748e+12,-9.090664123225e-03,-1.032525281290e-02,-4.804575338441e-04,-5.457077317720e-04,-1.075148092186e-02,-1.007944425196e-02
467.00000000,3.028692810848e+11,-2.412696830914e-03,-2.740361364404e-03,1.483518471079e-02,1.684992830517e-02,8.934597714945e-03,8.376127924702e-03
467.20000000,-6.563998024808e+12,-1.403031082915e-02,-1.593574511069e-02,-1.146879754055e-02,-1.302635727644e-02,-6.567394217000e-03,-6.156889862150e-03
467.40000000,9.130371228569e+12,-2.942549243949e-02,-3.342172194059e-02,-1.670325807243e-02,-1.897170183385e-02,-1.818103829204e-02,-1.704460652809e-02
467.60000000,-1.098144466364e+13,-2.815565176516e-02,-3.197942621646e-02,-5.362230503522e-03,-6.090466772174e-03,-2.732835283348e-02,-2.562015511025e-02
467.80000000,5.265135969903e+12,-1.260033787443e-02,-1.431156979489e-02,-4.040405147606e-02,-4.589126349837e-02,-1.516311642263e-02,-1.421532417522e-02
468.00000000,9.403625543029e+12,-3.181853122002e-02,-3.613975552594e-02,-1.759224352421e-02,-1.998141903110e-02,-2.696390312745e-02,-2.527848585359e-02
468.20000000,3.320006746696e+12,-8.813259892613e-03,-1.001017475330e-02,2.934171684459e-03,3.332657023289e-03,-1.160608671641e-03,-1.088063169080e-03
468.40000000,1.271107348197e+13,-2.684141472959e-02,-3.048670473160e-02,-4.434420044398e-03,-5.036651803112e-03,-1.702120103781e-02,-1.595726655788e-02
468.60000000,9.102047489606e+12,-2.311916387370e-02,-2.625894088519e-02,1.750557146405e-02,1.988297617189e-02,6.754646067956e-03,6.332437268736e-03
468.80000000,-4.135728316850e+12,-3.276641859711e-02,-3.721637398572e-02,1.393468206358e-02,1.582712977992e-02,-6.054104775800e-03,-5.675684310533e-03
469.00000000,-2.159694481413e+12,-2.985410987632e-02,-3.390854923235e-02,-2.066699923004e-02,-2.347375257525e-02,-2.700378854309e-02,-2.531587817436e-02
469.20000000,-3.308436380498e+12,-3.684930177533e-02,-4.185374705870e-02,-4.771225333198e-02,-5.419198099617e-02,-5.159554084916e-02,-4.837048788149e-02
469.40000000,1.032133116217e+13,2.688630207203e-02,3.053768815289e-02,-8.900658489514e-03,-1.010944321495e-02,-1.856558245454e-03,-1.740511420852e-03
469.60000000,9.095485511771e+12,-5.371662456163e-03,-6.101179422495e-03,-6.645142703609e-03,-7.547609302901e-03,-2.404410428859e-02,-2.254119321111e-02
469.80000000,9.587405022489e+12,1.193410298155e-02,1.355485459691e-02,1.445670735613e-02,1.642005052370e-02,-8.743581975835e-03,-8.197051897166e-03
470.00000000,1.134521833841e+13,-1.119247283879e-02,-1.271250483963e-02,1.787963308641e-02,2.030783852725e-02,3.666593071876e-03,3.437407435423e-03
470.20000000,6.582406977775e+12,2.704191212533e-03,3.071443136095e-03,2.830061133406e-02,3.214407378591e-02,1.965037022750e-02,1.842209577248e-02
470.40000000,2.419891889033e+13,-2.495200088174e-02,-2.834069258300e-02,8.773047387864e-03,9.964501446067e-03,-1.573798952980e-02,-1.475426401781e-02
470.60000000,2.434562795157e+13,-7.683099484469e-03,-8.726529050954e-03,-1.640315369714e-02,-1.863084074540e-02,-1.008550529714e-02,-9.455096384783e-03
470.80000000,9.281745229560e+12,1.832673623070e-02,2.081566123798e-02,1.781881340384e-02,2.023875901724e-02,1.230401807933e-02,1.153493785712e-02
471.00000000,4.124170631870e+11,8.094647633120e-02,9.193968901543e-02,7.122592778220e-02,8.089901137032e-02,9.631885942556e-02,9.029831155804e-02
471.20000000,1.917814207991e+13,3.608711182297e-02,4.098804529667e-02,2.978008175586e-02,3.382446880781e-02,3.239005912431e-02,3.036547222042e-02
471.40000000,8.056496758527e+12,3.907346773160e-02,4.437997346913e-02,3.555764609301e-02,4.038667526209e-02,3.384772650456e-02,3.173202601929e-02
471.60000000,-3.786009206629e+12,1.712039905807e-02,1.944549332547e-02,3.439871311606e-02,3.907034938190e-02,1.715485761223e-02,1.608256873723e-02
471.80000000,6.627268498233e+12,1.473168935204e-02,1.673237673937e-02,2.299182891483e-02,2.611431380007e-02,1.233448685802e-02,1.156350214129e-02
472.00000000,-1.409116986220e+13,2.784194294339e-03,3.162311309670e-03,4.914237480675e-03,5.581632506653e-03,-8.620797395110e-03,-8.081942142016e-03
472.20000000,1.547635706290e+13,3.057057155630e-02,3.472231243779e-02,2.166055536874e-02,2.460224204340e-02,4.910597441203e-02,4.603653535002e-02
472.40000000,9.137554036729e+12,4.417824224236e-02,5.017801931726e-02,4.451828055015e-02,5.056423968849e-02,6.347492751701e-02,5.950733651995e-02
472.60000000,1.559640208933e+13,4.338305431067e-02,4.927483817260e-02,3.245163589609e-02,3.685884260254e-02,4.928672001628e-02,4.620598319214e-02
472.80000000,2.580543152576e+12,-2.951825923419e-03,-3.352708724669e-03,-2.263428752424e-04,-2.570821526367e-04,-1.033392136335e-02,-9.687984849997e-03
473.00000000,4.639946804697e+12,2.016229423669e-04,2.290050346822e-04,8.252592235805e-03,9.373364081133e-03,-1.935586064054e-02,-1.814599492786e-02
473.20000000,1.912184383332e+13,-1.848282486526e-03,-2.099294802266e-03,7.840173904657e-03,8.904935851418e-03,-9.191668227994e-03,-8.617129878193e-03
473.40000000,-1.363090097331e+13,-2.778385067475e-02,-3.155713140911e-02,-2.038402914885e-02,-2.315235276300e-02,-3.048522619064e-02,-2.857970358970e-02
473.60000000,-5.614923363541e+12,-5.366659763355e-02,-6.095497321904e-02,-3.751745790765e-02,-4.261264610183e-02,-5.514710453815e-02,-5.170005600988e-02
473.80000000,1.133875876349e+12,6.149239171563e-04,6.984357599485e-04,1.792807235785e-03,2.036285626157e-03,5.901673909007e-03,5.532781352767e-03
474.00000000,-3.986858650402e+12,5.996449121964e-03,6.810817375355e-03,3.640029183606e-02,4.134375942611e-02,3.329099335563e-02,3.121009227093e-02
474.20000000,-4.528133925658e+12,-1.398877953126e-02,-1.588857351304e-02,8.892029235825e-03,1.009964203561e-02,5.300337451115e-03,4.969032288982e-03
474.40000000,1.520540526085e+13,-3.102367902935e-02,-3.523695571877e-02,-9.257484097175e-03,-1.051472875900e-02,-1.484935205255e-02,-1.392117209519e-02
474.60000000,4.903829246820e+12,-5.463686235264e-02,-6.205700805217e-02,-5.420211230564e-02,-6.156321772485e-02,-5.134438250688e-02,-4.813502855008e-02
474.80000000,-1.693710521955e+12,-2.966804197219e-02,-3.369721174100e-02,-2.171689960621e-02,-2.466623830501e-02,-2.258042508224e-02,-2.116900336393e-02
475.00000000,-5.070383267707e+12,-1.537492359839e-02,-1.746296760946e-02,-1.832655401405e-02,-2.081545509797e-02,-3.104771906885e-02,-2.910703704722e-02
475.20000000,1.606886664502e+13,9.353115714958e-03,1.062334753943e-02,8.763229954118e-03,9.953350721761e-03,-1.750687887664e-03,-1.641258640976e-03
475.40000000,-1.556886692715e+13,6.319252589693e-02,7.177460270526e-02,3.522203028307e-02,4.000547998574e-02,4.866443417161e-02,4.562259421292e-02
475.60000000,1.525383635305e+13,9.229285429156e-02,1.048270005873e-01,1.025955032940e-01,1.165288406338e-01,1.248526742874e-01,1.170485795710e-01
475.80000000,5.677591317973e+12,-2.249173716449e-02,-2.554630434880e-02,-2.419924097799e-02,-2.748570263651e-02,-3.330464105221e-02,-3.122288689875e-02
476.00000000,5.862488670794e+12,-3.348762367836e-02,-3.803552478623e-02,-4.010218329691e-02,-4.554839906658e-02,-2.818620434453e-02,-2.642438538745e-02
476.20000000,1.503926301742e+13,-4.967796866077e-02,-5.642465486579e-02,-4.908332484246e-02,-5.574925561750e-02,-4.849195516413e-02,-4.546089625213e-02
476.40000000,2.589014655359e+13,-4.406390850268e-02,-5.004815809356e-02,-4.439892570174e-02,-5.042867544187e-02,-5.926247531633e-02,-5.555818966015e-02
476.60000000,1.323850404675e+13,2.320666151293e-03,2.635832144015e-03,4.356451229219e-03,4.948094163190e-03,-2.098769561172e-02,-1.967582972364e-02
476.80000000,8.071122615362e+12,1.851113801959e-02,2.102510634162e-02,1.246355788215e-02,1.415621448844e-02,-9.452035303470e-03,-8.861222337769e-03
477.00000000,1.225978590300e+13,2.731479870217e-02,3.102437823138e-02,2.575734657791e-02,2.925541215901e-02,-1.794248176149e-03,-1.682096131417e-03
477.20000000,1.183000291856e+13,6.334288123609e-02,7.194537756479e-02,5.599173595239e-02,6.359588740365e-02,2.765111669322e-02,2.592274415398e-02
477.40000000,-6.765473606609e+12,-6.272804049397e-03,-7.124703627575e-03,-1.352567925308e-02,-1.536258092744e-02,-2.741651605578e-02,-2.570280756443e-02
477.60000000,1.002491036926e+13,-2.743476896036e-02,-3.116064146023e-02,-3.014636191716e-02,-3.424049291388e-02,-1.352849252403e-02,-1.268287477791e-02
477.80000000,-6.172628363379e+12,-1.398550154822e-02,-1.588485035231e-02,-1.625021032641e-02,-1.845712637098e-02,-1.311315209047e-02,-1.229349579133e-02
478.00000000,1.801881955461e+13,8.612100039988e-03,9.781695699843e-03,-1.841362746913e-02,-2.091435386491e-02,-9.092197846146e-03,-8.523877034623e-03
478.20000000,-6.212499736353e+10,3.697444826057e-02,4.199588948981e-02,1.880031312858e-02,2.135355470842e-02,1.254668568570e-02,1.176243717819e-02
478.40000000,-1.429631922813e+13,2.662800265612e-02,3.024430950260e-02,1.174829169817e-02,1.334380910528e-02,-3.536206533247e-03,-3.315170893604e-03
478.60000000,8.074687392550e+12,2.553463369401e-02,2.900245183428e-02,1.651288091388e-02,1.875546984651e-02,-1.727623155413e-02,-1.619635602754e-02
478.80000000,1.737517529589e+13,5.979918189318e-01,6.792041402939e-01,5.840694334161e-01,6.633910038978e-01,6.628704212304e-01,6.214367588637e-01
479.00000000,5.266258029450e+12,1.267222945561e+03,1.439322485779e+03,1.267204046926e+03,1.439301077471e+03,1.497516200636e+03,1.403911811816e+03
479.20000000,7.922861282707e+12,1.073375100472e+06,1.219148472017e+06,1.073375069782e+06,1.219148485372e+06,1.268453587905e+06,1.189167084834e+06
479.40000000,2.689220581624e+12,3.606467983027e+08,4.096256685058e+08,3.606467982609e+08,4.096256846579e+08,4.261918547314e+08,3.995521241795e+08
479.60000000,9.472870213610e+12,4.833066490569e+10,5.489437592264e+10,4.833066490566e+10,5.489437809353e+10,5.711442833715e+10,5.354440942516e+10
479.80000000,1.304250859536e+13,2.598791000335e+12,2.951728688094e+12,2.598791000335e+12,2.951728804827e+12,3.071103255904e+12,2.879139560855e+12
480.00000000,5.205146216040e+13,5.644245349089e+13,6.410781366180e+13,5.644245349089e+13,6.410781619709e+13,6.670047828577e+13,6.253126963129e+13
480.20000000,4.870053436445e+14,4.985712076596e+14,5.662813733450e+14,4.985712076596e+14,5.662813957399e+14,5.891830697221e+14,5.523553404990e+14
480.40000000,1.762986646923e+15,1.802999091006e+15,2.047861540556e+15,1.802999091006e+15,2.047861621544e+15,2.130681681624e+15,1.997500380151e+15
480.60000000,2.938606177938e+15,2.681550983697e+15,3.045728173656e+15,2.681550983697e+15,3.045728294106e+15,3.168904292754e+15,2.970827404220e+15
480.80000000,2.143539652276e+15,1.642733905944e+15,1.865830994664e+15,1.642733905944e+15,1.865831068452e+15,1.941289413070e+15,1.819946345827e+15
481.00000000,7.433936817205e+14,4.138149654444e+14,4.700145201778e+14,4.138149654444e+14,4.700145387656e+14,4.890233800475e+14,4.584562752720e+14
481.20000000,1.315282275414e+14,4.684125422465e+13,5.320269073710e+13,4.684125422465e+13,5.320269284112e+13,5.537493263884e+13,5.191364338976e+13
481.40000000,9.930170002924e+13,8.678312154993e+13,9.856899977267e+13,8.678312154993e+13,9.856900367080e+13,1.029716129773e+14,9.653522524778e+13
481.60000000,6.980220786679e+14,6.989060302349e+14,7.938233507273e+14,6.989060302349e+14,7.938233821208e+14,8.293499890975e+14,7.775102835812e+14
481.80000000,2.409324015248e+15,2.353641147550e+15,2.673285422262e+15,2.353641147550e+15,2.673285527983e+15,2.792925690939e+15,2.618349881871e+15
482.00000000,3.606756717986e+15,3.260686403776e+15,3.703515057448e+15,3.260686403776e+15,3.703515203912e+15,3.869262244987e+15,3.627408482423e+15
482.20000000,2.462429760151e+15,1.860617073860e+15,2.113304530360e+15,1.860617073860e+15,2.113304613936e+15,2.207883403915e+15,2.069876498534e+15
482.40000000,7.884531297826e+14,4.363640994684e+14,4.956260163626e+14,4.363640994684e+14,4.956260359632e+14,5.178072730904e+14,4.854409899721e+14
482.60000000,1.323226652523e+14,4.185236983439e+13,4.753627386310e+13,4.185236983439e+13,4.753627574303e+13,4.966371322187e+13,4.655941189900e+13
482.80000000,2.107075081526e+12,1.630784388911e+12,1.852258632658e+12,1.630784388911e+12,1.852258705910e+12,1.935154652844e+12,1.814195047550e+12
483.00000000,-1.186647875633e+13,2.563493987065e+10,2.911638043382e+10,2.563493987063e+10,2.911638158527e+10,3.041945551073e+10,2.851804400006e+10
483.20000000,1.485096981390e+13,1.614998359413e+08,1.834328727508e+08,1.614998359067e+08,1.834328799657e+08,1.916422312099e+08,1.796633598516e+08
483.40000000,-1.287853691545e+13,4.053907104562e+05,4.604461804686e+05,4.053906604370e+05,4.604461418657e+05,4.810529616232e+05,4.509840592344e+05
483.60000000,1.276629501136e+13,4.032899882340e+02,4.580601624901e+02,4.032653470153e+02,4.580321929005e+02,4.785368830469e+02,4.486252517429e+02
483.80000000,6.704148214506e+12,1.866719478142e-01,2.120235692499e-01,1.669767552167e-01,1.896536112547e-01,1.762169153762e-01,1.652022254139e-01
484.00000000,8.015489501258e+12,-8.323893333189e-03,-9.454348096879e-03,-2.341016639479e-02,-2.658946504908e-02,-3.154646424762e-02,-2.957460744629e-02
484.20000000,9.574710296840e+12,2.680211529094e-02,3.044206809846e-02,4.500641745334e-04,5.111866971298e-04,-1.702944356159e-03,-1.596499387093e-03
484.40000000,1.801638195699e+12,3.696876298433e-02,4.198943210521e-02,-2.011849795005e-02,-2.285076018093e-02,4.710770278101e-03,4.416316854116e-03
484.60000000,1.184236320850e+13,2.401935359281e-02,2.728138394361e-02,-2.166700290845e-02,-2.460956521354e-02,-1.799129155840e-02,-1.686672018502e-02
484.80000000,3.409643112849e+12,-9.148186517872e-03,-1.039058723281e-02,-3.589428133035e-02,-4.076902841270e-02,-5.222733843699e-02,-4.896279405878e-02
485.00000000,9.321592663404e+12,1.720890166516e-02,1.954601533140e-02,-5.557868269363e-03,-6.312673801777e-03,-7.525073544314e-03,-7.054708075387e-03
485.20000000,9.677515436253e+11,1.175375659427e-02,1.335001565255e-02,1.021898821960e-02,1.160681327590e-02,7.985115401487e-03,7.485994359263e-03
485.40000000,3.288397984520e+13,-1.327939739639e-03,-1.508285131450e-03,-1.583390094146e-02,-1.798427864943e-02,-2.152934052961e-02,-2.018361835238e-02
485.60000000,3.389353441235e+13,2.883265939985e-02,3.274837718523e-02,-7.931155718640e-03,-9.008273765476e-03,-1.376854102416e-03,-1.290791870371e-03
485.80000000,3.146658758390e+12,2.132529028673e-02,2.422144416891e-02,-1.887595396067e-02,-2.143946820545e-02,-3.045764957724e-02,-2.855385069189e-02
486.00000000,1.323045553696e+12,-1.904602542274e-02,-2.163263595541e-02,-6.815524860843e-02,-7.741130798578e-02,-7.051698247949e-02,-6.610921777979e-02
486.20000000,1.068537632524e+13,-7.322792594623e-03,-8.317289453334e-03,-2.667572334890e-02,-3.029851226527e-02,-4.015950429551e-02,-3.764927712516e-02
486.40000000,1.384806596645e+13,-2.336527604633e-02,-2.653847716199e-02,-3.385329586336e-04,-3.845085985182e-04,-2.627145191461e-02,-2.462931729275e-02
486.60000000,5.562186491342e+12,-4.607382874583e-02,-5.233104242005e-02,-5.149286529313e-02,-5.848603204690e-02,-6.182400485316e-02,-5.795960713500e-02
486.80000000,7.137834197833e+12,-5.986168621707e-03,-6.799140696647e-03,1.418195325352e-02,1.610798248944e-02,1.239282629161e-02,1.161819498526e-02
487.00000000,3.739162177181e+12,-2.900699630735e-03,-3.294639051188e-03,9.073487310832e-03,1.030574365240e-02,2.982316171180e-03,2.795902239664e-03
487.20000000,2.565149143622e+12,1.394293129067e-02,1.583649869554e-02,-7.284163650398e-03,-8.273414700596e-03,-4.185001756743e-02,-3.923412245069e-02
487.40000000,-1.167628288239e+13,-5.424822069775e-03,-6.161558558997e-03,-1.209929993736e-02,-1.374248723300e-02,-4.505241174879e-02,-4.223634641020e-02
487.60000000,3.427336714013e+12,-2.248408868526e-02,-2.553761714173e-02,-2.409160029963e-02,-2.736344344336e-02,-4.145526103616e-02,-3.886404074018e-02
487.80000000,1.233676301658e+13,-2.869752290644e-02,-3.259488801879e-02,-3.085794703849e-02,-3.504871731492e-02,-3.080270653942e-02,-2.887733937585e-02
488.00000000,8.376110186761e+12,-1.552944447766e-02,-1.763847372449e-02,-8.232025968387e-03,-9.350004740602e-03,2.872821931351e-03,2.693252093672e-03
488.20000000,1.161432900436e+13,1.440350181823e-02,1.635961857664e-02,1.616303770353e-02,1.835811496840e-02,2.995672965011e-02,2.808424148020e-02
488.40000000,1.725613370622e+13,1.104040515291e-01,1.253978508230e-01,8.162915844677e-02,9.271508877398e-02,7.799571337996e-02,7.312047992447e-02
488.60000000,1.288054233030e+13,2.538049001140e-02,2.882737414239e-02,2.053722396792e-02,2.332635273458e-02,2.674741096234e-02,2.507552584045e-02
488.80000000,1.304846228978e+13,7.175103013033e-04,8.149542383701e-04,5.814962984347e-03,6.604684154164e-03,-1.997018625036e-02,-1.872192123808e-02
489.00000000,9.678257442566e+12,-2.843725257180e-02,-3.229927078242e-02,-2.840937446219e-02,-3.226760786702e-02,-2.990457314181e-02,-2.803534508894e-02
489.20000000,1.894394810366e+13,-1.393231798454e-02,-1.582444401312e-02,-2.059792240052e-02,-2.339529452786e-02,-7.959774504954e-03,-7.462237431658e-03
489.40000000,1.275317861989e+13,2.209217167865e-02,2.509247450748e-02,1.606623931168e-03,1.824817053600e-03,2.125768707095e-02,1.992894498111e-02
489.60000000,9.417348256226e+12,2.341540283532e-02,2.659541159076e-02,2.148479146507e-02,2.440260791459e-02,3.529450830597e-02,3.308837465796e-02
489.80000000,1.010973313256e+13,4.292336886999e-03,4.875272358064e-03,2.896215168968e-02,3.289545691869e-02,3.799311450488e-02,3.561830062235e-02
490.00000000,1.687889670111e+13,1.604572012060e-02,1.822486394442e-02,3.769994046800e-02,4.281991133773e-02,4.100646873437e-02,3.844330084216e-02
490.20000000,9.175637071364e+12,3.125321052547e-02,3.549765952367e-02,7.205470076420e-03,8.184033873498e-03,5.971446292710e-02,5.598192513980e-02
490.40000000,1.071992019004e+13,-1.404613028297e-02,-1.595371297946e-02,-2.645812063256e-02,-3.005135725906e-02,5.036733680282e-03,4.721905448314e-03
490.60000000,2.285404440664e+12,3.934170354071e-03,4.468463795843e-03,-1.457505545054e-02,-1.655447129059e-02,9.017152818886e-03,8.453522803969e-03
490.80000000,-2.931025421127e+12,2.616692302082e-02,2.972061137265e-02,1.790960178481e-02,2.034187722844e-02,3.189262099159e-02,2.989912716862e-02
491.00000000,1.237789861829e+13,2.053392821312e-02,2.332260846606e-02,2.858682842958e-02,3.246916158450e-02,1.705405890041e-02,1.598807059285e-02
491.20000000,6.499016555576e+12,5.082180311590e-03,5.772383166578e-03,2.919820698402e-02,3.316357051910e-02,3.799372815670e-03,3.561887591699e-03
491.40000000,2.470405707424e+13,4.084568773719e-02,4.639287586545e-02,4.897245227959e-02,5.562332562258e-02,8.614011976579e-02,8.075580855761e-02
491.60000000,1.139464515368e+13,5.720762255118e-02,6.497689911970e-02,4.046066615365e-02,4.595556692816e-02,6.616857124729e-02,6.203261020191e-02
491.80000000,1.357090268687e+13,5.700516129707e-02,6.474694192348e-02,3.234979221160e-02,3.674316768405e-02,7.146122771263e-02,6.699444161610e-02
492.00000000,1.343684617081e+13,3.045483991726e-02,3.459086346824e-02,1.754998468696e-02,1.993342108623e-02,5.871822754681e-03,5.504796087474e-03
492.20000000,1.080807773761e+13,1.014356799035e-02,1.152114988581e-02,3.450244353141e-03,3.918816726526e-03,-6.518213871085e-04,-6.110783603991e-04
492.40000000,2.291862044812e+12,-1.222155139945e-02,-1.388134092896e-02,3.919926692622e-03,4.452285901378e-03,-1.983641550696e-02,-1.859651202604e-02
492.60000000,9.619186911241e+12,1.605777919356e-02,1.823856074097e-02,3.183914322907e-02,3.616316824944e-02,7.254356680565e-04,6.800912755838e-04
492.80000000,2.057986120608e+12,-8.361246913857e-03,-9.496774608148e-03,-1.323072428208e-02,-1.502756857597e-02,-4.564400323434e-02,-4.279095962505e-02
493.00000000,9.855237718216e+12,3.373543398977e-02,3.831698982336e-02,1.960990446969e-02,2.227309540306e-02,4.738451922796e-03,4.442268218075e-03
493.20000000,-7.887804169280e+12,2.431974841485e-02,2.762257491044e-02,1.125601586407e-02,1.278467804809e-02,-2.674852916610e-02,-2.507657414928e-02
493.40000000,5.450482985751e+12,4.308960343850e-02,4.894153420248e-02,2.854466729662e-02,3.242127461299e-02,1.370989852642e-02,1.285294173904e-02
493.60000000,2.767268259899e+12,-1.834931419399e-02,-2.084130547868e-02,7.359649661155e-03,8.359152350252e-03,-2.958874415610e-02,-2.773925744505e-02
493.80000000,8.233965922123e+12,-3.622081385325e-02,-4.113990518782e-02,-5.854224052920e-03,-6.649277208011e-03,-1.187313806788e-02,-1.113099061616e-02
494.00000000,1.424790475238e+13,-3.118154897949e-02,-3.541626573668e-02,-1.407909904429e-02,-1.599115980842e-02,-2.717491432975e-02,-2.547630749933e-02
494.20000000,2.620321681956e+12,1.101845787460e-02,1.251485717891e-02,7.117812082765e-03,8.084471182690e-03,-4.171967494171e-03,-3.911192707693e-03
494.40000000,3.415668488835e+12,-1.926881881104e-02,-2.188568656074e-02,-4.291624283585e-02,-4.874463169881e-02,-5.771850839848e-02,-5.411073059954e-02
494.60000000,-7.977617356408e+12,-3.684261230896e-02,-4.184614910650e-02,-4.196621432597e-02,-4.766558127972e-02,4.052589613373e-03,3.799276711827e-03
494.80000000,1.582122919850e+13,-7.624434117960e-02,-8.659896433981e-02,-4.973018122804e-02,-5.648396057286e-02,-5.260601768813e-02,-4.931780342252e-02
495.00000000,2.190889763926e+12,-3.301491676231e-02,-3.749862029297e-02,-1.219769207652e-02,-1.385424185709e-02,-2.258353121058e-02,-2.117191533928e-02
495.20000000,7.291029120517e+12,-4.115718766288e-02,-4.674668010245e-02,-2.833420697021e-02,-3.218223199369e-02,-3.687634465037e-02,-3.457133606253e-02
495.40000000,2.084279791246e+13,-5.997653499469e-03,-6.812185317459e-03,-1.845274825595e-02,-2.095878758556e-02,-4.414337785349e-03,-4.138413297677e-03
495.60000000,3.522227003170e+12,1.566966861863e-02,1.779774148385e-02,5.611454265626e-03,6.373537229689e-03,2.121826440090e-02,1.989198648136e-02
495.80000000,1.635471966808e+13,1.673591512016e-02,1.900879323320e-02,2.006790418470e-03,2.279329535421e-03,3.338025485814e-02,3.129377435576e-02
496.00000000,1.977165825677e+13,-1.183259296640e-02,-1.343955866745e-02,-2.098637396982e-02,-2.383650110671e-02,-1.233803384284e-02,-1.156682741675e-02
496.20000000,1.509613896806e+13,7.069483972447e-03,8.029579388571e-03,-8.194783232000e-03,-9.307704125527e-03,-1.119261933000e-03,-1.049300867388e-03
496.40000000,2.784580994604e+12,3.798041962792e-03,4.313848023452e-03,-1.198748293645e-02,-1.361548453736e-02,-4.216529376863e-02,-3.952969186267e-02
496.60000000,1.208453022863e+13,-2.597165200921e-03,-2.949882091437e-03,-2.900713427462e-02,-3.294654851922e-02,-2.122902268052e-02,-1.990207229935e-02
496.80000000,-6.989542170412e+12,7.832420316007e-03,8.896128908014e-03,-2.612258368514e-02,-2.967025155542e-02,-2.383134759286e-02,-2.234173517650e-02
497.00000000,-3.511417611878e+12,2.000418278287e-02,2.272091914835e-02,3.362154258039e-03,3.818763251237e-03,-1.833635651338e-03,-1.719021636218e-03
497.20000000,-7.895699101261e+12,1.077811573779e-03,1.224187455734e-03,1.125725931524e-02,1.278609037045e-02,-2.146980238998e-03,-2.012780172919e-03
497.40000000,6.808427865903e+12,-4.969278050500e-03,-5.644147828310e-03,-2.630869223611e-03,-2.988163522216e-03,-1.058997980325e-02,-9.928037991416e-03
497.60000000,1.392403846880e+13,-6.687027827529e-03,-7.595182480643e-03,-9.280203171465e-03,-1.054053327579e-02,-3.560252907423e-02,-3.337714214820e-02
497.80000000,9.844176215202e+12,-2.821303691589e-02,-3.204460475358e-02,-3.237840367610e-02,-3.677566482750e-02,-6.292181039876e-02,-5.898879277712e-02
498.00000000,1.189831875149e+13,-1.236456031019e-02,-1.404377165326e-02,-2.675179472052e-02,-3.038491477275e-02,-3.818059862482e-02,-3.579406577962e-02
498.20000000,3.499950664647e+12,8.833019055095e-03,1.003261737633e-02,-1.722738416261e-02,-1.956700868136e-02,-1.433465489180e-02,-1.343864681555e-02
498.40000000,4.671442960351e+12,1.947479720607e-02,2.211963855522e-02,-1.741468625674e-03,-1.977974798450e-03,1.214089669530e-02,1.138201260817e-02
498.60000000,4.918969416050e+12,-4.303141226793e-03,-4.887544018125e-03,-7.705183670041e-03,-8.751612800878e-03,3.959184858232e-04,3.711710354306e-04
498.80000000,1.021537601751e+12,-9.923462143156e-03,-1.127115181228e-02,-8.656933977355e-03,-9.832618852053e-03,-2.312184231469e-02,-2.167657853903e-02
499.00000000,-2.678833526859e+12,-4.121487557748e-02,-4.681220252131e-02,-2.933468937507e-02,-3.331858837354e-02,-5.378979348281e-02,-5.042758562052e-02
499.20000000,1.482419138840e+13,-2.190083707662e-02,-2.487515505633e-02,-3.649583716036e-02,-4.145228061380e-02,-4.235843851662e-02,-3.971076382235e-02
499.40000000,6.603552713079e+12,-4.797390465912e-02,-5.448916463230e-02,-5.094798718790e-02,-5.786715488513e-02,-3.069858870012e-02,-2.877972957080e-02
499.60000000,1.420280865522e+13,-4.564307381975e-02,-5.184178735003e-02,-5.612301561555e-02,-6.374499595573e-02,-2.212693365891e-02,-2.074385806967e-02
499.80000000,7.439422833867e+12,-3.553219736900e-02,-4.035776879001e-02,-2.742316221270e-02,-3.114745965036e-02,-1.426213081681e-02,-1.337065596144e-02
500.00000000,-4.334176366967e+12,1.478589106130e-02,1.679393949688e-02,-7.918456823295e-03,-8.993850252706e-03,2.255683032340e-02,2.114688342919e-02
500.20000000,-1.427951926621e+12,-1.611354226959e-02,-1.830189691200e-02,-1.813365093519e-02,-2.059635414897e-02,-7.619311971843e-03,-7.143055995416e-03
500.40000000,1.469298235858e+13,-3.116244509707e-02,-3.539456738626e-02,-2.000222139877e-02,-2.271869229024e-02,-2.284015267696e-02,-2.141249631440e-02
500.60000000,9.061819016842e+12,-2.809846143080e-02,-3.191446895341e-02,-6.904910317675e-03,-7.842655556678e-03,-1.615182209046e-02,-1.514222938325e-02
500.80000000,6.750992070602e+12,-1.240780468570e-02,-1.409288897888e-02,-1.373464686085e-02,-1.559992810429e-02,-1.426319817483e-03,-1.337165660273e-03
501.00000000,1.320179944870e+12,4.920117264648e-02,5.588310594032e-02,2.973960605461e-02,3.377849616389e-02,4.497052661072e-02,4.215957961963e-02
501.20000000,3.459075808559e+12,5.218549685640e-02,5.927272649228e-02,3.045271829081e-02,3.458845507494e-02,3.077468245485e-02,2.885106697672e-02
501.40000000,4.602575564530e+12,5.901050697080e-02,6.702463041553e-02,2.075289086094e-02,2.357130901629e-02,1.687049908838e-02,1.581598444902e-02
501.60000000,1.400652742612e+13,1.407733764354e-02,1.598915856222e-02,3.130453308670e-02,3.555595352675e-02,5.198959825506e-03,4.873991416645e-03
501.80000000,7.937296754895e+12,6.872986866782e-04,7.806396322354e-04,3.050272449371e-02,3.464525254327e-02,-1.677353197239e-03,-1.572507840110e-03
502.00000000,3.228135113821e+12,-1.390222532155e-03,-1.579026451325e-03,4.081927179892e-02,4.636287425398e-02,8.337932825278e-03,7.816758426098e-03
502.20000000,1.486780655376e+13,1.310527909547e-03,1.488508628304e-03,4.378127432900e-02,4.972714178719e-02,4.406521009272e-03,4.131085120353e-03
502.40000000,3.258683847906e+13,-1.245620526700e-02,-1.414786276644e-02,1.136037703938e-02,1.290321235394e-02,-8.616188721400e-03,-8.077621540038e-03
502.60000000,-1.871063267115e+11,5.145441321675e-03,5.844235554199e-03,2.754210878102e-02,3.128256016899e-02,-2.222056976260e-02,-2.083164131497e-02
502.80000000,1.933875547493e+12,1.004256735579e-02,1.140643251511e-02,3.888367254371e-02,4.416440424409e-02,-5.625615230955e-03,-5.273978116643e-03
503.00000000,1.113324049267e+13,-1.197936876952e-02,-1.360626785981e-02,7.183234394404e-03,8.158778397743e-03,-2.883523504364e-02,-2.703284749579e-02
503.20000000,-8.281968697291e+12,-7.777599311261e-03,-8.833862749480e-03,2.347157998420e-02,2.665921912352e-02,3.191605472604e-03,2.992109614403e-03
503.40000000,-1.308923838456e+12,-2.355704125474e-02,-2.675628569948e-02,-7.201550257400e-03,-8.179581709891e-03,-2.861266082980e-02,-2.682418560106e-02
503.60000000,2.394720725370e+13,-2.456973135389e-02,-2.790650763632e-02,-1.266365805392e-02,-1.438348995645e-02,-3.507276928964e-02,-3.288049575552e-02
503.80000000,1.033062528019e+13,-1.978898169529e-02,-2.247649194206e-02,5.123158995285e-03,5.818927330493e-03,-4.290575008183e-02,-4.022386489651e-02
504.00000000,1.354197472386e+13,3.499164004574e-03,3.974379923324e-03,5.993262541497e-03,6.807198299650e-03,-2.793857309424e-02,-2.619223268212e-02
504.20000000,1.568249960029e+13,1.331252608601e-02,1.512047915897e-02,1.977952272607e-02,2.246574925368e-02,-2.529033445563e-02,-2.370952598173e-02
504.40000000,1.212122046623e+13,-7.650142465856e-03,-8.689096191867e-03,-1.939374419876e-03,-2.202757873855e-03,-6.900722492447e-03,-6.469382977692e-03
504.60000000,5.758004466693e+12,-4.931129038521e-02,-5.600817859466e-02,-5.133620991068e-02,-5.830810153815e-02,-2.928814664843e-02,-2.745744921389e-02
504.80000000,-8.043506665975e+12,-2.845126683478e-02,-3.231518830025e-02,-1.018075230620e-02,-1.156338460197e-02,-1.284443842762e-02,-1.204157845973e-02
505.00000000,-3.887763961284e+12,1.467407806248e-02,1.666694135187e-02,9.181106622809e-03,1.042797857744e-02,-2.320931808357e-02,-2.175858651004e-02
505.20000000,3.361290055754e+12,2.501592797507e-02,2.841330151359e-02,1.959594810057e-02,2.225724364094e-02,-1.378046889167e-02,-1.291910100282e-02
505.40000000,7.946727214847e+12,2.832584680134e-02,3.217273517081e-02,6.564697741916e-03,7.456239234820e-03,-4.524953326538e-02,-4.242114656487e-02
505.60000000,-3.743692289170e+12,1.141903933838e-02,1.296984097653e-02,-1.614403733464e-02,-1.833653418867e-02,-2.940190093640e-02,-2.756409312763e-02
505.80000000,4.712364469475e+12,-3.679602283608e-02,-4.179323239114e-02,-4.540286592581e-02,-5.156895924205e-02,-3.115165686680e-02,-2.920447806467e-02
506.00000000,-1.020592952557e+12,-5.247028400044e-02,-5.959619012708e-02,-8.626643290087e-02,-9.798214433184e-02,5.039265447731e-03,4.724278964023e-03
506.20000000,7.696728646281e+12,-4.747059008348e-02,-5.391749570169e-02,-4.751009571365e-02,-5.396236866296e-02,-6.066721130546e-02,-5.687512062008e-02
506.40000000,1.145722727680e+13,-6.022157277123e-02,-6.840016914328e-02,-3.538098836035e-02,-4.018602591475e-02,-5.140537980324e-03,-4.819221312332e-03
506.60000000,1.930763991563e+13,1.187967822106e-02,1.349303849594e-02,2.251943564530e-02,2.557776552793e-02,-3.222727467624e-02,-3.021286284677e-02
506.80000000,2.489134080875e+12,2.739743034567e-02,3.111823194744e-02,2.157396247565e-02,2.450388910282e-02,-1.589077640943e-03,-1.489750073532e-03
507.00000000,2.670938717902e+12,1.675590390645e-03,1.903149666489e-03,6.590451461262e-03,7.485490527138e-03,1.517358638298e-02,1.422513969574e-02
507.20000000,-1.649572792705e+12,-4.517382274824e-02,-5.130880803406e-02,-9.120406769057e-03,-1.035903517000e-02,1.044014292036e-02,9.787566876889e-03
507.40000000,2.978602007216e+12,-1.389770412477e-01,-1.578512929991e-01,-6.641725006137e-02,-7.543727453197e-02,4.779471284422e-03,4.480723605921e-03
507.60000000,1.478961899222e+12,-1.517421481595e-01,-1.723500088532e-01,-7.968972846178e-02,-9.051226778879e-02,-8.611943279549e-02,-8.073641465594e-02
507.80000000,1.402811710254e+13,-4.999602056977e-02,-5.678590090057e-02,4.214835099374e-03,4.787245364792e-03,1.388894824695e-02,1.302079970108e-02
508.00000000,5.265987700980e+12,2.300362793600e-02,2.612771419486e-02,2.176568796632e-02,2.472165253719e-02,3.236826421430e-02,3.034503963240e-02
508.20000000,5.883523835746e+12,7.949813758553e-03,9.029465367972e-03,1.408554749513e-03,1.599848401344e-03,-3.837580525805e-03,-3.597707074345e-03
508.40000000,-9.124456987981e+12,-9.206921022977e-03,-1.045729837799e-02,-5.586794359689e-03,-6.345528299894e-03,-1.344189052860e-02,-1.260168596388e-02
508.60000000,2.100918971678e+12,-3.798054796615e-02,-4.313862600214e-02,-1.838838232043e-02,-2.088568021144e-02,-1.913225505070e-02,-1.793636612475e-02
508.80000000,-4.842092727575e+12,-4.556760003643e-02,-5.175606359178e-02,-7.542767941689e-03,-8.567139642523e-03,-2.744162586306e-02,-2.572634784735e-02
509.00000000,-1.135024075736e+12,-2.322179681807e-02,-2.637551224710e-02,9.483295589639e-03,1.077120736258e-02,3.669926441310e-03,3.440532447839e-03
509.20000000,1.800883305496e+13,5.411747515184e-03,6.146708369865e-03,3.668939406567e-02,4.167212418440e-02,3.107531730928e-02,2.913291022021e-02
509.40000000,-2.695472731955e+12,2.426498923326e-02,2.756037897117e-02,3.535373506014e-02,4.015507138579e-02,6.653723296860e-02,6.237822819582e-02
509.60000000,6.921314263889e+12,1.196973522162e-02,1.359532599504e-02,9.727033124053e-03,1.104804651627e-02,3.763289646571e-02,3.528059852617e-02
509.80000000,-8.827237976648e+12,-1.656878987687e-02,-1.881897097545e-02,-3.172085204583e-02,-3.602881212273e-02,-5.624810004041e-04,-5.273223221584e-04
510.00000000,-2.966837571542e+12,-2.701042287141e-02,-3.067866560135e-02,-3.191517261335e-02,-3.624952306734e-02,-2.217117600150e-02,-2.078533498145e-02
510.20000000,1.613733655777e+13,-3.690439313691e-02,-4.191632029081e-02,-2.632813794363e-02,-2.990372182128e-02,-2.096343041405e-02,-1.965308125681e-02
510.40000000,-8.303699035622e+12,-8.787891836582e-03,-9.981361501774e-03,1.278759051431e-02,1.452425349347e-02,-2.429364704163e-03,-2.277513793797e-03
510.60000000,-6.213928662595e+12,5.653307675340e-02,6.421074432599e-02,8.019161484897e-02,9.108231459350e-02,9.583473991555e-02,8.984445262940e-02
510.80000000,9.901238448558e+12,7.318670991399e-02,8.312608101708e-02,9.771720887018e-02,1.109880325552e-01,1.042260261553e-01,9.771122953859e-02
511.00000000,1.365110785402e+13,8.172030422580e-03,9.281860925021e-03,3.233689810207e-02,3.672852244536e-02,3.186001748370e-02,2.986856158955e-02
511.20000000,-3.035995805925e+12,-1.139799771895e-02,-1.294594172810e-02,1.216232738320e-02,1.381407433922e-02,1.571814890588e-02,1.473566356042e-02
511.40000000,2.340258445749e+13,-2.196275674086e-02,-2.494548393206e-02,-1.837669555485e-02,-2.087240628422e-02,7.620775958027e-03,7.144428473053e-03
511.60000000,2.289641634142e+12,-3.607282370856e-02,-4.097181673608e-02,-1.531127530584e-02,-1.739067603091e-02,-1.999798487810e-02,-1.874798227289e-02
511.80000000,1.363316604126e+13,-1.558986096165e-02,-1.770709527544e-02,4.193608466833e-03,4.763135975967e-03,-4.251829783136e-03,-3.986063090230e-03
512.00000000,2.456304031426e+13,1.769462109942e-02,2.009769955236e-02,3.944467185491e-02,4.480159200800e-02,2.896355538762e-02,2.715314699341e-02
512.20000000,8.630429650561e+12,3.794740067725e-02,4.310097703247e-02,3.542583422424e-02,4.023696222637e-02,4.323165301418e-02,4.052939680064e-02
512.40000000,4.241474850107e+12,3.384164358718e-02,3.843762357790e-02,3.709958173172e-02,4.213801880582e-02,7.351210705971e-03,6.891712782060e-03
512.60000000,7.950354083067e+12,-2.200143249781e-02,-2.498941218227e-02,1.118243946842e-02,1.270110935544e-02,-1.514277583824e-02,-1.419625500810e-02
512.80000000,1.182459048563e+13,-1.403847406440e-02,-1.594501698198e-02,1.969816364895e-03,2.237334092557e-03,1.250141300066e-02,1.171999432698e-02
513.00000000,1.143774644397e+13,2.800464833982e-03,3.180791525520e-03,-6.581334717749e-03,-7.475135652724e-03,1.219619052334e-02,1.143385021652e-02
513.20000000,-1.341986316030e+12,2.835967297649e-03,3.221115522521e-03,1.043489628929e-02,1.185204348811e-02,2.522636388736e-03,2.364955398520e-03
513.40000000,9.896469392179e+12,1.008763868297e-02,1.145762490781e-02,2.582302052616e-02,2.933000518505e-02,1.338053146562e-02,1.254416223677e-02
513.60000000,2.030828798654e+13,2.892493417676e-02,3.285318365339e-02,3.139342691504e-02,3.565691988906e-02,2.644817123410e-02,2.479499051879e-02
513.80000000,1.441852513168e+13,-4.295089758299e-03,-4.878399092452e-03,2.259934077030e-02,2.566852244493e-02,3.364013027391e-02,3.153740588751e-02
514.00000000,4.358138450163e+12,3.112949349421e-02,3.535714067843e-02,-5.848555883521e-03,-6.642839253253e-03,1.281127584070e-02,1.201048874768e-02
514.20000000,1.954465684093e+13,1.408031700005e-02,1.599254254041e-02,-1.925782233174e-02,-2.187319753205e-02,-1.204369839163e-02,-1.129088982328e-02
514.40000000,8.665258979783e+12,2.009162674765e-02,2.282023873942e-02,-9.060393098132e-03,-1.029087113483e-02,2.472374410126e-03,2.317835116665e-03
514.60000000,1.233531664223e+13,1.002626417438e-02,1.138791522447e-02,1.069132918063e-02,1.214330213560e-02,-1.155207781753e-02,-1.082999869528e-02
514.80000000,-2.421261855095e+12,9.656616907603e-03,1.096806674813e-02,2.434832716365e-02,2.765503598751e-02,-1.151766123389e-02,-1.079773336935e-02
515.00000000,1.018945739840e+13,-2.457803902195e-03,-2.791594355561e-03,2.210609537663e-02,2.510829015378e-02,-1.474584742759e-02,-1.382413717464e-02
515.20000000,7.587055414319e+10,-2.131651204238e-02,-2.421147376510e-02,-1.610995671286e-02,-1.829782513012e-02,-1.649613615584e-02,-1.546502160623e-02
515.40000000,1.818889080510e+13,-2.654417810130e-02,-3.014910086782e-02,-4.681588521156e-02,-5.317387850143e-02,-1.148323713057e-02,-1.076546099378e-02
515.60000000,4.988954092881e+10,-6.157516011292e-02,-6.993758503697e-02,-9.231025721012e-02,-1.048467711151e-01,-5.786201639515e-02,-5.424526842392e-02
515.80000000,-1.058831669868e+12,-1.961341661219e-02,-2.227708364323e-02,-3.336911067956e-02,-3.790091822374e-02,-1.084191203092e-02,-1.016422283540e-02
516.00000000,1.295266604013e+13,3.670280980637e-04,4.168736024761e-04,-2.813684168814e-03,-3.195806283653e-03,-8.853963134243e-04,-8.300533523623e-04
516.20000000,1.015355967419e+13,5.453640410321e-03,6.194290672707e-03,-1.661654192546e-03,-1.887320890047e-03,-2.591360486653e-02,-2.429383798547e-02
516.40000000,2.449052584527e+12,-1.000694727181e-02,-1.136597492397e-02,1.776268556679e-04,2.017500854510e-04,-1.164859574847e-02,-1.092048363510e-02
516.60000000,5.834876685799e+12,-1.217900938518e-02,-1.383302135115e-02,-1.131011297890e-02,-1.284612200879e-02,1.193051039045e-02,1.118477679977e-02
516.80000000,1.455488082684e+13,-3.462009766448e-02,-3.932179826992e-02,-1.756430627073e-02,-1.994968766223e-02,-2.712764866996e-03,-2.543199624711e-03
517.00000000,1.580806179854e+13,-9.712535778217e-03,-1.103157987195e-02,-8.892818835852e-03,-1.010053887000e-02,9.443840511183e-03,8.853539772679e-03
517.20000000,-1.707285823994e+11,-1.417911328908e-02,-1.610475619691e-02,-4.621009177764e-02,-5.248581319396e-02,-1.518566834785e-02,-1.423646646015e-02
517.40000000,6.339804827926e+12,1.702846898630e-02,1.934107837633e-02,1.126531704766e-02,1.279524241110e-02,3.791333855565e-02,3.554351118276e-02
517.60000000,1.951234474348e+13,2.721729915532e-02,3.091363742557e-02,2.864582992345e-02,3.253617598041e-02,3.914994323762e-02,3.670282012301e-02
517.80000000,-4.138556034345e+12,-1.187715342120e-03,-1.349017080701e-03,-1.282442450205e-02,-1.456608984837e-02,1.197870112631e-02,1.122995530486e-02
518.00000000,1.547904968860e+13,-7.783842121477e-03,-8.840953385860e-03,-7.048116796236e-03,-8.005310686602e-03,1.058175149883e-02,9.920324008923e-03
518.20000000,-7.893241353765e+12,-3.714582555176e-03,-4.219054125934e-03,-3.151904591463e-03,-3.579959901157e-03,1.982124486231e-02,1.858228964420e-02
518.40000000,-3.300199985522e+12,-1.841666694358e-02,-2.091780529847e-02,-3.544824123811e-03,-4.026241230229e-03,-1.045744235397e-02,-9.803784984689e-03
518.60000000,1.461310960345e+13,-1.534338695979e-02,-1.742714802995e-02,1.680267707920e-02,1.908462278286e-02,1.624311949597e-02,1.522782011404e-02
518.80000000,1.655939833686e+13,5.792497827665e-02,6.579167778953e-02,4.762023852072e-02,5.408746979507e-02,5.515766055205e-02,5.170995220506e-02
519.00000000,1.768737697238e+13,5.392088817359e-02,6.124379855438e-02,7.696325733960e-02,8.741551882136e-02,6.142172750808e-02,5.758247470989e-02
519.20000000,9.002913295810e+12,2.477233860587e-02,2.813663065814e-02,4.866020547563e-02,5.526867306093e-02,3.733051070378e-02,3.499711381815e-02
519.40000000,1.300255807579e+13,6.137258376188e-03,6.970749711270e-03,1.592637399778e-02,1.808931032916e-02,2.810019249630e-02,2.634374983264e-02
519.60000000,1.342043935302e+13,-1.185614089259e-02,-1.346630460019e-02,-2.691205374370e-03,-3.056693832711e-03,5.694061023055e-03,5.338145606756e-03
519.80000000,-2.084017654182e+12,-2.077210740499e-02,-2.359313439656e-02,3.733562379460e-03,4.240611737784e-03,-5.557301982687e-03,-5.209934885520e-03
520.00000000,9.226153566441e+12,1.908126759315e-03,2.167266430915e-03,1.218079221171e-02,1.383504684766e-02,-1.203106246989e-02,-1.127904372788e-02
520.20000000,1.401092256041e+13,2.856811888217e-02,3.244790983903e-02,6.660784551380e-02,7.565375445935e-02,5.826451953336e-02,5.462261252864e-02
520.40000000,8.267491778037e+12,5.115974618906e-02,5.810767025219e-02,6.219130649816e-02,7.063741207998e-02,6.198444210751e-02,5.811001602963e-02
520.60000000,-1.214020963048e+12,2.678140060554e-02,3.041854018445e-02,2.032519684947e-02,2.308553053963e-02,2.524598751601e-02,2.366795101091e-02
520.80000000,1.144853192915e+13,-1.974978942396e-02,-2.243197703047e-02,6.595384112190e-03,7.491093073794e-03,1.952540339901e-02,1.830494017408e-02
521.00000000,9.337787038811e+12,-1.844308342778e-02,-2.094780936354e-02,2.051207896169e-04,2.329779282382e-04,1.309389757193e-02,1.227544480396e-02
521.20000000,9.251315613714e+12,-2.063287159260e-03,-2.343498918912e-03,-2.419545910441e-03,-2.748140715250e-03,2.582431896907e-02,2.421013303055e-02
521.40000000,2.302280343258e+12,6.842463885768e-03,7.771728063651e-03,8.196600267294e-03,9.309767929588e-03,1.583187734363e-02,1.484228323975e-02
521.60000000,1.462864901684e+13,-1.011366148542e-02,-1.148718182583e-02,-3.567542610452e-03,-4.052045079562e-03,-8.002720809382e-03,-7.502499315993e-03
521.80000000,-7.762333233601e+12,-1.456176340008e-02,-1.653937341314e-02,-9.824991713300e-03,-1.115930871070e-02,3.488587081788e-03,3.270527963967e-03
522.00000000,1.201468324683e+13,-4.870729976915e-02,-5.532216097010e-02,-5.238999039018e-02,-5.950499432211e-02,-2.619921324455e-02,-2.456159400393e-02
522.20000000,7.973012569340e+12,-6.906643689941e-03,-7.844624025330e-03,7.791783260155e-03,8.849973347992e-03,3.813143152244e-03,3.574797193719e-03
522.40000000,-4.776536753059e+11,-2.155510025248e-02,-2.448246426195e-02,-1.973247715429e-02,-2.241231449523e-02,-1.240945763576e-02,-1.163378676349e-02
522.60000000,1.190476577759e+13,-1.700740276113e-02,-1.931715118050e-02,-1.322448751815e-02,-1.502048480672e-02,-1.040517976837e-02,-9.754789146647e-03
522.80000000,2.663940990164e+13,-1.437923102175e-02,-1.633205160175e-02,-2.298094876701e-04,-2.610195603608e-04,3.782078876071e-03,3.545674634494e-03
523.00000000,2.058152250807e+13,-1.485815244875e-02,-1.687601458885e-02,7.111494895405e-04,8.077296067844e-04,-1.500163815315e-02,-1.406393933559e-02
523.20000000,7.444206015960e+12,-2.448206536525e-02,-2.780693586867e-02,-1.567356150958e-03,-1.780216376618e-03,-2.932725420107e-02,-2.749411229310e-02
523.40000000,1.521642984370e+11,-3.024801937095e-03,-3.435595495126e-03,2.482133532730e-02,2.819228266159e-02,2.710647436478e-03,2.541214547212e-03
523.60000000,-1.158358755686e+13,2.585639136651e-03,2.936790690644e-03,3.109200420292e-02,3.531456142249e-02,1.514168726595e-02,1.419523447858e-02
523.80000000,8.669627188115e+12,1.834277924269e-02,2.083388302600e-02,4.114583100807e-02,4.673378296654e-02,8.511396110286e-03,7.979379140743e-03
524.00000000,1.367564299112e+13,-8.035414078232e-03,-9.126690931425e-03,2.384684621678e-03,2.708544968537e-03,-1.774791471755e-02,-1.663855596120e-02
524.20000000,9.776246560176e+12,-2.131545059316e-02,-2.421026816214e-02,-1.211666748929e-03,-1.376221344541e-03,-2.722745128507e-05,-2.552556055692e-05
524.40000000,1.324229278114e+13,-3.285467661904e-02,-3.731661818975e-02,-1.082754603747e-02,-1.229801839404e-02,-1.542770283795e-02,-1.446337223877e-02
524.60000000,1.444220675830e+13,-2.508676722165e-02,-2.849376132599e-02,-2.060230978928e-02,-2.340027776114e-02,-2.474786922884e-02,-2.320096831867e-02
524.80000000,1.200506279369e+13,-2.093429211177e-02,-2.377734515137e-02,-2.584757089013e-02,-2.935788969616e-02,-4.308189408621e-02,-4.038899876834e-02
525.00000000,7.995040105383e+12,-7.044484870329e-03,-8.001185198005e-03,-7.068244115811e-03,-8.028171466461e-03,-8.890704502373e-03,-8.334978320068e-03
525.20000000,-1.099756446246e+12,-1.848905971522e-02,-2.100002961772e-02,1.133073535590e-02,1.286954507907e-02,2.674629861288e-02,2.507448301998e-02
525.40000000,2.676338841742e+11,-9.015320379795e-03,-1.023967675506e-02,2.821600850661e-02,3.204798117873e-02,1.475103193591e-03,1.382899761786e-03
525.60000000,1.447946544329e+13,-1.920754396970e-02,-2.181609008030e-02,2.923735847401e-02,3.320803911267e-02,2.408271919953e-02,2.257739444189e-02
525.80000000,6.036322981021e+12,-4.288270012150e-03,-4.870653167385e-03,1.320306053574e-02,1.499614785883e-02,3.608551774852e-02,3.382994092562e-02
526.00000000,1.078012555372e+13,-1.255500265268e-02,-1.426007766851e-02,-9.946187491602e-03,-1.129696390105e-02,2.986536304549e-02,2.799858587569e-02
526.20000000,1.550328756823e+13,-1.634259656267e-02,-1.856205870566e-02,-1.931487241519e-02,-2.193799549949e-02,1.084382533294e-02,1.016601654375e-02
526.40000000,3.271097509681e+12,-1.385664128461e-02,-1.573848978049e-02,-3.603328023915e-02,-4.092690454930e-02,-5.588109891034e-03,-5.238817101557e-03
526.60000000,-3.824617523847e+12,-4.976541944689e-02,-5.652398220460e-02,-7.985437099897e-02,-9.069927017546e-02,-3.432500381831e-02,-3.217947043291e-02
526.80000000,3.500121383999e+12,-1.089510075377e-01,-1.237474712296e-01,-4.924853721495e-02,-5.593690522792e-02,-6.411498730729e-02,-6.010738845893e-02
527.00000000,-3.057734166437e+12,-2.090336736732e-02,-2.374222056638e-02,-1.460011438641e-02,-1.658293344196e-02,-2.979398434814e-03,-2.793166880576e-03
527.20000000,3.903183212247e+12,1.225512933355e-02,1.391947902908e-02,1.521624865751e-02,1.728274395979e-02,4.890331812755e-02,4.584654638603e-02
527.40000000,-8.448020739029e+12,1.308039825695e-02,1.485682641727e-02,1.443054660958e-02,1.639033692643e-02,4.867405830065e-02,4.563161677203e-02
527.60000000,7.529791082432e+12,6.279729773549e-03,7.132569923350e-03,1.055485513723e-02,1.198829376249e-02,4.232046951272e-02,3.967516812525e-02
527.80000000,1.258454584983e+13,-3.243753585020e-03,-3.684282619408e-03,3.070016377187e-03,3.486950574580e-03,1.283670340304e-02,1.203432692392e-02
528.00000000,6.204245421849e+12,-8.378568175835e-03,-9.516448243269e-03,-4.750680058589e-03,-5.395862602896e-03,2.505312721519e-02,2.348714571863e-02
528.20000000,1.213423247230e+13,-2.152291149947e-02,-2.444590400540e-02,-9.009919783607e-03,-1.023354311717e-02,4.722364050770e-03,4.427185941467e-03
528.40000000,1.884222439960e+13,-8.960234004367e-03,-1.017710918628e-02,-1.619217366625e-03,-1.839120784136e-03,3.155660388236e-02,2.958411328868e-02
528.60000000,1.769925820032e+12,1.711019211174e-02,1.943390018994e-02,1.541873268220e-02,1.751272702811e-02,4.571524002976e-02,4.285774366284e-02
528.80000000,2.579272794704e+13,2.897177237413e-02,3.290638287212e-02,5.570946537996e-03,6.327528209938e-03,3.392329254801e-02,3.180286869927e-02
529.00000000,1.268249117766e+13,3.063013203397e-02,3.478996172956e-02,9.341421658000e-04,1.061006575073e-03,3.070552742879e-02,2.878623458432e-02
529.20000000,8.712024592289e+12,1.868380698107e-02,2.122122520114e-02,2.520905001787e-03,2.863265228735e-03,2.920971463218e-02,2.738391970283e-02
529.40000000,1.387776070057e+13,-1.039217028206e-02,-1.180351446082e-02,-1.648270839359e-03,-1.872119964269e-03,1.310302152939e-02,1.228399845543e-02
529.60000000,-2.605775892950e+12,-1.081706932461e-02,-1.228611836906e-02,-1.601708741974e-02,-1.819234340129e-02,2.397000183119e-02,2.247172263364e-02
529.80000000,-6.632879038935e+12,-1.547873445338e-02,-1.758087685218e-02,-1.202228166616e-02,-1.365500922897e-02,2.293936317142e-02,2.150550551522e-02
530.00000000,5.439512254142e+11,2.021218058753e-02,2.295716480527e-02,6.372278665935e-03,7.237688020390e-03,5.156893152584e-02,4.834554181193e-02
530.20000000,7.144512757880e+12,-1.911143138958e-03,-2.170692460297e-03,-3.196742043753e-03,-3.630886658807e-03,-6.853010765630e-03,-6.424653540501e-03
530.40000000,5.019487278248e+12,1.466987363643e-02,1.666216592938e-02,2.191520239041e-03,2.489147228502e-03,-6.058461891624e-03,-5.679769078610e-03
530.60000000,5.857841075993e+12,9.193747141985e-03,1.044233537309e-02,2.060942723090e-02,2.340836181154e-02,4.526737010335e-03,4.243786848581e-03
530.80000000,9.150213101079e+12,3.834842203964e-03,4.355646047064e-03,3.577622015741e-02,4.063493353364e-02,1.362841934199e-02,1.277655552740e-02
531.00000000,-1.062270019643e+13,-1.531389789361e-02,-1.739365410042e-02,4.566674846430e-03,5.186867926181e-03,-1.442497443018e-03,-1.352332080219e-03
531.20000000,1.025543111946e+12,-2.793280701524e-02,-3.172631727416e-02,-1.753619937371e-02,-1.991776361080e-02,-1.006809549014e-02,-9.438774802639e-03
531.40000000,2.260646464143e+13,1.617338280436e-03,1.836986429497e-03,-2.023936526233e-03,-2.298804229679e-03,8.745522537947e-03,8.198871161672e-03
531.60000000,-6.829939623139e+11,3.487469067068e-02,3.961096714887e-02,7.172476308330e-02,8.146559272563e-02,6.075033299174e-02,5.695304666666e-02
531.80000000,1.490112230739e+13,2.124613098863e-02,2.413153437196e-02,8.448601359511e-02,9.595992902141e-02,3.156551877443e-02,2.959247094270e-02
532.00000000,8.642341701398e+11,2.855074676532e-02,3.242817844253e-02,6.367312329356e-02,7.232047213286e-02,3.530641593883e-03,3.309953798722e-03
532.20000000,2.910802096200e+12,1.480949624199e-03,1.682075045977e-03,2.448781216422e-02,2.781346423124e-02,1.054954493183e-02,9.890130559382e-03
532.40000000,1.677473739361e+13,-1.198447790165e-02,-1.361207085509e-02,2.234837358622e-03,2.538347179399e-03,1.326563157425e-02,1.243644432720e-02
532.60000000,2.386968152377e+13,7.031202855051e-03,7.986099373280e-03,3.672301436250e-03,4.171031040198e-03,4.089575521274e-03,3.833950762732e-03
532.80000000,2.008857766146e+13,2.768605326601e-02,3.144605228925e-02,3.156305791297e-02,3.584958821164e-02,3.350880288377e-02,3.141428730345e-02
533.00000000,1.702466397811e+13,1.061408380847e-01,1.205556571161e-01,3.903475532088e-02,4.433600534061e-02,4.201915348508e-02,3.939268628625e-02
533.20000000,1.479451682462e+13,1.061210178549e-01,1.205331451324e-01,6.145346497182e-02,6.979936543197e-02,4.575951601818e-02,4.289925211737e-02
533.40000000,-2.668159760062e+12,-2.267478954206e-02,-2.575421677971e-02,-3.463656835323e-02,-3.934050737261e-02,4.107037141100e-02,3.850320919073e-02
533.60000000,3.642908683488e+13,-5.793687732346e-02,-6.580519282704e-02,-1.307101561692e-02,-1.484617012288e-02,-2.657092260797e-02,-2.491006914272e-02
533.80000000,2.075971050226e+13,-1.014599490081e-02,-1.152390639113e-02,-3.747979819922e-03,-4.256987188637e-03,-7.844976306425e-03,-7.354614858479e-03
534.00000000,9.053234376788e+12,1.491802752698e-02,1.694402120659e-02,-1.688888215141e-02,-1.918253523320e-02,3.680223904599e-03,3.450186253479e-03
534.20000000,5.936126943741e+12,2.532835558055e-02,2.876815941710e-02,-1.748144584819e-03,-1.985557409328e-03,-3.295356414102e-03,-3.089375455128e-03
534.40000000,1.106490727203e+13,2.119310749406e-02,2.407130984062e-02,-1.183184937418e-02,-1.343871462062e-02,-5.491198691616e-03,-5.147963475064e-03
534.60000000,1.575978770443e+13,-4.428644152745e-03,-5.030091297580e-03,6.880696448491e-03,7.815153239203e-03,2.075179877241e-02,1.945467795317e-02
534.80000000,-3.883199732781e+11,-2.787237279848e-02,-3.165767558218e-02,1.234533866671e-02,1.402194010336e-02,2.476661666077e-03,2.321854391560e-03
535.00000000,7.984524774193e+12,-2.057878676337e-02,-2.337355918493e-02,1.467582314000e-02,1.666892408481e-02,3.870814856084e-02,3.628864045346e-02
535.20000000,1.067234662658e+13,-5.735779903777e-03,-6.514747083696e-03,3.652110558053e-03,4.148098069921e-03,1.340668209550e-02,1.256867828418e-02
535.40000000,1.643536747921e+13,-5.030695993398e-03,-5.713906844711e-03,-1.649051127075e-03,-1.873006221659e-03,-3.354848651393e-03,-3.145149045163e-03
535.60000000,2.231232182542e+13,2.054894765359e-02,2.333966767294e-02,-2.932815009695e-03,-3.331116100612e-03,1.864818828027e-02,1.748255663914e-02
535.80000000,2.613593924829e+12,2.522350978151e-02,2.864907467623e-02,2.201322667472e-02,2.500280909645e-02,3.478523435861e-02,3.261093360600e-02
536.00000000,2.153875760970e+13,7.286235297533e-03,8.275767367656e-03,1.407593789484e-02,1.598756934813e-02,4.626934381591e-02,4.337721240048e-02
536.20000000,2.446911117116e+13,-1.981805156902e-02,-2.250950974929e-02,-1.459062098392e-03,-1.657215075510e-03,3.602886199831e-02,3.377682652398e-02
536.40000000,1.245483238799e+13,-3.369372951739e-02,-3.826962153268e-02,-4.208142387579e-03,-4.779643726111e-03,-2.531230488216e-02,-2.373012311538e-02
536.60000000,2.398029835832e+13,-3.235099124781e-02,-3.674452810638e-02,-6.085326390357e-03,-6.911765198075e-03,-4.338425334497e-03,-4.067245862981e-03
536.80000000,1.657776145111e+13,-1.237725073395e-02,-1.405818554337e-02,-1.937293858511e-03,-2.200394754653e-03,-1.221277366584e-02,-1.144939680601e-02
537.00000000,1.936818292093e+13,-1.644894195086e-04,-1.868284669247e-04,1.437215187112e-02,1.632401168846e-02,2.591078469543e-02,2.429119409319e-02
537.20000000,9.944389696932e+12,2.902667735396e-03,3.296874441026e-03,7.139978113422e-03,8.109647547842e-03,2.329801408142e-02,2.184173843788e-02
537.40000000,3.077217561566e+13,-5.762777460395e-03,-6.545411135699e-03,8.600539822056e-03,9.768565893351e-03,1.645531473198e-02,1.542675178377e-02
537.60000000,-1.909112090706e+12,4.015697992874e-03,4.561063574084e-03,3.761036464281e-03,4.271817035764e-03,1.929765414754e-02,1.809142671484e-02
537.80000000,6.987688381252e+12,-1.507274878707e-02,-1.711975491583e-02,-1.628524931780e-02,-1.849692395384e-02,-3.875817369379e-04,-3.633553869400e-04
538.00000000,1.429660116341e+13,-2.411944634302e-02,-2.739507013163e-02,-7.965453736543e-03,-9.047229744383e-03,-4.577623659686e-02,-4.291492755240e-02
538.20000000,1.103692364639e+12,1.632468416469e-03,1.854171365330e-03,-8.295943679058e-03,-9.422603017147e-03,1.193588043308e-02,1.118981118022e-02
538.40000000,6.725804864154e+12,1.102856813412e-02,1.252634049674e-02,2.662584435665e-02,3.024185928388e-02,4.687662728318e-03,4.394653674734e-03
538.60000000,2.859056048249e+12,-8.162388277850e-05,-9.270909295846e-05,5.045834399119e-03,5.731101399976e-03,-3.991579619441e-03,-3.742080234697e-03
538.80000000,1.140352897012e+13,-1.238581286931e-02,-1.406791048876e-02,-1.067294171844e-02,-1.212241750048e-02,-1.956509252310e-02,-1.834214847278e-02
539.00000000,-4.993197772971e+11,8.288247322512e-03,9.413861057978e-03,2.595716697969e-03,2.948236986190e-03,4.645790333579e-03,4.355398573828e-03
539.20000000,5.792703415769e+12,1.586431450835e-02,1.801882192343e-02,3.163258089980e-02,3.592855300826e-02,1.313892088479e-02,1.231765387035e-02
539.40000000,7.110310212384e+12,1.751169721166e-02,1.988993306126e-02,2.790751568858e-02,3.169759242606e-02,2.646727351258e-02,2.481289878207e-02
539.60000000,-1.024926647645e+13,2.160126948424e-02,2.453490366392e-02,4.527521190921e-02,5.142396873000e-02,8.360199816808e-03,7.837633587522e-03
539.80000000,1.744256239243e+13,-1.456124175498e-02,-1.653878092424e-02,-9.881352132354e-03,-1.122332335149e-02,-1.606957091667e-02,-1.506511943654e-02
540.00000000,-4.819475014940e+12,-3.946821624573e-02,-4.482833215344e-02,-2.258639967004e-02,-2.565382383376e-02,-3.209581229438e-02,-3.008961770884e-02
540.20000000,-1.714615833902e+13,-2.587288943319e-02,-2.938664554940e-02,-3.352804024379e-02,-3.808143176740e-02,-2.607260519101e-02,-2.444289976759e-02
540.40000000,4.339723239204e+12,-2.036413400170e-02,-2.312975477183e-02,-1.548181559816e-02,-1.758437713776e-02,-2.701979498582e-02,-2.533088411153e-02
540.60000000,1.595386253051e+13,-4.342508997167e-03,-4.932258263012e-03,-1.682544821519e-03,-1.911048643176e-03,-1.941123257874e-02,-1.819790576398e-02
540.80000000,1.418172416301e+13,1.865736249552e-02,2.119118933193e-02,1.999064983729e-02,2.270554921282e-02,2.463165640462e-02,2.309201954301e-02
541.00000000,1.642771752405e+13,4.121802862476e-02,4.681578377896e-02,3.134063681366e-02,3.559696044528e-02,3.500976839723e-02,3.282143282387e-02
541.20000000,5.759935171317e+12,4.929019994919e-02,5.598422389994e-02,4.835539407998e-02,5.492246569894e-02,2.206389195619e-02,2.068475687861e-02
541.40000000,1.030828294771e+13,4.051468605767e-02,4.601692137233e-02,1.880805596740e-02,2.136234909025e-02,3.942450980325e-03,3.696022451334e-03
541.60000000,1.450017051409e+13,1.634995153412e-02,1.857041254414e-02,6.530561884148e-03,7.417467438766e-03,9.891247000552e-03,9.272980480460e-03
541.80000000,1.118684378082e+13,7.636350649510e-03,8.673431330799e-03,-1.175481520138e-02,-1.335121855541e-02,-1.919365002749e-02,-1.799392352084e-02
542.00000000,-4.655790156337e+12,2.335115047728e-02,2.652243322180e-02,2.330260560927e-02,2.646729659890e-02,2.416080220505e-02,2.265059675764e-02
542.20000000,5.007852220571e+12,3.688719479722e-02,4.189678627185e-02,1.632306013815e-02,1.853986980350e-02,3.453109439618e-02,3.237267902488e-02
542.40000000,2.307152431813e+13,5.162397798837e-03,5.863494863656e-03,1.121335220552e-02,1.273622030376e-02,4.628845458814e-03,4.339512862660e-03
542.60000000,-2.305699238535e+12,-2.890570268016e-03,-3.283134035770e-03,1.745975322647e-03,1.983093543002e-03,8.636369189784e-03,8.096540599425e-03
542.80000000,1.117420150595e+13,1.826667772420e-02,2.074744628088e-02,1.062567570927e-02,1.206873236738e-02,-6.609182668960e-03,-6.196066267240e-03
543.00000000,-1.793310570624e+12,7.937174511716e-03,9.015109605050e-03,1.976171955674e-02,2.244552826334e-02,-2.627647654323e-02,-2.463402784978e-02
543.20000000,-1.064069665343e+13,1.682569422426e-02,1.911076509517e-02,2.470058015814e-02,2.805512791883e-02,9.451451039200e-03,8.860674593773e-03
543.40000000,1.402435499674e+13,4.729490422404e-03,5.371795022407e-03,9.502200821643e-03,1.079268008504e-02,-4.454035476402e-03,-4.175629627856e-03
543.60000000,-2.429755539155e+12,-7.429994086120e-03,-8.439049809523e-03,5.090701825109e-03,5.782062202009e-03,-5.384474352771e-03,-5.047910093438e-03
543.80000000,-1.242098436309e+13,-2.154173860234e-02,-2.446728798728e-02,-1.018517664045e-02,-1.156840979824e-02,6.759122755118e-03,6.336634134174e-03
544.00000000,2.799591038630e+13,-2.399729990765e-02,-2.725633518243e-02,-1.020963591610e-02,-1.159619085046e-02,-1.332553836599e-02,-1.249260655936e-02
544.20000000,2.319512800866e+13,-1.914193654806e-02,-2.174157261869e-02,-1.464919661464e-02,-1.663868145204e-02,-1.666995488584e-02,-1.562797554827e-02
544.40000000,1.661375674386e+13,-4.247211650161e-02,-4.824018734315e-02,-4.975160045472e-02,-5.650828871174e-02,-9.741325191698e-02,-9.132429748380e-02
544.60000000,4.742720415010e+12,-6.605585949837e-02,-7.502680110593e-02,-2.668912218879e-02,-3.031373078098e-02,-6.649059756751e-02,-6.233450780707e-02
544.80000000,2.077930314602e+12,-1.314307415848e-02,-1.492801423366e-02,5.467025713454e-03,6.209494058218e-03,9.381092519224e-03,8.794713933572e-03
545.00000000,3.428414208702e+13,1.947596725588e-03,2.212096750764e-03,3.456951475307e-02,3.926434732626e-02,3.070050317380e-02,2.878152437757e-02
545.20000000,1.701787268556e+13,7.993630787220e-03,9.079233117871e-03,3.350612664097e-02,3.805654211191e-02,2.259661639025e-02,2.118418261110e-02
545.40000000,2.084216163509e+13,1.868555329708e-03,2.122320868157e-03,1.800185504047e-02,2.044665925672e-02,1.714424805774e-02,1.607262234809e-02
545.60000000,1.380637771640e+13,1.418069326885e-02,1.610655075122e-02,2.040384614143e-02,2.317486107084e-02,6.819895920223e-03,6.393608585800e-03
545.80000000,1.595447186119e+13,1.316703182876e-02,1.495522555718e-02,-1.826349707133e-02,-2.074383448895e-02,2.290817257611e-03,2.147626453261e-03
546.00000000,1.692619925361e+13,-4.655218150235e-02,-5.287435950644e-02,-1.483420418989e-02,-1.684881462123e-02,-1.939378658305e-02,-1.818155025516e-02
546.20000000,1.307631479896e+13,1.158404253387e-02,1.315725299453e-02,6.734380458957e-03,7.648966300407e-03,2.361784201716e-02,2.214157507172e-02
546.40000000,-7.192528207365e+12,7.743438679805e-03,8.795062816798e-03,2.972570121833e-02,3.376270293321e-02,2.692946762461e-02,2.524620279104e-02
546.60000000,8.029646329544e+12,-3.194970082427e-03,-3.628873906630e-03,8.596936687676e-03,9.764473422839e-03,7.747572012781e-03,7.263298959319e-03
546.80000000,-3.297022906755e+12,-1.640710806387e-02,-1.863533141162e-02,-8.578529040445e-03,-9.743565861377e-03,-2.598279758329e-02,-2.435870571265e-02
547.00000000,1.720108114208e+13,-2.339942951730e-02,-2.657726896173e-02,-1.705232503275e-02,-1.936817504060e-02,-3.901577414628e-02,-3.657703746234e-02
547.20000000,5.293195211006e+11,-3.080284280995e-02,-3.498612808235e-02,-1.256050564336e-02,-1.426632857583e-02,-3.514201817302e-02,-3.294541613855e-02
547.40000000,1.016696796927e+13,-8.225736673955e-03,-9.342860937292e-03,-1.017114020473e-02,-1.155246709580e-02,-9.193335111455e-03,-8.618692570723e-03
547.60000000,5.047632311797e+12,-3.232497415781e-02,-3.671497767662e-02,-3.776729323953e-02,-4.289641118547e-02,-2.195526603641e-02,-2.058292077709e-02
547.80000000,8.794440088933e+12,-7.391366787340e-03,-8.395176598503e-03,-2.005023361270e-02,-2.277322496903e-02,1.585217769104e-02,1.486131468495e-02
548.00000000,-1.311301419273e+13,1.035395282868e-02,1.176010675565e-02,2.730414329936e-03,3.101227696165e-03,1.349200085932e-02,1.264866407682e-02
548.20000000,1.289675013821e+13,-7.310572978325e-03,-8.303410310311e-03,-8.405959799955e-03,-9.547560258036e-03,1.264115012169e-02,1.185099697969e-02
548.40000000,-6.747960464417e+11,-1.841720049172e-02,-2.091841130694e-02,6.411456663391e-03,7.282186721360e-03,1.558651245291e-02,1.461225523194e-02
548.60000000,2.445635244054e+13,-1.753120291098e-02,-1.991208779870e-02,1.027785271820e-02,1.167367207142e-02,1.821186474455e-02,1.707350612916e-02
548.80000000,1.040179722579e+12,-1.917294775432e-02,-2.177679540773e-02,-6.752740363091e-03,-7.669819634853e-03,7.515376500307e-03,7.045617158966e-03
549.00000000,1.834792056053e+13,-2.970684843139e-02,-3.374128844393e-02,-1.120538166920e-02,-1.272716730117e-02,-1.992159911799e-02,-1.867637111381e-02
549.20000000,8.998729822622e+12,-3.193468041209e-02,-3.627167875575e-02,-3.107389968464e-02,-3.529399815746e-02,-3.257318213224e-02,-3.053714886321e-02
549.40000000,1.971938711035e+13,-1.096155125263e-02,-1.245022215878e-02,1.214484783536e-03,1.379422092091e-03,2.343529268855e-02,2.197043624961e-02
549.60000000,9.523242897241e+12,-3.596492821273e-03,-4.084926812392e-03,-1.072763264015e-04,-1.218453591201e-04,4.584867168537e-02,4.298283498225e-02
549.80000000,9.857385740684e+12,-1.264459952103e-02,-1.436184254558e-02,5.359864782728e-03,6.087779766481e-03,3.268515204975e-02,3.064211994113e-02
550.00000000,3.162804911055e+12,1.114612360876e-02,1.265986099413e-02,2.855311903586e-02,3.243087416993e-02,4.709188540933e-02,4.414833985688e-02
550.20000000,1.662502432296e+13,2.408453601236e-02,2.735541868428e-02,3.125153624966e-02,3.549575927088e-02,3.985160577909e-02,3.736062424524e-02
550.40000000,1.185966793066e+13,1.936669180008e-02,2.199685152534e-02,8.738361295069e-03,9.925104688416e-03,2.139044826562e-02,2.005340774771e-02
550.60000000,2.730366932182e+12,-7.925807933684e-03,-9.002199350066e-03,-1.125009708331e-03,-1.277795544683e-03,1.460915284156e-03,1.369598687894e-03
550.80000000,1.112664770171e+13,-2.051246126594e-02,-2.329822612679e-02,-2.377049286221e-02,-2.699872689926e-02,1.370574545177e-02,1.284904825825e-02
551.00000000,-2.455323313900e+10,-4.531678363818e-02,-5.147118421593e-02,-3.393711925240e-02,-3.854606716631e-02,-5.636573498093e-03,-5.284251421643e-03
551.20000000,1.619899961238e+13,-1.359508771702e-02,-1.544141503734e-02,-3.771029999258e-03,-4.283167777339e-03,2.493648247567e-02,2.337779202514e-02
551.40000000,1.082021258776e+13,1.602698031754e-02,1.820357911841e-02,1.263297781001e-02,1.434864307585e-02,8.517246002085e-03,7.984863376701e-03
551.60000000,3.310171352614e+13,3.739078833884e-02,4.246877205438e-02,3.788092475984e-02,4.302547482759e-02,3.236668200101e-02,3.034355631760e-02
551.80000000,1.813527346060e+13,2.512049012484e-02,2.853206408322e-02,2.005517573243e-02,2.277883827042e-02,2.032912998582e-02,1.905842868272e-02
552.00000000,-1.824415883569e+12,6.722708785087e-03,7.635709212508e-03,3.017279256162e-03,3.427051306347e-03,2.870796308151e-02,2.691353084943e-02
552.20000000,-4.549274320890e+12,-7.035222795609e-02,-7.990665255594e-02,-6.172457873291e-02,-7.010729873554e-02,-2.523612497935e-02,-2.365870494619e-02
552.40000000,1.694906117201e+13,-5.466495480341e-02,-6.208891569417e-02,-6.681121757393e-02,-7.588474616584e-02,-6.370481353243e-02,-5.972285318167e-02
552.60000000,1.559812288155e+13,-1.420739536928e-02,-1.613687922160e-02,-2.391773231645e-02,-2.716596271709e-02,-1.231906280501e-02,-1.154904219074e-02
552.80000000,2.635728323428e+11,6.018591446158e-03,6.835966813511e-03,-5.839320054561e-03,-6.632349120582e-03,-8.226310487968e-03,-7.712113202397e-03
553.00000000,1.633167980602e+13,1.118713217615e-02,1.270643887007e-02,6.769068835267e-03,7.688365651696e-03,-8.288304589751e-03,-7.770232274310e-03
553.20000000,3.971471695455e+12,-2.304829639700e-03,-2.617844900876e-03,3.766811640376e-02,4.278376529633e-02,1.189680803268e-02,1.115318105601e-02
553.40000000,2.593055810580e+13,8.906219481241e-03,1.011575903636e-02,1.914715760732e-02,2.174750360178e-02,1.530988566971e-02,1.435291940090e-02
553.60000000,5.678967849916e+12,-7.812644773601e-03,-8.873667680529e-03,6.813295894578e-03,7.738599119837e-03,-1.665728754000e-03,-1.561609999297e-03
553.80000000,-1.240626118150e+12,1.397554547154e-02,1.587354215664e-02,-1.942255358017e-03,-2.206030067768e-03,2.290862650920e-02,2.147669009197e-02
554.00000000,1.041288746707e+13,4.261288794411e-02,4.840007673220e-02,-9.565195458173e-05,-1.086422992612e-04,2.961774520557e-02,2.776644574250e-02
554.20000000,2.149936834113e+13,1.665988608654e-02,1.892243881700e-02,6.796385804483e-03,7.719392496442e-03,-9.081817406658e-03,-8.514145439330e-03
554.40000000,3.157272863928e+13,1.071097414482e-04,1.216561457106e-04,-2.122148681838e-04,-2.410354426918e-04,-1.862283143620e-02,-1.745878476082e-02
554.60000000,2.403376162266e+13,1.821878284633e-03,2.069304687554e-03,1.310807718454e-02,1.488826496494e-02,-6.874500475123e-03,-6.444800005011e-03
554.80000000,2.034536826936e+12,-2.911463125006e-02,-3.306864318562e-02,4.227590424236e-03,4.801732970684e-03,-2.747481274609e-02,-2.575746033686e-02
555.00000000,1.517353523046e+12,-1.597723633678e-02,-1.814707948644e-02,-6.398201798109e-03,-7.267131733230e-03,-2.904170429352e-02,-2.722641109034e-02
555.20000000,1.043244263644e+13,-2.757253048235e-02,-3.131711215622e-02,-3.375021348145e-02,-3.833377801038e-02,-3.379894459100e-02,-3.168629328891e-02
555.40000000,8.527494115058e+12,6.399181182754e-03,7.268243839158e-03,9.153874577716e-03,1.039704819023e-02,2.128533103380e-02,1.995486101859e-02
555.60000000,1.602787473372e+13,1.954048932138e-02,2.219425221262e-02,1.473427290102e-02,1.673531181789e-02,6.560460946611e-03,6.150389965729e-03
555.80000000,1.307619423778e+13,-1.808697148871e-02,-2.054333442631e-02,-4.996037055221e-03,-5.674541155474e-03,-2.490403161930e-02,-2.334736955589e-02
556.00000000,1.104371771437e+13,-3.817949611735e-02,-4.336459298651e-02,-1.465216345778e-02,-1.664205121758e-02,-2.882296448816e-02,-2.702134392891e-02
556.20000000,3.213591337402e+12,-2.036146024893e-02,-2.312671790093e-02,-4.278601270762e-03,-4.859671521737e-03,-2.508584017824e-02,-2.351781391121e-02
556.40000000,-5.170814907513e+12,-2.126431608701e-02,-2.415218915974e-02,-7.804129326605e-03,-8.863996114716e-03,-2.645737260463e-02,-2.480361674451e-02
556.60000000,1.492416433798e+13,-4.207980641240e-05,-4.779459824190e-05,-1.118080210088e-03,-1.269924961952e-03,-1.757294651543e-02,-1.647452439644e-02
556.80000000,-6.691537884789e+12,-2.016393554470e-02,-2.290236767962e-02,-1.285939581630e-02,-1.460581056297e-02,-1.171543853152e-02,-1.098314831454e-02
557.00000000,3.648769077885e+12,-2.291526949124e-02,-2.602735592973e-02,-7.987265981348e-03,-9.072004276571e-03,-2.843948068731e-02,-2.666183033070e-02
557.20000000,1.856303457539e+13,-5.546751787289e-03,-6.300047358239e-03,-4.317489136072e-02,-4.903840688161e-02,-4.420596961752e-02,-4.144281235320e-02
557.40000000,1.954750411093e+13,-4.396340616420e-02,-4.993400669174e-02,-4.904631683188e-02,-5.570722160599e-02,-7.824749337870e-02,-7.335652205481e-02
557.60000000,1.313227577158e+13,-1.673289590960e-02,-1.900536398844e-02,-2.204114503315e-02,-2.503451900416e-02,-3.430156348649e-02,-3.215749527251e-02
557.80000000,5.157119904129e+12,1.656315462773e-02,1.881257041204e-02,-6.055269070974e-04,-6.877625840421e-04,1.502234987415e-03,1.408335644089e-03
558.00000000,5.194115985992e+12,2.503093584196e-02,2.843034757509e-02,2.336772566047e-02,2.654126050398e-02,2.006776279606e-02,1.881339862244e-02
558.20000000,1.319575129310e+12,8.557656167524e-03,9.719857891330e-03,2.122954995062e-02,2.411270244305e-02,1.365315460747e-02,1.279974467979e-02
558.40000000,-1.290969338517e+13,-2.403414502792e-02,-2.729818418009e-02,-2.505659154158e-02,-2.845948866012e-02,-1.835448494937e-02,-1.720721165439e-02
558.60000000,7.600674513851e+12,-5.891225220134e-02,-6.691303182153e-02,-7.664634768947e-02,-8.705557015958e-02,-3.805994231436e-02,-3.568095126416e-02
558.80000000,1.651179270168e+13,-7.548416821772e-03,-8.573555349253e-03,-1.099000060042e-01,-1.248253566106e-01,-5.714496559045e-02,-5.357303790383e-02
559.00000000,3.009889916588e+13,1.902039984852e-02,2.160353021257e-02,-3.712545148685e-02,-4.216740189257e-02,-1.437591094389e-02,-1.347732409918e-02
559.20000000,1.409727106024e+13,3.667497560361e-02,4.165574592584e-02,5.898088929348e-03,6.699099305770e-03,1.676867328726e-02,1.572052341502e-02
559.40000000,9.886774854302e+12,1.217199928129e-02,1.382505921616e-02,2.093427595413e-02,2.377732773971e-02,1.808341665564e-02,1.695308687150e-02
559.60000000,9.013295944136e+12,-6.150340601097e-03,-6.985608612414e-03,1.131772503884e-02,1.285476785087e-02,2.243138766795e-02,2.102928174606e-02
559.80000000,9.696210337617e+11,-2.033141486722e-02,-2.309259210355e-02,-5.958795025267e-03,-6.768049803108e-03,8.632592568526e-03,8.093000041272e-03
560.00000000,3.619694230057e+13,-2.321861400381e-02,-2.637189717987e-02,-1.174714438029e-02,-1.334250597192e-02,7.691623903239e-03,7.210847966267e-03
560.20000000,8.448440967804e+12,-9.012804898544e-03,-1.023681965029e-02,-8.458193504831e-03,-9.606887741948e-03,7.983693863234e-03,7.484661676288e-03
560.40000000,7.846926074902e+12,3.927623431312e-02,4.461027745878e-02,1.148161575310e-02,1.304091631070e-02,3.553543371245e-02,3.331424067782e-02
560.60000000,8.042288723901e+12,2.841246720623e-02,3.227111935563e-02,-4.445519050693e-03,-5.049258148363e-03,1.093461665309e-02,1.025113282276e-02
560.80000000,2.881014774156e+13,2.366403424498e-02,2.687780923819e-02,7.355458337775e-03,8.354391809696e-03,1.715532260765e-02,1.608300466745e-02
561.00000000,1.014044513380e+13,-1.117007362663e-02,-1.268706362596e-02,-1.277123370744e-02,-1.450567529385e-02,-1.520925029327e-02,-1.425857438239e-02
561.20000000,1.716392719842e+13,-6.719791630648e-03,-7.632395883946e-03,6.547603879569e-03,7.436823881345e-03,8.771763316938e-03,8.223471723296e-03
561.40000000,1.983455210918e+13,-1.778533361407e-02,-2.020073158988e-02,5.250675348172e-03,5.963761482934e-03,-6.244337331711e-03,-5.854026108854e-03
561.60000000,7.260100659825e+12,-2.252459775469e-02,-2.558362768368e-02,1.951167702143e-02,2.216152783629e-02,4.416950429631e-03,4.140862634897e-03
561.80000000,2.076464453677e+13,-1.455329554646e-02,-1.652975555374e-02,-8.564983626124e-03,-9.728180865194e-03,-5.375205268825e-03,-5.039220386822e-03
562.00000000,1.192621766565e+13,-7.028021482580e-03,-7.982485943654e-03,-1.845370696880e-02,-2.095987649973e-02,9.266063027020e-03,8.686874524059e-03
562.20000000,1.906516499660e+13,-2.094847871292e-02,-2.379345841235e-02,-3.871211522995e-02,-4.396954799570e-02,-5.151147513438e-02,-4.829167681427e-02
562.40000000,1.983679801832e+13,5.311919566694e-03,6.033322945876e-03,-5.829579943741e-03,-6.621286220307e-03,-1.827506125541e-02,-1.713275245186e-02
562.60000000,4.350943837805e+13,1.107126930903e-02,1.257484085056e-02,1.034814839942e-02,1.175351450088e-02,-1.693888070902e-02,-1.588009177881e-02
562.80000000,4.811992679012e+12,5.976336210960e-04,6.787972961781e-04,2.462839845128e-02,2.797314332550e-02,5.218250190664e-03,4.892076009980e-03
563.00000000,1.582594826551e+13,-8.006972932236e-03,-9.094387238459e-03,1.078151166724e-02,1.224573216687e-02,-1.594542485023e-03,-1.494873329728e-03
563.20000000,1.274577187709e+13,5.750021274547e-03,6.530922552465e-03,6.478823783090e-03,7.358702865862e-03,1.742780154440e-02,1.633845191911e-02
563.40000000,2.438622366526e+13,-1.794911189378e-02,-2.038675233824e-02,-3.224483610176e-02,-3.662395764654e-02,-1.627937617766e-02,-1.526181052006e-02
563.60000000,5.748273930831e+12,-3.766068949745e-02,-4.277532806166e-02,-4.843975623838e-02,-5.501828495218e-02,-5.481615799873e-02,-5.138979575655e-02
563.80000000,1.261523911424e+13,-1.507478936805e-02,-1.712207262489e-02,-2.146763979611e-02,-2.438312690387e-02,-1.668369965786e-02,-1.564086118369e-02
564.00000000,4.757987665055e+12,-9.666481462500e-03,-1.097927099259e-02,-5.438262268428e-03,-6.176824294008e-03,-2.061095539527e-02,-1.932263819246e-02
564.20000000,1.117977237507e+13,-8.464784789602e-03,-9.614373798733e-03,7.485769417337e-03,8.502400236339e-03,-1.509341645629e-02,-1.414998090482e-02
564.40000000,8.853337625498e+12,-3.610087085471e-03,-4.100367292071e-03,6.822977572045e-03,7.749595651014e-03,-8.678878624193e-03,-8.136392920925e-03
564.60000000,-1.536823094028e+12,1.205427195731e-02,1.369134353085e-02,1.108273739640e-02,1.258786689851e-02,1.203042888104e-02,1.127844974240e-02
564.80000000,9.428803895602e+11,-4.155507725642e-03,-4.719860645119e-03,5.572741300219e-03,6.329566716054e-03,1.957523215386e-02,1.835165431144e-02
565.00000000,2.139386459337e+11,3.865524397233e-03,4.390495140382e-03,-9.716848648476e-03,-1.103647890275e-02,3.080296741603e-02,2.887758394600e-02
565.20000000,3.826529062282e+13,-4.667396595844e-02,-5.301268331654e-02,3.836082254090e-03,4.357054678742e-03,-3.045783491608e-02,-2.855402444586e-02
565.40000000,4.798642808367e+12,3.748950102748e-03,4.258089075685e-03,-7.477203460891e-03,-8.492670950536e-03,5.347592093924e-03,5.013333212855e-03
565.60000000,1.149696614596e+13,-2.184489881687e-02,-2.481161991016e-02,-2.345308198204e-02,-2.663820893617e-02,-1.068670884973e-02,-1.001872085071e-02
565.80000000,2.233860266256e+13,-1.728037796622e-02,-1.962719871563e-02,-2.995769856657e-02,-3.402620748412e-02,-2.256266890872e-02,-2.115235706539e-02
566.00000000,9.117952465883e+12,-2.173346643588e-02,-2.468505407408e-02,-1.675294343044e-02,-1.902813488383e-02,-1.780942274246e-02,-1.669621933916e-02
566.20000000,5.760208552658e+12,-3.018658275558e-02,-3.428617472651e-02,-1.811206597868e-03,-2.057183777275e-03,-1.086713396919e-02,-1.018786824039e-02
566.40000000,7.368012662903e+12,-4.180983651312e-02,-4.748796415886e-02,-9.509149304683e-03,-1.080057223086e-02,-2.415082465123e-03,-2.264124286507e-03
566.60000000,5.641567556922e+12,-5.584931278937e-03,-6.343411946149e-03,7.545695888748e-04,8.570465229570e-04,-6.037912344091e-04,-5.660504009891e-04
566.80000000,1.013870920746e+13,-5.665170084712e-03,-6.434547856991e-03,-2.136883864006e-03,-2.427090771494e-03,-2.151045301722e-02,-2.016591143092e-02
567.00000000,1.795339558662e+13,-6.637475472647e-03,-7.538900498964e-03,-3.313415186753e-02,-3.763405001721e-02,-3.036204047636e-02,-2.846421777441e-02
567.20000000,1.076969809955e+13,-3.587613965275e-03,-4.074842133030e-03,-2.241177857519e-02,-2.545548771688e-02,-2.394079294780e-03,-2.244433949321e-03
567.40000000,1.310428535399e+13,7.300768088990e-03,8.292273834492e-03,-1.592335633004e-02,-1.808588283661e-02,1.164251543490e-02,1.091478338022e-02
567.60000000,1.534704396070e+13,3.780723984344e-03,4.294178117792e-03,3.679959947978e-03,4.179729642612e-03,5.959643416085e-03,5.587127393014e-03
567.80000000,3.067535335250e+13,3.985545316880e-03,4.526815910944e-03,-1.292659314159e-02,-1.468213385355e-02,-6.095174779311e-03,-5.714187174821e-03
568.00000000,1.523550532187e+13,1.427123002308e-02,1.620938315858e-02,1.286276825852e-02,1.460964101137e-02,2.204073654868e-04,2.066304883295e-04
568.20000000,6.404884690870e+12,2.054109443770e-02,2.333074792424e-02,3.916738143670e-03,4.448664320503e-03,-3.084233513737e-02,-2.891449093169e-02
568.40000000,1.136543244022e+13,4.757841041015e-02,5.403995893607e-02,1.016342601536e-02,1.154370525424e-02,-4.212348945947e-03,-3.949050059155e-03
568.60000000,1.247484573109e+13,4.036441849060e-02,4.584624620509e-02,1.461666095876e-02,1.660172717883e-02,1.021679022547e-02,9.578175161172e-03
568.80000000,1.515147301944e+13,3.491469350049e-02,3.965640269961e-02,2.827970590238e-02,3.212032921975e-02,1.736386358563e-02,1.627851049377e-02
569.00000000,1.167920351834e+13,1.845928688986e-02,2.096621339212e-02,1.055468086534e-02,1.198809582300e-02,5.680516286862e-03,5.325447503643e-03
569.20000000,1.785662977342e+13,-8.144775496040e-05,-9.250904550047e-05,1.148182499072e-03,1.304115396457e-03,2.662007791974e-03,2.495615193154e-03
569.40000000,1.174860806878e+13,1.581242456336e-02,1.795988488723e-02,-2.817949535208e-03,-3.200650922890e-03,-1.787831237376e-02,-1.676080292568e-02
569.60000000,1.291311273290e+13,6.646775579794e-03,7.549463638927e-03,-6.468882073442e-03,-7.347410987933e-03,-2.436932797759e-02,-2.284608832895e-02
569.80000000,7.865376885522e+12,1.114775059909e-02,1.266170894343e-02,5.082521261498e-03,5.772770648649e-03,-2.452903854916e-02,-2.299581596316e-02
570.00000000,4.450479177291e+12,1.931117190868e-02,2.193379156546e-02,-2.853464294388e-02,-3.240988886833e-02,-3.798778980083e-02,-3.561330874654e-02
570.20000000,1.341719048836e+12,-9.501469279203e-04,-1.079184876615e-03,-5.681224403565e-02,-6.452782742639e-02,-3.887654021921e-03,-3.644650655073e-03
570.40000000,2.872980905905e+13,-2.294482416186e-02,-2.606092437333e-02,-2.333326516632e-03,-2.650211998318e-03,-6.551105012087e-03,-6.141618837254e-03
570.60000000,1.616692119053e+13,1.830747060516e-02,2.079377917837e-02,6.901125072045e-03,7.838356242669e-03,-1.325046426694e-03,-1.242222507409e-03
570.80000000,1.435232164031e+13,7.392709376527e-03,8.396701522601e-03,9.180700880443e-03,1.042751773182e-02,1.110766120150e-02,1.041336097454e-02
571.00000000,1.330038247219e+13,4.908247434248e-03,5.574828740775e-03,-1.849677558610e-02,-2.100879419963e-02,3.167078957961e-03,2.969116164585e-03
571.20000000,-3.358517249756e+12,-1.836886438541e-03,-2.086351075062e-03,-2.410423358107e-02,-2.737779243130e-02,1.711380980686e-03,1.604408668356e-03
571.40000000,2.295220876192e+11,-5.241153214535e-02,-5.952945927565e-02,-9.459659875849e-02,-1.074436171889e-01,-2.028282579543e-02,-1.901501880189e-02
571.60000000,-3.451547622626e+12,-1.075371930958e-01,-1.221416488887e-01,-8.498756184374e-02,-9.652959176548e-02,-5.930234627807e-02,-5.559556843048e-02
571.80000000,1.169904310010e+13,1.223908203331e-02,1.390125237043e-02,-2.508129194979e-02,-2.848754359273e-02,-1.616671223603e-02,-1.515618879900e-02
572.00000000,8.884222322623e+12,3.656625289411e-02,4.153225775744e-02,4.774745370042e-02,5.423196187245e-02,2.538490595889e-02,2.379818615812e-02
572.20000000,1.527137603119e+13,4.382056712813e-02,4.977176891253e-02,9.972777776718e-03,1.132716537185e-02,5.137552082774e-03,4.816422052573e-03
572.40000000,1.902856835417e+13,2.689788773072e-02,3.055084724153e-02,-2.191062645106e-03,-2.488627489438e-03,-1.284276618195e-03,-1.204001074017e-03
572.60000000,5.721181647150e+12,1.835128481294e-02,2.084354372427e-02,-7.225307254225e-03,-8.206565107877e-03,2.404660120109e-02,2.254353405053e-02
572.80000000,1.217413670764e+13,2.197536584127e-02,2.495980545441e-02,7.530681076032e-03,8.553411278253e-03,2.754978515276e-02,2.582774648617e-02
573.00000000,1.635304098403e+13,-4.906401594486e-03,-5.572732220438e-03,-2.551215571694e-02,-2.897692230472e-02,-1.282781627322e-02,-1.202599529683e-02
573.20000000,1.474348375385e+13,-3.875124310485e-02,-4.401398802641e-02,-3.489647414589e-02,-3.963571057081e-02,-4.694027762409e-02,-4.400620853278e-02
573.40000000,2.626171669251e+13,-1.049144739474e-03,-1.191627424086e-03,-1.404520213321e-02,-1.595265941003e-02,-3.223499373792e-02,-3.022009941748e-02
573.60000000,2.195840149841e+13,-3.696559146570e-03,-4.198582986766e-03,-1.158536133170e-02,-1.315875141660e-02,-2.972515454542e-02,-2.786714130816e-02
573.80000000,1.276577832399e+13,1.845088458069e-03,2.095666997866e-03,-7.514249797249e-03,-8.534748492796e-03,5.202083899346e-03,4.876920215788e-03
574.00000000,1.207645944094e+13,5.040524401076e-03,5.725070032863e-03,-1.046790909749e-02,-1.188953971496e-02,1.706072846492e-02,1.599432326670e-02
574.20000000,2.366584381499e+13,8.789068863270e-03,9.982698378593e-03,-3.308445831842e-03,-3.757760766370e-03,8.890720050869e-03,8.334992896684e-03
574.40000000,-6.554272942577e+12,1.772851034262e-02,2.013619123997e-02,-5.318821423437e-03,-6.041162371757e-03,1.091189698581e-02,1.022983328074e-02
574.60000000,1.389766193988e+13,1.198999394644e-02,1.361833602518e-02,-7.406282581352e-03,-8.412118415541e-03,-6.787224701837e-03,-6.362979528578e-03
574.80000000,-2.019538943134e+13,2.803977407201e-02,3.184781135742e-02,2.040067160339e-02,2.317125540367e-02,-1.085945216434e-02,-1.018066659773e-02
575.00000000,4.255176412829e+12,-8.351513490853e-03,-9.485719304389e-03,3.071981097847e-03,3.489182120928e-03,-1.985284236078e-02,-1.861191209591e-02
575.20000000,2.260582304155e+13,-2.321567629571e-02,-2.636856050629e-02,-3.422775650952e-03,-3.887617542185e-03,-2.494712494800e-03,-2.338776927454e-03
575.40000000,7.338371005301e+12,-5.251596620912e-03,-5.964807636413e-03,7.667118165426e-03,8.708377678690e-03,1.871366366832e-02,1.754393939456e-02
575.60000000,3.468261633958e+13,-1.638136328361e-03,-1.860609027355e-03,-5.903546950875e-03,-6.705298572796e-03,1.716448004122e-02,1.609158970255e-02
575.80000000,1.051294946381e+13,1.877378502340e-03,2.132342301883e-03,-8.192235366631e-03,-9.304810238485e-03,-8.264195713344e-03,-7.747630357654e-03
576.00000000,2.470476887141e+13,4.865669497408e-03,5.526468361800e-03,1.812091203062e-03,2.058188519339e-03,5.363230101916e-04,5.027993744826e-04
576.20000000,1.515471747777e+13,2.628827836260e-03,2.985844779110e-03,8.035879444146e-03,9.127219858904e-03,-9.830833008957e-04,-9.216342751687e-04
576.40000000,2.564386488947e+13,1.107630786878e-02,1.258056368912e-02,1.509299341704e-02,1.714274961488e-02,3.104582966514e-03,2.910526574339e-03
576.60000000,-1.572028120637e+12,-5.703385786998e-02,-6.477953573249e-02,-2.698692185401e-02,-3.065197416022e-02,-6.103139180600e-02,-5.721653749833e-02
576.80000000,1.730274466738e+13,-6.098868651249e-02,-6.927146338619e-02,-5.008559480358e-02,-5.688764231889e-02,-7.072020200014e-02,-6.629973477407e-02
577.00000000,2.090508194779e+13,-1.299309435073e-02,-1.475766590589e-02,-1.234208424454e-02,-1.401824370314e-02,-1.793686954800e-02,-1.681569990011e-02
577.20000000,-7.428812346925e+12,-2.623951038141e-03,-2.980305670766e-03,9.701691226189e-03,1.101926297428e-02,-1.070475469985e-02,-1.003563871919e-02
577.40000000,9.993894955270e+12,-5.793641906499e-04,-6.580467233317e-04,7.268484089095e-03,8.255605722215e-03,-4.442538439214e-03,-4.164851229397e-03
577.60000000,1.882877650743e+13,-1.587287686187e-03,-1.802854711660e-03,5.817322591863e-03,6.607364216344e-03,-1.089536940682e-02,-1.021433878167e-02
577.80000000,1.508493580233e+13,-6.111345501609e-02,-6.941317650255e-02,-4.007844854211e-02,-4.552144093128e-02,-5.324945326245e-02,-4.992102013733e-02
578.00000000,1.637038889576e+13,-9.036948893285e-02,-1.026424260270e-01,-8.766083746724e-02,-9.956592083546e-02,-1.183788156416e-01,-1.109793787056e-01
578.20000000,5.565669273461e+12,-5.006689895326e-02,-5.686640516501e-02,-5.515466841313e-02,-6.264513901067e-02,-7.053609771838e-02,-6.612713819338e-02
578.40000000,5.284924979514e+12,-1.954645540353e-02,-2.220102853892e-02,-1.139923641017e-02,-1.294734915604e-02,-3.599925881748e-02,-3.374907373224e-02
578.60000000,1.755921873528e+13,-8.106856832275e-03,-9.207836212688e-03,3.363646893764e-03,3.820458599522e-03,-8.130528739722e-03,-7.622318429117e-03
578.80000000,4.455868301595e+12,2.792867264271e-02,3.172162141905e-02,1.524708833013e-02,1.731777192086e-02,5.453612730233e-03,5.112726877877e-03
579.00000000,7.451506952065e+12,2.524190511977e-02,2.866996825623e-02,1.327793955672e-02,1.508119608435e-02,1.972093519727e-02,1.848824997804e-02
579.20000000,1.536448145899e+13,2.222820480232e-02,2.524698207412e-02,2.208681453187e-02,2.508639080718e-02,1.061916363272e-02,9.955397643946e-03
579.40000000,5.490632356674e+12,-1.741825779120e-02,-1.978380378117e-02,7.388977093172e-03,8.392462695656e-03,-1.029857453427e-02,-9.654847424951e-03
579.60000000,1.005040255488e+11,-4.973147407567e-02,-5.648542676629e-02,-2.861596471463e-02,-3.250225482356e-02,-4.718046029413e-02,-4.423137824201e-02
579.80000000,1.823486943421e+13,-4.624756788291e-02,-5.252837679404e-02,-2.298877379847e-02,-2.611084377306e-02,-5.876610145784e-02,-5.509284235859e-02
580.00000000,8.905162388919e+12,-4.619311048439e-02,-5.246652362252e-02,-1.741728652143e-02,-1.978270138714e-02,-6.328659413785e-02,-5.933077518763e-02
580.20000000,2.817766297915e+13,-8.573410975926e-03,-9.737752335295e-03,7.732602884994e-03,8.782755777198e-03,-1.851536996467e-02,-1.735804032205e-02
580.40000000,1.074965511288e+13,1.270059231561e-02,1.442543963287e-02,-4.285229360913e-03,-4.867199762606e-03,-7.065473779347e-03,-6.623836250113e-03
580.60000000,5.800137717491e+12,1.847009611700e-02,2.097849060327e-02,8.824064347552e-03,1.002244694050e-02,2.406984630246e-02,2.256532618363e-02
580.80000000,1.386010110445e+13,3.395529258995e-02,3.856670707165e-02,3.707363825377e-02,4.210855198408e-02,1.809369609649e-02,1.696272378121e-02
581.00000000,1.937976166552e+13,2.446522762259e-02,2.778781141886e-02,4.078518827652e-02,4.632416190088e-02,1.826310049596e-02,1.712153931676e-02
581.20000000,2.103400951487e+13,1.192619009335e-02,1.354586707191e-02,1.963047869136e-02,2.229646377810e-02,-9.726852012729e-03,-9.118861236133e-03
581.40000000,2.366041788930e+13,-1.454144721170e-02,-1.651629811541e-02,1.437503407970e-02,1.632728532535e-02,-2.777973002468e-02,-2.604331832548e-02
581.60000000,2.127475252354e+13,-2.876729237548e-02,-3.267413276887e-02,-1.191262219285e-02,-1.353045707142e-02,-4.571367630897e-02,-4.285627768465e-02
581.80000000,1.305000938213e+13,-2.030517782057e-02,-2.306279184517e-02,6.833729535154e-03,7.761807821678e-03,-1.085109177364e-02,-1.017282878519e-02
582.00000000,-2.859772655816e+12,9.283099149692e-03,1.054382213538e-02,1.344967288669e-02,1.527625225346e-02,2.113085360055e-02,1.981003941792e-02
582.20000000,8.388167642794e+12,1.654244695383e-02,1.878905046177e-02,9.639890624850e-03,1.094906932842e-02,3.702580157727e-02,3.471145097076e-02
582.40000000,2.014261539122e+13,3.401997278457e-02,3.864017138101e-02,2.719908790024e-02,3.089295415052e-02,4.204991606821e-02,3.942152601019e-02
582.60000000,6.349903337106e+12,7.937904456768e-03,9.015938682784e-03,3.509433807457e-02,3.986044609500e-02,4.437078316445e-02,4.159732399400e-02
582.80000000,9.777832438174e+12,4.718968997629e-02,5.359844699605e-02,1.078462493733e-01,1.224926824538e-01,3.971055843265e-02,3.722839326463e-02
583.00000000,7.724933995250e+12,6.548277769432e-02,7.437588997017e-02,7.329371511170e-02,8.324762171335e-02,9.367084661900e-02,8.781581657375e-02
583.20000000,5.160597827569e+12,4.123515549924e-02,4.683523662712e-02,2.274528061030e-02,2.583428214990e-02,6.189745815418e-02,5.802846913253e-02
583.40000000,2.884010989214e+13,5.528746194011e-03,6.279596453870e-03,1.760973398403e-02,2.000128484333e-02,3.913651759616e-02,3.669023367045e-02
583.60000000,1.408884871816e+13,1.350445639409e-02,1.533847521805e-02,1.058521351886e-02,1.202277506919e-02,3.285819765925e-02,3.080434908766e-02
583.80000000,1.571249800808e+13,1.435356041251e-02,1.630289470774e-02,2.818352028550e-05,3.201108078280e-05,4.080772395970e-02,3.825697889348e-02
584.00000000,5.857652737732e+12,2.169353370391e-02,2.463969814106e-02,2.179025192627e-02,2.474955249072e-02,5.873813237986e-02,5.506662152777e-02
584.20000000,1.635398764406e+13,-6.620311823218e-02,-7.519405881503e-02,-1.043146414469e-02,-1.184814522923e-02,4.353832271616e-02,4.081689767493e-02
584.40000000,1.461188809211e+13,1.779491584912e-02,2.021161517309e-02,-1.343813150239e-02,-1.526314345153e-02,1.016955676789e-02,9.533894098315e-03
584.60000000,1.181134509438e+13,5.738038488398e-02,6.517312403116e-02,3.934003689971e-02,4.468274674063e-02,8.311732787828e-02,7.792196059407e-02
584.80000000,6.761023949730e+12,1.607515157347e-02,1.825829243627e-02,2.260772408874e-02,2.567804428894e-02,5.142750501442e-02,4.821295536658e-02
585.00000000,1.714381196969e+13,1.769315489028e-02,2.009603421968e-02,1.520209963425e-02,1.726667337946e-02,1.778445437957e-02,1.667281165946e-02
585.20000000,2.347578291193e+13,2.251747733001e-02,2.557554024541e-02,3.317633461163e-02,3.768196153484e-02,5.033584246159e-02,4.718952874069e-02
585.40000000,1.893451317102e+13,3.097101337843e-03,3.517713762926e-03,1.562607611497e-02,1.774822945324e-02,2.906003719620e-02,2.724359806875e-02
585.60000000,2.908810275450e+13,-7.318341685648e-03,-8.312234073464e-03,1.890271545975e-03,2.146986414252e-03,1.508301405793e-02,1.414022872322e-02
585.80000000,6.484777872880e+12,-2.830389864068e-02,-3.214780626523e-02,-1.081570881609e-02,-1.228457357785e-02,-7.023789101347e-03,-6.584757132444e-03
586.00000000,-1.026108178837e+12,-2.932906464589e-02,-3.331219844115e-02,9.076060392429e-03,1.030866618025e-02,8.531126778838e-03,7.997876515678e-03
586.20000000,2.946737873469e+13,-7.529696655558e-03,-8.552292826929e-03,-8.531952353761e-03,-9.690663666588e-03,9.226062199035e-03,8.649374004954e-03
586.40000000,-3.468340995566e+12,4.688421171643e-03,5.325148221778e-03,1.377280701662e-02,1.564327073206e-02,4.795626703160e-03,4.495869207137e-03
586.60000000,1.710064823337e+13,7.741071560828e-03,8.792374223143e-03,1.865421056998e-02,2.118761018628e-02,-7.709814720330e-03,-7.227901740356e-03
586.80000000,2.297442053101e+13,-8.841742225457e-03,-1.004252522663e-02,1.592460289640e-02,1.808729869723e-02,-9.815625073180e-03,-9.202085409658e-03
587.00000000,2.134670698131e+13,-2.153527642708e-02,-2.445994819423e-02,1.028272031761e-03,1.167920073202e-03,-3.622332339539e-02,-3.395913283371e-02
587.20000000,1.193817107637e+12,-2.758773747554e-02,-3.133438438707e-02,-8.613448996223e-03,-9.783228242585e-03,-3.372409516843e-02,-3.161612243639e-02
587.40000000,-4.559693012764e+12,-2.455233722433e-02,-2.788675123758e-02,-1.438124122437e-02,-1.633433545278e-02,-4.715265676691e-03,-4.420531261397e-03
587.60000000,9.333900375205e+12,-8.665602887788e-03,-9.842464684621e-03,-3.540740396203e-02,-4.021602897862e-02,1.020914750120e-02,9.571010156304e-03
587.80000000,1.465720709268e+13,1.316996119842e-02,1.495855275990e-02,-4.746826544369e-02,-5.391485748843e-02,-8.827510591878e-03,-8.275734435200e-03
588.00000000,1.775947971006e+13,5.429932414059e-03,6.167362931041e-03,-2.773279473740e-03,-3.149914289151e-03,-9.541687703555e-03,-8.945270886549e-03
588.20000000,8.527805360360e+12,-2.404317813912e-03,-2.730844406381e-03,-3.897661853456e-03,-4.426997308685e-03,-2.539970173286e-02,-2.381205710111e-02
588.40000000,5.890498817556e+12,-7.955771063296e-03,-9.036231724832e-03,6.393140793032e-03,7.261383400848e-03,-1.949967098290e-02,-1.828081619938e-02
588.60000000,2.169879343071e+13,-1.910152361769e-02,-2.169567127228e-02,5.041470676221e-03,5.726145046589e-03,-2.381049194612e-02,-2.232218314174e-02
588.80000000,2.903918536015e+13,-1.836805757689e-02,-2.086259437072e-02,-1.040479122294e-02,-1.181784989904e-02,-2.004786538561e-02,-1.879474492804e-02
589.00000000,7.199602153891e+12,-3.719268275114e-03,-4.224376206072e-03,-8.153149693322e-03,-9.260416400063e-03,9.279444561903e-03,8.699419626992e-03
589.20000000,1.918578215743e+13,2.159750285315e-03,2.453062549263e-03,-2.866094432525e-02,-3.255334304584e-02,-1.661773029289e-02,-1.557901532809e-02
589.40000000,2.246204447785e+13,1.035241869031e-02,1.175836426839e-02,7.143831561501e-03,8.114024326771e-03,1.062326804301e-02,9.959245502210e-03
589.60000000,2.090199772210e+13,8.796940073485e-03,9.991638565395e-03,1.353252416525e-02,1.537035543660e-02,-5.545892489885e-03,-5.199238559360e-03
589.80000000,7.732307230642e+12,-1.769813911759e-02,-2.010169534701e-02,-1.141672691551e-03,-1.296721501998e-03,-1.519619126836e-04,-1.424633163045e-04
590.00000000,2.149697959880e+13,-2.960903000268e-02,-3.363018544941e-02,-1.998253650215e-03,-2.269633401812e-03,-1.531488503200e-03,-1.435760627091e-03
590.20000000,1.276351820787e+13,-2.284084140728e-02,-2.594281988562e-02,2.606400973700e-03,2.960372276958e-03,-6.935474030884e-03,-6.501962321589e-03
590.40000000,3.150235972423e+13,-2.214900224101e-02,-2.515702313845e-02,-4.894137161220e-03,-5.558802393760e-03,-1.187236059872e-02,-1.113026174382e-02
590.60000000,9.278891745456e+12,3.664392388388e-02,4.162047712126e-02,1.857204918132e-02,2.109429058592e-02,-1.024074986232e-03,-9.600637166706e-04
590.80000000,-1.902417584170e+13,2.338700018719e-02,2.656315162400e-02,-5.847013810638e-03,-6.641087753825e-03,5.028255354177e-03,4.713957072091e-03
591.00000000,1.771596468207e+13,3.502808501582e-02,3.978519373695e-02,4.673750472496e-02,5.308485328162e-02,1.424981501814e-02,1.335910997936e-02
591.20000000,5.176667577674e+12,1.570093535373e-02,1.783325450471e-02,2.584586301331e-02,2.935594987522e-02,1.905191210295e-02,1.786104512770e-02
591.40000000,1.541404658875e+13,-1.942174890036e-03,-2.205938584316e-03,1.848322108257e-02,2.099339887985e-02,2.386620656397e-02,2.237441523783e-02
591.60000000,1.485823154655e+13,-2.068356533028e-02,-2.349256756299e-02,1.555588793536e-02,1.766850912503e-02,9.857163868933e-04,9.241027763661e-04
591.80000000,2.038085791567e+13,-3.569768417504e-02,-4.054573009696e-02,-6.278507256575e-03,-7.131181660301e-03,-1.327447319421e-02,-1.244473328908e-02
592.00000000,1.419175061543e+13,-2.205325923574e-02,-2.504827742736e-02,-6.062684130680e-03,-6.886047927972e-03,-1.659800316089e-02,-1.556052126865e-02
592.20000000,2.604617719640e+13,1.255378576456e-03,1.425869551675e-03,-9.218060794202e-03,-1.046995143795e-02,-1.736712912268e-02,-1.628157191375e-02
592.40000000,-1.763457984015e+12,2.337134359308e-02,2.654536873265e-02,-1.035786711816e-02,-1.176455310384e-02,3.575059108107e-05,3.351594932816e-05
592.60000000,1.482367937298e+13,2.204024615782e-02,2.503349706394e-02,1.550180181612e-03,1.760707765321e-03,1.136032209063e-02,1.065022893395e-02
592.80000000,-5.089469923213e+11,-1.318014734738e-02,-1.497012227360e-02,1.484913014632e-02,1.686576764882e-02,3.671987273506e-03,3.442464464776e-03
593.00000000,-5.724576703429e+12,-1.055815867296e-02,-1.199204547207e-02,7.536303996526e-03,8.559797838922e-03,2.454213014052e-03,2.300808924590e-03
593.20000000,2.021308682024e+13,1.169105004060e-03,1.327879302119e-03,5.275206264691e-03,5.991623905455e-03,3.886205556392e-03,3.643292727952e-03
593.40000000,1.500946739105e+13,-6.784734796529e-03,-7.706158878278e-03,2.203796796051e-03,2.503091045817e-03,2.457399490269e-02,2.303796225560e-02
593.60000000,1.494885434748e+13,9.269103067462e-03,1.052792526740e-02,1.302311051601e-02,1.479175910398e-02,2.120501063550e-02,1.987956116149e-02
593.80000000,3.069699383544e+12,3.311858410708e-02,3.761636653556e-02,3.076674903019e-02,3.494513384553e-02,3.316245731909e-02,3.108959056293e-02
594.00000000,2.235099746702e+13,2.791038468863e-02,3.170084980691e-02,4.845107113339e-02,5.503113650566e-02,1.709658017794e-02,1.602793401720e-02
594.20000000,1.165959975983e+13,1.442571023671e-02,1.638484308524e-02,1.090093235217e-02,1.238137119115e-02,-1.282262547910e-03,-1.202112896071e-03
594.40000000,2.908569181745e+12,9.460210493957e-03,1.074498669067e-02,1.324514477700e-02,1.504394749610e-02,-7.004174976996e-04,-6.566369016945e-04
594.60000000,1.585437667973e+13,1.870176990685e-02,2.124162764342e-02,2.113600287381e-02,2.400645088176e-02,2.757705227172e-02,2.585330923492e-02
594.80000000,1.428702750524e+13,-1.861259702594e-03,-2.114034433484e-03,1.666658710238e-02,1.893005063581e-02,8.874306814981e-03,8.319605593546e-03
595.00000000,1.049146288326e+13,1.339304155738e-03,1.521192930892e-03,1.939758245727e-02,2.203193826505e-02,3.718914792622e-03,3.486458712289e-03
595.20000000,5.386510037838e+11,9.304076067482e-04,1.056764789514e-03,3.103594248219e-02,3.525088604578e-02,-5.804001933428e-03,-5.441214503512e-03
595.40000000,1.063640495925e+13,7.385290142739e-03,8.388274694429e-03,2.155043012375e-02,2.447716085845e-02,-1.991715880765e-02,-1.867220835141e-02
595.60000000,7.306105109327e+12,5.987906464562e-02,6.801114553186e-02,3.049091785996e-02,3.463184246876e-02,3.518298739791e-02,3.298382452353e-02
595.80000000,-2.499471643439e+12,5.172498377930e-02,5.874967186390e-02,3.221330742096e-02,3.658814710414e-02,3.563916430664e-02,3.341148744308e-02
596.00000000,9.043214381756e+12,5.115156749639e-02,5.809838082424e-02,4.024632382612e-02,4.571211509914e-02,1.727494634162e-02,1.619515114908e-02
596.20000000,2.276102119240e+13,2.230995833116e-02,2.533983842017e-02,2.453598216499e-02,2.786817612565e-02,8.507663024243e-03,7.975879396575e-03
596.40000000,-9.775670578935e+12,-9.168990882658e-03,-1.041421700542e-02,1.346099533833e-02,1.528911238983e-02,-1.094330076284e-02,-1.025927411983e-02
596.60000000,2.554383284106e+13,-1.228048042136e-03,-1.394827300796e-03,1.615646216858e-02,1.835064642018e-02,-3.612385766566e-03,-3.386588435147e-03
596.80000000,9.862898675360e+12,1.565480381773e-02,1.778085791790e-02,5.364881969081e-02,6.093478329188e-02,3.007814764049e-02,2.819807006570e-02
597.00000000,2.079551239037e+13,4.942033188850e-02,5.613202885173e-02,8.810071844182e-02,1.000655413679e-01,6.094865063100e-02,5.713896817864e-02
597.20000000,1.267795840838e+13,7.926581426470e-02,9.003077889682e-02,1.101598972078e-01,1.251205432383e-01,6.428748705029e-02,6.026910585914e-02
597.40000000,-1.182465034018e+13,4.662455126895e-02,5.295655769638e-02,4.235489592847e-02,4.810704913222e-02,3.965948165185e-02,3.718050911095e-02
597.60000000,6.821366091904e+12,3.830025298136e-02,4.350174964887e-02,6.393811674340e-03,7.262145393513e-03,1.687485103805e-02,1.582006437386e-02
597.80000000,2.623607391709e+13,1.482025468455e-02,1.683296998935e-02,-1.031752629232e-02,-1.171873365256e-02,-2.750478221388e-02,-2.578555652026e-02
598.00000000,1.644117931440e+13,3.350475324971e-03,3.805498069754e-03,2.738064067588e-03,3.109916332910e-03,-1.060091400236e-02,-9.938288732798e-03
598.20000000,1.624755330822e+13,4.785058365719e-03,5.434909560052e-03,1.609205251608e-02,1.827748939194e-02,-2.380128983305e-03,-2.231355621989e-03
598.40000000,1.761507729896e+13,-3.382719638324e-03,-3.842121432209e-03,2.474871885451e-02,2.810980425744e-02,1.355238671029e-02,1.270527542393e-02
598.60000000,1.308351284754e+12,-1.819044489853e-02,-2.066086039595e-02,6.971510664579e-03,7.918300794155e-03,-9.168269193148e-03,-8.595193433438e-03
598.80000000,1.259764472279e+13,-1.629815219687e-02,-1.851157842098e-02,-3.713789864067e-03,-4.218153947519e-03,-3.118638247914e-02,-2.923703310301e-02
599.00000000,1.544525889163e+13,4.287096856750e-03,4.869320687611e-03,-1.434841791962e-02,-1.629705446554e-02,-2.494800107970e-02,-2.338859064237e-02
599.20000000,9.271786166961e+12,2.632128955887e-02,2.989594218563e-02,-7.614350064137e-03,-8.648443222809e-03,-8.873583319420e-04,-8.318927321104e-04
599.40000000,1.612812659776e+13,1.545673335159e-02,1.755588781561e-02,-2.139867773212e-03,-2.430479920815e-03,-7.047305020396e-04,-6.606803155385e-04
599.60000000,1.352207734144e+13,2.850173563704e-03,3.237251119058e-03,1.079924730177e-02,1.226587645061e-02,-3.051049756495e-03,-2.860339534066e-03
599.80000000,3.858549978235e+13,-8.621787652282e-03,-9.792698971410e-03,1.902393346423e-02,2.160754457755e-02,2.803913574829e-03,2.628650952386e-03
600.00000000,1.606183115953e+13,6.372482944444e-03,7.237919755409e-03,3.142984079515e-02,3.569827908216e-02,2.808671205783e-02,2.633111200822e-02
600.20000000,-1.401961791661e+12,1.978557184740e-03,2.247261900814e-03,2.173979774760e-03,2.469224620772e-03,1.977040814451e-02,1.853463054805e-02
600.40000000,1.648514120701e+13,-8.129554242137e-03,-9.233616121818e-03,4.679345422831e-03,5.314840120088e-03,1.462591471323e-02,1.371170102587e-02
600.60000000,2.382748160881e+13,2.956902279385e-02,3.358474492495e-02,1.185740001284e-02,1.346773525217e-02,6.021851289502e-02,5.645446874460e-02
600.80000000,1.434468069685e+13,1.143490880032e-02,1.298786564494e-02,2.339609007942e-02,2.657347705099e-02,4.779914147663e-02,4.481138787362e-02
601.00000000,6.788178046070e+12,7.085077625049e-03,8.047290790422e-03,2.516119772049e-02,2.857830124313e-02,3.124613103806e-02,2.929304699293e-02
601.20000000,7.611078659782e+12,1.148003583215e-02,1.303912130745e-02,1.257361664263e-02,1.428122015973e-02,1.986680931875e-02,1.862500602922e-02
601.40000000,1.446696481394e+12,2.191393790961e-02,2.489003509269e-02,3.343527070039e-02,3.797606333514e-02,2.882049655386e-02,2.701903025637e-02
601.60000000,9.314518601368e+12,3.179621294448e-02,3.611440624077e-02,3.619243214211e-02,4.110767062716e-02,5.565343582988e-02,5.217473834110e-02
601.80000000,1.625292443982e+13,2.699537158237e-02,3.066157022060e-02,2.620396437908e-02,2.976268443611e-02,6.136512561174e-02,5.752941079591e-02
602.00000000,1.803688292341e+13,4.879351738324e-03,5.542008766174e-03,1.963384029052e-02,2.230028191087e-02,5.546248882870e-02,5.199572675493e-02
602.20000000,2.496172878287e+13,3.774972412153e-03,4.287645433695e-03,1.704773409232e-02,1.936296061163e-02,1.851987178317e-02,1.736226074795e-02
602.40000000,1.460880120816e+13,-1.257322009336e-03,-1.428076919094e-03,2.870205121537e-03,3.260003259943e-03,1.163878391417e-02,1.091128510353e-02
602.60000000,-3.488367183702e+11,-1.294382071160e-02,-1.470170049190e-02,1.322374688294e-02,1.501964358699e-02,-1.954507305941e-03,-1.832338035426e-03
602.80000000,1.595338522662e+13,1.066978044547e-02,1.211882642063e-02,1.017717771823e-02,1.155932455471e-02,-6.600542918521e-03,-6.187966556740e-03
603.00000000,1.240582385900e+13,1.412540969920e-02,1.604375920758e-02,6.137067407535e-04,6.970533083137e-04,6.250196069036e-03,5.859518637436e-03
603.20000000,2.872368248062e+13,-1.096861621036e-02,-1.245824659722e-02,-2.128797326479e-02,-2.417906013756e-02,-4.636233565723e-03,-4.346439165395e-03
603.40000000,1.981968234608e+13,-1.817302547842e-02,-2.064107527200e-02,-9.079295164385e-03,-1.031234026160e-02,-2.455787633959e-03,-2.302285120631e-03
603.60000000,3.683472016958e+12,-5.322756504645e-04,-6.045631631193e-04,8.260350501356e-04,9.382175984788e-04,-5.208226846739e-03,-4.882679189481e-03
603.80000000,3.471739232254e+13,-2.314628288759e-02,-2.628974288938e-02,-3.167953958539e-02,-3.598188908065e-02,-3.640694695851e-02,-3.413127874378e-02
604.00000000,8.940173404982e+12,-7.902835368523e-03,-8.976106917232e-03,-1.567400224217e-02,-1.780266435399e-02,-2.556328340232e-02,-2.396541386469e-02
604.20000000,1.466595735371e+13,2.487089131648e-02,2.824856765621e-02,-3.834830085238e-03,-4.355632454765e-03,-8.433669402473e-03,-7.906510851808e-03
604.40000000,2.518538896511e+13,3.505033480085e-02,3.981046523003e-02,5.365493779562e-03,6.094173228709e-03,1.585895111623e-02,1.486766472753e-02
604.60000000,2.386332675975e+13,1.345618863956e-02,1.528365229627e-02,-6.764661057237e-03,-7.683359260117e-03,2.869792471097e-02,2.690411994157e-02
604.80000000,2.407394549226e+13,5.989573732674e-03,6.803008250340e-03,-1.035991808892e-02,-1.176688261378e-02,1.481166490755e-02,1.388584063902e-02
605.00000000,1.264103207631e+13,-2.161562800137e-02,-2.455121218851e-02,-1.528299326774e-03,-1.735855305276e-03,5.635455440147e-03,5.283203249507e-03
605.20000000,2.364664117834e+13,-7.060893118109e-03,-8.019821823916e-03,3.616583461656e-02,4.107746093262e-02,1.488644489680e-02,1.395594639824e-02
605.40000000,1.517298888095e+13,-5.193667900734e-03,-5.899011708540e-03,-4.909041634701e-03,-5.575731020837e-03,1.941784764687e-02,1.820410734783e-02
605.60000000,1.969781153740e+13,9.463458663349e-03,1.074867598880e-02,-1.682173769084e-04,-1.910627198677e-04,2.299381478043e-02,2.155655354864e-02
605.80000000,2.517969009458e+13,1.954102100747e-02,2.219485610614e-02,-8.403369825279e-03,-9.544618542886e-03,7.079156443488e-04,6.636663659794e-04
606.00000000,1.127514467196e+13,2.478050951857e-02,2.814591124954e-02,-3.736019541296e-03,-4.243402602986e-03,1.195658933182e-02,1.120922563966e-02
606.20000000,3.305334058535e+13,1.143002323619e-02,1.298231658009e-02,8.966060525041e-03,1.018372740023e-02,8.217623892550e-03,7.703969575032e-03
606.40000000,1.685294984987e+13,1.856081180605e-04,2.108152624635e-04,2.294185125653e-02,2.605754875294e-02,1.411699210477e-02,1.323458935188e-02
606.60000000,1.111210471616e+13,4.134130085472e-03,4.695579741514e-03,3.668795420051e-02,4.167048877337e-02,3.782585427729e-02,3.546149523416e-02
606.80000000,2.096813495145e+13,1.210634656245e-02,1.375049030561e-02,7.935771050120e-02,9.013515898018e-02,4.988321341953e-02,4.676519192333e-02
607.00000000,4.788110366311e+12,2.766194858333e-02,3.141867398781e-02,3.259103970461e-02,3.701717862765e-02,4.410056500502e-02,4.134399620654e-02
607.20000000,2.993027228099e+13,2.642095635952e-02,3.000914457654e-02,2.506607573420e-02,2.847026088634e-02,1.640368264376e-02,1.537834703296e-02
607.40000000,1.403373779373e+13,2.627377925032e-02,2.984197957736e-02,1.862869879500e-02,2.115863369641e-02,-8.613059207410e-03,-8.074687640790e-03
607.60000000,2.888088019551e+13,1.814833834483e-03,2.061303541792e-03,6.240073027746e-03,7.087527738031e-03,1.962066001171e-03,1.839424263616e-03
607.80000000,1.030393486379e+13,-6.876108732602e-03,-7.809942163820e-03,8.138895313652e-04,9.244226155042e-04,-2.069284420434e-02,-1.939940842457e-02
608.00000000,-5.810761485541e+12,1.902338316576e-04,2.160691868944e-04,-3.061824813867e-03,-3.477646527658e-03,-2.057721842465e-02,-1.929100999937e-02
608.20000000,-7.231837788926e+11,-8.216008389696e-03,-9.331811470164e-03,1.430191116817e-02,1.624423170379e-02,-2.251802952087e-02,-2.111050792623e-02
608.40000000,1.659864839902e+13,7.303900468569e-03,8.295831617579e-03,6.086140048279e-03,6.912689357627e-03,-9.494353010373e-02,-8.900894915967e-02
608.60000000,1.965177786601e+12,6.573238424832e-02,7.465939519475e-02,2.677916666313e-02,3.041600405674e-02,-2.118062731298e-01,-1.985670195338e-01
608.80000000,2.233285678615e+13,-4.747518518339e-02,-5.392271485483e-02,-9.738310185337e-03,-1.106085509788e-02,-2.312939814802e-02,-2.168366208421e-02
609.00000000,1.174921556958e+13,-2.921656249552e-02,-3.318441755201e-02,-1.141265914127e-02,-1.296259480759e-02,-2.206457175467e-02,-2.068539418532e-02
609.20000000,2.397052136825e+13,1.685367404569e-02,1.914254481181e-02,1.175562970283e-02,1.335214367306e-02,2.518528971051e-02,2.361104720843e-02
609.40000000,6.079648773704e+12,2.271321740960e-02,2.579786347505e-02,2.081093731372e-02,2.363723866845e-02,-5.973118309621e-03,-5.599760019085e-03
609.60000000,2.647683173345e+13,6.086429303428e-04,6.913017622687e-04,-3.561240307848e-02,-4.044886870945e-02,-1.521883392255e-02,-1.426755897323e-02
609.80000000,1.075240380398e+13,-9.740488427070e-02,-1.106332872575e-01,-1.534113773151e-01,-1.742459402664e-01,-1.241903819479e-01,-1.164276847600e-01
610.00000000,2.613320578516e+13,-2.167317592446e-01,-2.461657560384e-01,-1.582878009204e-01,-1.797846234534e-01,-1.607221064640e-01,-1.506759416620e-01
610.20000000,2.412703596225e+13,-6.696943286521e-02,-7.606444542409e-02,-1.022813078621e-01,-1.161719748040e-01,1.826465277529e-02,1.712299456865e-02
610.40000000,2.289728315213e+13,-1.415551504438e-02,-1.607795311198e-02,-1.765631654824e-02,-2.005419371387e-02,-7.305980902303e-03,-6.849310131865e-03
610.60000000,1.276272797552e+13,5.575042500738e-03,6.332180188653e-03,9.922688260131e-03,1.127027327514e-02,-2.463933376151e-03,-2.309921701574e-03
610.80000000,5.533534430536e+12,2.810381005050e-02,3.192054396067e-02,1.600895708765e-02,1.818310890131e-02,3.527940387710e-03,3.307421435299e-03
611.00000000,1.145043015682e+13,1.475944595174e-02,1.676390291890e-02,2.080559942270e-02,2.363117584667e-02,-3.910272925829e-03,-3.665855732088e-03
611.20000000,1.419831659544e+13,9.279908378877e-03,1.054019803104e-02,1.141624382374e-02,1.296666632027e-02,6.061079175503e-04,5.682222765426e-04
611.40000000,3.577370931152e+13,3.494351988430e-02,3.968914394893e-02,1.078587899838e-02,1.225069261852e-02,1.048726481386e-02,9.831743349140e-03
611.60000000,2.289557190819e+13,2.195487515164e-02,2.493653195669e-02,-1.237461781599e-02,-1.405519560883e-02,-1.795756277078e-02,-1.683509966345e-02
611.80000000,1.518624189741e+13,-3.965838546178e-03,-4.504432794938e-03,-1.546266991660e-02,-1.756263131066e-02,-1.848350358085e-02,-1.732816579205e-02
612.00000000,2.824090236688e+13,-1.510481325900e-03,-1.715617401289e-03,2.330276953090e-03,2.646748278247e-03,8.248561470154e-03,7.732973355164e-03
612.20000000,8.034852194629e+12,2.040155332664e-02,2.317225595600e-02,2.582117057752e-02,2.932790399773e-02,2.076662106640e-02,1.946857375850e-02
612.40000000,2.898138654394e+13,3.735713743934e-02,4.243055107953e-02,3.521797559599e-02,4.000087463785e-02,1.109155762070e-02,1.039826397106e-02
612.60000000,1.804689554872e+13,4.205190383161e-02,4.776290625630e-02,3.020373110245e-02,3.430565331989e-02,2.355922046434e-02,2.208661774279e-02
612.80000000,1.625926443922e+13,1.991394379712e-02,2.261842494893e-02,1.076514054313e-02,1.222713770560e-02,1.029694034655e-03,9.653315384476e-04
613.00000000,7.628127938421e+12,1.913536652979e-02,2.173411033665e-02,-2.068030240157e-03,-2.348886243001e-03,4.118788297541e-03,3.861337552698e-03
613.20000000,1.914129877185e+13,2.921758894004e-02,3.318558339632e-02,2.253657715502e-02,2.559723499969e-02,5.024596427321e-02,4.710526851684e-02
613.40000000,2.254081236744e+13,1.508461641000e-02,1.713323426184e-02,1.376601584301e-02,1.563555725961e-02,4.018295254190e-02,3.767125970542e-02
613.60000000,2.130742496908e+13,1.349641489870e-02,1.532934161992e-02,3.355988687720e-02,3.811760344306e-02,2.877890033231e-02,2.698003406605e-02
613.80000000,1.322799935645e+13,1.224025585286e-02,1.390258560455e-02,1.936457434999e-02,2.199444737753e-02,7.168668594006e-03,6.720580725503e-03
614.00000000,2.078708853312e+13,1.415023656789e-02,1.607195777396e-02,1.232299047539e-02,1.399655683859e-02,-1.702245189562e-02,-1.595843922903e-02
614.20000000,2.276639021479e+12,6.688464860582e-03,7.596814674879e-03,-1.523496871220e-02,-1.730400635628e-02,-3.218754598534e-03,-3.017561745443e-03
614.40000000,2.940523042887e+13,-2.455525494899e-02,-2.789006521381e-02,-2.970804266122e-02,-3.374264619465e-02,-2.381633621846e-02,-2.232766210949e-02
614.60000000,-1.540631069368e+12,2.436620730924e-02,2.767534331366e-02,4.560534488727e-03,5.179893655952e-03,2.545282174903e-02,2.386185677480e-02
614.80000000,-4.845222763618e+12,3.693199373189e-02,4.194766927886e-02,3.506922618116e-02,3.983192379401e-02,4.024179689340e-02,3.772642590670e-02
615.00000000,1.123824781273e+13,-2.362012572928e-02,-2.682793757655e-02,-1.168043492009e-02,-1.326673680265e-02,-3.390558800372e-02,-3.178627080281e-02
615.20000000,4.640356655518e+12,3.039656757833e-03,3.452467725530e-03,-2.044403468899e-02,-2.322050756317e-02,-1.821880655288e-02,-1.708001402985e-02
615.40000000,2.438927630460e+13,-4.785998807616e-03,-5.435977721872e-03,-2.905647398545e-02,-3.300258898022e-02,-3.814768345805e-02,-3.576320802235e-02
615.60000000,2.100193705798e+13,-8.606019456228e-03,-9.774789321636e-03,-9.891956889339e-03,-1.123536832419e-02,-9.661824558923e-03,-9.057898416197e-03
615.80000000,1.127653080286e+13,3.872067831719e-03,4.397927228337e-03,1.084080976388e-02,1.231308344671e-02,1.831146946006e-02,1.716688490968e-02
616.00000000,1.626144419622e+13,-3.248415229071e-03,-3.689577353952e-03,5.702405675005e-03,6.476840609941e-03,-1.025425905954e-02,-9.613301952263e-03
616.20000000,2.569893628989e+13,-2.450492610267e-02,-2.783290128662e-02,-2.974626386856e-03,-3.378605816530e-03,-3.814556307897e-02,-3.576122018060e-02
616.40000000,1.851462823293e+13,-3.761299404350e-02,-4.272115516368e-02,-6.277122595138e-02,-7.129608950126e-02,-5.160540002077e-02,-4.837973079150e-02
616.60000000,1.391627206941e+13,-2.176921724033e-02,-2.472566013864e-02,-3.924326505177e-02,-4.457283245703e-02,-5.414790604936e-02,-5.076331384965e-02
616.80000000,1.139454766453e+13,-7.267308830669e-03,-8.254270527316e-03,-1.990505229625e-02,-2.260832680152e-02,-2.615601688702e-02,-2.452109769642e-02
617.00000000,1.514099638409e+13,-6.315689418673e-03,-7.173413190896e-03,-5.256584879956e-03,-5.970473579129e-03,8.691153829778e-03,8.147900847255e-03
617.20000000,-6.272958872338e+12,-1.301826780004e-02,-1.478625812145e-02,3.684376970161e-03,4.184746533777e-03,-5.439526864259e-04,-5.099521469069e-04
617.40000000,4.805374688531e+12,-2.091271833144e-02,-2.375284147012e-02,-8.790043546707e-03,-9.983805827074e-03,-1.346491951018e-02,-1.262327548609e-02
617.60000000,3.606631763855e+13,-1.336908988999e-02,-1.518472480353e-02,-1.146940213222e-02,-1.302704397677e-02,-9.577447170367e-03,-8.978795156817e-03
617.80000000,4.128692043252e+12,-3.118458109831e-02,-3.541970964275e-02,-2.604702960127e-02,-2.958443658775e-02,-1.934152166926e-03,-1.813255223446e-03
618.00000000,1.440498558912e+13,-3.766652547306e-02,-4.278195661187e-02,-3.035284219101e-02,-3.447501495580e-02,-1.116745436307e-02,-1.046941667915e-02
618.20000000,2.956614287942e+13,8.145299628629e-04,9.251499864305e-04,2.601360738745e-02,2.954647535453e-02,8.238404097201e-03,7.723450883313e-03
618.40000000,2.928365054570e+13,3.295828411100e-03,3.743429645103e-03,2.404491111188e-02,2.731041346891e-02,1.715619242301e-02,1.608382011376e-02
618.60000000,3.383020717498e+13,1.206860665436e-02,1.370762500039e-02,1.503616127277e-02,1.707819918459e-02,2.066875900653e-02,1.937682870645e-02
618.80000000,3.786428540811e+13,1.299413554718e-02,1.475884850557e-02,4.875667643384e-04,5.537824559148e-04,-4.862866204783e-03,-4.558905807682e-03
619.00000000,2.242498992199e+13,-6.660179844295e-03,-7.564688315349e-03,-1.294326955431e-02,-1.470107506420e-02,2.127090032556e-02,1.994133232238e-02
619.20000000,2.285844066892e+13,-1.450291394250e-02,-1.647253170398e-02,-1.906584287628e-02,-2.165514564232e-02,1.335616971269e-02,1.252132325000e-02
619.40000000,1.079828918324e+13,4.429052538332e-03,5.030555145367e-03,-1.501862856554e-03,-1.705828538739e-03,3.697668723456e-02,3.466540659019e-02
619.60000000,6.349503757402e+12,6.643207128968e-03,7.545410562449e-03,8.061295261806e-03,9.156087359629e-03,2.165038749401e-02,2.029709910339e-02
619.80000000,8.222152355550e+12,1.425016872440e-02,1.618546155830e-02,1.877416642328e-02,2.132385705932e-02,2.219145908433e-02,2.080435024122e-02
620.00000000,4.678794602297e+12,-1.136695450803e-03,-1.291068258790e-03,-1.532958570630e-02,-1.741147313867e-02,-5.148604695789e-03,-4.826783806226e-03
620.20000000,2.697968694495e+13,-1.003845468074e-03,-1.140176130418e-03,-1.852375809376e-02,-2.103944116012e-02,-1.983135482952e-02,-1.859176767347e-02
620.40000000,2.727450150914e+13,2.299463055119e-02,2.611749488948e-02,-1.246627804315e-02,-1.415930407032e-02,-5.444464435820e-03,-5.104150410671e-03
620.60000000,9.675971685126e+12,4.821058734523e-02,5.475799081897e-02,1.546626377815e-02,1.756671324902e-02,1.475342321125e-02,1.383123942312e-02
620.80000000,2.757129660795e+13,3.363756351155e-02,3.820582771059e-02,2.414268841233e-02,2.742146975399e-02,9.362017252780e-03,8.776830993899e-03
621.00000000,1.242494992826e+13,2.243807048090e-02,2.548534927796e-02,3.790431886045e-02,4.305204604499e-02,1.754760771479e-02,1.645076943372e-02
621.20000000,1.246472889596e+12,8.411877428607e-03,9.554281172879e-03,2.197365390723e-02,2.495786201234e-02,8.198551638054e-03,7.686089459042e-03
621.40000000,1.766248288072e+13,1.652542069504e-02,1.876971189376e-02,-1.492945292600e-03,-1.695699894154e-03,1.514760442574e-02,1.420078177784e-02
621.60000000,-1.017788422083e+13,-4.245640977033e-02,-4.822234750558e-02,-4.569248327485e-02,-5.189790907735e-02,-4.839378708093e-02,-4.536886430517e-02
621.80000000,1.637240679722e+13,1.900015587146e-02,2.158053693307e-02,-1.487332642475e-03,-1.689324998657e-03,-4.816229403374e-03,-4.515184106150e-03
622.00000000,2.241933860259e+13,3.249845557362e-02,3.691201932862e-02,1.147179725861e-02,1.302976438159e-02,1.206854140701e-02,1.131417999051e-02
622.20000000,1.794296506154e+13,2.590040552177e-02,2.941789855437e-02,2.319047024371e-02,2.633993230199e-02,8.668968868985e-03,8.127102589120e-03
622.40000000,3.408559647410e+13,2.258809914102e-02,2.565575309267e-02,2.508090853475e-02,2.848710810669e-02,1.584386798061e-02,1.485352438484e-02
622.60000000,9.910342586039e+12,8.983759710809e-03,1.020382988163e-02,-6.839967523904e-04,-7.768892982071e-04,7.768831783628e-03,7.283229857826e-03
622.80000000,6.554762573391e+12,-6.637673843953e-02,-7.539125810763e-02,-2.219681655844e-02,-2.521133203961e-02,-7.832167340800e-02,-7.342606535544e-02
623.00000000,1.696291616051e+13,-3.261496954167e-02,-3.704435687404e-02,-1.770819188349e-02,-2.011311415852e-02,-2.568205006798e-02,-2.407675685031e-02
623.20000000,1.607352654425e+13,-2.803176110069e-02,-3.183871015716e-02,-1.163944911503e-02,-1.322018477851e-02,4.564109015680e-03,4.278822863359e-03
623.40000000,1.915976438763e+13,-4.931498379844e-03,-5.601237360448e-03,-4.972186935572e-03,-5.647451987796e-03,2.823643439719e-02,2.647147573894e-02
623.60000000,-5.194208032021e+12,-1.054966245489e-02,-1.198239539608e-02,-1.343559644355e-02,-1.526026411025e-02,2.484548667086e-02,2.329248404307e-02
623.80000000,1.879739483329e+13,-6.660247826817e-03,-7.564765530469e-03,-2.039248256023e-02,-2.316195421917e-02,-9.279009513751e-04,-8.699011772144e-04
624.00000000,2.958551905001e+13,-5.121818797039e-03,-5.817404891924e-03,-1.560019167046e-02,-1.771882968217e-02,-2.338294049961e-02,-2.192135640900e-02
624.20000000,2.966492644753e+13,-3.718877408758e-02,-4.223932256776e-02,-9.217523229897e-03,-1.046934086786e-02,-2.636253322756e-02,-2.471470543815e-02
624.40000000,7.790274314376e+12,-4.574518196745e-02,-5.195776264347e-02,-3.677803504258e-03,-4.177280335590e-03,-2.214291999581e-02,-2.075884515775e-02
624.60000000,3.962503776015e+13,-3.633447848629e-02,-4.126900643456e-02,1.715579970367e-03,1.948570244727e-03,-2.941409730441e-03,-2.757552714424e-03
624.80000000,1.677181930716e+13,3.795223372971e-03,4.310646645413e-03,1.220488423406e-02,1.386241077047e-02,2.133636631847e-02,2.000270626991e-02
625.00000000,1.085839566436e+13,-7.654465799495e-03,-8.694006670597e-03,1.664403674441e-02,1.890443774845e-02,3.408714459483e-02,3.195647893990e-02
625.20000000,2.969364588415e+13,-2.431963332432e-02,-2.762244418965e-02,-1.724995887428e-02,-1.959264922986e-02,5.108197452162e-03,4.788902275071e-03
625.40000000,7.619894648293e+12,-1.762436935711e-02,-2.001790703225e-02,-1.418524393437e-02,-1.611172007259e-02,9.204110852101e-04,8.628794758314e-04
625.60000000,2.348942167217e+13,-2.782979743906e-02,-3.160931813067e-02,-1.742445244712e-02,-1.979084050617e-02,-6.556789888700e-03,-6.146948372535e-03
625.80000000,1.584423302480e+13,-2.250692626419e-02,-2.556355625607e-02,-2.161085240376e-03,-2.454578899527e-03,8.296026118488e-03,7.777471157867e-03
626.00000000,1.509688835849e+13,1.803310397105e-02,2.048215124644e-02,1.880956088194e-02,2.136405838492e-02,2.845452408413e-02,2.667593341852e-02
626.20000000,6.677274556883e+12,-1.074796769547e-03,-1.220763215716e-03,-8.279421734577e-03,-9.403837252825e-03,1.218107747927e-02,1.141968183485e-02
626.40000000,1.657546189882e+13,2.878722964472e-03,3.269677768705e-03,-5.485055515102e-03,-6.229972459467e-03,1.080624445141e-03,1.013078470889e-03
626.60000000,1.274034604551e+13,1.293543505982e-02,1.469217599805e-02,2.836077449734e-03,3.221240761577e-03,2.227224442472e-02,2.088008597853e-02
626.80000000,3.064525017628e+12,1.584720524575e-03,1.799938907899e-03,-2.267150534468e-02,-2.575048757905e-02,1.605933431587e-02,1.505552268909e-02
627.00000000,1.543994915986e+13,-6.671755308511e-03,-7.577835825017e-03,-3.227852899893e-02,-3.666222632419e-02,2.220773882866e-02,2.081961239688e-02
627.20000000,1.476742143132e+13,-2.458025714558e-02,-2.791846291909e-02,-3.472865587009e-02,-3.944510115336e-02,-6.558181298366e-03,-6.148252810153e-03
627.40000000,2.384270417231e+13,-1.336861598859e-02,-1.518418654233e-02,-1.305977157860e-02,-1.483339904904e-02,3.018750654490e-03,2.830059333560e-03
627.60000000,1.758388491715e+12,4.131103538791e-02,4.692142164323e-02,1.290636495598e-02,1.465915850920e-02,5.060356236372e-02,4.744051442799e-02
627.80000000,1.413514609493e+13,2.588648045601e-02,2.940208234750e-02,-5.009723986262e-03,-5.690086887546e-03,2.468690920364e-02,2.314381868691e-02
628.00000000,2.706662585548e+13,1.616824053996e-02,1.836402366780e-02,2.034282814754e-03,2.310555631715e-03,-6.894361870521e-03,-6.463419935525e-03
628.20000000,2.948107971040e+13,-2.250660945828e-05,-2.556319642478e-05,5.980980390814e-03,6.793248128993e-03,9.315856882134e-03,8.733555943145e-03
628.40000000,2.537600771675e+13,1.853036221821e-02,2.104694134819e-02,-8.329701040852e-03,-9.460944914272e-03,1.624246329120e-02,1.522720492628e-02
628.60000000,1.860001164303e+13,8.697321981411e-03,9.878491498089e-03,-1.940544977163e-02,-2.204087402724e-02,6.742373864886e-03,6.320932157246e-03
628.80000000,1.743778976994e+13,1.279588690324e-02,1.453367602744e-02,-9.682657840977e-03,-1.099764469432e-02,-1.655805638294e-02,-1.552307142111e-02
629.00000000,2.352197117830e+13,1.566685007095e-02,1.779454015368e-02,-1.810642659279e-02,-2.056543251055e-02,-7.141503122291e-03,-6.695113270394e-03
629.20000000,3.621486199969e+13,2.257411109331e-02,2.563986535037e-02,-8.985058480610e-03,-1.020530543889e-02,1.151255769982e-02,1.079294883898e-02
629.40000000,-1.091999565781e+12,6.248332475228e-03,7.096908607695e-03,2.231754120962e-03,2.534845211979e-03,1.432443921388e-03,1.342906968318e-03
629.60000000,2.468832222826e+13,3.078083818420e-02,3.496113504324e-02,8.007911312043e-03,9.095453417842e-03,-4.949255810147e-03,-4.639895507384e-03
629.80000000,2.327442853458e+13,9.258886496717e-03,1.051632120037e-02,1.479436504519e-02,1.680356498363e-02,1.294201538985e-02,1.213305623459e-02
630.00000000,4.941515296951e+11,1.019929324968e-02,1.158444310431e-02,-7.525866379395e-03,-8.547942705077e-03,2.514216766741e-03,2.357062057022e-03
630.20000000,1.812490912634e+13,-1.429017941333e-02,-1.623090603550e-02,-1.851382522858e-02,-2.102815932781e-02,4.982106303535e-04,4.670692633771e-04
630.40000000,1.789207016847e+13,-2.347024355685e-02,-2.665770014378e-02,-4.382062022202e-02,-4.977183118535e-02,-2.790871468333e-02,-2.616424061383e-02
630.60000000,1.445098937635e+13,-1.215637327693e-02,-1.380731106890e-02,-4.570068867391e-02,-5.190722883902e-02,-2.912072906279e-02,-2.730049630355e-02
630.80000000,2.549017066674e+13,-1.381121820491e-02,-1.568689786432e-02,-4.733828695437e-02,-5.376722682060e-02,-5.994206582101e-02,-5.619530138976e-02
631.00000000,2.190583885790e+13,1.639993801434e-02,1.862718760903e-02,-2.363360585161e-02,-2.684324947451e-02,-1.776434298437e-02,-1.665395735574e-02
631.20000000,2.577685061951e+13,3.522286677881e-02,4.000642850253e-02,2.145888260309e-02,2.437318040995e-02,8.736327921553e-03,8.190251267908e-03
631.40000000,8.790495478882e+12,-2.238011100456e-04,-2.541951841692e-04,2.877013853329e-03,3.267736675117e-03,5.308880537409e-03,4.977041377466e-03
631.60000000,2.025125825842e+13,-5.443099271979e-03,-6.182317959070e-03,-9.877196818319e-03,-1.121860371065e-02,1.860512265281e-03,1.744218289023e-03
631.80000000,2.189193320261e+13,-2.673684922081e-02,-3.036793834676e-02,-2.702663618926e-02,-3.069708203819e-02,-2.261473807814e-02,-2.120117157701e-02
632.00000000,1.612720448306e+13,-3.194830582795e-02,-3.628715461774e-02,-2.540353887404e-02,-2.885355437562e-02,-4.308482521476e-02,-4.039174668251e-02
632.20000000,1.424910698041e+13,-7.972228074279e-03,-9.054923736399e-03,-2.340900856097e-02,-2.658814997163e-02,-3.314130765453e-02,-3.106976288836e-02
632.40000000,2.549730695712e+13,-1.163427871734e-02,-1.321431167447e-02,-3.068332594106e-02,-3.485038119511e-02,-5.323108988829e-02,-4.990380459209e-02
632.60000000,1.160203222936e+13,1.673963220435e-02,1.901301512871e-02,-1.309415017704e-02,-1.487244655199e-02,-7.003991658661e-03,-6.566197157187e-03
632.80000000,2.131282461225e+13,3.856806228463e-02,4.380592970925e-02,2.096848860813e-02,2.381618676158e-02,2.038403257411e-02,1.910989950633e-02
633.00000000,1.649940385894e+12,1.286033821024e-02,1.460688036432e-02,3.111701017009e-03,3.534296341157e-03,2.810511300879e-02,2.634836278147e-02
633.20000000,2.270475219858e+13,-4.109402344440e-03,-4.667493765154e-03,1.148867595378e-03,1.304893534637e-03,7.994083110697e-03,7.494401529002e-03
633.40000000,2.480806979486e+13,-7.145838066066e-03,-8.116303010653e-03,2.162676581796e-03,2.456386358576e-03,-6.913376124615e-03,-6.481245676511e-03
633.60000000,2.586698762258e+13,-6.996891366706e-03,-7.947128096072e-03,1.266235670798e-02,1.438201187672e-02,-1.668446557842e-02,-1.564157922929e-02
633.80000000,1.209771212466e+13,7.637927370161e-03,8.675222183383e-03,7.167354845419e-03,8.140742271660e-03,-3.141431187891e-02,-2.945071545013e-02
634.00000000,4.527099672142e+12,-1.891856284592e-02,-2.148786288801e-02,1.834812581231e-03,2.083995652895e-03,-3.990848371584e-02,-3.741394694532e-02
634.20000000,6.216893461149e+12,1.976399384102e-02,2.244811052690e-02,5.631870049266e-02,6.396725649471e-02,9.173122637314e-02,8.599743506145e-02
634.40000000,5.369610537233e+12,6.202984644319e-02,7.045402159727e-02,4.629669853340e-02,5.258418187987e-02,8.544392141946e-02,8.010312708320e-02
634.60000000,2.434267042490e+13,1.664913271422e-02,1.891022504622e-02,2.651372921273e-02,3.011451795488e-02,4.769473002350e-02,4.471350280748e-02
634.80000000,2.541775598170e+13,3.275945351174e-03,3.720846298314e-03,9.410860779468e-03,1.068893529237e-02,4.005800881886e-02,3.755412576823e-02
635.00000000,2.675892838002e+13,4.291627965421e-03,4.874467158970e-03,1.353781316747e-02,1.537636273006e-02,7.755500356421e-03,7.270731730516e-03
635.20000000,4.714953295556e+12,3.847768528792e-03,4.370327875584e-03,2.891255481981e-02,3.283912437428e-02,3.140795295242e-02,2.944475399743e-02
635.40000000,4.989036070205e+12,9.273355010429e-02,1.053275466001e-01,9.513650088766e-02,1.080568425950e-01,9.363990011671e-02,8.778680442678e-02
635.60000000,2.157464471075e+13,9.947399223550e-02,1.129833974963e-01,1.602707279499e-01,1.820368487497e-01,1.485211729724e-01,1.392376449432e-01
635.80000000,9.443013427779e+12,3.269751098731e-02,3.713810814262e-02,5.675044470270e-02,6.445763522117e-02,5.539882756021e-02,5.193604472495e-02
636.00000000,-9.705108042800e+12,-1.339298890246e-02,-1.521186950301e-02,3.135152837716e-03,3.560933117525e-03,9.854214050554e-03,9.238262327891e-03
636.20000000,2.785915709514e+13,-3.131479208749e-03,-3.556760438004e-03,-9.756031798879e-03,-1.108098345648e-02,-9.280110534297e-03,-8.700043971831e-03
636.40000000,4.280868367118e+13,-1.558747836296e-02,-1.770438909980e-02,3.544755887072e-03,4.026163726364e-03,-5.085688318765e-03,-4.767800107203e-03
636.60000000,2.918276010249e+12,-2.530108012770e-02,-2.873717972821e-02,2.821402572967e-03,3.204572912391e-03,-1.053647716540e-02,-9.877879612355e-03
636.80000000,1.588285587055e+13,-3.382092925558e-02,-3.841409606575e-02,-6.158276852704e-03,-6.994622950394e-03,-1.103024534292e-02,-1.034078410476e-02
637.00000000,2.272618172134e+13,-2.578159678665e-02,-2.928295459319e-02,-4.723601149720e-03,-5.365106149105e-03,6.147798540169e-03,5.763521612351e-03
637.20000000,7.175412980401e+12,1.494821915194e-03,1.697831310829e-03,2.975928985337e-03,3.380085318906e-03,3.123857097465e-02,2.928595948208e-02
637.40000000,1.323704912259e+13,1.117408234904e-02,1.269161676662e-02,-8.151002779255e-03,-9.257977916902e-03,5.945114397927e-03,5.573506531886e-03
637.60000000,2.112164105354e+13,6.144854399615e-03,6.979377338602e-03,-2.670324951863e-02,-3.032977672174e-02,-1.058777823574e-02,-9.925974036029e-03
637.80000000,1.368002373847e+13,8.924691374142e-03,1.013673956776e-02,-1.658094345901e-02,-1.883277586110e-02,-1.124665722329e-02,-1.054366885147e-02
638.00000000,2.223656098553e+13,-1.990404379171e-04,-2.260718043943e-04,-1.157665004070e-02,-1.314885705858e-02,-2.166959510553e-02,-2.031510611572e-02
638.20000000,1.538861992937e+13,-2.106769888095e-02,-2.392886968248e-02,-1.913334761983e-02,-2.173181810116e-02,-2.288246833269e-02,-2.145216696964e-02
638.40000000,-5.198612865934e+12,-3.236538092382e-02,-3.676087202149e-02,-1.741142690190e-02,-1.977604598170e-02,-3.064901395769e-02,-2.873325356844e-02
638.60000000,2.531644410247e+13,-1.733192230224e-02,-1.968574320626e-02,-1.340014397884e-02,-1.521999690089e-02,-1.898578969120e-02,-1.779905579173e-02
638.80000000,2.224280152444e+13,-3.989564383293e-03,-4.531380800397e-03,-1.465783814067e-02,-1.664849657041e-02,-1.048516996662e-02,-9.829779443310e-03
639.00000000,2.148045518452e+13,8.403676833708e-03,9.544966868181e-03,2.109804670916e-03,2.396333994884e-03,1.202259805730e-02,1.127110839548e-02
639.20000000,4.281510537569e+12,1.417466788231e-02,1.609970706649e-02,-5.242763848093e-03,-5.954775534210e-03,1.811145200837e-02,1.697936983447e-02
639.40000000,1.996447516350e+13,4.305271320297e-03,4.889963396253e-03,-1.589289118962e-02,-1.805128027237e-02,-3.838939164506e-03,-3.598980789394e-03
639.60000000,7.238546379020e+12,-4.269010929475e-04,-4.848778539206e-04,-1.197794055419e-02,-1.360464621885e-02,-1.747811298045e-02,-1.638561856700e-02
639.80000000,2.773141443121e+13,-8.559541770219e-03,-9.721999574738e-03,-6.060579339579e-03,-6.883657288433e-03,-2.789747705934e-02,-2.615370541358e-02
640.00000000,9.309453358511e+12,-1.900210507745e-02,-2.158275085762e-02,-7.132294458526e-03,-8.100920387603e-03,-1.335679665808e-02,-1.252191100727e-02
640.20000000,2.670483064464e+13,3.751865952481e-03,4.261400922350e-03,4.249426161093e-03,4.826534185345e-03,-1.992198620242e-03,-1.867673400297e-03
640.40000000,2.127411117316e+13,1.269868263524e-02,1.442327060183e-02,-3.997567033948e-03,-4.540470457919e-03,1.315119031300e-02,1.232915638043e-02
640.60000000,2.733176382182e+13,1.150896406858e-02,1.307197824184e-02,-2.115205536720e-02,-2.402468343957e-02,7.011151143523e-03,6.572909128223e-03
640.80000000,1.052033170480e+13,2.919919938343e-02,3.316469638317e-02,-1.681744041519e-03,-1.910139110477e-03,5.347769939815e-03,5.013499942235e-03
641.00000000,2.177740013449e+13,1.395794564637e-02,1.585355212709e-02,-8.736733438201e-04,-9.923255754808e-04,-7.763962785912e-03,-7.278665203766e-03
641.20000000,1.045634622151e+13,1.073876360876e-02,1.219717807802e-02,4.222716280018e-03,4.796196876445e-03,-4.642740597253e-03,-4.352539465626e-03
641.40000000,2.312305649852e+13,8.726127172310e-03,9.911208676319e-03,1.078676674824e-02,1.225170093232e-02,-5.599584841876e-03,-5.249574794209e-03
641.60000000,1.412779653402e+13,-5.002832654674e-03,-5.682259430107e-03,-9.726965501357e-03,-1.104796970984e-02,-5.165884051028e-03,-4.842983090688e-03
641.80000000,1.631086900948e+13,-1.692073618864e-02,-1.921871455813e-02,-1.969231142625e-02,-2.236669392151e-02,-3.675278693769e-02,-3.445550150114e-02
642.00000000,1.696322807572e+13,3.623645346257e-03,4.115766878770e-03,6.749790794910e-04,7.666469490364e-04,1.824143845341e-02,1.710123129111e-02
642.20000000,-9.234785864912e+12,2.539538411024e-02,2.884429098519e-02,3.832077267157e-02,4.352505780699e-02,2.730294416963e-02,2.559633465123e-02
642.40000000,-1.118381684214e+12,4.030321574258e-02,4.577673160884e-02,1.710905573393e-02,1.943261025096e-02,3.332655341002e-02,3.124342959334e-02
642.60000000,-1.098628819518e+13,1.082248930412e-02,1.229227442739e-02,7.726139500289e-03,8.775414610167e-03,2.311137983652e-02,2.166677003300e-02
642.80000000,5.821587116381e+12,-9.511989965470e-03,-1.080379825015e-02,-2.542243613304e-02,-2.887501804226e-02,5.821156564637e-03,5.457296859999e-03
643.00000000,-2.290091623102e+12,-5.374741477233e-03,-6.104676600538e-03,-1.372269789613e-02,-1.558635636906e-02,-1.305011645009e-03,-1.223440028367e-03
643.20000000,2.018079950070e+13,1.982592482211e-02,2.251845225640e-02,1.097887093926e-02,1.246989449776e-02,1.795003530935e-02,1.682804271675e-02
643.40000000,3.518327012492e+12,5.204749617451e-02,5.911598415646e-02,5.977796564657e-02,6.789631912307e-02,7.227133146127e-02,6.775390867297e-02
643.60000000,2.702457928052e+13,6.761435225251e-02,7.679695029146e-02,6.135304136026e-02,6.968530344435e-02,8.724741103466e-02,8.179388700432e-02
643.80000000,9.782451141670e+12,6.144155174490e-02,6.978583152821e-02,4.563372863068e-02,5.183117505542e-02,7.391684583102e-02,6.929656781697e-02
644.00000000,4.277429791200e+13,2.401404169842e-02,2.727535064927e-02,-5.044564363432e-03,-5.729658882697e-03,1.860529695481e-02,1.744234629723e-02
644.20000000,7.891486411249e+12,1.412774454023e-02,1.604641113967e-02,-1.732411551722e-02,-1.967687697230e-02,1.987819236167e-02,1.863567755879e-02
644.40000000,2.939955087955e+13,9.113481306158e-03,1.035116876129e-02,-2.106539190929e-02,-2.392625035087e-02,1.140019547166e-02,1.068760997235e-02
644.60000000,2.441299867419e+13,-2.858235621933e-03,-3.246408072640e-03,1.423114842104e-03,1.616385877693e-03,1.054945514633e-02,9.890046386056e-03
644.80000000,1.154596641837e+13,6.368792756743e-03,7.233728409163e-03,2.440575381161e-02,2.772026166011e-02,1.445502466706e-02,1.355149270610e-02
645.00000000,2.248805176033e+13,1.515849493680e-02,1.721714611429e-02,3.689649178652e-02,4.190734752786e-02,3.913381821397e-02,3.668770301700e-02
645.20000000,1.365851084698e+13,3.025972482707e-02,3.436925010683e-02,1.003702880518e-02,1.140014223356e-02,2.186659262222e-02,2.049979002129e-02
645.40000000,1.074174107183e+13,1.343239270862e-02,1.525662467765e-02,-1.239428645133e-02,-1.407753541125e-02,-1.339177758544e-02,-1.255470540181e-02
645.60000000,1.390419355631e+13,-6.647153479533e-03,-7.549892860630e-03,-3.540384927622e-02,-4.021199153640e-02,-1.630425818997e-02,-1.528513724665e-02
645.80000000,3.398069914864e+13,3.697665342243e-03,4.199839413120e-03,-7.372189268683e-03,-8.373394942571e-03,-3.883809978088e-03,-3.641046888690e-03
646.00000000,9.407125090482e+12,-1.061905915178e-02,-1.206121674841e-02,-6.028066352143e-03,-6.846728762232e-03,-3.741137107526e-03,-3.507291989663e-03
646.20000000,4.687573952755e+12,-1.778062492946e-02,-2.019538342627e-02,1.698846377480e-03,1.929564088354e-03,3.240170436131e-03,3.037638955527e-03
646.40000000,2.001404437341e+13,-2.126921864264e-02,-2.415775752368e-02,1.218575366933e-02,1.384068211320e-02,-1.375116400727e-03,-1.289162786207e-03
646.60000000,1.731675743810e+13,-1.948423985210e-02,-2.213036359204e-02,1.181103277941e-02,1.341507095617e-02,6.030267272327e-03,5.653336804259e-03
646.80000000,1.367771925975e+13,3.096895717253e-03,3.517480217329e-03,1.943386789742e-02,2.207315157495e-02,-5.005583585012e-03,-4.692702434236e-03
647.00000000,6.396952821515e+11,6.163751825361e-03,7.000841193794e-03,-2.224991014437e-02,-2.527163618369e-02,1.857189399568e-04,1.741103123780e-04
647.20000000,1.686943574870e+13,-3.824205151578e-02,-4.343564393448e-02,-5.387377586302e-02,-6.119029041548e-02,-2.110811441588e-02,-1.978872157846e-02
647.40000000,2.625525292466e+13,-1.687512765794e-02,-1.916691200514e-02,-2.376340866973e-02,-2.699068061351e-02,5.904402318538e-03,5.535339219163e-03
647.60000000,1.244230750980e+13,-2.586726508564e-02,-2.938025736812e-02,-1.831289696230e-02,-2.079994330305e-02,6.796675562860e-03,6.371839650036e-03
647.80000000,1.903217211951e+13,-5.142610826303e-03,-5.841020653735e-03,1.336137334516e-02,1.517596088714e-02,1.830646506291e-02,1.716219331952e-02
648.00000000,-9.697559775096e+11,2.219617380557e-02,2.521060099845e-02,1.259852671936e-03,1.430951323563e-03,-7.527064915335e-04,-7.056574972916e-04
648.20000000,2.220416701046e+13,-4.696733932949e-03,-5.334589926023e-03,-3.655382744470e-02,-4.151814646936e-02,-3.153718144139e-02,-2.956590487513e-02
648.40000000,2.380801266991e+13,-2.570330444545e-03,-2.919402949319e-03,-3.122034137165e-02,-3.546032786450e-02,-1.775570704192e-02,-1.664586121521e-02
648.60000000,6.917147024733e+12,-2.847028019488e-02,-3.233678383466e-02,-4.880954416910e-02,-5.543829321242e-02,-6.285015698051e-02,-5.892161815811e-02
648.80000000,2.326281780123e+13,-1.908045961748e-02,-2.167174660358e-02,-3.558333120348e-02,-4.041584862786e-02,-4.868192942047e-02,-4.563899589626e-02
649.00000000,2.039107192793e+13,3.049127594138e-04,3.463224781110e-04,-6.394884442287e-03,-7.263363852422e-03,-7.741314687284e-03,-7.257432756888e-03
649.20000000,2.904368115561e+13,-8.212158893871e-03,-9.327439180410e-03,-9.057226464928e-03,-1.028727444605e-02,-2.175053005959e-02,-2.039098211489e-02
649.40000000,2.818707226130e+13,-1.530628183976e-02,-1.738500372236e-02,-1.435858643534e-02,-1.630860395173e-02,-4.195542911572e-03,-3.933294509960e-03
649.60000000,4.883459280686e+12,-2.032133762664e-03,-2.308114628889e-03,-5.227468998643e-03,-5.937403514804e-03,7.084508033827e-03,6.641680741333e-03
649.80000000,1.675241833004e+13,1.044648496603e-02,1.186520553595e-02,7.356542582699e-03,8.355623304255e-03,1.298086689446e-02,1.216947927042e-02
650.00000000,4.357007702644e+13,2.939827602590e-02,3.339080930900e-02,3.539663749147e-02,4.020380033027e-02,2.677065360134e-02,2.509731566510e-02
650.20000000,1.035228617198e+13,3.819412704519e-02,4.338121091748e-02,3.477217597235e-02,3.949453165370e-02,-1.222388481555e-02,-1.145981343744e-02
650.40000000,4.958723981777e+12,-9.077812455122e-04,-1.031065578011e-03,1.178967520165e-03,1.339081283865e-03,-3.348135353585e-02,-3.138855371623e-02
650.60000000,3.241903909339e+13,-1.989478621859e-02,-2.259666561002e-02,-3.218349414561e-02,-3.655428493377e-02,-4.685517729786e-02,-4.392642752398e-02
650.80000000,2.044946827838e+13,-2.627333663215e-02,-2.984147684792e-02,-2.511314045493e-02,-2.852371739433e-02,-4.598573749787e-02,-4.311133330039e-02
651.00000000,1.919280722975e+13,-2.397577949308e-02,-2.723189211445e-02,-2.504878143436e-02,-2.845061787426e-02,-2.677055741933e-02,-2.509722549509e-02
651.20000000,6.939521249965e+12,-1.124173654727e-02,-1.276845897431e-02,-1.745484059818e-02,-1.982535562524e-02,-2.976559870437e-02,-2.790505744719e-02
651.40000000,1.017144588261e+13,-1.397849262112e-02,-1.587688955393e-02,-1.842419691443e-02,-2.092635873031e-02,-5.085860479261e-02,-4.767961506562e-02
651.60000000,2.668489007336e+13,-4.520630432524e-03,-5.134570088256e-03,-1.606336264975e-02,-1.824490319904e-02,-8.683727744939e-02,-8.140938940454e-02
651.80000000,2.319235782048e+13,-1.492306039459e-02,-1.694973757997e-02,-3.323983750246e-02,-3.775408865550e-02,-7.884400543647e-02,-7.391574827449e-02
652.00000000,1.674989785876e+13,-9.222191304215e-03,-1.047464249192e-02,-5.068764433038e-02,-5.757145526497e-02,-5.787733494496e-02,-5.425962946590e-02
652.20000000,1.220917676977e+13,3.977807244361e-03,4.518026943057e-03,-2.891190085460e-02,-3.283838159506e-02,-2.058273375723e-02,-1.929618058821e-02
652.40000000,2.054203101697e+13,2.653586556255e-02,3.013965941635e-02,4.476854357451e-03,5.084849054887e-03,-9.817674356673e-03,-9.204006599759e-03
652.60000000,2.542178663050e+13,-1.105617454362e-03,-1.255769608897e-03,-1.217173423096e-02,-1.382475871649e-02,-3.124431105835e-02,-2.929134077365e-02
652.80000000,3.148576010543e+13,-5.005093496809e-03,-5.684827313631e-03,-3.459131657068e-02,-3.928911001515e-02,-5.302451756367e-02,-4.971014436564e-02
653.00000000,1.914297437332e+13,-5.642646606105e-03,-6.408965500445e-03,-2.357642369452e-02,-2.677830149671e-02,-5.135286100791e-02,-4.814297709031e-02
653.20000000,9.259382826907e+12,2.305896488711e-02,2.619056636961e-02,-3.597064567066e-02,-4.085576367650e-02,-2.192718098159e-02,-2.055659121872e-02
653.40000000,1.312378489349e+13,3.179328428217e-03,3.611107984148e-03,-3.824933651079e-03,-4.344392001120e-03,2.650738134698e-02,2.485049961900e-02
653.60000000,8.330657191780e+12,3.143135903922e-02,3.570000210477e-02,1.132451855524e-02,1.286248398428e-02,2.070734072335e-02,1.941299881796e-02
653.80000000,1.110573812517e+13,1.309868336303e-02,1.487759479463e-02,2.369079518591e-02,2.690820560425e-02,1.725051463456e-02,1.617224658076e-02
654.00000000,3.986936454160e+13,5.418715936808e-03,6.154623161788e-03,-3.747203881121e-03,-4.256105870782e-03,-1.111804543343e-02,-1.042309612522e-02
654.20000000,1.425153268407e+13,-1.868460422631e-02,-2.122213071901e-02,-1.827540799464e-02,-2.075736301642e-02,-2.943787653848e-02,-2.759782002333e-02
654.40000000,7.303558954297e+12,-1.168866711090e-02,-1.327608646958e-02,-4.597996021882e-02,-5.222442782246e-02,-1.048191013422e-02,-9.826723371390e-03
654.60000000,1.925310999562e+13,1.920684505829e-02,2.181529625084e-02,-9.902552423574e-03,-1.124740282162e-02,2.756384872656e-02,2.584093099621e-02
654.80000000,3.115836943742e+13,5.018387782586e-02,5.699927075294e-02,5.514275665720e-02,6.263160953752e-02,9.253145021344e-02,8.674763976777e-02
655.00000000,1.134964251943e+13,4.220630693830e-02,4.793827860424e-02,1.804110871408e-02,2.049124391131e-02,5.125899691763e-02,4.805498010904e-02
655.20000000,2.233799085533e+13,1.942312119471e-02,2.206094450664e-02,-9.522447495044e-03,-1.081567642798e-02,2.503387534290e-02,2.346909721211e-02
655.40000000,4.129163562187e+12,-8.811514369345e-03,-1.000819217328e-02,-1.527727797843e-02,-1.735206157881e-02,-1.297599311082e-02,-1.216491012959e-02
655.60000000,1.493636976388e+13,-2.876582831164e-02,-3.267246987284e-02,-3.576520995338e-02,-4.062242805076e-02,-3.437723531432e-02,-3.222843712466e-02
655.80000000,1.058666096320e+13,-2.279477580398e-02,-2.589049818573e-02,-2.248264691011e-02,-2.553598057126e-02,-2.501163018851e-02,-2.344824252287e-02
656.00000000,2.449202290885e+13,-8.737317073408e-03,-9.923918260154e-03,-1.219254679967e-02,-1.384839780811e-02,-2.253386288951e-02,-2.112535160755e-02
656.20000000,2.804106809014e+13,4.915988478027e-03,5.583621083442e-03,6.442071007023e-03,7.316958751865e-03,8.845537683568e-03,8.292634717778e-03
656.40000000,3.136878323856e+13,1.090193328254e-03,1.238250756664e-03,1.952155227699e-02,2.217274423510e-02,3.585202048659e-02,3.361103874351e-02
656.60000000,3.679317057573e+13,-8.867607163453e-03,-1.007190284087e-02,1.161481867731e-02,1.319220931896e-02,1.114232726724e-02,1.044586018833e-02
656.80000000,2.614827834326e+13,-1.607694918427e-02,-1.826033417775e-02,-5.718196333272e-03,-6.494775773194e-03,-1.183047645275e-02,-1.109099562621e-02
657.00000000,1.242861429021e+13,-2.165463510557e-02,-2.459551678571e-02,-9.340700373682e-03,-1.060924650989e-02,-2.340525527223e-02,-2.194227636490e-02
657.20000000,-2.182067535188e+12,-2.622936570984e-02,-2.979153430432e-02,-1.596182207007e-02,-1.812957254957e-02,-4.649674932965e-02,-4.359040360781e-02
657.40000000,1.279483287799e+13,-2.237501147351e-02,-2.541372632669e-02,-1.677007660510e-02,-1.904759488856e-02,-3.003721093566e-02,-2.815969216806e-02
657.60000000,8.558593553257e+12,-1.831599072928e-02,-2.080345640704e-02,-1.280714764414e-02,-1.454646664698e-02,-3.535444373273e-02,-3.314456373527e-02
657.80000000,2.226754165518e+13,-1.156641033258e-02,-1.313722619192e-02,4.591542435614e-03,5.215112744365e-03,-1.128857988146e-02,-1.058297107402e-02
658.00000000,1.276026524918e+13,8.565398100371e-03,9.728651243809e-03,-4.508544853804e-03,-5.120843388756e-03,-2.835207596099e-03,-2.657988896163e-03
658.20000000,2.700213037118e+13,-9.150057544752e-03,-1.039271236089e-02,-7.829803013085e-03,-8.893156505028e-03,1.433461179980e-02,1.343860641708e-02
658.40000000,1.151699438692e+13,-2.163669774610e-02,-2.457514338188e-02,-7.168389422511e-03,-8.141917353073e-03,-7.156072452962e-04,-6.708771924241e-04
658.60000000,2.833291520952e+13,-2.493396056018e-02,-2.832020223396e-02,-1.491869885666e-02,-1.694478437860e-02,-1.075103655554e-02,-1.007902766139e-02
658.80000000,1.228623519644e+13,-3.519226382838e-02,-3.997166941389e-02,-1.879905249284e-03,-2.135212286767e-03,-3.452106212543e-02,-3.236327383554e-02
659.00000000,8.640850383733e+12,-6.739064311879e-03,-7.654285957476e-03,1.119413166766e-02,1.271438945425e-02,-2.060716244521e-02,-1.931908232617e-02
659.20000000,9.878552689794e+12,-7.300492974025e-04,-8.291961356595e-04,-6.002390860638e-03,-6.817566321758e-03,-2.882398600178e-03,-2.702230159136e-03
659.40000000,2.419952287245e+13,3.452534605903e-03,3.921417859907e-03,-1.751209356134e-02,-1.989038402517e-02,-2.370898649477e-02,-2.222702243359e-02
659.60000000,2.453102188632e+13,-5.988553950691e-02,-6.801849973380e-02,-1.135525379638e-01,-1.289739333119e-01,-8.258629191278e-02,-7.742411779000e-02
659.80000000,2.415883612563e+13,-9.825643078242e-02,-1.116004809516e-01,-1.423949449471e-01,-1.617333831800e-01,-4.709528268507e-02,-4.415152478105e-02
660.00000000,2.214839454180e+13,-7.265803618697e-02,-8.252560894892e-02,-6.603939742726e-02,-7.500810631340e-02,-6.295022659403e-02,-5.901543277752e-02
660.20000000,1.784202050688e+13,-2.490649560891e-02,-2.828900731118e-02,-1.091226511238e-03,-1.239424303607e-03,1.885509581528e-02,1.767653112318e-02
660.40000000,2.283346798240e+13,-4.828764967255e-03,-5.484551885884e-03,1.115026824269e-02,1.266456900507e-02,2.305323085715e-02,2.161225573863e-02
660.60000000,2.238481607472e+13,-6.320072461359e-03,-7.178391487664e-03,-1.613064086331e-03,-1.832131836319e-03,-7.707694725333e-03,-7.225914258674e-03
660.80000000,1.683601090994e+13,-4.935167891607e-02,-5.605405222789e-02,-7.225027105543e-02,-8.206246912635e-02,-5.281632560637e-02,-4.951496574397e-02
661.00000000,1.026103899477e+13,-1.051978201663e-01,-1.194845694285e-01,-9.832685945548e-02,-1.116804788478e-01,-1.026908976031e-01,-9.627205638901e-02
661.20000000,1.692976605913e+13,-8.540803351903e-02,-9.700716321524e-02,-7.933860834208e-02,-9.011346258625e-02,-7.042889244119e-02,-6.602663393514e-02
661.40000000,1.218458433503e+13,-1.082765312614e-02,-1.229813953990e-02,-4.634091476210e-02,-5.263440304652e-02,-5.951484254663e-02,-5.579478231630e-02
661.60000000,3.370387576710e+13,-1.552435582615e-02,-1.763269399129e-02,-8.293816842669e-03,-9.420187338383e-03,8.312219080826e-03,7.792651955967e-03
661.80000000,1.324247878367e+13,-4.662691138730e-03,-5.295923833865e-03,4.468218303886e-04,5.075040152188e-04,2.114664078542e-02,1.982483980226e-02
662.00000000,3.792301965847e+13,1.556949300329e-02,1.768396117693e-02,-4.287193727655e-03,-4.869430906971e-03,1.418682256914e-02,1.330005496335e-02
662.20000000,1.900681983109e+13,6.098085492579e-04,6.926256820415e-04,-1.179362483560e-02,-1.339529886630e-02,-1.469246074894e-02,-1.377408750659e-02
662.40000000,1.382097456998e+13,3.002676980247e-02,3.410465782947e-02,5.922157248010e-03,6.726436305732e-03,4.061334582111e-03,3.807475063804e-03
662.60000000,1.710373893206e+13,1.984146652018e-02,2.253610464786e-02,-6.721179051046e-03,-7.633972029613e-03,-2.647772945238e-02,-2.482270115842e-02
662.80000000,1.294553519178e+13,4.115700988100e-03,4.674647817629e-03,1.533996387564e-03,1.742326075121e-03,-2.487444249690e-02,-2.331962994384e-02
663.00000000,2.673772030300e+13,-5.538622557413e-03,-6.290814110535e-03,-6.342635571006e-03,-7.204019142378e-03,-1.838595140042e-02,-1.723671124998e-02
663.20000000,1.941112587313e+13,1.411241469172e-02,1.602899936873e-02,1.054126758073e-02,1.197286090086e-02,1.154677802346e-02,1.082503017241e-02
663.40000000,3.158806019035e+12,1.960849836172e-02,2.227149745296e-02,6.287556778110e-03,7.141460183423e-03,2.324151605839e-02,2.178877190446e-02
663.60000000,1.660161566818e+13,3.405746950935e-02,3.868276047656e-02,-1.686145902727e-03,-1.915138781678e-03,3.028090766818e-02,2.838815628828e-02
663.80000000,2.342038690225e+13,5.586981734085e-03,6.345740870363e-03,-1.870105374051e-02,-2.124081505567e-02,1.960330622070e-03,1.837797356865e-03
664.00000000,3.894659786675e+13,2.475776830554e-03,2.812008158841e-03,-1.570530997786e-02,-1.783822394505e-02,-3.280262876073e-03,-3.075225360250e-03
664.20000000,2.718493545843e+13,-3.031470363330e-02,-3.443169549762e-02,-3.125012331676e-02,-3.549415444972e-02,-5.049463952200e-02,-4.733839996405e-02
664.40000000,1.766348796212e+13,-3.827572305390e-02,-4.347388835084e-02,-2.137114295020e-02,-2.427352496989e-02,-2.312279426358e-02,-2.167747098499e-02
664.60000000,1.130362864811e+13,6.225876330402e-03,7.071402729424e-03,2.189313348822e-02,2.486640623920e-02,4.229500368554e-02,3.965129407598e-02
664.80000000,1.514524662223e+13,6.978777852001e-03,7.926554613637e-03,2.212838610236e-02,2.513360814865e-02,2.519406779719e-02,2.361927660826e-02
665.00000000,1.424651408651e+13,-5.214229691747e-03,-5.922365963810e-03,-3.344931643321e-03,-3.799201659730e-03,-4.526812059099e-03,-4.243857206315e-03
665.20000000,3.431631526578e+13,-3.215732358722e-02,-3.652455874769e-02,-3.797439962947e-02,-4.313164437534e-02,-4.246640817733e-02,-3.981198468521e-02
665.40000000,4.404401638340e+13,-1.464368247630e-02,-1.663241778930e-02,-3.893171957134e-03,-4.421897646456e-03,-2.212471554730e-02,-2.074177860430e-02
665.60000000,1.278702441497e+13,3.517657293207e-03,3.995384756182e-03,1.301639723902e-02,1.478413410718e-02,1.688750879649e-02,1.583193094103e-02
665.80000000,2.165078806949e+13,-4.765316669197e-03,-5.412486775006e-03,6.376144623290e-03,7.242079007462e-03,6.937013359879e-03,6.503405432627e-03
666.00000000,2.870783833318e+13,-3.371192752674e-03,-3.829029098483e-03,-1.329666884924e-02,-1.510246897326e-02,5.805256070083e-03,5.442390248565e-03
666.20000000,3.503508024235e+13,-3.570251765485e-03,-4.055122000399e-03,8.431721025865e-03,9.576820076374e-03,1.516970355065e-02,1.422149956539e-02
666.40000000,1.531095769999e+13,-3.521035547371e-02,-3.999221805691e-02,-1.420566968928e-02,-1.613491981782e-02,-2.260369210135e-02,-2.119081604478e-02
666.60000000,1.746864665952e+13,-7.601103890255e-03,-8.633397765020e-03,5.475768506325e-04,6.219424196332e-04,-2.700975936315e-02,-2.532147577979e-02
666.80000000,2.706107660189e+13,7.414129221654e-03,8.421030362954e-03,9.007923167879e-03,1.023127534414e-02,-1.608640547806e-02,-1.508090172963e-02
667.00000000,2.332272064159e+13,2.515840382711e-02,2.857512678532e-02,2.492440462975e-02,2.830934964731e-02,1.100063852907e-02,1.031302790710e-02
667.20000000,3.012846244761e+13,2.577591785911e-02,2.927650441951e-02,1.539000575069e-02,1.748009873626e-02,5.465436926067e-03,5.123811985463e-03
667.40000000,5.548989295805e+12,-1.229379392396e-02,-1.396339459625e-02,-1.939544431398e-02,-2.202950974380e-02,-5.403354796746e-02,-5.065610388299e-02
667.60000000,1.934188160432e+13,-2.926371257188e-02,-3.323797100552e-02,-3.693289115150e-02,-4.194869023455e-02,-5.855716516255e-02,-5.489696592483e-02
667.80000000,1.989489332983e+13,-2.235004589660e-02,-2.538537021434e-02,-1.858014314803e-02,-2.110348378179e-02,-3.145612704363e-02,-2.948991689826e-02
668.00000000,3.325921938596e+13,3.417266113257e-04,3.881359609166e-04,1.396428011335e-02,1.586074749525e-02,-9.014945612718e-03,-8.451453562374e-03
668.20000000,2.857811153016e+13,-3.322574346711e-03,-3.773807903847e-03,1.060211738538e-02,1.204197462380e-02,-4.035401382035e-03,-3.783162855436e-03
668.40000000,3.866623257520e+13,3.749506581268e-03,4.258721128671e-03,-2.016716407723e-03,-2.290603557990e-03,-1.857533878077e-02,-1.741426070165e-02
668.60000000,1.318751623146e+13,2.306904610353e-03,2.620201670007e-03,-1.205128435276e-02,-1.368795072578e-02,-1.482443070356e-02,-1.389780849071e-02
668.80000000,2.438690998499e+13,-2.472310909358e-03,-2.808071536379e-03,-2.879167416023e-02,-3.270182709844e-02,-1.023877146282e-02,-9.598782429891e-03
669.00000000,2.796127970771e+13,1.868565001927e-02,2.122331853945e-02,-1.706060190865e-03,-1.937757598627e-03,-8.077710010911e-04,-7.572801210381e-04
669.20000000,2.453302589786e+13,5.909391686087e-02,6.711936807060e-02,3.800458706649e-02,4.316593152171e-02,3.516193342681e-02,3.296408656096e-02
669.40000000,2.644935157985e+13,1.803151065193e-02,2.048034154116e-02,4.007800675069e-02,4.552093914085e-02,8.688241209599e-03,8.145170284560e-03
669.60000000,2.245570694388e+13,4.241327992568e-02,4.817336026507e-02,3.751557973103e-02,4.261051285292e-02,5.557639054131e-03,5.210250887833e-03
669.80000000,1.068968544761e+13,9.089006689872e-03,1.032337028615e-02,1.178324047727e-02,1.338350422426e-02,-8.239238785669e-03,-7.724233398386e-03
670.00000000,1.702444567354e+13,-1.035127805623e-02,-1.175706872660e-02,-2.243151665795e-02,-2.547790639827e-02,-1.486194930047e-02,-1.393298193414e-02
670.20000000,4.343037386360e+13,-1.507424571268e-03,-1.712145513653e-03,-2.113637041726e-02,-2.400686834073e-02,-9.816077682679e-03,-9.202509728154e-03
670.40000000,2.632392945150e+13,-1.718598775528e-03,-1.951998951972e-03,-1.913750852531e-02,-2.173654409280e-02,-3.581021407794e-03,-3.357184550413e-03
670.60000000,2.098248033682e+13,9.342057840446e-03,1.061078791250e-02,-1.282119687412e-02,-1.456242388126e-02,2.054331458058e-03,1.925922536350e-03
670.80000000,1.133536099525e+13,3.577115023814e-02,4.062917346967e-02,5.678136842302e-03,6.449275864435e-03,3.208273055214e-02,3.007735365958e-02
671.00000000,2.499314285935e+13,2.511944779545e-02,2.853088019673e-02,2.957420330819e-02,3.359063032515e-02,6.492209456652e-03,6.086404632624e-03
671.20000000,2.332379071599e+12,5.174633167119e-02,5.877391897916e-02,3.978942597567e-02,4.519316665509e-02,1.496257739176e-02,1.402732012287e-02
671.40000000,2.089961611775e+13,3.853058642120e-02,4.376336430819e-02,2.905584335339e-02,3.300187270299e-02,6.917793476845e-03,6.485386915832e-03
671.60000000,1.598132806690e+13,1.363271341126e-02,1.548415061749e-02,1.892165388421e-02,2.149137456525e-02,-1.927982952062e-02,-1.807471624168e-02
671.80000000,1.330198047360e+13,5.315833748583e-03,6.037768706605e-03,2.685271093085e-03,3.049953625822e-03,-2.811032091746e-02,-2.635324516237e-02
672.00000000,1.225058200802e+13,-6.840686880203e-03,-7.769709725775e-03,5.698830174964e-04,6.472779526749e-04,-2.285158854603e-03,-2.142321736814e-03
672.20000000,3.304941695266e+13,-1.736386611670e-02,-1.972202525955e-02,-2.809075643882e-02,-3.190571882045e-02,-2.614940857442e-02,-2.451490244583e-02
672.40000000,1.707413760772e+13,-1.391576382718e-02,-1.580564166189e-02,-2.937123507098e-02,-3.336009728415e-02,-6.229653404682e-03,-5.840260021656e-03
672.60000000,2.717271114111e+13,3.345082969762e-02,3.799373387328e-02,2.841389239634e-02,3.227273937485e-02,2.375303307776e-02,2.226831582201e-02
672.80000000,1.423347805977e+13,4.386685512407e-02,4.982434320785e-02,5.120232760443e-02,5.815603688203e-02,7.211131733324e-03,6.760389645654e-03
673.00000000,2.498390392834e+13,3.194185631220e-02,3.627982920348e-02,2.749104636383e-02,3.122456304354e-02,6.135528781868e-04,5.752018792819e-04
673.20000000,2.236822611040e+13,1.187544016757e-02,1.348822487912e-02,2.938711154448e-02,3.337812991707e-02,-1.393994827442e-02,-1.306861189900e-02
673.40000000,2.845651282874e+13,1.549662181903e-02,1.760119347260e-02,3.159724447396e-02,3.588841759684e-02,-6.891872301378e-03,-6.461085980456e-03
673.60000000,3.462647767166e+13,1.975903721641e-02,2.244248075096e-02,4.389215214376e-02,4.985307774725e-02,3.376885933693e-02,3.165808855661e-02
673.80000000,1.281835413656e+13,4.562947517687e-02,5.182634189701e-02,5.407012400605e-02,6.141330429751e-02,5.898992892566e-02,5.530267917087e-02
674.00000000,-1.147913718680e+12,4.984181419105e-02,5.661075199790e-02,3.867919360492e-02,4.393215533545e-02,8.145195755752e-02,7.636068662363e-02
674.20000000,1.664253580584e+13,1.841323264925e-02,2.091390459807e-02,3.385505212642e-02,3.845285463031e-02,6.773015715196e-02,6.349658694940e-02
674.40000000,1.361358265208e+13,9.128039013091e-03,1.036770352733e-02,2.858353468856e-02,3.246542052558e-02,1.836853217612e-02,1.722038083917e-02
674.60000000,2.628373761382e+13,4.300120672374e-03,4.884113246996e-03,1.728473022695e-02,1.963214282640e-02,6.259890977008e-03,5.868607551339e-03
674.80000000,2.275210095089e+13,2.652944541879e-02,3.013236736305e-02,4.126244801610e-02,4.686623755088e-02,2.700137693479e-02,2.531361730709e-02
675.00000000,2.669640932109e+13,2.895690559860e-02,3.288949706336e-02,3.888770509726e-02,4.416898445254e-02,1.464709550516e-02,1.373155788215e-02
675.20000000,1.442574096462e+13,7.814616790581e-03,8.875907514010e-03,3.044831517965e-02,3.458345398404e-02,1.273468132501e-02,1.193868188157e-02
675.40000000,2.148816595082e+13,-2.328565430366e-02,-2.644804211661e-02,4.209828643146e-03,4.781558989452e-03,-6.434752403623e-03,-6.032539014752e-03
675.60000000,7.739078641638e+11,-2.133817550639e-02,-2.423607930983e-02,1.307313685610e-02,1.484857944430e-02,1.225090866838e-02,1.148514812575e-02
675.80000000,1.484678424080e+13,-4.698745373220e-02,-5.336874536811e-02,-1.074409395761e-02,-1.220323281571e-02,-1.412339219558e-02,-1.324058939588e-02
676.00000000,2.629120882141e+13,-1.909012205949e-02,-2.168272128653e-02,-3.202112708723e-03,-3.636986705518e-03,-1.359877558474e-02,-1.274876469553e-02
676.20000000,2.146226171903e+13,-4.256913021237e-03,-4.835037633224e-03,9.322432649265e-03,1.058849787395e-02,-2.078199381093e-02,-1.948298560768e-02
676.40000000,1.746748912816e+13,-6.150508209794e-04,-6.985798983778e-04,3.923503974538e-04,4.456349008448e-04,-2.358396690368e-02,-2.210981737059e-02
676.60000000,7.017675380160e+12,-1.281885735697e-02,-1.455976606209e-02,-1.128161588307e-02,-1.281375476625e-02,-2.632599226424e-02,-2.468044851993e-02
676.80000000,2.093776447748e+13,-1.551198673250e-02,-1.761864507063e-02,-1.494404223241e-03,-1.697356959919e-03,6.961031329564e-03,6.525922124816e-03
677.00000000,1.548644454028e+13,-7.962253189321e-03,-9.043594178121e-03,4.619196124094e-03,5.246522037700e-03,5.969829789492e-03,5.596677052604e-03
677.20000000,2.668255737090e+13,-5.084180952122e-03,-5.774655510929e-03,1.506264740948e-02,1.710828236275e-02,2.664554084694e-02,2.498002326210e-02
677.40000000,2.068171284837e+13,-1.120233859415e-02,-1.272371044760e-02,2.108649209947e-02,2.395021612540e-02,-1.435047734187e-02,-1.345348026078e-02
677.60000000,2.659159674916e+13,-3.230113482312e-02,-3.668790075966e-02,-4.559892875117e-04,-5.179164905780e-04,-4.232721419782e-02,-3.968149122418e-02
677.80000000,1.767953201523e+13,-2.664269832030e-02,-3.026100096165e-02,-9.385526381405e-03,-1.066016026871e-02,-3.897446898281e-02,-3.653831413710e-02
678.00000000,1.271187362616e+13,-3.167625917062e-02,-3.597816173496e-02,-8.933562802549e-03,-1.014681621208e-02,-2.785817048719e-02,-2.611685575485e-02
678.20000000,2.671907260478e+13,-2.709484233897e-02,-3.077454994303e-02,3.146020388187e-04,3.573276573298e-04,-4.814320185559e-03,-4.513394226721e-03
678.40000000,2.650310184839e+13,-3.200632887635e-02,-3.635305768441e-02,1.253398044421e-02,1.423620103023e-02,9.231056285514e-04,8.654055928929e-04
678.60000000,2.061008665741e+13,-1.936565233214e-02,-2.199567088891e-02,2.419020340936e-02,2.747543768961e-02,-2.661188166112e-02,-2.494846799176e-02
678.80000000,-5.903745430820e+12,-3.349304974627e-02,-3.804168775983e-02,5.455100229835e-03,6.195948993030e-03,-4.212914343342e-02,-3.949580115579e-02
679.00000000,8.553601473101e+12,6.635882580162e-03,7.537091278276e-03,2.564948590999e-02,2.913290309985e-02,1.953539498201e-02,1.831430721891e-02
679.20000000,4.392292174329e+13,7.521913160841e-03,8.543452268129e-03,3.335022523121e-02,3.787946797173e-02,1.225518855807e-02,1.148916049483e-02
679.40000000,3.282285182879e+13,-2.652405927513e-03,-3.012624973574e-03,2.017913079736e-02,2.291962748187e-02,2.061091698959e-02,1.932260218738e-02
679.60000000,1.378182111434e+13,-2.427812509702e-02,-2.757529879577e-02,1.581512251011e-02,1.796294994823e-02,-1.373030748602e-02,-1.287207500747e-02
679.80000000,1.078722375692e+13,-2.250617812892e-02,-2.556270651772e-02,5.709376843405e-03,6.484758521988e-03,-1.794626014876e-02,-1.682450352796e-02
680.00000000,3.484913419138e+12,-1.591858664701e-02,-1.808046467523e-02,1.066954657921e-02,1.211856127262e-02,-1.490373676892e-02,-1.397215741720e-02
680.20000000,8.284233007717e+12,3.458558937323e-02,3.928260346232e-02,2.713021535088e-02,3.081472812628e-02,3.223335925445e-02,3.021856709973e-02
680.40000000,2.394772533707e+13,8.902975235266e-03,1.011207419448e-02,1.884890255912e-02,2.140874299470e-02,2.653486494671e-02,2.487626531707e-02
680.60000000,9.068877723978e+12,-2.518433413474e-02,-2.860457864694e-02,1.838463019481e-02,2.088141851542e-02,-1.134339128011e-02,-1.063435640792e-02
680.80000000,1.709466926292e+13,-2.607440952026e-02,-2.961553376017e-02,1.764803649210e-02,2.004478915605e-02,-1.827057252378e-02,-1.712854429481e-02
681.00000000,6.452631834358e+12,-3.863039207032e-02,-4.387672440437e-02,-3.517971811862e-03,-3.995742147137e-03,-3.493017135669e-02,-3.274681111002e-02
681.20000000,2.829658610812e+13,-1.771155681165e-02,-2.011693527683e-02,-8.861274414073e-03,-1.006471044887e-02,-2.914824770958e-02,-2.732629485801e-02
681.40000000,1.789473843444e+13,-3.648948190577e-03,-4.144506062282e-03,-4.220614067210e-03,-4.793809165352e-03,-2.094115431890e-02,-1.963219756079e-02
681.60000000,2.937520086562e+13,7.532462238536e-03,8.555433999350e-03,5.437991061893e-03,6.176516255332e-03,-2.176155822856e-02,-2.040132095241e-02
681.80000000,2.820570961627e+13,7.182942664633e-03,8.158446725957e-03,-1.212651614600e-02,-1.377339963303e-02,-1.573904841902e-02,-1.475525671964e-02
682.00000000,2.018625627885e+13,-1.299751239466e-02,-1.476268395736e-02,7.924991501235e-04,9.001272395200e-04,-3.260268461380e-02,-3.056480725003e-02
682.20000000,2.687911462951e+13,-4.937365249571e-02,-5.607901000456e-02,1.213917224420e-03,1.378777453645e-03,-3.881340660756e-02,-3.638731919564e-02
682.40000000,3.197420252044e+13,-1.741021873617e-02,-1.977467295482e-02,3.344831779137e-02,3.799088233145e-02,1.375561240085e-03,1.289579820247e-03
682.60000000,1.330976788825e+13,-4.229335849033e-02,-4.803715248962e-02,4.449104435142e-03,5.053330458354e-03,-1.415332460128e-02,-1.326865083381e-02
682.80000000,2.518978627055e+13,-1.893014626328e-02,-2.150101943094e-02,2.361300856264e-03,2.681985489944e-03,-1.456953699939e-03,-1.365884728155e-03
683.00000000,8.918606827014e+10,-1.291047287016e-02,-1.466382373296e-02,1.382748133059e-02,1.570537028043e-02,-1.974270228707e-03,-1.850865648480e-03
683.20000000,2.577945013586e+13,-3.384510747760e-03,-3.844155789379e-03,1.891694222407e-02,2.148602302179e-02,6.235688384718e-03,5.845917776646e-03
683.40000000,2.827993799565e+13,1.275379828869e-03,1.448587142485e-03,-1.990689716002e-03,-2.261042221339e-03,-1.779617002022e-02,-1.668379499725e-02
683.60000000,3.514539813963e+13,-2.877950077228e-02,-3.268799916869e-02,-3.074177300163e-02,-3.491676586099e-02,-3.054645165006e-02,-2.863710206433e-02
683.80000000,3.184916944851e+13,-4.981947460890e-02,-5.658537851250e-02,-3.149701023019e-02,-3.577457069475e-02,-1.553664489476e-02,-1.456550471673e-02
684.00000000,2.082947934442e+13,-4.208425504955e-02,-4.779965104188e-02,-2.646661263869e-02,-3.006100255147e-02,1.442557950438e-02,1.352388805537e-02
684.20000000,1.499409928445e+13,-4.556472601154e-02,-5.175279925013e-02,-8.639567189994e-04,-9.812893508035e-04,9.110392328949e-03,8.540934245294e-03
684.40000000,3.782322073515e+12,-2.241544031616e-02,-2.545964574639e-02,5.892910463907e-03,6.693217560911e-03,1.458594667439e-02,1.367423124639e-02
684.60000000,3.707481027917e+13,-8.485078289743e-03,-9.637423326972e-03,1.642700036368e-02,1.865792599101e-02,1.430052669068e-02,1.340665184638e-02
684.80000000,2.036408051212e+13,-3.112444042590e-03,-3.535140136091e-03,9.895220226133e-03,1.123907484973e-02,1.516778554736e-02,1.421970144964e-02
685.00000000,1.994981680861e+13,-1.810488084026e-02,-2.056367601851e-02,-3.355528721353e-03,-3.811237910614e-03,-1.101683588201e-02,-1.032821282136e-02
685.20000000,2.201862129713e+13,-8.693072970420e-03,-9.873665435647e-03,-1.164763741779e-02,-1.322948512205e-02,-1.638039286239e-02,-1.535651301264e-02
685.40000000,2.395411499865e+13,-1.616830983854e-02,-1.836410237770e-02,-5.125347587854e-02,-5.821413152449e-02,1.417356434484e-02,1.328762546330e-02
685.60000000,1.781049399168e+13,1.521434638721e-02,1.728058266168e-02,1.798995874943e-02,2.043314734870e-02,6.575205186116e-02,6.164212595487e-02
685.80000000,2.139115407791e+13,-1.893856871719e-02,-2.151058572496e-02,-1.176955573971e-02,-1.336796098356e-02,6.180518459776e-03,5.794196326654e-03
686.00000000,2.760303290485e+13,-7.234343461580e-03,-8.216828183687e-03,-3.098341531419e-03,-3.519122524397e-03,1.757535307362e-02,1.647678052927e-02
686.20000000,2.235101430626e+13,-9.732976636790e-03,-1.105479677113e-02,-1.061197841533e-03,-1.205317486503e-03,1.781861614823e-02,1.670483809798e-02
686.40000000,1.938140136418e+13,4.595780077004e-04,5.219925686877e-04,2.428264657677e-02,2.758043542125e-02,2.621704136285e-02,2.457830775023e-02
686.60000000,2.897997559132e+13,3.924382160998e-02,4.457346283778e-02,7.918597635696e-02,8.994010188623e-02,6.852771273144e-02,6.424429017835e-02
686.80000000,3.992528207422e+13,3.614827386091e-02,4.105751365407e-02,2.712867969689e-02,3.081298391749e-02,1.077709765537e-01,1.010345977496e-01
687.00000000,2.181886039237e+13,-4.674434654398e-02,-5.309262217788e-02,-1.929364778345e-02,-2.191388838319e-02,-2.225611622493e-02,-2.086496589491e-02
687.20000000,1.862246517568e+13,5.703649158895e-03,6.478252713266e-03,-9.466568439199e-04,-1.075220852359e-03,-1.911109698371e-02,-1.791653057296e-02
687.40000000,4.371013728662e+12,-3.878459005602e-05,-4.405186377371e-05,-1.283859793796e-02,-1.458218815680e-02,1.588060260291e-03,1.488796285711e-03
687.60000000,2.708221314184e+13,-2.193181558176e-03,-2.491034070316e-03,-1.325364386022e-03,-1.505360082672e-03,2.531998866043e-02,2.373732660811e-02
687.80000000,2.504983751518e+13,-7.008743480575e-03,-7.960589826744e-03,8.151711839870e-03,9.258783273949e-03,4.011618018775e-02,3.760866105263e-02
688.00000000,-2.931070108964e+12,-1.057744041820e-02,-1.201394584057e-02,1.620608425842e-02,1.840700760964e-02,3.957605385654e-02,3.710229608915e-02
688.20000000,2.083408155940e+13,-9.648824101956e-03,-1.095921561389e-02,-1.567151062169e-03,-1.779983435036e-03,4.486006439855e-03,4.205602200579e-03
688.40000000,1.265187087226e+13,-1.583523641852e-02,-1.798579478429e-02,-4.735285004432e-03,-5.378376770137e-03,9.816127538384e-03,9.202556467557e-03
688.60000000,2.138326346377e+13,-6.093803389386e-03,-6.921393171569e-03,-4.906842141297e-03,-5.573232817620e-03,-1.498773544011e-02,-1.405090563148e-02
688.80000000,5.999213922532e+12,6.380087821926e-03,7.246557439251e-03,2.208516112752e-02,2.508451285653e-02,1.571339174217e-02,1.473120375003e-02
689.00000000,1.649991826112e+13,5.612758987455e-03,6.375018891666e-03,3.468469827502e-03,3.939517374498e-03,2.570171969536e-02,2.409519699953e-02
689.20000000,1.119988352216e+13,2.642783398833e-02,3.001695624522e-02,1.240984097031e-02,1.409520236550e-02,5.354296154628e-02,5.019618226670e-02
689.40000000,2.024708711288e+13,9.840666597281e-03,1.117711193452e-02,1.034050352533e-02,1.174483138820e-02,3.011290075180e-02,2.823065088415e-02
689.60000000,2.603677144237e+13,-5.273504718618e-03,-5.989691038154e-03,1.268646475509e-02,1.440939400060e-02,1.532804197069e-02,1.436994081635e-02
689.80000000,3.633005077433e+13,-2.089667088733e-02,-2.373461464806e-02,-6.714111579869e-03,-7.625944736057e-03,6.402075215311e-04,6.001904360768e-04
690.00000000,1.832612421610e+13,-6.589799174224e-03,-7.484749357999e-03,-4.502240179149e-03,-5.113682485943e-03,2.318618233026e-02,2.173689689004e-02
690.20000000,1.544802894094e+13,-8.900017940589e-03,-1.010871527429e-02,-5.534270888718e-03,-6.285871697198e-03,3.037092460210e-02,2.847254658518e-02
690.40000000,1.839312563141e+13,8.619588665649e-03,9.790201343888e-03,6.784039522388e-03,7.705369484785e-03,3.479448736311e-02,3.261960823824e-02
690.60000000,2.061317001411e+13,2.238344466129e-02,2.542330481234e-02,2.038150026767e-02,2.314948043836e-02,3.783021235292e-02,3.546558090205e-02
690.80000000,2.937891174833e+13,7.925736298883e-03,9.002117986658e-03,3.213892944809e-02,3.650366797330e-02,2.919261335809e-02,2.736788736831e-02
691.00000000,2.596843928266e+13,-4.623555677564e-03,-5.251473447732e-03,3.064169911328e-02,3.480310109195e-02,-3.427676402485e-03,-3.213424593663e-03
691.20000000,2.051027915231e+13,-1.439145445562e-02,-1.634593508080e-02,8.469131774921e-03,9.619311521659e-03,-6.805457396833e-03,-6.380072562935e-03
691.40000000,1.427031953631e+13,-1.785322062356e-02,-2.027783822656e-02,-1.120035080770e-03,-1.272145320612e-03,-8.358820481866e-03,-7.836340469880e-03
691.60000000,2.394194542625e+13,-1.269010802640e-02,-1.441353148895e-02,1.230287683522e-02,1.397371159592e-02,-2.471193388278e-02,-2.316727916274e-02
691.80000000,1.725516602067e+13,1.834303221932e-02,2.083417035899e-02,3.285315360134e-02,3.731488980913e-02,2.223272372758e-02,2.084303557901e-02
692.00000000,1.822994966528e+13,2.605662576457e-02,2.959533482080e-02,3.617699775424e-02,4.109014011883e-02,3.746254961358e-02,3.512089944732e-02
692.20000000,2.835658487062e+13,1.377353997121e-02,1.564410260940e-02,3.043388094090e-02,3.456705945355e-02,1.976825562704e-03,1.853261257676e-03
692.40000000,2.354673324292e+13,-5.151287794732e-03,-5.850876027498e-03,1.152101685813e-02,1.308566841914e-02,1.151998360528e-02,1.079991057760e-02
692.60000000,1.925566516405e+13,-1.683330510030e-02,-1.911940959222e-02,1.384322480600e-02,1.572325185299e-02,8.736990041577e-03,8.190872001174e-03
692.80000000,2.854809676582e+13,-2.248766791571e-02,-2.554168246179e-02,-2.831914646837e-02,-3.216512614828e-02,-1.595899283067e-02,-1.496145319173e-02
693.00000000,1.509655254796e+13,-6.808124145318e-02,-7.732724697464e-02,-4.469631596104e-02,-5.076645381442e-02,-8.180465434299e-02,-7.669133759282e-02
693.20000000,3.398625110418e+13,-8.212770322982e-02,-9.328133646740e-02,-9.178571079053e-02,-1.042509868539e-01,-8.645058992037e-02,-8.104687233178e-02
693.40000000,8.894362207519e+12,-3.338188449146e-02,-3.791542532792e-02,-1.718868846587e-02,-1.952305778162e-02,-7.578930342339e-02,-7.105198477336e-02
693.60000000,2.518414529340e+13,-9.470430139366e-03,-1.075659424992e-02,-3.541694175489e-03,-4.022686208443e-03,-1.605126251816e-02,-1.504795543063e-02
693.80000000,1.781412362313e+13,-7.499314599872e-03,-8.517784632403e-03,1.476655345464e-02,1.677197634379e-02,2.821888491168e-02,2.645502320908e-02
694.00000000,2.653364368646e+13,-2.474087384168e-02,-2.810089271418e-02,-1.097875940476e-02,-1.246976781593e-02,3.989457609544e-02,3.740090864060e-02
694.20000000,1.867845366078e+13,-1.731926215360e-02,-1.967136370289e-02,-1.793787905126e-02,-2.037399478691e-02,6.185308157629e-03,5.798686637603e-03
694.40000000,7.946776738240e+12,-2.427862702220e-02,-2.757586888661e-02,-2.087659143494e-02,-2.371180917479e-02,-1.113419126071e-02,-1.043823273450e-02
694.60000000,2.844636956667e+13,2.629082029871e-03,2.986133494352e-03,-1.902155888021e-02,-2.160484750493e-02,-4.020666230950e-03,-3.769348746013e-03
694.80000000,3.929932885351e+13,-8.742769910619e-03,-9.930111638546e-03,4.692794237626e-03,5.330115397714e-03,9.897839807958e-03,9.279161195024e-03
695.00000000,2.007310816962e+13,-5.446947043007e-03,-6.186688289784e-03,2.930847056284e-02,3.328880882479e-02,1.310593984465e-02,1.228673435723e-02
695.20000000,2.348021889476e+13,3.501688673837e-03,3.977247463919e-03,2.377363738978e-02,2.700229848028e-02,7.576130440215e-03,7.102573587093e-03
695.40000000,1.435667602042e+13,8.528420730918e-03,9.686652036405e-03,2.099288016704e-02,2.384389090055e-02,1.840659833201e-02,1.725606761563e-02
695.60000000,8.262288451539e+12,8.964754939843e-03,1.018224410284e-02,2.084258200671e-02,2.367318097847e-02,1.028565134407e-03,9.642732017219e-04
695.80000000,1.861656524280e+13,2.263796816472e-02,2.571239474945e-02,2.163506702041e-02,2.457329216172e-02,1.071106741772e-02,1.004155685162e-02
696.00000000,1.745006426369e+13,3.032609204394e-03,3.444463055026e-03,9.773618137526e-03,1.110095816870e-02,1.415800582419e-04,1.327303945022e-04
696.20000000,4.072805679983e+13,4.112161492914e-03,4.670627629211e-03,8.555978631851e-03,9.717952916514e-03,-7.229199361876e-03,-6.777327931280e-03
696.40000000,1.693974128104e+13,-2.124747631268e-02,-2.413306240234e-02,2.329250620374e-02,2.645582560865e-02,-1.886971414653e-02,-1.769023571476e-02
696.60000000,3.819466235275e+13,1.257951903611e-02,1.428792358312e-02,2.907725163478e-02,3.302618841011e-02,4.790450993906e-03,4.491017012982e-03
696.80000000,2.450038540341e+13,2.930431186201e-02,3.328408402092e-02,4.393441346831e-02,4.990107851722e-02,3.115723004772e-02,2.920970288595e-02
697.00000000,2.103748828960e+13,3.632172017876e-02,4.125451544150e-02,5.136321498194e-02,5.833877412656e-02,4.699658465380e-02,4.405899601118e-02
697.20000000,1.668772719430e+13,6.098189979697e-03,6.926375497760e-03,2.866574164622e-02,3.255879188359e-02,1.744448112473e-02,1.635408891845e-02
697.40000000,2.794006339811e+13,-1.587134117476e-02,-1.802680287027e-02,1.044931766499e-02,1.186842340864e-02,1.522215247718e-02,1.427067009686e-02
697.60000000,1.926501305318e+13,-4.701436390110e-03,-5.339931016439e-03,1.939324757028e-02,2.202701466372e-02,2.278140688352e-02,2.135742251068e-02
697.80000000,3.183623217425e+13,-1.310380341898e-02,-1.488341019726e-02,2.367137821360e-02,2.688615164283e-02,8.051148209702e-03,7.547899692495e-03
698.00000000,3.066489965392e+13,3.910706893677e-03,4.441813800072e-03,-1.309041699796e-03,-1.486820637560e-03,-2.179926645523e-02,-2.043667217252e-02
698.20000000,2.536812268711e+13,1.789947471171e-02,2.033037400913e-02,3.178206328022e-02,3.609833636062e-02,8.103130149947e-03,7.596632427326e-03
698.40000000,2.405821478615e+13,2.098293798641e-02,2.383259754516e-02,1.586396930913e-02,1.801843055582e-02,-1.222646346405e-02,-1.146223090383e-02
698.60000000,1.575373506327e+13,-4.324659722786e-03,-4.911984906960e-03,2.147379296983e-02,2.439011573064e-02,3.375144414625e-02,3.164176192729e-02
698.80000000,3.191718259593e+13,-1.242982356557e-02,-1.411789820794e-02,1.847203263014e-02,2.098069094092e-02,3.393823258481e-02,3.181687488774e-02
699.00000000,9.251476381663e+12,-2.890666414913e-03,-3.283243240225e-03,4.008664189373e-02,4.553074700937e-02,3.921185523074e-02,3.676086221859e-02
699.20000000,2.455024208722e+13,8.563382831122e-03,9.726362284037e-03,2.143438560383e-02,2.434535651095e-02,2.547833019294e-02,2.388577077700e-02
699.40000000,2.713555167839e+13,-3.158575688554e-03,-3.587536847794e-03,1.644728822887e-03,1.868096911995e-03,-5.920736307883e-03,-5.550652229176e-03
699.60000000,1.607139381128e+13,-6.772190211215e-03,-7.691910632711e-03,2.321516955932e-04,2.636798599366e-04,1.168673647161e-02,1.095624031787e-02
699.80000000,2.725112407717e+13,5.108300781867e-03,5.802051016532e-03,2.383878327397e-02,2.707629172670e-02,2.012529658619e-03,1.886733618085e-03
700.00000000,-3.531113365169e+12,1.021709201358e-02,1.160465909012e-02,1.176506365993e-02,1.336285884135e-02,2.476954575276e-03,2.322128992051e-03
700.20000000,1.095784829705e+13,7.740387733071e-03,8.791597525823e-03,3.250995949431e-02,3.692508703883e-02,3.127152199268e-02,2.931685084967e-02
700.40000000,3.634187923951e+13,2.074508969921e-02,2.356244745896e-02,6.184860459966e-02,7.024816836429e-02,4.729591145719e-02,4.433961296524e-02
700.60000000,1.251537437810e+13,2.197481309328e-02,2.495917763859e-02,5.386788935475e-02,6.118360446959e-02,3.829870080724e-02,3.590478581646e-02
700.80000000,2.063641824976e+13,-6.603288806196e-03,-7.500070995514e-03,1.880460834889e-02,2.135843325598e-02,1.450571148716e-02,1.359901127412e-02
701.00000000,1.851125187475e+13,-8.861653395960e-03,-1.006514050165e-02,-7.272868653914e-03,-8.260585748030e-03,-1.075549677951e-03,-1.008320909269e-03
701.20000000,2.374951473265e+13,1.028969749144e-02,1.168712500288e-02,1.153090509647e-02,1.309689956391e-02,2.958173088409e-02,2.773268254762e-02
701.40000000,2.489965456465e+13,1.098042664424e-02,1.247166098741e-02,4.641863885753e-03,5.272268273168e-03,-2.128921578565e-03,-1.995850294848e-03
701.60000000,1.131377286327e+13,-9.917885769831e-03,-1.126481812053e-02,-5.494795931803e-03,-6.241035707164e-03,-1.392947678325e-02,-1.305879494334e-02
701.80000000,1.016899016427e+13,4.887510365531e-03,5.551275403614e-03,2.945489505906e-02,3.345511900640e-02,7.954090773242e-03,7.456908969715e-03
702.00000000,1.423691325111e+13,3.061143866818e-02,3.476872964738e-02,4.906381112662e-02,5.572709177396e-02,1.474572852705e-02,1.382402570615e-02
702.20000000,4.027740079018e+13,1.848285421036e-02,2.099298135308e-02,1.827461339517e-02,2.075646050362e-02,-4.022437250044e-03,-3.771009065030e-03
702.40000000,2.188693463567e+13,1.405564957920e-02,1.596452507623e-02,1.930116031041e-02,2.192242117487e-02,1.858117572744e-02,1.741973280163e-02
702.60000000,2.403045028615e+13,8.436758260961e-03,9.582541031649e-03,-9.865172760137e-03,-1.120494668364e-02,1.118598498012e-02,1.048678901352e-02
702.80000000,3.079910065054e+13,2.508416216733e-03,2.849080248337e-03,7.859625317392e-03,8.927028930567e-03,2.724126711264e-02,2.553851280677e-02
703.00000000,2.805733703698e+13,-2.313165235031e-03,-2.627312540200e-03,3.994479448721e-03,4.536963552497e-03,-9.393357658216e-03,-8.806212422533e-03
703.20000000,2.235869785505e+13,-2.161419367107e-02,-2.454958306408e-02,-2.318692927598e-02,-2.633591044088e-02,-2.796998972980e-02,-2.622168557601e-02
703.40000000,1.701004994011e+13,-2.501465384716e-03,-2.841185434837e-03,-1.792858471865e-02,-2.036343820530e-02,-3.080823990992e-02,-2.888252687513e-02
703.60000000,2.154046277723e+13,2.678700820011e-02,3.042490933756e-02,-5.544269040640e-03,-6.297227682739e-03,-2.549330050879e-02,-2.389980535187e-02
703.80000000,2.092907437390e+13,2.946451525877e-02,3.346604438713e-02,-5.759027344437e-03,-6.541151981119e-03,-3.941243725369e-03,-3.694890657572e-03
704.00000000,9.267395882337e+12,2.351905304310e-02,2.671313836902e-02,1.270218333645e-02,1.442724729829e-02,1.620050463215e-02,1.518786895314e-02
704.20000000,2.604161960707e+13,2.601570682502e-02,2.954885874491e-02,2.821009272560e-02,3.204126198460e-02,2.910946992459e-02,2.728994093386e-02
704.40000000,3.019387902298e+13,-3.062049642979e-03,-3.477901752924e-03,2.198674076300e-02,2.497272617384e-02,-1.046983128183e-02,-9.815399524925e-03
704.60000000,2.686398982911e+13,-9.514803661598e-03,-1.080699406989e-02,-1.995191902194e-02,-2.266155842507e-02,-5.629337447770e-02,-5.277467670980e-02
704.80000000,3.023430868603e+13,-1.223913866321e-02,-1.390131669115e-02,-2.096234292367e-02,-2.380920644117e-02,-6.960974109284e-02,-6.525868481171e-02
705.00000000,2.938025205010e+13,7.848063347103e-03,8.913896394376e-03,-2.685022867130e-02,-3.049671688683e-02,-3.671096369707e-02,-3.441629248191e-02
705.20000000,2.505950208482e+13,1.199696809736e-02,1.362625732449e-02,-1.772582250970e-02,-2.013313917293e-02,9.527477820807e-03,8.931949212817e-03
705.40000000,2.897716686418e+13,2.583715076000e-02,2.934605326364e-02,1.685047806069e-03,1.913891554204e-03,6.765775166284e-03,6.342870726879e-03
705.60000000,2.363009228239e+13,2.097128268129e-02,2.381935935152e-02,1.097084346403e-02,1.246077682347e-02,-6.078995721068e-03,-5.699019411719e-03
705.80000000,1.603558006284e+13,-1.230518773487e-02,-1.397633578257e-02,-2.431330611614e-02,-2.761525878546e-02,-4.849280107584e-02,-4.546168928892e-02
706.00000000,2.771063322990e+13,3.200725842896e-03,3.635411347808e-03,-1.275750519755e-03,-1.449008233615e-03,-6.443667359881e-02,-6.040896728938e-02
706.20000000,2.898618224541e+13,1.011855072639e-02,1.149273506687e-02,-3.410948336746e-03,-3.874183978645e-03,-4.023709811023e-02,-3.772202082767e-02
706.40000000,6.601593975997e+12,1.733228724433e-02,1.968615771056e-02,3.188673824278e-03,3.621722706869e-03,-3.970621162716e-03,-3.722431816242e-03
706.60000000,3.381794695781e+13,-1.448659833250e-03,-1.645400029683e-03,-2.064946886414e-04,-2.345384143730e-04,-1.526321912485e-03,-1.430916981507e-03
706.80000000,7.582297555973e+12,4.014632691615e-03,4.559853595950e-03,-6.622901939338e-04,-7.522348054673e-04,1.557322236218e-02,1.459979585731e-02
707.00000000,2.490361868181e+13,7.011564344252e-04,7.963793787453e-04,-2.725701356534e-02,-3.095874661101e-02,-1.789364690779e-02,-1.677517895275e-02
707.20000000,2.853011826318e+13,8.112416145851e-03,9.214150527833e-03,-2.931910230832e-02,-3.330088445126e-02,-2.159511572534e-03,-2.024528217556e-03
707.40000000,2.041007949744e+13,1.726616294646e-03,1.961105317657e-03,-4.078702903461e-02,-4.632625264949e-02,-1.647793734748e-02,-1.544796034038e-02
707.60000000,3.996988547110e+13,8.984865195415e-03,1.020508550035e-02,-2.211311265168e-02,-2.511626043414e-02,5.056481374530e-03,4.740418784731e-03
707.80000000,1.252265323349e+13,-8.766375901567e-03,-9.956923521719e-03,-1.635436969866e-02,-1.857543146721e-02,3.830168884155e-03,3.590758707942e-03
708.00000000,1.324855051906e+13,5.710055419279e-03,6.485528997722e-03,-2.525490017490e-02,-2.868472928359e-02,1.074955696140e-03,1.007764055140e-03
708.20000000,1.660149236909e+13,-3.358508103322e-03,-3.814621767003e-03,-1.379676884499e-02,-1.567048677944e-02,7.660842825621e-03,7.181990903866e-03
708.40000000,2.005114006576e+13,7.154874876647e-03,8.126567096161e-03,-2.177477297285e-02,-2.473197136447e-02,1.438272429473e-02,1.348371157180e-02
708.60000000,4.123805389115e+13,-4.004735978700e-03,-4.548612826135e-03,-1.732633279294e-02,-1.967939537282e-02,9.668023760853e-03,9.063710128158e-03
708.80000000,3.995816604798e+13,9.379586181927e-03,1.065341291857e-02,-4.638899489867e-03,-5.268901287241e-03,1.592888202482e-02,1.493322450480e-02
709.00000000,2.968893438209e+13,1.125362160537e-02,1.278195812331e-02,7.261177657822e-04,8.247307015764e-04,-1.253266221334e-02,-1.174929026300e-02
709.20000000,2.054311871362e+13,-4.904929959913e-03,-5.571060725506e-03,-2.829055495315e-02,-3.213265166340e-02,1.162122048486e-02,1.089481950144e-02
709.40000000,2.097758129482e+13,-3.491221758997e-03,-3.965359053960e-03,-2.285711253508e-02,-2.596130179620e-02,1.279497477221e-03,1.199520660076e-03
709.60000000,2.121020591682e+13,1.472873532126e-02,1.672902152636e-02,-1.230996548965e-02,-1.398176294960e-02,3.046787611103e-02,2.856343800158e-02
709.80000000,2.818437524010e+13,1.598792444161e-02,1.815921912585e-02,1.046482309546e-02,1.188603460775e-02,2.061500889426e-02,1.932643832171e-02
710.00000000,4.552226795646e+12,1.262950479366e-02,1.434469782720e-02,1.061685852827e-02,1.205871773860e-02,1.509366143333e-02,1.415021056922e-02
710.20000000,2.459376384594e+13,2.238937368483e-02,2.543003904717e-02,8.866734393818e-03,1.007091194005e-02,2.647389736006e-02,2.481910859650e-02
710.40000000,3.825698298646e+13,2.549774817687e-02,2.896055695350e-02,-4.017811089686e-03,-4.563463827698e-03,1.703263358795e-02,1.596798450014e-02
710.60000000,1.790843160883e+13,1.272276804156e-02,1.445062700902e-02,-3.008415646826e-02,-3.416983943873e-02,-5.297040233165e-03,-4.965941168349e-03
710.80000000,1.246884646546e+13,-5.368548490303e-02,-6.097642553867e-02,-2.112158853906e-02,-2.399007895841e-02,-5.978798788028e-02,-5.605085431077e-02
711.00000000,6.755495749708e+12,-9.254388029292e-03,-1.051121180322e-02,-7.894498712899e-02,-8.966638428225e-02,-6.647912874484e-02,-6.232375585954e-02
711.20000000,2.751516687143e+13,-5.022068760993e-02,-5.704107961545e-02,7.805495343133e-03,8.865547647847e-03,-4.743070498953e-03,-4.446598103533e-03
711.40000000,2.391676440493e+13,-2.153116102585e-02,-2.445527388688e-02,-1.826855833568e-02,-2.074958311581e-02,-4.396889956377e-03,-4.122056070173e-03
711.60000000,2.418704494632e+13,-1.926519783103e-02,-2.188157382118e-02,-1.880908717508e-02,-2.136352034466e-02,6.198834965228e-03,5.811367932773e-03
711.80000000,1.582479741274e+13,-2.981824587660e-03,-3.386781459965e-03,-1.372600988930e-02,-1.559011815893e-02,1.256966474617e-02,1.178397989967e-02
712.00000000,1.413479147979e+13,1.014579153846e-02,1.152367541046e-02,-1.885894411289e-02,-2.142014827643e-02,-1.093380881571e-02,-1.025037548041e-02
712.20000000,4.117998150610e+13,8.530553420335e-02,9.689074362991e-02,5.442093567773e-02,6.181175916218e-02,-4.143442207296e-02,-3.884450434614e-02
712.40000000,2.762475201924e+13,7.650108673404e-02,8.689057810117e-02,3.982217115173e-02,4.523035890309e-02,-3.436535914684e-02,-3.221730329400e-02
712.60000000,2.636098356218e+13,1.352815224923e-02,1.536538916973e-02,-6.704023673180e-04,-7.614486806289e-04,3.771434923960e-02,3.535695997810e-02
712.80000000,3.097649726135e+13,2.730099209308e-02,3.100869656859e-02,2.645471700727e-02,3.004749139267e-02,4.635567852397e-02,4.345815063432e-02
713.00000000,2.903585981655e+13,-1.212746295531e-02,-1.377447448231e-02,-1.973417950463e-03,-2.241424803916e-03,-1.743565001895e-02,-1.634580981355e-02
713.20000000,2.170203616919e+13,9.362884158039e-03,1.063444261929e-02,-9.636207598915e-04,-1.094488611640e-03,-1.269514627815e-03,-1.190161802928e-03
713.40000000,2.192087995095e+13,1.544595796655e-02,1.754364904261e-02,5.930493055887e-03,6.735904186843e-03,-1.674424743782e-02,-1.569762433819e-02
713.60000000,1.500342979310e+13,2.818901198578e-02,3.201731703577e-02,1.588246278954e-02,1.803943560734e-02,-7.618421412215e-03,-7.142221101489e-03
713.80000000,2.758563817239e+13,2.190949480042e-02,2.488498857188e-02,1.125418884809e-02,1.278260290788e-02,-3.601101401829e-03,-3.376009415744e-03
714.00000000,7.591914417715e+12,1.055379061862e-02,1.198708419919e-02,1.698725694416e-03,1.929427015509e-03,2.412772827837e-03,2.261959016398e-03
714.20000000,3.462000852260e+13,3.070015807790e-03,3.486949789956e-03,-7.156510239691e-03,-8.128424876724e-03,-4.586619424314e-03,-4.299926226752e-03
714.40000000,2.198593035577e+13,3.031047469084e-02,3.442689222918e-02,8.528202464091e-03,9.686404510176e-03,3.777063121804e-03,3.540972397110e-03
714.60000000,1.372124303100e+13,5.648902271437e-03,6.416070737773e-03,-3.636110798904e-02,-4.129925408115e-02,-4.986660230947e-02,-4.674961911443e-02
714.80000000,2.291378489668e+13,1.860335592412e-02,2.112984821364e-02,-2.644203670982e-02,-3.003308900354e-02,-4.563896413863e-02,-4.278623550522e-02
715.00000000,3.943762983054e+13,1.825954125252e-02,2.073934061629e-02,-1.471085358266e-02,-1.670871195795e-02,-4.362148090546e-02,-4.089485794283e-02
715.20000000,3.997568208642e+13,1.483940591138e-02,1.685472211395e-02,2.841021978718e-03,3.226856799430e-03,-2.241311124962e-02,-2.101214772137e-02
715.40000000,1.957320894047e+13,6.436095002896e-03,7.310170866721e-03,-1.221567813328e-02,-1.387467057253e-02,-8.940262216190e-03,-8.381438358206e-03
715.60000000,1.729108319685e+13,4.516486392754e-03,5.129863253012e-03,-6.343207056027e-04,-7.204668239896e-04,2.050202008915e-02,1.922051204323e-02
715.80000000,3.115540439597e+13,1.011489933927e-02,1.148858779065e-02,-8.617950878710e-03,-9.788341518801e-03,2.510353694812e-03,2.353440451921e-03
716.00000000,2.023266169630e+13,1.799214021081e-02,2.043562426282e-02,-8.801677849266e-03,-9.997020166351e-03,1.332676885102e-02,1.249376013117e-02
716.20000000,1.836201992986e+13,1.777582329551e-02,2.018992969003e-02,-3.112530490083e-02,-3.535238463691e-02,-7.356227603789e-03,-6.896416091514e-03
716.40000000,1.934664427364e+13,3.586767817281e-03,4.073881071020e-03,-3.577451761292e-02,-4.063299976921e-02,-1.181707553910e-02,-1.107843235580e-02
716.60000000,1.985633311978e+13,-1.583769982159e-02,-1.798859273823e-02,-2.890795836555e-02,-3.283390368264e-02,-1.372132238942e-02,-1.286365153717e-02
716.80000000,8.814088440144e+12,-1.142553661983e-03,-1.297722064346e-03,-7.433701083977e-03,-8.443260582792e-03,1.349360782330e-02,1.265017059522e-02
717.00000000,3.441128116280e+12,2.750624122063e-03,3.124182025492e-03,3.913893314212e-03,4.445433139136e-03,1.125967607113e-03,1.055587393764e-03
717.20000000,3.242077202565e+13,1.194812501765e-02,1.357078094352e-02,1.386227199558e-02,1.574488581206e-02,-9.012690424899e-03,-8.449339338290e-03
717.40000000,2.990461945674e+13,1.010095841446e-02,1.147275357093e-02,-1.314326326409e-02,-1.492822961178e-02,6.971098886152e-04,6.535360394403e-04
717.60000000,1.246465482824e+13,6.734297052240e-03,7.648871263861e-03,-1.863303713193e-02,-2.116356121620e-02,-4.358979951603e-03,-4.086515684390e-03
717.80000000,4.004092530959e+13,-7.550519836180e-03,-8.575943970715e-03,-4.127328838138e-02,-4.687855012948e-02,-1.431622729245e-04,-1.342137105958e-04
718.00000000,3.174063690191e+13,-7.603162490907e-03,-8.635735940964e-03,-2.700574337850e-02,-3.067335180697e-02,-3.262252140571e-03,-3.058340411493e-03
718.20000000,1.719788058963e+12,1.435122267138e-02,1.630023948169e-02,-5.963599306776e-03,-6.773506546692e-03,5.921990931409e-03,5.551828430667e-03
718.40000000,3.635758952848e+13,1.859892110114e-02,2.112481110438e-02,-8.468565786513e-03,-9.618668667236e-03,1.242709033862e-02,1.165031730909e-02
718.60000000,3.595373378066e+13,-1.176799471614e-02,-1.336618743119e-02,-2.611606458348e-02,-2.966284710460e-02,-2.038762980409e-02,-1.911327188631e-02
718.80000000,2.626624456525e+13,-3.051320446137e-02,-3.465715440859e-02,-1.912277472428e-02,-2.171980931694e-02,-6.993579532079e-02,-6.556435855448e-02
719.00000000,2.639885399511e+13,-2.540958887094e-02,-2.886042487193e-02,-2.474774887079e-03,-2.810870254172e-03,-2.310618236346e-02,-2.166189743541e-02
719.20000000,5.500224286552e+13,7.808861762501e-03,8.869370904686e-03,-1.423573066239e-02,-1.616906332541e-02,8.187983918289e-03,7.676182289693e-03
719.40000000,2.310092685586e+13,8.249607037506e-03,9.369973097093e-03,4.984132438294e-03,5.661019790851e-03,1.173581992410e-02,1.100225573906e-02
719.60000000,1.727456239272e+13,7.216318604597e-03,8.196355399441e-03,1.222703364697e-02,1.388756826104e-02,9.567348899895e-03,8.969328093164e-03
719.80000000,1.186989167221e+13,8.218683481667e-03,9.334849862137e-03,2.368456044006e-02,2.690112412717e-02,1.537444455913e-02,1.441344294473e-02
720.00000000,1.847284448470e+13,1.969459798282e-02,2.236929012717e-02,1.289966590551e-02,1.465154967100e-02,8.181355636745e-03,7.669968318353e-03
720.20000000,1.746958612140e+13,-6.991107501475e-03,-7.940558733269e-03,-8.379370194842e-03,-9.517359559591e-03,-5.687139078782e-03,-5.331656328495e-03
720.40000000,3.776884253037e+13,2.071849719725e-03,2.353224347146e-03,1.371632107750e-02,1.557911352452e-02,3.196841845701e-02,2.997018680521e-02
720.60000000,4.079628732616e+13,-1.112038025749e-02,-1.263062147910e-02,2.112663498210e-02,2.399581075110e-02,2.832767329684e-02,2.655701162085e-02
720.80000000,4.170682841706e+13,1.111305119410e-03,1.262229706723e-03,-7.733108883483e-03,-8.783330494562e-03,1.068975455314e-02,1.002157617807e-02
721.00000000,2.537891362456e+13,4.411280302753e-03,5.010369290635e-03,3.276700365134e-03,3.721703996706e-03,2.160784411197e-02,2.025721495621e-02
721.20000000,-1.469112906077e+13,3.294739624338e-03,3.742192991935e-03,-1.170032698277e-02,-1.328933037573e-02,3.546224646827e-03,3.324562810687e-03
721.40000000,2.904911740213e+13,5.629397881174e-03,6.393917487175e-03,4.157727769928e-03,4.722382376860e-03,2.421721925522e-02,2.270348737951e-02
721.60000000,2.168405255660e+13,2.581618029882e-02,2.932223483736e-02,2.609363893706e-02,2.963737586567e-02,5.350004477487e-02,5.015594806937e-02
721.80000000,3.105496797749e+12,1.289597037035e-04,1.464735167167e-04,2.581597995183e-02,2.932200844116e-02,4.896068704743e-02,4.590032937964e-02
722.00000000,2.768683532725e+13,3.819441458997e-02,4.338153751326e-02,1.604233482429e-02,1.822101961697e-02,4.190424746277e-02,3.928496262897e-02
722.20000000,2.553837328361e+13,1.896397580718e-02,2.153944331159e-02,2.224771686421e-02,2.526914503754e-02,3.718401548628e-02,3.485977549344e-02
722.40000000,1.903350929719e+13,-1.686287144590e-02,-1.915299129637e-02,-2.800143695101e-02,-3.180426899053e-02,-4.151571398170e-02,-3.892071498802e-02
722.60000000,3.396497062658e+13,-1.749791308240e-02,-1.987427693125e-02,-3.053122943603e-02,-3.467762869791e-02,-1.838598782998e-02,-1.723674540246e-02
722.80000000,2.854679796457e+13,-3.169208707983e-02,-3.599613920743e-02,-4.734748390251e-02,-5.377767279211e-02,-3.145955032159e-02,-2.949312619934e-02
723.00000000,1.534208730993e+13,-5.010701503219e-03,-5.691196934505e-03,-1.393419975488e-02,-1.582658196960e-02,-1.359955678100e-02,-1.274949706201e-02
723.20000000,4.400528778012e+13,1.752151227845e-03,1.990108109673e-03,-1.397040040924e-02,-1.586769897910e-02,-1.337272295476e-02,-1.253684180804e-02
723.40000000,2.080890394726e+13,3.787617457988e-03,4.302007783168e-03,1.787421351451e-02,2.030168293163e-02,4.266756446811e-03,4.000056741476e-03
723.60000000,2.674214271185e+13,2.677932050639e-02,3.041617759034e-02,-3.222796199298e-02,-3.660479189102e-02,-2.715325522321e-02,-2.545600222618e-02
723.80000000,1.357811512216e+13,1.006696998538e-02,1.143414922715e-02,1.085861535969e-02,1.233330719308e-02,-6.255766908627e-03,-5.864741263742e-03
724.00000000,1.648718693317e+13,-2.543097660827e-02,-2.888471724397e-02,-1.357153415965e-02,-1.541466331827e-02,-3.070348798262e-02,-2.878432261665e-02
724.20000000,1.248083373554e+13,-1.695701098263e-02,-1.925991577440e-02,-2.508188554364e-02,-2.848821780166e-02,-4.405943196134e-02,-4.130543424250e-02
724.40000000,2.547693640309e+13,-2.502636418962e-02,-2.842515505389e-02,-1.738101709295e-02,-1.974150626342e-02,-5.050136646604e-02,-4.734470643085e-02
724.60000000,3.830085413104e+13,5.048260435036e-03,5.733856685337e-03,2.245770678984e-03,2.550765337165e-03,-3.785728950494e-02,-3.549096555801e-02
724.80000000,1.231600048387e+13,6.770349836514e-03,7.689820319639e-03,-7.615560701190e-03,-8.649818274616e-03,-2.814353693553e-02,-2.638438496579e-02
725.00000000,2.172843904824e+13,6.750588397922e-02,7.667375111384e-02,1.687282897683e-02,1.916430190169e-02,1.765279703818e-02,1.654938374822e-02
725.20000000,2.348332637725e+13,6.090477949139e-02,6.917616108551e-02,2.025672436811e-02,2.300775891600e-02,2.733006613344e-02,2.562176131795e-02
725.40000000,1.392324196362e+13,2.706968433568e-02,3.074597527118e-02,1.748618936446e-02,1.986096181920e-02,1.214646562724e-02,1.138723344606e-02
725.60000000,2.742260001555e+13,1.567333710778e-03,1.780190818471e-03,-1.161207747746e-02,-1.318909584098e-02,-8.072062343016e-03,-7.567506558036e-03
725.80000000,3.456359014143e+13,1.877517997967e-03,2.132500742190e-03,6.615250161341e-04,7.513657100497e-04,-3.349239258861e-02,-3.139890275723e-02
726.00000000,1.125595871508e+13,-2.245229521953e-02,-2.550150585580e-02,-6.723276194104e-03,-7.636353982441e-03,-3.827289595967e-02,-3.588059393773e-02
726.20000000,4.504818472103e+13,-1.260818155292e-02,-1.432047871093e-02,-1.227741752716e-02,-1.394479469843e-02,-3.442650340077e-02,-3.227462563901e-02
726.40000000,2.466313048078e+13,-3.045329027488e-03,-3.458910337138e-03,-1.598075970773e-02,-1.815108207864e-02,-3.476009524204e-02,-3.258736584582e-02
726.60000000,1.059102491668e+13,1.143733911769e-02,1.299062601987e-02,1.621701348058e-03,1.841942111263e-03,-1.392685043297e-02,-1.305633275683e-02
726.80000000,2.461600291735e+13,3.726792715794e-02,4.232922529118e-02,-1.207335133697e-02,-1.371301459314e-02,2.771871666799e-02,2.598611869578e-02
727.00000000,2.165928186850e+13,2.210993912490e-02,2.511265492245e-02,-3.484977542883e-03,-3.958266977288e-03,-4.704241833715e-03,-4.410196479470e-03
727.20000000,2.004508044011e+13,-4.353125453430e-03,-4.944316523376e-03,2.706033799745e-02,3.073536083707e-02,6.825937848601e-03,6.399272854816e-03
727.40000000,3.166436341070e+13,-1.437594204290e-02,-1.632831595189e-02,8.970633059017e-03,1.018892092301e-02,1.651442309184e-02,1.548216549118e-02
727.60000000,4.996226732945e+13,-2.489489972439e-02,-2.827583660795e-02,-4.878541509723e-03,-5.541088720845e-03,-2.695593628944e-03,-2.527101699417e-03
727.80000000,2.932883199732e+13,-1.954417838800e-02,-2.219844228552e-02,-1.055869746918e-02,-1.199265791563e-02,-2.222263589427e-02,-2.083357830013e-02
728.00000000,1.806511243433e+13,2.295654341601e-03,2.607423520082e-03,-2.550484701017e-02,-2.896862101373e-02,-2.562326561805e-02,-2.402164680637e-02
728.20000000,3.414957467217e+13,5.431860844874e-03,6.169553258989e-03,-1.067434322904e-02,-1.212400934808e-02,1.744426731991e-03,1.635388847781e-03
728.40000000,2.425267775818e+13,8.965219507529e-03,1.018277176272e-02,-1.399263000400e-02,-1.589294754090e-02,-5.841219793415e-03,-5.476106008008e-03
728.60000000,5.549948130017e+12,-9.376294096416e-03,-1.064967374015e-02,-3.427115203363e-03,-3.892546442527e-03,1.010045800041e-02,9.469114447983e-03
728.80000000,3.134153260227e+13,-1.584941221541e-02,-1.800189577369e-02,2.398916059755e-02,2.724709156307e-02,1.733860756252e-02,1.625483313445e-02
729.00000000,2.327527988493e+13,-1.104066418194e-02,-1.254007928965e-02,3.666841249254e-03,4.164829313613e-03,1.289323354617e-02,1.208732356971e-02
729.20000000,2.645304258783e+13,-1.632646435735e-02,-1.854373561110e-02,-1.387342442218e-03,-1.575755283254e-03,-2.444908659528e-03,-2.292086152033e-03
729.40000000,2.116325904051e+13,-2.479503972109e-02,-2.816241477584e-02,-4.043367267881e-03,-4.592490751106e-03,-1.023544313060e-02,-9.595662139826e-03
729.60000000,3.866038604038e+13,-2.619156362047e-02,-2.974859837309e-02,-4.118489679437e-02,-4.677815421712e-02,-1.863475171403e-02,-1.746995994466e-02
729.80000000,3.230144606889e+13,-1.224218501907e-02,-1.390477676777e-02,-2.951222463482e-02,-3.352023442357e-02,3.867955942404e-03,3.626183832149e-03
730.00000000,3.453267644108e+13,-2.032257643640e-02,-2.308255333944e-02,-1.264772075874e-02,-1.436538824175e-02,9.421236212838e-03,8.832348388284e-03
730.20000000,3.669681012162e+13,4.442839617087e-03,5.046214625441e-03,2.276535794294e-03,2.585708615418e-03,1.477393283792e-02,1.385046706628e-02
730.40000000,1.188067817849e+13,1.169663243696e-02,1.328513355395e-02,2.314904483001e-02,2.629288096663e-02,3.040015959570e-03,2.849995420376e-03
730.60000000,3.713072520514e+13,1.251184482160e-02,1.421105864078e-02,1.162226094358e-02,1.320066230795e-02,1.603188793992e-02,1.502979188807e-02
730.80000000,-4.652979037070e+10,1.082684737517e-02,1.229722436117e-02,-3.612471016210e-03,-4.103075142931e-03,-1.382583730344e-02,-1.296163359722e-02
731.00000000,3.332617421622e+13,7.960132984116e-03,9.041186031208e-03,-1.933983617433e-03,-2.196634954832e-03,-1.627754038275e-02,-1.526008947413e-02
731.20000000,4.301020450003e+13,1.638071114262e-02,1.860534956632e-02,-4.620636167379e-03,-5.248157651045e-03,1.458148284878e-02,1.367004643857e-02
731.40000000,2.777714054458e+13,2.321708887540e-02,2.637016492619e-02,1.555427480871e-02,1.766667692213e-02,6.561611980259e-02,6.151469052375e-02
731.60000000,2.049108817785e+13,4.395537129772e-02,4.992488062278e-02,6.776800351502e-02,7.697147173246e-02,7.194841520594e-02,6.745117675936e-02
731.80000000,1.705999138164e+13,9.767423797034e-03,1.109392214563e-02,1.045629981936e-02,1.187635379865e-02,3.141578750604e-02,2.945209884108e-02
732.00000000,2.050280037902e+13,2.114562555616e-02,2.401737945596e-02,-3.546996607508e-03,-4.028708755592e-03,1.225753622493e-02,1.149136141742e-02
732.20000000,3.588055946062e+13,2.089137433148e-02,2.372859877534e-02,-1.737963479817e-02,-1.973993624131e-02,6.015684138798e-03,5.639665210320e-03
732.40000000,3.171039002246e+13,1.942228295826e-02,2.205999243062e-02,-1.800035356998e-02,-2.044495387383e-02,6.701154241406e-03,6.282289025200e-03
732.60000000,2.486486486105e+13,-7.702894683638e-03,-8.749012604756e-03,-4.662792274151e-03,-5.296038913771e-03,-4.011803030480e-03,-3.761039552547e-03
732.80000000,3.648408806859e+13,-1.676896866078e-02,-1.904633572280e-02,1.303136962252e-02,1.480113986703e-02,1.107178525752e-02,1.037972750767e-02
733.00000000,4.271598461783e+13,-1.843673004472e-02,-2.094059313758e-02,8.932003314781e-04,1.014504493268e-03,2.024632112574e-02,1.898079590870e-02
733.20000000,3.115585921650e+13,1.009062245528e-02,1.146101390151e-02,7.218863362186e-03,8.199246080783e-03,1.002670938916e-02,9.399975599001e-03
733.40000000,2.048414233516e+13,2.850591695389e-02,3.237726036544e-02,1.649118488473e-03,1.873082731305e-03,4.192059028923e-02,3.930028392373e-02
733.60000000,2.307802245247e+13,8.815838888616e-03,1.001310399866e-02,-1.617515335880e-03,-1.837187603215e-03,4.815009632784e-02,4.514040579064e-02
733.80000000,4.085894243094e+13,4.383666459415e-03,4.979005254991e-03,-7.189118974624e-03,-8.165462153741e-03,1.769584447818e-02,1.658974044650e-02
734.00000000,1.355391702036e+13,-3.293080160444e-03,-3.740308158879e-03,3.787171143433e-03,4.301501025454e-03,1.492046233277e-02,1.398783752579e-02
734.20000000,2.894293486614e+13,-6.344895495214e-04,-7.206585698409e-04,1.797041815811e-02,2.041095297976e-02,6.205346306997e-03,5.817472273826e-03
734.40000000,2.284154201017e+13,1.163534217575e-02,1.321551955949e-02,2.682895681755e-02,3.047255613538e-02,9.085248505489e-03,8.517362072428e-03
734.60000000,1.868138224840e+13,2.954638749312e-02,3.355903555989e-02,2.000371747000e-02,2.272039154061e-02,1.967361273909e-02,1.844388547768e-02
734.80000000,2.776784299999e+13,3.440259949436e-02,3.907476201796e-02,1.017794419757e-02,1.156019512844e-02,1.548096821912e-02,1.451330819122e-02
735.00000000,3.120750173472e+13,2.890113150975e-02,3.282614838388e-02,1.720951350693e-02,1.954671103944e-02,2.022549855992e-02,1.896127488711e-02
735.20000000,2.099494569772e+13,-4.720495742624e-03,-5.361578789418e-03,5.564140277236e-03,6.319797601383e-03,9.653890558021e-03,9.050460341353e-03
735.40000000,1.838652029688e+13,-6.916872827471e-03,-7.856242365819e-03,-4.400851553197e-03,-4.998524426805e-03,6.789911091806e-03,6.365498001907e-03
735.60000000,2.102085590554e+13,4.625961490633e-03,5.254205990462e-03,-7.857624880339e-03,-8.924756817238e-03,7.895143335342e-03,7.401646125608e-03
735.80000000,2.390811723324e+13,-9.462684475643e-03,-1.074779665988e-02,-9.904658849592e-03,-1.124979531811e-02,-2.411861019758e-02,-2.261104202184e-02
736.00000000,3.349604371345e+13,-1.803911657299e-02,-2.048898041031e-02,-1.599364303128e-02,-1.816571506653e-02,-3.938996835556e-02,-3.692784212816e-02
736.20000000,3.368760318048e+13,-2.088407552699e-02,-2.372030873179e-02,-2.400106916233e-02,-2.726061741169e-02,-6.545746238710e-02,-6.136595021660e-02
736.40000000,2.714761938517e+13,-6.733010417916e-02,-7.647409893767e-02,-7.855212386680e-02,-8.922016686529e-02,-8.728061342981e-02,-8.182501403635e-02
736.60000000,3.331778753463e+13,-1.620977083208e-01,-1.841119412308e-01,-2.618477777587e-01,-2.974089212986e-01,-1.172091435173e-01,-1.098828186078e-01
736.80000000,2.004946166986e+13,-6.858212962494e-02,-7.789615997531e-02,-1.197065972142e-01,-1.359637658740e-01,-1.084836573951e-01,-1.017027314572e-01
737.00000000,2.337216576424e+13,-3.366868055308e-02,-3.824117070822e-02,-6.032322626933e-02,-6.851563075149e-02,-1.636672453629e-02,-1.534369904478e-02
737.20000000,1.450861063043e+13,-1.531520905735e-02,-1.739514333123e-02,-3.207221607240e-02,-3.642789435676e-02,-1.083371202494e-02,-1.015653538250e-02
737.40000000,2.707728113084e+13,-2.022618001305e-02,-2.297306547058e-02,-2.404530182781e-02,-2.731085724737e-02,-2.872195728349e-02,-2.692665032382e-02
737.60000000,1.861390671378e+13,-2.057784433126e-02,-2.337248876261e-02,-6.547403073884e-03,-7.436595804549e-03,-2.182471932412e-02,-2.046053407349e-02
737.80000000,2.178753968494e+13,-3.991016203468e-02,-4.533029789969e-02,-5.737063657734e-02,-6.516205439942e-02,1.247230322248e-02,1.169270409707e-02
738.00000000,1.178946067859e+13,-2.244990742016e-02,-2.549879377318e-02,-8.231724537527e-02,-9.349662372881e-02,-1.247209027871e-01,-1.169250446365e-01
738.20000000,2.936543153907e+13,-1.184906828636e-01,-1.345827147451e-01,-1.197381134140e-01,-1.359995622404e-01,-1.958214583151e-01,-1.835813583979e-01
738.40000000,3.038414808078e+13,-6.813449652128e-02,-7.738773452915e-02,-3.118294849096e-02,-3.541785671426e-02,-5.987102719197e-02,-5.612870313169e-02
738.60000000,3.754410028616e+13,-1.974339934068e-02,-2.242471912010e-02,1.783376192257e-03,2.025573767129e-03,-6.850811269728e-03,-6.422591527231e-03
738.80000000,2.949272122870e+13,-1.203700047259e-02,-1.367172643316e-02,-8.079522199330e-03,-9.176789669474e-03,-2.954650689369e-03,-2.769966028304e-03
739.00000000,2.653086929402e+13,-1.313950955913e-02,-1.492396553172e-02,-8.529094825158e-03,-9.687418061425e-03,-1.359170705359e-03,-1.274213799301e-03
739.20000000,2.584554847277e+13,-9.803302950668e-03,-1.113467399026e-02,-2.882341694970e-03,-3.273788082726e-03,-1.209577034418e-02,-1.133970694408e-02
739.40000000,4.060643521509e+13,9.537344212467e-03,1.083259581726e-02,1.135645666825e-02,1.289875956325e-02,-1.656138275353e-02,-1.552618987215e-02
739.60000000,2.870089913954e+13,3.652204574966e-02,4.148204691075e-02,1.770904443694e-02,2.011408249595e-02,-4.280503467543e-03,-4.012944485043e-03
739.80000000,2.878779961590e+13,1.847303932453e-02,2.098183352316e-02,2.731687953427e-02,3.102674288501e-02,-8.788271824573e-03,-8.238948343085e-03
740.00000000,2.856883405236e+13,-1.624950681411e-02,-1.845632658586e-02,4.863087445897e-03,5.523535864405e-03,-2.061758849137e-02,-1.932885667742e-02
740.20000000,1.468959248075e+13,-1.044554184434e-02,-1.186413433040e-02,9.966343363713e-03,1.131985711112e-02,-2.260456343531e-02,-2.119163291476e-02
740.40000000,1.549453351241e+13,-1.826940547902e-02,-2.075054448776e-02,-6.356289301858e-03,-7.219527165395e-03,-1.099404779685e-02,-1.030684913800e-02
740.60000000,2.801461274920e+13,-1.116241956741e-02,-1.267837008109e-02,-1.353039271258e-02,-1.536793451462e-02,-2.492316358492e-02,-2.336530565068e-02
740.80000000,3.479904782516e+13,1.987850082676e-02,2.257816852493e-02,1.936495890173e-02,2.199488415465e-02,-3.241065679717e-04,-3.038478240630e-04
741.00000000,3.015109733509e+13,2.878638133290e-02,3.269581416734e-02,2.963374812172e-04,3.365826182818e-04,1.565082659057e-03,1.467254932258e-03
741.20000000,2.636206397147e+13,1.171079733723e-02,1.330122216689e-02,2.114184013024e-02,2.401308088701e-02,-1.840473784932e-02,-1.725432342506e-02
741.40000000,2.090317064117e+13,-3.930514996029e-03,-4.464312009417e-03,-1.571714339426e-02,-1.785166443951e-02,-5.031173638833e-02,-4.716692945197e-02
741.60000000,3.452252953371e+13,-1.235261554738e-02,-1.403020469114e-02,-1.056676567896e-02,-1.200182185656e-02,-4.358549299984e-02,-4.086111951265e-02
741.80000000,2.306355747981e+13,-9.584678662980e-03,-1.088635868449e-02,-1.970314716174e-02,-2.237900124155e-02,-3.897845116164e-02,-3.654204740416e-02
742.00000000,1.440040899981e+13,9.889502816500e-03,1.123258052328e-02,-1.224305652445e-03,-1.390576718084e-03,-3.716659145751e-03,-3.484344057847e-03
742.20000000,2.457897286717e+13,-4.951448599570e-03,-5.623896987902e-03,-5.422053778738e-03,-6.158414554288e-03,-3.105124786653e-02,-2.911034527235e-02
742.40000000,4.328264133503e+13,6.787554725087e-03,7.709361776866e-03,4.334852597735e-03,4.923562254819e-03,-1.009148467685e-02,-9.460702014829e-03
742.60000000,1.980975299737e+13,3.520713749257e-03,3.998856304685e-03,-1.712768011022e-02,-1.945376397512e-02,-1.593520245145e-02,-1.493914986414e-02
742.80000000,2.479754528514e+13,-5.203509315410e-04,-5.910189670145e-04,-1.158035811074e-02,-1.315306871591e-02,-3.761125236108e-02,-3.526030731722e-02
743.00000000,2.492092093092e+13,7.432174621341e-03,8.441526479778e-03,-3.107787536051e-02,-3.529851376374e-02,-5.503617507370e-02,-5.159606035003e-02
743.20000000,3.297112813051e+13,-7.113889869195e-03,-8.080015979789e-03,-1.183865280701e-02,-1.344644201719e-02,-2.191718014298e-02,-2.054721549681e-02
743.40000000,3.767406833155e+13,-6.150954622520e-03,-6.986306023114e-03,-3.052552941435e-02,-3.467115456506e-02,-2.805678476161e-02,-2.630305536040e-02
743.60000000,3.353537897689e+13,-1.074927630136e-02,-1.220911848274e-02,-9.972708501080e-03,-1.132708668799e-02,-2.196125094110e-02,-2.058853158676e-02
743.80000000,2.857626600375e+13,-1.297943555487e-02,-1.474215213060e-02,-1.513564665570e-02,-1.719119552421e-02,-1.242643202966e-02,-1.164970014866e-02
744.00000000,1.860534428641e+13,-2.458040458292e-02,-2.791863037967e-02,-1.099214353638e-02,-1.248496962585e-02,-1.057416211014e-02,-9.913209005810e-03
744.20000000,2.186166742216e+13,-2.764691525316e-02,-3.140159900490e-02,-2.919153008711e-02,-3.315598684310e-02,-1.354432552062e-03,-1.269771811043e-03
744.40000000,2.274939094377e+13,-1.442416854307e-02,-1.638309201663e-02,1.856311340930e-02,2.108414126047e-02,-1.204213496656e-02,-1.128942412233e-02
744.60000000,1.161186716953e+13,-2.848149129922e-03,-3.234951750131e-03,-1.467182046605e-03,-1.666437781387e-03,2.674475706266e-03,2.507303782656e-03
744.80000000,3.474813903525e+13,-1.549271110300e-02,-1.759675164843e-02,-3.055239998587e-02,-3.470167438753e-02,-9.575378825699e-03,-8.976856096987e-03
745.00000000,4.189691951522e+13,-8.717396079475e-03,-9.901291827601e-03,-4.186787391473e-02,-4.755388540864e-02,-7.145323365792e-03,-6.698694724119e-03
745.20000000,1.852459755733e+13,3.751813856197e-04,4.261341750956e-04,-7.482409661662e-03,-8.498584197418e-03,4.992789844740e-03,4.680708384972e-03
745.40000000,2.101438283665e+13,-3.160504803851e-02,-3.589727953184e-02,-2.309533845778e-02,-2.623188081468e-02,2.033790620184e-03,1.906665632883e-03
745.60000000,4.135866247047e+13,-4.028517486709e-02,-4.575624063063e-02,-2.510730654675e-02,-2.851709119206e-02,-5.268806943644e-03,-4.939472640910e-03
745.80000000,2.430917668936e+13,-1.854808815179e-02,-2.106707461272e-02,-9.542016008070e-04,-1.083790251063e-03,2.730089646838e-02,2.559441494447e-02
746.00000000,3.921844015277e+13,-1.005969121091e-02,-1.142588193386e-02,4.314180457753e-03,4.900082663334e-03,2.728031400039e-02,2.557511901304e-02
746.20000000,2.349422895226e+13,8.117523867154e-03,9.219951920672e-03,4.924748945278e-03,5.593571517079e-03,2.084910089163e-02,1.954589806446e-02
746.40000000,4.145832277469e+13,1.406905135439e-02,1.597974692527e-02,-1.446985014708e-02,-1.643497821685e-02,-3.531261701263e-03,-3.310535145404e-03
746.60000000,2.082553695712e+13,9.821983340974e-03,1.115589133478e-02,-8.637833285967e-03,-9.810924125176e-03,1.676900911324e-03,1.572083824972e-03
746.80000000,2.025841004091e+13,-8.382410056213e-03,-9.520811883332e-03,-1.155083664674e-02,-1.311953798733e-02,2.211798771216e-03,2.073547130211e-03
747.00000000,4.068914688342e+13,-2.659583213355e-02,-3.020776995233e-02,-2.163868935275e-02,-2.457740643745e-02,8.451580485027e-03,7.923302376567e-03
747.20000000,3.129399051241e+13,-1.504102965697e-02,-1.708372806095e-02,-1.421675352947e-02,-1.614750893728e-02,1.217638151783e-02,1.141527940119e-02
747.40000000,1.200930585714e+13,5.706231095397e-05,6.481185298520e-05,1.227228032417e-02,1.393895981981e-02,3.465591484665e-02,3.248969739483e-02
747.60000000,2.716711316219e+13,2.940175304840e-02,3.339475854042e-02,2.091714971256e-02,2.375787560965e-02,3.945768979712e-02,3.699133054430e-02
747.80000000,1.956317109686e+13,2.898346438072e-02,3.291966275159e-02,1.522805150952e-02,1.729614973895e-02,-1.865880498213e-03,-1.749250972888e-03
748.00000000,2.374606795012e+13,1.225514302187e-02,1.391949457640e-02,1.101680277166e-02,1.251297779391e-02,-1.607068641867e-02,-1.506616521250e-02
748.20000000,2.307531602717e+13,-9.158358479057e-03,-1.040214063193e-02,8.824967490555e-03,1.002347273797e-02,-8.739673447812e-03,-8.193387677269e-03
748.40000000,4.100280982008e+13,-1.533140899450e-02,-1.741354335617e-02,-8.988206462343e-04,-1.020888094317e-03,-1.070997771675e-02,-1.004053526396e-02
748.60000000,2.055915602758e+13,-1.439405673633e-02,-1.634889077313e-02,-5.201987850327e-03,-5.908461810968e-03,1.922837398741e-02,1.802647701006e-02
748.80000000,9.293270260765e+12,-5.572027248445e-03,-6.328755439723e-03,-1.723633863698e-03,-1.957717924910e-03,2.288749683065e-02,2.145688115415e-02
749.00000000,1.218668129933e+13,-1.722765343960e-02,-1.956731375461e-02,-5.694889058546e-03,-6.468303173373e-03,-1.263714933343e-02,-1.184724626642e-02
749.20000000,1.721114149737e+13,-3.993313074759e-02,-4.535638595710e-02,-1.986928650859e-02,-2.256770371731e-02,-3.161697594096e-02,-2.964071170555e-02
749.40000000,1.602136633119e+13,-3.668011263690e-02,-4.166158061148e-02,-2.542153410317e-02,-2.887399350911e-02,-3.738934564347e-02,-3.505227119591e-02
749.60000000,2.758784196901e+13,-4.091415748607e-02,-4.647064438242e-02,3.298842096353e-04,3.746852762356e-04,-1.165678803231e-02,-1.092816384855e-02
749.80000000,4.794223732989e+13,-2.189340840201e-02,-2.486671750519e-02,1.265933438718e-02,1.437857909918e-02,-2.953371691274e-03,-2.768766975811e-03
750.00000000,6.553354049260e+12,-1.464637905857e-02,-1.663548059013e-02,7.336163993586e-03,8.332477130330e-03,1.812211264844e-03,1.698936411600e-03
750.20000000,3.116248323055e+13,1.067805653389e+00,1.212822647151e+00,1.102329790777e+00,1.252035502446e+00,2.056426663384e+00,1.927886777875e+00
750.40000000,4.737813724957e+13,5.546448670022e+00,6.299703075096e+00,5.677849259128e+00,6.448949225032e+00,1.059278395163e+01,9.930666862500e+00
750.60000000,5.065227063008e+13,2.752276181558e-01,3.126058448569e-01,2.695851984758e-01,3.061971492103e-01,5.253065296179e-01,4.924714947603e-01
750.80000000,2.865843260845e+13,-1.396452456863e-02,-1.586102452236e-02,-1.312281600417e-02,-1.490500544097e-02,-2.530803913142e-02,-2.372612400148e-02
751.00000000,4.917799635696e+13,-4.253771059035e-02,-4.831468966114e-02,-1.957276789857e-02,-2.223091537139e-02,1.538070907428e-02,1.441931588741e-02
751.20000000,1.516298723156e+13,-3.838025215322e-02,-4.359261338151e-02,1.263946861521e-02,1.435601538731e-02,1.213973756452e-02,1.138092593051e-02
751.40000000,2.929585828466e+13,-2.448343321111e-02,-2.780848947951e-02,1.784287312333e-02,2.026608625018e-02,-7.718083742989e-03,-7.235653895944e-03
751.60000000,2.492329164201e+13,-2.908353985411e-02,-3.303332931645e-02,2.153776578205e-02,2.446277659199e-02,7.083413479885e-03,6.640654604049e-03
751.80000000,3.779639754532e+13,-1.651697971838e-02,-1.876012456143e-02,1.802358763022e-02,2.047134331601e-02,1.246137036353e-03,1.168245461208e-03
752.00000000,3.873843084192e+13,-3.463973008320e-04,-3.934409693626e-04,8.208933197161e-03,9.323775775671e-03,1.250145287074e-04,1.172003170496e-04
752.20000000,2.311762165382e+13,1.270055715717e-02,1.442539969962e-02,8.228319033547e-03,9.345794372649e-03,5.463964521888e-03,5.122431616010e-03
752.40000000,1.180808785522e+13,3.620674760399e-03,4.112392862354e-03,1.876345649661e-02,2.131169263401e-02,8.665231267153e-03,8.123598611429e-03
752.60000000,3.107145814187e+13,2.738618705677e-03,3.110546172530e-03,2.505404831198e-02,2.845660003843e-02,5.452624228190e-03,5.111800163565e-03
752.80000000,4.003659332855e+13,1.294717157047e-02,1.470550642561e-02,3.912766067818e-02,4.444152803145e-02,2.829663297034e-02,2.652791151430e-02
753.00000000,3.386050305308e+13,1.495278840648e-03,1.698350290605e-03,2.600574165867e-02,2.953754139324e-02,1.456448719783e-02,1.365411312505e-02
753.20000000,1.389581532693e+13,6.926459816087e-03,7.867131348169e-03,2.683311017590e-02,3.047727355493e-02,3.195305073947e-03,2.995577966880e-03
753.40000000,2.630822116595e+13,3.928462567573e-02,4.461980843905e-02,4.301423172433e-02,4.885592830736e-02,3.836558144205e-02,3.596748598168e-02
753.60000000,1.765762622663e+13,2.570172929817e-02,2.919224042766e-02,4.888140521200e-02,5.551991359292e-02,2.881668788537e-02,2.701545965413e-02
753.80000000,2.542012218290e+13,1.846595040781e-02,2.097378187188e-02,3.080632086296e-02,3.499007986799e-02,3.212028719339e-02,3.011256276933e-02
754.00000000,3.160326395847e+13,2.065382215332e-02,2.345878501229e-02,5.568325550254e-02,6.324551269885e-02,3.680207629095e-02,3.450170995299e-02
754.20000000,2.673499368768e+13,1.377027565381e-02,1.564039497023e-02,4.817219674158e-02,5.471438861207e-02,3.019927619604e-02,2.831162730788e-02
754.40000000,2.864491068957e+13,4.578224190086e-03,5.199985562771e-03,1.328811276594e-02,1.509275090146e-02,1.057555449482e-02,9.914514357494e-03
754.60000000,1.434459843495e+13,9.749398457173e-03,1.107344881292e-02,1.940320861314e-02,2.203832850047e-02,1.737883289200e-02,1.629254412226e-02
754.80000000,1.484889810067e+13,2.496319798416e-03,2.835341034617e-03,1.643759266445e-02,1.866995681584e-02,1.217403135427e-03,1.141307613796e-03
755.00000000,1.779548729000e+13,1.872213775897e-02,2.126476162126e-02,2.043208356592e-02,2.320693337647e-02,2.017675026277e-02,1.891557367189e-02
755.20000000,2.411438751911e+13,2.036159037139e-02,2.312686569513e-02,1.444928839684e-02,1.641162400697e-02,1.134235044912e-02,1.063338063556e-02
755.40000000,2.798979973334e+13,9.053857649269e-04,1.028344771004e-03,5.230148113682e-03,5.940446476333e-03,-7.206529751970e-03,-6.756075317716e-03
755.60000000,1.392474256841e+13,-2.268870943847e-02,-2.577002711520e-02,-3.382327591546e-03,-3.841676294106e-03,-1.386088410556e-02,-1.299448974892e-02
755.80000000,2.508775033350e+13,-4.184300027177e-03,-4.752563183501e-03,1.743223715214e-02,1.979968243999e-02,7.520094599650e-03,7.050040346771e-03
756.00000000,2.358661634893e+13,-3.012522017896e-02,-3.421647859559e-02,-1.091359236311e-02,-1.239575053868e-02,-1.368709793763e-02,-1.283156633362e-02
756.20000000,3.613915999405e+13,-1.858510379041e-02,-2.110911728657e-02,-1.742856841690e-02,-1.979551545946e-02,-1.269960499109e-02,-1.190579804400e-02
756.40000000,2.066696754751e+13,-1.704436120381e-02,-1.935912889072e-02,-2.875644926254e-02,-3.266181836163e-02,-1.263507239539e-02,-1.184529915036e-02
756.60000000,2.212301481091e+13,-5.247603094484e-04,-5.960271755484e-04,-9.711970785451e-03,-1.103093858465e-02,-8.975342584633e-03,-8.414325978119e-03
756.80000000,4.346218610338e+13,1.146967503627e-02,1.302735342830e-02,-4.179439802090e-03,-4.747043086679e-03,-8.299027756761e-03,-7.780285174451e-03
757.00000000,2.686823473633e+13,2.006301841705e-02,2.278774515677e-02,5.396762135515e-03,6.129688091941e-03,-1.178143510995e-02,-1.104501968258e-02
757.20000000,3.050393171808e+13,1.788633150790e-02,2.031544584764e-02,-1.849197882680e-03,-2.100334599983e-03,-3.095204294918e-02,-2.901734130005e-02
757.40000000,2.828267172583e+13,-2.090848190550e-02,-2.374802970189e-02,-4.155503656298e-02,-4.719856209782e-02,-3.544548940327e-02,-3.322991846615e-02
757.60000000,2.948130657339e+13,-2.539985223105e-02,-2.884936591441e-02,-2.149298358490e-02,-2.441191259360e-02,-1.985187819633e-02,-1.861100819793e-02
757.80000000,3.698912366136e+13,-3.086795091480e-02,-3.506007841574e-02,-6.128489681167e-03,-6.960790428953e-03,-1.547639223190e-02,-1.450901823262e-02
758.00000000,2.997418863590e+13,-2.282406598549e-02,-2.592376622038e-02,4.454888015900e-03,5.059899498311e-03,-2.155640313793e-02,-2.020898937372e-02
758.20000000,2.054058702666e+13,-9.401798909050e-03,-1.067864232097e-02,2.432528781590e-02,2.762886770142e-02,-2.261543548682e-03,-2.120182539316e-03
758.40000000,3.709812047355e+13,2.481779924784e-02,2.818826523786e-02,4.018434936655e-02,4.564172398364e-02,8.999895812780e-03,8.437344471676e-03
758.60000000,2.675510926283e+13,1.328307271263e-02,1.508702576961e-02,3.186751839037e-02,3.619539699771e-02,2.425958559809e-02,2.274320555361e-02
758.80000000,3.972554454192e+13,2.039302604024e-02,2.316257059235e-02,4.565049130567e-02,5.185021424349e-02,5.225504362531e-02,4.898876749474e-02
759.00000000,3.668849393383e+13,-3.109086505464e-02,-3.531326617169e-02,2.248582153705e-03,2.553958633940e-03,2.453135210005e-02,2.299798490225e-02
759.20000000,1.709282393195e+13,-1.702407080857e-02,-1.933608288905e-02,-1.396292826275e-02,-1.585921205190e-02,-1.394178125517e-02,-1.307033030667e-02
759.40000000,5.144470257009e+13,-1.541633075266e-02,-1.750999820375e-02,-3.579249477787e-03,-4.065341838525e-03,-6.365361412571e-03,-5.967485406698e-03
759.60000000,2.606924930464e+13,1.006838709919e-03,1.143575879695e-03,7.976259204379e-03,9.059502686169e-03,-8.062404726869e-03,-7.558452604980e-03
759.80000000,4.059730733781e+13,-3.617824673702e-03,-4.109155709898e-03,1.793982730329e-02,2.037620762805e-02,-1.370586061502e-04,-1.284915622303e-04
760.00000000,3.072843580008e+13,1.176528368158e-02,1.336310821532e-02,2.361817371466e-02,2.682572152280e-02,2.600059037812e-03,2.437538634343e-03
760.20000000,3.389618136614e+13,2.290839446828e-02,2.601954722079e-02,2.727783618808e-02,3.098239712209e-02,2.450842572685e-02,2.297649157474e-02
760.40000000,4.038214647045e+13,5.874357821039e-02,6.672145048314e-02,4.933174638789e-02,5.603141491053e-02,7.959067756153e-02,7.461574859200e-02
760.60000000,1.578672273948e+13,2.242819622851e-02,2.547413401899e-02,-6.912352503567e-03,-7.851108454378e-03,5.575575392064e-02,5.227066089347e-02
760.80000000,2.509729933786e+13,2.815865920539e-02,3.198284209237e-02,9.212361691200e-03,1.046347834854e-02,2.996571893390e-02,2.809266887598e-02
761.00000000,2.237317634483e+13,2.966915525207e-02,3.369847621365e-02,9.376555717599e-03,1.064997131286e-02,1.452455401133e-02,1.361667601940e-02
761.20000000,2.798099552884e+13,1.140292777809e-02,1.295154133077e-02,-3.701418481445e-03,-4.204102426470e-03,-7.054124624194e-03,-6.613196490111e-03
761.40000000,3.234379845966e+13,2.501610864532e-03,2.841350672038e-03,5.858402571840e-03,6.654023205153e-03,6.132946440174e-04,5.749597864080e-04
761.60000000,4.590640473314e+13,1.404501231983e-02,1.595244318752e-02,2.705831055789e-02,3.073305805406e-02,6.400928922247e-03,6.000829718386e-03
761.80000000,4.577469691322e+13,2.744057438810e-02,3.116723531391e-02,3.152193499427e-02,3.580288045267e-02,1.036046528492e-02,9.712869605847e-03
762.00000000,1.623605733739e+13,3.443251072863e-02,3.910873544955e-02,1.250288135546e-02,1.420087842211e-02,5.162548057487e-02,4.839855618188e-02
762.20000000,3.080825116424e+13,-2.801030590351e-02,-3.181434116365e-02,3.123530059915e-02,3.547731868167e-02,-1.258164201563e-03,-1.179520851279e-03
762.40000000,2.979845012287e+13,-1.568206079006e-02,-1.781181661645e-02,1.968211137063e-02,2.235510861204e-02,-2.798358191895e-02,-2.623442816596e-02
762.60000000,3.006202482124e+13,1.554405148370e-02,1.765506448488e-02,1.321370464408e-02,1.500823752713e-02,2.003684823717e-02,1.878441642220e-02
762.80000000,2.352719168882e+13,-6.885223407048e-03,-7.820294687759e-03,-3.133109750150e-03,-3.558612561382e-03,-2.356236281188e-02,-2.208956367341e-02
763.00000000,2.588984251524e+13,8.593817113386e-03,9.760929797949e-03,-3.683008021260e-04,-4.183191670029e-04,-3.082211621748e-03,-2.889553582426e-03
763.20000000,3.447170408802e+13,-6.353917090558e-03,-7.216832502325e-03,4.128358261290e-03,4.689024240474e-03,-3.210705763304e-02,-3.010016014154e-02
763.40000000,6.990912136392e+12,-2.067717959755e-02,-2.348531459401e-02,1.982141868681e-02,2.251333504034e-02,-6.163452904649e-02,-5.778197478422e-02
763.60000000,5.047321229236e+13,-7.694057758201e-02,-8.738975550478e-02,2.332732260238e-02,2.649537036878e-02,-2.637172824841e-02,-2.472332571109e-02
763.80000000,3.418882117360e+13,-3.503955621492e-02,-3.979822282142e-02,-5.602704809669e-03,-6.363599523589e-03,-2.263811576876e-02,-2.122308801169e-02
764.00000000,2.303039357349e+13,-9.810131355281e-03,-1.114242974969e-02,-1.508887982711e-02,-1.713807736463e-02,-1.980833806926e-02,-1.857018960869e-02
764.20000000,3.511533345938e+13,5.385928163161e-03,6.117382532557e-03,-2.230904578103e-02,-2.533880294012e-02,-1.469272261413e-02,-1.377433300351e-02
764.40000000,4.021829384487e+13,8.192829639435e-04,9.305484850562e-04,-2.300077636696e-02,-2.612447639190e-02,-1.940129872304e-02,-1.818859283812e-02
764.60000000,4.112336496989e+13,2.487031376491e-02,2.824791166828e-02,-1.023470705685e-02,-1.162466686423e-02,3.735308612129e-03,3.501827812695e-03
764.80000000,2.081746983811e+13,3.022114637236e-04,3.432543237336e-04,-5.018129794365e-03,-5.699634275505e-03,7.253251827845e-03,6.799876963513e-03
765.00000000,1.987504204171e+13,1.787991567767e-02,2.030815869367e-02,2.180470007621e-02,2.476596282165e-02,1.265911880869e-02,1.186784250825e-02
765.20000000,2.544360681246e+13,1.637181936273e-02,1.859525020789e-02,3.128046790372e-02,3.552862008833e-02,4.590273404793e-02,4.303351809963e-02
765.40000000,2.605754459216e+13,-7.775501723961e-03,-8.831480292173e-03,9.831246675529e-03,1.116641314972e-02,1.067488257456e-03,1.000763379376e-03
765.60000000,2.879895304286e+13,-4.020740220411e-03,-4.566790578553e-03,-4.746641751546e-03,-5.391275859591e-03,-3.776099427251e-05,-3.540068939630e-05
765.80000000,2.049744609440e+13,9.250978527482e-03,1.050733926237e-02,-8.730504118653e-03,-9.916180440967e-03,-4.609973102999e-03,-4.321820150398e-03
766.00000000,3.192695851743e+13,2.315567581616e-02,2.630041145669e-02,4.606562601510e-03,5.232172775864e-03,1.919893019336e-02,1.799887364240e-02
766.20000000,2.256248488233e+13,2.120398810428e-02,2.408366812927e-02,-1.519026368822e-03,-1.725323001182e-03,1.101230260708e-02,1.032396290525e-02
766.40000000,4.479841271880e+13,4.760105112250e-03,5.406567444769e-03,-8.399548767444e-03,-9.540278553070e-03,1.106147928423e-02,1.037006572396e-02
766.60000000,3.122402399277e+13,1.702644652538e-02,1.933878124819e-02,-7.964843014945e-03,-9.046536081624e-03,1.739623459159e-02,1.630885810377e-02
766.80000000,2.753001009634e+13,1.118055994716e-02,1.269897407707e-02,1.639835704589e-02,1.862539266834e-02,2.380945550779e-02,2.232121148747e-02
767.00000000,1.965295736833e+13,1.186957377915e-02,1.348156178579e-02,1.643642007087e-03,1.866862497414e-03,4.863938605829e-03,4.559911176770e-03
767.20000000,3.319873703618e+13,5.053805720154e-03,5.740155066840e-03,2.947261066918e-02,3.347524054625e-02,2.196393754814e-03,2.059105026360e-03
767.40000000,4.231847185355e+13,1.199934383471e-02,1.362895570696e-02,1.887015787378e-02,2.143288496092e-02,2.901282050620e-04,2.719933272542e-04
767.60000000,3.076632256961e+13,1.395799800301e-02,1.585361159421e-02,2.862565302311e-02,3.251325888631e-02,9.630782591619e-03,9.028796771393e-03
767.80000000,3.849626344139e+13,2.061333733379e-02,2.341280201358e-02,9.079510754272e-03,1.031258513042e-02,-7.560366800753e-03,-7.087795276428e-03
768.00000000,2.493405179363e+13,3.649413226171e-03,4.145034253624e-03,2.529948746754e-03,2.873537190780e-03,-5.446789081577e-03,-5.106329751124e-03
768.20000000,2.123407692081e+13,-1.182229076185e-02,-1.342785733683e-02,-1.840495518523e-02,-2.090450381150e-02,-2.761995340582e-02,-2.589352877236e-02
768.40000000,3.776498788779e+13,-3.044845412089e-03,-3.458361042697e-03,3.959104293751e-03,4.496784152197e-03,-2.103366559206e-02,-1.971892628470e-02
768.60000000,1.951669353116e+13,-4.275868212729e-02,-4.856567099237e-02,1.265411823967e-02,1.437265455472e-02,-3.816404561237e-02,-3.577854743685e-02
768.80000000,2.759883617499e+13,-3.082371158655e-02,-3.500983101443e-02,3.418822197461e-02,3.883127176262e-02,5.070106808829e-04,4.753192541802e-04
769.00000000,3.992879495914e+13,5.680697419218e-03,6.452183934193e-03,3.995494362140e-02,4.538116299745e-02,1.740284614183e-02,1.631505638961e-02
769.20000000,1.448986037300e+13,2.660585278986e-02,3.021915149810e-02,4.316421722428e-02,4.902628310713e-02,2.423309300548e-02,2.271836891834e-02
769.40000000,4.011618904526e+13,1.848395729755e-02,2.099423424879e-02,3.078099570014e-02,3.496131533379e-02,1.534039686619e-02,1.438152345146e-02
769.60000000,2.067519603328e+13,-7.425665834646e-03,-8.434133745074e-03,-2.387254506330e-02,-2.711463865266e-02,-2.739189523842e-02,-2.567972570642e-02
769.80000000,2.701641991988e+13,-3.313629677171e-02,-3.763648472910e-02,-5.306530449466e-02,-6.027202179536e-02,-5.439239418871e-02,-5.099251990868e-02
770.00000000,2.593451557857e+13,-2.328820268365e-02,-2.645093658806e-02,-1.757620505588e-02,-1.996320240308e-02,-5.797916586304e-03,-5.435509529701e-03
770.20000000,3.129238905684e+13,1.518481517151e-03,1.724704085837e-03,-4.155026638628e-03,-4.719314409076e-03,-1.616050852920e-02,-1.515037286373e-02
770.40000000,1.949347550745e+13,2.132690398115e-03,2.422327701661e-03,1.501895898954e-02,1.705866068577e-02,8.083355188925e-03,7.578093528485e-03
770.60000000,2.366436553718e+13,2.657559393706e-02,3.018478323845e-02,4.434951956024e-02,5.037255952837e-02,2.427189985498e-02,2.275475009029e-02
770.80000000,1.915050381784e+13,2.808902462720e-02,3.190375055246e-02,1.402812992036e-02,1.593326864625e-02,4.796699690828e-03,4.496875126180e-03
771.00000000,1.417309413281e+13,2.076049440684e-02,2.357994425553e-02,-9.837260409180e-03,-1.117324359928e-02,8.577510079827e-03,8.041360562197e-03
771.20000000,4.716487789352e+13,1.441897684223e-02,1.637719523913e-02,-1.509091013224e-02,-1.714038340237e-02,2.445213014681e-02,2.292371483033e-02
771.40000000,2.310691961478e+13,1.592297206078e-02,1.808544566511e-02,9.396015317137e-03,1.067207369065e-02,2.158332342027e-02,2.023422696536e-02
771.60000000,2.820688036249e+13,-9.269220601176e-03,-1.052805876318e-02,6.181660406457e-03,7.021182188580e-03,5.916869078527e-03,5.547026726514e-03
771.80000000,3.667858728754e+13,1.531702416029e-02,1.739720494042e-02,1.585018821091e-02,1.800277786787e-02,1.497722994476e-02,1.404105679713e-02
772.00000000,2.894520884100e+13,1.173512281277e-02,1.332885124671e-02,6.863740657665e-03,7.795894708530e-03,3.463045540989e-03,3.246582933652e-03
772.20000000,2.607016954263e+13,1.657690565534e-02,1.882818894493e-02,-6.146079698747e-03,-6.980769319738e-03,5.262895837182e-03,4.933931016601e-03
772.40000000,1.987980223528e+13,1.698153799436e-02,1.928777376074e-02,-7.289998830737e-03,-8.280042347793e-03,1.958072735641e-02,1.835680602850e-02
772.60000000,3.173880983035e+13,1.283026720249e-02,1.457272546065e-02,-9.349912026486e-03,-1.061970918308e-02,3.197374049819e-02,2.997517618461e-02
772.80000000,3.636490682716e+12,-2.319554601610e-03,-2.634569636530e-03,-1.048557220480e-02,-1.190960162168e-02,2.244665901437e-02,2.104359853517e-02
773.00000000,3.692849605528e+13,1.667239218818e-02,1.893664335249e-02,-1.016752490425e-02,-1.154836080693e-02,2.399175775602e-02,2.249211867331e-02
773.20000000,2.890022075600e+13,2.292800740027e-03,2.604182375400e-03,-1.865736112514e-02,-2.119118861348e-02,-1.985126819055e-02,-1.861043632143e-02
773.40000000,3.546050726580e+13,-6.542368607649e-04,-7.430877321331e-04,-6.668256374522e-03,-7.573862005873e-03,-8.290430495295e-03,-7.772225297092e-03
773.60000000,3.184988084493e+13,1.477883180241e-02,1.678592153122e-02,-1.082091243571e-02,-1.229048389304e-02,9.435984845655e-03,8.846175136743e-03
773.80000000,3.857696003106e+13,-1.572163299000e-03,-1.785676305415e-03,-2.042967671601e-02,-2.320419965598e-02,9.856410983020e-03,9.240321937955e-03
774.00000000,2.543174579642e+13,3.677932990639e-03,4.177427242112e-03,-2.870903799347e-03,-3.260796824109e-03,2.827527590343e-02,2.650788940136e-02
774.20000000,1.218376992405e+13,-2.739961775238e-04,-3.112071642235e-04,-6.707783734731e-03,-7.618757516013e-03,4.478843086949e-04,4.198886603279e-04
774.40000000,3.606502282376e+13,1.931744151943e-03,2.194091264212e-03,-9.586425452295e-03,-1.088834313310e-02,-1.124120650790e-02,-1.053855884083e-02
774.60000000,3.201735397031e+13,-4.125813645402e-03,-4.686133858895e-03,-1.334783011739e-02,-1.516057837446e-02,-1.866924610070e-02,-1.750229821043e-02
774.80000000,2.320156988524e+13,3.577939493069e-02,4.063853786085e-02,3.175207291137e-02,3.606427304595e-02,2.868209097628e-02,2.688927591708e-02
775.00000000,3.250286623515e+13,5.747796420649e-02,6.528395544684e-02,2.010663870628e-02,2.283729035152e-02,9.114321492582e-02,8.544617810943e-02
775.20000000,2.752491134888e+13,1.028076102506e-02,1.167697488917e-02,2.650667547378e-02,3.010650625851e-02,4.929867269774e-02,4.621718875418e-02
775.40000000,3.030799835211e+13,-1.283002076282e-02,-1.457244555240e-02,1.081911724543e-03,1.228844490073e-03,2.177901129649e-02,2.041768309140e-02
775.60000000,3.921571944123e+12,-9.346078303171e-03,-1.061535438790e-02,-1.665703127511e-03,-1.891919704636e-03,1.334850128111e-02,1.251413414469e-02
775.80000000,4.210603404753e+13,-2.244543505417e-02,-2.549371402225e-02,-2.524463402916e-03,-2.867306890841e-03,-8.957697075622e-03,-8.397783426849e-03
776.00000000,2.474267027125e+13,-7.133597162234e-03,-8.102399689068e-03,1.737201848420e-02,1.973128556748e-02,7.448141594463e-03,6.982584866934e-03
776.20000000,2.983490172211e+13,1.645312302281e-02,1.868759558922e-02,3.233148048316e-02,3.672236906798e-02,4.630756226025e-02,4.341304194638e-02
776.40000000,3.509675980122e+13,-9.391099526026e-03,-1.066648987169e-02,1.928637979602e-02,2.190563334158e-02,4.924759644643e-02,4.616930509690e-02
776.60000000,3.885726904332e+13,-1.458986131703e-03,-1.657128726367e-03,-1.653905168044e-02,-1.878519482459e-02,9.989929433645e-03,9.365494627138e-03
776.80000000,1.759689635056e+13,1.420884302733e-02,1.613852348380e-02,1.763388631198e-02,2.002871726176e-02,1.951389675925e-02,1.829415277327e-02
777.00000000,2.536773579571e+13,3.263512652445e-03,3.706725134471e-03,1.090705506393e-02,1.238832541897e-02,7.519507127231e-03,7.049489595154e-03
777.20000000,2.321239692572e+13,2.662229555300e-03,3.023782732685e-03,1.604363765577e-02,1.822249938400e-02,5.888615978184e-03,5.520539626559e-03
777.40000000,2.761214811639e+13,-2.305647405508e-02,-2.618773726163e-02,1.976081089577e-02,2.244449619852e-02,-1.429803129964e-02,-1.340431243332e-02
777.60000000,3.443314440079e+13,-1.376979673070e-02,-1.563985100533e-02,-4.697067679027e-03,-5.334969208611e-03,-2.598641486111e-02,-2.436209688735e-02
777.80000000,3.895719968895e+12,-3.391182354718e-02,-3.851733456706e-02,-2.371805709552e-02,-2.693916991183e-02,-5.336041903726e-02,-5.002504983790e-02
778.00000000,2.933910446995e+13,-2.811499717325e-02,-3.193325038884e-02,-4.926061041876e-02,-5.595061807496e-02,-4.056970852156e-02,-3.803384095022e-02
778.20000000,2.043890420341e+13,-7.552258326655e-03,-8.577918562827e-03,-4.647733425807e-02,-5.278934946419e-02,-2.120040187820e-02,-1.987524048115e-02
778.40000000,2.108767838651e+13,2.259903863126e-02,2.566817825775e-02,-7.390131157578e-03,-8.393773491771e-03,1.305972659879e-03,1.224340973630e-03
778.60000000,3.622434292395e+13,-9.101268907781e-04,-1.033729781644e-03,-3.068984707429e-03,-3.485778795340e-03,-1.836302542407e-02,-1.721521829453e-02
778.80000000,3.575695910549e+13,5.163806655195e-03,5.865095054564e-03,-1.360219852626e-02,-1.544949216529e-02,-2.215433242009e-02,-2.076954423215e-02
779.00000000,2.267108461117e+13,5.337985558547e-03,6.062928918780e-03,-7.615007244732e-03,-8.649189654088e-03,-2.295573909650e-02,-2.152085783971e-02
779.20000000,3.554309583031e+13,-1.611430381484e-03,-1.830276188150e-03,-4.300255155466e-03,-4.884266187183e-03,-2.106930338064e-02,-1.975233648241e-02
779.40000000,3.222679502389e+13,-1.414306157003e-02,-1.606380835102e-02,-1.122564230116e-02,-1.275017949837e-02,-4.058834416672e-02,-3.805131174777e-02
779.60000000,3.562026101868e+13,1.193080502261e-03,1.355110874740e-03,-3.614491145349e-02,-4.105369622698e-02,-4.960522010163e-03,-4.650457497479e-03
779.80000000,3.582823255207e+13,-1.235534632342e-02,-1.403330632954e-02,-3.607387172592e-02,-4.097300870338e-02,3.444914508307e-03,3.229585207063e-03
780.00000000,2.278113752047e+13,-7.009097001962e-03,-7.960991359310e-03,-4.527587594650e-02,-5.142472294918e-02,-1.672607998715e-02,-1.568059246997e-02
780.20000000,3.396452924824e+13,-1.798698131330e-02,-2.042976474361e-02,-5.737560303199e-02,-6.516769534063e-02,-2.683045170102e-02,-2.515337599916e-02
780.40000000,2.953312230448e+13,-1.963001117420e-03,-2.229593188640e-03,-2.414882869112e-02,-2.742844393459e-02,-7.109713800335e-03,-6.665310985407e-03
780.60000000,3.694106633067e+13,1.239939375677e-03,1.408333577502e-03,-2.960878178797e-03,-3.362990485502e-03,4.438788163847e-03,4.161335370349e-03
780.80000000,3.197943058658e+13,-1.954412223958e-03,-2.219837851167e-03,2.062816866532e-03,2.342964849131e-03,-2.498340592907e-03,-2.342178246107e-03
781.00000000,2.730257092367e+13,1.448768944211e-02,1.645523958832e-02,1.296294558108e-02,1.472342326188e-02,1.884590356384e-03,1.766791344655e-03
781.20000000,3.839194191503e+13,2.410420219227e-02,2.737775569692e-02,2.385639840324e-02,2.709629913956e-02,4.756125570817e-02,4.458837149486e-02
781.40000000,1.502698348012e+13,-8.727568921905e-03,-9.912846227641e-03,-2.019871096104e-02,-2.294186679744e-02,1.657419936236e-02,1.553820536054e-02
781.60000000,1.374180824047e+13,-1.809538360043e-02,-2.055288897358e-02,-1.933476814003e-02,-2.196059323209e-02,4.137716067580e-03,3.879082215439e-03
781.80000000,1.754849859041e+13,-1.132706399381e-02,-1.286537460614e-02,-2.917428122103e-02,-3.313639543508e-02,-5.563247559496e-03,-5.215508825559e-03
782.00000000,1.683297115163e+13,-5.194249319604e-03,-5.899672088986e-03,-3.430048904286e-02,-3.895878564856e-02,-1.609625288632e-02,-1.509013361157e-02
782.20000000,5.565837331678e+13,6.659766637130e-03,7.564218991174e-03,8.261026391962e-03,9.382943667052e-03,2.233556118606e-02,2.093944503528e-02
782.40000000,1.799302540508e+13,-1.366042632725e-02,-1.551562718069e-02,1.197784091599e-03,1.360453304895e-03,8.225480824422e-03,7.711335398156e-03
782.60000000,4.562624453504e+13,-2.682890514298e-02,-3.047249623785e-02,-1.874853317027e-02,-2.129474259369e-02,-6.520830002127e-03,-6.113236210029e-03
782.80000000,3.264069218247e+13,-5.095094088866e-02,-5.787050743482e-02,1.109179850016e-02,1.259815857683e-02,-2.500821995958e-02,-2.344504545517e-02
783.00000000,3.988036138934e+13,5.362526419648e-03,6.090802635340e-03,-4.988106614003e-04,-5.665533693240e-04,1.113120442533e-02,1.043543259554e-02
783.20000000,3.053509546149e+13,1.739403436619e-02,1.975629061120e-02,-2.674331794011e-03,-3.037528677384e-03,1.173019214659e-02,1.099697973383e-02
783.40000000,2.811539004750e+13,3.209460384508e-02,3.645332113676e-02,1.459070965500e-03,1.657225146846e-03,1.237100487898e-02,1.159773755120e-02
783.60000000,3.265809728819e+13,1.859458201451e-02,2.111988273327e-02,-4.640972226569e-03,-5.271255519123e-03,5.197028759010e-03,4.872181054219e-03
783.80000000,2.821751398131e+13,-1.474839571351e-03,-1.675135196532e-03,7.595714955780e-05,8.627277309125e-05,1.581666479069e-02,1.482802156916e-02
784.00000000,1.586590915848e+13,-2.577402630898e-02,-2.927435598095e-02,-4.567733142227e-03,-5.188069947500e-03,1.192971577851e-02,1.118403185618e-02
784.20000000,4.153331182895e+13,-2.194127996484e-02,-2.492109042912e-02,-4.966464873599e-03,-5.640952821397e-03,1.725333874963e-02,1.617489417048e-02
784.40000000,2.616549940072e+13,-3.601573370635e-02,-4.090697343114e-02,-3.005978224961e-03,-3.414215499497e-03,1.260463853815e-02,1.181676760484e-02
784.60000000,3.714808218030e+13,-9.027881029144e-03,-1.025394324630e-02,7.995786618406e-03,9.081682088230e-03,2.641884469060e-02,2.476749707277e-02
784.80000000,1.076783989934e+13,-3.192076625349e-03,-3.625587493731e-03,1.474019090823e-02,1.674203354054e-02,5.101192466977e-03,4.782335146489e-03
785.00000000,3.169557438145e+13,1.145709818790e-02,1.301306853808e-02,3.317377703761e-02,3.767905662063e-02,2.147084800026e-02,2.012878198211e-02
785.20000000,2.712220235369e+13,1.637299813313e-02,1.859658906523e-02,2.466307050264e-02,2.801252413477e-02,2.070117170124e-02,1.940721539938e-02
785.40000000,1.784449507026e+13,2.720185476891e-02,3.089609556151e-02,2.951342050200e-02,3.352159269964e-02,3.363092277368e-02,3.152877391524e-02
785.60000000,4.292327452614e+13,4.396826610643e-03,4.993952665503e-03,7.467656499888e-03,8.481827431458e-03,1.509765416851e-02,1.415395373278e-02
785.80000000,2.161127991467e+13,2.143284874836e-03,2.434360997478e-03,1.444966499379e-02,1.641205174897e-02,1.260198390797e-02,1.181427890610e-02
786.00000000,2.638801987912e+13,-4.697852379858e-02,-5.335860267435e-02,-7.104128011923e-03,-8.068928699254e-03,-2.414596715586e-02,-2.263668899438e-02
786.20000000,2.712082336407e+13,-5.109015853523e-03,-5.802863200936e-03,1.394990908178e-03,1.584442475602e-03,-1.819630867285e-02,-1.705892241194e-02
786.40000000,3.937107652935e+13,6.251607662070e-03,7.100628592472e-03,2.609398066192e-02,2.963776399967e-02,-7.407994160067e-03,-6.944946905261e-03
786.60000000,1.371272900032e+13,1.049544952816e-02,1.192081989768e-02,2.876307377750e-02,3.266934254176e-02,-1.264395820848e-03,-1.185362954301e-03
786.80000000,5.051560335005e+13,8.310397273908e-03,9.439019159173e-03,2.578486049705e-02,2.928666270114e-02,-1.178527502511e-03,-1.104861957835e-03
787.00000000,5.130568779987e+13,2.311121816403e-02,2.624991608128e-02,2.795054774928e-02,3.174646860467e-02,1.407370318901e-02,1.319400627162e-02
787.20000000,2.893766279016e+13,3.433297272390e-03,3.899567934613e-03,1.287387873681e-02,1.462226038662e-02,-5.349117127804e-03,-5.014762922314e-03
787.40000000,4.338401108020e+13,-2.606448183192e-02,-2.960425780821e-02,-1.684331359258e-02,-1.913077807855e-02,-2.896161476752e-02,-2.715132767454e-02
787.60000000,3.833679976795e+13,-6.163107233066e-03,-7.000109060441e-03,-5.377263994469e-02,-6.107541938379e-02,-7.298526437173e-02,-6.842321618725e-02
787.80000000,2.288404155534e+13,1.075439182756e-02,1.221492874045e-02,-4.170961496136e-02,-4.737413355049e-02,-1.646420968052e-02,-1.543509074084e-02
788.00000000,2.676081271030e+13,3.240556186399e-02,3.680650987148e-02,1.319900145805e-02,1.499153752405e-02,4.968693375826e-03,4.658118100262e-03
788.20000000,2.806417731846e+13,-4.552875116721e-03,-5.171193871919e-03,2.524289201497e-02,2.867109031396e-02,9.080489604701e-03,8.512900633531e-03
788.40000000,3.379639595749e+13,-1.781566541385e-02,-2.023518270333e-02,1.963128255730e-02,2.229737681583e-02,9.692595828169e-03,9.086746283313e-03
788.60000000,2.842129183960e+13,-3.301998685306e-02,-3.750437894470e-02,-3.127874744469e-04,-3.552666597635e-04,8.102591302780e-03,7.596127261571e-03
788.80000000,2.390575528245e+13,-2.763215934415e-02,-3.138483911926e-02,1.340665320349e-02,1.522739013332e-02,-9.630126634916e-03,-9.028181816200e-03
789.00000000,2.298704178630e+13,1.560794434986e-02,1.772763453995e-02,1.917646108404e-03,2.178078673857e-03,2.677162181296e-02,2.509822335727e-02
789.20000000,4.142816990551e+13,7.529482671112e-02,8.552049781594e-02,-6.054176611272e-03,-6.876385015452e-03,5.803044190488e-02,5.440316625663e-02
789.40000000,2.685062588697e+13,6.909793591975e-02,7.848201710568e-02,4.407837193743e-02,5.006458776439e-02,6.014245555294e-02,5.638316547532e-02
789.60000000,2.350494523029e+13,2.138698384842e-02,2.429151623545e-02,4.155885532072e-02,4.720289947517e-02,2.338587733281e-02,2.192410967125e-02
789.80000000,2.705063551262e+13,7.472892634152e-05,8.487774341433e-05,2.176911139354e-02,2.472554089479e-02,1.458115911368e-02,1.366974293900e-02
790.00000000,4.886915008459e+13,-1.930048276362e-02,-2.192165074455e-02,2.598484404173e-02,2.951380570311e-02,3.509735684604e-03,3.290354643160e-03
790.20000000,4.017012521949e+13,-2.257515831935e-02,-2.564105479852e-02,1.276083724102e-02,1.449386689932e-02,-1.019942474626e-02,-9.561895136042e-03
790.40000000,2.535128815588e+13,-2.036769931740e-02,-2.313380428741e-02,2.640270640179e-02,2.998841730693e-02,-1.692973311985e-04,-1.587151597273e-04
790.60000000,3.637899185825e+13,-1.432295487670e-03,-1.626813268261e-03,1.070315508143e-02,1.215673409378e-02,-1.408144737499e-02,-1.320126639620e-02
790.80000000,5.295894715322e+13,1.776959652670e-02,2.018285727362e-02,1.565680504860e-02,1.778313163603e-02,1.372855116852e-02,1.287042847111e-02
791.00000000,1.885225421013e+13,2.072025719147e-02,2.353424248770e-02,2.394723277306e-02,2.719946958529e-02,1.883135465986e-02,1.765427394258e-02
791.20000000,3.337495157204e+13,-3.323161969458e-03,-3.774475330708e-03,2.138134909841e-02,2.428511719937e-02,3.245238499272e-02,3.042390232143e-02
791.40000000,5.378212664284e+13,-1.317482752447e-03,-1.496407997398e-03,1.916764228632e-02,2.177077027351e-02,2.003591896783e-02,1.878354523817e-02
791.60000000,3.788998585739e+13,-1.994707475422e-02,-2.265605536882e-02,1.832853400549e-02,2.081770398899e-02,6.499350198418e-03,6.093099032128e-03
791.80000000,2.134621103126e+13,-2.178638328283e-02,-2.474515747416e-02,3.345268731038e-04,3.799584526816e-04,-1.111886508875e-02,-1.042386454681e-02
792.00000000,2.519868528101e+13,-2.250198591228e-03,-2.555794496279e-03,4.008112777550e-03,4.552448402724e-03,8.006729515132e-03,7.506257451866e-03
792.20000000,4.109408435365e+13,1.814564813440e-02,2.060997985427e-02,3.360651064631e-02,3.817055911447e-02,4.213510796634e-02,3.950139286706e-02
792.40000000,3.553296711241e+13,2.089360544735e-02,2.373113289553e-02,2.077307935091e-02,2.359423927401e-02,7.618125682097e-02,7.141943856405e-02
792.60000000,4.244773693030e+13,-2.999665334741e-03,-3.407045130637e-03,1.929483748800e-02,2.191523965968e-02,4.448283075122e-02,4.170236788633e-02
792.80000000,2.590773651801e+13,3.462055954212e-04,3.932232287447e-04,1.548379371271e-02,1.758662389700e-02,1.063258981787e-02,9.967984606225e-03
793.00000000,2.893511838278e+13,-3.151261053102e-03,-3.579228823292e-03,3.432840156456e-03,3.899048892685e-03,2.139440217042e-02,2.005711450804e-02
793.20000000,4.747892644642e+13,-3.170554806379e-02,-3.601142830630e-02,-1.327156820097e-02,-1.507395944459e-02,3.272144903160e-03,3.067614812829e-03
793.40000000,3.712471001137e+13,-1.255522951484e-02,-1.426033534046e-02,-2.901808781098e-03,-3.295898963849e-03,2.599267218506e-02,2.436796308833e-02
793.60000000,2.718399399457e+13,-5.522704483616e-03,-6.272734228359e-03,-1.765390069314e-04,-2.005144976516e-04,1.549999453228e-02,1.453114523751e-02
793.80000000,2.576622309149e+13,1.195188186092e-02,1.357504799772e-02,9.026503618938e-03,1.025237917765e-02,6.194689804794e-03,5.807481871513e-03
794.00000000,3.827603403859e+13,-1.111485759526e-02,-1.262434879287e-02,-1.904916788973e-02,-2.163620605152e-02,-1.687894525392e-02,-1.582390267492e-02
794.20000000,1.607421178140e+13,-2.196400325973e-02,-2.494689973868e-02,-1.014125191336e-02,-1.151851972160e-02,-1.202282385033e-02,-1.127132007500e-02
794.40000000,3.908302236307e+13,-1.725186257529e-02,-1.959481069465e-02,2.582491954976e-03,2.933216211213e-03,-1.090313287554e-02,-1.022161698369e-02
794.60000000,1.232003292567e+13,-2.895053437962e-03,-3.288226057922e-03,-7.613716266003e-03,-8.647723349526e-03,2.479830855732e-02,2.324825486489e-02
794.80000000,3.230708506385e+13,-8.810275125187e-03,-1.000678462934e-02,3.693502999563e-03,4.195111955181e-03,7.370905729804e-03,6.910176740301e-03
795.00000000,2.098458531024e+13,5.046148672938e-03,5.731458128175e-03,1.760566196254e-02,1.999665980687e-02,1.942640041262e-02,1.821212551075e-02
795.20000000,2.512999091720e+13,5.878876189794e-03,6.677277049571e-03,2.403252454820e-02,2.729634470508e-02,-9.685205339674e-03,-9.079817747856e-03
795.40000000,2.835317041229e+13,-9.070666171972e-03,-1.030253897157e-02,1.099397386143e-02,1.248704852453e-02,-4.373222211114e-03,-4.099867711130e-03
795.60000000,3.483390127364e+13,-1.815803056210e-02,-2.062404391985e-02,-2.716398385243e-02,-3.085308267602e-02,-4.221931607220e-02,-3.958033742500e-02
795.80000000,2.923476001650e+13,6.480810763234e-03,7.360959403615e-03,-3.481319347323e-02,-3.954111967821e-02,-3.837804207285e-02,-3.597916774295e-02
796.00000000,2.633850554986e+13,-1.179592462278e-02,-1.339791045420e-02,-1.780940394485e-02,-2.022807167411e-02,-1.420908000368e-02,-1.332092116515e-02
796.20000000,2.807608378197e+13,-1.203224404356e-02,-1.366632404104e-02,-1.714342712232e-02,-1.947164956469e-02,-5.333132339989e-04,-4.999777286487e-04
796.40000000,4.488982056872e+13,1.231818604728e-02,1.399109937518e-02,4.619523367304e-03,5.246893723306e-03,2.572090997812e-03,2.411318776627e-03
796.60000000,4.118341559843e+13,1.359279841176e-02,1.543881482516e-02,2.202688638308e-02,2.501832390877e-02,1.840888969110e-02,1.725821575004e-02
796.80000000,2.188079763527e+13,3.138538969792e-02,3.564778974008e-02,2.781279205004e-02,3.159000451602e-02,2.353644111692e-02,2.206526225101e-02
797.00000000,2.377939434858e+13,9.323539409511e-03,1.058975452281e-02,1.598000540221e-02,1.815022533205e-02,3.395207920315e-02,3.182985600342e-02
797.20000000,2.870441337745e+13,-1.731178410916e-02,-1.966287007709e-02,-5.072490316294e-03,-5.761377416220e-03,-5.513327119265e-03,-5.168708733739e-03
797.40000000,3.915613639586e+13,-1.757071077100e-02,-1.995696115858e-02,-2.872768058386e-02,-3.262914265299e-02,-2.063859883972e-02,-1.934855374394e-02
797.60000000,3.479391013481e+13,-1.440339736007e-02,-1.635949993218e-02,-2.205514882057e-02,-2.505042462438e-02,-1.362557224920e-02,-1.277388639621e-02
797.80000000,4.221397447302e+13,-6.736635588234e-03,-7.651527392722e-03,-1.103329330183e-03,-1.253170787759e-03,-4.650697272242e-03,-4.359998797281e-03
798.00000000,1.235305965388e+13,8.074020645037e-03,9.170540594894e-03,2.156125054668e-02,2.448945078635e-02,1.774995416177e-02,1.664046792704e-02
798.20000000,2.484393172284e+13,2.492900770628e-03,2.831457674082e-03,2.174872447277e-02,2.470238525770e-02,1.681804868471e-02,1.576681253275e-02
798.40000000,4.627704123447e+13,1.491142176836e-03,1.693651833036e-03,1.257929593900e-02,1.428767075260e-02,2.123403424184e-02,1.990677060587e-02
798.60000000,3.861278495138e+13,-9.384483405746e-04,-1.065897522659e-03,1.179807573697e-02,1.340035423774e-02,1.801640151874e-02,1.689026061143e-02
798.80000000,2.578622439906e+13,1.141714921108e-02,1.296769415403e-02,4.827335403673e-03,5.482928392374e-03,-4.023090949406e-03,-3.771621903980e-03
799.00000000,5.034835087859e+13,1.317156940429e-03,1.496037937366e-03,1.464435626991e-02,1.663318374754e-02,5.014739656977e-03,4.701286192847e-03
799.20000000,3.264366067562e+13,7.487813902574e-03,8.504722043630e-03,2.297463907879e-02,2.609478943886e-02,-7.705256731035e-03,-7.223628654691e-03
799.40000000,2.988556215971e+13,2.856667512798e-03,3.244627001088e-03,2.639090927944e-02,2.997501803556e-02,1.644932124040e-03,1.542113292394e-03
799.60000000,4.542571083753e+13,5.685719455070e-03,6.457888004776e-03,2.894605011675e-02,3.287716861593e-02,1.087899728610e-02,1.019899002374e-02
799.80000000,3.401335993420e+13,-1.493462558252e-02,-1.696287341775e-02,6.319545565176e-03,7.177793318408e-03,-1.677051275070e-02,-1.572224790017e-02
800.00000000,1.870991147309e+13,-2.790349010728e-02,-3.169301888338e-02,-1.374376473488e-02,-1.561028426275e-02,-3.460960816434e-02,-3.244628517783e-02
800.20000000,2.741417418759e+13,-2.129397043672e-02,-2.418587081970e-02,-1.206738795091e-02,-1.370624132880e-02,-1.635141772813e-02,-1.532934901053e-02
800.40000000,3.857304423662e+13,2.355356936860e-03,2.675234230199e-03,1.296454788992e-02,1.472524317781e-02,7.403566442961e-03,6.940795948937e-03
800.60000000,3.630505849581e+13,2.859818287775e-02,3.248205677822e-02,4.706989509208e-02,5.346238507273e-02,1.986031920407e-02,1.861892158843e-02
800.80000000,2.694119880077e+13,2.793470492703e-02,3.172847293834e-02,4.261127455956e-02,4.839824615047e-02,-2.467438312538e-02,-2.313207556907e-02
801.00000000,2.961287623330e+13,-8.126349359578e-03,-9.229975989236e-03,4.257197376969e-03,4.835360798083e-03,-2.071818452394e-02,-1.942316481131e-02
801.20000000,4.180734423047e+13,-1.598320634924e-02,-1.815386027683e-02,-1.023934485286e-02,-1.162993451218e-02,-1.251489115255e-02,-1.173263000774e-02
801.40000000,4.174093978494e+13,-1.986979749279e-02,-2.256828320496e-02,-1.361480625473e-02,-1.546381212996e-02,-2.478921466174e-02,-2.323972939624e-02
801.60000000,2.270272852118e+13,-2.356211688012e-02,-2.676205063751e-02,-6.466113980937e-04,-7.344266965043e-04,-6.414916332237e-03,-6.013942825337e-03
801.80000000,3.116017256770e+13,4.979740923251e-03,5.656031647231e-03,4.816919904714e-02,5.471098380537e-02,5.318695326807e-02,4.986242679436e-02
802.00000000,2.822005247055e+13,9.216631311071e-02,1.046832740492e-01,5.557912049760e-02,6.312723527922e-02,3.288322119274e-02,3.082780848946e-02
802.20000000,4.076115181250e+13,2.705506482507e-02,3.072937030800e-02,3.041887222634e-02,3.455001242857e-02,4.226071776082e-02,3.961915124195e-02
802.40000000,4.093709199524e+13,-1.700130890414e-02,-1.931022972645e-02,-5.856185218295e-03,-6.651504716236e-03,-2.923138671232e-02,-2.740423713865e-02
802.60000000,4.007892357324e+13,-6.912498967547e-03,-7.851274498910e-03,-1.487617491362e-02,-1.689648532434e-02,-2.364364471923e-02,-2.216576493905e-02
802.80000000,2.841602669479e+13,5.835845282823e-03,6.628402183310e-03,-3.953475188799e-03,-4.490390567167e-03,4.530118009038e-03,4.246956513132e-03
803.00000000,3.354402050851e+13,2.654013542457e-02,3.014450916157e-02,9.634367530925e-03,1.094279615161e-02,2.526962321635e-02,2.369010932805e-02
803.20000000,4.909764748457e+13,3.240209734607e-02,3.680257484287e-02,2.767956609922e-02,3.143868535393e-02,2.524176582815e-02,2.366399320568e-02
803.40000000,4.345891534554e+13,1.074595758433e-02,1.220534905602e-02,1.823409103188e-03,2.071043486055e-03,1.309579277888e-02,1.227722154829e-02
803.60000000,3.730710246116e+13,-2.026356402540e-02,-2.301552654642e-02,-3.069613655677e-02,-3.486493160082e-02,-4.024270700267e-02,-3.772727912828e-02
803.80000000,3.529098607102e+13,-1.719739228145e-02,-1.953294287651e-02,-2.699011387479e-02,-3.065559968443e-02,-3.810404433157e-02,-3.572229662180e-02
804.00000000,1.568181503044e+13,-1.009785593476e-02,-1.146922974838e-02,-2.420547967904e-03,-2.749278860595e-03,-2.122428361968e-02,-1.989762946027e-02
804.20000000,1.989420276831e+13,1.120092466870e-02,1.272210449918e-02,1.201620841584e-03,1.364811117988e-03,3.616683823973e-03,3.390617836338e-03
804.40000000,3.471854674577e+13,2.689643450662e-02,3.054919665736e-02,8.256914805197e-03,9.378273692019e-03,2.385922175557e-02,2.236786702485e-02
804.60000000,3.248868556710e+13,2.487540012336e-02,2.825368879701e-02,-1.925944704914e-03,-2.187504289981e-03,3.727682491945e-03,3.494678374045e-03
804.80000000,1.795916207165e+13,9.922723840161e-03,1.127031324153e-02,-3.994833440336e-03,-4.537365619168e-03,8.525635440520e-04,7.992728421308e-04
805.00000000,2.105107929315e+13,-1.133729388147e-02,-1.287699379864e-02,-4.546339615988e-02,-5.163770999401e-02,-2.582258922608e-02,-2.420851140761e-02
805.20000000,2.930844707098e+13,-2.421499471610e-02,-2.750359477785e-02,-5.088821654064e-02,-5.779926687828e-02,-3.897128467982e-02,-3.653532887352e-02
805.40000000,1.488421513278e+13,-2.666409775108e-03,-3.028530661521e-03,-1.388891042558e-02,-1.577514196623e-02,-2.460141818238e-02,-2.306367140403e-02
805.60000000,2.922965793379e+13,1.004514181946e-02,1.140935661262e-02,5.161312469532e-03,5.862262369334e-03,-7.934395338893e-03,-7.438444626618e-03
805.80000000,3.348479035429e+13,2.377952196135e-03,2.700898115833e-03,-3.694591476129e-03,-4.196348256074e-03,-2.387515094913e-03,-2.238280054142e-03
806.00000000,3.267646556541e+13,7.495654437707e-03,8.513627389415e-03,-2.975201510101e-03,-3.379259046377e-03,1.174890939599e-02,1.101452703482e-02
806.20000000,3.259710290572e+13,-3.722628444544e-03,-4.228192714787e-03,-1.336299239678e-02,-1.517779981968e-02,-7.759094041052e-03,-7.274100786757e-03
806.40000000,4.082862983562e+13,8.241425260537e-03,9.360680165959e-03,-2.071744765921e-02,-2.353105232791e-02,-1.092107714105e-02,-1.023843961726e-02
806.60000000,3.864730356673e+13,1.319987812979e-02,1.499253266231e-02,-2.192112427030e-02,-2.489819840629e-02,4.536894278390e-04,4.253309222093e-04
806.80000000,3.104308064793e+13,1.079578493796e-02,1.226194338358e-02,-1.248807124502e-02,-1.418405697338e-02,1.777423568217e-02,1.666323169633e-02
807.00000000,5.065899381656e+13,4.273031594705e-02,4.853345244614e-02,9.705420204890e-03,1.102349837983e-02,-1.195320873332e-02,-1.120605635030e-02
807.20000000,1.593308498041e+13,2.399353066146e-02,2.725205404089e-02,2.398245591377e-02,2.723947632650e-02,2.178697368657e-02,2.042514778092e-02
807.40000000,3.501824325662e+13,2.746414401833e-02,3.119400589828e-02,3.069758334541e-02,3.486657487559e-02,4.671352120694e-03,4.379362584934e-03
807.60000000,4.279049374339e+13,2.787090710164e-02,3.165601083138e-02,2.616609935985e-02,2.971967702692e-02,-6.037453847797e-03,-5.660074172566e-03
807.80000000,4.255875263833e+13,1.959562290080e-02,2.225687339609e-02,1.028454255251e-02,1.168127044183e-02,1.189225110530e-02,1.114890896588e-02
808.00000000,4.817891286152e+13,-6.033406862238e-03,-6.852794287772e-03,-1.074168507582e-02,-1.220049678738e-02,-1.190284912890e-02,-1.115884454488e-02
808.20000000,2.812583790029e+13,9.444206499329e-03,1.072680921889e-02,-2.291421775737e-02,-2.602616239081e-02,2.154630496270e-02,2.019952239935e-02
808.40000000,2.021857729778e+13,-1.900023158284e-02,-2.158062292669e-02,-1.692118238203e-02,-1.921922210840e-02,-3.537367445076e-03,-3.316259240980e-03
808.60000000,1.783852903572e+13,1.922351964388e-02,2.183423538548e-02,-4.831092389599e-03,-5.487195608772e-03,-1.324792383778e-05,-1.241984343778e-05
808.80000000,2.818208806969e+13,3.292882542924e-02,3.740083703237e-02,9.955462372763e-03,1.130749838955e-02,6.960125152265e-03,6.525072589423e-03
809.00000000,3.693485322268e+13,4.340323384464e-02,4.929775825711e-02,2.257779310715e-02,2.564404842682e-02,2.347702239249e-02,2.200955757881e-02
809.20000000,2.876926361903e+13,7.240892787476e-03,8.224266963157e-03,1.706764934281e-02,1.938558052162e-02,2.047977642546e-02,1.919965875150e-02
809.40000000,1.855230124421e+13,-6.764166832189e-03,-7.682797611292e-03,2.047609871851e-02,2.325692615917e-02,2.689497319613e-02,2.521386448607e-02
809.60000000,2.527866922346e+13,-2.500537630057e-02,-2.840131683289e-02,2.140847688669e-02,2.431592917081e-02,2.011358786760e-02,1.885635933243e-02
809.80000000,3.163365219684e+13,-1.952579003792e-02,-2.217755664276e-02,9.193140354674e-03,1.044164659190e-02,1.054119742572e-02,9.882304826071e-03
810.00000000,2.869822221603e+13,-2.894974324579e-02,-3.288136200277e-02,-3.138808897639e-02,-3.565085701317e-02,-1.508573791258e-02,-1.414278231944e-02
810.20000000,2.621479860965e+13,-1.200142668376e-02,-1.363132142444e-02,-1.997116918255e-02,-2.268342292035e-02,5.697008082339e-03,5.340908455891e-03
810.40000000,3.507652759354e+13,2.509898763952e-03,2.850764137945e-03,4.291823971436e-03,4.874689977031e-03,2.244182527208e-02,2.103906693284e-02
810.60000000,1.039929865932e+13,-1.432750017116e-02,-1.627329526631e-02,-2.327616554828e-04,-2.643726575387e-04,2.940027919738e-03,2.756257275773e-03
810.80000000,4.976309515220e+13,-5.661432678458e-02,-6.430302879516e-02,-1.253755336479e-02,-1.424025918365e-02,-3.288599360505e-03,-3.083040760817e-03
811.00000000,2.092154278818e+13,-3.820716928364e-02,-4.339602440167e-02,1.048465281173e-02,1.190855736725e-02,-4.537266159028e-03,-4.253657857797e-03
811.20000000,4.627876009912e+13,-1.669928008070e-02,-1.896718284709e-02,1.590897818456e-02,1.806955201733e-02,2.406409432213e-02,2.255993373905e-02
811.40000000,4.157193604458e+13,-1.111159469841e-02,-1.262064276717e-02,5.452040113053e-03,6.192473286499e-03,1.417875922291e-02,1.329249562809e-02
811.60000000,3.556725849804e+13,-2.197540825701e-02,-2.495985363056e-02,-7.845750880932e-03,-8.911270228253e-03,1.923242597477e-03,1.803027572216e-03
811.80000000,2.874691200436e+13,1.200330582331e-02,1.363345576696e-02,6.684117541561e-03,7.591877253588e-03,-1.436377438288e-02,-1.346594615125e-02
812.00000000,3.903201368835e+13,-5.313884370906e-03,-6.035554587033e-03,2.874239987890e-03,3.264586095283e-03,-1.388023822537e-02,-1.301263411183e-02
812.20000000,3.323930120439e+13,-1.370175179429e-02,-1.556256499393e-02,-7.202390078662e-03,-8.180535585986e-03,-2.379446353910e-02,-2.230715661319e-02
812.40000000,3.337577262800e+13,4.645497839944e-04,5.276395540420e-04,1.264798652553e-02,1.436569010192e-02,4.390588425494e-03,4.116148425479e-03
812.60000000,2.141018143532e+13,1.446922047485e-02,1.643426237988e-02,1.842057470649e-02,2.092224459588e-02,1.422459913119e-02,1.333547024743e-02
812.80000000,5.606451692659e+13,2.825189919182e-02,3.208874485362e-02,2.962447117180e-02,3.364772498992e-02,2.639239032002e-02,2.474269627040e-02
813.00000000,3.081308080984e+13,2.122412126054e-02,2.410653553758e-02,3.343393587558e-02,3.797454722983e-02,7.436704643011e-03,6.971862798466e-03
813.20000000,2.565888870152e+13,-1.121871044968e-02,-1.274230573889e-02,1.363028751034e-03,1.548139587107e-03,-3.084863499370e-02,-2.892039700651e-02
813.40000000,2.589040356369e+13,-1.549893393349e-02,-1.760381959167e-02,-1.738390945342e-02,-1.974479143092e-02,-6.750430482264e-02,-6.328485184248e-02
813.60000000,4.030027736267e+13,-1.958161951454e-04,-2.224096823209e-04,-1.089240718506e-04,-1.237168823417e-04,-2.938289403459e-02,-2.754627427937e-02
813.80000000,3.258027828836e+13,-3.304356740496e-02,-3.753116193399e-02,-9.328792661915e-03,-1.059572163013e-02,-8.845364712225e-03,-8.292472558256e-03
814.00000000,3.619372320191e+13,-2.660917407996e-02,-3.022292384735e-02,1.487063704908e-03,1.689019537094e-03,-1.652004638962e-02,-1.548743729670e-02
814.20000000,3.836366686164e+13,-3.259288474081e-02,-3.701927277137e-02,-2.152765074297e-03,-2.445128784502e-03,-1.613554893777e-02,-1.512697340720e-02
814.40000000,2.967479980666e+13,-1.662301782429e-02,-1.888056353447e-02,1.305924714912e-02,1.483280339759e-02,1.254515784268e-02,1.176100483518e-02
814.60000000,2.627098984338e+13,2.854894927343e-02,3.242613683611e-02,-2.299630879717e-02,-2.611940208833e-02,1.026523801431e-02,9.623594651783e-03
814.80000000,2.487588478710e+13,1.157806283308e-02,1.315046120006e-02,-3.516277942629e-02,-3.993818236132e-02,2.319991726399e-02,2.174977330211e-02
815.00000000,2.787675430473e+13,3.755625112309e-03,4.265670607717e-03,-5.358896178111e-03,-6.086679617162e-03,-1.813511568013e-02,-1.700155437463e-02
815.20000000,3.746824813781e+13,-1.992517335970e-02,-2.263117958061e-02,-1.711012966028e-02,-1.943383002560e-02,-2.614536127936e-02,-2.451110813273e-02
815.40000000,2.496091289771e+13,-5.210820230313e-03,-5.918493468821e-03,-5.859629290969e-04,-6.655416523113e-04,-5.547290468417e-03,-5.200549155248e-03
815.60000000,3.165687483747e+13,6.604141759628e-03,7.501039787201e-03,1.920045584177e-02,2.180804018740e-02,9.485693607162e-03,8.892776781121e-03
815.80000000,2.048166286998e+13,-5.564184884732e-03,-6.319848017021e-03,3.504840660246e-02,3.980827674039e-02,2.892233800211e-02,2.711450595944e-02
816.00000000,2.229959420008e+13,-1.834911975363e-02,-2.084108463169e-02,9.217714418399e-03,1.046955802138e-02,8.869535541030e-03,8.315132554887e-03
816.20000000,7.757938043740e+12,-2.015111163099e-02,-2.288780217051e-02,-8.343687606028e-05,-9.476830973283e-05,-1.537074996738e-03,-1.440997928872e-03
816.40000000,2.106744339874e+13,-1.851642807915e-02,-2.103111483578e-02,2.083415291491e-02,2.366360714470e-02,-1.353821815275e-02,-1.269199249232e-02
816.60000000,4.733465871270e+13,1.568347895752e-02,1.781342738298e-02,1.133912267527e-03,1.287907146736e-03,5.284124456967e-03,4.953832711188e-03
816.80000000,3.181214725596e+13,3.984777370641e-02,4.525943671142e-02,2.355428187922e-02,2.675315263556e-02,2.465090550620e-02,2.311006545200e-02
817.00000000,1.627314519746e+13,4.464258854238e-02,5.070542775249e-02,2.897914926392e-02,3.291476290731e-02,3.838458060465e-02,3.598529757448e-02
817.20000000,3.064754555528e+13,2.261886868133e-02,2.569070139550e-02,-8.175668872557e-04,-9.285993874354e-04,2.528514744309e-02,2.370466319083e-02
817.40000000,4.228808894940e+13,1.305353760025e-02,1.482631785734e-02,2.248528385657e-02,2.553897563736e-02,2.729176486348e-02,2.558585412357e-02
817.60000000,3.842916601083e+13,5.777829373813e-03,6.562507225628e-03,6.363267689393e-03,7.227453276998e-03,-6.973645016498e-03,-6.537747375232e-03
817.80000000,2.853892006125e+13,-1.054840795770e-04,-1.198097052757e-04,2.165342731856e-02,2.459414594369e-02,-1.453618383125e-02,-1.362757890083e-02
818.00000000,3.682019656634e+13,-1.464308714280e-02,-1.663174160450e-02,-2.631857801071e-03,-2.989286356858e-03,7.354731258516e-03,6.895013277440e-03
818.20000000,3.236183124459e+13,1.178752739697e-03,1.338837281446e-03,-1.830570110511e-02,-2.079177018757e-02,2.063896959082e-02,1.934890132071e-02
818.40000000,3.844303907334e+13,-1.595647385219e-02,-1.812349728171e-02,-3.638630147729e-02,-4.132786905825e-02,-1.404769502060e-02,-1.316962378092e-02
818.60000000,1.668573925394e+13,-8.095886523370e-03,-9.195376043515e-03,-2.532724748048e-02,-2.876690196536e-02,-6.627856763197e-03,-6.213573110546e-03
818.80000000,2.261390869030e+13,5.887802768118e-03,6.687415932352e-03,-2.378647734631e-02,-2.701688221153e-02,-2.171553085717e-03,-2.035817058760e-03
819.00000000,3.557006040310e+13,2.913005303898e-02,3.308615938325e-02,-2.815228589895e-03,-3.197560450183e-03,1.216186424303e-03,1.140166954938e-03
819.20000000,2.958037841068e+13,4.671358829279e-02,5.305768669734e-02,-1.012995323161e-03,-1.150568658327e-03,5.828848380797e-03,5.464507888204e-03
819.40000000,2.345063192915e+13,1.224487134410e+00,1.390782791834e+00,1.183338451981e+00,1.344045825201e+00,1.370420644787e+00,1.284760545199e+00
819.60000000,2.542789288513e+13,9.293064491990e+01,1.055514085503e+02,9.291797693464e+01,1.055370243197e+02,1.065459938805e+02,9.988618436781e+01
819.80000000,2.252741069582e+13,5.216773181572e+03,5.925254880957e+03,5.216711580769e+03,5.925185148572e+03,5.980460211349e+03,5.606643004761e+03
820.00000000,2.906589185412e+13,2.114704707267e+05,2.401899402638e+05,2.114683246949e+05,2.401875122817e+05,2.424271047790e+05,2.272738523691e+05
820.20000000,2.292854316281e+13,6.193243303942e+06,7.034337863350e+06,6.193180605922e+06,7.034266928597e+06,7.099886292160e+06,6.656097759667e+06
820.40000000,2.084696062732e+13,1.311359749795e+08,1.489453439458e+08,1.311346474604e+08,1.489438420288e+08,1.503384280928e+08,1.409413099370e+08
820.60000000,2.628013192348e+13,2.013043984354e+09,2.286432298036e+09,2.013023581600e+09,2.286409214838e+09,2.308326141612e+09,2.164040919463e+09
820.80000000,4.234981287115e+13,2.265579677733e+10,2.573264463769e+10,2.265556579603e+10,2.573238330483e+10,2.600750756927e+10,2.438187116567e+10
821.00000000,5.414267649519e+13,1.935981584535e+11,2.198904175809e+11,1.935961421634e+11,2.198881361577e+11,2.231295208879e+11,2.091824915193e+11
821.20000000,3.928088728160e+13,1.342126490724e+12,1.524398562720e+12,1.342111797347e+12,1.524381934144e+12,1.561836674121e+12,1.464211842246e+12
821.40000000,5.023993428582e+13,7.850347364599e+12,8.916490600668e+12,7.850255408499e+12,8.916386508774e+12,9.261385921658e+12,8.682489767847e+12
821.60000000,7.470780155769e+13,3.615831163184e+13,4.106891463876e+13,3.615786420775e+13,4.106840807485e+13,4.315761010715e+13,4.045998205126e+13
821.80000000,1.572610722770e+14,1.158382469655e+14,1.315700557307e+14,1.158367671798e+14,1.315683801808e+14,1.392332892818e+14,1.305303136873e+14
822.00000000,2.812755798851e+14,2.362432628951e+14,2.683270860821e+14,2.362401995506e+14,2.683236173211e+14,2.849072607847e+14,2.670987255551e+14
822.20000000,3.621985233983e+14,2.943782886164e+14,3.343573375269e+14,2.943744562248e+14,3.343529978870e+14,3.553362603086e+14,3.331254598796e+14
822.40000000,3.061300046139e+14,2.218153025041e+14,2.519396872527e+14,2.218124296500e+14,2.519364342042e+14,2.674359674057e+14,2.507195003206e+14
822.60000000,1.960452428849e+14,1.024430324736e+14,1.163556583845e+14,1.024417275907e+14,1.163541808890e+14,1.230534736519e+14,1.153618405408e+14
822.80000000,8.495520882181e+13,3.036542859762e+13,3.448930933895e+13,3.036505493641e+13,3.448888629535e+13,3.619978020685e+13,3.393706124579e+13
823.00000000,5.079242767082e+13,6.352753886546e+12,7.215511325420e+12,6.352680086417e+12,7.215427787963e+12,7.481758050439e+12,7.014100078318e+12
823.20000000,3.832844203633e+13,1.061367774512e+12,1.205510450145e+12,1.061356245042e+12,1.205497402549e+12,1.233227592681e+12,1.156142940749e+12
823.40000000,3.210706281721e+13,1.496538924811e+11,1.699781504801e+11,1.496523401686e+11,1.699763940726e+11,1.723499473121e+11,1.615769677113e+11
823.60000000,3.132288496214e+13,1.696763661068e+10,1.927198445216e+10,1.696746384192e+10,1.927178898210e+10,1.947322213341e+10,1.825602057301e+10
823.80000000,4.525313358341e+13,1.451508316303e+09,1.648635360706e+09,1.451493609025e+09,1.648618721255e+09,1.664335285879e+09,1.560303631892e+09
824.00000000,1.967833394712e+13,9.082606481476e+07,1.031610087559e+08,9.082514540495e+07,1.031599685622e+08,1.041249645121e+08,9.761648489775e+07
824.20000000,3.520946605319e+13,4.117840683847e+06,4.677078102065e+06,4.117798990256e+06,4.677030931097e+06,4.720655379149e+06,4.425584072805e+06
824.40000000,3.142492165686e+13,1.349591589477e+05,1.532877484705e+05,1.349577670880e+05,1.532861736466e+05,1.547154264278e+05,1.450447177399e+05
824.60000000,3.051780985306e+13,3.195462876274e+03,3.629433626029e+03,3.195409430804e+03,3.629373065745e+03,3.663213812958e+03,3.434239401909e+03
824.80000000,4.812973495472e+13,5.464240095885e+01,6.206329884772e+01,5.464146128319e+01,6.206223401058e+01,6.263381577059e+01,5.871879966449e+01
825.00000000,2.934026164121e+13,6.668449504534e-01,7.574081065041e-01,6.826452981022e-01,7.753543049933e-01,7.800291777382e-01,7.312723399741e-01
825.20000000,1.746791342806e+13,4.418535482371e-03,5.018609784702e-03,2.620613020855e-02,2.976514440355e-02,2.515862544524e-02,2.358604963114e-02
825.40000000,2.825486698485e+13,5.847897045208e-03,6.642090676448e-03,1.763146146137e-02,2.002596309592e-02,6.415969384069e-03,6.014930054661e-03
825.60000000,2.675037199111e+13,3.253811975701e-02,3.695707024190e-02,2.309884332595e-02,2.623586167359e-02,1.024872934994e-02,9.608117885053e-03
825.80000000,3.213946610632e+13,2.427893313029e-02,2.757621656676e-02,4.217384000715e-02,4.790140428499e-02,2.764540101916e-02,2.591738574629e-02
826.00000000,3.526122829284e+13,4.537037487357e+00,5.153205359208e+00,4.561368945482e+00,5.180841438994e+00,4.568587291774e+00,4.283021218410e+00
826.20000000,1.953349376060e+13,1.994742794268e+03,2.265645652325e+03,1.994725246709e+03,2.265625811258e+03,1.994808390449e+03,1.870120043090e+03
826.40000000,3.137549942019e+13,4.618154296308e+05,5.245338513447e+05,4.618154619255e+05,5.245339087691e+05,4.618154745263e+05,4.329490387428e+05
826.60000000,3.420085728937e+13,5.586762609578e+07,6.345491986902e+07,5.586762612925e+07,6.345492241651e+07,5.586762612376e+07,5.237554036477e+07
826.80000000,4.486642267711e+13,3.539107360575e+09,4.019747923210e+09,3.539107360588e+09,4.019748082194e+09,3.539107360579e+09,3.317890400580e+09
827.00000000,4.321196222115e+13,1.176745362928e+11,1.336557286018e+11,1.176745362928e+11,1.336557338875e+11,1.176745362928e+11,1.103191213433e+11
827.20000000,3.224416464275e+13,2.058715191328e+12,2.338306039259e+12,2.058715191328e+12,2.338306131733e+12,2.058715191328e+12,1.930032258111e+12
827.40000000,5.199148445800e+13,1.899801260965e+13,2.157810259827e+13,1.899801260965e+13,2.157810345162e+13,1.899801260965e+13,1.781051469921e+13
827.60000000,9.877231902717e+13,9.268577155234e+13,1.052732793187e+14,9.268577155234e+13,1.052732834820e+14,9.268577155234e+13,8.689231503098e+13
827.80000000,2.547898671764e+14,2.395122159881e+14,2.720399905147e+14,2.395122159881e+14,2.720400012731e+14,2.395122159881e+14,2.245411628650e+14
828.00000000,3.357546552170e+14,3.282398992135e+14,3.728176398028e+14,3.282398992135e+14,3.728176545467e+14,3.282398992135e+14,3.077227955328e+14
828.20000000,2.803119250490e+14,2.386670113520e+14,2.710799999763e+14,2.386670113520e+14,2.710800106967e+14,2.386670113520e+14,2.237487889518e+14
828.40000000,1.531791981392e+14,9.203233412243e+13,1.045310995868e+14,9.203233412243e+13,1.045311037208e+14,9.203233412243e+13,8.627972164084e+13
828.60000000,5.764261833364e+13,1.879724964476e+13,2.135007433323e+13,1.879724964476e+13,2.135007517757e+13,1.879724964476e+13,1.762230071015e+13
828.80000000,4.141471703668e+13,2.029719510921e+12,2.305372501442e+12,2.029719510921e+12,2.305372592614e+12,2.029719510921e+12,1.902848994118e+12
829.00000000,5.473599935637e+13,1.156032431859e+11,1.313031364602e+11,1.156032431859e+11,1.313031416528e+11,1.156032431859e+11,1.083772973702e+11
829.20000000,3.914950994982e+13,3.464359780074e+09,3.934848992244e+09,3.464359780058e+09,3.934849147838e+09,3.464359780086e+09,3.247815024358e+09
829.40000000,2.914689504529e+13,5.449107284980e+07,6.189141910797e+07,5.449107284505e+07,6.189142155021e+07,5.449107288158e+07,5.108503054893e+07
829.60000000,1.512060454585e+13,4.488116190658e+05,5.097640138724e+05,4.488116010915e+05,5.097640136169e+05,4.488116325373e+05,4.207580204689e+05
829.80000000,2.746415857547e+13,1.931559444980e+03,2.193881472488e+03,1.931536288886e+03,2.193855258363e+03,1.931566846179e+03,1.810831501864e+03
830.00000000,4.343795453318e+13,4.330032601331e+00,4.918087467627e+00,4.324524045622e+00,4.911830997945e+00,4.339966435575e+00,4.068690635336e+00
830.20000000,2.240192390811e+13,-3.015227578367e-03,-3.424720857909e-03,1.112999944112e-02,1.264154752877e-02,2.636900056168e-03,2.472076852232e-03
830.40000000,1.645554709576e+13,-1.814171589842e-02,-2.060551358756e-02,1.490186576645e-02,1.692566521233e-02,-6.838777348144e-03,-6.411309803102e-03
830.60000000,4.146937204780e+13,-1.211217259518e-02,-1.375710756260e-02,5.397512716320e-03,6.130540607970e-03,1.098748688126e-02,1.030069832181e-02
830.80000000,1.754440769935e+13,-2.661631923987e-02,-3.023103938010e-02,-3.965448558366e-03,-4.503990021620e-03,1.101976843411e-03,1.033096207010e-03
831.00000000,3.031738318259e+13,-5.049622581891e-03,-5.735403823197e-03,9.281118463974e-03,1.054157287277e-02,1.418821391232e-02,1.330135933863e-02
831.20000000,5.521080890465e+13,-1.796954436744e-02,-2.040995971377e-02,-1.391966447257e-02,-1.581007267299e-02,-1.064119955812e-02,-9.976056182364e-03
831.40000000,3.752333027652e+13,-1.485968809166e-02,-1.687775878500e-02,-2.773262081262e-02,-3.149894534628e-02,-1.642391311654e-02,-1.539731297115e-02
831.60000000,2.092402265410e+13,-9.648491415175e-03,-1.095883774545e-02,-1.738889051173e-02,-1.975044895908e-02,-1.892070533788e-02,-1.773803962887e-02
831.80000000,3.252498241812e+13,1.448639639742e-02,1.645377093728e-02,2.817113051735e-02,3.199700837885e-02,1.593598098673e-02,1.493987973596e-02
832.00000000,2.639767613965e+13,7.146463843769e-03,8.117013774236e-03,3.233485125175e-02,3.672619761546e-02,7.520988542869e-03,7.050878412792e-03
832.20000000,4.592587333975e+13,-2.009843642751e-03,-2.282797323111e-03,3.136208983241e-02,3.562132696548e-02,1.304207125759e-02,1.222685796742e-02
832.40000000,4.097265223961e+13,-8.079258520415e-03,-9.176489817826e-03,1.132493136280e-02,1.286295285460e-02,1.855757966653e-03,1.739761164621e-03
832.60000000,3.660861398325e+13,-3.102017413603e-02,-3.523297483144e-02,9.767530744200e-03,1.109404405586e-02,-1.319039761470e-02,-1.236591297374e-02
832.80000000,5.176537083454e+13,3.546705697716e-03,4.028378178478e-03,-4.326067987963e-03,-4.913584620718e-03,1.730602909794e-02,1.622429103332e-02
833.00000000,3.452046062961e+13,1.677558215710e-02,1.905384738757e-02,-1.231295806353e-02,-1.398516194033e-02,2.006966206909e-03,1.881517917869e-03
833.20000000,3.236103101900e+13,1.723809265196e-02,1.957917069985e-02,1.502828714912e-02,1.706925568833e-02,8.684977092589e-03,8.142110195845e-03
833.40000000,3.083876065170e+13,1.969549066780e-02,2.237030404627e-02,2.471468340704e-02,2.807114650825e-02,1.326975610005e-02,1.244031104363e-02
833.60000000,4.519034771144e+13,2.347341373409e-02,2.666130085777e-02,1.751795563654e-02,1.989704221977e-02,-2.850792198413e-03,-2.672599360652e-03
833.80000000,3.094602203424e+13,3.678136226557e-02,4.177658079178e-02,1.125670692808e-02,1.278546296444e-02,7.651645856484e-03,7.173368804420e-03
834.00000000,5.161550594750e+13,-1.633698057029e-02,-1.855568001426e-02,2.872564151420e-02,3.262682666042e-02,3.037310983782e-02,2.847459522962e-02
834.20000000,5.205685189253e+13,-2.387302610364e-02,-2.711518395001e-02,-7.845346852200e-03,-8.910811329002e-03,-8.481572657866e-03,-7.951419845809e-03
834.40000000,4.339598887161e+13,-9.420831204064e-03,-1.070025936181e-02,4.515877344767e-03,5.129171694028e-03,-1.993467809648e-03,-1.868863257207e-03
834.60000000,3.749823190815e+13,-2.702873391193e-03,-3.069946343527e-03,2.825316046569e-04,3.209017868822e-04,-7.963710105906e-03,-7.465927032252e-03
834.80000000,4.204972898620e+13,1.422662902985e-02,1.615872497513e-02,1.992989102881e-02,2.263653884410e-02,4.188483463953e-03,3.926676323197e-03
835.00000000,4.720751809923e+13,2.062669790026e-02,2.342797705741e-02,1.852981310201e-02,2.104631848972e-02,4.636144460278e-03,4.346355629614e-03
835.20000000,4.529908852247e+13,1.007110840669e-02,1.143884968091e-02,2.117715402945e-02,2.405319071250e-02,2.098915781366e-03,1.967720052856e-03
835.40000000,3.169633498692e+13,1.240234142543e-03,1.408668376190e-03,1.188481954476e-03,1.349887858852e-03,-9.663751590173e-03,-9.059704995607e-03
835.60000000,4.491207541963e+13,-9.917891981851e-03,-1.126482517619e-02,-1.846107888304e-04,-2.096824958225e-04,-1.305671578728e-02,-1.224058711986e-02
835.80000000,4.406674788446e+13,1.798930400010e-03,2.043240287084e-03,2.217730370375e-02,2.518916917417e-02,4.976020952486e-03,4.664987656277e-03
836.00000000,2.798623849024e+13,1.390208817284e-03,1.579010873860e-03,-1.368440001308e-04,-1.554285730943e-04,9.356668580118e-03,8.771816647660e-03
836.20000000,4.232994389992e+13,-1.512768726234e-02,-1.718215449838e-02,-1.021252087785e-02,-1.159946761443e-02,-1.306477606400e-02,-1.224814357748e-02
836.40000000,2.548310006429e+13,-1.799876005652e-02,-2.044314313928e-02,3.546004919495e-03,4.027582387957e-03,1.755012939506e-02,1.645313349276e-02
836.60000000,4.057106220395e+13,-1.992084331590e-02,-2.262626148042e-02,-1.739810055346e-03,-1.976090980240e-03,9.976041007737e-03,9.352474317126e-03
836.80000000,3.520708729883e+13,-1.408086625059e-02,-1.599316638379e-02,9.268695243181e-03,1.052746247348e-02,1.053487295024e-02,9.876375670956e-03
837.00000000,4.680051340113e+13,1.004042602170e-03,1.140400036984e-03,-2.584842781728e-03,-2.935886300126e-03,2.759942148294e-03,2.587428022665e-03
837.20000000,4.882250522206e+13,5.304396341334e-03,6.024778003202e-03,1.928621678483e-02,2.190544819209e-02,1.541400757464e-02,1.445053301746e-02
837.40000000,4.057409273077e+13,-2.923609430938e-03,-3.320660195056e-03,1.379693113035e-02,1.567067110453e-02,2.689207269056e-02,2.521114528074e-02
837.60000000,2.382494296168e+13,-3.505584478490e-03,-3.981672351628e-03,3.430335997570e-03,3.896204647837e-03,2.952754896004e-02,2.768188734211e-02
837.80000000,4.566433343262e+13,-9.730040700397e-04,-1.105146210987e-03,1.541491339805e-02,1.750838905285e-02,2.383514545370e-02,2.234529564662e-02
838.00000000,4.578555072874e+13,1.260051848804e-03,1.431177493736e-03,2.451084406148e-02,2.783962405502e-02,2.146887845821e-02,2.012693554910e-02
838.20000000,4.266541644393e+13,-2.413119522890e-03,-2.740841461508e-03,1.584368682201e-02,1.799539353536e-02,-1.320407980799e-02,-1.237873994200e-02
838.40000000,3.597182063132e+13,3.777066163871e-04,4.290023534521e-04,2.181184140724e-02,2.477407400586e-02,-2.474667725430e-04,-2.319985085017e-04
838.60000000,4.277991346728e+13,2.855949968268e-02,3.243812007972e-02,2.070154204454e-02,2.351298659620e-02,2.304254512877e-02,2.160223793697e-02
838.80000000,4.920466486512e+13,-6.741084604676e-03,-7.656580623037e-03,3.185619282059e-02,3.618253331974e-02,3.006385913031e-03,2.818467467925e-03
839.00000000,2.430709235323e+13,1.358500903588e-02,1.542996758648e-02,8.467278366328e-02,9.617206404498e-02,3.114707261086e-02,2.920018035419e-02
839.20000000,2.754693677488e+13,-8.472593763307e-03,-9.623243296784e-03,-6.422428876394e-03,-7.294649053716e-03,6.770262862031e-03,6.347077912795e-03
839.40000000,2.702661436672e+13,4.761263404196e-03,5.407883042510e-03,-5.229754878670e-04,-5.939999836674e-04,-1.912902593124e-02,-1.793333884602e-02
839.60000000,2.718966674050e+13,-3.952294338130e-03,-4.489049169457e-03,-4.223089158762e-03,-4.796620395276e-03,-3.196226380377e-02,-2.996441685736e-02
839.80000000,3.429193676812e+13,1.141848759731e-02,1.296921430437e-02,3.143415258741e-03,3.570317645229e-03,-5.531504477648e-03,-5.185749890376e-03
840.00000000,2.322656105065e+13,4.615082963913e-03,5.241850068266e-03,-2.539765979668e-03,-2.884687686980e-03,-2.868662597690e-02,-2.689352745100e-02
840.20000000,4.204283029395e+13,-5.824079325628e-02,-6.615038310111e-02,3.160026344823e-03,3.589184657336e-03,-4.172296558104e-02,-3.911501203016e-02
840.40000000,3.175732684504e+13,-3.738819489999e-02,-4.246582640471e-02,-3.827962329735e-02,-4.347831999962e-02,-6.191530325252e-02,-5.804519879751e-02
840.60000000,1.999535141328e+13,1.357896452439e-03,1.542310217947e-03,7.678576355894e-03,8.721391988363e-03,5.493037338527e-03,5.149687194725e-03
840.80000000,4.342923776481e+13,1.212351524917e-02,1.376999064446e-02,3.345391284110e-02,3.799723723627e-02,2.544019059699e-02,2.385001515096e-02
841.00000000,2.135464385823e+13,-1.242989410202e-02,-1.411797832383e-02,9.313052305881e-04,1.057784360058e-03,3.077486720986e-03,2.885124018335e-03
841.20000000,3.195674698933e+13,-1.394019628054e-02,-1.583339224802e-02,9.774271653970e-03,1.110170043821e-02,1.247683412828e-02,1.169695179213e-02
841.40000000,2.822292168469e+13,1.481211704456e-04,1.682372718942e-04,1.138202380330e-02,1.292779893154e-02,2.329866793064e-02,2.184235141732e-02
841.60000000,3.133921536202e+13,2.282205082320e-02,2.592147738210e-02,2.356106566854e-02,2.676085772087e-02,1.172363067157e-02,1.099082839318e-02
841.80000000,1.689009168120e+13,3.656589910740e-02,4.153185592352e-02,3.837971752787e-02,4.359200787348e-02,1.926178989552e-02,1.805780420910e-02
842.00000000,2.202450716661e+13,6.691118605938e-02,7.599828821186e-02,6.345497275130e-02,7.207269490134e-02,3.898521659272e-02,3.654838995231e-02
842.20000000,1.791228340645e+13,1.698608968337e-02,1.929294360742e-02,4.003360635280e-02,4.547050879328e-02,4.158894835580e-02,3.898937174298e-02
842.40000000,3.630361903725e+13,1.595098015641e-03,1.811725749582e-03,3.337787553515e-02,3.791087342087e-02,2.981911266181e-02,2.795522643830e-02
842.60000000,2.918921058832e+13,-1.458498162675e-02,-1.656574487038e-02,2.628590560979e-02,2.985575397921e-02,1.401467339294e-02,1.313866621726e-02
842.80000000,4.440061255349e+13,3.034961686004e-03,3.447135023436e-03,8.589954609606e-03,9.756543119496e-03,-4.653067128702e-03,-4.362220522480e-03
843.00000000,4.219895629592e+13,1.648174457516e-03,1.872010418924e-03,-2.288077514770e-03,-2.598817799180e-03,-1.408104240446e-02,-1.320088673893e-02
843.20000000,5.429048271183e+13,1.321801465371e-02,1.501313227881e-02,-2.394740952254e-03,-2.719967033884e-03,-1.908709399150e-02,-1.789402792206e-02
843.40000000,1.911334161599e+13,4.040636648708e-03,4.589389109251e-03,-5.403067375239e-03,-6.136849636564e-03,-9.227373127245e-03,-8.650602991724e-03
843.60000000,3.811817125604e+13,-1.503854579808e-02,-1.708090687311e-02,1.546746620944e-02,1.756807898065e-02,-1.355235972799e-03,-1.270525012820e-03
843.80000000,1.919544070336e+13,-1.753519810712e-02,-1.991662557609e-02,-4.544266256102e-03,-5.161416059702e-03,-9.663423436095e-03,-9.059397353268e-03
844.00000000,3.197163651177e+13,3.967477920238e-03,4.506294809793e-03,1.253015717921e-02,1.423185853350e-02,-1.158865271791e-02,-1.086428742928e-02
844.20000000,4.097518225967e+13,-1.210036407789e-03,-1.374369534929e-03,8.123467728553e-03,9.226703373360e-03,-1.662220633318e-02,-1.558321158709e-02
844.40000000,2.867865541499e+13,5.293756364260e-03,6.012693027700e-03,-2.711253895691e-03,-3.079465112846e-03,-1.253008142774e-02,-1.174687079309e-02
844.60000000,3.419064645500e+13,-6.821791204843e-03,-7.748247858686e-03,-1.007327474224e-02,-1.144131067553e-02,-7.430111301362e-03,-6.965681583053e-03
844.80000000,4.639115690349e+13,-2.483567049283e-02,-2.820856354831e-02,-1.698939013993e-02,-1.929669305689e-02,-4.852931948187e-03,-4.549592505982e-03
845.00000000,3.948917476377e+13,-3.274109751210e-02,-3.718761408427e-02,-2.277472103616e-02,-2.586772083467e-02,-1.314687830525e-02,-1.232511390088e-02
845.20000000,3.827303786135e+13,-2.049230260649e-02,-2.327532975175e-02,-1.959062146943e-02,-2.225119360823e-02,-2.272543966934e-03,-2.130495360715e-03
845.40000000,3.798631345710e+13,-5.492999408029e-02,-6.238994953527e-02,-5.870583830472e-02,-6.667858781764e-02,-4.882307766470e-02,-4.577132146791e-02
845.60000000,5.761522087040e+13,-2.651340016574e-02,-3.011414302960e-02,-1.665083939981e-02,-1.891216426201e-02,-2.734770561278e-02,-2.563829821644e-02
845.80000000,2.435297020810e+13,-1.531321079456e-02,-1.739287368754e-02,-2.042024303386e-02,-2.319348479998e-02,-1.395791230531e-02,-1.308545306248e-02
846.00000000,4.171637368573e+13,-1.076441625676e-02,-1.222631457149e-02,-2.100289574507e-02,-2.385526667881e-02,2.463013866241e-03,2.309059666944e-03
846.20000000,1.604382756553e+13,-2.126529627264e-02,-2.415330246282e-02,-1.251226957028e-02,-1.421154163594e-02,1.603668919135e-02,1.503429303042e-02
846.40000000,3.245880265255e+13,-2.616309613231e-02,-2.971626476048e-02,-2.521454057847e-02,-2.863888851252e-02,-1.305466804522e-02,-1.223866737485e-02
846.60000000,3.959591467453e+13,-2.781163398848e-02,-3.158868793065e-02,-1.443396726426e-02,-1.639422213497e-02,-3.844932136498e-02,-3.604599162113e-02
846.80000000,3.849599999920e+13,-4.031248583319e-02,-4.578726065576e-02,-3.671228096175e-02,-4.169811931459e-02,-6.954826138342e-02,-6.520104797933e-02
847.00000000,3.046426938845e+13,-2.095619744792e-02,-2.380222541651e-02,-2.135322224698e-02,-2.425317048356e-02,-1.700113816217e-02,-1.593845774093e-02
847.20000000,4.325450542037e+13,1.056779595500e-02,1.200299157811e-02,-4.419263321027e-04,-5.019436668472e-04,1.836696896505e-02,1.721891533884e-02
847.40000000,4.520889758265e+13,1.839641009563e-02,2.089479740010e-02,9.094898093523e-03,1.033006220052e-02,3.889477812455e-02,3.646360446975e-02
847.60000000,3.599816184985e+13,1.650875694568e-02,1.875078506699e-02,3.118363749287e-03,3.541863928846e-03,2.821600664370e-02,2.645232485135e-02
847.80000000,2.532498186105e+13,1.268924011779e-02,1.441254571105e-02,1.659264229035e-02,1.884606349272e-02,2.840946963057e-02,2.663369515793e-02
848.00000000,3.052238619305e+13,1.984559627938e-02,2.254079526311e-02,1.507460858473e-02,1.712186796680e-02,1.830850301895e-02,1.716410389020e-02
848.20000000,3.608598878319e+13,2.424677073702e-02,2.753968624982e-02,2.484664493214e-02,2.822102952490e-02,3.120187290562e-02,2.925155527827e-02
848.40000000,3.446383627712e+13,3.329464366900e-02,3.781633646760e-02,3.955404715252e-02,4.492582139637e-02,3.062119678405e-02,2.870717514697e-02
848.60000000,2.584381521668e+13,2.209528643832e-02,2.509601227772e-02,4.707076313201e-02,5.346337099982e-02,2.924592524336e-02,2.741786691805e-02
848.80000000,4.256855081194e+13,1.030133304028e-02,1.170034075717e-02,2.062942573693e-02,2.343107628389e-02,1.556723838238e-02,1.459418591472e-02
849.00000000,4.895235134469e+13,1.055467906878e-02,1.198809330835e-02,1.951554861651e-02,2.216592522674e-02,1.008865187176e-02,9.458046278264e-03
849.20000000,4.461413565665e+13,9.461339591056e-03,1.074626912865e-02,1.586698066373e-02,1.802185087786e-02,2.312585007409e-03,2.168033578770e-03
849.40000000,4.324206379990e+13,2.369232512253e-02,2.690994225499e-02,2.035737182732e-02,2.312207515169e-02,3.514783037545e-02,3.295086504097e-02
849.60000000,4.549915880669e+13,1.764732673245e-02,2.004398221236e-02,4.232504321830e-02,4.807314217145e-02,4.932305081063e-02,4.624004307831e-02
849.80000000,4.561105820361e+13,1.920878236657e-02,2.181749666189e-02,4.604765952024e-02,5.230132126177e-02,5.508552070132e-02,5.164232155873e-02
850.00000000,2.603984407355e+13,4.067673582339e-02,4.620097885995e-02,8.299291531131e-02,9.426405535856e-02,8.072848906667e-02,7.568243956403e-02
850.20000000,3.724374649552e+13,1.030497559956e-02,1.170447800666e-02,1.594504804283e-02,1.811052046751e-02,2.161189771245e-02,2.026101518060e-02
850.40000000,1.545799450537e+13,-1.523266442870e-02,-1.730138844736e-02,-2.064784450985e-02,-2.345199648200e-02,-1.643507146205e-02,-1.540777384833e-02
850.60000000,3.690196785434e+13,-1.239718831410e-02,-1.408083081467e-02,-1.610187086000e-02,-1.828864115003e-02,1.082529056521e-02,1.014864031814e-02
850.80000000,5.336784541873e+13,-1.284146776057e-02,-1.458544714877e-02,-1.466075631171e-02,-1.665181105377e-02,6.398545353022e-03,5.998595137559e-03
851.00000000,4.434363924833e+13,-3.837516714570e-03,-4.358683778716e-03,6.452119392800e-03,7.328371793443e-03,1.259093702318e-02,1.180392252263e-02
851.20000000,4.212707947598e+13,-7.654340279924e-03,-8.693864104412e-03,2.049085369467e-02,2.327368498592e-02,2.773927821835e-02,2.600539501708e-02
851.40000000,2.825936263978e+13,1.667706028712e-02,1.894194541855e-02,1.041706591813e-02,1.183179160169e-02,3.075973386473e-02,2.883705276957e-02
851.60000000,3.784938303752e+13,-3.168158950827e-02,-3.598421597732e-02,-3.107128571174e-02,-3.529102918492e-02,2.269821531582e-02,2.127943095073e-02
851.80000000,3.534741448033e+13,-3.904064354375e-03,-4.434269148034e-03,-4.329001190991e-02,-4.916916177533e-02,-2.786867622692e-03,-2.612670481832e-03
852.00000000,4.282242025736e+13,5.456011132381e-03,6.196983358774e-03,-6.833588730311e-03,-7.761647894346e-03,1.643211833731e-02,1.540500531288e-02
852.20000000,3.870323044838e+13,4.938069587213e-03,5.608700993077e-03,1.153687008004e-02,1.310367464271e-02,1.885823161174e-02,1.767947091220e-02
852.40000000,3.036475273049e+13,8.363756182222e-03,9.499624656275e-03,7.766351927155e-03,8.821088224812e-03,5.977012288842e-03,5.603410599574e-03
852.60000000,2.933612595419e+13,3.255843481524e-03,3.698014425600e-03,1.257822911882e-02,1.428645904920e-02,2.562847270982e-03,2.402652842143e-03
852.80000000,4.554708137187e+13,-2.772539624548e-02,-3.149073837642e-02,1.768024166516e-03,2.008136806409e-03,1.051958027896e-02,9.862038889940e-03
853.00000000,4.279671360890e+13,-4.029677558857e-02,-4.576941682772e-02,-2.362097458430e-02,-2.682890277424e-02,-1.675259732886e-02,-1.570545230737e-02
853.20000000,5.610770615116e+13,-3.315997960946e-02,-3.766338389553e-02,1.074511784942e-03,1.220439576069e-03,-2.327418769681e-02,-2.181940135546e-02
853.40000000,4.226884688907e+13,-2.181394371573e-02,-2.477646084579e-02,1.651560895842e-02,1.875856838258e-02,-7.130762752927e-04,-6.685044243154e-04
853.60000000,2.604235789135e+13,3.764955325125e-03,4.276267941951e-03,1.580067957923e-02,1.794654554515e-02,1.463492383834e-02,1.372014702275e-02
853.80000000,2.438633397361e+13,-8.330171082427e-04,-9.461478417290e-04,1.675090888708e-02,1.902582403227e-02,-6.699487123178e-03,-6.280726112577e-03
854.00000000,2.174099455022e+13,-1.018972151195e-02,-1.157357144405e-02,9.063186166419e-04,1.029404352543e-03,-7.221352186868e-03,-6.769971255152e-03
854.20000000,2.576057766716e+13,-1.833358154656e-02,-2.082343620534e-02,-2.752484429888e-03,-3.126295102410e-03,-1.218006704561e-02,-1.141873455979e-02
854.40000000,3.181096275523e+13,-1.737067545083e-02,-1.972975935855e-02,1.599838201779e-02,1.817109764750e-02,-1.574080647141e-02,-1.475690488246e-02
854.60000000,5.431549832954e+13,-1.073962583236e-02,-1.219815739884e-02,1.631485900110e-02,1.853055488265e-02,-1.964044145698e-02,-1.841278761394e-02
854.80000000,3.946283039236e+13,8.525722281361e-04,9.683587114693e-04,2.704019704354e-02,3.071248457121e-02,2.129637589035e-02,1.996521550061e-02
855.00000000,4.506794091583e+13,-6.481944220669e-03,-7.362246794107e-03,1.537246313934e-02,1.746017368987e-02,-2.525420210251e-02,-2.367565213295e-02
855.20000000,3.701957147925e+13,-1.908009467086e-02,-2.167133209414e-02,-4.293964087130e-03,-4.877120738542e-03,9.904465393968e-03,9.285372639317e-03
855.40000000,8.949742907507e+12,-2.673006547843e-02,-3.036023331509e-02,5.017111784617e-03,5.698478011422e-03,1.034334721609e-02,9.696821526356e-03
855.60000000,2.455229664385e+13,-2.489247224548e-02,-2.827307945698e-02,9.489754178940e-03,1.077854308295e-02,1.584336103726e-02,1.485304912871e-02
855.80000000,2.411180396161e+13,-1.368369243539e-02,-1.554205302211e-02,4.450984647434e-03,5.055466019383e-03,1.460502643945e-02,1.369211840348e-02
856.00000000,3.105508607444e+13,8.844714205502e-03,1.004590082658e-02,-7.502107668554e-03,-8.520957360298e-03,3.056939135216e-02,2.865860788759e-02
856.20000000,4.595796427885e+13,4.563992351188e-03,5.183820920384e-03,-2.302266077547e-02,-2.614933288823e-02,1.666268550493e-02,1.562116055040e-02
856.40000000,4.088052901586e+13,-9.597284654339e-03,-1.090067667556e-02,-1.848366428656e-02,-2.099390227469e-02,3.216325213302e-02,3.015284212405e-02
856.60000000,4.010334934757e+13,-2.645205364237e-02,-3.004446513210e-02,-4.127801408378e-03,-4.688391762224e-03,1.966215595850e-03,1.843314481953e-03
856.80000000,3.329548572826e+13,-4.001226455811e-02,-4.544626680504e-02,-8.357975815198e-04,-9.493059642183e-04,7.955716937366e-03,7.458433488128e-03
857.00000000,2.935297582616e+13,-3.866150534163e-02,-4.391206311976e-02,1.228974269158e-02,1.395879372445e-02,1.435484120871e-02,1.345757135790e-02
857.20000000,4.107106392455e+13,-2.691987558080e-02,-3.057582122668e-02,-4.819637788955e-04,-5.474185376448e-04,2.038590398145e-02,1.911165393868e-02
857.40000000,9.194243128399e+12,-1.009815424853e-02,-1.146956857567e-02,-2.188117393824e-02,-2.485282248115e-02,1.851928773789e-02,1.736171320925e-02
857.60000000,2.962923295770e+13,-8.195561902684e-03,-9.308588178149e-03,-3.244162715848e-02,-3.684747459368e-02,-2.750605488867e-03,-2.578674964469e-03
857.80000000,4.331090171288e+13,-6.071173661618e-03,-6.895690136331e-03,-3.740223060105e-02,-4.248176995213e-02,3.291953553949e-03,3.086185295610e-03
858.00000000,4.308130436954e+13,-2.434785303738e-02,-2.765449637722e-02,-2.196418565371e-02,-2.494710788988e-02,-9.419340724759e-03,-8.830571380394e-03
858.20000000,2.377326172368e+13,-2.963913022046e-02,-3.366437353008e-02,5.116861929606e-03,5.811775070020e-03,-3.254250081185e-02,-3.050838532257e-02
858.40000000,3.836475624560e+13,-2.876625861046e-02,-3.267295860985e-02,2.408542415522e-04,2.735642852634e-04,-1.410504551926e-02,-1.322338950476e-02
858.60000000,2.776818574075e+13,-1.523089398137e-02,-1.729937755839e-02,6.939231306812e-03,7.881637626508e-03,-5.208432895691e-03,-4.882872359049e-03
858.80000000,4.049850420008e+13,3.491362403402e-03,3.965518799059e-03,6.952490015612e-03,7.896696980136e-03,-1.127113569794e-02,-1.056661726411e-02
859.00000000,4.483718023389e+13,-1.801977368309e-03,-2.046701059318e-03,-1.105685923617e-02,-1.255847426519e-02,-6.509794431343e-03,-6.102890433357e-03
859.20000000,3.788858340959e+13,-1.010100834025e-02,-1.147281027706e-02,-1.876012826425e-02,-2.130791239953e-02,-1.574882871518e-02,-1.476442568443e-02
859.40000000,2.582700390480e+13,-3.458379610432e-02,-3.928056665239e-02,-4.289907557059e-02,-4.872513297369e-02,-3.766131649977e-02,-3.530724212542e-02
859.60000000,4.527860330679e+13,-2.756496944475e-02,-3.130852426610e-02,-3.821151481263e-02,-4.340096180645e-02,-8.137385187249e-02,-7.628746304600e-02
859.80000000,4.043663278305e+13,-2.479249373229e-05,-2.815952301987e-05,-2.018830022034e-02,-2.293004219007e-02,-3.873902854937e-02,-3.631759024420e-02
860.00000000,4.238827824933e+13,1.788825910203e-02,2.031763522526e-02,5.210080275809e-03,5.917653256296e-03,9.659113466578e-04,9.055356784555e-04
860.20000000,3.673145535755e+13,1.498412672479e-02,1.701909723171e-02,1.826926833074e-03,2.075038953421e-03,-1.406699757383e-02,-1.318771980049e-02
860.40000000,3.993129171073e+13,-8.723620788236e-03,-9.908361904196e-03,-9.336065710675e-03,-1.060398242044e-02,-2.259603447573e-02,-2.118363706998e-02
860.60000000,5.127631230480e+13,-2.472993516982e-02,-2.808846847863e-02,-2.291604491984e-02,-2.602823769740e-02,-3.588599465476e-02,-3.364288930778e-02
860.80000000,3.176914012951e+13,-5.063176940884e-03,-5.750798978207e-03,-1.151559099873e-02,-1.307950568213e-02,-1.416555507415e-02,-1.328011682350e-02
861.00000000,3.786889234807e+13,-1.744185483548e-02,-1.981060550265e-02,-2.899616309234e-02,-3.293408735757e-02,-4.257613463751e-02,-3.991485253629e-02
861.20000000,3.115344367023e+13,2.329726970049e-02,2.646123498209e-02,-1.505814876346e-02,-1.710317276254e-02,-2.823474144475e-02,-2.646988860690e-02
861.40000000,4.110662273570e+13,3.599005145217e-02,4.087780331071e-02,3.420108571549e-03,3.884588250834e-03,6.175969625033e-03,5.789931823324e-03
861.60000000,3.346738434773e+13,1.960141212983e-02,2.226344885114e-02,-4.706871893540e-04,-5.346104918397e-04,4.427284177241e-03,4.150550456855e-03
861.80000000,3.788661869492e+13,-3.177852274403e-03,-3.609431356223e-03,-1.369880370367e-02,-1.555921714311e-02,-1.294844021677e-02,-1.213907946852e-02
862.00000000,5.415437381132e+13,-1.681284273875e-03,-1.909616826977e-03,3.463311897801e-04,3.933658954311e-04,5.352225205317e-03,5.017676725004e-03
862.20000000,4.114762124382e+13,-7.334297752435e-03,-8.330357108399e-03,1.375219698260e-02,1.561986168105e-02,-9.101395879884e-03,-8.532500132126e-03
862.40000000,3.358311449412e+13,-1.488220595448e-02,-1.690333476308e-02,1.369784055039e-02,1.555812318547e-02,-2.380432640617e-02,-2.231640298767e-02
862.60000000,3.176605749113e+13,4.078252598110e-03,4.632113621135e-03,1.980129473006e-02,2.249047808001e-02,-8.549252792662e-03,-8.014869537121e-03
862.80000000,2.333688963080e+13,3.067627104551e-02,3.484236680714e-02,2.313741720037e-02,2.627967420651e-02,4.783438843391e-03,4.484443166950e-03
863.00000000,2.928155003988e+13,3.526937292949e-02,4.005925057984e-02,2.369540510731e-02,2.691344159198e-02,2.370202064628e-02,2.222049199541e-02
863.20000000,3.095048912194e+13,3.143853237731e-02,3.570814964255e-02,2.090396603949e-02,2.374290148223e-02,2.006605413646e-02,1.881179676504e-02
863.40000000,5.020609636660e+13,1.335773166633e-02,1.517182403752e-02,9.101344878294e-04,1.033738451321e-03,8.318896614528e-03,7.798912100888e-03
863.60000000,4.641893968892e+13,1.744065505471e-02,1.980924278155e-02,1.633896507777e-02,1.855793476847e-02,1.605889318707e-02,1.505510913367e-02
863.80000000,3.888282668457e+13,7.336029782727e-03,8.332324362980e-03,1.667292653910e-02,1.893725102167e-02,-2.312909833907e-03,-2.168338101524e-03
864.00000000,4.078662454547e+13,-7.090946172531e-03,-8.053956336037e-03,6.599402780075e-03,7.495657510776e-03,-2.120333679609e-02,-1.987799194781e-02
864.20000000,5.889823065846e+13,4.043027779222e-02,4.592104975410e-02,2.021616667769e-02,2.296169314809e-02,3.481586111281e-02,3.263964599120e-02
864.40000000,3.243616885372e+13,1.257591110868e-01,1.428382566879e-01,8.533877778760e-02,9.692850580592e-02,4.491399998634e-02,4.210658627263e-02
864.60000000,3.335881412637e+13,-1.796044443458e-02,-2.039962393345e-02,1.436968888706e-01,1.632121421033e-01,-3.592444442624e-02,-3.367893572138e-02
864.80000000,2.657063576123e+13,4.040755555062e-02,4.589524164087e-02,3.591444443742e-02,4.079192984030e-02,7.183244443495e-02,6.734245490703e-02
865.00000000,3.229279432071e+13,1.122244444202e-02,1.274654683881e-02,-5.611111112154e-03,-6.373147473072e-03,1.571211110517e-02,1.473000316107e-02
865.20000000,4.484367381047e+13,-3.085847222292e-03,-3.504931243774e-03,-1.178090277979e-02,-1.338084904769e-02,-1.935411111032e-02,-1.814435475452e-02
865.40000000,4.885740996678e+13,-3.505760414559e-03,-3.981872181296e-03,-2.369763540925e-02,-2.691597478779e-02,-1.472327429928e-02,-1.380297501195e-02
865.60000000,4.425863036029e+13,8.970888894964e-03,1.018921110068e-02,2.018738891433e-02,2.292900712100e-02,2.243033334320e-02,2.102829332339e-02
865.80000000,3.765513192188e+13,4.485311112781e-02,5.094454107665e-02,1.704371110822e-01,1.935839127224e-01,8.073266668943e-02,7.568635605852e-02
866.00000000,2.030401650878e+13,1.434959999886e-01,1.629839643659e-01,-1.333318143265e-06,-1.514394026970e-06,2.152542221978e-01,2.017994496210e-01
866.20000000,3.572587737638e+13,7.622133332325e-02,8.657283182294e-02,8.967199999162e-02,1.018502162458e-01,7.174311109894e-02,6.725870547877e-02
866.40000000,4.391450996833e+13,1.680972221875e-02,1.909262395690e-02,4.034449999389e-02,4.582362442110e-02,1.111108145493e-07,1.041656747181e-07
866.60000000,4.653731394708e+13,-3.676385414836e-03,-4.175669492491e-03,4.341996527580e-03,4.931676390777e-03,-1.750618056066e-03,-1.641193174302e-03
866.80000000,4.811990966794e+13,7.087484915460e-03,8.050025011130e-03,3.184899304749e-03,3.617435575654e-03,-4.758969291680e-03,-4.461503119515e-03
867.00000000,4.473681015526e+13,-5.147411343495e-03,-5.846473121561e-03,-1.570522051868e-03,-1.783812233656e-03,2.763958177601e-04,2.591193024327e-04
867.20000000,3.400060757748e+13,7.195958458835e-03,8.173230174545e-03,1.123000057141e-02,1.275512965859e-02,1.343362834757e-02,1.259394022228e-02
867.40000000,4.779880331542e+13,2.145588474080e-02,2.436977444884e-02,2.512488961610e-02,2.853706219098e-02,3.576676365812e-02,3.353111101487e-02
867.60000000,4.041685838342e+13,1.367752509813e-02,1.553504810855e-02,1.685170754798e-02,1.914031200411e-02,3.327368564554e-02,3.119386640399e-02
867.80000000,4.102617156789e+13,3.294711113711e-02,3.742160609325e-02,3.797857958011e-02,4.313639199865e-02,4.339372742915e-02,4.068134052283e-02
868.00000000,4.137858974134e+13,1.382741825924e-02,1.570529802235e-02,3.829379164723e-02,4.349441253128e-02,1.441108725905e-02,1.351030166852e-02
868.20000000,4.376521346645e+13,2.112168116867e-02,2.399018321915e-02,2.637321037873e-02,2.995491547440e-02,1.081707904128e-03,1.014094206724e-03
868.40000000,3.359626160093e+13,1.891337843797e-02,2.148197439384e-02,1.570657313890e-02,1.783965865405e-02,9.233614302691e-03,8.656454053586e-03
868.60000000,3.990393122746e+13,5.726512154836e-03,6.504220696459e-03,6.893061255768e-03,7.829197291919e-03,1.563186933381e-02,1.465477701623e-02
868.80000000,2.616076469125e+13,7.386673863777e-03,8.389846336428e-03,6.693861763852e-03,7.602944823705e-03,2.628822431863e-02,2.464504131370e-02
869.00000000,3.957585819491e+13,1.912672013928e-02,2.172428969355e-02,8.874164500910e-03,1.007935111855e-02,3.897765433080e-02,3.654130038037e-02
869.20000000,4.585161537309e+13,2.964744909382e-02,3.367382217645e-02,2.399128583240e-02,2.724950542278e-02,4.419214698999e-02,4.142985372875e-02
869.40000000,2.142767949030e+13,1.787906114819e-02,2.030718811189e-02,2.029938218771e-02,2.305621002841e-02,1.917517020834e-02,1.797659880918e-02
869.60000000,3.494810522928e+13,5.715792577619e-04,6.492045310450e-04,2.511912509163e-02,2.853051479532e-02,1.909056431914e-02,1.789728133192e-02
869.80000000,5.466777759440e+13,-1.738412582707e-03,-1.974503640907e-03,1.664785408105e-02,1.890877351171e-02,1.468143356083e-02,1.376374958861e-02
870.00000000,4.145125242604e+13,1.430950495734e-02,1.625285615101e-02,3.865037307633e-03,4.389942073526e-03,1.680659211832e-02,1.575607207540e-02
870.20000000,4.195304389210e+13,9.044777921758e-03,1.027313487912e-02,-1.579268503340e-02,-1.793746527236e-02,-2.179087842557e-02,-2.042880844863e-02
870.40000000,3.678551418481e+13,3.450971350853e-03,3.919642301667e-03,-1.319899909944e-02,-1.499153484512e-02,-2.130895077029e-02,-1.997700436971e-02
870.60000000,4.871584167862e+13,-4.260567648043e-03,-4.839188589106e-03,-5.867331387105e-03,-6.664164629070e-03,-1.313055566517e-02,-1.230981153074e-02
870.80000000,2.402487398264e+13,1.113433978463e-02,1.264647682751e-02,2.536706078245e-03,2.881212225058e-03,1.567132413091e-02,1.469176563489e-02
871.00000000,3.822718530548e+13,7.095618737369e-03,8.059263474503e-03,1.368540762914e-02,1.554400176833e-02,1.575356267316e-02,1.476886373960e-02
871.20000000,4.113534380811e+13,-7.335480088509e-03,-8.331700015661e-03,2.286548630051e-02,2.597081278983e-02,3.792793985382e-02,3.555719980594e-02
871.40000000,5.574357135744e+13,5.521460445866e-03,6.271321239814e-03,9.947054022435e-03,1.129794811410e-02,-1.638664950960e-03,-1.536237857918e-03
871.60000000,3.296627070728e+13,7.581617693102e-03,8.611265178310e-03,-6.770921937355e-03,-7.690470420725e-03,-1.813233431304e-02,-1.699894686085e-02
871.80000000,4.861484140790e+13,-5.398551867108e-03,-6.131720641733e-03,-6.220808435944e-03,-7.065646851676e-03,-3.083179292053e-02,-2.890460767118e-02
872.00000000,4.103834614339e+13,4.975345758283e-03,5.651039581874e-03,4.540598358976e-03,5.157250031115e-03,4.244760515122e-03,3.979435696910e-03
872.20000000,4.259979136467e+13,1.512451337323e-02,1.717854956842e-02,1.430167442590e-02,1.624396280991e-02,3.222587878394e-02,3.021155420671e-02
872.40000000,3.683947241646e+13,2.207285644416e-02,2.507053610160e-02,3.203642927859e-02,3.638724741359e-02,5.032216751682e-02,4.717670856787e-02
872.60000000,4.099622817514e+13,8.219734311065e-03,9.336043403010e-03,1.309832055920e-02,1.487718330734e-02,4.575467123994e-02,4.289471016891e-02
872.80000000,3.983759086710e+13,-2.358092509659e-03,-2.678341316805e-03,3.792587313910e-03,4.307652757704e-03,1.925206050813e-02,1.804868297097e-02
873.00000000,3.984035217436e+13,-6.986643677558e-03,-7.935488684498e-03,-2.237855277065e-03,-2.541774956698e-03,-6.897998686351e-03,-6.466829426987e-03
873.20000000,3.560677892552e+13,-1.557622485737e-02,-1.769160727345e-02,1.280777683783e-02,1.454718129051e-02,-2.210166497318e-02,-2.072016883923e-02
873.40000000,5.224652570830e+13,-1.842918882376e-02,-2.093202775536e-02,7.358872513205e-03,8.358269659036e-03,-5.071695422539e-03,-4.754681856940e-03
873.60000000,4.932865140465e+13,-2.862792669696e-02,-3.251584005839e-02,1.242500247830e-02,1.411242293455e-02,1.110017536861e-02,1.040634305433e-02
873.80000000,5.777072384348e+13,-2.740053230325e-02,-3.112175517697e-02,1.523098296740e-02,1.729947931362e-02,8.206888357000e-03,7.693905079463e-03
874.00000000,3.842821254820e+13,-2.911629082495e-03,-3.307052814474e-03,-4.523719975507e-03,-5.138079420373e-03,-8.220526136635e-03,-7.706690410205e-03
874.20000000,4.653811599495e+13,2.374961594791e-02,2.697501365659e-02,1.239570610261e-02,1.407914786318e-02,5.156256178979e-03,4.833957022533e-03
874.40000000,5.307233059484e+13,-6.929562240667e-03,-7.870655108113e-03,1.327030949759e-02,1.507252979864e-02,-2.767108368532e-02,-2.594146308072e-02
874.60000000,3.288514253260e+13,-1.351768542752e-02,-1.535350086555e-02,-7.415936872611e-03,-8.423083841231e-03,-2.007539439582e-02,-1.882055319815e-02
874.80000000,3.987099125922e+13,-2.544356066625e-02,-2.889901032293e-02,-7.983619352210e-03,-9.067862404345e-03,-1.283897534926e-02,-1.203645685889e-02
875.00000000,5.134303630787e+13,-2.486736919146e-02,-2.824456719697e-02,8.199272862456e-03,9.312803485784e-03,2.917201261565e-02,2.734857430469e-02
875.20000000,2.175963221728e+13,-2.111973522488e-02,-2.398797299982e-02,1.981721678443e-02,2.250856248408e-02,2.951901106813e-02,2.767388312332e-02
875.40000000,6.532064293367e+13,1.666341757155e-02,1.892644990739e-02,4.537767492724e-02,5.154034709275e-02,3.353700160788e-02,3.144072342604e-02
875.60000000,3.766038125738e+13,5.604433870862e-02,6.365563154180e-02,4.666617964272e-02,5.300384164978e-02,5.088037787088e-02,4.770002718654e-02
875.80000000,4.537769429602e+13,2.484120326484e-02,2.821484771732e-02,1.949508340114e-02,2.214268066198e-02,8.344826555151e-03,7.823221253541e-03
876.00000000,3.318763315492e+13,8.710390620266e-03,9.893334968079e-03,2.224862878035e-03,2.527018079961e-03,-3.301722559336e-02,-3.095343675364e-02
876.20000000,5.197193800078e+13,-7.936054388182e-03,-9.013837359313e-03,-2.966247777527e-02,-3.369089321169e-02,-8.201494376216e-03,-7.688848257151e-03
876.40000000,5.675134797554e+13,-2.600089259812e-02,-2.953203262133e-02,-3.567440776799e-02,-4.051929416037e-02,-2.203366929895e-02,-2.065642333173e-02
876.60000000,2.363503698795e+13,-6.868904218444e-03,-7.801759216010e-03,-1.791366365237e-02,-2.034649073198e-02,-1.518243376297e-02,-1.423343405761e-02
876.80000000,2.913524360753e+13,1.510281383233e-03,1.715390304726e-03,-1.241878175157e-02,-1.410535738051e-02,-1.685475052889e-02,-1.580122027573e-02
877.00000000,4.463306863982e+13,-2.585429491293e-03,-2.936552573680e-03,-1.919934160298e-02,-2.180677462555e-02,-1.757281940506e-02,-1.647440523127e-02
877.20000000,6.302668126965e+13,7.458880276718e-03,8.471858987894e-03,-2.227741767587e-02,-2.530287947070e-02,-1.424406891245e-02,-1.335372304221e-02
877.40000000,4.126391476467e+13,1.285723344734e-03,1.460335394849e-03,-1.157319352116e-02,-1.314493111444e-02,-6.823196634166e-02,-6.396702983904e-02
877.60000000,5.183073738263e+13,-4.632988227781e-03,-5.262187017647e-03,-2.876475924351e-02,-3.267125690832e-02,-2.639013487555e-02,-2.474058180572e-02
877.80000000,3.085495067449e+13,9.405754969694e-03,1.068313564794e-02,-6.944802017384e-03,-7.887964886705e-03,6.490557367164e-03,6.084855809349e-03
878.00000000,5.584136582186e+13,-1.186635566664e-02,-1.347790662652e-02,4.512146747487e-03,5.124934450075e-03,-8.526715326339e-03,-7.993740807318e-03
878.20000000,2.406409484619e+13,-2.962138944687e-03,-3.364422341014e-03,-9.901021796170e-03,-1.124566432206e-02,-4.759124958662e-03,-4.461649056310e-03
878.40000000,3.825130621860e+13,-1.540787639874e-02,-1.750039567742e-02,-1.537247653796e-02,-1.746018890814e-02,-1.300911854929e-02,-1.219596501521e-02
878.60000000,3.659076317214e+13,1.247557270217e-02,1.416986046229e-02,1.280669102424e-02,1.454594801425e-02,7.205482164643e-03,6.755093211332e-03
878.80000000,3.784735490369e+13,4.018243079409e-02,4.563954304789e-02,1.587397320407e-02,1.802979306434e-02,2.164597449361e-02,2.029296194389e-02
879.00000000,3.857066504480e+13,2.022135426064e-02,2.296758434039e-02,2.191879039706e-02,2.489554757332e-02,1.733979768748e-02,1.625594886895e-02
879.20000000,4.612533126961e+13,1.639448605077e-02,1.862099522292e-02,6.332044289572e-03,7.191989475321e-03,9.308656655815e-03,8.726805777256e-03
879.40000000,2.911252006617e+13,1.137303917977e-02,1.291759360926e-02,2.534419243242e-02,2.878614818513e-02,2.418038825490e-02,2.266895855347e-02
879.60000000,4.969721389778e+13,-1.492502301482e-02,-1.695196674055e-02,1.307601345783e-02,1.485184671288e-02,1.132025716128e-03,1.061266832023e-03
879.80000000,5.804633683837e+13,-1.993139449653e-02,-2.263824560017e-02,-1.383692009542e-02,-1.571609090937e-02,1.152982401557e-02,1.080913589900e-02
880.00000000,5.139566305926e+13,-4.246314313335e-02,-4.822999531597e-02,-2.569360958594e-02,-2.918301914429e-02,-1.665619833076e-02,-1.561507886632e-02
880.20000000,1.579046340932e+13,-2.138716354876e-02,-2.429172034061e-02,-2.421475492902e-03,-2.750332351335e-03,8.912854058791e-03,8.355743386829e-03
880.40000000,2.415426558732e+13,1.009332990133e-02,1.146408904153e-02,-2.093426500385e-03,-2.377731530229e-03,-4.897114662512e-03,-4.591013516649e-03
880.60000000,2.992494565307e+13,-5.163691456258e-03,-5.864964210641e-03,1.147904540370e-03,1.303799688612e-03,-8.160584798929e-03,-7.650495791419e-03
880.80000000,4.422177383224e+13,1.742133521836e-02,1.978729914883e-02,1.732011974943e-02,1.967233854544e-02,8.330856224961e-03,7.810124158791e-03
881.00000000,4.714530622662e+13,8.976771559848e-03,1.019589268096e-02,1.820376253914e-02,2.067598750191e-02,1.408170347015e-02,1.320150648377e-02
881.20000000,3.441306962698e+13,5.569954883594e-03,6.326401630286e-03,3.539407783057e-03,4.020089304576e-03,2.048197581705e-02,1.920172066699e-02
881.40000000,2.339676493361e+13,-3.811587489308e-03,-4.329233146458e-03,-1.531044058292e-02,-1.738972794556e-02,2.250694111992e-02,2.110011262162e-02
881.60000000,3.279294719860e+13,4.258368057681e-03,4.836690275863e-03,-1.217062103195e-02,-1.382349433564e-02,7.510510356418e-03,7.041055180350e-03
881.80000000,4.023042666343e+13,1.935134855171e-02,2.197942453472e-02,9.952103231327e-03,1.130368304828e-02,2.385329064394e-02,2.236230664583e-02
882.00000000,3.969236742949e+13,2.216837952734e-02,2.517903202334e-02,6.578728116330e-03,7.472175052781e-03,9.992042661889e-03,9.367475765032e-03
882.20000000,3.958836107168e+13,-5.784737720749e-03,-6.570353784213e-03,1.232801604391e-02,1.400226492183e-02,1.560013153018e-02,1.462502302934e-02
882.40000000,2.959783169465e+13,1.777163549239e-02,2.018517314801e-02,1.894075680516e-02,2.151307182448e-02,1.983403296618e-02,1.859427840937e-02
882.60000000,4.223402481786e+13,6.500599477841e-03,7.383435592196e-03,1.692740550863e-02,1.922629038825e-02,1.378568178102e-02,1.292398805308e-02
882.80000000,5.110245132254e+13,4.129754504348e-03,4.690609919651e-03,1.083235374497e-02,1.230347902889e-02,5.674976276664e-03,5.320253779694e-03
883.00000000,4.148234685032e+13,1.610608857568e-02,1.829343094372e-02,1.528801284691e-02,1.736425433325e-02,4.543867884793e-03,4.259846933266e-03
883.20000000,5.347659940180e+13,3.581735996921e-02,4.068165887110e-02,1.486934505120e-02,1.688872790881e-02,1.273686324196e-02,1.194072741469e-02
883.40000000,4.194819759258e+13,1.023481726717e-02,1.162479158232e-02,2.300693883237e-03,2.613147577225e-03,4.897589937943e-03,4.591459084311e-03
883.60000000,5.856815401870e+13,6.165482250966e-03,7.002806625760e-03,-2.419886834093e-02,-2.748527939219e-02,-1.959006765155e-02,-1.836556249516e-02
883.80000000,3.033131487323e+13,-1.664497691759e-02,-1.890550485744e-02,1.679656150631e-02,1.907767666343e-02,-4.568459087141e-03,-4.282901027390e-03
884.00000000,4.815863183769e+13,-7.285623047529e-03,-8.275071968948e-03,-1.103258212305e-02,-1.253090011471e-02,-1.690214809015e-02,-1.584565518473e-02
884.20000000,4.524210362120e+13,3.744571985755e-04,4.253116373564e-04,-2.012370213492e-02,-2.285667113813e-02,2.654962411153e-03,2.489010193923e-03
884.40000000,4.538550297735e+13,-4.028554135240e-03,-4.575665688773e-03,-2.854373956327e-02,-3.242022088560e-02,-2.209839198533e-02,-2.071710043415e-02
884.60000000,4.528965711376e+13,-6.127919723690e-03,-6.960142791174e-03,-1.335945097498e-02,-1.517377744283e-02,-1.896506099875e-02,-1.777962277580e-02
884.80000000,3.912702344106e+13,1.824411605226e-03,2.072182054403e-03,-1.798889103102e-02,-2.043193462510e-02,-1.790234656313e-02,-1.678333482371e-02
885.00000000,1.262968641705e+13,0.000000000000e+00,4.698214110269e-16,0.000000000000e+00,4.698207946552e-16,0.000000000000e+00,3.166522489141e-16
