wavelength_nm,measurement,init_raw,init_fit,opt_raw,opt_fit,truth_raw,truth_fit
270.00000000,-4.186378821922e+12,-1.843326958549e-02,-2.093666271887e-02,7.874393717441e-03,8.943803004289e-03,-6.104672580290e-03,-5.723091302185e-03
270.20000000,1.436617403645e+13,-5.695982530377e-03,-6.469544892077e-03,1.326160617403e-02,1.506264449012e-02,1.923119778102e-03,1.802912429841e-03
270.40000000,-9.409173216356e+12,-3.750756835934e-03,-4.260141178441e-03,1.216310492620e-02,1.381495747914e-02,-4.115173339840e-03,-3.857948553091e-03
270.60000000,-8.071650145629e+12,-1.120187717024e-03,-1.272318635843e-03,-8.542220052083e-03,-9.702325805210e-03,-1.368810763888e-02,-1.283251292205e-02
270.80000000,-1.735665062467e+13,-3.902324218746e-02,-4.432292687342e-02,-3.350210503469e-02,-3.805197433747e-02,-3.546046006941e-02,-3.324395336941e-02
271.00000000,7.138461257223e+12,-1.663166469996e-02,-1.889038472863e-02,-1.556033359102e-02,-1.767355853834e-02,-1.472122226290e-02,-1.380105124104e-02
271.20000000,-2.444097516778e+13,-1.983606143526e-02,-2.252996550692e-02,-1.585917816160e-02,-1.801298872993e-02,-1.629268781872e-02,-1.527429009798e-02
271.40000000,4.534313120179e+12,-1.779137878416e-02,-2.020759774494e-02,-9.276681857628e-03,-1.053653373774e-02,-1.224779256184e-02,-1.148222679590e-02
271.60000000,-4.300444078988e+12,-1.492444356280e-02,-1.695130859406e-02,7.369205051150e-04,8.370005443054e-04,-8.753112792950e-03,-8.205986976945e-03
271.80000000,-2.239873671749e+13,1.126148037380e-02,1.279088417863e-02,2.856156853567e-02,3.244047118329e-02,1.085129326714e-02,1.017301768405e-02
272.00000000,8.104237801819e+12,1.755234781899e-02,1.993610436316e-02,2.586806708439e-02,2.938116944700e-02,1.947469278970e-02,1.825739930382e-02
272.20000000,9.187779590973e+12,1.346308186847e-02,1.529148168367e-02,1.407022840709e-02,1.598108446364e-02,2.709724799258e-02,2.540349580749e-02
272.40000000,1.006936854451e+13,-1.142232937286e-03,-1.297357782537e-03,-4.891253662106e-03,-5.555527291071e-03,-5.722968207534e-04,-5.365245906382e-04
272.60000000,3.771008986020e+12,-7.808308241097e-03,-8.868742210417e-03,-7.511717393659e-03,-8.531872167373e-03,-1.356707492403e-02,-1.271904552990e-02
272.80000000,6.183136745491e+12,-1.022540283202e-02,-1.161409858765e-02,-1.025246175128e-02,-1.164483279638e-02,-1.525186292858e-02,-1.429852345407e-02
273.00000000,-5.785421389967e+12,-5.741872829850e-03,-6.521667480404e-03,4.958867730040e-03,5.632323921469e-03,-1.112814466686e-02,-1.043256409164e-02
273.20000000,-6.705857201014e+12,1.118239339188e-03,1.270105651902e-03,1.656443752710e-02,1.881402828400e-02,8.140197753902e-03,7.631383067757e-03
273.40000000,-3.488115740294e+13,-2.959673394092e-03,-3.361621947899e-03,7.503735351549e-03,8.522806096415e-03,1.193162095811e-02,1.118581794981e-02
273.60000000,1.363854969678e+13,-3.917826334632e-04,-4.449900121018e-04,2.787102593164e-04,3.165614705146e-04,2.108953247067e-02,1.977130112428e-02
273.80000000,1.008708443471e+12,-4.213663737083e-04,-4.785914732317e-04,-1.281697794594e-02,-1.455763198695e-02,1.070521308049e-02,1.003606844809e-02
274.00000000,-9.949488855323e+12,-9.917605929888e-03,-1.126450027597e-02,-7.005183919268e-03,-7.956547161716e-03,3.980699327025e-04,3.731880030501e-04
274.20000000,-1.449287399454e+13,-3.211008707665e-03,-3.647090712147e-03,-1.017801378036e-02,-1.156027416115e-02,-1.965242919917e-02,-1.842402604519e-02
274.40000000,-3.032005126173e+13,8.927404106983e-03,1.013982071255e-02,2.200404188374e-03,2.499237693315e-03,3.384801567934e-03,3.173229711879e-03
274.60000000,1.335246201233e+13,1.189999728732e-02,1.351611706239e-02,9.028113471125e-03,1.025420766138e-02,1.403484293618e-02,1.315757503439e-02
274.80000000,4.561930789856e+12,1.180157199435e-02,1.340432478634e-02,6.612196858712e-03,7.510189133534e-03,8.968638780382e-03,8.408041204727e-03
275.00000000,1.161300884675e+12,1.287137654621e-02,1.461941779921e-02,2.323526340074e-03,2.639080874871e-03,1.493070882161e-02,1.399744354321e-02
275.20000000,-2.009010676684e+13,1.360977511932e-02,1.545809711248e-02,1.315241427950e-02,1.493862341250e-02,2.146962483719e-02,2.012763527460e-02
275.40000000,-5.308893163288e+12,-1.820052083330e-03,-2.067230472746e-03,9.820323350691e-03,1.115400634495e-02,4.222092013911e-03,3.958184122742e-03
275.60000000,-7.974608861004e+12,-9.967013888732e-04,-1.132061825141e-03,1.377521701384e-02,1.564600802728e-02,2.241419270832e-02,2.101316158195e-02
275.80000000,-2.399800763180e+12,7.661458333367e-03,8.701948849415e-03,-9.319270833320e-03,-1.058490665665e-02,2.861041666661e-02,2.682208171249e-02
276.00000000,-1.643182034965e+13,3.183480902771e-02,3.615824399690e-02,-6.499392361087e-03,-7.382064830768e-03,9.668489583299e-03,9.064146833707e-03
276.20000000,-5.525914646833e+12,7.913932291637e-03,8.988710895892e-03,3.758875868048e-03,4.269363012284e-03,-4.929752604183e-03,-4.621611377163e-03
276.40000000,-1.265719954014e+13,-4.758203124998e-03,-5.404407151641e-03,1.672932942705e-03,1.900131389900e-03,-1.708833007809e-02,-1.602019960162e-02
276.60000000,-2.542921234329e+13,-6.213772243879e-03,-7.057654806090e-03,7.674343533027e-04,8.716584312344e-04,-5.324278428800e-03,-4.991476801665e-03
276.80000000,5.130604495122e+12,1.315265842014e-02,1.493890011871e-02,3.188736979155e-03,3.621794438712e-03,1.971777343719e-03,1.848528584829e-03
277.00000000,-3.589090281905e+12,1.819635416664e-02,2.066757219240e-02,-1.336979166637e-03,-1.518552248760e-03,-1.246067708323e-02,-1.168180466626e-02
277.20000000,-7.785934244527e+12,1.485677083322e-02,1.687444533832e-02,1.281718749991e-02,1.455787000012e-02,3.173315972202e-02,2.974963325343e-02
277.40000000,2.146286273894e+11,-3.281302083328e-02,-3.726930519774e-02,-2.401249999994e-02,-2.727360065376e-02,-5.664583333317e-02,-5.310510462114e-02
277.60000000,-1.049353395360e+13,-2.321599392356e-02,-2.636892127068e-02,-6.077756076370e-03,-6.903166771401e-03,-3.895855034726e-03,-3.652339051860e-03
277.80000000,-7.597229623137e+12,-1.007323133681e-02,-1.144126092280e-02,-1.432996961773e-04,-1.627610072813e-04,-7.319680446994e-03,-6.862153366950e-03
278.00000000,5.173691631514e+12,-1.566370307072e-02,-1.779096576433e-02,1.231544325081e-03,1.398798463706e-03,1.368699951168e-02,1.283147405992e-02
278.20000000,-5.586288876359e+12,-9.254332139739e-03,-1.051114832339e-02,-8.946289062395e-04,-1.016127080568e-03,1.145297580302e-03,1.073709119373e-03
278.40000000,-1.722618861892e+13,-5.302635362419e-03,-6.022777868529e-03,3.360058593691e-03,3.816382977941e-03,4.770437282927e-03,4.472254287591e-03
278.60000000,-1.353925050627e+13,-9.994852701833e-03,-1.135223780961e-02,-2.105982937276e-02,-2.391993237483e-02,-1.929566786020e-02,-1.808956458322e-02
278.80000000,-2.082287082781e+13,-1.775283745656e-02,-2.016382218072e-02,-3.686815049916e-03,-4.187515725390e-03,-8.661073133693e-03,-8.119700388038e-03
279.00000000,-1.163067153120e+13,-1.166967502170e-02,-1.325451509484e-02,-6.313126627601e-03,-7.170502634803e-03,-1.687103542744e-02,-1.581648726344e-02
279.20000000,6.365066637338e+12,-1.528102756075e-02,-1.735631969974e-02,-7.318256293395e-03,-8.312137412947e-03,5.891563585034e-03,5.523302989033e-03
279.40000000,-2.354946269271e+12,-1.752835015191e-02,-1.990884761093e-02,-6.934567599796e-03,-7.876340548622e-03,-5.704212782076e-03,-5.347662815581e-03
279.60000000,-8.718994894133e+12,-2.248476833763e-02,-2.553838909661e-02,2.366088867163e-03,2.687423753232e-03,8.539898003446e-03,8.006099482366e-03
279.80000000,9.963585293306e+11,-1.446725802947e-02,-1.643203341790e-02,-5.294607204833e-03,-6.013659657406e-03,2.352199978316e-03,2.205172359344e-03
280.00000000,-5.236144938187e+12,-5.479421657994e-03,-6.223573230773e-03,2.905436197876e-03,3.300019014515e-03,9.135034179611e-03,8.564035821887e-03
280.20000000,-2.504522815558e+13,-9.990112304675e-03,-1.134685362662e-02,-1.055498318138e-02,-1.198843919611e-02,-1.468740776901e-02,-1.376935037038e-02
280.40000000,-1.853583319136e+13,-8.927213541633e-03,-1.013960426682e-02,2.536032443550e-03,2.880447105072e-03,1.180425075947e-02,1.106640920734e-02
280.60000000,-1.990084146937e+13,-9.821506077816e-05,-1.115534925522e-04,-5.836791992149e-03,-6.629477725905e-03,-1.241260036885e-02,-1.163673305556e-02
280.80000000,-8.780352828562e+12,-4.692838541666e-03,-5.330165507822e-03,4.752153862834e-03,5.397536562227e-03,7.857326931397e-03,7.366193489999e-03
281.00000000,4.256261223217e+12,-5.832975260432e-03,-6.625142387725e-03,1.991170247358e-03,2.261588012919e-03,1.794715711772e-03,1.682534443060e-03
281.20000000,-3.298422210028e+12,-1.265673014320e-02,-1.437562060833e-02,-9.555834960954e-03,-1.085359819423e-02,-8.242792426168e-03,-7.727564913510e-03
281.40000000,2.768295328201e+12,-7.799357096339e-03,-8.858575424874e-03,-1.804342447911e-02,-2.049387417681e-02,4.350979275188e-03,4.079015101681e-03
281.60000000,-3.459978260556e+12,-5.533131239193e-03,-6.284577025089e-03,-4.142673068638e-03,-4.705283119766e-03,1.050431315096e-02,9.847726055576e-03
281.80000000,-4.328417265241e+12,-2.008917371958e-02,-2.281745256950e-02,-2.336390109585e-02,-2.653691653113e-02,-1.070606282546e-02,-1.003686507854e-02
282.00000000,-1.509773308123e+13,-1.580759684242e-02,-1.795440152115e-02,-1.014729410810e-02,-1.152538249750e-02,4.689472113670e-03,4.396349961870e-03
282.20000000,-9.053050427648e+12,-1.087015245228e-02,-1.234641063218e-02,-2.122787679034e-02,-2.411080205345e-02,-7.198236762131e-03,-6.748300693051e-03
282.40000000,-1.768489555131e+13,-2.209905870216e-02,-2.510029684674e-02,-2.062184516055e-02,-2.342246620110e-02,-2.872676595033e-03,-2.693115841806e-03
282.60000000,-2.087175434376e+13,-1.453511556019e-03,-1.650910657233e-03,-1.482889268663e-02,-1.684278177090e-02,2.018592664879e-03,1.892417647479e-03
282.80000000,1.984424829026e+11,-9.751531304274e-03,-1.107587131861e-02,-1.887464328338e-02,-2.143797952709e-02,-1.149053276907e-02,-1.077230060797e-02
283.00000000,4.887937119717e+12,-1.794865993923e-02,-2.038623900446e-02,-1.319010823564e-02,-1.498143652679e-02,-6.630164930570e-03,-6.215737002622e-03
283.20000000,6.235581879205e+12,-2.078432888450e-02,-2.360701565583e-02,-6.386355251643e-03,-7.253676325529e-03,-1.245120985226e-02,-1.167292919808e-02
283.40000000,-5.478100162570e+12,-1.218364393445e-02,-1.383828531121e-02,1.700572645385e-02,1.931524798045e-02,2.894825303811e-02,2.713880113911e-02
283.60000000,-1.654014532184e+13,-1.306351725256e-02,-1.483765283042e-02,-1.597666015617e-02,-1.814642577330e-02,1.508380669484e-02,1.414097181523e-02
283.80000000,-6.588808981338e+12,-5.171535915803e-03,-5.873874013806e-03,-6.403266067660e-05,-7.272883773386e-05,8.529364691760e-03,7.996224570370e-03
284.00000000,-2.875981665198e+13,-7.526829698341e-03,-8.549036512795e-03,-2.177564561629e-02,-2.473296252026e-02,-9.515512424044e-03,-8.920731730266e-03
284.20000000,-1.261986724273e+13,-7.101790364602e-03,-8.066273260651e-03,-1.886159939234e-02,-2.142316416529e-02,-1.167063802091e-02,-1.094114812383e-02
284.40000000,-8.719663964074e+12,-1.368797743058e-02,-1.554691995571e-02,-1.803763020830e-02,-2.048729299500e-02,-3.390407986104e-02,-3.178485692874e-02
284.60000000,-7.297383390794e+12,-2.315898437491e-02,-2.630416934556e-02,-1.389652777778e-02,-1.578379381930e-02,-2.578832465275e-02,-2.417638859037e-02
284.80000000,-1.105916295127e+13,-6.959548611103e-03,-7.904713880002e-03,-1.851573350683e-02,-2.103032676639e-02,-2.584088541653e-02,-2.422566396855e-02
285.00000000,-2.189047187541e+12,-6.633767361132e-03,-7.534688794700e-03,3.832411024269e-03,4.352884864851e-03,9.366319448651e-05,8.780864274905e-05
285.20000000,-4.959246316132e+12,-1.307530653213e-02,-1.485104319336e-02,-3.933295355932e-03,-4.467470142269e-03,9.983965386248e-03,9.359903371041e-03
285.40000000,6.462313418636e+12,-1.791909179681e-02,-2.035265525947e-02,-1.178955485023e-02,-1.339067614249e-02,3.877252875403e-03,3.634899647073e-03
285.60000000,-1.298546492362e+13,-7.128088378878e-03,-8.096142766574e-03,-8.190890842027e-03,-9.303283116065e-03,-2.478811306411e-03,-2.323869665554e-03
285.80000000,7.427967852919e+11,-2.485738118452e-03,-2.823322273463e-03,-1.291620551214e-02,-1.467033549613e-02,-2.359836154426e-04,-2.212331225357e-04
286.00000000,-8.128339315667e+11,5.214012993705e-03,5.922119836350e-03,-1.339504191076e-02,-1.521420192880e-02,1.642599826363e-03,1.539926778314e-03
286.20000000,-1.814395127877e+13,5.956100124743e-03,6.764988644757e-03,-5.949997287334e-03,-6.758057257932e-03,-3.780950249660e-03,-3.544616554488e-03
286.40000000,6.120616763606e+12,-1.420829264380e-03,-1.613789835355e-03,-9.047229003889e-03,-1.027591924522e-02,-2.532667778858e-02,-2.374359762275e-02
286.60000000,-6.777015746877e+12,-1.429734429260e-02,-1.623904396567e-02,-7.333041720977e-03,-8.328930826684e-03,-2.004239773218e-02,-1.878961903810e-02
286.80000000,2.858396110657e+12,-3.074581705722e-02,-3.492135775250e-02,-2.065159640843e-02,-2.345625792014e-02,-1.884544270825e-02,-1.766748139739e-02
287.00000000,-7.375207942126e+10,-2.331686333537e-02,-2.648348959747e-02,-2.618961656352e-02,-2.974638806581e-02,-5.996447753834e-03,-5.621631223070e-03
287.20000000,1.353658048338e+13,-7.798875596110e-04,-8.858028532857e-04,-1.754399753139e-02,-1.992662082427e-02,7.621803114195e-03,7.145391425358e-03
287.40000000,-1.618706109248e+13,1.308917304147e-02,1.486679289137e-02,-4.789835611926e-03,-5.440335811645e-03,1.880977918835e-02,1.763404707674e-02
287.60000000,-2.072356515530e+13,2.016018880202e-02,2.289811209776e-02,5.201410590301e-03,5.907806154147e-03,1.963000217002e-02,1.840300084952e-02
287.80000000,2.515894674811e+12,1.213394165035e-02,1.378183303866e-02,1.073888481977e-02,1.219731623287e-02,5.487603076232e-05,5.144592608786e-05
288.00000000,8.416828855798e+12,6.510708957187e-03,7.394918023912e-03,-7.889008246560e-03,-8.960402310105e-03,-1.042275526251e-02,-9.771266059425e-03
288.20000000,1.191213089673e+13,-4.198473442916e-03,-4.768661468373e-03,-1.573447265629e-02,-1.787134716194e-02,2.051073540514e-03,1.922868259595e-03
288.40000000,3.013616538729e+12,-3.195253499201e-03,-3.629195813787e-03,-2.580744832329e-02,-2.931231814528e-02,-1.077085774721e-02,-1.009760990117e-02
288.60000000,-1.202466328580e+13,2.497682562926e-02,2.836888874015e-02,2.334150865334e-02,2.651148300547e-02,2.243451063361e-02,2.103220950630e-02
288.80000000,-1.002085193822e+13,1.509083184133e-02,1.714029380104e-02,1.080018446179e-02,1.226694088489e-02,1.405020751951e-02,1.317197923250e-02
289.00000000,-9.901176498882e+12,1.191476609971e-02,1.353289160379e-02,9.651907348596e-03,1.096271802492e-02,1.222784356007e-02,1.146352473499e-02
289.20000000,1.975385953966e+12,1.218420342333e-02,1.383892078339e-02,4.780661349841e-03,5.429915607153e-03,7.529293823214e-03,7.058664559728e-03
289.40000000,-1.114142590750e+12,3.506294081096e-03,3.982478324241e-03,8.412788560765e-03,9.555316422338e-03,3.841838921576e-03,3.601699293008e-03
289.60000000,-7.222782942812e+12,3.200564490446e-02,3.635228082337e-02,3.030369296636e-02,3.441919085062e-02,2.968932495155e-02,2.783355129422e-02
289.80000000,-1.136650426762e+13,7.544941609734e-02,8.569608174175e-02,9.215379435247e-02,1.046690592776e-01,1.008707902699e-01,9.456571746409e-02
290.00000000,-1.319848129255e+13,1.487468967026e-01,1.689479770422e-01,1.543770941852e-01,1.753428096577e-01,1.729828721802e-01,1.621703307067e-01
290.20000000,-7.087544667413e+12,3.938795680873e-01,4.473717280949e-01,3.939831753176e-01,4.474894237559e-01,4.541847373381e-01,4.257952716805e-01
290.40000000,-7.817175947471e+12,1.521590058730e+00,1.728234793522e+00,1.516923054379e+00,1.722934038843e+00,1.751892478932e+00,1.642387937546e+00
290.60000000,-1.388093102928e+13,6.167607556822e+00,7.005220566035e+00,6.161889066451e+00,6.998725733329e+00,7.156357662390e+00,6.709039306250e+00
290.80000000,-9.715336139215e+12,2.432508722902e+01,2.762863878051e+01,2.432286005605e+01,2.762611023124e+01,2.823148112979e+01,2.646683208259e+01
291.00000000,-1.256107231412e+13,9.257408956235e+01,1.051464299746e+02,9.257160016173e+01,1.051436066506e+02,1.074323341521e+02,1.007171226749e+02
291.20000000,-1.642817818074e+13,3.400542066052e+02,3.862364295606e+02,3.400479546529e+02,3.862293438148e+02,3.946608307170e+02,3.699919918526e+02
291.40000000,9.588006238481e+12,1.205966510381e+03,1.369746911204e+03,1.205943421829e+03,1.369720741200e+03,1.399589153688e+03,1.312105834794e+03
291.60000000,-3.346224607184e+13,4.129050611892e+03,4.689810432675e+03,4.128991636708e+03,4.689743633631e+03,4.791937928273e+03,4.492411004393e+03
291.80000000,1.036277490200e+13,1.364863666487e+04,1.550223638294e+04,1.364840626057e+04,1.550197530086e+04,1.583976173574e+04,1.484967480667e+04
292.00000000,-9.413282900493e+12,4.355620241340e+04,4.947150124480e+04,4.355547928226e+04,4.947068186279e+04,5.054857460684e+04,4.738896375938e+04
292.20000000,-1.991293883255e+13,1.341934105584e+05,1.524180050060e+05,1.341912147805e+05,1.524155170506e+05,1.557363571473e+05,1.460018337268e+05
292.40000000,2.335545589557e+13,3.991469867256e+05,4.533545065118e+05,3.991404442829e+05,4.533470934789e+05,4.632246747475e+05,4.342701548916e+05
292.60000000,-6.994317272878e+12,1.146185967688e+06,1.301847667734e+06,1.146167138545e+06,1.301826332919e+06,1.330190671817e+06,1.247045204144e+06
292.80000000,-9.615324947265e+11,3.177590881501e+06,3.609134463965e+06,3.177538656146e+06,3.609075288696e+06,3.687710252222e+06,3.457204656252e+06
293.00000000,-9.952522025154e+12,8.504752265670e+06,9.659769194395e+06,8.504612476978e+06,9.659610803234e+06,9.870075504517e+06,9.253132339021e+06
293.20000000,-2.176774185275e+13,2.197587985600e+07,2.496038927667e+07,2.197551868058e+07,2.495998003768e+07,2.550381086524e+07,2.390965874349e+07
293.40000000,3.898130767399e+12,5.482162653281e+07,6.226686476288e+07,5.482072554344e+07,6.226584387402e+07,6.362249902751e+07,5.964568386243e+07
293.60000000,1.143146858678e+13,1.320318547658e+08,1.499628917463e+08,1.320296848465e+08,1.499604330642e+08,1.532277876968e+08,1.436500659924e+08
293.80000000,-1.712824825491e+13,3.069918329251e+08,3.486839073010e+08,3.069867875637e+08,3.486781905264e+08,3.562752297886e+08,3.340057377312e+08
294.00000000,5.499179606842e+12,6.891223628613e+08,7.827109789907e+08,6.891110372397e+08,7.826981462080e+08,7.997516606417e+08,7.497620409167e+08
294.20000000,4.243932712917e+12,1.493438814638e+09,1.696260373578e+09,1.493414270202e+09,1.696232562882e+09,1.733190266988e+09,1.624854734070e+09
294.40000000,-1.310270544414e+12,3.124641938948e+09,3.548994609426e+09,3.124590585948e+09,3.548936422607e+09,3.626261044875e+09,3.399596419369e+09
294.60000000,8.806798573725e+10,6.311535111480e+09,7.168694693827e+09,6.311431382391e+09,7.168577160952e+09,7.324766918974e+09,6.866921901735e+09
294.80000000,-6.250670192038e+12,1.230812505822e+10,1.397967201914e+10,1.230792277613e+10,1.397944281830e+10,1.428402847627e+10,1.339118487642e+10
295.00000000,-7.504759804674e+12,2.317241210195e+10,2.631942067094e+10,2.317203126703e+10,2.631898915628e+10,2.689243022491e+10,2.521148046690e+10
295.20000000,-1.133341941636e+13,4.211855064134e+10,4.783860426366e+10,4.211785842966e+10,4.783781993566e+10,4.888011568730e+10,4.582479424744e+10
295.40000000,-1.711162998399e+12,7.390927656599e+10,8.394677830113e+10,7.390806187877e+10,8.394540196896e+10,8.577441374168e+10,8.041296151083e+10
295.60000000,-4.210463677711e+12,1.252127588954e+11,1.422177052712e+11,1.252107010436e+11,1.422153735700e+11,1.453139779774e+11,1.362309202517e+11
295.80000000,1.744276607717e+13,2.047969038913e+11,2.326100468914e+11,2.047935380867e+11,2.326062331811e+11,2.376742837106e+11,2.228181131694e+11
296.00000000,-2.633019532808e+13,3.233887652071e+11,3.673076809739e+11,3.233834503641e+11,3.673016588563e+11,3.753044683304e+11,3.518455265411e+11
296.20000000,3.471379834124e+12,4.930098052403e+11,5.599646856756e+11,4.930017027024e+11,5.599555048896e+11,5.721558778299e+11,5.363924575537e+11
296.40000000,1.073500421340e+13,7.256360195878e+11,8.241834975784e+11,7.256240938750e+11,8.241699848471e+11,8.421270923200e+11,7.894887357190e+11
296.60000000,-7.164993598920e+12,1.031146132813e+12,1.171184455175e+12,1.031129186090e+12,1.171165253260e+12,1.196682732309e+12,1.121882369067e+12
296.80000000,1.068903034260e+12,1.414712494027e+12,1.606842356113e+12,1.414689243452e+12,1.606816011459e+12,1.641825497775e+12,1.539200850241e+12
297.00000000,-2.942190401231e+12,1.874027842138e+12,2.128536593828e+12,1.873997042788e+12,2.128501695844e+12,2.174877727986e+12,2.038933889517e+12
297.20000000,2.382051440743e+13,2.396982204319e+12,2.722512559274e+12,2.396942810298e+12,2.722467922878e+12,2.781785357365e+12,2.607905890758e+12
297.40000000,9.253156305614e+12,2.960520869812e+12,3.362584517954e+12,2.960472214122e+12,3.362529387390e+12,3.435792552393e+12,3.221033432030e+12
297.60000000,-1.401282700395e+13,3.531345411416e+12,4.010931836035e+12,3.531287374315e+12,4.010866075626e+12,4.098255272641e+12,3.842087973844e+12
297.80000000,-7.791183807170e+12,4.068826344629e+12,4.621407203105e+12,4.068759474114e+12,4.621331433772e+12,4.722021518038e+12,4.426864819232e+12
298.00000000,2.076606458274e+12,4.530012178904e+12,5.145225954746e+12,4.529937728873e+12,5.145141597251e+12,5.257244515731e+12,4.928632939068e+12
298.20000000,6.466441552350e+12,4.876058823533e+12,5.538268645843e+12,4.875978686281e+12,5.538177844297e+12,5.658844280327e+12,5.305130136827e+12
298.40000000,-6.962686195641e+12,5.078931998974e+12,5.768693705772e+12,5.078848527533e+12,5.768599126339e+12,5.894286006939e+12,5.525855242068e+12
298.60000000,1.711532946593e+12,5.127017360163e+12,5.823309463668e+12,5.126933098447e+12,5.823213988794e+12,5.950090824103e+12,5.578171899437e+12
298.80000000,-2.996460293778e+12,5.028405500155e+12,5.711305283211e+12,5.028322859109e+12,5.711211644679e+12,5.835648160433e+12,5.470882637902e+12
299.00000000,-7.392434605405e+12,4.811087074682e+12,5.464473186733e+12,4.811008005230e+12,5.464383595086e+12,5.583442193790e+12,5.234441165396e+12
299.20000000,1.789932507965e+13,4.519967393326e+12,5.133817002755e+12,4.519893108379e+12,5.133732832313e+12,5.245587175351e+12,4.917704257397e+12
299.40000000,-7.524791378671e+12,4.211289617148e+12,4.783218186920e+12,4.211220405272e+12,4.783139764649e+12,4.887355346860e+12,4.581864220959e+12
299.60000000,-5.993129251008e+12,3.945544047760e+12,4.481382132849e+12,3.945479203370e+12,4.481308659269e+12,4.578947911720e+12,4.292734233010e+12
299.80000000,5.405818205426e+12,3.780116216116e+12,4.293487809523e+12,3.780054090506e+12,4.293417416526e+12,4.386962873642e+12,4.112749493923e+12
300.00000000,-5.570330786286e+12,3.762781833457e+12,4.273799271823e+12,3.762719992735e+12,4.273729201625e+12,4.366845689722e+12,4.093889763314e+12
300.20000000,-2.916853922541e+12,3.926791569891e+12,4.460082910675e+12,3.926727033695e+12,4.460009786302e+12,4.557184976536e+12,4.272331621170e+12
300.40000000,1.288743315086e+13,4.287858719097e+12,4.870186017275e+12,4.287788248820e+12,4.870106169140e+12,4.976216585063e+12,4.665171060560e+12
300.60000000,1.622645607537e+12,4.843013592586e+12,5.500735594444e+12,4.842933998427e+12,5.500645408264e+12,5.620494083394e+12,5.269177073724e+12
300.80000000,5.984877628703e+12,5.571102001949e+12,6.327704536967e+12,5.571010441772e+12,6.327600792387e+12,6.465467263580e+12,6.061333998522e+12
301.00000000,1.680308863152e+13,6.434679978890e+12,7.308563670546e+12,6.434574225946e+12,7.308443844492e+12,7.467681033406e+12,7.000902965340e+12
301.20000000,2.166510672919e+13,7.383124575512e+12,8.385815024948e+12,7.383003235032e+12,8.385677537040e+12,8.568385613692e+12,8.032806433848e+12
301.40000000,4.902458586768e+12,8.356846603654e+12,9.491776698789e+12,8.356709260207e+12,9.491621078314e+12,9.698425576086e+12,9.092211634510e+12
301.60000000,1.806483391362e+13,9.292479406300e+12,1.055447630978e+13,9.292326685876e+12,1.055430326603e+13,1.078426160173e+13,1.011017592862e+13
301.80000000,2.095697271128e+13,1.012880103935e+13,1.150437745859e+13,1.012863457412e+13,1.150418884094e+13,1.175484338939e+13,1.102009011550e+13
302.00000000,3.345171069722e+13,1.081295429428e+13,1.228144448297e+13,1.081277658509e+13,1.228124312507e+13,1.254882821887e+13,1.176444578926e+13
302.20000000,6.864900135303e+12,1.130632905028e+13,1.284182368279e+13,1.130614323256e+13,1.284161313731e+13,1.312140763538e+13,1.230123531161e+13
302.40000000,1.410421921223e+13,1.158934561943e+13,1.316327628374e+13,1.158915515037e+13,1.316306046794e+13,1.344985869627e+13,1.260915606986e+13
302.60000000,2.989719657632e+13,1.166438901425e+13,1.324851120310e+13,1.166419731187e+13,1.324829398985e+13,1.353694929565e+13,1.269080294695e+13
302.80000000,2.961979288407e+13,1.155631614605e+13,1.312576112992e+13,1.155612621983e+13,1.312554592920e+13,1.341152678657e+13,1.257322015092e+13
303.00000000,2.472028247657e+13,1.131026873627e+13,1.284629841130e+13,1.131008285380e+13,1.284608779245e+13,1.312597978481e+13,1.230552167230e+13
303.20000000,9.637797083825e+12,1.098691437363e+13,1.247902980505e+13,1.098673380544e+13,1.247882520768e+13,1.275071524190e+13,1.195371357560e+13
303.40000000,5.716682349971e+12,1.065562766767e+13,1.210275157651e+13,1.065545254413e+13,1.210255314833e+13,1.236624492500e+13,1.159327512494e+13
303.60000000,1.282619723457e+13,1.038643663286e+13,1.179700213381e+13,1.038626593342e+13,1.179680871849e+13,1.205383890144e+13,1.130039648605e+13
303.80000000,2.056961007917e+13,1.024174139942e+13,1.163265607000e+13,1.024157307803e+13,1.163246534917e+13,1.188591480049e+13,1.114296872085e+13
304.00000000,1.097768375469e+13,1.026883963497e+13,1.166343447398e+13,1.026867086823e+13,1.166324324854e+13,1.191736329215e+13,1.117245147963e+13
304.20000000,-1.096726555867e+13,1.049417382700e+13,1.191937094556e+13,1.049400135691e+13,1.191917552396e+13,1.217887184852e+13,1.141761407020e+13
304.40000000,1.299720897390e+13,1.091998169215e+13,1.240300710216e+13,1.091980222399e+13,1.240280375120e+13,1.267303742146e+13,1.188089111826e+13
304.60000000,-2.960844354230e+12,1.152372622967e+13,1.308874522863e+13,1.152353683905e+13,1.308853063480e+13,1.337370499881e+13,1.253776246802e+13
304.80000000,-4.543301549342e+12,1.226035092008e+13,1.392540975101e+13,1.226014942316e+13,1.392518143981e+13,1.422858484480e+13,1.333920682832e+13
305.00000000,1.639416401460e+12,1.306708657442e+13,1.484170689622e+13,1.306687181893e+13,1.484146356207e+13,1.516483102404e+13,1.421693160302e+13
305.20000000,2.114608931469e+13,1.387025910176e+13,1.575395701182e+13,1.387003114626e+13,1.575369872105e+13,1.609694206433e+13,1.509077971152e+13
305.40000000,4.395234830354e+12,1.459333445929e+13,1.657523208787e+13,1.459309462015e+13,1.657496033206e+13,1.693609741484e+13,1.587748245840e+13
305.60000000,2.554615817801e+13,1.516530566296e+13,1.722488179438e+13,1.516505642357e+13,1.722459938737e+13,1.759989087827e+13,1.649978456340e+13
305.80000000,-3.436697696607e+12,1.552848994394e+13,1.763738955707e+13,1.552823473568e+13,1.763710038687e+13,1.802137949553e+13,1.689492743267e+13
306.00000000,3.464735421274e+12,1.564224128293e+13,1.776658928515e+13,1.564198420517e+13,1.776629799668e+13,1.815339207726e+13,1.701868837945e+13
306.20000000,1.238336957580e+13,1.548094111742e+13,1.758338319976e+13,1.548068669061e+13,1.758309491501e+13,1.796619734643e+13,1.684319452261e+13
306.40000000,1.167551122735e+13,1.506940340477e+13,1.711595520247e+13,1.506915574152e+13,1.711567458135e+13,1.748859280644e+13,1.639544333650e+13
306.60000000,2.738990595652e+13,1.444525766163e+13,1.640704521497e+13,1.444502025612e+13,1.640677621663e+13,1.676424888516e+13,1.571637556650e+13
306.80000000,-1.680653579940e+12,1.366472664005e+13,1.552051151216e+13,1.366450206244e+13,1.552025704880e+13,1.585841413891e+13,1.486716131475e+13
307.00000000,9.120493558467e+12,1.279801182198e+13,1.453608952802e+13,1.279780148868e+13,1.453585120455e+13,1.485255995043e+13,1.392417947883e+13
307.20000000,2.681256332253e+11,1.192175937021e+13,1.354083461928e+13,1.192156343799e+13,1.354061261330e+13,1.383563698985e+13,1.297082074024e+13
307.40000000,1.903299813312e+13,1.111091695872e+13,1.261987298473e+13,1.111073435256e+13,1.261966607819e+13,1.289462476900e+13,1.208862783218e+13
307.60000000,1.404592643425e+13,1.043085675380e+13,1.184745488099e+13,1.043068532432e+13,1.184726063847e+13,1.210539007349e+13,1.134872537846e+13
307.80000000,1.164817274813e+13,9.930595108306e+12,1.127925349412e+13,9.930431900552e+12,1.127906856744e+13,1.152481817029e+13,1.080444295123e+13
308.00000000,8.987723538778e+12,9.637817810227e+12,1.094671457512e+13,9.637659414222e+12,1.094653510051e+13,1.118503942713e+13,1.048590256367e+13
308.20000000,1.297674429830e+12,9.556235840891e+12,1.085405308781e+13,9.556078785673e+12,1.085387513241e+13,1.109036057332e+13,1.039714174683e+13
308.40000000,2.447266509142e+12,9.665564593379e+12,1.097822960493e+13,9.665405741360e+12,1.097804961362e+13,1.121724058196e+13,1.051609093933e+13
308.60000000,9.580384390086e+12,9.924153018557e+12,1.127193651438e+13,9.923989916678e+12,1.127175170766e+13,1.151734188995e+13,1.079743398647e+13
308.80000000,-4.381667811929e+12,1.027400488835e+13,1.166930121223e+13,1.027383603671e+13,1.166910989060e+13,1.192335775727e+13,1.117807125214e+13
309.00000000,1.625768124120e+12,1.064765613615e+13,1.209369744391e+13,1.064748114361e+13,1.209349916418e+13,1.235699367163e+13,1.158460213437e+13
309.20000000,-7.030960608213e+12,1.097613269860e+13,1.246678388782e+13,1.097595230760e+13,1.246657949122e+13,1.273820271441e+13,1.194198316151e+13
309.40000000,1.511957737835e+13,1.119705071107e+13,1.271770442550e+13,1.119686668932e+13,1.271749591499e+13,1.299458613318e+13,1.218234096853e+13
309.60000000,-3.603220753067e+12,1.126187095700e+13,1.279132780632e+13,1.126168586994e+13,1.279111808873e+13,1.306981239505e+13,1.225286510546e+13
309.80000000,1.437460671764e+13,1.114140419666e+13,1.265450064614e+13,1.114122108945e+13,1.265429317187e+13,1.293000632166e+13,1.212179781035e+13
310.00000000,1.973602961770e+13,1.082888225131e+13,1.229953559061e+13,1.082870428035e+13,1.229933393610e+13,1.256731319450e+13,1.178177533510e+13
310.20000000,1.239911641946e+13,1.034023314671e+13,1.174452382542e+13,1.034006320662e+13,1.174433127050e+13,1.200021806897e+13,1.125012730029e+13
310.40000000,1.814015554621e+13,9.711575768068e+12,1.103048948434e+13,9.711416159863e+12,1.103030863622e+13,1.127063822997e+13,1.056615089109e+13
310.60000000,9.135105508099e+12,8.994317343376e+12,1.021582132955e+13,8.994169523199e+12,1.021565383815e+13,1.043823364238e+13,9.785776941049e+12
310.80000000,9.005341505849e+12,8.248536442310e+12,9.368757106060e+12,8.248400878924e+12,9.368603502527e+12,9.572727679649e+12,8.974370664607e+12
311.00000000,5.504348382193e+12,7.535523439331e+12,8.558910936973e+12,7.535399594200e+12,8.558770611107e+12,8.745250058945e+12,8.198615714360e+12
311.20000000,6.910309283562e+12,6.910412986262e+12,7.848905223812e+12,6.910299414722e+12,7.848776538699e+12,8.019786556568e+12,7.518498344279e+12
311.40000000,9.027937048274e+12,6.415786459380e+12,7.287104252091e+12,6.415681016949e+12,7.286984777870e+12,7.445754414249e+12,6.980346900828e+12
311.60000000,1.045030579340e+13,6.076970059128e+12,6.902273733402e+12,6.076870185090e+12,6.902160568591e+12,7.052545612215e+12,6.611716176532e+12
311.80000000,-1.698730736240e+12,5.899534931518e+12,6.700741422272e+12,5.899437973598e+12,6.700631561642e+12,6.846625668805e+12,6.418667553272e+12
312.00000000,1.211198996626e+12,5.869244964259e+12,6.666337822557e+12,5.869148504150e+12,6.666228525984e+12,6.811473055972e+12,6.385712204708e+12
312.20000000,-2.341140340942e+13,5.954416058628e+12,6.763075868291e+12,5.954318198746e+12,6.762964985670e+12,6.910317220422e+12,6.478377973493e+12
312.40000000,-3.325236311981e+11,6.110366455904e+12,6.940205641905e+12,6.110266033002e+12,6.940091855189e+12,7.091303349913e+12,6.648051306482e+12
312.60000000,-5.022599600763e+12,6.285374912287e+12,7.138981719434e+12,6.285271613148e+12,7.138864673726e+12,7.294407052770e+12,6.838459722327e+12
312.80000000,9.957599364125e+12,6.427355064717e+12,7.300243971387e+12,6.427249432158e+12,7.300124281736e+12,7.459180203091e+12,6.992933491564e+12
313.00000000,6.502744083519e+12,6.490339490900e+12,7.371782212685e+12,6.490232823201e+12,7.371661350144e+12,7.532275929117e+12,7.061460264842e+12
313.20000000,7.985193380222e+12,6.439881089163e+12,7.314471135364e+12,6.439775250740e+12,7.314351212455e+12,7.473717111761e+12,7.006561749997e+12
313.40000000,-1.822261685157e+12,6.256639398750e+12,7.106343681338e+12,6.256536571875e+12,7.106227170740e+12,7.261058440232e+12,6.807195612443e+12
313.60000000,5.145836991275e+12,5.937711510196e+12,6.744102701606e+12,5.937613924850e+12,6.743992130055e+12,6.890930982115e+12,6.460203499698e+12
313.80000000,-3.940642299556e+12,5.495643042537e+12,6.241997615848e+12,5.495552722516e+12,6.241895276458e+12,6.377894386319e+12,5.979234989023e+12
314.00000000,3.122967985428e+13,4.955440027881e+12,5.628430485768e+12,4.955358586011e+12,5.628338205992e+12,5.750969066029e+12,5.391496531230e+12
314.20000000,-7.655143664968e+12,4.350215934432e+12,4.941011867214e+12,4.350144439324e+12,4.940930857869e+12,5.048584410003e+12,4.733015431249e+12
314.40000000,7.158519257385e+12,3.716283697264e+12,4.220986297435e+12,3.716222620732e+12,4.220917093121e+12,4.312882905112e+12,4.043299999624e+12
314.60000000,1.825778809029e+13,3.088509395063e+12,3.507954962011e+12,3.088458635902e+12,3.507897448056e+12,3.584327908563e+12,3.360284373631e+12
314.80000000,-3.324433400868e+13,2.496593711811e+12,2.835652147756e+12,2.496552680690e+12,2.835605656403e+12,2.897388148436e+12,2.716282764273e+12
315.00000000,2.683711863028e+12,1.962688453764e+12,2.229238062630e+12,1.962656197291e+12,2.229201513615e+12,2.277771604609e+12,2.135396237431e+12
315.20000000,-6.330309248634e+10,1.500457961572e+12,1.704232779735e+12,1.500433301784e+12,1.704204838336e+12,1.741336243265e+12,1.632491534466e+12
315.40000000,1.068490310892e+13,1.115428924834e+12,1.266913559627e+12,1.115410592937e+12,1.266892788206e+12,1.294495989455e+12,1.213581668881e+12
315.60000000,-6.849890295581e+12,8.062879861886e+11,9.157886799636e+11,8.062747349736e+11,9.157736653385e+11,9.357266440099e+11,8.772377137549e+11
315.80000000,1.584094246815e+13,5.667069290229e+11,6.436704990601e+11,5.666976152846e+11,6.436599458926e+11,6.576840805212e+11,6.165745977875e+11
316.00000000,1.557404427097e+13,3.872934568545e+11,4.398911675318e+11,3.872870917481e+11,4.398839553865e+11,4.494681960258e+11,4.213735445189e+11
316.20000000,-3.918449362226e+12,2.573538146398e+11,2.923046284079e+11,2.573495850708e+11,2.922998359874e+11,2.986684973869e+11,2.799997964101e+11
316.40000000,-2.732610255580e+12,1.662749671129e+11,1.888565069202e+11,1.662722344102e+11,1.888534105621e+11,1.929681697167e+11,1.809064186784e+11
316.60000000,3.759226664551e+12,1.044544445415e+11,1.186402371380e+11,1.044527278493e+11,1.186382919964e+11,1.212231963231e+11,1.136459673103e+11
316.80000000,1.716895081750e+13,6.380128210856e+10,7.246603313337e+10,6.380023354462e+10,7.246484503141e+10,7.404371715021e+10,6.941550886317e+10
317.00000000,5.056825258381e+12,3.789076629225e+10,4.303665122138e+10,3.789014356351e+10,4.303594562279e+10,4.397361760183e+10,4.122498383209e+10
317.20000000,-2.157276722458e+13,2.187954230733e+10,2.485096827817e+10,2.187918272055e+10,2.485056083924e+10,2.539200762807e+10,2.380484392733e+10
317.40000000,4.197242489389e+12,1.228410431854e+10,1.395238906087e+10,1.228390243127e+10,1.395216030738e+10,1.425615153093e+10,1.336505041937e+10
317.60000000,-1.046363582575e+13,6.705773254464e+09,7.616473694307e+09,6.705663046172e+09,7.616348820007e+09,7.782294676818e+09,7.295851233650e+09
317.80000000,2.471637291400e+12,3.559214095101e+09,4.042585321491e+09,3.559155600004e+09,4.042519042138e+09,4.130597897489e+09,3.872408976736e+09
318.00000000,-5.040614847881e+12,1.836788171749e+09,2.086239462813e+09,1.836757984454e+09,2.086205258333e+09,2.131659730949e+09,1.998417295106e+09
318.20000000,-1.311162696329e+13,9.216448938785e+08,1.046812026494e+09,9.216297467846e+08,1.046794863696e+09,1.069602546835e+09,1.002745512078e+09
318.40000000,1.645027290535e+13,4.496428106078e+08,5.107080882206e+08,4.496354208020e+08,5.106997150138e+08,5.218268973157e+08,4.892093618446e+08
318.60000000,-3.841693250154e+12,2.132902918187e+08,2.422569083747e+08,2.132867864169e+08,2.422529364903e+08,2.475311704730e+08,2.320588811474e+08
318.80000000,5.128816343400e+12,9.837253288266e+07,1.117323506941e+08,9.837091615115e+07,1.117305188155e+08,1.141649157967e+08,1.070288746886e+08
319.00000000,-1.244386250697e+13,4.411394382593e+07,5.010498863478e+07,4.411321884046e+07,5.010416717167e+07,5.119584233288e+07,4.799577309180e+07
319.20000000,5.597629835041e+12,1.923433279209e+07,2.184651705021e+07,1.923401668595e+07,2.184615887816e+07,2.232214539782e+07,2.092686782004e+07
319.40000000,-7.812572336914e+12,8.154127885943e+06,9.261527073250e+06,8.153993866792e+06,9.261375219433e+06,9.463163072380e+06,8.871654549592e+06
319.60000000,-3.658524761827e+12,3.361065735345e+06,3.817526746979e+06,3.361010513637e+06,3.817464176668e+06,3.900639471073e+06,3.656824430181e+06
319.80000000,-3.784320139127e+11,1.347024645157e+06,1.529961927745e+06,1.347002516512e+06,1.529936854349e+06,1.563271258973e+06,1.465556756323e+06
320.00000000,-7.157733439759e+12,5.248957675815e+05,5.961810300364e+05,5.248871588623e+05,5.961712757577e+05,6.091606920075e+05,5.710842329722e+05
320.20000000,-1.509743237419e+13,1.988701327966e+05,2.258783704057e+05,1.988668764524e+05,2.258746807553e+05,2.307960402919e+05,2.163698041788e+05
320.40000000,1.137708936628e+13,7.325969456910e+04,8.320897760255e+04,7.325849544821e+04,8.320761892159e+04,8.502054096943e+04,7.970621063286e+04
320.60000000,1.733210997608e+12,2.623816764464e+04,2.980153161594e+04,2.623776562809e+04,2.980107618070e+04,3.045035790248e+04,2.854701479368e+04
320.80000000,1.228442525204e+13,8.611067698945e+03,9.780523158198e+03,8.610940085269e+03,9.780378600298e+03,9.993451735666e+03,9.368796762640e+03
321.00000000,-3.291965905557e+12,8.717002497601e+02,9.900844793997e+02,8.716870787523e+02,9.900695588128e+02,1.011612561971e+03,9.483802740366e+02
321.20000000,-8.594799448950e+12,1.992180752788e+00,2.262735664051e+00,2.002745818154e+00,2.274735644162e+00,2.282872963931e+00,2.140178729003e+00
321.40000000,2.081360913342e+12,1.260556707939e-02,1.431750916989e-02,5.158835743687e-03,5.859449283165e-03,-2.201598785513e-02,-2.063984709180e-02
321.60000000,-7.796181955688e+12,1.103880310344e-02,1.253796546103e-02,7.029616721610e-03,7.984298145327e-03,-2.347830645123e-03,-2.201076137562e-03
321.80000000,-3.582193867567e+12,7.883199260169e-04,8.953804060123e-04,-1.228208094956e-03,-1.395009145304e-03,-7.110686551606e-03,-6.666222933471e-03
322.00000000,-8.992838879170e+11,2.680674456821e-02,3.044732607054e-02,-1.465880027230e-02,-1.664958936766e-02,1.905963775186e-02,1.786828787389e-02
322.20000000,-3.958073647432e+13,1.427277052748e-02,1.621113287645e-02,-1.533961691214e-02,-1.742286666713e-02,2.349060449256e-03,2.202229071032e-03
322.40000000,3.634663330259e+12,4.941116944432e-04,5.612162207056e-04,-1.218478425099e-02,-1.383958103965e-02,-4.116851836790e-03,-3.859522133191e-03
322.60000000,4.737019057968e+12,2.426281825814e-03,2.755791315936e-03,-1.147864785672e-02,-1.303754534888e-02,-3.757378386961e-03,-3.522518084731e-03
322.80000000,-3.375373183692e+12,-4.440800057328e-03,-5.043898076302e-03,6.626529607172e-04,7.526468390500e-04,-1.002839906991e-02,-9.401559663846e-03
323.00000000,-8.789716799747e+11,-1.922216049748e-03,-2.183269165555e-03,-5.417503296413e-03,-6.153246077966e-03,-1.533019812071e-02,-1.437196219313e-02
323.20000000,-2.128892983271e+12,-9.586677055986e-03,-1.088862847609e-02,-1.272850614086e-02,-1.445714496224e-02,-2.028656941037e-02,-1.901852841682e-02
323.40000000,-2.741260447686e+12,-2.265612608289e-02,-2.573301866572e-02,-1.532119619122e-02,-1.740194425646e-02,-1.021759085479e-02,-9.578925746017e-03
323.60000000,-1.671522444227e+13,3.844023668359e-03,4.366074431590e-03,-7.905928649043e-03,-8.979620646398e-03,6.012191028587e-03,5.636390441950e-03
323.80000000,-2.177169270832e+12,-8.803974768560e-03,-9.999628631259e-03,-7.416217897210e-03,-8.423403031348e-03,6.187279621023e-03,5.800534871861e-03
324.00000000,3.938219147204e+12,-1.382951892135e-02,-1.570768397205e-02,-2.300364493046e-03,-2.612773453059e-03,2.781433906824e-02,2.607576408134e-02
324.20000000,2.398621803496e+13,-2.745916959929e-02,-3.118835591127e-02,-1.026695145773e-02,-1.166129032755e-02,2.023942477486e-02,1.897433062409e-02
324.40000000,6.003519804356e+12,-3.514844532453e-02,-3.992189998847e-02,-1.117479898599e-03,-1.269243123084e-03,7.642192493672e-03,7.164506337551e-03
324.60000000,1.013279255160e+13,-3.664199462537e-02,-4.161828585321e-02,-2.120529786090e-02,-2.408515671436e-02,6.754431172729e-03,6.332235805842e-03
324.80000000,-1.933443793437e+13,-3.100383575065e-02,-3.521441755584e-02,-2.832103023958e-02,-3.216726575156e-02,-1.099747785865e-02,-1.031006479890e-02
325.00000000,-2.050919636283e+13,-3.699477012904e-02,-4.201897123902e-02,-2.390282692516e-02,-2.714903304755e-02,-6.546258499107e-03,-6.137075262489e-03
325.20000000,6.824785034999e+12,-3.938333587195e-02,-4.473192431061e-02,-2.755357791001e-02,-3.129558690272e-02,-7.794806666147e-03,-7.307581143216e-03
325.40000000,-1.341067718304e+13,-3.838283062403e-02,-4.359554203035e-02,-1.417548161217e-02,-1.610063194444e-02,5.548387461110e-03,5.201577578846e-03
325.60000000,-5.784645262901e+12,-2.938514652388e-02,-3.337589671013e-02,-1.164361601789e-02,-1.322491758203e-02,1.580011732248e-02,1.481250842408e-02
325.80000000,6.292256570653e+12,-2.575067280770e-02,-2.924783087767e-02,-1.278219962049e-02,-1.451813047066e-02,1.409776794096e-02,1.321656682189e-02
326.00000000,1.790480239664e+12,-2.801604096132e-02,-3.182085509057e-02,-1.830496531986e-02,-2.079093447646e-02,-6.209167796630e-03,-5.821054895792e-03
326.20000000,-2.308762798102e+13,-1.316774934992e-02,-1.495604052375e-02,-1.163425123847e-02,-1.321428098633e-02,1.297890908407e-02,1.216764383576e-02
326.40000000,1.818778972614e+12,-2.541924688170e-02,-2.887139452183e-02,-1.793447869031e-02,-2.037013262817e-02,-5.268548874163e-03,-4.939230702432e-03
326.60000000,-7.142307833843e+12,-2.807893586576e-02,-3.189229165231e-02,-1.399044069851e-02,-1.589046090920e-02,-5.773196680482e-04,-5.412334776893e-04
326.80000000,3.683054185147e+12,-6.621146975022e-02,-7.520354453951e-02,-6.138494376000e-02,-6.972153845988e-02,-5.700339042429e-02,-5.344031209563e-02
327.00000000,-6.283638151765e+12,-3.536578004112e-02,-4.016875058853e-02,-3.613870828920e-02,-4.104665062050e-02,1.277971127665e-02,1.198089717178e-02
327.20000000,8.809894741164e+12,-1.980468512750e-02,-2.249432803252e-02,-1.093263750037e-02,-1.241738216671e-02,2.368767639781e-02,2.220704435468e-02
327.40000000,-1.303013373188e+13,-8.860761576252e-03,-1.006412756532e-02,-1.376524270347e-02,-1.563467912118e-02,-5.427491291739e-03,-5.088238197201e-03
327.60000000,1.917350484627e+12,-1.112600566644e-02,-1.263701086594e-02,-5.079994477241e-03,-5.769900705712e-03,7.531697289133e-03,7.060917793577e-03
327.80000000,-6.990102071644e+12,2.205952949380e-03,2.505539923923e-03,-3.526323343309e-04,-4.005227887207e-04,9.074624012879e-03,8.507401678903e-03
328.00000000,1.108905339396e+13,1.843169925117e-02,2.093487911994e-02,1.947303640076e-02,2.211763949242e-02,5.055985745579e-02,4.739954135775e-02
328.20000000,-3.546053365811e+12,4.692425757569e-02,5.329696664172e-02,4.091882995825e-02,4.647595325365e-02,1.060394751589e-01,9.941132632231e-02
328.40000000,-6.173753463581e+12,4.546369469400e-02,5.163804702945e-02,2.788993820872e-02,3.167762777573e-02,1.233340494736e-01,1.156248785700e-01
328.60000000,1.021791595972e+12,3.726635833813e-02,4.232744341244e-02,9.251780951554e-02,1.050825107795e-01,3.556832447728e-02,3.334507555843e-02
328.80000000,7.745984084212e+12,1.239046704583e-02,1.407319674162e-02,2.495873775360e-02,2.834834549986e-02,4.321575789020e-03,4.051449522408e-03
329.00000000,5.813436036778e+12,9.428896860526e-03,1.070942040230e-02,-3.520626606248e-03,-3.998757485061e-03,4.675636769555e-03,4.383379415698e-03
329.20000000,-5.011767270714e+12,7.581916411129e-03,8.611604464758e-03,-4.103737386508e-03,-4.661059642594e-03,-5.100740115755e-03,-4.781911070126e-03
329.40000000,-1.417987186384e+13,1.279124345174e-02,1.452840195616e-02,2.055143330223e-02,2.334249181672e-02,-6.226305356507e-03,-5.837121248013e-03
329.60000000,-1.996167279284e+12,1.095572464669e-02,1.244360425071e-02,1.203594473501e-02,1.367052785817e-02,1.038696928030e-02,9.737716931140e-03
329.80000000,-4.849269201966e+12,2.026623240704e-02,2.301855731674e-02,1.375907502733e-02,1.562767382245e-02,1.776572822972e-02,1.665525601435e-02
330.00000000,-9.102257302227e+12,4.102577183147e-02,4.659741689521e-02,4.254930882559e-02,4.832786494557e-02,4.682685519478e-02,4.389987573440e-02
330.20000000,-6.585706341091e+12,2.968001705561e-02,3.371081314152e-02,7.384559847672e-03,8.387445550846e-03,2.065956370290e-02,1.936820816841e-02
330.40000000,6.335708602000e+12,-9.050462729628e-03,-1.027959173174e-02,-1.711212601323e-02,-1.943609750017e-02,-8.292990044867e-03,-7.774624858362e-03
330.60000000,-9.787092588320e+12,-1.325032755970e-02,-1.504983354935e-02,-6.331694878085e-03,-7.191592610796e-03,-2.709883615306e-02,-2.540498469773e-02
330.80000000,-2.931216770600e+13,-2.149138230841e-03,-2.441009288486e-03,-1.422799987033e-02,-1.616028262638e-02,-5.136351804263e-02,-4.815296799185e-02
331.00000000,-1.898798178079e+13,5.800606971790e-03,6.588378213093e-03,-4.555063634258e-03,-5.173679813160e-03,-2.929236219684e-02,-2.746140126343e-02
331.20000000,-1.036227813887e+13,1.101504060750e-02,1.251097581817e-02,-5.102321467531e-03,-5.795259890177e-03,5.532652317006e-03,5.186825982397e-03
331.40000000,-1.052519103075e+13,1.673821455865e-02,1.901140495479e-02,1.333603979614e-02,1.514718682784e-02,2.934391655692e-02,2.750973314460e-02
331.60000000,-1.179478457944e+13,2.726291992023e-02,3.096545387427e-02,6.273214728579e-03,7.125170362227e-03,2.859443365623e-02,2.680709774301e-02
331.80000000,2.355038799931e+11,-1.118790378019e-02,-1.270731526443e-02,-9.444509894803e-03,-1.072715424225e-02,-2.913261460542e-02,-2.731163892336e-02
332.00000000,5.047701189230e+12,-2.419685711851e-02,-2.748299394188e-02,-2.789208796497e-02,-3.168006948706e-02,-6.876002546905e-02,-6.446208187651e-02
332.20000000,7.435312938984e+12,-7.813680496562e-03,-8.874844063384e-03,-2.850612043457e-02,-3.237749276095e-02,-3.910814677748e-02,-3.666363621030e-02
332.40000000,-1.744364543095e+12,1.429659937115e-02,1.623819787762e-02,-2.260037114727e-02,-2.566969275581e-02,-1.255470055618e-02,-1.176995106774e-02
332.60000000,-2.401964129455e+12,1.473601877779e-02,1.673729413758e-02,-5.906973441622e-03,-6.709190409976e-03,1.007602640950e-02,9.446209988554e-03
332.80000000,-8.938768568280e+11,1.598101554480e-02,1.815137194272e-02,-6.341247183707e-03,-7.202442200338e-03,-1.306918760450e-02,-1.225227936833e-02
333.00000000,-4.513856272195e+12,-1.167648967754e-02,-1.326225523830e-02,-2.152057464652e-02,-2.444325075481e-02,-3.755542203761e-02,-3.520796674785e-02
333.20000000,2.917390576958e+12,-2.965801400426e-02,-3.368582189063e-02,-2.714864611346e-02,-3.083566194234e-02,-4.345966469202e-02,-4.074315628291e-02
333.40000000,-1.155662140268e+13,-1.716471452131e-02,-1.949582720156e-02,4.923062650973e-03,5.591656209741e-03,-1.713871951217e-02,-1.606743937216e-02
333.60000000,-1.363660290287e+13,1.763026355289e-03,2.002460170941e-03,-1.405707482731e-02,-1.596614451644e-02,-1.975245182328e-02,-1.851779661232e-02
333.80000000,4.862946054957e+11,1.028499247151e-02,1.168178100165e-02,-2.203741203294e-02,-2.503027903093e-02,2.095104680832e-02,1.964147170603e-02
334.00000000,-1.127954736291e+13,2.875707900505e-02,3.266253233678e-02,-1.336519729171e-03,-1.518030415798e-03,3.119268784444e-02,2.924294434245e-02
334.20000000,-4.188062800876e+12,4.511794589868e-02,5.124534263810e-02,1.079232011392e-03,1.225800849205e-03,2.840964907808e-02,2.663386338882e-02
334.40000000,3.406489433904e+12,2.814831846336e-02,3.197109699055e-02,-1.096731214489e-02,-1.245676592132e-02,1.510730343909e-02,1.416299986192e-02
334.60000000,-1.032867321709e+13,-5.279855300255e-03,-5.996904082219e-03,-2.557557574537e-02,-2.904895530956e-02,1.077825759629e-02,1.010454721211e-02
334.80000000,-1.398979047806e+13,-3.012283692798e-02,-3.421377167907e-02,-1.281457063145e-03,-1.455489773877e-03,-3.036262193209e-02,-2.846476288542e-02
335.00000000,1.597761153567e+12,-2.875776180627e-02,-3.266330786815e-02,-8.068049030509e-03,-9.163758347260e-03,-1.123410510689e-02,-1.053190132304e-02
335.20000000,-7.235188434983e+12,-1.658643926041e-02,-1.883901729379e-02,-1.792055989973e-02,-2.035432354808e-02,-2.202031856094e-03,-2.064390710066e-03
335.40000000,-1.448274502720e+13,-2.933305347635e-03,-3.331672898835e-03,-1.732958171840e-02,-1.968308552985e-02,2.296846478079e-03,2.153278808694e-03
335.60000000,8.313124515466e+11,5.746348461901e-03,6.526750940954e-03,-2.254468903035e-03,-2.560644853632e-03,2.513855418670e-02,2.356723295528e-02
335.80000000,-7.819767647918e+12,1.556752483551e-02,1.768172571540e-02,4.905605338478e-04,5.571828046519e-04,4.145020803156e-02,3.885930358085e-02
336.00000000,1.084402405867e+13,2.122470018372e-02,2.410719308339e-02,-6.211223067572e-03,-7.054759709184e-03,3.986980283522e-02,3.737768386839e-02
336.20000000,-4.965621009596e+12,1.315070810199e-02,1.493668493095e-02,-1.303275398639e-02,-1.480271223922e-02,4.306360245676e-02,4.037185048331e-02
336.40000000,-1.660975999304e+13,7.426602738302e-03,8.435197888132e-03,-1.945927970717e-02,-2.210201452346e-02,-1.098607155847e-03,-1.029937146580e-03
336.60000000,-1.369529866813e+13,-2.474142922148e-03,-2.810152351923e-03,-1.510462224691e-03,-1.715595773822e-03,-1.483087815640e-02,-1.390385293631e-02
336.80000000,4.449809962813e+12,-2.442168976541e-02,-2.773836075429e-02,-7.133989159314e-03,-8.102845243096e-03,-1.864922770307e-02,-1.748353109134e-02
337.00000000,-8.254597061524e+12,-1.808475615875e-02,-2.054081823589e-02,-2.164443191823e-02,-2.458392889190e-02,-2.697510326907e-02,-2.528898591436e-02
337.20000000,-1.983338151314e+12,-1.695886559144e-02,-1.926202225471e-02,-6.175929782977e-03,-7.014673297948e-03,-1.588136444503e-02,-1.488867707920e-02
337.40000000,1.307505694671e+13,3.684481822092e-03,4.184865459988e-03,-1.511327648345e-02,-1.716578729331e-02,1.047663805683e-02,9.821780832731e-03
337.60000000,1.180773008314e+13,2.295096300716e-02,2.606789692549e-02,1.169878586687e-02,1.328757996326e-02,3.167203990888e-02,2.969233382150e-02
337.80000000,-3.640098189581e+12,1.698396122463e-02,1.929052608607e-02,7.996061604130e-04,9.081994419346e-04,3.598386391355e-02,3.373464110877e-02
338.00000000,4.903630714181e+12,4.908678891806e-03,5.575318793900e-03,1.326162123726e-02,1.506266159905e-02,-1.170536642405e-02,-1.097370577853e-02
338.20000000,4.271802872953e+12,-1.885409620155e-02,-2.141464113083e-02,-2.827514572953e-03,-3.211514973683e-03,-1.077262709559e-02,-1.009926865391e-02
338.40000000,1.441680874185e+13,-1.360576907256e-02,-1.545354701085e-02,-7.200596519538e-03,-8.178498446359e-03,-1.784824429706e-02,-1.673261429705e-02
338.60000000,1.435513518538e+12,-7.305629802168e-03,-8.297795809232e-03,-2.661261374072e-02,-3.022683183837e-02,-1.968427654951e-02,-1.845388273141e-02
338.80000000,8.866371166110e+11,1.209017817405e-02,1.373212611399e-02,-6.917781781049e-03,-7.857275073675e-03,1.057126951622e-02,9.910497217607e-03
339.00000000,-1.407195552424e+12,1.644318387279e-02,1.867630661899e-02,-1.297486473317e-03,-1.473696113565e-03,1.651472181433e-02,1.548244554160e-02
339.20000000,9.254289648306e+12,1.486982552123e-02,1.688927296281e-02,8.609506570184e-03,9.778750401736e-03,2.504143192456e-02,2.347618145885e-02
339.40000000,-5.579974171561e+12,-1.726649608152e-03,-1.961143155417e-03,-1.710430547838e-02,-1.942721487052e-02,-2.396126962268e-03,-2.246353624429e-03
339.60000000,-8.069800606992e+11,-1.714911649396e-02,-1.947811083083e-02,-1.187231470093e-02,-1.348467548109e-02,-2.022925428861e-02,-1.896479585861e-02
339.80000000,-2.281628285069e+13,7.067668132318e-03,8.027516942071e-03,1.640095971710e-02,1.862834880432e-02,-5.071450600977e-03,-4.754452338300e-03
340.00000000,-1.769504331647e+13,4.627352755941e-02,5.255786201307e-02,1.800434795599e-02,2.044949073126e-02,5.163097926802e-02,4.840371117137e-02
340.20000000,6.339457469976e+12,3.332568485249e-02,3.785159330504e-02,-5.178617361247e-03,-5.881917411748e-03,3.530763508920e-02,3.310068093286e-02
340.40000000,-4.442107587669e+12,2.386039152740e-02,2.710083349200e-02,-4.879405916783e-03,-5.542070521697e-03,9.330157363486e-03,8.746962552487e-03
340.60000000,-2.585149183133e+12,1.054378227527e-02,1.197571663858e-02,4.984638001030e-03,5.661594013284e-03,-7.547130756343e-03,-7.075386569877e-03
340.80000000,2.341512294309e+13,2.454638435685e-03,2.787998992061e-03,-1.567584600072e-03,-1.780475851054e-03,4.128619588962e-03,3.870554325208e-03
341.00000000,1.054985332106e+13,-6.705070185485e-03,-7.615675142644e-03,-6.706725716802e-03,-7.617555810298e-03,-9.449309771261e-04,-8.858667168841e-04
341.20000000,1.261949548204e+12,-7.460654642371e-03,-8.473874327333e-03,5.037682155883e-03,5.721842013138e-03,-1.157522034267e-03,-1.085169466383e-03
341.40000000,5.827260422220e+12,5.294997015700e-02,6.014102170046e-02,1.386811892534e-02,1.575152680435e-02,5.180618102964e-02,4.856796169666e-02
341.60000000,1.838164130993e+12,2.969605021965e-02,3.372902374417e-02,2.239275134017e-02,2.543387642238e-02,4.635125468088e-02,4.345400330986e-02
341.80000000,1.043644730408e+13,2.769813848938e-02,3.145977878766e-02,2.707473972224e-02,3.075171843792e-02,3.646225906871e-02,3.418313349154e-02
342.00000000,-1.080378799083e+13,1.921541027047e-02,2.182502469092e-02,3.691199937107e-02,4.192496117359e-02,1.525872251282e-02,1.430495427020e-02
342.20000000,1.449834601074e+13,-3.624775679079e-04,-4.117050720297e-04,1.084808317888e-02,1.232134465301e-02,2.305850276867e-03,2.161719812179e-03
342.40000000,-6.143434896146e+11,-6.881264551922e-03,-7.815798186791e-03,-8.638839605731e-03,-9.812067111678e-03,7.852486851929e-03,7.361655946610e-03
342.60000000,1.188721382954e+13,-3.915290345198e-04,-4.447019722876e-04,-1.474338326086e-02,-1.674565944166e-02,2.596139107429e-03,2.433863724807e-03
342.80000000,9.127846621305e+12,8.767648480490e-03,9.958368927569e-03,-1.559680872340e-03,-1.771498730228e-03,9.753992029355e-03,9.144304827260e-03
343.00000000,-6.167800024910e+11,9.169210907895e-03,1.041446691193e-02,1.403591133487e-02,1.594210684267e-02,1.380602451928e-02,1.294305923944e-02
343.20000000,1.176013828071e+13,7.430575792253e-03,8.439710516244e-03,9.176427106681e-03,1.042266354343e-02,7.792073528107e-03,7.305018843874e-03
343.40000000,-4.095497739554e+12,9.456683986428e-03,1.074098125374e-02,1.137543633039e-02,1.292031682408e-02,7.779457900805e-03,7.293191774373e-03
343.60000000,1.913878935909e+13,-1.462496924532e-03,-1.661116314406e-03,-1.835047265538e-03,-2.084262209315e-03,-4.157726931377e-03,-3.897842271615e-03
343.80000000,8.479723691040e+12,1.061529252097e-02,1.205693857744e-02,-3.878386016294e-04,-4.405103649752e-04,9.584627720529e-03,8.985526876437e-03
344.00000000,-2.223938566453e+12,9.745778639093e-03,1.106933739309e-02,1.200843051223e-02,1.363927697115e-02,2.611403474182e-02,2.448173970516e-02
344.20000000,-5.292969586147e+12,1.988339194761e-02,2.258372390116e-02,2.373739922756e-02,2.696113886905e-02,4.747934168909e-02,4.451157762853e-02
344.40000000,1.481532355578e+12,6.755631630017e-03,7.673103256840e-03,1.410494664569e-02,1.602051773276e-02,-1.024642082858e-02,-9.605953661121e-03
344.60000000,-5.020302894178e+12,3.748651001847e-03,4.257749354364e-03,-1.078541667639e-02,-1.225016750929e-02,-1.644414783712e-02,-1.541628289162e-02
344.80000000,4.895343964148e+12,1.121222524413e-02,1.273493978785e-02,-6.868126050858e-03,-7.800875675221e-03,-1.223865403800e-02,-1.147365948855e-02
345.00000000,3.403836576424e+12,9.222798178782e-03,1.047533178516e-02,6.373741831749e-03,7.239349896500e-03,-1.165802439055e-02,-1.092932292645e-02
345.20000000,-1.516850408739e+13,8.532498267120e-03,9.691283336337e-03,6.270367586206e-03,7.121936553832e-03,6.655791100429e-03,6.239761372136e-03
345.40000000,1.551178234353e+12,1.689725332914e-02,1.919204252869e-02,1.163994612178e-02,1.322074928298e-02,1.024444364987e-02,9.604100068788e-03
345.60000000,2.034601135762e+12,2.085205604945e-02,2.368394073974e-02,1.771837522937e-02,2.012468048893e-02,3.218168393464e-03,3.017012181958e-03
345.80000000,-9.505803476503e+12,1.224311588545e-02,1.390583405364e-02,-9.223523342509e-03,-1.047615584653e-02,-2.554819657080e-02,-2.395127005713e-02
346.00000000,1.128691907859e+13,-1.371138096718e-02,-1.557350188952e-02,-1.633247343638e-02,-1.855056150726e-02,-3.483545237569e-02,-3.265801267421e-02
346.20000000,-1.554465777745e+12,-1.916402631125e-03,-2.176666235761e-03,7.999507312433e-03,9.085908083984e-03,-2.561826256908e-02,-2.401695648011e-02
346.40000000,-1.188240789316e+13,2.730125110075e-02,3.100899075168e-02,1.117476136941e-02,1.269238850562e-02,1.063779815666e-02,9.972867390355e-03
346.60000000,-5.991401406449e+12,2.721442346228e-02,3.091037118921e-02,2.403950278940e-03,2.730427065049e-03,2.446463534179e-02,2.293543837024e-02
346.80000000,4.661977540153e+12,1.124151699627e-02,1.276820960644e-02,-1.436542137649e-02,-1.631636713572e-02,8.729135676102e-03,8.183508584030e-03
347.00000000,1.504068397043e+13,-1.206681398604e-02,-1.370558887263e-02,-2.603730139819e-02,-2.957338721239e-02,-1.369605170122e-02,-1.283996042943e-02
347.20000000,1.390895057506e+13,-2.609571844352e-02,-2.963973661453e-02,-3.216931512058e-02,-3.653818027718e-02,-1.342358685062e-02,-1.258452638344e-02
347.40000000,1.124494711376e+13,-1.256204380808e-02,-1.426807507207e-02,-1.865619834181e-02,-2.118986791434e-02,-4.247054065588e-05,-3.981585885697e-05
347.60000000,1.649071619966e+13,2.838330221034e-02,3.223799350786e-02,2.725597279308e-02,3.095756449307e-02,4.000536830324e-02,3.750477562322e-02
347.80000000,-2.685958489740e+13,2.893613040619e-02,3.286590042499e-02,4.551326686276e-03,5.169435356027e-03,1.034116095078e-02,9.694771916677e-03
348.00000000,-1.613393129137e+12,1.112768526832e-02,1.263891857189e-02,-1.427543117046e-03,-1.621415549835e-03,3.614588725530e-02,3.388653695015e-02
348.20000000,-9.016275101282e+12,1.010624084385e-02,1.147875339868e-02,-6.045985789563e-03,-6.867081810858e-03,4.535356684049e-02,4.251867737279e-02
348.40000000,-8.453800842446e+12,1.071102243366e-03,1.216566941789e-03,-1.752840285011e-02,-1.990890825334e-02,3.347336124021e-02,3.138106099044e-02
348.60000000,1.372757698699e+13,6.733524791557e-03,7.647994123678e-03,-6.043061922601e-03,-6.863760858027e-03,2.257504448813e-02,2.116395909153e-02
348.80000000,9.072861145612e+12,-6.596309569904e-03,-7.492143920200e-03,1.561315423097e-02,1.773355266808e-02,3.354959101694e-02,3.145252591611e-02
349.00000000,3.843735725979e+12,2.442765458535e-02,2.774513564697e-02,3.760702705222e-02,4.271437949401e-02,3.595534745212e-02,3.370790710949e-02
349.20000000,-7.276005634241e+11,1.921313511639e-02,2.182244055176e-02,4.204671220658e-02,4.775701145356e-02,4.347546466436e-02,4.075796865542e-02
349.40000000,-2.217952019020e+13,1.467846936428e-02,1.667192902941e-02,1.570489111094e-02,1.783774819246e-02,2.913553782685e-02,2.731437942466e-02
349.60000000,-1.966148919566e+12,6.698461306072e-03,7.608168721790e-03,7.609816700012e-03,8.643294189483e-03,4.315078783216e-02,4.045358621231e-02
349.80000000,-9.207377522081e+12,2.000027685172e-02,2.271648275887e-02,2.492609714357e-02,2.831127201884e-02,5.758482533196e-02,5.398540358401e-02
350.00000000,-7.740850370467e+12,2.389028670668e-02,2.713478868820e-02,1.207344401141e-02,1.371311985356e-02,5.570041501468e-02,5.221878102486e-02
350.20000000,6.772399671416e+09,2.229094541101e-02,2.531824338546e-02,2.552798703947e-02,2.899490365479e-02,6.244553996511e-02,5.854229230712e-02
350.40000000,1.979932492233e+12,6.044662416685e-03,6.865578441234e-03,2.467539323210e-02,2.802652039515e-02,4.846070774506e-02,4.543160199762e-02
350.60000000,-2.603931043036e+11,5.605739343267e-03,6.367045920724e-03,2.440846522002e-02,2.772334130072e-02,4.481880083395e-02,4.201733767922e-02
350.80000000,2.242171343646e+13,1.329456566485e-02,1.510007956146e-02,5.777754375693e-02,6.562422301657e-02,4.920702467727e-02,4.613126932411e-02
351.00000000,-2.756529362604e+12,1.253041025064e-02,1.423214541132e-02,4.098928516390e-02,4.655597687230e-02,4.058808020864e-02,3.805106428877e-02
351.20000000,-9.368410822747e+12,5.582293826426e-04,6.340416305397e-04,1.907570810449e-02,2.166635065199e-02,1.700941597983e-02,1.594621814177e-02
351.40000000,-6.950366710691e+12,2.514218033128e-03,2.855670000223e-03,1.490037056561e-02,1.692396695057e-02,4.069588689649e-02,3.815213236562e-02
351.60000000,-4.594214328215e+12,2.056715801723e-02,2.336035115721e-02,1.549962629793e-02,1.760460668124e-02,5.138652929540e-02,4.817454089340e-02
351.80000000,-1.290486502611e+13,1.640467645891e-02,1.863256957424e-02,1.056959722216e-02,1.200503794727e-02,4.441337085470e-02,4.163724967985e-02
352.00000000,-1.400655227070e+13,2.695607147055e-04,3.061693282291e-04,3.141541229201e-03,3.568189106622e-03,-6.105833557727e-03,-5.724179711069e-03
352.20000000,-9.789114704265e+12,-2.299155890704e-02,-2.611400609020e-02,1.628776041645e-02,1.849977608093e-02,-1.915499282724e-03,-1.795768264410e-03
352.40000000,-6.688153214464e+12,1.917115661070e-02,2.177476101173e-02,7.666666665765e-03,8.707864861555e-03,-4.982848419205e-02,-4.671388362437e-02
352.60000000,3.668811452981e+11,8.436673850222e-02,9.582445157222e-02,-3.067816091879e-02,-3.484451471912e-02,9.204022988261e-02,8.628712386526e-02
352.80000000,-3.017629361286e+12,-6.137751436683e-02,-6.971309733529e-02,1.077585867402e-06,1.223931145404e-06,-7.674568965159e-03,-7.194859071448e-03
353.00000000,-1.106545030819e+13,-2.206600215438e-02,-2.506275094158e-02,-1.439031070363e-02,-1.634463664405e-02,7.196659483071e-03,6.746822004072e-03
353.20000000,-4.448802863067e+12,1.079856995331e-02,1.226510662746e-02,1.559738685011e-03,1.771564394349e-03,2.075512975894e-02,1.945780073163e-02
353.40000000,-3.233500719363e+12,1.164191024511e-02,1.322297962793e-02,-1.254199499418e-02,-1.424530402388e-02,4.921386719037e-03,4.613768413616e-03
353.60000000,1.405130664325e+13,-2.785627693896e-02,-3.163939376949e-02,-3.265930316158e-02,-3.709471283961e-02,1.728852370812e-02,1.620787984290e-02
353.80000000,4.363927790785e+12,3.591972378811e-07,4.079792460501e-07,-6.149102011360e-02,-6.984202087973e-02,6.918067528123e-02,6.485643837143e-02
354.00000000,5.295079836688e+12,7.688577586025e-02,8.732751124803e-02,-7.686781609188e-03,-8.730711584473e-03,-1.845639367756e-01,-1.730275043199e-01
354.20000000,-3.631894636138e+12,3.848419540582e-03,4.371067300253e-03,-7.687859195016e-03,-8.731935515573e-03,5.770079022905e-02,5.409411992959e-02
354.40000000,-1.481108782549e+13,1.875628591892e-02,2.130354738870e-02,8.174613864392e-03,9.284795587160e-03,2.501041666600e-02,2.344710485331e-02
354.60000000,1.280256805254e+12,-6.525895743405e-03,-7.412167303501e-03,-1.452434390719e-02,-1.649687269062e-02,-1.953798491046e-03,-1.831673526019e-03
354.80000000,-2.559276229244e+12,-1.445712034565e-03,-1.642051895129e-03,-1.697134715091e-02,-1.927619967730e-02,1.174654476146e-02,1.101231020515e-02
355.00000000,1.732801394547e+13,5.332164396536e-03,6.056317193980e-03,-8.334263436146e-03,-9.466126921446e-03,2.220447943836e-02,2.081655673942e-02
355.20000000,2.577348274807e+12,7.061440839871e-03,8.020443930904e-03,2.283303335868e-03,2.593395246394e-03,3.228385986709e-02,3.026591109945e-02
355.40000000,-1.425106071697e+13,1.156834809571e-02,1.313942711960e-02,3.879263753852e-04,4.406100591506e-04,4.617250642955e-02,4.328642797326e-02
355.60000000,2.661707612215e+13,2.038108870326e-02,2.314901206455e-02,2.830085660518e-02,3.214435236693e-02,5.146109923609e-02,4.824444973344e-02
355.80000000,3.015738473780e+12,1.696642180598e-02,1.927060466677e-02,1.811488983549e-02,2.057504513321e-02,3.017278661103e-02,2.828679349222e-02
356.00000000,-9.859481029046e+12,2.213814164937e-02,2.514468758707e-02,8.570497412576e-03,9.734443470495e-03,2.622532291881e-02,2.458607165570e-02
356.20000000,9.902529589932e+12,-3.628393239093e-04,-4.121159575404e-04,-1.599492821103e-03,-1.816717478456e-03,1.164285921433e-02,1.091510567123e-02
356.40000000,-4.866636030005e+12,3.116922543965e-03,3.540226855643e-03,-5.889413557789e-03,-6.689245745356e-03,2.730322439039e-02,2.559659735638e-02
356.60000000,5.870013154397e+11,-7.180691321228e-03,-8.155889631171e-03,1.453029170976e-03,1.650362825511e-03,2.044202171157e-02,1.916426394993e-02
356.80000000,3.955098958965e+12,-1.112098954197e-02,-1.263131350954e-02,-2.121074210358e-02,-2.409134033126e-02,1.726706252755e-02,1.618776012407e-02
357.00000000,1.850335534534e+13,2.268124723973e-03,2.576155148707e-03,-3.075397958288e-02,-3.493063019925e-02,-1.558407676118e-04,-1.460997178658e-04
357.20000000,-9.125806824279e+12,1.670202629494e-02,1.897030202033e-02,-8.691745601699e-03,-9.872158189501e-03,2.036012170879e-02,1.908748322379e-02
357.40000000,-5.800391923166e+12,1.375735466970e-02,1.562571920773e-02,-5.502493334224e-03,-6.249778481956e-03,1.199839675147e-02,1.124841982684e-02
357.60000000,1.103292226032e+13,-9.688996044174e-05,-1.100484324388e-04,1.439141469021e-02,1.634589056135e-02,1.901639059237e-02,1.782774393987e-02
357.80000000,-3.348890681797e+12,-2.205287224551e-02,-2.504783788060e-02,-4.805157469610e-03,-5.457738507231e-03,2.055624496971e-03,1.927134752019e-03
358.00000000,1.093562525559e+13,-2.950776954666e-04,-3.351517297127e-04,-7.342672581471e-04,-8.339869639509e-04,1.041745830240e-02,9.766300193373e-03
358.20000000,4.428738984551e+12,1.547410511641e-02,1.757561881229e-02,1.264549701993e-02,1.436286250039e-02,1.259012084819e-02,1.180315736381e-02
358.40000000,-2.268554547552e+13,1.092658999521e-02,1.241051286838e-02,1.171084531920e-02,1.330127719124e-02,7.016152179663e-03,6.577597567458e-03
358.60000000,2.000129229842e+12,-1.403510563394e-03,-1.594119109031e-03,1.026394942475e-02,1.165788059310e-02,-3.107971352074e-03,-2.913703164019e-03
358.80000000,9.266449514833e+11,1.617328196445e-03,1.836974976016e-03,-1.130465771920e-02,-1.283992587868e-02,-1.302964485028e-02,-1.221520829044e-02
359.00000000,5.820226347110e+12,-8.442238490407e-04,-9.588765522367e-04,2.922299044263e-03,3.319171978107e-03,-1.614606113866e-03,-1.513682852796e-03
359.20000000,1.656019670540e+13,7.649842159177e-03,8.688755101015e-03,2.808812009077e-03,3.190272443404e-03,-9.896866955252e-03,-9.278249151864e-03
359.40000000,-6.714752735029e+12,2.345377515042e-02,2.663899518917e-02,-3.409883163607e-03,-3.872974145983e-03,2.366260517458e-03,2.218354024406e-03
359.60000000,6.796692852776e+12,2.077796100268e-02,2.359978296208e-02,1.843312092906e-02,2.093649470163e-02,8.166721995343e-03,7.656249373606e-03
359.80000000,4.604909800199e+12,6.836471355537e-03,7.764921697385e-03,2.218777299500e-02,2.520106028374e-02,-6.188248674573e-03,-5.801443353334e-03
360.00000000,2.208987719396e+12,-1.215535136756e-02,-1.380615037563e-02,2.263418314036e-02,2.570809670362e-02,-2.887226636711e-02,-2.706756412350e-02
360.20000000,4.144901763363e+12,1.057627115104e-03,1.201261777710e-03,3.711179367529e-02,4.215188923465e-02,-1.680113281504e-02,-1.575095401366e-02
360.40000000,-1.149791138614e+13,1.730700200641e-02,1.965743852454e-02,2.856264701053e-02,3.244169612417e-02,-2.516687015165e-02,-2.359377899040e-02
360.60000000,2.263985464002e+13,3.134082618502e-02,3.559717412710e-02,4.189610654902e-02,4.758595227353e-02,-1.355426654801e-02,-1.270703775971e-02
360.80000000,2.115918159985e+12,3.096296639439e-02,3.516799779706e-02,9.831968607519e-03,1.116723312618e-02,-6.999941114370e-03,-6.562399797952e-03
361.00000000,1.724807658444e+13,3.225012175528e-02,3.662995968791e-02,2.203232132019e-02,2.502449695632e-02,1.067226905541e-02,1.000518363636e-02
361.20000000,-5.192657600106e+12,5.442712014479e-03,6.181878108743e-03,2.362757481347e-02,2.683639937037e-02,-2.949173060838e-03,-2.764830786767e-03
361.40000000,-1.383925422580e+13,-1.079760258248e-02,-1.226400787952e-02,3.567181434957e-02,4.051634853379e-02,5.744789625719e-03,5.385703345662e-03
361.60000000,-6.905139677232e+12,-1.344353819810e-02,-1.526928381840e-02,1.948551037626e-02,2.213180753933e-02,-1.600436886804e-02,-1.500399293508e-02
361.80000000,-1.963450684769e+13,3.319117684412e-03,3.769881797719e-03,3.810133068365e-02,4.327581374056e-02,3.014897148385e-02,2.826446696357e-02
362.00000000,-6.673998264311e+12,1.055109118613e-02,1.198401816105e-02,2.080105178560e-02,2.362601060198e-02,3.227449298498e-02,3.025712970769e-02
362.20000000,1.436521793497e+13,2.584972708394e-02,2.936033755821e-02,3.905645202290e-02,4.436064863833e-02,1.782058683428e-03,1.670668560348e-03
362.40000000,-3.165471981585e+13,1.546730147288e-02,1.756789117670e-02,3.889271771501e-02,4.417467782618e-02,1.938018900420e-02,1.816880261240e-02
362.60000000,1.442490865105e+13,1.500371380130e-02,1.704134439804e-02,2.865930514602e-02,3.255148125221e-02,1.276173343880e-02,1.196404306436e-02
362.80000000,1.158648901110e+13,2.697802908960e-03,3.064187247137e-03,9.874208029006e-03,1.121520901847e-02,1.571324789103e-02,1.473106889050e-02
363.00000000,-5.099920200566e+12,-1.268447640262e-02,-1.440713504327e-02,2.039704354245e-02,2.316713462137e-02,2.839388136804e-02,2.661908126201e-02
363.20000000,1.169924420559e+13,-8.394532684007e-03,-9.534580865998e-03,4.376554613543e-03,4.970927757186e-03,9.387061798523e-03,8.800310094543e-03
363.40000000,4.673103633934e+12,-1.062311762724e-02,-1.206582639899e-02,1.419038247616e-02,1.611755647183e-02,-5.699167220114e-03,-5.342932633675e-03
363.60000000,3.173999842050e+12,-7.073256479913e-03,-8.033864234297e-03,-4.097569914622e-03,-4.654054575847e-03,-1.599045345503e-02,-1.499094732483e-02
363.80000000,5.299178226959e+12,5.057936838580e-03,5.744847225913e-03,1.472200930123e-02,1.672138271749e-02,-2.514285619479e-02,-2.357126606021e-02
364.00000000,1.446903530498e+13,1.280653079306e-02,1.454576544708e-02,1.314380510395e-02,1.492884503808e-02,-4.856083477359e-03,-4.552547044323e-03
364.20000000,-1.232133517444e+13,1.246353961807e-02,1.415619318410e-02,1.085194063008e-02,1.232572597871e-02,1.944814759560e-03,1.823251335500e-03
364.40000000,4.322139696325e+12,1.064302776682e-02,1.208844050308e-02,2.543815872279e-03,2.889287589272e-03,1.654402785486e-02,1.550991976621e-02
364.60000000,1.801168789711e+13,-1.005605522303e-02,-1.142175214822e-02,1.467222530315e-02,1.666483763128e-02,9.520423189190e-03,8.925335541024e-03
364.80000000,3.173382563581e+12,8.927397644670e-03,1.013981337260e-02,2.363968030492e-02,2.685014888997e-02,1.266123472691e-02,1.186982616798e-02
365.00000000,1.710481039485e+13,1.173285819608e-02,1.332627907602e-02,2.559133256689e-02,2.906685204075e-02,1.672655551765e-02,1.568103827676e-02
365.20000000,-2.299753638867e+13,3.947888853514e-02,4.484045382958e-02,2.214477090059e-02,2.515221814111e-02,1.390563895814e-02,1.303644713553e-02
365.40000000,-1.317189938002e+13,3.201714955719e-02,3.636534790476e-02,1.582051110848e-02,1.796907036385e-02,3.398942475016e-02,3.186486721368e-02
365.60000000,-3.099570697984e+12,4.109450052238e-02,4.667547952073e-02,6.750015870341e-03,7.666725132939e-03,1.700177034474e-02,1.593905040803e-02
365.80000000,5.972029646096e+12,2.492764273985e-02,2.831302640046e-02,-1.488608925736e-03,-1.690774611983e-03,1.375136888843e-02,1.289181993685e-02
366.00000000,-2.233049525216e+12,1.836088764669e-02,2.085445070365e-02,2.077043587313e-03,2.359123678958e-03,1.990670205400e-02,1.866240521208e-02
366.20000000,-3.320361991940e+12,-1.045570898079e-03,-1.187568224954e-03,8.617287102493e-03,9.787587596160e-03,8.527978971582e-03,7.994925466611e-03
366.40000000,-1.461390831169e+13,1.754996199001e-02,1.993339451852e-02,2.267685924010e-02,2.575656857876e-02,1.527258059514e-02,1.431794613329e-02
366.60000000,3.602860506176e+12,4.238509399275e-02,4.814134644526e-02,4.723300953517e-02,5.364765183719e-02,5.361290185005e-02,5.026175085190e-02
366.80000000,1.912052493813e+11,3.533541619555e-02,4.013426307721e-02,4.675489022651e-03,5.310459988137e-03,4.628720085589e-02,4.339395326068e-02
367.00000000,7.904495491607e+12,3.514960394142e-02,3.992321595528e-02,6.007220330829e-04,6.823051674865e-04,3.973230854268e-02,3.724878385297e-02
367.20000000,1.950523215524e+13,1.213410427639e-02,1.378201775069e-02,-6.127644000216e-04,-6.959829897370e-04,1.555722750527e-02,1.458480078178e-02
367.40000000,-2.503730247557e+13,2.189384874930e-03,2.486721765536e-03,-2.596348849828e-02,-2.948954989619e-02,1.533649475166e-03,1.437786524418e-03
367.60000000,1.717915702767e+13,8.596675236694e-03,9.764176078455e-03,-1.178349311944e-02,-1.338379117738e-02,-2.600089825238e-03,-2.437567497356e-03
367.80000000,4.207133089919e+12,1.794379028630e-02,2.038070801168e-02,1.644514067464e-02,1.867852990967e-02,1.314448820110e-02,1.232287319361e-02
368.00000000,9.257632946172e+12,2.115593706766e-02,2.402909135751e-02,1.684357796678e-02,1.913107835700e-02,4.442922322121e-03,4.165211117155e-03
368.20000000,3.200324262786e+11,5.785353480323e-03,6.571053169120e-03,4.282723319544e-03,4.864353379618e-03,-1.021524363895e-02,-9.576725246250e-03
368.40000000,1.022246840791e+12,-1.229763906308e-02,-1.396776193762e-02,-2.762687103563e-02,-3.137883385489e-02,-3.034129869480e-02,-2.844477248753e-02
368.60000000,6.928946887076e+12,1.252748096161e-02,1.422881830018e-02,-2.082641035991e-02,-2.365481308522e-02,1.249796360926e-02,1.171676054472e-02
368.80000000,3.432945631784e+12,1.750272388677e-02,1.987974108334e-02,-8.498956798568e-03,-9.653187035846e-03,2.209471500600e-02,2.071365328968e-02
369.00000000,7.157824644488e+12,1.207723300223e-02,1.371742287890e-02,-8.183479854599e-03,-9.294865653845e-03,1.325244677568e-02,1.242408366330e-02
369.20000000,1.773628010624e+13,2.435424081587e-02,2.766175166979e-02,1.851367458807e-03,2.102798822905e-03,1.799472098323e-02,1.686993524876e-02
369.40000000,2.412596299229e+13,1.211305776315e-02,1.375811294383e-02,1.378038474273e-02,1.565187757748e-02,1.054848583122e-02,9.889137659370e-03
369.60000000,1.679321791288e+13,6.246611828052e-03,7.094954282153e-03,3.469331687566e-04,3.940496282456e-04,1.819221622327e-03,1.705508576677e-03
369.80000000,-1.475552748256e+13,-2.720344535442e-03,-3.089790216191e-03,-9.431384345496e-03,-1.071224613230e-02,2.049305897095e-02,1.921211105253e-02
370.00000000,-1.086716454539e+13,1.320530028021e-02,1.499869118638e-02,-2.076230755602e-02,-2.358200457823e-02,3.056525897350e-02,2.865473380916e-02
370.20000000,4.963068573401e+12,-2.002138721204e-02,-2.274046008378e-02,-1.960240101096e-02,-2.226457291115e-02,2.079891244583e-02,1.949884671915e-02
370.40000000,-1.639617151474e+13,-4.585225645632e-03,-5.207937874900e-03,-2.781313532131e-02,-3.159039440643e-02,3.723229990748e-03,3.490504182793e-03
370.60000000,5.107313341793e+12,-3.022127022153e-02,-3.432557304224e-02,-4.607810059457e-02,-5.233589649154e-02,-2.740505081969e-02,-2.569205897930e-02
370.80000000,-6.686203029160e+12,-3.273619196416e-02,-3.718204232164e-02,-5.407373431353e-02,-6.141740491529e-02,-1.940710973942e-02,-1.819404062862e-02
371.00000000,-2.509782734597e+13,-2.659818489720e-02,-3.021044224109e-02,-3.671196540666e-02,-4.169776090446e-02,-1.893353476306e-03,-1.775006713250e-03
371.20000000,-1.749958981285e+13,-1.332007234675e-02,-1.512905026541e-02,-7.019075858993e-03,-7.972325744386e-03,2.451548678290e-02,2.298311126940e-02
371.40000000,1.458257518633e+12,-2.879652375393e-03,-3.270733401450e-03,6.793466261163e-03,7.716076454439e-03,2.431770207900e-02,2.279768938089e-02
371.60000000,-5.345870528644e+12,6.792367373875e-03,7.714828023859e-03,7.690813443383e-03,8.735290975863e-03,3.210075789543e-02,3.009425417803e-02
371.80000000,-1.092936423127e+13,-1.950178508605e-02,-2.215029161641e-02,-4.315262270499e-03,-4.901311395402e-03,-1.440550278938e-02,-1.350506626410e-02
372.00000000,9.272363333448e+12,-1.463746794132e-02,-1.662535926817e-02,-2.590907018378e-02,-2.942774111419e-02,-3.733132254693e-02,-3.499787491588e-02
372.20000000,-1.006795276530e+13,-9.788719121805e-03,-1.111810955471e-02,-3.440700984762e-02,-3.907977287980e-02,-2.302427100119e-02,-2.158510605983e-02
372.40000000,-2.088237148966e+13,-7.327114966809e-03,-8.322198840038e-03,-1.726610038997e-02,-1.961098289994e-02,5.537805019918e-03,5.191656608255e-03
372.60000000,3.047943214916e+13,-7.591365593188e-03,-8.622336925259e-03,-9.394116786666e-03,-1.066991732368e-02,9.159398056045e-03,8.586876799429e-03
372.80000000,-3.268780454053e+12,-1.854202229350e-04,-2.106018495978e-04,9.131998555283e-03,1.037220121887e-02,1.247546411019e-02,1.169566740897e-02
373.00000000,-4.073034608693e+11,4.006776612153e-02,4.550930594785e-02,3.290429111641e-02,3.737297223139e-02,4.112632355167e-02,3.855566396294e-02
373.20000000,-5.006631698059e+12,6.832940422353e-02,7.760911233760e-02,1.605643121998e-02,1.823703042246e-02,4.965507744529e-02,4.655131591398e-02
373.40000000,-1.933172504914e+12,6.931482578829e-03,7.872836244359e-03,5.623763904995e-03,6.387518622227e-03,5.906612580483e-03,5.537411325529e-03
373.60000000,1.243927759560e+13,5.166109626476e-03,5.867710788725e-03,-2.079150847289e-02,-2.361517122666e-02,-3.583287503579e-02,-3.359309000645e-02
373.80000000,5.815747128720e+12,-8.361618930590e-04,-9.497197147880e-04,-1.364120792056e-02,-1.549379936537e-02,-2.304390422691e-02,-2.160351208274e-02
374.00000000,-1.753282679429e+12,-2.995474351808e-02,-3.402284976953e-02,-2.224607556844e-02,-2.526728083991e-02,-2.177103433101e-02,-2.041020473754e-02
374.20000000,5.165851417279e+13,-3.565152527874e-02,-4.049330243408e-02,-1.531144406524e-02,-1.739086770926e-02,-1.747158656582e-02,-1.637950009523e-02
374.40000000,-1.269328857787e+13,-1.547988632379e-02,-1.758218515628e-02,-9.415141953607e-05,-1.069379788613e-04,-3.517728203132e-04,-3.297847577899e-04
374.60000000,8.324463367697e+12,-9.382194803255e-03,-1.065637581263e-02,1.598985518297e-02,1.816141279637e-02,9.163011892280e-03,8.590264747670e-03
374.80000000,-2.397275627435e+13,2.299309543302e-02,2.611575128934e-02,9.028108728947e-03,1.025420227517e-02,9.170283446032e-04,8.597081782572e-04
375.00000000,-8.798001866582e+12,2.006485174235e-02,2.278982746309e-02,-3.366394213361e-03,-3.823579028362e-03,-3.671377487746e-02,-3.441892794546e-02
375.20000000,1.002685294148e+13,-1.386218182485e-02,-1.574478277272e-02,-2.360333549790e-02,-2.680886815067e-02,-5.410829400522e-02,-5.072617781291e-02
375.40000000,2.444173501450e+13,-8.470932099600e-03,-9.621355965162e-03,-1.285687345782e-02,-1.460294564687e-02,-3.778260487903e-02,-3.542094920131e-02
375.60000000,-1.614710568565e+12,-1.994941502000e-02,-2.265871346239e-02,2.080591277100e-03,2.363153175033e-03,-1.689697536577e-02,-1.584080578888e-02
375.80000000,-2.721927542625e+12,-7.622173841879e-03,-8.657329193386e-03,3.229966187817e-02,3.668622922723e-02,7.637454412286e-03,7.160064416709e-03
376.00000000,-7.438822777198e+12,-3.268618209695e-03,-3.712524069361e-03,3.921335794566e-02,4.453886371288e-02,5.198308761202e-03,4.873381048046e-03
376.20000000,-3.964952337567e+12,4.310905223463e-03,4.896362430880e-03,5.815754590952e-03,6.605583267644e-03,-8.741045740408e-03,-8.194674192756e-03
376.40000000,1.322477551604e+13,2.886409698114e-02,3.278408425462e-02,7.008851434690e-03,7.960712756762e-03,-1.544098985198e-02,-1.447582872901e-02
376.60000000,-7.302355103363e+12,1.707264353797e-02,1.939125220386e-02,2.188898410952e-02,2.486169333976e-02,-3.725622565681e-02,-3.492747206413e-02
376.80000000,-3.296809488895e+12,1.338276867475e-02,1.520026128238e-02,-3.553608437883e-03,-4.036218528470e-03,-2.715192153363e-02,-2.545475190077e-02
377.00000000,-1.148577281145e+13,4.140322616122e-03,4.702613269938e-03,-6.702446466244e-03,-7.612695401311e-03,-4.723187808454e-03,-4.427958208999e-03
377.20000000,-9.675458910470e+12,8.669943558524e-03,9.847394854974e-03,1.715923069044e-02,1.948959939106e-02,2.603398661512e-02,2.440669510094e-02
377.40000000,1.393392639486e+13,1.306900221054e-02,1.484388269185e-02,2.177371684504e-02,2.473077180556e-02,2.764868802674e-02,2.592046729477e-02
377.60000000,2.107106919823e+11,2.109730676678e-02,2.396249856837e-02,1.952295793300e-02,2.217434079109e-02,1.458318609060e-02,1.367164321682e-02
377.80000000,5.183367566963e+12,8.042294333838e-03,9.134505583643e-03,1.349768021185e-02,1.533077937954e-02,8.553649271785e-03,8.018991208039e-03
378.00000000,1.293474717667e+13,8.946481738622e-03,1.016148924711e-02,2.035767490272e-02,2.312241938728e-02,2.353029760508e-02,2.205950274815e-02
378.20000000,-7.147085210019e+12,-2.529429561309e-03,-2.872947381942e-03,-4.133784467995e-02,-4.695187371955e-02,-4.807615774602e-02,-4.507108884547e-02
378.40000000,3.537174650201e+12,-6.375206936330e-03,-7.241013688316e-03,-2.496923171651e-02,-2.836026463171e-02,-2.435057324028e-02,-2.282850588329e-02
378.60000000,-3.773850852101e+12,-7.874406664526e-03,-8.943817355994e-03,-4.995050652063e-03,-5.673420790421e-03,1.099611982211e-02,1.030879164837e-02
378.80000000,3.964754779812e+12,8.511723930071e-03,9.667687669492e-03,1.461090123858e-02,1.659518523992e-02,2.021738516357e-02,1.895366863018e-02
379.00000000,-9.192552071417e+12,4.727087701454e-03,5.369065991732e-03,1.213857242778e-02,1.378709325988e-02,2.378854331478e-02,2.230160644095e-02
379.20000000,2.575157065451e+13,3.364869477685e-04,3.821847069544e-04,3.950550091754e-03,4.487068217197e-03,2.599471451284e-03,2.436987775750e-03
379.40000000,1.145942411238e+13,-4.791039965048e-02,-5.441703510907e-02,-2.385770001474e-02,-2.709777752090e-02,-6.986800922207e-02,-6.550080952267e-02
379.60000000,-7.292405986730e+12,-3.948929665615e-02,-4.485227546100e-02,-3.883129258427e-02,-4.410491064301e-02,-9.912875174660e-02,-9.293256754657e-02
379.80000000,1.367197734465e+13,-2.991156079949e-02,-3.397380247436e-02,-5.318003695486e-02,-6.040233589433e-02,-3.162094458656e-02,-2.964443228528e-02
380.00000000,-8.229505811659e+11,1.954115541790e-02,2.219500877065e-02,1.452600063578e-02,1.649875441697e-02,1.060202559768e-02,9.939330846268e-03
380.20000000,-1.284764924771e+13,2.784636017704e-02,3.162813022785e-02,1.350293234851e-02,1.533674480079e-02,2.519731342779e-02,2.362231936609e-02
380.40000000,1.165531516628e+13,3.379881804842e-02,3.838898197059e-02,2.568687016640e-02,2.917536445456e-02,3.736841194223e-02,3.503264598556e-02
380.60000000,2.553619125054e+13,1.284030213429e-02,1.458412322064e-02,1.973819054653e-02,2.241880381448e-02,9.445747816863e-03,8.855327859494e-03
380.80000000,-1.315789507222e+13,-2.900267755220e-03,-3.294148523345e-03,2.319986808589e-02,2.635060645064e-02,1.013615981330e-02,9.502584668074e-03
381.00000000,4.873139013303e+12,-2.123186250920e-02,-2.411532811295e-02,4.249953885618e-03,4.827133579325e-03,4.822001617887e-03,4.520595520152e-03
381.20000000,-3.107395449868e+13,-5.673005434784e-02,-6.443447313541e-02,-3.436160641080e-02,-3.902820327213e-02,-3.729268878725e-02,-3.496165601453e-02
381.40000000,-2.204837569256e+13,-1.675868884703e-02,-1.903465982384e-02,-1.026187450701e-02,-1.165552388397e-02,-1.464504904318e-02,-1.372963933720e-02
381.60000000,-1.097436358061e+13,3.900118432049e-02,4.429787336249e-02,2.505603707170e-02,2.845885888854e-02,2.628940715768e-02,2.464615021771e-02
381.80000000,1.698409996802e+13,4.109153776074e-02,4.667211439113e-02,1.368757202082e-02,1.554646010271e-02,-2.461695242547e-03,-2.307823465707e-03
382.00000000,6.915636019488e+12,2.188891280695e-02,2.486161137049e-02,1.431035611087e-02,1.625382354115e-02,-1.029267572221e-02,-9.649317326559e-03
382.20000000,-7.440587676626e+12,2.821756557928e-03,3.204974844757e-03,3.472575199520e-03,3.944180290769e-03,-1.386537695828e-02,-1.299870176947e-02
382.40000000,-1.005820059526e+13,-2.134725692773e-02,-2.424639406461e-02,-1.773128605184e-02,-2.013934471033e-02,-2.856547562546e-02,-2.677994977531e-02
382.60000000,-3.184396470762e+13,-3.873791918638e-02,-4.399885460768e-02,-2.080800989282e-02,-2.363391367903e-02,-7.706290206515e-03,-7.224597531310e-03
382.80000000,-1.169691496102e+13,-4.440411112910e-02,-5.043456309960e-02,-2.082019862834e-02,-2.364775774795e-02,-7.365439154808e-03,-6.905051861381e-03
383.00000000,-2.721798115171e+12,-7.879643636952e-03,-8.949765553346e-03,-8.045488023916e-03,-9.138133365098e-03,7.381983493040e-03,6.920562072125e-03
383.20000000,-1.188324706878e+13,3.024249881761e-02,3.434968466032e-02,1.648618551184e-02,1.872514898302e-02,2.237556967609e-03,2.097695273751e-03
383.40000000,1.318528255850e+13,2.386571654753e-02,2.710688169468e-02,-1.106491246327e-04,-1.256762118861e-04,-3.515220242961e-03,-3.295496381364e-03
383.60000000,-1.087173025878e+13,1.264033645860e-02,1.435700052340e-02,1.024888186228e-02,1.164076672817e-02,2.147680982118e-02,2.013437115090e-02
383.80000000,-1.425419111620e+13,-1.143691486474e-02,-1.299014414979e-02,4.071358685909e-04,4.624283640524e-04,1.616064987916e-02,1.515050537841e-02
384.00000000,2.942233546812e+12,-2.128376523180e-02,-2.417427966206e-02,-1.558717124711e-02,-1.770404097518e-02,-2.011981729856e-02,-1.886219938392e-02
384.20000000,-1.885474091279e+13,-1.128257515997e-02,-1.281484381428e-02,-1.520445648512e-03,-1.726935031061e-03,-2.325561174798e-03,-2.180198652284e-03
384.40000000,-1.201759014520e+13,-1.108112468440e-02,-1.258603466884e-02,1.777393006379e-02,2.018778013988e-02,-3.153814738661e-03,-2.956681044256e-03
384.60000000,2.568059284047e+13,2.012855163745e-05,2.286217834046e-05,-3.236940388114e-02,-3.676544278424e-02,-8.735708754840e-03,-8.189670803093e-03
384.80000000,-1.442118493192e+12,1.336891221856e-02,1.518452300283e-02,1.559915406918e-02,1.771765116586e-02,-1.182946143967e-02,-1.109004405797e-02
385.00000000,1.122844104840e+13,5.196118785952e-03,5.901795444597e-03,1.293873702674e-02,1.469592698104e-02,1.503769932603e-02,1.409774645336e-02
385.20000000,1.284045111473e+13,1.451587836688e-02,1.648725680629e-02,2.208433761077e-02,2.508357749924e-02,2.287615327889e-02,2.144624664729e-02
385.40000000,1.022072078522e+13,2.628005594860e-03,2.984910870409e-03,-6.918572091415e-03,-7.858172714875e-03,-4.490559981755e-03,-4.209871116839e-03
385.60000000,-2.189034842870e+13,-2.583327116318e-02,-2.934164678492e-02,-1.778311813925e-02,-2.019821603372e-02,-3.870198047214e-02,-3.628285790996e-02
385.80000000,-1.640074263851e+13,-5.920983305336e-02,-6.725102665752e-02,-6.188841340831e-02,-7.029338354595e-02,-7.761635462197e-02,-7.276483352744e-02
386.00000000,-1.085994512294e+13,-9.527973718671e-02,-1.082195273155e-01,-8.735002270776e-02,-9.921289480204e-02,-1.079367678392e-01,-1.011900260140e-01
386.20000000,3.339647904273e+12,-3.558350691876e-02,-4.041604660842e-02,-9.337450100054e-03,-1.060555482161e-02,-1.181132032020e-02,-1.107303687509e-02
386.40000000,-3.735965740290e+12,4.763169595018e-03,5.410048110086e-03,1.841965095242e-02,2.092119538820e-02,2.615389706061e-02,2.451911037278e-02
386.60000000,8.145361352274e+12,7.970899141543e-03,9.053414323415e-03,1.172758666970e-02,1.332029215878e-02,1.235230743563e-02,1.158020881825e-02
386.80000000,-7.188256786689e+12,1.401987463659e-03,1.592389159535e-03,-3.584244912372e-03,-4.071015695389e-03,4.660870995076e-03,4.369536597041e-03
387.00000000,7.919867178954e+12,-3.967941328107e-03,-4.506821152350e-03,-4.127382800186e-03,-4.687916303497e-03,3.360775720288e-03,3.150705634153e-03
387.20000000,1.794623268345e+13,-2.459481828456e-02,-2.793500158328e-02,-7.207036049412e-03,-8.185812518871e-03,-1.181784989011e-03,-1.107915830490e-03
387.40000000,-3.202120849209e+13,-5.742285724743e-03,-6.522136449898e-03,3.842584555482e-03,4.364440047675e-03,2.191204374489e-02,2.054240015663e-02
387.60000000,3.780217933679e+12,2.109408104071e-02,2.395883476155e-02,9.793082399918e-03,1.112306584260e-02,2.827761343322e-02,2.651008082050e-02
387.80000000,1.463121904092e+13,2.244860483922e-02,2.549731429078e-02,1.511732161683e-02,1.717038179002e-02,3.311136862705e-02,3.104169524255e-02
388.00000000,1.314938530887e+13,2.353295119708e-02,2.672892400927e-02,9.290446462090e-03,1.055216769194e-02,5.002168922636e-02,4.689501210209e-02
388.20000000,-1.103642954951e+13,6.338645307586e-03,7.199486682708e-03,1.591141791765e-02,1.807232308682e-02,2.632374406588e-02,2.467834084842e-02
388.40000000,6.234993844339e+12,-8.098092845705e-03,-9.197882002990e-03,6.034996577672e-03,6.854600171021e-03,2.572813031016e-02,2.411995678114e-02
388.60000000,-1.068962244239e+13,-1.056366191609e-02,-1.199829610193e-02,3.974662821561e-03,4.514455659713e-03,1.844345991290e-02,1.729062511076e-02
388.80000000,-1.152643571931e+13,-2.967805879870e-03,-3.370858893684e-03,-1.912495244104e-02,-2.172228278607e-02,8.068046300630e-03,7.563741544116e-03
389.00000000,-7.119653967426e+12,2.651010200823e-03,3.011039695455e-03,-8.156743835606e-03,-9.264498657277e-03,-1.165407400340e-02,-1.092561946389e-02
389.20000000,2.412226871786e+12,9.881391863837e-03,1.122336803499e-02,2.915676489111e-04,3.311650023941e-04,9.895037381680e-03,9.276533938402e-03
389.40000000,1.648117946306e+12,-6.582111228438e-03,-7.476017324478e-03,-2.265353364096e-03,-2.573007516591e-03,4.312508369434e-03,4.042948874834e-03
389.60000000,-3.887610528686e+12,4.387804958443e-03,4.983705797014e-03,9.164706065237e-03,1.040935068539e-02,2.019507643317e-03,1.893275433884e-03
389.80000000,-9.714891318644e+12,9.550333268515e-03,1.084734889643e-02,2.088870132906e-02,2.372556369499e-02,-6.610563563194e-03,-6.197360846708e-03
390.00000000,1.057733806857e+13,2.073979665931e-02,2.355643557971e-02,2.860949982476e-02,3.249491194696e-02,3.499861052513e-03,3.281097239050e-03
390.20000000,6.787775953884e+12,-4.076131192402e-03,-4.629704110678e-03,-1.177633338419e-03,-1.337565908951e-03,-1.113736969303e-02,-1.044121249438e-02
390.40000000,7.166023914425e+12,2.567456449393e-03,2.916138641441e-03,-1.348097096473e-03,-1.531180087529e-03,8.423632474375e-03,7.897101296236e-03
390.60000000,-6.356531624719e+12,6.975971123935e-03,7.923366708281e-03,2.651076452955e-03,3.011115064265e-03,-8.667775987494e-03,-8.125984270390e-03
390.80000000,1.214577122548e+13,-8.115599169635e-03,-9.217765833032e-03,-1.742327881199e-02,-1.978950748146e-02,-3.214415856836e-02,-3.013494202992e-02
391.00000000,1.986972710885e+13,-7.114496922385e-02,-8.080705475912e-02,-4.324819268260e-02,-4.912166314316e-02,-8.244858001047e-02,-7.729501376682e-02
391.20000000,1.467852321533e+13,-2.867580858088e-02,-3.257022470508e-02,-1.977095727559e-02,-2.245602054256e-02,-6.144802324196e-02,-5.760712679137e-02
391.40000000,-3.110341250291e+12,-1.315265656159e-02,-1.493889800775e-02,1.071790558097e-02,1.217348783596e-02,-3.093310062962e-02,-2.899958299722e-02
391.60000000,9.846830700920e+12,4.205470755328e-05,4.776609074744e-05,1.697478861495e-02,1.928010852129e-02,1.281716328309e-02,1.201600818707e-02
391.80000000,1.680598094229e+13,2.021946434847e-02,2.296543776224e-02,2.391858188252e-02,2.716692766141e-02,1.351453857432e-02,1.266979303975e-02
392.00000000,-2.776691446996e+12,1.194957987268e-02,1.357243338010e-02,-4.866567677255e-03,-5.527488740625e-03,1.398956356936e-02,1.311512591907e-02
392.20000000,1.629417193888e+13,1.138036645630e-02,1.292591599161e-02,-3.534792331808e-02,-4.014847035999e-02,7.166155358468e-03,6.718224583343e-03
392.40000000,1.537777139138e+13,-1.399876052228e-02,-1.589991000663e-02,-4.760703773894e-02,-5.407247623544e-02,-5.168421080856e-02,-4.845361539845e-02
392.60000000,6.515755122339e+12,-2.821858508489e-02,-3.205090641061e-02,-2.429441410355e-02,-2.759380107773e-02,-6.947721224985e-02,-6.513443987332e-02
392.80000000,-1.148969695836e+13,-3.034030041450e-02,-3.446076853711e-02,-2.075036482530e-02,-2.356843992364e-02,-3.690450072416e-02,-3.459773220072e-02
393.00000000,-1.334039309772e+13,-2.671368500906e-02,-3.034162824012e-02,-1.479851353952e-02,-1.680827687859e-02,-4.223145093073e-02,-3.959171377687e-02
393.20000000,1.019523807351e+13,-1.989909701360e-02,-2.260156184727e-02,-1.143001780681e-02,-1.298231092677e-02,-3.102215861450e-02,-2.908307428557e-02
393.40000000,-3.225395755228e+12,5.621271268400e-03,6.384687211998e-03,9.637318911440e-03,1.094614835457e-02,-2.395179674808e-02,-2.245465548525e-02
393.60000000,-1.218629831903e+13,2.142858941361e-02,2.433877218652e-02,1.070661472893e-02,1.216066359068e-02,8.896397200973e-03,8.340315188413e-03
393.80000000,2.169782128969e+12,1.839224842137e-02,2.089007053546e-02,1.377470397220e-02,1.564542531026e-02,2.032681753609e-02,1.905626077597e-02
394.00000000,-1.330323327941e+12,5.407498417162e-03,6.141882208574e-03,2.313582594476e-02,2.627786684493e-02,8.339754810951e-03,7.818466525955e-03
394.20000000,-2.083345615867e+13,2.269881056623e-03,2.578150006112e-03,-2.153264678192e-03,-2.445696238833e-03,-2.893026988661e-02,-2.712194205018e-02
394.40000000,1.304276404895e+13,-3.111111425695e-02,-3.533626538608e-02,-1.307486806052e-02,-1.485054576092e-02,-3.198443980244e-02,-2.998520671356e-02
394.60000000,-1.149111780509e+12,-2.560489076346e-02,-2.908225040500e-02,-4.080763970266e-03,-4.634966242064e-03,-4.888711031372e-02,-4.583135166475e-02
394.80000000,-5.825774894008e+12,4.051355160407e-03,4.601563285039e-03,4.516426038313e-03,5.129794904799e-03,-3.014253839699e-02,-2.825843598600e-02
395.00000000,1.538055142544e+12,1.332818659035e-04,1.513826649163e-04,1.201036122047e-02,1.364146988591e-02,-3.257121463337e-02,-3.053530434567e-02
395.20000000,-5.951273046634e+12,1.559629922662e-02,1.771440791097e-02,1.792938343316e-02,2.036434539200e-02,1.044162381471e-03,9.788955205821e-04
395.40000000,-1.603243694706e+13,4.090805852942e-04,4.646371713619e-04,2.759252837838e-03,3.133982717424e-03,-1.931400372125e-02,-1.810675433509e-02
395.60000000,6.028794673905e+12,1.944416824792e-02,2.208484992679e-02,2.413977879044e-02,2.741816498083e-02,7.749165784037e-03,7.264793109626e-03
395.80000000,5.587225180429e+12,1.583639111222e-02,1.798710629512e-02,2.438570654218e-02,2.769749180189e-02,2.719567659256e-03,2.549577198726e-03
396.00000000,-1.508777366572e+13,-4.876413586865e-03,-5.538671589021e-03,1.767155357457e-02,2.007150005728e-02,-3.000894375493e-04,-2.813319186781e-04
396.20000000,-1.166460760752e+13,-1.945151634697e-02,-2.209319595953e-02,7.623534594341e-03,8.658875089920e-03,-9.087209642600e-03,-8.519200625864e-03
396.40000000,2.418017615346e+12,-1.068302277784e-02,-1.213386717317e-02,4.146882638027e-03,4.710064384294e-03,-7.312764382429e-04,-6.855669600875e-04
396.60000000,9.439000256594e+12,-1.404084588999e-02,-1.594771092144e-02,2.122091408656e-03,2.410289375559e-03,-4.879994955723e-03,-4.574963901582e-03
396.80000000,-1.262686115041e+13,-9.991210734630e-03,-1.134810123261e-02,-2.422685844881e-03,-2.751707079352e-03,-4.808916370420e-03,-4.508328184765e-03
397.00000000,-1.215273879022e+13,1.871719093920e-02,2.125914298173e-02,1.756485673988e-02,1.995031288975e-02,-1.439249395047e-03,-1.349287056125e-03
397.20000000,-2.927467676763e+13,3.744036905238e-02,4.252508624606e-02,3.219927893937e-02,3.657221343606e-02,4.726440922211e-02,4.431007982235e-02
397.40000000,-7.177934501525e+11,2.459809729162e-02,2.793872590710e-02,4.244732412206e-02,4.821202985647e-02,3.212802653927e-02,3.011981835634e-02
397.60000000,2.586612436580e+12,-3.128371288969e-03,-3.553230436563e-03,1.907443157296e-02,2.166490075668e-02,1.145941455462e-02,1.074312748196e-02
397.80000000,9.516699941964e+12,-5.074599067129e-03,-5.763772325318e-03,1.962234945150e-02,2.228723051869e-02,1.415244854953e-02,1.326782954093e-02
398.00000000,-1.193793826659e+13,3.678061182225e-03,4.177572843195e-03,2.551996075221e-02,2.898578732981e-02,7.140276013986e-03,6.693962864247e-03
398.20000000,2.122160680578e+13,-5.787835717276e-03,-6.573872514739e-03,1.445979640330e-02,1.642355908961e-02,-3.985393439547e-03,-3.736280730812e-03
398.40000000,7.830684535636e+11,-7.690175660008e-03,-8.734566230681e-03,-1.646828423350e-02,-1.870481655964e-02,-2.384958800407e-02,-2.235883544475e-02
398.60000000,-7.716197445706e+12,-1.040252617255e-02,-1.181527676839e-02,-3.607257514409e-03,-4.097153603477e-03,-4.912832688700e-02,-4.605749065162e-02
398.80000000,4.827901076373e+12,-4.589721779335e-02,-5.213044621397e-02,-5.522796278144e-02,-6.272838737430e-02,-1.088342678007e-01,-1.020314264586e-01
399.00000000,-2.304028315321e+12,-1.439985529699e-02,-1.635547682712e-02,-1.877686432752e-02,-2.132692136179e-02,-5.151595044414e-02,-4.829587238840e-02
399.20000000,9.446663371048e+12,4.497901225890e-03,5.108754064087e-03,8.201655422850e-04,9.315509618042e-04,-3.775328371464e-02,-3.539346079817e-02
399.40000000,3.436819743808e+12,6.330685225619e-03,7.190445554622e-03,9.673102884118e-03,1.098679209349e-02,-3.110642107927e-02,-2.916206980464e-02
399.60000000,6.039953190145e+12,1.230404214503e-02,1.397503461198e-02,1.555561691097e-02,1.766820129324e-02,-2.699697187898e-02,-2.530948759558e-02
399.80000000,8.856633019645e+12,-3.599615289840e-03,-4.088473338468e-03,-8.486120022916e-03,-9.638606917458e-03,-3.944485851179e-02,-3.697930129678e-02
400.00000000,1.160310003226e+13,-1.414749967852e-02,-1.606884919199e-02,-1.575663898680e-02,-1.789652386767e-02,-2.946955060027e-02,-2.762751425265e-02
400.20000000,4.606965839745e+12,-2.820209723698e-02,-3.203217937420e-02,-2.006310739504e-02,-2.278784711992e-02,-4.841546355735e-02,-4.538918586248e-02
400.40000000,4.333623528330e+12,-9.459081487807e-03,-1.074370435598e-02,-4.348265008846e-02,-4.938796184832e-02,-6.451109267075e-02,-6.047873469095e-02
400.60000000,-4.951964337453e+11,-1.462665041091e-02,-1.661307262610e-02,-3.666995861576e-02,-4.165004923597e-02,-1.644557599601e-02,-1.541762178140e-02
400.80000000,2.365137019048e+13,1.760090737294e-02,1.999125871319e-02,-2.217925803664e-03,-2.519138892199e-03,-9.072157798272e-03,-8.505089618562e-03
401.00000000,4.015711943920e+11,1.000299679552e-02,1.136148793976e-02,-1.621524382573e-02,-1.841741112368e-02,-2.067117491429e-02,-1.937909360444e-02
401.20000000,-1.085208747942e+13,1.251526620617e-02,1.421494467817e-02,-1.369957092433e-02,-1.556008855883e-02,-3.128620940989e-02,-2.933062020889e-02
401.40000000,-9.444686617402e+12,1.805681175513e-03,2.050907874710e-03,-2.336077549172e-02,-2.653336644351e-02,-4.064964424267e-02,-3.810878017492e-02
401.60000000,4.558480497672e+12,4.664648633889e-04,5.298147173345e-04,-1.986344935503e-02,-2.256107382890e-02,-1.723039683422e-02,-1.615338627226e-02
401.80000000,1.140622422377e+13,7.099641827596e-03,8.063832934239e-03,-2.171550821503e-02,-2.466465795114e-02,2.389615894330e-02,2.240249540092e-02
402.00000000,1.325180117502e+13,6.879701440778e-02,7.814022792000e-02,1.941013311118e-02,2.204619340394e-02,4.542012995615e-02,4.258107986585e-02
402.20000000,2.587839553515e+13,2.787942254278e-02,3.166568274109e-02,1.570477025929e-02,1.783761092814e-02,2.031617309864e-02,1.904628168429e-02
402.40000000,-7.906034740067e+12,9.939246438621e-03,1.128907974790e-02,-1.484576234271e-03,-1.686194246899e-03,-5.315931315862e-03,-4.983651436942e-03
402.60000000,-1.319422747913e+13,-3.110435764495e-04,-3.532859116926e-04,5.409670014873e-03,6.144348970521e-03,-2.654195700691e-02,-2.488291407793e-02
402.80000000,3.394158099652e+12,3.907919930634e-03,4.438648343996e-03,1.307024440425e-02,1.484529417301e-02,-1.719565595318e-02,-1.612081691961e-02
403.00000000,-1.000841285954e+13,8.394230306544e-03,9.534237423132e-03,-2.839455507922e-04,-3.225077588642e-04,-3.607114743226e-02,-3.381646884649e-02
403.20000000,-2.493689838345e+11,-2.549801899067e-03,-2.896086454609e-03,8.881200702142e-04,1.008734289544e-03,-2.654600962415e-02,-2.488671338054e-02
403.40000000,1.326107962317e+13,4.546936905434e-02,5.164449201567e-02,2.071746963432e-02,2.353107728743e-02,2.135875253865e-02,2.002369320742e-02
403.60000000,1.347810513933e+13,6.518906332415e-02,7.404228671681e-02,3.971876458012e-02,4.511290884421e-02,6.013905540590e-02,5.637997785932e-02
403.80000000,4.456458599827e+12,6.999693317580e-02,7.950310575454e-02,4.283627035508e-02,4.865379827855e-02,1.287106756570e-04,1.206654310554e-04
404.00000000,1.343329392845e+13,3.383724038552e-02,3.843262238440e-02,8.769429775140e-03,9.960392530930e-03,-4.297529791595e-02,-4.028906554394e-02
404.20000000,4.415343705684e+12,1.023790454094e-04,1.162829813390e-04,1.886811951749e-02,2.143056977860e-02,-1.207308314836e-02,-1.131843784383e-02
404.40000000,7.310542259606e+12,1.511405955311e-02,1.716667603155e-02,3.803165398094e-02,4.319667435213e-02,-1.948669501003e-03,-1.826865130823e-03
404.60000000,7.192667497488e+12,3.361791229774e-02,3.818350769656e-02,3.037261469409e-02,3.449747273209e-02,5.095422900581e-03,4.776926215081e-03
404.80000000,8.847862148714e+11,1.148214647643e-02,1.304151859500e-02,-1.953137633986e-02,-2.218390248882e-02,7.419054251143e-03,6.955315669549e-03
405.00000000,-2.134845783485e+13,-3.013818350850e-02,-3.423120245437e-02,-2.669359558335e-02,-3.031881170037e-02,-3.137493039477e-02,-2.941379556190e-02
405.20000000,8.570194722815e+12,5.045326758321e-03,5.730524590637e-03,1.026016209666e-02,1.165357891381e-02,-1.020202388914e-01,-9.564331815787e-02
405.40000000,2.622425969150e+12,-1.988137461223e-02,-2.258143259465e-02,-5.193759273058e-04,-5.899115723285e-04,-6.116065462483e-02,-5.733772056006e-02
405.60000000,5.998176888134e+12,5.669009217756e-04,6.438908376615e-04,2.371680083439e-04,2.693774303986e-04,-2.273069296476e-02,-2.130987853784e-02
405.80000000,-5.194333532441e+12,2.595380485342e-02,2.947854996463e-02,1.469886742978e-02,1.669509798411e-02,-7.888090203879e-03,-7.395033860199e-03
406.00000000,-2.142221586261e+13,1.848343539618e-02,2.099364146883e-02,1.319735034631e-02,1.498966217737e-02,1.296179363262e-02,1.215159821005e-02
406.20000000,4.278394329290e+12,1.368258398602e-03,1.554079403599e-03,-1.281529000268e-03,-1.455571480670e-03,5.501252796019e-03,5.157389133313e-03
406.40000000,1.796925541973e+10,-6.193130612112e-03,-7.034209867021e-03,-1.156582101016e-02,-1.313655735407e-02,-1.243788462822e-02,-1.166043688619e-02
406.60000000,6.598624838621e+12,-2.522062366447e-03,-2.864579660020e-03,7.531184047525e-03,8.553982557529e-03,-1.501006345935e-02,-1.407183800599e-02
406.80000000,-6.093963824346e+12,-1.788189381911e-02,-2.031040548336e-02,-3.122552150560e-03,-3.546621150447e-03,-4.477013718995e-02,-4.197171582580e-02
407.00000000,3.772125122535e+12,1.622000246743e-02,1.842281530061e-02,8.892118923038e-03,1.009974390310e-02,-5.349173916424e-03,-5.014816161280e-03
407.20000000,1.186107639634e+13,-3.609071908182e-03,-4.099214245162e-03,-3.711777933068e-03,-4.215868779268e-03,-3.554440229006e-02,-3.332264866169e-02
407.40000000,-2.341806963578e+12,3.129724117364e-03,3.554766990440e-03,-5.373998123951e-03,-6.103832535014e-03,-2.510871970765e-02,-2.353926332295e-02
407.60000000,2.819984359501e+12,-8.054649871553e-03,-9.148539107357e-03,-1.397551133451e-02,-1.587350401126e-02,-2.893057270437e-02,-2.712222593988e-02
407.80000000,-2.818757392124e+12,1.492052666627e-02,1.694685975003e-02,1.961095353757e-02,2.227428694324e-02,6.164668480487e-03,5.779337072957e-03
408.00000000,1.116532967885e+13,1.652110813631e-02,1.876481365326e-02,1.487768835590e-02,1.689820430488e-02,8.869876706299e-03,8.315452395134e-03
408.20000000,1.466603406932e+13,2.447372076244e-02,2.779745799858e-02,2.544593978761e-02,2.890171369197e-02,2.226150787609e-02,2.087002053321e-02
408.40000000,1.340450979605e+13,-1.550859899706e-02,-1.761479725220e-02,-2.581101745884e-02,-2.931637199964e-02,-3.098467539321e-02,-2.904793400656e-02
408.60000000,1.497592725466e+13,-2.695311809578e-02,-3.061357835495e-02,-3.599395397542e-02,-4.088223744624e-02,-2.077973665029e-02,-1.948086953410e-02
408.80000000,1.906913619473e+13,-5.406620160679e-02,-6.140884677469e-02,-4.079604657740e-02,-4.633649485088e-02,-3.407865410989e-02,-3.194851916485e-02
409.00000000,1.870171223616e+13,-1.693665091952e-02,-1.923679064339e-02,4.491320577253e-03,5.101279909728e-03,6.214593561327e-03,5.826141515318e-03
409.20000000,-1.312810535089e+13,-1.531676886214e-02,-1.739691497064e-02,-5.152548922082e-04,-5.852308657993e-04,9.562011024481e-03,8.964323869276e-03
409.40000000,-3.523230906106e+12,-9.243251900404e-03,-1.049856329431e-02,1.311841913609e-02,1.490001144101e-02,2.020818858039e-02,1.894504689257e-02
409.60000000,1.894768717214e+12,-7.484446505601e-03,-8.500897325808e-03,-4.060463677442e-04,-4.611908997723e-04,2.084320098554e-02,1.954036694043e-02
409.80000000,8.005492916176e+12,-1.837256200353e-02,-2.086771053640e-02,-1.116444554703e-02,-1.268067170728e-02,8.320229569774e-03,7.800161737863e-03
410.00000000,2.154511365075e+12,-3.363419852071e-02,-3.820200572567e-02,-2.712594589670e-02,-3.080987884410e-02,7.351062346596e-03,6.891573696100e-03
410.20000000,-3.459468138618e+11,-4.785418610374e-02,-5.435318728962e-02,-2.919431517367e-02,-3.315915016798e-02,1.508505667105e-02,1.414214365989e-02
410.40000000,-1.494424352745e+13,-4.311775144798e-02,-4.897350494853e-02,-1.585256387677e-02,-1.800547616926e-02,9.464141155167e-03,8.872571495918e-03
410.60000000,-1.145437801094e+13,-7.802698395211e-03,-8.862370500251e-03,1.980341298854e-02,2.249288401592e-02,2.754752663419e-02,2.582562913954e-02
410.80000000,-1.006198001008e+13,8.338348716022e-03,9.470766642350e-03,1.187958122568e-02,1.349292886138e-02,3.679504819077e-02,3.449512115425e-02
411.00000000,1.271794375186e+13,6.224426830161e-03,7.069756374852e-03,4.140947068006e-03,4.703322713646e-03,2.608490736484e-02,2.445443297647e-02
411.20000000,1.434231137129e+13,-1.072549176971e-02,-1.218210381153e-02,-1.620216439601e-02,-1.840255539675e-02,2.170045112234e-03,2.034403343314e-03
411.40000000,5.165492778818e+12,-1.761298485102e-02,-2.000497641442e-02,-2.948221372335e-02,-3.348614777642e-02,-2.232027002328e-02,-2.092510966847e-02
411.60000000,-7.058707648169e+12,-2.134241266870e-02,-2.424089191443e-02,-3.355552715697e-03,-3.811265163593e-03,3.660429309121e-02,3.431628947461e-02
411.80000000,-1.054222562495e+13,-2.208064659574e-03,-2.507938422131e-03,-1.635897172158e-02,-1.858065848378e-02,8.683436626356e-03,8.140666018654e-03
412.00000000,-1.261141961764e+12,1.617819714324e-02,1.837533246159e-02,-9.411856566176e-04,-1.069006631533e-03,1.644502882792e-02,1.541710881483e-02
412.20000000,1.016384299729e+13,1.614141802641e-02,1.833355843118e-02,4.595662898159e-03,5.219792800584e-03,1.720908105923e-03,1.613340287023e-03
412.40000000,1.919062539687e+13,2.960485506652e-02,3.362544352179e-02,6.764317084690e-03,7.682968573189e-03,1.076816501083e-02,1.009508547813e-02
412.60000000,2.279831381998e+12,1.614370412747e-02,1.833615500400e-02,5.513384321302e-03,6.262148557221e-03,1.894354438833e-02,1.775945109184e-02
412.80000000,6.158069420624e+12,5.979481913097e-03,6.791545876737e-03,3.191842453670e-03,3.625321662940e-03,1.477212319808e-02,1.384877054057e-02
413.00000000,7.155320368514e+12,-7.477404406574e-03,-8.492898850471e-03,1.065690840216e-03,1.210420672420e-03,1.905382682217e-02,1.786284016466e-02
413.20000000,1.105184484778e+13,1.145240337759e-02,1.300773613303e-02,-2.901094263424e-02,-3.295087408630e-02,2.992169903061e-02,2.805140049961e-02
413.40000000,4.359726487049e+12,1.605179330215e-02,1.823176191514e-02,-7.275033679900e-03,-8.263044802862e-03,5.511282077919e-03,5.166791520624e-03
413.60000000,3.254065304994e+12,-2.870567985967e-03,-3.260415275491e-03,-2.070800915279e-02,-2.352033199247e-02,-1.388498303498e-02,-1.301708234035e-02
413.80000000,1.341727001130e+13,1.327050996458e-02,1.507275689466e-02,-1.593572265546e-02,-1.809992861364e-02,2.230235107079e-04,2.090831076572e-04
414.00000000,1.865667479545e+12,2.585383735828e-02,2.936500604239e-02,5.816745097662e-03,6.606708293545e-03,4.391279160386e-03,4.116795985000e-03
414.20000000,-1.031607750406e+13,1.750986548289e-02,1.988785256831e-02,1.061370209586e-02,1.205513263597e-02,1.161231713317e-02,1.088647266647e-02
414.40000000,4.430152855468e+12,7.304340154963e-03,8.296331017085e-03,1.311258119387e-03,1.489338065685e-03,6.087447774834e-03,5.706943157794e-03
414.60000000,6.038176049634e+11,-6.670084058790e-04,-7.575937605516e-04,-2.109594683234e-02,-2.396095489098e-02,-7.113628518504e-03,-6.668981008526e-03
414.80000000,3.338953335172e+12,-1.458714326579e-02,-1.656820007820e-02,-2.238767975909e-02,-2.542811607767e-02,-6.863598044477e-03,-6.434579046363e-03
415.00000000,7.160360972286e+12,-7.703486126951e-03,-8.749684371048e-03,-1.788845609213e-02,-2.031785977179e-02,-2.365422403735e-02,-2.217568298178e-02
415.20000000,1.220263434747e+13,-1.156963753482e-02,-1.314089167539e-02,-1.609673083506e-02,-1.828280306622e-02,-1.688934740208e-02,-1.583365462196e-02
415.40000000,-2.249257433222e+13,-9.384343804322e-03,-1.065881666613e-02,-1.658456854683e-02,-1.883689326652e-02,-3.073803558786e-03,-2.881671077448e-03
415.60000000,4.910658683173e+12,-1.130957508657e-02,-1.284551055813e-02,-1.108297909483e-02,-1.258814142164e-02,-2.313180247202e-02,-2.168591612250e-02
415.80000000,1.676835964083e+13,-1.340260125040e-02,-1.522278728870e-02,-7.682295598282e-03,-8.725616335333e-03,-2.467916929784e-02,-2.313656257498e-02
416.00000000,1.050279473291e+13,-7.896486627234e-03,-8.968895963450e-03,-3.741256393150e-04,-4.249350663622e-04,-3.702032609671e-02,-3.470631774294e-02
416.20000000,2.759748093579e+12,-6.587206403927e-03,-7.481804467677e-03,-4.527326199463e-03,-5.142175400052e-03,-4.849680909940e-02,-4.546544678524e-02
416.40000000,3.277222618369e+13,-2.296932403006e-02,-2.608875152981e-02,-3.069569783962e-02,-3.486443330217e-02,-6.828895157830e-02,-6.402045313208e-02
416.60000000,1.725499697408e+13,-1.693662787580e-02,-1.923676447014e-02,-1.837217666921e-02,-2.086727369568e-02,-5.699432226950e-02,-5.343181075881e-02
416.80000000,-1.315414962191e+13,-4.433607658684e-02,-5.035728889396e-02,-3.069021926729e-02,-3.485821069336e-02,-4.957007873233e-02,-4.647163016696e-02
417.00000000,3.751588206471e+12,-2.395377530120e-03,-2.720689956814e-03,-3.057455878952e-03,-3.472684254418e-03,-1.586211120813e-02,-1.487062729337e-02
417.20000000,3.558101244522e+13,-4.432040192688e-03,-5.033948548326e-03,1.796592033813e-02,2.040584431777e-02,2.016135202266e-03,1.890113792077e-03
417.40000000,-7.929274729348e+12,1.012692284844e-02,1.150224419355e-02,1.576794345149e-02,1.790936357431e-02,1.853619775380e-02,1.737756624047e-02
417.60000000,5.203566006492e+12,3.763526793338e-03,4.274645403526e-03,-3.798170230268e-03,-4.313993881336e-03,1.366138009131e-02,1.280745601802e-02
417.80000000,-7.337782347002e+12,1.113939347478e-02,1.265221685131e-02,1.911462986483e-02,2.171055831667e-02,4.220436204714e-02,3.956631812263e-02
418.00000000,-1.387847215231e+13,5.644583175671e-02,6.411165072455e-02,1.008567534504e-02,1.145539538510e-02,3.542700108942e-02,3.321258579076e-02
418.20000000,1.378635015859e+13,8.933813518402e-03,1.014710057598e-02,3.512820857076e-02,3.989891649113e-02,-1.062107917717e-02,-9.957193454558e-03
418.40000000,2.534867032177e+12,9.225912834704e-03,1.047886943757e-02,3.826389026476e-02,4.346045028809e-02,-3.786528503624e-04,-3.549846131718e-04
418.60000000,7.634131926473e+12,-3.396311837438e-03,-3.857559566346e-03,1.028891256325e-02,1.168623393700e-02,-1.990046477042e-04,-1.865655779879e-04
418.80000000,5.757030244740e+12,-1.257404625058e-02,-1.428170754727e-02,7.663795608719e-03,8.704603890672e-03,5.119946338371e-03,4.799916780368e-03
419.00000000,1.161399266923e+13,-9.032617780253e-03,-1.025932328807e-02,3.651682452037e-03,4.147611823485e-03,8.935787543226e-03,8.377243381067e-03
419.20000000,-9.933658339910e+12,1.448490875004e-02,1.645208125486e-02,2.473797979487e-02,2.809760674264e-02,1.510882544556e-03,1.416442673320e-03
419.40000000,-1.369798072128e+12,2.960813729470e-02,3.362917150418e-02,3.352655696537e-02,3.807974704721e-02,2.213810629056e-02,2.075433234003e-02
419.60000000,2.348273052511e+12,4.289688862773e-02,4.872264709863e-02,3.588872345924e-02,4.076271573568e-02,4.683432709216e-02,4.390688059016e-02
419.80000000,2.314763704131e+12,2.527174042965e-04,2.870385545231e-04,2.391747582008e-02,2.716567138634e-02,7.005912076054e-03,6.567997536149e-03
420.00000000,9.080200895559e+12,-9.408888047776e-03,-1.068669422439e-02,1.649358414244e-02,1.873355241025e-02,1.527384737989e-03,1.431913373585e-03
420.20000000,-5.565628473426e+12,2.598126527093e-03,2.950973973794e-03,2.802526231098e-02,3.183133003596e-02,7.259413608063e-03,6.805653592858e-03
420.40000000,7.840708919137e+12,9.762804435719e-03,1.108867543617e-02,3.464505337998e-02,3.935014473778e-02,4.447782694895e-03,4.169767685388e-03
420.60000000,1.771556165925e+13,-1.284013829602e-02,-1.458393713175e-02,1.645474771403e-02,1.868944166630e-02,-1.307833421410e-02,-1.226085425604e-02
420.80000000,-5.775084723396e+10,-3.292363690931e-03,-3.739494386776e-03,1.060946497617e-02,1.205032007957e-02,4.254168956158e-04,3.988256049906e-04
421.00000000,6.120283603406e+12,-4.954605442648e-02,-5.627482556836e-02,-1.184130592205e-02,-1.344945544770e-02,-3.760815033212e-02,-3.525739918501e-02
421.20000000,-5.037041769040e+12,-5.183354780332e-02,-5.887297979600e-02,-3.011170645823e-02,-3.420113095042e-02,-1.971821965720e-02,-1.848570417667e-02
421.40000000,1.022423715494e+13,-1.613537681751e-02,-1.832669677527e-02,7.446298727141e-03,8.457569092479e-03,3.272128483105e-03,3.067599419132e-03
421.60000000,-1.351781799753e+13,1.990494524735e-02,2.260820432038e-02,1.193103408032e-02,1.355136944899e-02,1.419482068225e-02,1.330755314298e-02
421.80000000,3.342400116365e+12,1.226899841641e-02,1.393523165011e-02,1.600884751583e-02,1.818298444871e-02,-1.031695969813e-02,-9.672083397890e-03
422.00000000,-5.931984324823e+12,4.848927631344e-03,5.507452809435e-03,2.445004707758e-02,2.777057032633e-02,-2.137678685774e-02,-2.004060026564e-02
422.20000000,-8.498674762094e+11,-1.767011533626e-02,-2.006986570033e-02,1.704153653360e-02,1.935592137200e-02,-1.089687393647e-02,-1.021574926855e-02
422.40000000,5.756811978097e+12,-1.772114452381e-04,-2.012782508094e-04,2.431321295877e-02,2.761515297653e-02,1.060297597642e-02,9.940221820227e-03
422.60000000,1.467128927804e+13,-1.988401332536e-02,-2.258442966723e-02,-8.906051814438e-03,-1.011556899903e-02,-2.789851176749e-02,-2.615467544581e-02
422.80000000,-6.518199390533e+12,-4.052263556823e-02,-4.602595049332e-02,-2.721799732997e-02,-3.091443164079e-02,-2.322626799967e-02,-2.177447694743e-02
423.00000000,8.410273831610e+11,-2.018735489655e-02,-2.292896757653e-02,-7.773356242957e-03,-8.829043785958e-03,-1.069673392911e-02,-1.002811929818e-02
423.20000000,-1.174334102390e+13,-1.353519597065e-02,-1.537338948780e-02,1.133256052904e-02,1.287161812615e-02,-1.262549963644e-02,-1.183632475038e-02
423.40000000,7.060363813613e+12,-3.300185036121e-03,-3.748377936463e-03,3.907199572914e-02,4.437830331138e-02,-5.765661880242e-03,-5.405270950107e-03
423.60000000,-1.251702014981e+13,-6.765009196382e-03,-7.683754375632e-03,4.034441588036e-02,4.582352888424e-02,-3.362883855851e-03,-3.152681997691e-03
423.80000000,2.198246874532e+12,-1.858094869430e-02,-2.110439789344e-02,5.496976435363e-03,6.243512341555e-03,-1.503067329305e-02,-1.409115959260e-02
424.00000000,-1.660381788359e+13,-2.073589064712e-02,-2.355199909819e-02,-1.047529349352e-02,-1.189792697445e-02,-3.364601403822e-02,-3.154292187873e-02
424.20000000,2.336421702075e+13,-1.864422644554e-02,-2.117626929581e-02,-4.325495012229e-03,-4.912933830032e-03,-5.558843993584e-02,-5.211380510824e-02
424.40000000,-1.906252634697e+11,-4.098480988820e-02,-4.655089197533e-02,-4.020772564273e-03,-4.566827495590e-03,-2.316694445676e-02,-2.171886150729e-02
424.60000000,-2.794830224888e+12,-1.740622184023e-02,-1.977013324677e-02,2.485097752264e-02,2.822595051784e-02,-1.650607441780e-02,-1.547433866293e-02
424.80000000,1.792534885758e+13,4.286016677399e-03,4.868093810813e-03,2.907422102862e-02,3.302274622200e-02,1.318983260214e-02,1.236538327810e-02
425.00000000,5.379470365377e+12,5.194495369128e-03,5.899951554107e-03,9.873442225169e-03,1.121433921199e-02,-1.289362735228e-02,-1.208769276042e-02
425.20000000,2.387413632754e+13,2.215288715936e-02,2.516143566141e-02,2.078146784391e-02,2.360376699532e-02,-9.850701495817e-03,-9.234969330403e-03
425.40000000,1.250018558451e+13,3.098149042205e-02,3.518903754356e-02,1.931048990529e-02,2.193301780767e-02,1.375305130621e-02,1.289339719270e-02
425.60000000,1.060111921669e+13,6.681759804128e-03,7.589199015332e-03,1.475980069690e-03,1.676430650442e-03,1.169283347272e-02,1.096195621722e-02
425.80000000,2.927985039015e+13,-1.260264801870e-02,-1.431419367619e-02,-1.925605922921e-02,-2.187119498527e-02,-1.497376086230e-02,-1.403780455462e-02
426.00000000,-6.093231710663e+12,-3.686319193956e-03,-4.186952362412e-03,-1.670567313992e-02,-1.897444488794e-02,-1.404276744099e-03,-1.316500420671e-03
426.20000000,1.938894455759e+13,1.869536329321e-02,2.123435095773e-02,1.116477219185e-03,1.268104271323e-03,-2.188068720627e-02,-2.051300360323e-02
426.40000000,-7.921712542986e+11,4.711139192870e-02,5.350951541468e-02,2.070704807373e-02,2.351924039073e-02,1.821572994904e-02,1.707712973353e-02
426.60000000,-2.785140134959e+12,6.120021787865e-02,6.951172249200e-02,4.872954393429e-02,5.534742826889e-02,3.315426717205e-02,3.108191235273e-02
426.80000000,1.513801300844e+13,5.023923826241e-02,5.706214960265e-02,4.335198323943e-02,4.923954933571e-02,2.582225216859e-02,2.420819541838e-02
427.00000000,-1.205843606131e+13,3.578948634280e-02,4.064999977164e-02,2.879992151012e-02,3.271119450821e-02,2.087449144500e-02,1.956970154504e-02
427.20000000,-3.840377532867e+12,4.259849814465e-03,4.838373267687e-03,8.494835639462e-03,9.648506188468e-03,9.366362402572e-03,8.780904543898e-03
427.40000000,1.552659931114e+13,-1.823349172556e-02,-2.070975334435e-02,3.720104773170e-03,4.225326474705e-03,3.556368917132e-03,3.334072998889e-03
427.60000000,3.251212249073e+12,-2.718770836268e-02,-3.088002795427e-02,9.188281121955e-04,1.043612743427e-03,-3.268677983011e-02,-3.064364597475e-02
427.80000000,-2.087741882867e+13,7.534911893055e-03,8.558216337567e-03,-1.324435143348e-03,-1.504304640981e-03,-9.834779846866e-03,-9.220042886859e-03
428.00000000,-2.036216587562e+13,8.706672141819e-03,9.889111488966e-03,2.201726402484e-04,2.500739475292e-04,-2.143736175742e-02,-2.009738884470e-02
428.20000000,8.729945889203e+12,2.689416834694e-02,3.054662273413e-02,1.649755696535e-02,1.873806477612e-02,1.395978016071e-03,1.308720416491e-03
428.40000000,5.159294279699e+12,8.205227688218e-03,9.319566658702e-03,8.360750939979e-03,9.496211652394e-03,-2.358752957718e-02,-2.211315735410e-02
428.60000000,-1.005269281909e+13,-2.223222698058e-02,-2.525155049803e-02,1.233856128032e-02,1.401424229057e-02,-4.375596143877e-03,-4.102093257834e-03
428.80000000,8.703971764000e+12,-3.986519519806e-02,-4.527922418825e-02,1.179120180938e-03,1.339254677263e-03,-1.330012690002e-03,-1.246878347337e-03
429.00000000,7.446885110559e+11,-4.469206966136e-02,-5.076162882383e-02,-3.407933405184e-02,-3.870759593871e-02,-4.469479893242e-02,-4.190108669364e-02
429.20000000,6.470181741946e+12,-1.047468459556e-01,-1.189723491249e-01,-5.103662909079e-02,-5.796783510837e-02,-1.814900760202e-01,-1.701457796210e-01
429.40000000,3.427433644306e+12,5.900451954098e-02,6.701782984236e-02,5.473247097621e-04,6.216560358994e-04,-5.307831918130e-02,-4.976058303633e-02
429.60000000,2.024487383528e+13,7.399294071892e-04,8.404180475014e-04,-1.031980419738e-02,-1.172132091640e-02,-3.505861400632e-02,-3.286722526841e-02
429.80000000,1.056940146067e+13,-1.433471712492e-02,-1.628149234312e-02,-2.242871727864e-02,-2.547472683957e-02,-2.158016639499e-03,-2.023126727445e-03
430.00000000,-1.240089654662e+13,-1.802228426578e-02,-2.046986213413e-02,-1.850550361715e-02,-2.101870757115e-02,-1.829710448698e-02,-1.715341783975e-02
430.20000000,-1.187695318463e+13,-4.151608806539e-02,-4.715432219992e-02,-3.879787709832e-02,-4.406695705136e-02,-3.565227046715e-02,-3.342377438431e-02
430.40000000,-5.028448858842e+12,-3.777779251733e-02,-4.290833465711e-02,-2.798891693933e-02,-3.179004865534e-02,-4.362943677278e-02,-4.090231651731e-02
430.60000000,1.125782894007e+13,-6.543974221464e-02,-7.432700991018e-02,3.059565038673e-02,3.475079855875e-02,1.465631261532e-03,1.374019886368e-03
430.80000000,-1.617553569984e+13,2.707355697126e-02,3.075037384327e-02,-3.965216382034e-03,-4.503726313778e-03,4.517127872790e-02,4.234778343902e-02
431.00000000,-2.201663652165e+12,3.427611162011e-02,3.893109602593e-02,6.931837043623e-03,7.873239159820e-03,1.859494338948e-02,1.743263989629e-02
431.20000000,1.791484707038e+12,6.306597939240e-03,7.163087012048e-03,-7.000043510967e-03,-7.950708642478e-03,-1.267588966200e-02,-1.188356507543e-02
431.40000000,-8.247755146182e+11,-1.302791581805e-02,-1.479721642150e-02,-2.562582408510e-02,-2.910602779895e-02,-2.997633514105e-02,-2.810262150193e-02
431.60000000,6.177988845686e+12,6.393697307541e-03,7.262015207543e-03,2.136454953803e-03,2.426603611657e-03,-2.612948349604e-02,-2.449622281293e-02
431.80000000,2.304182836929e+13,-2.018956653744e-02,-2.293147957688e-02,4.481608021599e-03,5.090248306844e-03,1.477034397546e-02,1.384710253080e-02
432.00000000,2.435220505963e+12,-1.624687446786e-02,-1.845333674484e-02,9.427306190389e-03,1.070761412923e-02,-2.331555270956e-03,-2.185818078901e-03
432.20000000,4.653360799124e+12,-2.671521001760e-02,-3.034336035765e-02,2.385833310487e-03,2.709849659004e-03,-1.238981152294e-02,-1.161536865901e-02
432.40000000,-9.394349802899e+12,-5.886309028077e-03,-6.685719329842e-03,2.393713425144e-02,2.718799959900e-02,6.625544120768e-04,6.211405023139e-04
432.60000000,1.265413038168e+13,1.181669515886e-02,1.342150180387e-02,1.397506390473e-02,1.587299581674e-02,7.307505897802e-03,6.850739805343e-03
432.80000000,-1.355452863436e+13,1.415858287096e-02,1.608143757524e-02,-6.300247913898e-03,-7.155874882822e-03,-1.195796584266e-02,-1.121051610973e-02
433.00000000,2.352566059104e+13,-6.137181725616e-03,-6.970662650905e-03,-7.058630240320e-03,-8.017251945341e-03,-2.219950305309e-02,-2.081189141023e-02
433.20000000,6.492315034354e+12,1.157570245419e-02,1.314778026184e-02,2.067863919278e-02,2.348697334341e-02,1.821604068114e-03,1.707742104288e-03
433.40000000,1.052109434679e+13,-1.968418826980e-02,-2.235746668752e-02,3.246643981130e-02,3.687565701468e-02,-6.116005766036e-03,-5.733716090971e-03
433.60000000,1.928550074046e+13,2.697518327012e-03,3.063864016566e-03,4.690385906042e-02,5.327379994325e-02,1.076572525502e-02,1.009279822273e-02
433.80000000,-1.815584925018e+13,1.059295110894e-02,1.203156301365e-02,4.655923685560e-02,5.288237512739e-02,4.483007953229e-02,4.202791138642e-02
434.00000000,1.154863906302e+13,-5.745442151889e-03,-6.525721546413e-03,4.208027593653e-02,4.779513342200e-02,2.310138499212e-02,2.165739993062e-02
434.20000000,-1.170739481173e+13,-1.698016950870e-02,-1.928621942321e-02,1.941317782473e-02,2.204965161534e-02,1.848055326163e-04,1.732539988679e-04
434.40000000,2.542077251114e+13,-5.986672401227e-03,-6.799712893665e-03,3.365012878482e-04,3.822010096525e-04,-1.913664425568e-02,-1.794048097621e-02
434.60000000,6.669702601313e+12,-2.731340722227e-03,-3.102279777679e-03,1.050773941050e-02,1.193477932145e-02,-2.274751071552e-02,-2.132564507107e-02
434.80000000,-2.982295728981e+12,1.135473399716e-02,1.289680242881e-02,1.144780170868e-02,1.300251003297e-02,-1.751287711148e-02,-1.641820971637e-02
435.00000000,1.244639530458e+13,9.255463840337e-03,1.051243371845e-02,1.734895834864e-02,1.970509367041e-02,-5.855321497449e-03,-5.489326264891e-03
435.20000000,4.160732894546e+12,1.832017135472e-02,2.080820479660e-02,1.000452243205e-02,1.136322121995e-02,4.637791070619e-03,4.347899316224e-03
435.40000000,8.613078301944e+12,-1.121605130294e-02,-1.273928545764e-02,2.715101246732e-03,3.083834966708e-03,2.290372694707e-04,2.147209678400e-04
435.60000000,-7.237887980476e+12,-2.745284390528e-02,-3.118117113478e-02,-3.295314398423e-02,-3.742845973197e-02,-6.140958462142e-03,-5.757109083170e-03
435.80000000,2.203608677774e+13,-5.925607244939e-02,-6.730354575265e-02,-4.638615586675e-02,-5.268578827594e-02,-4.393106328092e-02,-4.118508942979e-02
436.00000000,1.616619543504e+13,-2.712742391509e-02,-3.081155637138e-02,-2.085070546703e-02,-2.368240767343e-02,-4.149233825578e-02,-3.889880039524e-02
436.20000000,2.792548667378e+12,-8.180876703976e-03,-9.291908605874e-03,-6.007128959823e-03,-6.822947894898e-03,-2.180176475509e-02,-2.043901431258e-02
436.40000000,-1.229352730622e+13,1.704198447573e-02,1.935642938296e-02,-5.891758074057e-03,-6.691908666768e-03,-1.158900927883e-02,-1.086462170285e-02
436.60000000,1.242178684451e+13,1.601944337164e-02,1.819501859183e-02,-3.967731519249e-03,-4.506583027905e-03,6.199111774086e-03,5.811627439298e-03
436.80000000,-3.609624838292e+12,4.597522615495e-03,5.221904876755e-03,-1.668395955980e-02,-1.894978241993e-02,1.791873588389e-02,1.679869970658e-02
437.00000000,-4.979135610588e+11,-4.294977812883e-02,-4.878271943907e-02,-5.307871987482e-02,-6.028725909764e-02,-6.474995757043e-03,-6.070266899892e-03
437.20000000,3.312152385767e+12,-3.378048565657e-02,-3.836815988565e-02,-8.128607458275e-02,-9.232541121862e-02,-3.699380159808e-02,-3.468145119598e-02
437.40000000,2.404375752801e+13,-1.629846261507e-02,-1.851193099657e-02,-6.620821406625e-02,-7.519984968021e-02,-1.305444055258e-02,-1.223845410196e-02
437.60000000,9.253650255574e+12,-5.139642824688e-03,-5.837649572524e-03,-4.861883754726e-03,-5.522168701789e-03,-1.112035291186e-03,-1.042525937141e-03
437.80000000,1.331698068490e+13,2.779880566862e-03,3.157411741700e-03,8.894261852589e-03,1.010217786062e-02,-6.114156788282e-03,-5.731982686211e-03
438.00000000,1.706895838904e+13,-1.112042025818e-02,-1.263066691223e-02,-8.896372125896e-03,-1.010457472689e-02,4.447737070129e-03,4.169724912463e-03
438.20000000,1.124449072872e+13,-2.224407326202e-03,-2.526500560418e-03,2.224048133457e-03,2.526092686176e-03,2.892232399433e-02,2.711449282724e-02
438.40000000,9.788162496474e+12,2.670833333314e-02,3.033554976158e-02,2.893336925187e-02,3.286276558231e-02,3.115867456930e-02,2.921105711565e-02
438.60000000,5.286389046842e+12,2.337728987106e-02,2.655212256522e-02,8.627424568933e-03,9.799101816308e-03,3.896147629177e-02,3.652613357278e-02
438.80000000,9.625011100783e+12,3.159580414782e-02,3.588678024300e-02,8.143307742760e-03,9.249237829349e-03,1.211064340984e-02,1.135365034752e-02
439.00000000,1.119265599411e+13,1.388900160443e-02,1.577524490407e-02,5.202263632442e-02,5.908775046627e-02,3.477354273147e-02,3.259997278072e-02
439.20000000,3.321675801128e+13,-8.533458500204e-04,-9.692373977150e-04,2.275434261485e-02,2.584457485134e-02,3.229403791852e-03,3.027545295724e-03
439.40000000,1.416017110393e+13,-2.111560299718e-02,-2.398327958083e-02,-6.603212860455e-03,-7.499985032306e-03,5.291730946262e-03,4.960963746007e-03
439.60000000,-1.512422087465e+12,-1.433928508765e-02,-1.628668067364e-02,6.063396415205e-04,6.886856946767e-04,3.031309451025e-04,2.841833124585e-04
439.80000000,1.327577243649e+13,6.602015104195e-03,7.498624314063e-03,1.137099766528e-02,1.291527535069e-02,1.133392196649e-02,1.062547898728e-02
440.00000000,2.530951521808e+13,1.575860261536e-02,1.789875346575e-02,1.909831522380e-02,2.169202800936e-02,3.554032848461e-03,3.331882949527e-03
440.20000000,-5.623881590069e+12,2.824007427067e-02,3.207531400867e-02,2.311152552263e-02,2.625026621988e-02,4.932541838271e-03,4.624226266192e-03
440.40000000,1.374847511473e+13,-2.701595025059e-02,-3.068494364514e-02,9.733696662895e-03,1.105561502006e-02,-3.916078342861e-02,-3.671298273238e-02
440.60000000,-2.339480762478e+13,-9.463563319251e-03,-1.074879485785e-02,2.060930825525e-02,2.340822667799e-02,8.472490810908e-03,7.942905672666e-03
440.80000000,7.272768961670e+12,-2.864987323956e-02,-3.254076712616e-02,-1.793815852286e-02,-2.037431221311e-02,-2.001585806863e-02,-1.876473827413e-02
441.00000000,-4.623717783895e+12,1.710246175530e-02,1.942511998604e-02,1.741061694784e-02,1.977512602903e-02,2.830031071258e-02,2.653135937401e-02
441.20000000,1.372433004748e+13,1.760249309161e-02,1.999305978580e-02,1.565676211225e-02,1.778308286856e-02,3.156068225004e-02,2.958793673217e-02
441.40000000,3.268152910573e+12,9.735009415479e-03,1.105710561828e-02,9.946960457096e-03,1.129784184180e-02,1.292454388283e-02,1.211667680907e-02
441.60000000,1.635139282795e+13,-2.591869270581e-03,-2.943866929189e-03,-7.313253164074e-04,-8.306454816332e-04,1.293382995138e-04,1.212538243867e-04
441.80000000,-5.424250062908e+12,-3.374408281011e-04,-3.832681322624e-04,-2.002731040135e-02,-2.274718859164e-02,-5.898477629585e-03,-5.529784861354e-03
442.00000000,2.733596281647e+13,-5.615602709727e-02,-6.378248815354e-02,-4.961072563162e-02,-5.634828189582e-02,-5.175766896371e-02,-4.852248194669e-02
442.20000000,-1.191338763395e+13,4.860852451116e-02,5.520997120084e-02,6.209902083116e-02,7.053259323864e-02,8.384679224033e-02,7.860582874438e-02
442.40000000,-1.176941131842e+13,3.648989252742e-02,4.144552701035e-02,3.318302088187e-02,3.768955585714e-02,5.476858150591e-02,5.134519310037e-02
442.60000000,-1.286201237420e+13,1.401914074600e-02,1.592305803624e-02,9.325844169699e-03,1.059237270772e-02,1.512758750747e-02,1.418201604564e-02
442.80000000,-9.319473538532e+12,1.146861441921e-02,1.302614877052e-02,6.821566906244e-03,7.747993404863e-03,9.571900817973e-03,8.973595487101e-03
443.00000000,-1.086299215665e+13,1.329775704027e-02,1.510370435252e-02,2.678876857192e-02,3.042690998598e-02,1.736779499408e-03,1.628219616391e-03
443.20000000,2.828503259615e+13,3.685220486185e-02,4.185704440880e-02,4.622010943683e-02,5.249719133602e-02,3.126215345095e-02,2.930806790201e-02
443.40000000,3.522663936576e+11,7.642376638834e-02,8.680275700183e-02,7.771993562824e-02,8.827496042336e-02,4.918528730302e-02,4.611089067549e-02
443.60000000,1.365282669819e+13,7.911083422943e-02,8.985475126854e-02,1.363403825402e-01,1.548565599747e-01,1.077243399787e-01,1.009908762603e-01
443.80000000,-9.476481869949e+12,4.265346623359e-02,4.844616589486e-02,8.081824712402e-02,9.179404883301e-02,1.144941630701e-01,1.073375418910e-01
444.00000000,3.069138239145e+13,2.244163074210e-03,2.548939305259e-03,3.368471623393e-02,3.825938568253e-02,2.470132902218e-02,2.315733717410e-02
444.20000000,1.433957390974e+13,-7.863056751879e-03,-8.930926029694e-03,8.979855881620e-08,1.019939632993e-07,8.985721982374e-03,8.424056596781e-03
444.40000000,1.157859967731e+13,1.207983117773e-02,1.372037390850e-02,-5.899492636092e-03,-6.700693647764e-03,1.404409123054e-03,1.316624525092e-03
444.60000000,-2.423323710730e+13,3.616648706984e-03,4.107820037005e-03,2.107068292628e-03,2.393225993273e-03,-8.852337014911e-03,-8.299009047205e-03
444.80000000,1.434833291389e+12,5.463528336640e-03,6.205521462633e-03,1.425187349801e-02,1.618739849468e-02,-5.528989594550e-03,-5.183392203639e-03
445.00000000,-5.549185732183e+12,-4.656084630736e-03,-5.288420106489e-03,1.200595362720e-03,1.363646370418e-03,-5.494940713549e-03,-5.151471596572e-03
445.20000000,-2.762107656698e+12,-5.868348719635e-03,-6.665319860370e-03,6.992845038535e-03,7.942532556590e-03,1.523048730095e-03,1.427848394057e-03
445.40000000,-7.232736393372e+12,9.979745789811e-03,1.133507925180e-02,-4.917073868589e-04,-5.584854100038e-04,4.328952824887e-02,4.058365446113e-02
445.60000000,-1.564975983255e+13,1.055659771141e-03,1.199027251881e-03,-2.467130873435e-02,-2.802188118804e-02,3.057510583754e-03,2.866396518090e-03
445.80000000,1.389923271753e+13,2.106815361122e-02,2.392938616895e-02,-3.017002611618e-03,-3.426737091132e-03,2.175545268882e-02,2.039559704815e-02
446.00000000,-5.161095430179e+12,1.470703900264e-02,1.670437866508e-02,-1.184178197812e-02,-1.344999615620e-02,-4.520844706798e-03,-4.238262851892e-03
446.20000000,1.456302874321e+13,1.063055332968e-03,1.207427193241e-03,-3.709502424340e-03,-4.213284237203e-03,-1.301695676863e-02,-1.220331329546e-02
446.40000000,-1.005497852974e+13,-1.312714058135e-02,-1.490991674267e-02,-1.424083822704e-02,-1.617486454055e-02,-2.395751878253e-02,-2.246001985576e-02
446.60000000,7.917899815995e+12,-1.836387239330e-02,-2.085784080398e-02,-4.330075336319e-03,-4.918136200885e-03,9.002314795742e-05,8.439612252683e-05
446.80000000,-2.161141028244e+13,-1.756512492753e-02,-1.995061671056e-02,-1.303312346202e-02,-1.480313189276e-02,-3.656008362057e-02,-3.427484338007e-02
447.00000000,2.419990589558e+13,-1.702886559153e-02,-1.934152884388e-02,-1.724804746415e-02,-1.959047823406e-02,-2.455048278259e-02,-2.301591979414e-02
447.20000000,4.643321969365e+12,-1.277079456013e-02,-1.450517593297e-02,-3.021186471433e-02,-3.431489154507e-02,-3.403422456139e-02,-3.190686674873e-02
447.40000000,4.386140510985e+12,1.208562901510e-02,1.372695914098e-02,9.966665809254e-03,1.132022334750e-02,-1.865655979565e-02,-1.749040488100e-02
447.60000000,-7.195106477172e+12,2.836745300760e-04,3.221999185006e-04,-2.312996072035e-02,-2.627120507342e-02,-3.121500765486e-02,-2.926386902124e-02
447.80000000,2.029872099369e+13,1.147829148337e-02,1.303714006143e-02,5.589533704339e-03,6.348639670724e-03,-2.525888676594e-02,-2.368004397480e-02
448.00000000,8.489270256201e+12,-6.237147005297e-03,-7.084204056816e-03,-2.945363480282e-03,-3.345368759670e-03,-2.591204991934e-02,-2.429238023248e-02
448.20000000,1.198662864071e+13,4.137821428867e-05,4.699772400452e-05,-3.048575106777e-03,-3.462597398247e-03,2.849031117865e-03,2.670948358959e-03
448.40000000,6.194781636399e+12,1.462275081491e-02,1.660864343213e-02,-2.555127026758e-03,-2.902134894225e-03,3.473026914754e-03,3.255940407395e-03
448.60000000,-4.006635202799e+12,2.108169542364e-02,2.394476707346e-02,1.429855773753e-02,1.624042284890e-02,-1.232109668488e-03,-1.155094894004e-03
448.80000000,-2.080781831869e+12,4.303352301193e-02,4.887783758204e-02,1.827593233358e-02,2.075795856502e-02,2.478399729601e-02,2.323483814941e-02
449.00000000,-6.178724120985e+12,2.847754402767e-02,3.234503415707e-02,5.992707954670e-03,6.806568395240e-03,-3.162540018074e-02,-2.964860937619e-02
449.20000000,6.348191308333e+12,2.524523607770e-02,2.867375158627e-02,-7.664155436156e-03,-8.705012585718e-03,-1.898179285687e-02,-1.779530878524e-02
449.40000000,1.273197500153e+13,3.542697671055e-03,4.023825828067e-03,6.397155267154e-06,7.265943074988e-06,-2.202083140542e-02,-2.064438788907e-02
449.60000000,3.054909766565e+13,-1.945605706582e-02,-2.209835334621e-02,-8.232107573630e-03,-9.350097428527e-03,-7.739533196237e-03,-7.255762620483e-03
449.80000000,1.029209135833e+13,3.078255285989e-02,3.496308258632e-02,1.745977563442e-02,1.983096088115e-02,3.301052399133e-02,3.094715404481e-02
450.00000000,-6.708208330377e+12,3.010934692883e-02,3.419844962452e-02,5.975234699677e-03,6.786722124389e-03,5.490615281379e-02,5.147416531718e-02
450.20000000,8.686964393897e+12,1.606584384756e-02,1.824772064286e-02,-8.028451871214e-03,-9.118783558728e-03,3.500240876120e-02,3.281453321240e-02
450.40000000,-2.706246782233e+11,1.968051026632e-02,2.235328918021e-02,1.114028144726e-02,1.265322591832e-02,3.352801619933e-02,3.143229966328e-02
450.60000000,5.145963693447e+12,6.608652728184e-03,7.506163383249e-03,-3.702348920546e-03,-4.205159227073e-03,3.078412445434e-03,2.885991879055e-03
450.80000000,7.807470132104e+12,-1.543408269990e-02,-1.753016101481e-02,-2.758791544705e-02,-3.133458776780e-02,-2.498027685724e-02,-2.341884897634e-02
451.00000000,-1.457603541796e+13,-1.907720586187e-02,-2.166805096058e-02,-3.257132491721e-02,-3.699478640533e-02,-2.645596392838e-02,-2.480229611958e-02
451.20000000,5.152085123305e+12,-2.297449833786e-03,-2.609462855215e-03,-1.778375895346e-02,-2.019894387592e-02,-9.437545961601e-03,-8.847638672908e-03
451.40000000,2.871736889658e+13,-9.487557424127e-03,-1.077604756409e-02,-1.238495791549e-02,-1.406693998133e-02,-1.823825431844e-03,-1.709824618505e-03
451.60000000,1.018656775737e+13,1.118024570932e-02,1.269861716309e-02,1.665618260694e-02,1.891823312187e-02,8.165016419883e-03,7.654650407576e-03
451.80000000,2.631375600832e+13,1.649448645866e-02,1.873457652775e-02,2.424907628814e-02,2.754230600341e-02,4.258053348135e-02,3.991897642411e-02
452.00000000,-3.530442714721e+12,1.008534991739e-02,1.145502530861e-02,3.285518587266e-02,3.731719808009e-02,2.465952484726e-02,2.311814602884e-02
452.20000000,5.422759561424e+12,-2.204580585551e-02,-2.503981181536e-02,-2.736406189149e-02,-3.108033300552e-02,-2.424373179120e-02,-2.272834271156e-02
452.40000000,-8.821934230231e+12,-2.844382871706e-02,-3.230674002355e-02,-3.073108261415e-02,-3.490462362844e-02,-2.724404388198e-02,-2.554111601017e-02
452.60000000,-9.109002984323e+12,-1.901174642727e-02,-2.159370158389e-02,-3.366156206711e-02,-3.823308698396e-02,-2.615159006448e-02,-2.451694757874e-02
452.80000000,-9.924368362505e+12,-2.646094202474e-03,-3.005456063159e-03,3.846272008930e-03,4.368628288498e-03,-3.151395592958e-03,-2.954413110710e-03
453.00000000,-1.207494222431e+13,-3.666914698675e-03,-4.164912573376e-03,4.078281908691e-02,4.632147095528e-02,-2.039630436970e-04,-1.912140423578e-04
453.20000000,-1.063382712253e+12,2.791684912268e-02,3.170819216551e-02,7.051026852095e-02,8.008615952668e-02,5.866230380578e-02,5.499553272701e-02
453.40000000,1.015998152944e+13,2.701463577983e-02,3.068345065819e-02,2.756431934265e-02,3.130778711279e-02,3.047641759973e-02,2.857144559234e-02
453.60000000,1.320031168039e+13,-2.650175818582e-02,-3.010091997084e-02,-3.165704298631e-02,-3.595633725308e-02,4.824488628924e-03,4.522927077013e-03
453.80000000,7.823961516353e+12,-2.453186707560e-02,-2.786350107039e-02,-3.825784613348e-02,-4.345358531266e-02,-1.330145470888e-02,-1.247002828564e-02
454.00000000,-2.268746521465e+11,-6.144227890179e-03,-6.978665743913e-03,-7.576715878254e-04,-8.605697996081e-04,2.645300757754e-02,2.479952455967e-02
454.20000000,8.154592215089e+11,-1.489149176720e-02,-1.691388166731e-02,-1.209320888497e-02,-1.373556896416e-02,-1.067754259989e-02,-1.001012755040e-02
454.40000000,-1.242895411428e+12,-8.343112722487e-03,-9.476177640983e-03,1.111801143442e-03,1.262793144934e-03,-1.498067665580e-02,-1.404428806657e-02
454.60000000,1.429201027138e+13,3.595029653966e-02,4.083264934652e-02,6.013540058637e-02,6.830229675171e-02,4.011331823530e-02,3.760597799061e-02
454.80000000,6.828287705601e+12,9.064249368076e-02,1.029525071171e-01,7.423069353249e-02,8.431184973083e-02,1.907101363953e-01,1.787895269545e-01
455.00000000,9.292892701152e+12,1.927832847335e-01,2.189648771523e-01,1.289024998441e-01,1.464085498814e-01,3.333082027549e-01,3.124742975229e-01
455.20000000,1.584818688895e+13,5.068205579031e-02,5.756510547733e-02,6.690481471966e-02,7.599105459582e-02,1.438000784016e-01,1.348116491310e-01
455.40000000,2.333626818761e+13,-5.887594739285e-03,-6.687179651452e-03,-7.573491843710e-03,-8.602036110374e-03,1.034332683027e-02,9.696802414775e-03
455.60000000,5.375254862498e+12,-1.471312076757e-02,-1.671128638487e-02,-1.657656059225e-02,-1.882779776395e-02,1.121094740160e-02,1.051019112319e-02
455.80000000,-4.679791258757e+12,-1.134256982346e-02,-1.288298625796e-02,-1.765959612629e-02,-2.005791868636e-02,3.402825240133e-03,3.190126788706e-03
456.00000000,1.641886865637e+13,6.133132421610e-02,6.966063417339e-02,3.770333422179e-02,4.282376599199e-02,6.615506335479e-02,6.201994663952e-02
456.20000000,-5.369275183489e+12,1.164627865011e-01,1.322794129910e-01,1.393837816186e-01,1.583132783961e-01,1.938870742553e-01,1.817678857765e-01
456.40000000,8.339980167545e+12,1.450744454735e-01,1.647767760310e-01,1.522962634612e-01,1.729793845168e-01,1.002950811952e-01,9.402599390726e-02
456.60000000,2.247019458246e+13,1.074362979651e-01,1.220270513501e-01,1.786949315093e-02,2.029632150275e-02,7.992578847867e-03,7.492991292268e-03
456.80000000,5.402641440949e+11,-1.845843611887e-02,-2.096524707927e-02,-3.229946841890e-03,-3.668600949455e-03,-3.865008546222e-02,-3.623420667174e-02
457.00000000,-1.543404734310e+13,-1.055630094548e-02,-1.198993544956e-02,-2.863257292092e-02,-3.252111856477e-02,-2.551947473583e-02,-2.392434352148e-02
457.20000000,1.525389870981e+13,7.083982875843e-03,8.046047365061e-03,-8.254629067547e-03,-9.375677531857e-03,3.862647221842e-02,3.621206940747e-02
457.40000000,-1.049426982958e+13,7.353651014660e-03,8.352338706500e-03,-1.948737036704e-02,-2.213392013259e-02,3.082948897413e-02,2.890244773624e-02
457.60000000,1.692299645474e+13,-2.710097299742e-03,-3.078151319649e-03,-9.969267252987e-03,-1.132317808930e-02,5.552809949706e-03,5.205723633476e-03
457.80000000,6.408141121089e+12,4.488688102122e-03,5.098289720578e-03,-1.183320483171e-02,-1.344025416075e-02,-8.113213987713e-03,-7.606085960411e-03
458.00000000,1.981904641958e+13,-2.030602279742e-02,-2.306375157699e-02,-2.720581856683e-02,-3.090059889858e-02,-4.622349474494e-02,-4.333422919118e-02
458.20000000,-6.040236637989e+11,-3.938526390670e-02,-4.473411418870e-02,-5.165769258993e-02,-5.867324428510e-02,-7.392744497538e-02,-6.930650444668e-02
458.40000000,-1.849962231710e+13,-2.495821380263e-03,-2.834774927083e-03,-2.927558307509e-02,-3.325145493797e-02,-4.670107019699e-02,-4.378195310754e-02
458.60000000,-1.544813296833e+12,6.092801363793e-04,6.920255062472e-04,-3.394597044934e-02,-3.855612043068e-02,-9.449390758851e-03,-8.858743094189e-03
458.80000000,1.436363757496e+13,-1.282235311226e-02,-1.456373657036e-02,-2.978439070544e-02,-3.382936294920e-02,-1.486466773374e-02,-1.393553044786e-02
459.00000000,1.462316379899e+13,-2.351215458111e-02,-2.670530303784e-02,-4.098973942929e-02,-4.655649283077e-02,-5.452506425118e-02,-5.111689723943e-02
459.20000000,2.875454933161e+12,-2.931389441484e-02,-3.329496796505e-02,-2.726674151808e-02,-3.096979570203e-02,-4.544716536623e-02,-4.260642538901e-02
459.40000000,2.571763723409e+13,-3.488935531398e-02,-3.962762337413e-02,-5.799772044308e-02,-6.587430155948e-02,-7.756768218986e-02,-7.271920343521e-02
459.60000000,1.008407506534e+13,-1.955788241364e-02,-2.221400743318e-02,-5.279567267273e-02,-5.996577169083e-02,-7.800173387925e-02,-7.312612410386e-02
459.80000000,2.351016990415e+13,-7.808091441154e-03,-8.868495967217e-03,-4.613349045976e-02,-5.239880876904e-02,-4.563952425058e-02,-4.278676060658e-02
460.00000000,8.492181465929e+12,6.421022055555e-03,7.293050886286e-03,-2.133856506728e-02,-2.423652273485e-02,-2.626468614682e-02,-2.462297442893e-02
460.20000000,5.278825817625e+12,2.642519031757e-03,3.001395354172e-03,-1.309164299504e-02,-1.486959887346e-02,-3.245603748872e-02,-3.042732651294e-02
460.40000000,1.358326133920e+13,7.343432775274e-03,8.340732744215e-03,5.694104587434e-03,6.467412164448e-03,-2.821713919614e-02,-2.645338661198e-02
460.60000000,5.242153138564e+11,8.689918445573e-03,9.870082499780e-03,5.324948275916e-03,6.048121302640e-03,-2.482982361785e-02,-2.327780003156e-02
460.80000000,-1.690283941717e+12,1.393418891018e-02,1.582656902621e-02,6.037780673209e-03,6.857762370286e-03,-2.075246246433e-03,-1.945530016008e-03
461.00000000,1.277330677086e+13,1.219793444794e-02,1.385451659670e-02,-6.495883543059e-03,-7.378079485565e-03,1.991481460005e-02,1.867001067186e-02
461.20000000,-1.136540189839e+12,2.644907516678e-02,3.004108215446e-02,-1.962714038420e-02,-2.229267210058e-02,1.883391801478e-02,1.765667707135e-02
461.40000000,4.041035364090e+11,5.809091017084e-02,6.598014463134e-02,-6.211752180566e-03,-7.055360680199e-03,3.317534929517e-02,3.110167670763e-02
461.60000000,7.603753357526e+12,3.912702671884e-02,4.444080621755e-02,-8.141102160371e-03,-9.246732710211e-03,1.019212214808e-02,9.555048997195e-03
461.80000000,1.796967327152e+13,1.239894017819e-02,1.408282059666e-02,-1.383558312098e-02,-1.571457236250e-02,-5.445204646413e-03,-5.104844353344e-03
462.00000000,-8.350072892822e+12,-1.938474110597e-02,-2.201735207887e-02,-4.358026082718e-02,-4.949882895118e-02,-2.093311065201e-02,-1.962465667479e-02
462.20000000,-1.124535264468e+13,-2.216960796718e-02,-2.518042729564e-02,-4.181117673943e-02,-4.748948827727e-02,1.355624747602e-02,1.270889486699e-02
462.40000000,1.295416082546e+13,-9.299054256422e-03,-1.056194407987e-02,-3.327735403201e-02,-3.779670024717e-02,2.755103115722e-02,2.582891460735e-02
462.60000000,-1.190667447931e+13,3.722447607811e-02,4.227987318905e-02,1.900954290458e-02,2.159119965815e-02,8.809461838435e-02,8.258813844867e-02
462.80000000,8.348810756247e+12,7.328172057034e-02,8.323399492012e-02,4.572726112231e-02,5.193741005073e-02,1.257328178776e-01,1.178737085291e-01
463.00000000,1.282869566411e+13,-6.767245138574e-04,-7.686293977586e-04,-4.010463190487e-02,-4.555118021622e-02,-1.411984931864e-02,-1.323726797151e-02
463.20000000,1.352875065724e+13,-4.968759456277e-02,-5.643558804628e-02,-7.525628982914e-02,-8.547673068146e-02,-6.201596762133e-02,-5.813957099619e-02
463.40000000,2.638277313416e+12,-3.930102501304e-02,-4.463843494437e-02,-5.814134269035e-02,-6.603742892301e-02,-3.280400547517e-02,-3.075354426344e-02
463.60000000,3.929917782866e+12,-1.847938328678e-02,-2.098903904886e-02,-4.596192008257e-02,-5.220393768309e-02,3.087031569327e-03,2.894072252299e-03
463.80000000,2.064030595569e+13,-1.872572240572e-02,-2.126883309320e-02,-4.316739745765e-02,-4.902989524310e-02,-3.289589248019e-03,-3.083968773998e-03
464.00000000,2.683875493910e+13,-1.036168512152e-03,-1.176888915893e-03,-2.309137926722e-04,-2.622738393249e-04,1.978664432545e-02,1.854985186331e-02
464.20000000,2.866993270665e+12,6.150064014033e-03,6.985294462500e-03,9.509072465648e-03,1.080048495643e-02,-3.296400410608e-03,-3.090354195142e-03
464.40000000,2.267124959246e+13,-1.922615397057e-03,-2.183722747590e-03,-9.121484881892e-04,-1.036025969968e-03,-3.427830065017e-02,-3.213568651300e-02
464.60000000,-1.086709884421e+12,-1.929548187665e-02,-2.191597069505e-02,-3.930628504637e-03,-4.464441110005e-03,-3.352283491077e-02,-3.142744223857e-02
464.80000000,1.397920934355e+13,-8.755638376522e-03,-9.944727750412e-03,-7.451513662780e-03,-8.463492260497e-03,-6.269656056730e-04,-5.877762250804e-04
465.00000000,1.061591535945e+13,1.708649932083e-02,1.940698971864e-02,-1.416377062100e-02,-1.608733050159e-02,-7.996442016612e-03,-7.496612988133e-03
465.20000000,-9.847105752458e+10,1.359386237971e-02,1.544002328892e-02,-1.907240309414e-02,-2.166259679327e-02,-6.315244344394e-03,-5.920500977442e-03
465.40000000,9.202122191889e+12,2.683458572539e-02,3.047894829116e-02,1.194448202795e-02,1.356664374168e-02,4.919735721127e-03,4.612220613689e-03
465.60000000,2.657537316506e+12,1.456387383461e-02,1.654177046244e-02,2.044055574377e-02,2.321655614775e-02,-7.476470787220e-03,-7.009143303038e-03
465.80000000,-2.693421825709e+13,-5.684222574604e-02,-6.456187835346e-02,-4.417436549098e-02,-5.017361805464e-02,-6.492663833593e-02,-6.086830608086e-02
466.00000000,7.666154269764e+11,-9.291437171753e-02,-1.055329253101e-01,-7.220728134516e-02,-8.201364104972e-02,-1.005049249136e-01,-9.422272104435e-02
466.20000000,1.006933310720e+13,-4.619892779641e-02,-5.247313097446e-02,-6.147032466063e-04,-6.981851480912e-04,-3.672957186146e-02,-3.443373751641e-02
466.40000000,-1.117218181658e+13,-3.943162989065e-02,-4.478677706346e-02,-1.412070312508e-02,-1.603841407537e-02,-2.647608865098e-02,-2.482116291765e-02
466.60000000,-1.836946372642e+12,-1.801661638337e-02,-2.046342450559e-02,4.292467199096e-03,4.875420560450e-03,2.731882646356e-04,2.561122419972e-04
466.80000000,-5.903967882455e+12,-2.850326979358e-03,-3.237425369848e-03,-6.264128935792e-03,-7.114850641910e-03,1.045012309293e-02,9.796923224515e-03
467.00000000,2.701536721289e+12,-8.161354516657e-03,-9.269735141230e-03,1.245800142430e-02,1.414990341661e-02,1.369881114542e-02,1.284254739063e-02
467.20000000,9.358751734634e+12,-1.210931439754e-02,-1.375386119766e-02,9.217770322949e-03,1.046962151824e-02,3.296008350329e-03,3.089986641151e-03
467.40000000,2.469083347923e+13,-4.146385848097e-02,-4.709499939840e-02,-5.144525070381e-03,-5.843195099350e-03,-3.101083882556e-02,-2.907246205620e-02
467.60000000,1.985129221699e+13,-6.235269985327e-02,-7.082072121739e-02,-3.813061694402e-02,-4.330907732286e-02,-4.650767874091e-02,-4.360064986062e-02
467.80000000,-1.246568791987e+13,-3.310494177363e-02,-3.760087145842e-02,2.049864474024e-02,2.328253412139e-02,-1.145420653619e-02,-1.073824499816e-02
468.00000000,1.406052266925e+13,-7.522788516847e-02,-8.544446504847e-02,-4.498372547672e-02,-5.109289597390e-02,-5.218975330574e-02,-4.892755823983e-02
468.20000000,3.927698808913e+12,-3.818479111618e-02,-4.337060709075e-02,-1.209441692859e-02,-1.373694107033e-02,-7.666064171567e-03,-7.186885882126e-03
468.40000000,2.863852084371e+13,-1.637515643851e-02,-1.859904048665e-02,-1.754247126591e-02,-1.992488727902e-02,-2.251830789967e-03,-2.111076890456e-03
468.60000000,-4.592705007152e+11,9.026826267105e-03,1.025274523870e-02,8.206103530341e-03,9.320561816157e-03,-3.155516499981e-03,-2.958276434554e-03
468.80000000,-1.008309619823e+13,-1.908370472719e-02,-2.167543242650e-02,9.071810425071e-03,1.030383903136e-02,-8.061838534295e-03,-7.557921803081e-03
469.00000000,1.091982367248e+13,-2.466854188707e-02,-2.801873747143e-02,-3.784732592117e-03,-4.298731298237e-03,2.841236741308e-02,2.663641181040e-02
469.20000000,-6.138189227712e+11,-3.778716495967e-02,-4.291897995599e-02,-1.032131079653e-01,-1.172303212446e-01,-3.451029325264e-02,-3.235317808653e-02
469.40000000,-3.629639823789e+12,-1.488366285099e-02,-1.690498951840e-02,-3.990956570284e-02,-4.532962237364e-02,-2.210558210573e-02,-2.072384112581e-02
469.60000000,3.079699009877e+13,-3.896990722347e-02,-4.426234857248e-02,-2.337503078186e-02,-2.654955772265e-02,-4.574230413431e-02,-4.288311608688e-02
469.80000000,2.729904527524e+13,1.724445817537e-02,1.958640071492e-02,6.242380854781e-03,7.090148987503e-03,-2.340894839836e-02,-2.194573864690e-02
470.00000000,-1.804613040269e+13,7.097210611874e-03,8.061071538963e-03,1.522826756664e-02,1.729639513846e-02,9.367286190327e-03,8.781770588980e-03
470.20000000,-2.067139215483e+12,3.183652102582e-02,3.616018849877e-02,3.251119136384e-02,3.692648620667e-02,2.424630654786e-02,2.273075652939e-02
470.40000000,-3.089086307864e+12,6.593139437260e-03,7.488543256867e-03,3.596313120282e-03,4.084722868036e-03,1.448977310153e-03,1.358406914005e-03
470.60000000,4.357389780580e+12,-1.492884049521e-03,-1.695630266689e-03,-1.229107163154e-02,-1.396030314571e-02,-1.153568639253e-02,-1.081463183971e-02
470.80000000,-1.066196008004e+13,9.854897816482e-03,1.119327587305e-02,5.210393853169e-03,5.918009420115e-03,1.417949257242e-02,1.329318313854e-02
471.00000000,-3.519240175413e+12,8.804500448128e-02,1.000022570254e-01,6.928143464681e-02,7.869043961608e-02,8.198097871029e-02,7.685664055372e-02
471.20000000,1.892069634182e+11,4.174663719294e-02,4.741618183916e-02,1.304950807775e-02,1.482174167793e-02,3.612182503514e-02,3.386397877343e-02
471.40000000,-8.866932840211e+12,4.879689777944e-02,5.542392714419e-02,4.416889407050e-02,5.016740356898e-02,2.555176351209e-02,2.395461404165e-02
471.60000000,6.877917189419e+12,5.102085595849e-02,5.794991755950e-02,3.406365657536e-02,3.868978932829e-02,5.760468705609e-02,5.400402382271e-02
471.80000000,1.045027669658e+13,2.890234184960e-02,3.282752309807e-02,1.066045671018e-02,1.210823692247e-02,3.219852310876e-02,3.018590843708e-02
472.00000000,-9.444912346234e+10,2.047138229629e-04,2.325156828742e-04,3.884911107124e-03,4.412514903127e-03,5.309789262355e-03,4.977893301262e-03
472.20000000,1.567263988095e+13,4.438275224935e-02,5.041030350423e-02,3.257686163637e-02,3.700107505779e-02,3.937141350621e-02,3.691044707617e-02
472.40000000,-1.127763833418e+13,7.654449426985e-02,8.693988074562e-02,8.210521147534e-02,9.325579383140e-02,9.731617623401e-02,9.123328965504e-02
472.60000000,2.025473944969e+13,7.967537121535e-02,9.049595712796e-02,5.696975297913e-02,6.470672741696e-02,8.017799440631e-02,7.516635435862e-02
472.80000000,1.687337975241e+13,3.133361065449e-02,3.558897866681e-02,2.470122949213e-02,2.805586543787e-02,3.932696336700e-02,3.686877535640e-02
473.00000000,9.308416649045e+12,2.636859862255e-02,2.994967621828e-02,1.295061577564e-02,1.470941896454e-02,1.521758642352e-02,1.426638945091e-02
473.20000000,2.037500463967e+13,4.029526513900e-02,4.576770124638e-02,2.045322907410e-02,2.323095062356e-02,1.271155250984e-02,1.191699876604e-02
473.40000000,-3.827119852586e+11,-9.365587400353e-03,-1.063751298465e-02,-9.316970175603e-03,-1.058229355015e-02,-2.265547677999e-02,-2.123936384812e-02
473.60000000,8.453549028906e+12,-5.357820194856e-02,-6.085457265616e-02,-3.496719834842e-02,-3.971603971840e-02,-7.130618154706e-02,-6.684908683254e-02
473.80000000,-2.054896573057e+13,5.642506057464e-03,6.408805864117e-03,1.023947704020e-02,1.163008465168e-02,-1.454572369075e-02,-1.363652245778e-02
474.00000000,6.651445396837e+12,4.903414456445e-02,5.569339403914e-02,5.701109001167e-02,6.475367836825e-02,4.003594210843e-02,3.753343836905e-02
474.20000000,2.738971458938e+13,3.373332017840e-02,3.831458893863e-02,3.780621033679e-02,4.294061355378e-02,2.969533337151e-02,2.783918414931e-02
474.40000000,1.824813911820e+13,3.020060181882e-02,3.430209769651e-02,1.454278383839e-02,1.651781692049e-02,2.585103632430e-02,2.423518037933e-02
474.60000000,-7.886875692367e+12,-4.207330804503e-02,-4.778721734203e-02,-4.290420229894e-02,-4.873095595511e-02,-4.021643632621e-02,-3.770265053798e-02
474.80000000,1.542987818516e+12,-3.766689610130e-02,-4.278237757454e-02,-1.247817703716e-02,-1.417281904838e-02,-3.898934586916e-02,-3.655226112242e-02
475.00000000,6.442361716785e+12,-3.614420365295e-02,-4.105289067761e-02,5.043297337627e-03,5.728219784068e-03,-2.560576159756e-02,-2.400523689968e-02
475.20000000,6.996646854167e+12,-1.641076209817e-02,-1.863948169453e-02,-2.667513631044e-03,-3.029784550202e-03,-2.099016407707e-02,-1.967814389404e-02
475.40000000,-7.975337859839e+12,5.705774872118e-02,6.480667116234e-02,5.122475560236e-02,5.818151079182e-02,5.713038621408e-02,5.355936983221e-02
475.60000000,1.512384698062e+13,8.838506723663e-02,1.003885031647e-01,8.371170089972e-02,9.508045811105e-02,9.649622628262e-02,9.046459184639e-02
475.80000000,8.784129108160e+12,-3.198057200510e-02,-3.632380281328e-02,-1.617915664457e-02,-1.837642299801e-02,-2.409505846523e-02,-2.258896242416e-02
476.00000000,2.048353492695e+13,-2.813314705388e-02,-3.195386517599e-02,-2.165328932941e-02,-2.459398921446e-02,-8.462100423037e-03,-7.933164750827e-03
476.20000000,6.063576321175e+11,-6.823855738388e-02,-7.750592773261e-02,-4.520337420840e-02,-5.134237486165e-02,-5.731257866255e-02,-5.373017408148e-02
476.40000000,2.475076488115e+13,-7.772780635965e-02,-8.828389657529e-02,-5.447090985558e-02,-6.186852025619e-02,-7.401012381204e-02,-6.938401532457e-02
476.60000000,-5.584301337865e+12,-2.703286953399e-02,-3.070416070961e-02,1.131328498456e-02,1.284972479966e-02,-1.150467985268e-02,-1.078556340791e-02
476.80000000,8.347844674668e+12,-1.055948819989e-02,-1.199355555995e-02,1.421784290098e-02,1.614874625467e-02,3.254643183592e-03,3.051207063238e-03
477.00000000,5.798014392704e+12,1.007858195055e-02,1.144733819492e-02,4.753962658222e-02,5.399591007332e-02,2.747281913181e-02,2.575559133629e-02
477.20000000,2.035347618609e+13,4.625309251039e-02,5.253465171241e-02,5.462412517448e-02,6.204254351165e-02,5.418153718332e-02,5.079484282156e-02
477.40000000,-1.338593884349e+13,-1.409476310412e-02,-1.600895054699e-02,-3.200621838097e-02,-3.635293362048e-02,-1.210607083804e-02,-1.134936359085e-02
477.60000000,-1.066268521987e+13,-1.458314522832e-02,-1.656365907359e-02,-2.562764432005e-02,-2.910809523720e-02,-4.728532699832e-02,-4.432969010309e-02
477.80000000,1.175367468630e+13,-2.408923459109e-02,-2.736075536954e-02,-1.821811084758e-02,-2.069228443203e-02,-4.201832557215e-02,-3.939191012320e-02
478.00000000,3.632889877395e+11,-2.589334731464e-02,-2.940988178331e-02,8.429484542968e-03,9.574279860177e-03,-2.442469876089e-02,-2.289799808237e-02
478.20000000,-2.255240207697e+13,1.692071177825e-02,1.921868683260e-02,5.292538896625e-02,6.011310455446e-02,2.891804989724e-03,2.711048588869e-03
478.40000000,1.487247485108e+13,2.046052823379e-03,2.323924015184e-03,3.507222298560e-02,3.983532758985e-02,-7.688886554680e-04,-7.208281719585e-04
478.60000000,2.331064770759e+13,-7.428079543203e-03,-8.436875255566e-03,1.357485455571e-02,1.541843465221e-02,7.107117327869e-03,6.662876809162e-03
478.80000000,8.868669419181e+12,6.424463019665e-01,7.296959162278e-01,6.396948917008e-01,7.265708700277e-01,7.228084132579e-01,6.776282410982e-01
479.00000000,-3.213435959749e+12,1.428696956230e+03,1.622726025969e+03,1.428706948636e+03,1.622737439603e+03,1.702110423166e+03,1.595717580273e+03
479.20000000,8.450339140650e+12,1.210167539772e+06,1.374518475739e+06,1.210167530177e+06,1.374518519200e+06,1.441756120037e+06,1.351637094690e+06
479.40000000,1.886197101160e+12,4.066081354418e+08,4.618289420123e+08,4.066081354179e+08,4.618289602492e+08,4.844203488147e+08,4.541409630803e+08
479.60000000,2.296968215848e+13,5.448999307304e+10,6.189019268843e+10,5.448999307304e+10,6.189019513603e+10,6.491769139436e+10,6.085991838065e+10
479.80000000,8.357471642498e+12,2.929984594313e+12,3.327901159266e+12,2.929984594313e+12,3.327901290875e+12,3.490692968689e+12,3.272502219399e+12
480.00000000,7.002018627848e+13,6.363555944752e+13,7.227780394034e+13,6.363555944752e+13,7.227780679873e+13,7.581343613657e+13,7.107460903683e+13
480.20000000,5.940072646991e+14,5.621098262315e+14,6.384490710230e+14,5.621098262315e+14,6.384490962720e+14,6.696802508334e+14,6.278209303418e+14
480.40000000,2.156111345510e+15,2.032775840584e+15,2.308843906394e+15,2.032775840584e+15,2.308843997703e+15,2.421786226255e+15,2.270409019475e+15
480.60000000,3.453819603112e+15,3.023291626826e+15,3.433880072013e+15,3.023291626826e+15,3.433880207813e+15,3.601856079562e+15,3.376716921268e+15
480.80000000,2.415193721618e+15,1.852086244842e+15,2.103615142972e+15,1.852086244842e+15,2.103615226164e+15,2.206518232768e+15,2.068596659359e+15
481.00000000,7.942026979656e+14,4.665534688343e+14,5.299153561446e+14,4.665534688343e+14,5.299153771013e+14,5.558372282066e+14,5.210938284308e+14
481.20000000,1.201888584551e+14,5.287774775832e+13,6.005899089226e+13,5.287774775832e+13,6.005899326743e+13,6.299012957345e+13,5.905284156422e+13
481.40000000,1.192338678603e+14,9.919596480020e+13,1.126676115956e+14,9.919596480020e+13,1.126676160513e+14,1.180419804109e+14,1.106635978420e+14
481.60000000,8.418834055299e+14,7.991010699164e+14,9.076257199807e+14,7.991010699164e+14,9.076257558748e+14,9.508976428527e+14,8.914604276484e+14
481.80000000,2.842779956796e+15,2.691060324101e+15,3.056528962512e+15,2.691060324101e+15,3.056529083389e+15,3.202251738100e+15,3.002090419870e+15
482.00000000,4.204394767879e+15,3.728140048144e+15,4.234452840539e+15,3.728140048144e+15,4.234453008000e+15,4.436334199170e+15,4.159034794238e+15
482.20000000,2.700246869405e+15,2.127356074261e+15,2.416268931737e+15,2.127356074261e+15,2.416269027293e+15,2.531466732521e+15,2.373233789055e+15
482.40000000,8.739239975041e+14,4.989214764475e+14,5.666792115820e+14,4.989214764475e+14,5.666792339926e+14,5.936961541362e+14,5.565863281264e+14
482.60000000,1.412207157002e+14,4.785234664364e+13,5.435109801536e+13,4.785234664364e+13,5.435110016480e+13,5.694233563768e+13,5.338307362566e+13
482.80000000,1.063812618701e+12,1.864574459893e+12,2.117799362721e+12,1.864574459893e+12,2.117799446474e+12,2.218767357584e+12,2.080080135134e+12
483.00000000,-1.967913742709e+13,2.930997775593e+10,3.329051939090e+10,2.930997775591e+10,3.329052070743e+10,3.487767493075e+10,3.269759604817e+10
483.20000000,5.973959167432e+12,1.846525337176e+08,2.097299017247e+08,1.846525337030e+08,2.097299100024e+08,2.197289639466e+08,2.059944912462e+08
483.40000000,1.689554894742e+13,4.635077076609e+05,5.264559549725e+05,4.635077130924e+05,5.264559819615e+05,5.515551785155e+05,5.170794343711e+05
483.60000000,3.946226452335e+12,4.611121524428e+02,5.237350631962e+02,4.610977586782e+02,5.237187353488e+02,5.486364938500e+02,5.143431862590e+02
483.80000000,-8.906598628663e+12,2.138393573705e-01,2.428805416491e-01,1.781038630585e-01,2.022918744805e-01,2.238480566047e-01,2.098561141349e-01
484.00000000,-1.118150937621e+13,-1.391364491979e-02,-1.580323498904e-02,-3.440979970644e-02,-3.908294162506e-02,-4.062263510707e-02,-3.808345928392e-02
484.20000000,1.659842477941e+13,8.071637814064e-03,9.167834155422e-03,1.880761256842e-02,2.136184547395e-02,-2.494844326961e-03,-2.338900519257e-03
484.40000000,1.046831722135e+13,-5.484443184023e-03,-6.229276722296e-03,2.212470547334e-02,2.512942765907e-02,-2.359087270305e-02,-2.211629151311e-02
484.60000000,-1.767780180538e+11,-1.237699976381e-02,-1.405790048937e-02,2.339562176794e-02,2.657294513886e-02,-5.614107538914e-02,-5.263189729328e-02
484.80000000,7.030812101113e+12,-2.781219133870e-02,-3.158932097372e-02,-1.565512007829e-02,-1.778121783250e-02,-7.069736974784e-02,-6.627832968431e-02
485.00000000,1.880080765999e+13,4.319253322496e-03,4.905844272015e-03,3.053766130844e-02,3.468493407301e-02,-1.550085726987e-02,-1.453195404845e-02
485.20000000,9.359276109741e+12,2.420794158263e-02,2.749558376950e-02,1.809462978143e-02,2.055203359240e-02,2.251510660372e-02,2.110776771019e-02
485.40000000,2.427761632854e+13,1.202751326031e-03,1.366095077762e-03,-5.515304058421e-03,-6.264329010881e-03,3.357484953955e-03,3.147620561869e-03
485.60000000,-8.959432120713e+12,1.683744465754e-02,1.912411133617e-02,1.889505457515e-02,2.146116284497e-02,2.051607800972e-02,1.923369125340e-02
485.80000000,-4.137945191509e+11,-8.249542310924e-03,-9.369899580096e-03,2.311999553298e-02,2.625988652930e-02,-1.653215619997e-02,-1.549879016606e-02
486.00000000,2.489636625494e+13,-6.682136429199e-02,-7.589626789257e-02,-5.029140709395e-02,-5.712140565953e-02,-9.087649085182e-02,-8.519612600460e-02
486.20000000,-7.648568873927e+12,-3.986047522786e-02,-4.527386320637e-02,-2.512403888580e-02,-2.853609592430e-02,-3.400297025912e-02,-3.187756604126e-02
486.40000000,4.480964816879e+12,-1.515612235763e-02,-1.721445131890e-02,-3.492926600602e-02,-3.967295584298e-02,3.259251310048e-03,3.055527152168e-03
486.60000000,-8.637107314783e+12,-7.268265539880e-02,-8.255357165690e-02,-6.619627155618e-02,-7.518628527623e-02,-5.637633379825e-02,-5.285245053954e-02
486.80000000,1.990437522776e+13,2.154040680642e-02,2.446577532227e-02,-1.585390455437e-02,-1.800699892222e-02,-2.589949235301e-03,-2.428060759476e-03
487.00000000,5.734255316460e+12,-5.499362408300e-03,-6.246222102781e-03,-2.113826479302e-02,-2.400901998874e-02,1.195374976229e-02,1.120656356148e-02
487.20000000,8.280402965262e+12,-6.978603284589e-03,-7.926356338501e-03,-1.271529186330e-02,-1.444213607399e-02,-3.751508500541e-03,-3.517015103945e-03
487.40000000,1.253967928117e+13,-1.769135140801e-02,-2.009398580934e-02,-6.038824769637e-04,-6.858948263837e-04,-8.870842657158e-03,-8.316357967854e-03
487.60000000,-5.885293229984e+12,-4.100683114855e-02,-4.657590390815e-02,-4.012360237970e-02,-4.557272704204e-02,-3.259333127757e-02,-3.055603855744e-02
487.80000000,-1.842928678266e+12,-3.371329608864e-02,-3.829184540896e-02,-4.658986787341e-02,-5.291716609657e-02,-2.072218827755e-02,-1.942691830458e-02
488.00000000,7.620600690849e+12,6.165306490188e-04,7.002606995193e-04,-2.245578329826e-02,-2.550546865364e-02,-1.212414157379e-02,-1.136630478946e-02
488.20000000,1.212779503825e+13,1.874121834977e-02,2.128643351686e-02,1.275401087041e-02,1.448611344983e-02,3.723791237694e-02,3.491030348198e-02
488.40000000,3.878441822467e+12,9.731848863254e-02,1.105351583646e-01,7.899912293190e-02,8.972787218520e-02,1.030634759905e-01,9.662134623220e-02
488.60000000,1.785284749287e+13,-9.383446595395e-03,-1.065779760868e-02,2.218690529531e-02,2.520007474310e-02,1.142541771422e-03,1.071125566262e-03
488.80000000,-1.020629994222e+13,-4.875430283154e-02,-5.537554744391e-02,9.582834263375e-04,1.088426423035e-03,-2.433483969056e-02,-2.281375578156e-02
489.00000000,1.445304368119e+13,-5.660906333925e-02,-6.429705052966e-02,-2.364334808901e-02,-2.685431479017e-02,-3.355607547514e-02,-3.145860505398e-02
489.20000000,4.149079458644e+12,-1.203969065777e-02,-1.367478196813e-02,-2.067171207355e-02,-2.347910546277e-02,-2.620374328549e-02,-2.456584088819e-02
489.40000000,7.972361935449e+12,9.877118221580e-03,1.121851399615e-02,5.656249863598e-03,6.424416448852e-03,1.354329678549e-02,1.269675367786e-02
489.60000000,-1.875006661728e+11,2.317819418253e-02,2.632598800671e-02,2.995715003375e-02,3.402558445590e-02,2.276929549065e-02,2.134606815772e-02
489.80000000,-3.113632009694e+12,2.451499289657e-02,2.784433523584e-02,1.821523216500e-02,2.068901480000e-02,3.329137153183e-02,3.121044680869e-02
490.00000000,2.832001446720e+13,1.191217142036e-02,1.352994454515e-02,3.642187063685e-02,4.136826881062e-02,4.102063264296e-02,3.845657941542e-02
490.20000000,-8.817621638778e+12,-7.438250885275e-03,-8.448427951487e-03,4.221108964816e-02,4.794371274239e-02,4.350389864764e-02,4.078462533197e-02
490.40000000,-6.775281292179e+12,-4.805681778078e-02,-5.458333805363e-02,-9.603894136235e-03,-1.090818421211e-02,-5.494194405247e-03,-5.150771937336e-03
490.60000000,8.191394580979e+12,-3.064037432116e-02,-3.480159500554e-02,-2.296231108546e-02,-2.608078719974e-02,-1.027489455114e-02,-9.632647592984e-03
490.80000000,1.608587686823e+12,1.164231999126e-02,1.322344502106e-02,1.174382975083e-02,1.333874118774e-02,2.808929555843e-02,2.633353402343e-02
491.00000000,1.781682348824e+13,3.316524591069e-03,3.766936540478e-03,1.642227811119e-02,1.865256241669e-02,9.797628396237e-03,9.185213640711e-03
491.20000000,3.293151519292e+12,1.483685450919e-03,1.685182420988e-03,8.907015193377e-03,1.011666321298e-02,5.774331101433e-03,5.413398289246e-03
491.40000000,1.671283725178e+12,5.570054256572e-02,6.326514498951e-02,5.162753788340e-02,5.863899431430e-02,5.655237433728e-02,5.301748741326e-02
491.60000000,6.956546534926e+12,6.334456334677e-02,7.194728812026e-02,1.455463805431e-02,1.653128103922e-02,6.097995875845e-02,5.716831934687e-02
491.80000000,2.825564651368e+12,5.924137144306e-02,6.728684822594e-02,2.526427903262e-02,2.869538186955e-02,7.932693573132e-02,7.436849232156e-02
492.00000000,9.959761623196e+12,1.657029139863e-02,1.882067641650e-02,-6.993896081036e-03,-7.943726339553e-03,2.616920999749e-02,2.453346615267e-02
492.20000000,-3.263494677770e+12,1.386441073113e-02,1.574731438323e-02,-1.971262548101e-02,-2.238976679678e-02,3.836905612604e-03,3.597074347558e-03
492.40000000,1.507984513342e+13,-1.407164588675e-03,-1.598269381695e-03,-2.395568854105e-02,-2.720907371810e-02,-1.845527803181e-02,-1.730170452127e-02
492.60000000,3.064834405944e+13,2.442369252184e-04,2.774063550194e-04,-4.310174172403e-03,-4.895532290538e-03,-8.733322053872e-03,-8.187433286279e-03
492.80000000,5.017976013536e+12,-3.396123476716e-02,-3.857345624653e-02,-2.806888893858e-02,-3.188088152868e-02,-3.580699543915e-02,-3.356882805096e-02
493.00000000,1.704773404461e+13,7.330495398228e-03,8.326038362493e-03,1.220617658103e-02,1.386387862910e-02,-2.076281754966e-03,-1.946500798600e-03
493.20000000,3.619734290666e+13,6.721565731238e-03,7.634410922328e-03,-3.412378309196e-02,-3.875808153453e-02,3.163098085087e-03,2.965384121856e-03
493.40000000,8.746773233594e+12,3.026103202415e-02,3.437073483227e-02,1.450085817708e-02,1.647019739966e-02,3.663069653740e-02,3.434104253569e-02
493.60000000,-4.519809642461e+12,2.957159341347e-02,3.358766465635e-02,-1.474107424350e-03,-1.674303684021e-03,-8.968022623189e-03,-8.407463561319e-03
493.80000000,-7.066032127168e+12,1.304489957714e-02,1.481650671800e-02,-2.060548441135e-02,-2.340388352374e-02,-2.347095757467e-02,-2.200387185109e-02
494.00000000,1.616152085390e+13,5.436385835638e-03,6.174692781579e-03,-2.225951061885e-02,-2.528254048384e-02,-2.512467843934e-02,-2.355422453132e-02
494.20000000,-7.741964358721e+12,-1.546310600320e-02,-1.756312592694e-02,-8.864062967938e-03,-1.006787771194e-02,-1.772468317894e-03,-1.661677654308e-03
494.40000000,2.248833354006e+13,-6.098970680931e-02,-6.927262224790e-02,-5.366523176436e-02,-6.095342426387e-02,-8.049239959706e-02,-7.546110720389e-02
494.60000000,-2.665411357652e+12,-5.035941350932e-02,-5.719864565941e-02,-2.494835394719e-02,-2.833655148468e-02,-7.595880090919e-02,-7.121088757673e-02
494.80000000,6.098463473834e+12,-7.097921395071e-02,-8.061878852498e-02,-9.499087024162e-02,-1.078914340751e-01,-8.035096306806e-02,-7.532851136713e-02
495.00000000,8.197603554261e+12,-5.204170589495e-02,-5.910940750821e-02,-3.295530713936e-02,-3.743091666186e-02,-5.091181072734e-02,-4.772949528741e-02
495.20000000,-4.651492329740e+12,-4.202498080196e-02,-4.773232685265e-02,-3.150442894233e-02,-3.578299693076e-02,-6.350945977295e-02,-5.953971028792e-02
495.40000000,7.600667906728e+12,-2.288114136983e-02,-2.598859292223e-02,1.918950281510e-03,2.179559964705e-03,-7.735678629199e-03,-7.252148988663e-03
495.60000000,-6.348024746087e+12,1.787045716264e-02,2.029741563270e-02,2.326190374784e-02,2.642106708033e-02,3.510702333193e-02,3.291260869998e-02
495.80000000,5.859793722220e+12,3.449536994594e-03,3.918013147757e-03,2.089860207454e-02,2.373680904547e-02,3.034204024724e-02,2.844546768818e-02
496.00000000,9.156384387976e+12,-2.310173862093e-02,-2.623914913645e-02,-2.826753867682e-02,-3.210650958202e-02,-2.777406640089e-02,-2.603800871458e-02
496.20000000,1.307308458828e+13,-3.116889278982e-02,-3.540189072994e-02,-1.882907402692e-02,-2.138622158007e-02,-1.749310158768e-02,-1.639967028992e-02
496.40000000,-2.085388937157e+13,-4.239792872914e-02,-4.815592424686e-02,-2.484125019613e-02,-2.821490213810e-02,-4.599622063867e-02,-4.312116117750e-02
496.60000000,7.781973881755e+12,-5.215309519953e-02,-5.923592441773e-02,-2.273396271799e-02,-2.582142719206e-02,-5.880636727300e-02,-5.513059130146e-02
496.80000000,7.153381526405e+12,-2.504536143225e-02,-2.844673228194e-02,-1.070244381632e-02,-1.215592623285e-02,-3.008164558602e-02,-2.820134936714e-02
497.00000000,-1.120339113990e+13,5.848267199780e-04,6.642511101129e-04,4.379223925359e-03,4.973959584130e-03,4.286506450892e-03,4.018572243346e-03
497.20000000,2.107330981059e+13,1.963615853596e-02,2.230291411163e-02,8.540268650119e-04,9.700109386355e-04,-3.248031112424e-03,-3.045008289021e-03
497.40000000,1.373644886586e+13,2.605451964385e-02,2.959294267116e-02,-1.544284181407e-02,-1.754011038405e-02,-9.440987544459e-03,-8.850865134713e-03
497.60000000,1.659730021254e+13,9.490276853805e-03,1.077913631520e-02,-3.147973235147e-02,-3.575494633392e-02,-1.902747512042e-02,-1.783813561366e-02
497.80000000,-8.366516821307e+11,-2.836930570639e-02,-3.222209616089e-02,-4.913510156709e-02,-5.580806405939e-02,-5.982627781304e-02,-5.608675087660e-02
498.00000000,1.932159056057e+13,-1.508453978853e-02,-1.713314723452e-02,-2.258238807641e-02,-2.564926743178e-02,-3.788037638651e-02,-3.551260936108e-02
498.20000000,2.585129474056e+13,-1.739466374427e-02,-1.975700546411e-02,-2.600015932616e-02,-2.953120093274e-02,-6.468299954973e-03,-6.063989628494e-03
498.40000000,4.146692607303e+12,5.651290545566e-03,6.418783359627e-03,6.046254544265e-03,6.867387064724e-03,7.417835121803e-03,6.954172743630e-03
498.60000000,-8.479444973591e+12,-2.779878207707e-03,-3.157409062150e-03,-1.937390132690e-02,-2.200504103681e-02,-1.428540142521e-05,-1.339247200691e-05
498.80000000,1.531216456275e+13,-9.808264214556e-03,-1.114030903554e-02,-2.606124525673e-02,-2.960058284949e-02,-1.540103336422e-02,-1.443836977858e-02
499.00000000,3.403122832453e+12,-2.404888281442e-02,-2.731492348202e-02,-5.437177122594e-02,-6.175591776189e-02,-4.047290770444e-02,-3.794309080642e-02
499.20000000,2.339645033687e+13,-3.211203676760e-02,-3.647312159686e-02,-4.044070159729e-02,-4.593289101614e-02,-3.760013805013e-02,-3.524988772214e-02
499.40000000,-3.323784667797e+12,-3.102016790160e-02,-3.523296775033e-02,-6.103558196120e-02,-6.932473037308e-02,-5.264072064763e-02,-4.935033722396e-02
499.60000000,9.465397693454e+12,-5.519611928775e-02,-6.269221678545e-02,-3.042389745586e-02,-3.455572012677e-02,-7.315028754758e-03,-6.857792435380e-03
499.80000000,1.166592323473e+12,-1.256974932251e-02,-1.427682706021e-02,-1.093897269043e-02,-1.242457772918e-02,4.664009664487e-02,4.372479079437e-02
500.00000000,7.309193426728e+12,3.925172394431e-03,4.458243837563e-03,-2.114543204978e-02,-2.401716061961e-02,3.017205666070e-02,2.828610916848e-02
500.20000000,8.811218173594e+12,-1.235682255010e-02,-1.403498304024e-02,-2.594742044501e-02,-2.947129966534e-02,4.456935752300e-03,4.178348617868e-03
500.40000000,2.524825054329e+13,-1.791352801419e-02,-2.034633586834e-02,-3.078543258200e-02,-3.496635478175e-02,-1.485159492696e-02,-1.392327477553e-02
500.60000000,-5.804430091492e+12,-1.136749729819e-02,-1.291129909353e-02,-1.244253451648e-02,-1.413233597185e-02,-1.025568476200e-02,-9.614638539149e-03
500.80000000,1.121413007246e+13,-1.432862617592e-02,-1.627457419200e-02,-1.019202854733e-02,-1.157619225204e-02,-2.262669028280e-02,-2.121237669205e-02
501.00000000,2.298207131712e+13,4.112866358552e-02,4.671428221534e-02,3.145810963856e-02,3.573038707367e-02,5.474290442750e-02,5.132112100442e-02
501.20000000,4.180769809434e+12,3.421103587903e-02,3.885718245158e-02,1.150663417995e-02,1.306933245159e-02,1.608876129414e-02,1.508311029206e-02
501.40000000,-1.564883326529e+13,1.418199848961e-02,1.610803323195e-02,-1.507418017085e-03,-1.712138137068e-03,1.815405331303e-02,1.701930828374e-02
501.60000000,-1.651097901523e+13,-1.136709455501e-03,-1.291084165443e-03,-1.106586606356e-03,-1.256870429594e-03,3.890221343366e-03,3.647057502425e-03
501.80000000,2.645480885757e+13,-4.331651749021e-03,-4.919926509199e-03,1.919299650224e-03,2.179956780645e-03,-1.164648038546e-02,-1.091850049588e-02
502.00000000,1.953826154281e+13,5.809749622601e-03,6.598762512823e-03,3.132727753469e-02,3.558178686320e-02,-1.253289485624e-02,-1.174950836422e-02
502.20000000,1.326463396372e+12,2.302597091595e-02,2.615309153951e-02,2.925712570617e-02,3.323049090219e-02,5.490546256976e-04,5.147351821787e-04
502.40000000,2.847069012753e+13,-2.792859280744e-03,-3.172153074148e-03,-1.487675364115e-02,-1.689714264795e-02,-1.790118139711e-02,-1.678224248806e-02
502.60000000,4.292270996276e+12,-3.125131021490e-03,-3.549550113492e-03,-1.903656863128e-02,-2.162189570718e-02,-1.282771487874e-02,-1.202590024016e-02
502.80000000,2.366367600482e+12,8.580099105734e-03,9.745348769416e-03,-2.176299074754e-04,-2.471858901324e-04,-3.626605498048e-03,-3.399919342005e-03
503.00000000,1.463342356037e+13,-1.782814572672e-02,-2.024935794771e-02,-2.084071519975e-02,-2.367106064333e-02,-1.986839327292e-02,-1.862649097608e-02
503.20000000,-2.418464151294e+13,-1.319555059201e-03,-1.498761740848e-03,-3.195035660508e-04,-3.628948534277e-04,-2.936455218031e-02,-2.752907890888e-02
503.40000000,2.576914879674e+13,-2.396015270017e-02,-2.721414307156e-02,-2.875292624359e-02,-3.265781688690e-02,-6.307015870321e-02,-5.912786835894e-02
503.60000000,-2.725110052694e+12,-1.555897771848e-02,-1.767201782796e-02,-2.582580759821e-02,-2.933317076506e-02,-5.011201801889e-02,-4.697969476444e-02
503.80000000,-4.215722095655e+12,-1.243753559938e-02,-1.412665760084e-02,-3.227973459320e-02,-3.666359564837e-02,-2.732409478845e-02,-2.561616322041e-02
504.00000000,3.320781110247e+13,-4.068585873742e-03,-4.621134074247e-03,-1.084206943744e-02,-1.231451419460e-02,-1.737489379137e-02,-1.628885124075e-02
504.20000000,9.612172717930e+12,6.109081525124e-03,6.938746206713e-03,-9.958486185545e-03,-1.131093286168e-02,-2.394027449550e-02,-2.244385344752e-02
504.40000000,-4.016576256433e+12,1.290398165732e-02,1.465645095879e-02,-4.163656578286e-03,-4.729116367552e-03,-4.173101460733e-02,-3.912255794057e-02
504.60000000,2.583797855428e+13,-3.753625486267e-02,-4.263399415630e-02,-5.029793131045e-02,-5.712881591983e-02,-7.057406184788e-02,-6.616272932074e-02
504.80000000,1.471962215496e+13,1.306183197070e-03,1.483573867310e-03,-3.485082989183e-02,-3.958386744088e-02,-4.610160498199e-02,-4.321995832194e-02
505.00000000,-1.612989013569e+13,1.827620818571e-02,2.075827105926e-02,-1.113736473552e-02,-1.264991309245e-02,8.712117137315e-04,8.167553813318e-04
505.20000000,7.023232051447e+12,-8.810913153122e-03,-1.000750930683e-02,-7.466834342000e-03,-8.480893617573e-03,6.061909111317e-04,5.683000824917e-04
505.40000000,-6.747107049134e+12,-2.608166337353e-02,-2.962377274776e-02,-3.586473798985e-03,-4.073547283661e-03,-3.237756348365e-03,-3.035375763763e-03
505.60000000,1.047306693676e+13,-4.166768824057e-02,-4.732651095466e-02,-1.401858524060e-03,-1.592242771821e-03,-1.375953893600e-02,-1.289947930392e-02
505.80000000,1.196581360399e+13,-5.323467725062e-02,-6.046439441333e-02,-3.576290583675e-02,-4.061981101559e-02,-4.824177382251e-02,-4.522635285257e-02
506.00000000,4.892645381170e+12,-6.040112893693e-02,-6.860411054733e-02,-6.406219697554e-02,-7.276238531255e-02,-5.343532171104e-02,-5.009527061309e-02
506.20000000,-1.079840733645e+13,-7.620873271107e-02,-8.655851994159e-02,-4.991113475609e-02,-5.668948912096e-02,-4.926737398810e-02,-4.618784641509e-02
506.40000000,1.808646422702e+13,-2.602540493383e-02,-2.955987393851e-02,-2.535198115651e-02,-2.879499468385e-02,-3.516980609742e-02,-3.297146713905e-02
506.60000000,1.366012829677e+13,5.558251168457e-04,6.313108452146e-04,-3.249430861779e-03,-3.690731064086e-03,9.302381953575e-03,8.720923284240e-03
506.80000000,1.070813364656e+13,4.449278480187e-03,5.053527940337e-03,2.109573195611e-02,2.396071083273e-02,2.351900807434e-02,2.204891888565e-02
507.00000000,4.072021435978e+12,-8.703684371346e-03,-9.885717954118e-03,6.942017479418e-03,7.884802184926e-03,-3.043929781773e-03,-2.853664603532e-03
507.20000000,-1.792631607222e+12,-4.007318844589e-02,-4.551546466948e-02,-1.660637521937e-02,-1.886166146968e-02,-3.479203068272e-02,-3.261730511617e-02
507.40000000,2.526386312078e+13,-6.641084427491e-02,-7.542999580247e-02,-1.221206105036e-01,-1.387056225914e-01,-5.626616317585e-02,-5.274916628924e-02
507.60000000,1.046190102187e+13,-5.485544498867e-02,-6.230527604964e-02,-7.547602273324e-02,-8.572630517295e-02,-8.332938097607e-02,-7.812075901014e-02
507.80000000,1.260199113373e+13,2.545615752059e-02,2.891331793610e-02,-3.190863050492e-02,-3.624209248523e-02,-2.957054498168e-02,-2.772219583602e-02
508.00000000,-4.870955397776e+12,1.500128736383e-03,1.703858842996e-03,2.690438386022e-02,3.055822680858e-02,2.160412471331e-02,2.025372804387e-02
508.20000000,8.064671010037e+12,-4.611815769198e-03,-5.238139161013e-03,9.005210081151e-03,1.022819379728e-02,-2.771166967885e-03,-2.597951218877e-03
508.40000000,-3.873959724342e+12,-1.573664759462e-02,-1.787381676844e-02,-1.230783816426e-02,-1.397934671541e-02,-1.567587789564e-02,-1.469603476005e-02
508.60000000,3.609506304517e+12,-3.594900100662e-02,-4.083117786919e-02,-2.179895483345e-02,-2.475943732632e-02,-2.896097611844e-02,-2.715072894513e-02
508.80000000,-2.970593911993e+11,-3.972409713049e-02,-4.511896381571e-02,-3.316824676947e-02,-3.767277529529e-02,-3.461434898183e-02,-3.245072966376e-02
509.00000000,8.899861555836e+12,-3.020336400308e-02,-3.430523500864e-02,-2.575960963359e-02,-2.925798255679e-02,-3.535081477802e-02,-3.314116161355e-02
509.20000000,1.871651133515e+13,1.714109063024e-02,1.946899498727e-02,5.930871456831e-02,6.736333977836e-02,1.747372128957e-02,1.638150138503e-02
509.40000000,5.623264470458e+12,2.586566352962e-02,2.937843830732e-02,6.573568040737e-02,7.466314195265e-02,2.562226877001e-02,2.402071226774e-02
509.60000000,1.262762070819e+13,1.298265442814e-02,1.474580815395e-02,3.284905028177e-02,3.731022922405e-02,3.029934221628e-02,2.840543855862e-02
509.80000000,2.440801892405e+13,-1.662734626224e-02,-1.888547981072e-02,-1.884454029483e-02,-2.140378829802e-02,-1.434913616702e-02,-1.345222291798e-02
510.00000000,-1.042586653666e+13,-2.347165079008e-02,-2.665929849113e-02,-3.889502270583e-02,-4.417729585425e-02,-2.045899755785e-02,-1.918017869669e-02
510.20000000,1.647417748410e+13,-3.035608545444e-02,-3.447869731830e-02,-5.435996952504e-02,-6.174251329017e-02,-5.659777289465e-02,-5.306004826897e-02
510.40000000,9.795201691327e+12,4.387804377251e-03,4.983705136891e-03,-2.016974916941e-02,-2.290897174947e-02,-1.550258760443e-02,-1.453357622598e-02
510.60000000,2.237930762916e+13,6.187999746057e-02,7.028382186177e-02,2.864686618847e-02,3.253735297899e-02,4.478429538302e-02,4.198498904078e-02
510.80000000,1.085743666164e+13,8.488159612903e-02,9.640923119748e-02,8.905057024192e-02,1.011443910785e-01,8.432064384921e-02,7.905006158171e-02
511.00000000,1.416545200525e+13,1.981053350215e-02,2.250097066567e-02,4.524309556365e-02,5.138749071300e-02,2.001338697443e-02,1.876242163919e-02
511.20000000,4.679205435898e+12,-8.623343533110e-04,-9.794466153943e-04,1.059480248823e-02,1.203366630173e-02,2.115460651457e-03,1.983230762214e-03
511.40000000,7.322660229078e+12,-1.229709069826e-02,-1.396713910025e-02,-2.387939520580e-02,-2.712241910246e-02,-2.927095568179e-02,-2.744133279318e-02
511.60000000,-1.296250403477e+13,-1.424775356691e-02,-1.618271840211e-02,-3.897590312956e-02,-4.426916052381e-02,-2.409610221810e-02,-2.258994093577e-02
511.80000000,-1.392598870541e+13,6.732021837328e-03,7.646287055616e-03,-2.970621612280e-02,-3.374057159686e-02,-2.231071151944e-02,-2.091614863256e-02
512.00000000,2.177666894315e+13,2.952739234012e-02,3.353746070526e-02,2.274112782250e-03,2.582956537839e-03,2.195832190203e-02,2.058578563146e-02
512.20000000,2.905082006655e+13,3.545514547520e-02,4.027025260061e-02,2.396520039166e-02,2.721987735850e-02,1.771513317261e-02,1.660782347354e-02
512.40000000,8.911014797061e+12,2.059479721694e-02,2.339174399283e-02,9.946495969353e-03,1.129731427269e-02,1.890470772204e-02,1.772304196685e-02
512.60000000,3.583342119213e+12,-2.959253478815e-02,-3.361145004594e-02,-3.401817957445e-02,-3.863813616590e-02,-6.066959807203e-02,-5.687735819841e-02
512.80000000,2.828211143299e+12,-1.733066246395e-02,-1.968431227133e-02,2.542262806711e-03,2.887523604261e-03,-1.269477480873e-02,-1.190126977909e-02
513.00000000,2.261398186594e+13,3.566114790701e-03,4.050423189626e-03,-1.688450890079e-03,-1.917756805814e-03,-1.444949582427e-02,-1.354630945152e-02
513.20000000,2.209794973259e+13,1.653804625335e-02,1.878405210913e-02,1.102373176186e-03,1.252084779960e-03,-1.738712048900e-02,-1.630031369118e-02
513.40000000,7.544033472589e+12,3.039188671303e-02,3.451936068910e-02,2.954133083647e-02,3.355329349366e-02,-4.507723712304e-03,-4.225962003897e-03
513.60000000,1.586251351623e+13,4.403181310384e-02,5.001170386946e-02,3.688478181633e-02,4.189404724465e-02,1.784651857611e-02,1.673099644476e-02
513.80000000,2.674020772194e+13,3.436881292347e-02,3.903638694641e-02,1.325087074838e-02,1.505045110283e-02,1.103046211347e-02,1.034098732576e-02
514.00000000,1.753160158545e+13,1.647889908665e-03,1.871687225945e-03,-1.275816835977e-02,-1.449083556143e-02,-1.268560606262e-02,-1.189267413855e-02
514.20000000,2.457560280021e+13,7.495103225683e-03,8.513001318160e-03,-2.288572533451e-02,-2.599380045587e-02,-6.218647705709e-02,-5.829942249615e-02
514.40000000,1.682041478850e+13,6.921261908961e-03,7.861227521511e-03,9.165747501422e-03,1.041053355742e-02,-2.886895286767e-02,-2.706445773908e-02
514.60000000,9.808270123151e+11,4.084466683152e-03,4.639171631220e-03,1.395037543587e-02,1.584495444493e-02,-2.421711081741e-02,-2.270338571977e-02
514.80000000,3.720686331353e+12,1.109518388042e-02,1.260200322200e-02,4.732269235784e-03,5.374951434593e-03,-8.903827743339e-03,-8.347281274115e-03
515.00000000,1.749363408233e+13,2.070108276796e-02,2.351246401612e-02,1.447019436328e-02,1.643536918052e-02,1.132636211621e-03,1.061839167623e-03
515.20000000,2.560814043242e+13,1.943029878847e-02,2.206909687804e-02,-1.286937958773e-02,-1.461715021503e-02,-6.232645339731e-03,-5.843064941531e-03
515.40000000,5.946302960933e+12,-1.332082725646e-02,-1.512990769822e-02,-3.179748678283e-02,-3.611585450537e-02,-5.185590268276e-02,-4.861457542684e-02
515.60000000,-9.546483085596e+12,-7.152431443651e-02,-8.123791824401e-02,-8.146968393224e-02,-9.253395627116e-02,-1.217772489939e-01,-1.141653881276e-01
515.80000000,2.184332157948e+13,-2.976838806964e-02,-3.381118568294e-02,-3.099811472048e-02,-3.520792095400e-02,-4.714118024285e-02,-4.419455344643e-02
516.00000000,3.166381366009e+13,-1.875128905837e-02,-2.129787191244e-02,-2.003082596432e-04,-2.275118159775e-04,-1.933804199463e-02,-1.812929006186e-02
516.20000000,1.454554154115e+13,-2.821491240914e-02,-3.204673495458e-02,4.788352946605e-03,5.438651787831e-03,2.901046995837e-04,2.719712910195e-04
516.40000000,9.672261845366e+12,-8.905033979717e-03,-1.011441253375e-02,3.492149160301e-03,3.966412561027e-03,-2.036135280480e-03,-1.908863736838e-03
516.60000000,1.211371855378e+13,-1.283374438376e-02,-1.457667487240e-02,6.274243134616e-03,7.126338434504e-03,-4.854187295891e-03,-4.550769386385e-03
516.80000000,1.539578031445e+12,-8.924637704181e-03,-1.013667860897e-02,-2.435821020048e-03,-2.766626122435e-03,-1.466580311006e-02,-1.374909614150e-02
517.00000000,5.389588177660e+12,-5.689320985113e-03,-6.461978652906e-03,2.464864984437e-02,2.799614502910e-02,-1.140301153486e-02,-1.069025001350e-02
517.20000000,1.731150816714e+13,-3.536626855869e-02,-4.016930545090e-02,-1.993514758922e-02,-2.264250928989e-02,-4.837945632642e-02,-4.535542931494e-02
517.40000000,1.476555079337e+13,1.072940901752e-02,1.218655305456e-02,2.373809858135e-02,2.696193320100e-02,3.012408517280e-02,2.824113620694e-02
517.60000000,1.869759318054e+13,7.737929883053e-03,8.788805879088e-03,1.730959039690e-02,1.966037921776e-02,1.781222119007e-02,1.669884286582e-02
517.80000000,1.672843220177e+13,-7.558370656663e-03,-8.584860998687e-03,-4.500578314522e-05,-5.111794925993e-05,-2.239753788493e-04,-2.099754779204e-04
518.00000000,5.949924012383e+12,8.731512307913e-03,9.917325158656e-03,9.451701620265e-03,1.073532266487e-02,-2.857416843302e-02,-2.678809922652e-02
518.20000000,9.704670071183e+12,1.546063611585e-03,1.756032060810e-03,6.944097893796e-03,7.887165137178e-03,-1.845837686649e-02,-1.730460965886e-02
518.40000000,-4.883297176014e+12,-2.784249128443e-03,-3.162373590706e-03,-1.328826507847e-03,-1.509292389931e-03,3.654001863279e-03,3.425603258301e-03
518.60000000,9.259119909661e+12,8.891486570099e-04,1.009902527190e-03,9.485238860922e-03,1.077341454655e-02,3.171500387343e-02,2.973261226210e-02
518.80000000,6.511134052028e+12,4.253933085848e-02,4.831652997532e-02,3.470221587613e-02,3.941507038452e-02,6.395391251537e-02,5.995638187692e-02
519.00000000,1.196156497963e+13,6.268535440178e-02,7.119855305302e-02,6.327943922058e-02,7.187332243207e-02,6.449283670479e-02,6.046161984021e-02
519.20000000,-1.012902912826e+12,3.336500978661e-02,3.789625889615e-02,3.395422346982e-02,3.856549428118e-02,-1.180205149446e-02,-1.106434741053e-02
519.40000000,2.209919127048e+13,2.049980197316e-02,2.328384759552e-02,6.250716028187e-03,7.099616147975e-03,-1.204848892753e-02,-1.129538091990e-02
519.60000000,2.404500780411e+13,1.662167388708e-02,1.887903707929e-02,-3.689274635247e-03,-4.190309343217e-03,-8.016826047408e-03,-7.515722885972e-03
519.80000000,1.725098006985e+12,1.026719259690e-02,1.166156375427e-02,5.422442246300e-03,6.158855779033e-03,-1.444315091352e-02,-1.354036113848e-02
520.00000000,-1.040612303415e+13,2.806218586588e-02,3.187326686150e-02,6.147990309794e-03,6.982939407931e-03,1.892904848483e-02,1.774586127550e-02
520.20000000,1.923294572277e+13,4.293950875600e-02,4.877105539899e-02,7.040495785414e-02,7.996654678035e-02,5.861138382981e-02,5.494779557686e-02
520.40000000,2.206502193858e+13,7.978396120736e-02,9.061929455472e-02,1.009758586486e-01,1.146892345428e-01,6.962179935605e-02,6.526998935595e-02
520.60000000,1.575441942908e+13,1.727202566676e-02,1.961771210363e-02,5.079419958099e-02,5.769248162010e-02,4.833400247168e-02,4.531281661830e-02
520.80000000,1.878891206479e+13,-5.980805760891e-03,-6.793049514202e-03,-3.396880250060e-02,-3.858205326767e-02,-2.023591924779e-03,-1.897104421499e-03
521.00000000,8.886697811560e+12,-1.647009483150e-04,-1.870687231231e-04,-9.873649639130e-03,-1.121457479452e-02,-3.351874508824e-03,-3.142360805623e-03
521.20000000,4.368983212493e+12,4.206464414991e-03,4.777737681704e-03,-4.689994117183e-04,-5.326934997220e-04,2.817895912373e-02,2.641759303953e-02
521.40000000,1.339604401238e+13,2.083622006242e-02,2.366595409241e-02,1.537676731486e-02,1.746506240884e-02,2.498063289363e-02,2.341918275817e-02
521.60000000,1.640327733314e+13,3.926511852028e-03,4.459765204774e-03,-5.066291196581e-03,-5.754336403604e-03,7.943330726365e-03,7.446821494934e-03
521.80000000,2.729934643148e+13,1.194584824613e-02,1.356819496726e-02,3.728155951277e-03,4.234471070914e-03,1.510723600964e-02,1.416293664724e-02
522.00000000,2.055695416552e+13,-4.550314106079e-02,-5.168285054481e-02,-4.152503639835e-02,-4.716448765702e-02,-5.007456986915e-02,-4.694458736478e-02
522.20000000,1.407319002019e+13,-6.032071817580e-03,-6.851277932814e-03,8.411142633903e-03,9.553446964683e-03,1.663155408947e-02,1.559197504853e-02
522.40000000,3.757248004352e+13,-2.985724247386e-02,-3.391210726299e-02,-9.552938249817e-03,-1.085030808521e-02,-1.599763011825e-02,-1.499767540047e-02
522.60000000,5.395128412908e+12,-6.466408000738e-03,-7.344600624765e-03,-1.195999147466e-03,-1.358425950246e-03,-9.425135446380e-04,-8.836003894662e-04
522.80000000,-1.152427084523e+12,-5.323780067255e-03,-6.046794202224e-03,1.723278992013e-02,1.957314858648e-02,8.243194983986e-03,7.727942308878e-03
523.00000000,4.220890591858e+12,-5.894604729257e-03,-6.695141657053e-03,-2.050854767580e-03,-2.329378195937e-03,-1.255000365191e-02,-1.176554775018e-02
523.20000000,2.470114622789e+11,-2.525742968234e-02,-2.868760118503e-02,-2.426420530018e-02,-2.755948966328e-02,-4.149855733467e-02,-3.890463074172e-02
523.40000000,1.035867893541e+13,2.695518117898e-03,3.061592162221e-03,-3.694635622107e-03,-4.196398397449e-03,-1.510222048347e-02,-1.415823462371e-02
523.60000000,4.980744308900e+13,1.681649472598e-02,1.910031622761e-02,7.975911913994e-03,9.059108230812e-03,5.635476836203e-03,5.283223308172e-03
523.80000000,2.433427872574e+12,3.540543289430e-02,4.021378863288e-02,1.679495186713e-02,1.907584842163e-02,3.692584306308e-02,3.461774050626e-02
524.00000000,1.739377631660e+13,-1.349978917221e-03,-1.533317414817e-03,7.469365658832e-03,8.483768708647e-03,1.813039148107e-02,1.699712546837e-02
524.20000000,-8.244703193825e+12,-1.373748873414e-02,-1.560315531095e-02,-4.883165040624e-03,-5.546340166359e-03,-8.317395447379e-03,-7.797504766335e-03
524.40000000,6.482174623862e+12,-3.750178920185e-02,-4.259484776870e-02,-1.541549226974e-02,-1.750904654022e-02,-2.525759390575e-02,-2.367883192669e-02
524.60000000,-3.246042261613e+12,-1.932742482446e-02,-2.195225176399e-02,-1.983133780965e-02,-2.252460126398e-02,-3.295283751020e-02,-3.089307333957e-02
524.80000000,2.878933800928e+13,-1.683193938978e-02,-1.911785840673e-02,-3.550002201163e-02,-4.032122534294e-02,-4.647640060546e-02,-4.357132680969e-02
525.00000000,3.581466921565e+12,1.697025141133e-02,1.927495436475e-02,-2.205405086048e-02,-2.504917755202e-02,-1.099045755619e-02,-1.030348331047e-02
525.20000000,2.499744824265e+13,9.424195468083e-03,1.070408052119e-02,-3.410890081285e-02,-3.874117811600e-02,4.480486519791e-02,4.200427311002e-02
525.40000000,1.385849293128e+13,-5.268008442736e-03,-5.983448321753e-03,-1.877873550975e-02,-2.132904666640e-02,6.575267368196e-02,6.164270890787e-02
525.60000000,7.686108585720e+12,1.056245834226e-02,1.199692907265e-02,1.991492968511e-02,2.261954562336e-02,3.771902652352e-02,3.536134490171e-02
525.80000000,1.051687798291e+13,1.501079793142e-02,1.704939061264e-02,2.789051712951e-02,3.167828531885e-02,1.721539551571e-02,1.613932263259e-02
526.00000000,1.029127671330e+13,1.140151517338e-02,1.294993688244e-02,7.201218513506e-03,8.179204912371e-03,1.057009451560e-02,9.909395662071e-03
526.20000000,1.348056136707e+13,2.005735904274e-02,2.278131719181e-02,1.211107689153e-02,1.375586359718e-02,1.070909375048e-02,1.003970655126e-02
526.40000000,1.029371446376e+13,-5.645900019199e-03,-6.412660754416e-03,-1.968308830639e-02,-2.235621822394e-02,-7.284043848423e-03,-6.828744284868e-03
526.60000000,7.364788553319e+12,-5.906183369565e-02,-6.708292774155e-02,-6.071653386410e-02,-6.896235284515e-02,-6.686283180280e-02,-6.268347500987e-02
526.80000000,1.653381200016e+13,-6.587177450713e-02,-7.481771582372e-02,-5.144475008526e-02,-5.843138238673e-02,-4.462762642951e-02,-4.183811290397e-02
527.00000000,1.074904941358e+12,-3.408764646603e-02,-3.871703571791e-02,-8.274082376806e-03,-9.397772765095e-03,1.449466460950e-02,1.358865489732e-02
527.20000000,1.986854752490e+13,2.781312189555e-02,3.159037790802e-02,2.658899762811e-02,3.020000845787e-02,3.276002222200e-02,3.071231024633e-02
527.40000000,1.995218732251e+13,2.870839340369e-02,3.260723482105e-02,2.786610725190e-02,3.165056037334e-02,4.546796986005e-02,4.262592946823e-02
527.60000000,-4.497473150365e+12,1.364402385989e-02,1.549699712023e-02,1.314442192897e-03,1.492954563316e-03,2.268615614216e-02,2.126812555294e-02
527.80000000,1.046009192963e+13,-1.050891777649e-02,-1.193611724748e-02,-9.577961477494e-04,-1.087872967891e-03,1.888070672741e-02,1.770054118867e-02
528.00000000,4.677053568458e+12,-1.235461925157e-02,-1.403248051522e-02,-8.792465861845e-03,-9.986557113102e-03,-2.125417055109e-03,-1.992564826635e-03
528.20000000,1.082190038134e+13,-2.647759066734e-02,-3.007347029996e-02,-7.429507401012e-03,-8.438497362201e-03,-2.170743023217e-02,-2.035057630374e-02
528.40000000,1.114496752541e+13,2.305912034975e-03,2.619074294539e-03,-6.094724464913e-03,-6.922439610667e-03,-2.872510028756e-02,-2.692959686993e-02
528.60000000,8.061539632393e+12,9.277524576975e-03,1.053749048878e-02,2.764047352655e-02,3.139428367916e-02,-8.399966849582e-03,-7.874914925118e-03
528.80000000,1.462172457488e+13,1.168509221810e-02,1.327202607626e-02,1.449435096382e-02,1.646280645179e-02,3.554160927271e-02,3.332003022587e-02
529.00000000,1.282397061718e+13,-1.328534108239e-02,-1.508960220308e-02,2.618969626395e-02,2.974647859023e-02,2.946501558405e-02,2.762326270409e-02
529.20000000,-1.158609903387e+13,-1.332250443414e-02,-1.513181265075e-02,1.768280368957e-02,2.008427803308e-02,3.198635914772e-02,2.998700608742e-02
529.40000000,2.471686824784e+13,-3.216181317649e-02,-3.652965806096e-02,-1.208359173066e-02,-1.372464571893e-02,1.821492057428e-02,1.707637094989e-02
529.60000000,1.740458894739e+13,-1.608698509139e-02,-1.827173304551e-02,-2.226753814054e-02,-2.529165821088e-02,-2.652083221387e-03,-2.486310972024e-03
529.80000000,3.231123718677e+12,-3.366121146203e-03,-3.823268725174e-03,-9.253697424287e-03,-1.051042782390e-02,1.391882222548e-02,1.304880636392e-02
530.00000000,-1.246203981670e+13,7.134428527545e-03,8.103343960786e-03,7.970255610183e-03,9.052683753090e-03,2.668381867391e-02,2.501590847882e-02
530.20000000,1.712462676439e+12,-1.214440766575e-02,-1.379372042703e-02,8.748766483109e-03,9.936922989023e-03,1.059923523272e-02,9.936714897051e-03
530.40000000,1.276807164995e+13,-2.393927737741e-02,-2.719043270430e-02,4.720287433185e-03,5.361342401831e-03,1.382387998890e-02,1.295979862742e-02
530.60000000,1.140444968843e+13,-2.393365577215e-02,-2.718404763773e-02,1.212041749056e-02,1.376647272859e-02,4.559602783376e-03,4.274598299541e-03
530.80000000,7.719446120224e+12,9.428586117705e-03,1.070906745799e-02,1.919044421495e-02,2.179666889695e-02,2.794056396889e-02,2.619409911431e-02
531.00000000,-5.485193856348e+12,-1.854684292584e-02,-2.106566027461e-02,-6.973706112955e-03,-7.920794402993e-03,-2.905488500043e-03,-2.723876791833e-03
531.20000000,7.373804035076e+12,-8.540176459218e-03,-9.700004291536e-03,-1.150422201096e-02,-1.306659268964e-02,-2.403533239989e-02,-2.253296962184e-02
531.40000000,-2.159432304921e+12,5.188645895767e-03,5.893307673037e-03,-2.504834294066e-02,-2.845011982940e-02,3.099188752855e-03,2.905469533708e-03
531.60000000,8.924586075560e+12,2.669412631093e-02,3.031941330619e-02,3.579572100986e-02,4.065708276683e-02,2.996491979969e-02,2.809191969279e-02
531.80000000,2.827469194867e+13,6.397554931222e-02,7.266396728982e-02,5.112488508905e-02,5.806807701787e-02,5.605020182918e-02,5.254670391496e-02
532.00000000,1.481331525251e+13,3.126707281088e-02,3.551340442409e-02,8.635296183323e-03,9.808042462529e-03,-8.832977703084e-03,-8.280859816812e-03
532.20000000,1.242153931576e+13,-9.102117474311e-03,-1.033826162545e-02,-1.563805241218e-02,-1.776183223293e-02,-1.894682952472e-03,-1.776253088610e-03
532.40000000,1.588934269126e+12,1.012195490395e-02,1.149660156039e-02,-5.704698457816e-03,-6.479444772054e-03,1.186884573071e-02,1.112696657765e-02
532.60000000,5.058487488825e+12,6.804204134853e-03,7.728272316589e-03,-1.755841185154e-02,-1.994299273105e-02,1.621339742822e-02,1.519995586658e-02
532.80000000,5.299433508494e+12,5.005338748024e-02,5.685105872025e-02,-9.490733245169e-03,-1.077965511466e-02,3.693208939751e-02,3.462359640463e-02
533.00000000,-9.699695966588e+12,1.055513458193e-01,1.198861068403e-01,8.098588977153e-02,9.198445877037e-02,1.206198810909e-01,1.130803631584e-01
533.20000000,-7.659439273135e+12,1.152399384768e-01,1.308904919142e-01,1.448062538700e-01,1.644721682551e-01,6.490845039037e-02,6.085125499881e-02
533.40000000,-2.469379118182e+12,-5.852418673137e-03,-6.647226379499e-03,-8.237832041493e-02,-9.356599327557e-02,-6.318100006125e-02,-5.923178141959e-02
533.60000000,1.859323238287e+13,-1.639667395880e-02,-1.862348026728e-02,-6.498828367528e-02,-7.381424242112e-02,-6.072766241005e-02,-5.693179314205e-02
533.80000000,1.066244344905e+13,-1.150227582885e-02,-1.306438168287e-02,-1.478201863093e-02,-1.678954182186e-02,-1.881541193196e-02,-1.763932773766e-02
534.00000000,2.679119696260e+13,8.251820212119e-03,9.372486839444e-03,-5.451042694864e-03,-6.191340410480e-03,-1.421067904660e-02,-1.332242025761e-02
534.20000000,-3.771852242798e+12,4.516008786975e-03,5.129320784350e-03,-2.261503173488e-03,-2.568634437525e-03,-7.576464919576e-03,-7.102887159343e-03
534.40000000,3.975037811069e+12,-3.645200521115e-03,-4.140249427769e-03,-1.051757061657e-02,-1.194594568848e-02,-1.868955271283e-02,-1.752133552877e-02
534.60000000,2.573782040937e+13,2.103654537015e-03,2.389348526275e-03,1.423532432729e-03,1.616860180657e-03,-5.929100562539e-03,-5.558493664149e-03
534.80000000,9.701775038562e+11,-2.634839230059e-03,-2.992672570774e-03,5.814670800793e-03,6.604352289611e-03,-2.714714238323e-02,-2.545027147800e-02
535.00000000,1.208263516428e+13,2.085843594491e-02,2.369118707869e-02,3.258786646183e-02,3.701357443166e-02,1.728905428970e-02,1.620837725971e-02
535.20000000,-3.767018507649e+12,8.731954770898e-03,9.917827711838e-03,2.643758246376e-02,3.002802983318e-02,1.663598853282e-02,1.559613231066e-02
535.40000000,2.190241401284e+13,3.028540345161e-03,3.439841610468e-03,2.510538340903e-02,2.851490687597e-02,-1.052089524997e-02,-9.863271666811e-03
535.60000000,-5.484644455007e+12,1.047974619781e-02,1.190298392293e-02,3.302232570566e-02,3.750703691647e-02,-7.482322182718e-03,-7.014628948703e-03
535.80000000,2.575246484385e+13,2.980717645865e-02,3.385524186159e-02,3.683379432621e-02,4.183613522200e-02,1.244325705575e-02,1.166547350247e-02
536.00000000,8.912483721987e+12,9.612981369993e-03,1.091850513730e-02,-3.592939730735e-04,-4.080891343643e-04,-7.189121704875e-03,-6.739755385466e-03
536.20000000,-1.915265396664e+12,-1.770615014710e-03,-2.011079434173e-03,-1.901318028797e-02,-2.159533102897e-02,-1.686019447759e-02,-1.580632394265e-02
536.40000000,-1.356399719281e+13,8.694923272954e-03,9.875767024837e-03,-3.736438160871e-02,-4.243878074641e-02,-1.536113041103e-02,-1.440096101647e-02
536.60000000,1.899388285392e+13,-1.725058049493e-02,-1.959335449699e-02,-3.475553890054e-02,-3.947563512678e-02,-3.125111381734e-02,-2.929771831647e-02
536.80000000,2.142017545529e+13,-2.079087367900e-02,-2.361444928850e-02,-1.217753026008e-02,-1.383134189540e-02,-3.408450484534e-03,-3.195400419172e-03
537.00000000,3.153451936720e+13,1.179161158278e-02,1.339301166706e-02,1.794160908788e-02,2.037823139406e-02,1.050990834050e-02,9.852971509804e-03
537.20000000,2.011748676977e+13,-2.786132811411e-03,-3.164513093673e-03,1.740466142746e-02,1.976836169859e-02,2.407621785476e-03,2.257129947296e-03
537.40000000,2.176341802420e+12,-4.596284271502e-03,-5.220498355225e-03,5.890610378193e-03,6.690605104097e-03,-2.506553486036e-03,-2.349877780621e-03
537.60000000,2.435873254579e+13,8.147940561503e-03,9.254499458083e-03,-3.607219589299e-03,-4.097110527816e-03,-2.560913597158e-03,-2.400840035363e-03
537.80000000,1.261616953664e+13,-9.702194359913e-03,-1.101983400201e-02,-2.778667089898e-02,-3.156033589164e-02,-2.737209365464e-02,-2.566116184891e-02
538.00000000,3.931680583417e+13,-7.122849321483e-03,-8.090192201096e-03,-5.459743952567e-02,-6.201223372596e-02,-2.735032417109e-02,-2.564075309803e-02
538.20000000,5.371549547531e+12,-3.349274375751e-03,-3.804134021522e-03,-1.116638382885e-02,-1.268287322417e-02,-3.047956922846e-02,-2.857440022401e-02
538.40000000,1.357144552494e+13,5.571829092499e-03,6.328530372533e-03,4.281010617391e-02,4.862408078023e-02,2.893989500653e-02,2.713096553823e-02
538.60000000,1.640537597094e+13,-2.556274050836e-02,-2.903437579054e-02,1.059210500158e-02,1.203060247356e-02,1.515617137338e-02,1.420881323619e-02
538.80000000,1.372671138751e+12,-4.672093318916e-02,-5.306602909244e-02,7.395073554222e-03,8.399387107696e-03,-1.445863361628e-02,-1.355487607280e-02
539.00000000,1.258599896760e+13,-1.353345284867e-02,-1.537140963518e-02,3.104644558075e-02,3.526281555398e-02,-1.137993398706e-02,-1.066861496079e-02
539.20000000,5.268660940727e+12,2.152395160146e-02,2.444708536199e-02,3.538071178197e-02,4.018571177469e-02,2.078721036829e-04,1.948787609670e-04
539.40000000,9.763293529629e+12,1.664832979154e-02,1.890931307989e-02,1.584295588012e-02,1.799456332538e-02,-2.606819847640e-02,-2.443876850097e-02
539.60000000,1.826168352537e+13,2.259515425200e-02,2.566376634710e-02,7.492647583138e-03,8.510212515247e-03,3.938865424674e-02,3.692661015959e-02
539.80000000,-6.179484838555e+11,-1.898072244940e-02,-2.155846428875e-02,1.307462851724e-02,1.485027368564e-02,-4.019615081250e-02,-3.768363299927e-02
540.00000000,1.699574168484e+13,-4.192637201594e-02,-4.762032616366e-02,-1.397066360305e-02,-1.586799791685e-02,-5.356403935071e-02,-5.021594257286e-02
540.20000000,8.205516235072e+12,-6.026158629137e-02,-6.844561683619e-02,-9.378550832548e-03,-1.065223738130e-02,-4.280633600411e-02,-4.013066483770e-02
540.40000000,1.556539309108e+13,-4.688533335062e-02,-5.325275617932e-02,-6.213334950722e-03,-7.057158403933e-03,-5.249540791802e-02,-4.921410747406e-02
540.60000000,9.135543166652e+12,-1.733609915336e-02,-1.969048730891e-02,-4.578201958824e-03,-5.199960517960e-03,-5.204050872975e-02,-4.878764240922e-02
540.80000000,8.148374388597e+12,1.912594267858e-02,2.172340664713e-02,7.956487698803e-03,9.037046042863e-03,-1.725203183625e-02,-1.617366894759e-02
541.00000000,1.331330676875e+13,3.135484522205e-02,3.561309706734e-02,7.554687316173e-03,8.580677768905e-03,1.235719629970e-02,1.158479209688e-02
541.20000000,2.609384374680e+13,4.193291837233e-02,4.762776157034e-02,-1.416668700728e-02,-1.609064295781e-02,3.314798248552e-02,3.107602049951e-02
541.40000000,-4.455440712599e+12,1.166721704776e-02,1.325172330736e-02,-1.477447007915e-02,-1.678096811289e-02,-7.772603079295e-03,-7.286765423271e-03
541.60000000,1.546943270248e+13,-1.041229627414e-03,-1.182637373199e-03,2.279376184875e-03,2.588934755071e-03,-3.788897345671e-02,-3.552066905913e-02
541.80000000,1.108445432712e+13,-4.909427052130e-02,-5.576168560691e-02,-2.220995110965e-02,-2.522625037400e-02,-5.225817354450e-02,-4.899170177385e-02
542.00000000,2.169313548094e+12,-1.050404722378e-02,-1.193058523272e-02,-1.334432529316e-03,-1.515659756545e-03,3.246718660413e-03,3.043777873697e-03
542.20000000,7.936022394108e+12,-1.613587723371e-03,-1.832726515219e-03,-1.054875196412e-02,-1.198136172684e-02,1.189679878196e-02,1.115317238351e-02
542.40000000,1.817252562705e+13,-1.132280949193e-02,-1.286054230711e-02,-1.717849369020e-02,-1.951147846916e-02,8.087628936015e-04,7.582100138912e-04
542.60000000,9.820590000016e+12,-1.663793715832e-03,-1.889750903962e-03,4.786429437856e-03,5.436467050320e-03,1.126911640049e-02,1.056472418573e-02
542.80000000,2.309502739811e+13,1.674337442937e-02,1.901726557938e-02,3.693071225612e-02,4.194621542675e-02,4.681406757834e-02,4.388788742619e-02
543.00000000,2.269896541320e+13,-1.878952069226e-02,-2.134129572395e-02,1.507861787515e-02,1.712642175278e-02,-3.191831899231e-03,-2.992321887909e-03
543.20000000,9.195265877821e+12,2.610443709336e-03,2.964963933039e-03,2.887754296194e-02,3.279935760990e-02,9.378571737039e-03,8.792350716477e-03
543.40000000,1.580343181206e+13,-2.247183559905e-02,-2.552369998330e-02,1.049099848151e-02,1.191576483267e-02,8.600166646731e-03,8.062600948029e-03
543.60000000,2.296859949298e+13,-1.648507094790e-02,-1.872388231139e-02,7.045215426428e-03,8.002015286229e-03,3.004903418649e-02,2.817077638971e-02
543.80000000,-1.882368829112e+12,-2.679590712312e-02,-3.043501680920e-02,-1.860077826994e-02,-2.112692132784e-02,-1.374184936356e-02,-1.288289544347e-02
544.00000000,2.639277270667e+13,-1.764722736569e-02,-2.004386935075e-02,-2.215910352774e-03,-2.516849726027e-03,-2.084409414048e-02,-1.954120426744e-02
544.20000000,2.981620061850e+13,-1.675758460827e-02,-1.903340562015e-02,-4.844633171554e-04,-5.502575343472e-04,-1.593032887140e-02,-1.493458091417e-02
544.40000000,1.379045177297e+13,-5.628697469414e-02,-6.393121953604e-02,-4.008653038710e-02,-4.553062035919e-02,-7.084089955262e-02,-6.641288795366e-02
544.60000000,1.247538498629e+13,-2.387981455427e-02,-2.712289432937e-02,5.362488687572e-03,6.090760019803e-03,-5.983813580250e-02,-5.609786766549e-02
544.80000000,2.271521360243e+13,-2.398734889038e-02,-2.724503273327e-02,1.161426333123e-02,1.319157855218e-02,-8.722017208178e-03,-8.176835066110e-03
545.00000000,8.748615863342e+12,9.151724952509e-03,1.039460621665e-02,7.493160167407e-03,8.510794712796e-03,3.335999055709e-02,3.127477670378e-02
545.20000000,2.002780873178e+13,8.487001218434e-03,9.639607405562e-03,1.507752562992e-02,1.712518117140e-02,1.784097585523e-02,1.672580017956e-02
545.40000000,3.186714530981e+13,8.567902649378e-03,9.731495931648e-03,1.673517277830e-02,1.900795082679e-02,2.297987267841e-03,2.154348291762e-03
545.60000000,4.736752072783e+13,2.148565984697e-02,2.440359326501e-02,2.176047243382e-02,2.471572869125e-02,-1.793636627798e-03,-1.681522808770e-03
545.80000000,1.239145295729e+13,-1.985042155949e-02,-2.254627585687e-02,1.186589271418e-02,1.347738133421e-02,3.245397581126e-02,3.042539370357e-02
546.00000000,4.223792933350e+12,-3.302334750632e-02,-3.750819600296e-02,-3.954857393104e-02,-4.491960486511e-02,-4.375917554193e-02,-4.102394577940e-02
546.20000000,2.231977981196e+13,7.446127747148e-03,8.457374557490e-03,2.992677135679e-02,3.399108009759e-02,2.961928442919e-02,2.776788875474e-02
546.40000000,1.870705686791e+13,3.810255475936e-03,4.327720234462e-03,2.699349059610e-02,3.065943499306e-02,1.652407904173e-02,1.549121788213e-02
546.60000000,1.506420040126e+13,-6.326924074678e-03,-7.186173607731e-03,-6.587318395063e-03,-7.481931964041e-03,-1.262178843620e-03,-1.183284552401e-03
546.80000000,1.945604558996e+13,-1.131506307296e-02,-1.285174385926e-02,-1.070088804402e-02,-1.215415917351e-02,-2.242396295902e-02,-2.102232112917e-02
547.00000000,2.340013596171e+12,-5.310942273282e-03,-6.032212927793e-03,-1.164172736639e-02,-1.322277243567e-02,-2.893441418254e-02,-2.712582730097e-02
547.20000000,1.989855148372e+13,-4.259038944971e-03,-4.837452275292e-03,-1.711542590055e-02,-1.943984554010e-02,-2.736944211685e-02,-2.565867604928e-02
547.40000000,-4.049300130650e+12,-6.925600060452e-03,-7.866154830482e-03,-1.239118642525e-02,-1.407401437541e-02,-2.368207638528e-02,-2.220179437893e-02
547.60000000,2.504655821683e+11,-3.267534396066e-02,-3.711293064721e-02,-3.658390323081e-02,-4.155230680168e-02,-4.137398774495e-02,-3.878784755211e-02
547.80000000,2.030447285891e+13,-3.446548132248e-03,-3.914618372751e-03,-2.182399041143e-02,-2.478787294761e-02,-2.947370018938e-03,-2.763140446576e-03
548.00000000,3.461453382621e+12,1.049990595372e-02,1.192588154333e-02,-1.124451404977e-02,-1.277161419010e-02,-9.609183985128e-03,-9.008548216646e-03
548.20000000,2.230487498489e+13,1.072959024414e-02,1.218675889329e-02,-5.307855389500e-03,-6.028707057636e-03,-9.342499228571e-03,-8.758532971667e-03
548.40000000,1.165896563265e+13,9.784756903189e-03,1.111360923346e-02,-5.709356151611e-03,-6.484735020072e-03,2.081379917452e-03,1.951280293160e-03
548.60000000,1.436921353536e+13,1.719141958598e-02,1.952615903875e-02,-1.487523146225e-02,-1.689541374429e-02,-7.929087139014e-03,-7.433468223353e-03
548.80000000,5.533885101999e+12,-2.295030506512e-03,-2.606714962937e-03,-2.253991201884e-02,-2.560102276623e-02,-1.797060944087e-02,-1.684733083279e-02
549.00000000,7.931515759502e+12,-3.668892614898e-02,-4.167159107267e-02,-4.530896100938e-02,-5.146230124350e-02,-4.167977535416e-02,-3.907452147009e-02
549.20000000,1.609186567767e+13,-1.285368337033e-02,-1.459932174114e-02,-5.326181583951e-02,-6.049522104339e-02,-4.197837293945e-02,-3.935445478687e-02
549.40000000,1.878317074724e+13,4.633898472273e-03,5.263220881001e-03,6.045777502965e-03,6.866845237180e-03,-1.681096006675e-02,-1.576016699897e-02
549.60000000,2.567252149732e+13,5.786150735201e-03,6.571958697920e-03,6.926872935193e-04,7.867600883472e-04,4.172595447153e-03,3.911781409579e-03
549.80000000,1.654469355050e+13,6.300673781951e-03,7.156358304345e-03,7.685781473931e-03,8.729575622388e-03,7.104775700082e-03,6.660681548164e-03
550.00000000,-1.284179112680e+12,2.361437444726e-02,2.682140522204e-02,1.287811930826e-02,1.462707686354e-02,2.861054780376e-02,2.682220465273e-02
550.20000000,1.242394498406e+13,3.591300341026e-02,4.079029149632e-02,3.151866965553e-02,3.579917165330e-02,3.441716576912e-02,3.226587166937e-02
550.40000000,3.345386555087e+12,2.152877102190e-02,2.445255930028e-02,2.382171472568e-02,2.705690512515e-02,2.340983760926e-02,2.194657227641e-02
550.60000000,8.707163869313e+12,2.429177824905e-03,2.759080616075e-03,2.742139668295e-02,3.114545434673e-02,-3.851842142553e-03,-3.611077248370e-03
550.80000000,-4.847659401227e+12,-5.849263694964e-03,-6.643642928740e-03,-2.060045413616e-02,-2.339817009462e-02,-5.388246925234e-03,-5.051446855871e-03
551.00000000,3.125138861737e+12,-5.500850092165e-02,-6.247911826635e-02,-2.732477468614e-02,-3.103571026530e-02,-2.261165417534e-02,-2.119828043796e-02
551.20000000,8.397479785956e+12,-1.474506540832e-02,-1.674756937667e-02,-3.729220923103e-02,-4.235680674924e-02,2.629920100940e-02,2.465533189074e-02
551.40000000,2.391496156403e+13,9.878688546078e-03,1.122029758393e-02,2.400488886072e-04,2.726495585749e-04,3.117091569502e-02,2.922253309232e-02
551.60000000,2.793181766336e+13,1.863647409223e-02,2.116746410768e-02,2.893418495022e-02,3.286369205940e-02,4.712761141955e-02,4.418183276181e-02
551.80000000,2.604686902659e+13,6.167451741779e-03,7.005043589998e-03,4.057465445210e-02,4.608503580192e-02,4.298957035530e-02,4.030244586408e-02
552.00000000,1.480197496366e+13,7.673319996577e-04,8.715421426314e-04,2.518171228637e-02,2.860160186062e-02,2.876419859409e-02,2.696625128097e-02
552.20000000,2.945434940454e+13,-6.427253345527e-02,-7.300128437874e-02,-2.328318694838e-02,-2.644524071956e-02,-4.328074401442e-02,-4.057541929780e-02
552.40000000,1.349404607463e+13,-9.159543488266e-02,-1.040348657536e-01,-5.631673127013e-02,-6.396501983510e-02,-4.814787722768e-02,-4.513832539849e-02
552.60000000,2.100650507707e+13,-2.754871366683e-02,-3.129006081673e-02,-1.117143711698e-02,-1.268861279158e-02,-1.583133324352e-02,-1.484177314939e-02
552.80000000,2.758433212325e+13,-4.506605414787e-03,-5.118640355084e-03,-3.285167669165e-03,-3.731321232260e-03,8.594931821360e-03,8.057693332894e-03
553.00000000,1.073883991104e+13,-9.064496969402e-03,-1.029553193938e-02,-3.837108083339e-04,-4.358219824277e-04,2.935273287071e-02,2.751799838211e-02
553.20000000,3.311595602503e+13,8.824857885144e-03,1.002334785082e-02,8.838823104862e-03,1.003921006192e-02,1.659463264272e-02,1.555736142953e-02
553.40000000,1.894689415923e+13,-4.290812391849e-03,-4.873540823642e-03,2.975390700180e-02,3.379473930070e-02,8.480042578835e-03,7.949985406554e-03
553.60000000,2.810206225943e+13,-2.777399718284e-02,-3.154593973007e-02,-4.895681313273e-03,-5.560556254725e-03,-1.002812277460e-02,-9.401300638771e-03
553.80000000,1.775527512854e+13,-1.611357344883e-03,-1.830193232563e-03,2.737116302913e-02,3.108839853773e-02,1.152192006571e-02,1.080172599682e-02
554.00000000,1.605389871802e+13,2.694441983293e-02,3.060369879480e-02,1.480964469925e-02,1.682091974398e-02,2.357601973745e-02,2.210236695334e-02
554.20000000,1.351621513970e+13,1.089431487184e-02,1.237385451165e-02,6.983746455294e-03,7.932198308768e-03,2.329348276445e-02,2.183749035734e-02
554.40000000,1.184598282014e+13,-1.331415812806e-02,-1.512233284606e-02,-3.174336804065e-02,-3.605438598014e-02,-2.231831889480e-02,-2.092328049806e-02
554.60000000,1.525344219113e+13,-1.994394653340e-03,-2.265250230928e-03,-2.466099859839e-02,-2.801017084839e-02,-1.204938746804e-02,-1.129622329585e-02
554.80000000,1.898975027484e+13,-2.056404308026e-02,-2.335681318558e-02,-2.555385315069e-02,-2.902428260275e-02,-2.863062452234e-02,-2.684102644734e-02
555.00000000,2.496087821439e+13,-1.275162383885e-02,-1.448340166641e-02,-1.349703517707e-03,-1.533004674357e-03,-2.595736269394e-02,-2.433486066739e-02
555.20000000,1.946520497748e+13,-1.928011999022e-02,-2.189852253517e-02,-7.462993563247e-03,-8.476531228571e-03,-2.306361342770e-02,-2.162198933178e-02
555.40000000,-2.399229194317e+12,4.003357250868e-02,4.547046855461e-02,3.031799678793e-02,3.443543725218e-02,2.133126483060e-02,1.999792365782e-02
555.60000000,1.522238924783e+13,4.285715865710e-02,4.867752146365e-02,1.708851790541e-02,1.940928321157e-02,3.805311735946e-02,3.567455291281e-02
555.80000000,2.188614648766e+13,7.475572092969e-03,8.490817693260e-03,-4.322166695657e-03,-4.909153499911e-03,-1.265827921739e-02,-1.186705539680e-02
556.00000000,1.827297999424e+13,-1.443623418353e-02,-1.639679627260e-02,-1.712931143586e-02,-1.945561684859e-02,-2.591106040918e-02,-2.429145257306e-02
556.20000000,1.126450132948e+13,1.207294712489e-02,1.371255494335e-02,-3.353259566556e-03,-3.808660585397e-03,-4.420513117231e-03,-4.144202631620e-03
556.40000000,2.153537399312e+13,1.794982575729e-02,2.038756315042e-02,2.258900123223e-02,2.565677871012e-02,-2.212794239782e-03,-2.074480375591e-03
556.60000000,2.061599488839e+13,3.345024893604e-02,3.799307423939e-02,2.176681505892e-02,2.472293269849e-02,-5.926269196243e-03,-5.555839276447e-03
556.80000000,3.655470520843e+12,2.191622024924e-02,2.489262739325e-02,2.440684502184e-02,2.772150106593e-02,-1.844342960203e-02,-1.729059669451e-02
557.00000000,-3.013508320469e+12,6.148491468629e-03,6.983508352196e-03,6.184067752616e-03,7.023916472715e-03,-4.194586212474e-02,-3.932397610706e-02
557.20000000,1.552750734559e+13,1.433039962968e-02,1.627658849569e-02,-1.488425822758e-02,-1.690566642072e-02,-7.435848787924e-02,-6.971060439823e-02
557.40000000,1.390521676293e+13,-2.497316320798e-02,-2.836472893124e-02,-7.450733077057e-02,-8.462605664629e-02,-4.940113773228e-02,-4.631324906540e-02
557.60000000,7.000965313802e+12,2.621463401246e-02,2.977480191846e-02,-1.795071041038e-02,-2.038856875316e-02,-2.921290386802e-02,-2.738690959094e-02
557.80000000,2.673120679557e+13,4.145817721116e-02,4.708854656434e-02,3.359283406585e-02,3.815502513866e-02,1.647532459971e-02,1.544551090614e-02
558.00000000,9.657074779119e+12,4.257453456232e-02,4.835651463839e-02,6.416317278674e-02,7.287707449321e-02,1.477970059312e-02,1.385587429971e-02
558.20000000,2.478008580255e+13,2.474523805539e-02,2.810584962484e-02,4.853291120183e-02,5.512409114779e-02,-1.919671421601e-03,-1.799679617788e-03
558.40000000,1.626667966916e+13,-2.787590795295e-02,-3.166169084039e-02,-4.272555927639e-03,-4.852805169872e-03,-3.262212683144e-02,-3.058303420409e-02
558.60000000,3.088948591898e+13,-9.241223385870e-02,-1.049625929043e-01,-6.343444736402e-02,-7.204938199282e-02,-1.153625560100e-01,-1.081516546899e-01
558.80000000,1.421742388296e+13,-1.195709252414e-01,-1.358096631285e-01,-8.652141633177e-02,-9.827175666991e-02,-1.848589140516e-01,-1.733040436200e-01
559.00000000,-9.426688085663e+12,-2.799535015987e-02,-3.179735430415e-02,2.910179696562e-03,3.305406720455e-03,-7.793983170673e-02,-7.306809121504e-02
559.20000000,-4.644967216152e+12,5.187011236481e-03,5.891451013264e-03,1.181143930699e-02,1.341553269362e-02,-2.020522310057e-02,-1.894226677430e-02
559.40000000,-1.477029085419e+13,-5.763713913537e-03,-6.546474767058e-03,4.006657934978e-02,4.550795980222e-02,-1.387347568966e-02,-1.300629427808e-02
559.60000000,2.430955261236e+13,-1.375530590820e-02,-1.562339220719e-02,9.665884380258e-03,1.097859325573e-02,-2.329099180166e-02,-2.183515509574e-02
559.80000000,9.429647486800e+12,-1.331217990248e-02,-1.512008596080e-02,-1.340231633853e-02,-1.522246428541e-02,-4.088469982690e-02,-3.832914327417e-02
560.00000000,1.983199685223e+13,-1.567581091182e-02,-1.780471795215e-02,-2.540200092911e-02,-2.885180756475e-02,-2.678102072396e-02,-2.510703477592e-02
560.20000000,8.355010571640e+12,8.825416014780e-03,1.002398177915e-02,-1.154860429404e-02,-1.311700246225e-02,-1.535945851023e-02,-1.439939362022e-02
560.40000000,6.116565287404e+12,7.310680583435e-03,8.303532529101e-03,1.458178035323e-02,1.656210949196e-02,2.600771008809e-03,2.438206102576e-03
560.60000000,1.988431270888e+13,7.515709027028e-04,8.536405560738e-04,1.692955688375e-02,1.922873393831e-02,2.142005133948e-02,2.008116043916e-02
560.80000000,5.078416681212e+12,-1.515774990558e-02,-1.721629990156e-02,2.229362940049e-02,2.532129288468e-02,3.264265037845e-02,3.060227489749e-02
561.00000000,5.449896383939e+12,-1.687345735904e-02,-1.916501486560e-02,-2.060833959048e-02,-2.340712646036e-02,-2.841713737593e-02,-2.664088361991e-02
561.20000000,1.481719060833e+12,2.085033213263e-02,2.368198270051e-02,-1.551910815028e-02,-1.762673433396e-02,-1.397893432828e-02,-1.310516107388e-02
561.40000000,8.976652922211e+12,2.246444550322e-02,2.551530625026e-02,-1.055314867651e-02,-1.198635554997e-02,-2.247963320115e-02,-2.107451162331e-02
561.60000000,8.363049147311e+12,1.292627481280e-02,1.468177171238e-02,-1.494375731877e-02,-1.697324599187e-02,-1.973628373010e-02,-1.850263912890e-02
561.80000000,1.076430775545e+13,2.336909180488e-03,2.654281113266e-03,-1.405173954904e-03,-1.596008466224e-03,6.955995369168e-03,6.521200944316e-03
562.00000000,2.987055245115e+13,-6.680890304674e-03,-7.588211430534e-03,-1.909562038167e-02,-2.168896718487e-02,2.234782908680e-02,2.095094611337e-02
562.20000000,1.359811039377e+13,-4.184610325606e-02,-4.752915623069e-02,-4.392678107458e-02,-4.989240957985e-02,-3.870393299322e-02,-3.628468838591e-02
562.40000000,4.953616881471e+13,-1.050924159474e-02,-1.193648504297e-02,-7.535646344672e-03,-8.559050872381e-03,-3.008466879918e-02,-2.820418361005e-02
562.60000000,1.433526710931e+13,8.850707673798e-03,1.005270825831e-02,-5.483437882306e-03,-6.228135138451e-03,-3.069147482976e-02,-2.877306036307e-02
562.80000000,-5.796313580818e+12,8.865115338336e-03,1.006907260494e-02,1.583928374396e-03,1.799039248206e-03,-1.884320081564e-02,-1.766537963747e-02
563.00000000,1.237812789939e+12,2.276189454134e-03,2.585315137092e-03,3.703201702700e-03,4.206127824259e-03,-3.475833159408e-02,-3.258571243719e-02
563.20000000,2.193738441919e+13,-3.720403043379e-03,-4.225665085417e-03,1.172447397483e-02,1.331675673360e-02,-1.036099390845e-02,-9.713365186999e-03
563.40000000,1.888432709301e+13,-2.039373623600e-02,-2.316337723866e-02,-2.595756351005e-03,-2.948282024443e-03,-3.849674192337e-02,-3.609044808978e-02
563.60000000,3.831273189938e+13,-3.390187963999e-02,-3.850604019359e-02,-1.813770173545e-02,-2.060095508218e-02,-5.516594921583e-02,-5.171772277408e-02
563.80000000,2.909150075060e+11,-2.616728548947e-02,-2.972102306760e-02,1.119759559832e-02,1.271832381600e-02,-4.496231743258e-02,-4.215188356789e-02
564.00000000,1.626990127988e+13,-3.954451765830e-02,-4.491499593995e-02,-1.418595222618e-02,-1.611252455643e-02,-5.298043472442e-02,-4.966881698722e-02
564.20000000,2.592783355480e+13,-2.374679819498e-02,-2.697181322910e-02,9.222125419976e-03,1.047456807429e-02,-5.188566629600e-02,-4.864247862292e-02
564.40000000,-7.021911433771e+12,-2.842999327920e-02,-3.229102561680e-02,5.546432207156e-03,6.299684625570e-03,-3.106398259451e-02,-2.912228399798e-02
564.60000000,-7.719128208197e+12,3.197290121583e-03,3.631509026628e-03,1.626968711818e-02,1.847924827586e-02,-4.277389919377e-04,-4.010025553649e-04
564.80000000,2.914413647114e+13,1.605897330077e-02,1.823991701800e-02,2.067285000771e-02,2.348039793802e-02,1.177974534741e-02,1.104343554106e-02
565.00000000,1.129508869689e+13,2.847308953840e-02,3.233997471067e-02,1.518210328966e-02,1.724396136210e-02,-2.295993974630e-02,-2.152479592190e-02
565.20000000,1.629732473655e+13,-1.837941280320e-03,-2.087549173231e-03,4.727295477786e-03,5.369302198179e-03,-2.499285018276e-02,-2.343063638820e-02
565.40000000,2.855930996659e+13,-2.315036747843e-02,-2.629438220202e-02,2.942005140241e-02,3.341554328638e-02,-1.583361169960e-02,-1.484390918732e-02
565.60000000,3.827366088133e+13,-4.226072873752e-02,-4.800009134178e-02,-3.265779317774e-03,-3.709299778719e-03,-2.484668299945e-02,-2.329360559343e-02
565.80000000,-4.954168924401e+12,-4.693627314774e-02,-5.331061402957e-02,-9.885249203340e-03,-1.122774967769e-02,-2.776924985438e-02,-2.603349323319e-02
566.00000000,2.836415491379e+13,-4.256116174803e-02,-4.834132568339e-02,1.207534721586e-03,1.371528152928e-03,-1.690370225571e-02,-1.584711220496e-02
566.20000000,2.949016680334e+13,-4.709081018306e-02,-5.348613849478e-02,-6.339157985763e-03,-7.200069271637e-03,-2.415164931645e-03,-2.264201598341e-03
566.40000000,1.249472887348e+13,-2.233872685189e-02,-2.537251394810e-02,-2.263971353269e-03,-2.571437817002e-03,-1.539564959362e-02,-1.443332252826e-02
566.60000000,2.240283068782e+13,-2.301888816426e-02,-2.614504689053e-02,8.377333621868e-03,9.515046402778e-03,-3.020348669606e-04,-2.831557462456e-04
566.80000000,1.763917666519e+13,-8.476627605764e-03,-9.627824968992e-03,-1.179234484660e-03,-1.339384504397e-03,-1.042334076892e-03,-9.771814967917e-04
567.00000000,1.426135679081e+13,-2.755041956427e-02,-3.129199838940e-02,-1.489620215997e-02,-1.691923244018e-02,-2.595250195290e-02,-2.433030375390e-02
567.20000000,3.020192248703e+13,-9.191921193813e-03,-1.044026144579e-02,-4.374109947414e-03,-4.968151084714e-03,3.324915094928e-03,3.117086528396e-03
567.40000000,2.214831127721e+13,-3.449733337767e-04,-3.918236155979e-04,1.645457066648e-02,1.868924057419e-02,2.239166686453e-02,2.099204374819e-02
567.60000000,2.763949728487e+13,5.557121127718e-04,6.311824942365e-04,2.565989072709e-02,2.914472097914e-02,2.340297755324e-02,2.194014101799e-02
567.80000000,8.344692995281e+12,-2.747613752719e-02,-3.120762822657e-02,1.318475169281e-02,1.497535252012e-02,-1.998533861384e-03,-1.873612648144e-03
568.00000000,1.885339945306e+13,-1.227959303970e-02,-1.394726511240e-02,-1.832815599148e-03,-2.081727463748e-03,-2.472992650558e-02,-2.318414713096e-02
568.20000000,4.449169468829e+13,-2.296718348562e-02,-2.608632028143e-02,-9.420640714563e-03,-1.070004342539e-02,-2.960610481930e-02,-2.775553295519e-02
568.40000000,1.319159381296e+13,3.169146280856e-02,3.599543015487e-02,4.146061416072e-02,4.709131633448e-02,1.699336468880e-02,1.593117015961e-02
568.60000000,1.475184818270e+13,3.947566508689e-02,4.483679260992e-02,2.821839041684e-02,3.205068657252e-02,3.397676442917e-02,3.185299824414e-02
568.80000000,1.950993701084e+13,3.581925512576e-02,4.068381140585e-02,3.781111117291e-02,4.294617996491e-02,3.176557946905e-02,2.978002655788e-02
569.00000000,2.400053012414e+13,1.556519113476e-02,1.767907507845e-02,1.308915967526e-02,1.486677829786e-02,1.057873241227e-02,9.917493634677e-03
569.20000000,8.458742084292e+12,-5.661725505845e-03,-6.430635475326e-03,5.986789622157e-06,6.799846303570e-06,-8.176231698265e-03,-7.665164658965e-03
569.40000000,1.472804291051e+13,-3.287118604398e-04,-3.733536973348e-04,7.628947395086e-04,8.665022994804e-04,-3.838155095694e-02,-3.598245729922e-02
569.60000000,-3.031217726028e+12,-1.404029969757e-02,-1.594709055149e-02,-1.010694323780e-02,-1.147955163764e-02,-2.875631320117e-02,-2.695885877580e-02
569.80000000,1.321905127404e+13,1.327356771106e-02,1.507622990885e-02,-1.391518914243e-03,-1.580498955515e-03,-3.694120742175e-02,-3.463214449375e-02
570.00000000,2.237356167662e+13,-6.005979853701e-03,-6.821642460666e-03,2.285293502627e-02,2.595655694636e-02,-6.505559453632e-02,-6.098920168977e-02
570.20000000,2.165307774845e+13,-3.760155077668e-02,-4.270815780493e-02,-2.097020028508e-02,-2.381813089875e-02,-4.906913315295e-02,-4.600199690645e-02
570.40000000,2.876690935402e+13,-2.592830593233e-02,-2.944958807548e-02,-2.129386673529e-02,-2.418575399122e-02,-4.205375578618e-02,-3.942512572110e-02
570.60000000,1.223445912942e+13,2.204481566467e-02,2.503868714828e-02,2.009963003686e-02,2.282932984550e-02,-2.037533652953e-02,-1.910174702043e-02
570.80000000,1.634497244915e+13,9.608174762704e-03,1.091304575229e-02,-5.560378811078e-03,-6.315525296297e-03,3.848647915714e-03,3.608082681242e-03
571.00000000,1.712282697379e+13,2.000588891777e-04,2.272285699077e-04,9.913925218657e-03,1.126032013849e-02,-1.587141197692e-02,-1.487934670433e-02
571.20000000,1.109404888104e+13,-1.056186157365e-02,-1.199625125784e-02,1.089578011123e-02,1.237551923230e-02,-1.940046891819e-02,-1.818781490141e-02
571.40000000,-1.043293335801e+13,-5.973923912064e-02,-6.785233052390e-02,-5.492359223749e-02,-6.238268073540e-02,-1.355261186405e-01,-1.270548650413e-01
571.60000000,1.625140030882e+13,-9.511038446953e-02,-1.080271750742e-01,-7.954764937094e-02,-9.035089315538e-02,-1.567545070084e-01,-1.469563426767e-01
571.80000000,2.182814544104e+13,-1.752663338712e-02,-1.990689769504e-02,6.047294589039e-04,6.868568356381e-04,-6.089037108667e-02,-5.708433148046e-02
572.00000000,1.901548162489e+13,3.021995948922e-02,3.432408430146e-02,3.445080005636e-02,3.912951016937e-02,2.145602864507e-02,2.011488893189e-02
572.20000000,1.222731697700e+13,1.284392071687e-02,1.458823323719e-02,1.722604745492e-02,1.956549043746e-02,1.284405237285e-02,1.204121653587e-02
572.40000000,2.987375306839e+13,4.609019097299e-03,5.234962677536e-03,3.150686414925e-02,3.578576285938e-02,1.488458477997e-02,1.395420255067e-02
572.60000000,2.282514527658e+13,5.553524125332e-03,6.307739436781e-03,3.114912706111e-02,3.537944204810e-02,1.360996365074e-02,1.275925343549e-02
572.80000000,6.941790131222e+12,1.285545940380e-02,1.460133897490e-02,2.536794024044e-02,2.881312114640e-02,2.035014497836e-02,1.907813010314e-02
573.00000000,2.196019723753e+13,-3.861588455429e-02,-4.386024664559e-02,-1.959360024841e-02,-2.225457693059e-02,-1.137476155864e-02,-1.066376584239e-02
573.20000000,4.657802454458e+13,-3.898337861332e-02,-4.427764949044e-02,-4.022382926823e-02,-4.568656558998e-02,-2.992388932450e-02,-2.805345388605e-02
573.40000000,1.628680792747e+13,-7.135336148369e-03,-8.104374844155e-03,8.001720488635e-04,9.088421828243e-04,-2.985364208034e-03,-2.798759754621e-03
573.60000000,2.749600866750e+13,-6.685408149501e-03,-7.593342836708e-03,2.100374326185e-02,2.385622929554e-02,5.824025546456e-03,5.459986512012e-03
573.80000000,1.074039008013e+13,-4.485343306078e-03,-5.094490673083e-03,1.828888375078e-02,2.077266889425e-02,1.503081363559e-02,1.409129116283e-02
574.00000000,-1.148144557403e+13,-2.227932953311e-03,-2.530504997357e-03,1.850233900258e-02,2.101511317514e-02,4.387909474874e-02,4.113636926492e-02
574.20000000,-1.290366340149e+13,-1.956883606692e-03,-2.222644868475e-03,1.379869271223e-02,1.567267192413e-02,3.301068833752e-02,3.094730811830e-02
574.40000000,1.940960737927e+13,1.004600735011e-02,1.141033968961e-02,-6.362996223497e-05,-7.227144943689e-05,2.438952621516e-02,2.286502404684e-02
574.60000000,2.679576890020e+13,2.802334786152e-02,3.182915432930e-02,2.346343635020e-02,2.664996951512e-02,2.474432240476e-02,2.319764319390e-02
574.80000000,-1.007989007376e+12,4.831156643757e-02,5.487268372183e-02,3.559251248727e-02,4.042627680767e-02,5.348286270728e-02,5.013983999147e-02
575.00000000,2.255789770769e+13,-9.147056410627e-03,-1.038930364749e-02,1.017883876077e-02,1.156121118088e-02,9.286001764303e-03,8.705566962092e-03
575.20000000,1.461900853824e+13,-2.103364437925e-02,-2.389019029287e-02,7.028856354595e-03,7.983434514038e-03,1.710046227336e-02,1.603157345670e-02
575.40000000,2.828192259886e+13,-4.333835159023e-03,-4.922406444653e-03,6.239164312198e-03,7.086495611224e-03,2.814105892174e-02,2.638206184379e-02
575.60000000,4.065732902029e+13,4.248129825994e-03,4.825061606154e-03,-7.984452464981e-03,-9.068808660878e-03,1.400481648509e-02,1.312942542951e-02
575.80000000,2.412366934622e+13,-1.550150593552e-03,-1.760674089322e-03,-4.574846519744e-03,-5.196149381865e-03,-1.110567940364e-02,-1.041150305178e-02
576.00000000,1.116859819476e+13,2.707591329874e-03,3.075305017985e-03,8.428246493020e-04,9.572873672577e-04,-3.592426917043e-03,-3.367877142018e-03
576.20000000,-5.745247504564e+12,4.397755133742e-03,4.995007289853e-03,4.156850519269e-03,4.721385988140e-03,2.110811481551e-02,1.978872195312e-02
576.40000000,1.039422324499e+13,3.754761698249e-02,4.264689934761e-02,9.875037877924e-03,1.121615156789e-02,4.577674003376e-02,4.291539952125e-02
576.60000000,1.184575356107e+13,-2.321965334604e-02,-2.637307767352e-02,-5.369036612794e-02,-6.098197208667e-02,-6.455384183936e-02,-6.051881176172e-02
576.80000000,-6.487142872127e+12,-4.400822145859e-02,-4.998490828025e-02,-5.479307621711e-02,-6.223443953525e-02,-9.996548686591e-02,-9.371700134225e-02
577.00000000,2.034064580909e+13,-3.910161722391e-04,-4.441194589934e-04,-1.695506243637e-02,-1.925770336076e-02,-2.494429541775e-02,-2.338511660812e-02
577.20000000,6.703502215578e+12,1.525386171984e-02,1.732546450902e-02,3.083724329026e-03,3.502520182253e-03,8.689339472200e-03,8.146199898689e-03
577.40000000,-1.210158610275e+11,1.178385081915e-02,1.338419692642e-02,1.953212643001e-04,2.218475444761e-04,1.428638481174e-02,1.339339392579e-02
577.60000000,7.085325631319e+12,1.125203836829e-02,1.278015986932e-02,2.225206287598e-02,2.527408127447e-02,1.718212729939e-02,1.610813389364e-02
577.80000000,1.439318576994e+13,-4.188805499365e-02,-4.757680536729e-02,-7.185252169477e-02,-8.161070203742e-02,-7.503759687662e-02,-7.034726471786e-02
578.00000000,4.431230093295e+12,-8.202702715739e-02,-9.316698773710e-02,-1.295412162985e-01,-1.471340094341e-01,-1.481731374302e-01,-1.389113638596e-01
578.20000000,1.013882982595e+13,-3.520480727025e-02,-3.998591636072e-02,-5.357464819372e-02,-6.085053867797e-02,-1.213876162692e-01,-1.138001099528e-01
578.40000000,2.545164285559e+13,-8.422285361922e-03,-9.566102591124e-03,-1.810940054745e-02,-2.056881035341e-02,-5.727333187594e-02,-5.369338047132e-02
578.60000000,3.205676826057e+13,7.583319363537e-03,8.613197949910e-03,3.668994857557e-03,4.167275400144e-03,-2.664089479854e-02,-2.497566762159e-02
578.80000000,-2.845027618821e+12,1.966165507459e-02,2.233187329477e-02,3.706534458007e-02,4.209913195933e-02,1.550310386167e-03,1.453406021382e-03
579.00000000,3.477813743769e+13,3.159217174548e-02,3.588265452986e-02,7.309477928333e-03,8.302166871643e-03,-8.559228082031e-03,-8.024221306782e-03
579.20000000,1.133949546918e+13,2.809923656578e-02,3.191534935824e-02,2.970464882471e-02,3.373879144643e-02,-2.129720585783e-02,-1.996599358978e-02
579.40000000,-3.583200672617e+12,1.298197265555e-02,1.474503379091e-02,-2.217834798807e-03,-2.519035528113e-03,-3.569813148519e-02,-3.346676879392e-02
579.60000000,1.312031741873e+13,-5.729581486643e-02,-6.507706869353e-02,-8.661620808111e-03,-9.837942194077e-03,-6.438480020841e-02,-6.036033631933e-02
579.80000000,1.767530795608e+13,-5.999930427808e-02,-6.814771471828e-02,-3.048880488830e-02,-3.462944253767e-02,-5.790877257155e-02,-5.428910203874e-02
580.00000000,2.593486066022e+13,-4.838152691101e-02,-5.495214541630e-02,-3.868961389993e-02,-4.394399079468e-02,-5.501374331156e-02,-5.157503071722e-02
580.20000000,2.017825266374e+13,-1.474504169384e-02,-1.674754244155e-02,-5.657173169348e-03,-6.425465147333e-03,-2.903291242196e-02,-2.721816876727e-02
580.40000000,7.725366826598e+11,-1.064964719129e-02,-1.209595890110e-02,-2.830718393444e-03,-3.215153900103e-03,-4.694342089422e-02,-4.400915532832e-02
580.60000000,2.484109454428e+13,3.147255886059e-02,3.574679720861e-02,1.056573966495e-02,1.200065650116e-02,-1.584130769173e-02,-1.485112413047e-02
580.80000000,3.144553750965e+13,4.105342237776e-02,4.662882261838e-02,2.874743824802e-02,3.265158357509e-02,1.235365496735e-02,1.158147212057e-02
581.00000000,9.918984335666e+12,6.409411305929e-03,7.279863299151e-03,2.731124595922e-02,3.102034422281e-02,3.298390701890e-02,3.092220080425e-02
581.20000000,1.596648967436e+13,6.339349019122e-03,7.200285964193e-03,3.681137183106e-02,4.181066756231e-02,3.363001160235e-03,3.152791969797e-03
581.40000000,-2.366024819691e+12,-2.873823219438e-02,-3.264112597062e-02,-8.743692179079e-03,-9.931159551575e-03,-2.004617588075e-02,-1.879316102810e-02
581.60000000,3.023656781091e+13,-3.515240258175e-02,-3.992639467452e-02,-2.615132684305e-02,-2.970289827736e-02,-5.463036811244e-02,-5.121561893244e-02
581.80000000,3.425853931618e+13,1.446524473905e-02,1.642974670570e-02,1.045487159479e-02,1.187473160909e-02,-5.229934392060e-03,-4.903029873679e-03
582.00000000,1.787707710503e+13,2.985085266550e-02,3.390484966488e-02,2.082643079135e-02,2.365483629143e-02,1.567458815660e-02,1.469482563799e-02
582.20000000,1.192262636309e+13,4.351407571366e-02,4.942365338472e-02,1.691947960396e-02,1.921728807867e-02,4.667334838899e-02,4.375596409074e-02
582.40000000,1.903031331197e+13,4.012136134994e-02,4.557017985930e-02,2.886705164978e-02,3.278744148879e-02,3.836792627762e-02,3.596968424994e-02
582.60000000,1.626708652101e+13,3.322112734528e-02,3.773283600845e-02,4.586414407582e-02,5.209288286740e-02,4.099289768684e-02,3.843057807235e-02
582.80000000,7.332735769506e+12,1.046419629123e-01,1.188532220817e-01,7.495795428876e-02,8.513787865067e-02,8.964021824926e-02,8.403712838666e-02
583.00000000,2.393583295110e+13,6.669519882006e-02,7.575296808782e-02,8.945539022908e-02,1.016041890449e-01,1.010074899784e-01,9.469387256200e-02
583.20000000,1.172735699532e+12,5.034622604610e-02,5.718366722771e-02,3.783246641599e-02,4.297043543067e-02,4.202152960534e-02,3.939491388373e-02
583.40000000,2.311359427379e+13,1.152175815064e-02,1.308650986791e-02,3.434731384227e-02,3.901196965188e-02,2.947685004551e-02,2.763435743564e-02
583.60000000,7.389148825068e+12,6.940573378150e-03,7.883161650731e-03,1.588396370394e-02,1.804114035861e-02,5.326872285604e-03,4.993908525745e-03
583.80000000,2.789067087927e+13,3.659150800290e-03,4.156094272254e-03,-2.214938994856e-03,-2.515746449486e-03,8.437045075475e-03,7.909675523549e-03
584.00000000,5.602130032103e+11,2.166461119704e-02,2.460684771436e-02,-2.778146887152e-03,-3.155442738484e-03,1.544185392008e-02,1.447663878730e-02
584.20000000,1.039682157602e+13,-5.398026351025e-02,-6.131123756143e-02,4.685363884626e-02,5.321675939912e-02,9.754758757949e-02,9.145023630388e-02
584.40000000,1.641288579741e+13,-7.567012476493e-03,-8.594676450375e-03,1.682700794977e-02,1.911225799149e-02,-2.110851483730e-03,-1.978909697097e-03
584.60000000,2.488080331339e+13,2.777862751533e-02,3.155119890068e-02,7.410401144448e-02,8.416796314350e-02,5.798864421330e-02,5.436398118946e-02
584.80000000,1.880445213596e+13,3.484461391100e-02,3.957680571211e-02,4.670335731744e-02,5.304606836726e-02,2.292984084701e-02,2.149657839729e-02
585.00000000,1.326808075522e+13,7.075264397751e-04,8.036144844279e-04,9.846667340039e-03,1.118392807093e-02,-4.324799801456e-05,-4.054472013311e-05
585.20000000,3.209403343092e+13,1.688542719943e-02,1.917861031105e-02,2.045834002250e-02,2.323675568200e-02,3.871932236793e-02,3.629911582578e-02
585.40000000,2.174893131455e+13,-9.606173033832e-03,-1.091077217179e-02,8.540611136651e-04,9.700498385456e-04,2.858378791657e-02,2.679711743051e-02
585.60000000,4.241570898867e+13,-1.825342035920e-02,-2.073238845415e-02,-1.293087391697e-02,-1.468699599443e-02,1.816124353669e-02,1.702604907219e-02
585.80000000,1.791218814734e+13,-2.917682220353e-02,-3.313928019393e-02,-1.721083816142e-02,-1.954821559322e-02,-2.607517658223e-03,-2.444531043033e-03
586.00000000,1.271755820358e+13,-4.915458696340e-03,-5.583019352943e-03,-1.446510699099e-02,-1.642959090004e-02,3.173617337976e-04,2.975245853823e-04
586.20000000,3.475303310346e+13,6.663329958855e-03,7.568266241976e-03,1.756834941016e-03,1.995427989421e-03,-1.405742185052e-03,-1.317874262145e-03
586.40000000,5.557395367348e+12,1.102312620042e-02,1.252015950266e-02,4.527704013551e-03,5.142604524491e-03,5.515634904703e-03,5.170872267753e-03
586.60000000,8.544687338609e+12,-3.278719103439e-03,-3.723996749479e-03,5.678409841147e-03,6.449585938832e-03,-9.646441138860e-03,-9.043476558775e-03
586.80000000,2.157351581673e+12,1.374121791926e-03,1.560739095079e-03,9.579078440398e-03,1.087999833483e-02,-5.295976837236e-03,-4.964944241501e-03
587.00000000,4.451875781922e+12,-1.329455484158e-02,-1.510006726830e-02,-1.591588717379e-03,-1.807739930574e-03,-3.609740810411e-02,-3.384108805755e-02
587.20000000,3.057484621836e+13,-2.121843479705e-02,-2.410007680449e-02,-1.170759563926e-02,-1.329758617727e-02,-4.974219172140e-02,-4.663298498785e-02
587.40000000,3.175659153435e+13,-2.103331586384e-03,-2.388981716229e-03,-1.114214230144e-02,-1.265533949224e-02,-1.893017364874e-02,-1.774691610943e-02
587.60000000,-1.071727499185e+12,-4.463845322212e-04,-5.070073082089e-04,-2.175759774899e-02,-2.471246359989e-02,-3.784295688613e-03,-3.547752882001e-03
587.80000000,1.761046048727e+13,-3.314209161283e-02,-3.764306655842e-02,-2.990550369229e-02,-3.396692410433e-02,-1.301463266351e-03,-1.220113446184e-03
588.00000000,1.736049333009e+13,-2.320659167972e-02,-2.635824212300e-02,-1.817089561471e-02,-2.063865697108e-02,1.573017724699e-04,1.474694005293e-04
588.20000000,1.655576467865e+13,-1.891608987923e-02,-2.148505407163e-02,-1.334997540147e-02,-1.516301500628e-02,-2.498217548775e-02,-2.342062893025e-02
588.40000000,1.026209464924e+13,-1.316688485321e-03,-1.495505862111e-03,7.153503498270e-03,8.125009794381e-03,-1.984966105332e-02,-1.860892964061e-02
588.60000000,8.934734544028e+12,-7.405109555066e-04,-8.410785749733e-04,3.268013457463e-03,3.711837333480e-03,-1.118476096621e-02,-1.048564150835e-02
588.80000000,2.928383680496e+13,-1.216964281310e-02,-1.382238271975e-02,1.430288795962e-03,1.624534115179e-03,-2.083015610052e-02,-1.952813744457e-02
589.00000000,3.298206650704e+13,1.961096038554e-03,2.227429384033e-03,-3.358779941162e-03,-3.814930673580e-03,6.344241324603e-03,5.947685459992e-03
589.20000000,1.861587396920e+13,-1.901420692972e-03,-2.159649624327e-03,-2.820679471822e-02,-3.203751607993e-02,1.267150713815e-03,1.187945648750e-03
589.40000000,9.529977619825e+12,-9.458639333507e-04,-1.074320215340e-03,-1.317009424468e-03,-1.495870446652e-03,4.453625661168e-02,4.175245428709e-02
589.60000000,1.998352470117e+13,-4.722594146083e-03,-5.363962173725e-03,-4.720168800677e-03,-5.361207658024e-03,2.003862963480e-02,1.878608647103e-02
589.80000000,2.082845438366e+13,7.127986950552e-03,8.096027563429e-03,-1.287640825801e-03,-1.462513343818e-03,-1.950138080046e-03,-1.828241914235e-03
590.00000000,-3.217330956618e+12,5.167264708769e-03,5.869022740914e-03,9.318899431925e-03,1.058448481580e-02,4.686750243821e-04,4.393798226386e-04
590.20000000,1.153284904603e+13,-5.262682859332e-03,-5.977399479306e-03,-1.721180391449e-02,-1.954931250372e-02,-1.423821697750e-02,-1.334823689081e-02
590.40000000,1.063333150892e+13,-1.035109070677e-02,-1.175685593351e-02,-1.789689419656e-02,-2.032744384220e-02,-1.517918241609e-02,-1.423038594081e-02
590.60000000,-8.865769020856e+11,2.478290346971e-02,2.814863031939e-02,-1.966090430444e-02,-2.233102144685e-02,7.175002584602e-03,6.726518800972e-03
590.80000000,4.515170425889e+12,4.346553413500e-02,4.936851945118e-02,-9.279222201227e-03,-1.053941908149e-02,2.800131928336e-02,2.625105683108e-02
591.00000000,3.111535766926e+12,1.992731799086e-02,2.263361547073e-02,1.975466556650e-02,2.243751628154e-02,5.548967198020e-02,5.202121078472e-02
591.20000000,1.087636065501e+13,2.265643190810e-02,2.573336602458e-02,2.776843313771e-02,3.153962128810e-02,2.048822180052e-02,1.920757623634e-02
591.40000000,-3.968515401648e+12,1.326881575671e-03,1.507083259911e-03,1.362188184936e-03,1.547184865021e-03,1.252886955158e-02,1.174573466698e-02
591.60000000,1.088113969391e+13,-8.748717884500e-03,-9.936867397334e-03,-1.040972417536e-02,-1.182345278814e-02,-2.898861318177e-03,-2.717663851435e-03
591.80000000,2.601100409110e+13,-3.081503456930e-02,-3.499997558521e-02,-4.640198421385e-02,-5.270376624649e-02,-2.228236297725e-02,-2.088957205649e-02
592.00000000,1.485411221750e+13,-3.556727677642e-03,-4.039761227616e-03,-4.030374892176e-02,-4.577733900860e-02,-4.139428482253e-03,-3.880687593187e-03
592.20000000,2.410659847049e+13,-1.994814113701e-02,-2.265726657536e-02,-2.699594770703e-02,-3.066222580044e-02,-8.732705182748e-03,-8.186854973565e-03
592.40000000,-2.432220612917e+12,-2.405993168504e-02,-2.732747288226e-02,-2.706753455876e-02,-3.074353475229e-02,2.388868641596e-02,2.239548995457e-02
592.60000000,1.912413800798e+13,-2.911347753185e-03,-3.306733278276e-03,-1.589346649321e-02,-1.805193370706e-02,1.671171303712e-02,1.566712354667e-02
592.80000000,1.352685257073e+12,8.582743973523e-03,9.748352832508e-03,-6.874593615556e-04,-7.808221589918e-04,9.676187117162e-03,9.071363222222e-03
593.00000000,2.705012903876e+13,9.094707446614e-03,1.032984525363e-02,-9.005038879998e-03,-1.022799934556e-02,6.382091796060e-03,5.983170033674e-03
593.20000000,1.377816079229e+13,1.227545648823e-02,1.394256678243e-02,-1.294985563784e-02,-1.470855559359e-02,1.201150748485e-02,1.126071105511e-02
593.40000000,2.423627357667e+13,1.432444377444e-02,1.626982378519e-02,-1.446629509733e-02,-1.643094036127e-02,5.796797364429e-03,5.434460266388e-03
593.60000000,1.846035049554e+13,2.188103174765e-02,2.485265999702e-02,-2.857339583727e-02,-3.245390473252e-02,1.716512195271e-02,1.609219149044e-02
593.80000000,5.469848673283e+12,1.572987778919e-02,1.786612756647e-02,-2.033446992458e-02,-2.309606297679e-02,2.781141737844e-02,2.607302501593e-02
594.00000000,5.135110814381e+12,2.170545038265e-02,2.465323320505e-02,-2.697891863411e-02,-3.064288403535e-02,1.514142459083e-02,1.419498822234e-02
594.20000000,3.182796636165e+13,2.475411224563e-02,2.811592900480e-02,-3.524551046409e-02,-4.003214897399e-02,-6.191110226606e-03,-5.804126039971e-03
594.40000000,1.635974240945e+13,2.576720172438e-02,2.926660456033e-02,-1.448910555208e-02,-1.645684866876e-02,3.098986312829e-03,2.905279747485e-03
594.60000000,7.419954483076e+12,4.021140428664e-02,4.567245138455e-02,9.921880006725e-04,1.126935525408e-03,3.952036335750e-02,3.705008660428e-02
594.80000000,1.036337695718e+13,3.894432520848e-03,4.423329230458e-03,-1.649550757997e-02,-1.873573706687e-02,2.314898783907e-02,2.170202729364e-02
595.00000000,3.216034162080e+13,1.832449081888e-04,2.081311088039e-04,-1.310927955661e-02,-1.488963062931e-02,2.073744956072e-02,1.944122565944e-02
595.20000000,3.394049818636e+13,-1.811193235217e-03,-2.057168518508e-03,-2.217394519967e-02,-2.518535455682e-02,-6.009662272792e-03,-5.634019749648e-03
595.40000000,3.551991918741e+13,2.419846641434e-03,2.748482179363e-03,-2.683213776900e-02,-3.047616908694e-02,-3.779386741491e-02,-3.543150775630e-02
595.60000000,9.925945202480e+12,4.997126514631e-02,5.675778348228e-02,-1.594713239930e-02,-1.811288789723e-02,-1.861674324841e-02,-1.745307712390e-02
595.80000000,1.201034343773e+13,7.856124279470e-02,8.923052069194e-02,-1.404496117826e-03,-1.595238573136e-03,4.945737192793e-02,4.636596826234e-02
596.00000000,-2.630013998747e+11,5.908831871195e-02,6.711300964595e-02,-1.488730112733e-02,-1.690912257200e-02,3.736929869964e-02,3.503347731493e-02
596.20000000,1.437738692295e+13,1.759641885197e-02,1.998616061329e-02,6.997291015046e-03,7.947582334325e-03,4.908746178124e-02,4.601917987766e-02
596.40000000,1.548750121502e+13,-9.680201825921e-03,-1.099485469683e-02,1.390967197324e-02,1.579872310771e-02,2.060860374128e-02,1.932043353196e-02
596.60000000,3.083069113690e+13,4.635317521170e-03,5.264832648681e-03,4.863710654565e-03,5.524243710084e-03,2.838941519434e-02,2.661489425288e-02
596.80000000,2.013677353278e+13,4.493658782350e-02,5.103935461011e-02,3.080513867122e-02,3.498873712461e-02,5.204326934030e-02,4.879023046386e-02
597.00000000,-2.835603033117e+12,7.986140323602e-02,9.070725386258e-02,6.316189495864e-02,7.173981466490e-02,6.927835301656e-02,6.494801062041e-02
597.20000000,7.446314238858e+12,1.088461048388e-01,1.236283218614e-01,4.288588459634e-02,4.871015055353e-02,1.267911875953e-01,1.188659233360e-01
597.40000000,2.677770564502e+13,5.099645598851e-02,5.792220386825e-02,3.046193208442e-02,3.459892017968e-02,5.920150568182e-02,5.550103101972e-02
597.60000000,2.546215736477e+13,2.494014200025e-02,2.832722316561e-02,1.960327217270e-02,2.226556238403e-02,3.629521739693e-02,3.402653299801e-02
597.80000000,2.526246254648e+13,-1.262616091015e-02,-1.434089981617e-02,1.151315346390e-02,1.307673710945e-02,1.940706101738e-02,1.819399495203e-02
598.00000000,3.088313153767e+13,4.967620228963e-04,5.642264860662e-04,7.009525972173e-04,7.961478902146e-04,3.498112772282e-02,3.279458237572e-02
598.20000000,4.774944016308e+12,-9.199658813107e-04,-1.044904989890e-03,-1.293302242167e-03,-1.468943628425e-03,6.143470381923e-02,5.759463991818e-02
598.40000000,4.374814206606e+12,1.838187801364e-02,2.087829173908e-02,-1.443314211092e-02,-1.639328491882e-02,5.084799325161e-02,4.766966681414e-02
598.60000000,2.446597825169e+13,2.510750442827e-02,2.851731481979e-02,-3.795695044901e-03,-4.311182544855e-03,5.434491471208e-03,5.094800820455e-03
598.80000000,1.712013616400e+13,8.175587895559e-03,9.285901532768e-03,-9.448355555336e-03,-1.073152217602e-02,9.448590590440e-03,8.857992941448e-03
599.00000000,1.722247759438e+13,2.495046029059e-02,2.833894276661e-02,3.063355246838e-02,3.479384806374e-02,8.383292890367e-03,7.859283195538e-03
599.20000000,3.146025548581e+13,8.672246913024e-03,9.850011024397e-03,2.548149006375e-02,2.894209199638e-02,-9.080746017291e-03,-8.513141018685e-03
599.40000000,2.515261774082e+13,-8.199723014867e-03,-9.313314404384e-03,1.464103088761e-02,1.662940675020e-02,7.139917569520e-03,6.693626824864e-03
599.60000000,1.954303276529e+13,-1.688165970326e-02,-1.917433115719e-02,-7.808650054466e-03,-8.869130795668e-03,2.406348383540e-02,2.255936141166e-02
599.80000000,1.934081006609e+13,1.371366439092e-02,1.557609542143e-02,2.394017473761e-02,2.719145300890e-02,4.751827147276e-02,4.454807405047e-02
600.00000000,1.223539827435e+13,3.645970028194e-02,4.141123440385e-02,3.146274106904e-02,3.573564749159e-02,6.269886800535e-02,5.877978571640e-02
600.20000000,2.152456978468e+13,6.011764254699e-03,6.828212431998e-03,2.096785746893e-02,2.381546990833e-02,4.651068084774e-02,4.360346431647e-02
600.40000000,1.586733389835e+13,1.389656247288e-02,1.578383260208e-02,-5.208343818156e-03,-5.915680973002e-03,3.621479912505e-02,3.395114138507e-02
600.60000000,1.016636418435e+13,4.622554668766e-02,5.250336493515e-02,5.303465596290e-02,6.023721093369e-02,3.898542780240e-02,3.654858796002e-02
600.80000000,1.338539144037e+13,2.916239900187e-02,3.312289820010e-02,3.582814329670e-02,4.069390827454e-02,4.393203210632e-03,4.118599769737e-03
601.00000000,2.633458380408e+13,2.815706131902e-02,3.198102719959e-02,3.612919365522e-02,4.103584381873e-02,2.464998496757e-02,2.310920245296e-02
601.20000000,2.156727042088e+13,2.062085635896e-02,2.342134218564e-02,2.388047531189e-02,2.712364589609e-02,2.019020559893e-02,1.892818796304e-02
601.40000000,6.937777048302e+12,2.472339729659e-02,2.808104270719e-02,3.847442703064e-02,4.369957972799e-02,4.567388355507e-02,4.281897223367e-02
601.60000000,2.054255821268e+13,2.865167932280e-02,3.254281849070e-02,2.551690224432e-02,2.898231345068e-02,6.713945483535e-02,6.294280732471e-02
601.80000000,-9.727657205616e+10,2.135770531216e-02,2.425826142758e-02,6.640537622308e-03,7.542378812600e-03,6.355053970519e-02,5.957822246033e-02
602.00000000,7.771067566071e+12,5.116347591910e-02,5.811190651096e-02,-1.259479523756e-02,-1.430527498703e-02,6.487881516258e-02,6.082347216325e-02
602.20000000,-4.386396940401e+12,6.117284474209e-02,6.948063185314e-02,4.272232980120e-02,4.852438363348e-02,4.069805967102e-02,3.815416932778e-02
602.40000000,3.879248521847e+13,2.112174161684e-02,2.399025187669e-02,4.744169999838e-03,5.388468423090e-03,-3.750521927253e-02,-3.516090197829e-02
602.60000000,5.239195795009e+12,1.115459079972e-03,1.266947810087e-03,1.568543575611e-02,1.781565063586e-02,-1.506555851441e-02,-1.412386426338e-02
602.80000000,2.301119519087e+13,1.231566254666e-02,1.398823316195e-02,1.844211951720e-03,2.094671537417e-03,-1.768556438896e-02,-1.658010292894e-02
603.00000000,2.576988981708e+13,1.048544643721e-02,1.190945830280e-02,1.563521015430e-03,1.775860397239e-03,1.440063711010e-02,1.350050472106e-02
603.20000000,3.391368573494e+13,-8.893498329893e-03,-1.010131024560e-02,-1.180181598834e-02,-1.340460244689e-02,-5.109872517229e-03,-4.790472637803e-03
603.40000000,1.572285070411e+13,-1.076021248228e-02,-1.222153988906e-02,-1.495118480641e-02,-1.698168219517e-02,-1.985739657364e-02,-1.861618164119e-02
603.60000000,1.254127882609e+13,1.098119843621e-02,1.247253759522e-02,-1.242099785020e-02,-1.410787444408e-02,1.106120287014e-02,1.036980658753e-02
603.80000000,9.942047180499e+12,-3.249024909179e-02,-3.690269833749e-02,-4.128715279430e-02,-4.689429744696e-02,-5.193406154979e-03,-4.868784886226e-03
604.00000000,1.504859505991e+13,-1.874898630221e-02,-2.129525642261e-02,-2.318097950317e-02,-2.632915263858e-02,-7.061694303721e-03,-6.620293016009e-03
604.20000000,1.835006163749e+13,8.363606703067e-03,9.499454876593e-03,-9.481058601844e-04,-1.076866657291e-03,-5.597896300918e-03,-5.247991797914e-03
604.40000000,1.624926543723e+13,3.029068398042e-02,3.440441377374e-02,2.316680441194e-02,2.631305245004e-02,1.652992882546e-02,1.549670201678e-02
604.60000000,2.980645704015e+13,1.085366895528e-02,1.232768853757e-02,1.798923258665e-02,2.043232256687e-02,-4.711314046334e-03,-4.416826633339e-03
604.80000000,5.441210460907e+12,-1.663927299861e-03,-1.889902629825e-03,2.327290867410e-02,2.643356656868e-02,7.511749599043e-03,7.042216962345e-03
605.00000000,-4.870628080058e+12,7.314942241726e-03,8.308372956451e-03,2.520269092838e-02,2.862542957970e-02,-1.672621584235e-03,-1.568071983334e-03
605.20000000,5.649697577876e+12,-3.770946233310e-03,-4.283072465882e-03,2.594010602327e-03,2.946299188326e-03,9.189376927245e-03,8.614981798470e-03
605.40000000,1.787811098218e+13,-1.644211451648e-03,-1.867509203509e-03,-3.357620659022e-02,-3.813613951118e-02,-1.406936452281e-02,-1.318993879995e-02
605.60000000,3.277839328227e+13,2.039978963129e-03,2.317025273599e-03,-8.783147887201e-03,-9.975973678668e-03,1.491155158888e-02,1.397948376067e-02
605.80000000,1.382150172399e+13,1.908572429098e-03,2.167772626405e-03,3.072725017224e-03,3.490027070851e-03,4.945948898559e-04,4.636795299032e-04
606.00000000,-4.694300419372e+12,9.255340563582e-03,1.051229369968e-02,2.239862056770e-02,2.544054274065e-02,1.354430081169e-02,1.269769494598e-02
606.20000000,1.232352252277e+13,1.149073051661e-02,1.305126842007e-02,1.555113783012e-02,1.766311391531e-02,-7.453488323702e-04,-6.987597391222e-04
606.40000000,2.158664902987e+13,3.801806113906e-03,4.318123377964e-03,1.739211907211e-02,1.975411598528e-02,-4.825134584843e-03,-4.523532656534e-03
606.60000000,1.323714076714e+13,-5.085190838691e-03,-5.775802548592e-03,1.445143911986e-02,1.641406681637e-02,2.798967930657e-02,2.624014442766e-02
606.80000000,9.330865368366e+12,7.482271649658e-03,8.498427106127e-03,3.851147694391e-02,4.374166133294e-02,6.557079539898e-02,6.147219918672e-02
607.00000000,3.397260033052e+13,1.624077109511e-03,1.844640448271e-03,1.944671216743e-02,2.208774020549e-02,4.907585153069e-02,4.600829534240e-02
607.20000000,1.074089056885e+13,-1.773241447602e-02,-2.014062558754e-02,1.455980063767e-02,1.653714474508e-02,6.090908143786e-02,5.710187231443e-02
607.40000000,2.640696077379e+13,-1.647392420752e-02,-1.871122174986e-02,5.690614657455e-03,6.463448272452e-03,2.701951565380e-02,2.533062223956e-02
607.60000000,2.849973575116e+13,4.222974624031e-03,4.796490116073e-03,-1.441924705829e-02,-1.637750280048e-02,-6.410068971594e-03,-6.009398455895e-03
607.80000000,-1.863106806795e+12,-1.212213807460e-02,-1.376842643800e-02,-4.362198730709e-02,-4.954622224008e-02,-1.212328986075e-02,-1.136550631396e-02
608.00000000,2.942727921697e+13,-3.084662109161e-02,-3.503585182306e-02,-3.959483163034e-02,-4.497214475133e-02,8.558079972267e-03,8.023144961259e-03
608.20000000,1.869836820570e+13,-8.824524022636e-03,-1.002296864697e-02,-8.215823213098e-03,-9.331601514064e-03,3.621123697281e-02,3.394780189024e-02
608.40000000,9.245408940720e+12,-7.546836805712e-02,-8.571760753716e-02,-8.155432293636e-02,-9.263008996811e-02,-2.921310185370e-02,-2.738709520123e-02
608.60000000,1.883029769705e+13,-9.251274305769e-02,-1.050767520984e-01,-2.872761110918e-01,-3.262906374306e-01,-4.869097221621e-02,-4.564747345915e-02
608.80000000,1.429496476854e+13,-1.156448726752e-01,-1.313504195845e-01,-8.886399305001e-02,-1.009324751255e-01,1.338990740348e-02,1.255295211824e-02
609.00000000,6.943946575407e+12,-1.278218460379e-02,-1.451811284041e-02,-3.195568286763e-02,-3.629553495688e-02,-2.739040798222e-02,-2.567833141330e-02
609.20000000,1.070149038373e+13,1.495148473585e-02,1.698202218597e-02,-3.880371094217e-03,-4.407358318056e-03,1.263070963700e-02,1.184120909241e-02
609.40000000,3.318966537610e+13,6.391671725786e-03,7.259714534739e-03,-8.750386650037e-03,-9.938763188326e-03,2.910486056458e-02,2.728561968848e-02
609.60000000,2.180940402581e+13,-4.078657697562e-02,-4.632573736501e-02,-4.656967738132e-02,-5.289423356484e-02,-1.217517941061e-02,-1.141415243340e-02
609.80000000,-6.188332798914e+12,-1.241904977060e-01,-1.410566124095e-01,-1.363656713183e-01,-1.548852831828e-01,-1.412368750055e-01,-1.324086624239e-01
610.00000000,1.805479731066e+13,-3.409252777444e-01,-3.872257994909e-01,-3.652782870065e-01,-4.148861687591e-01,-1.996868286887e-01,-1.872051182760e-01
610.20000000,2.268683536013e+13,1.218148145455e-03,1.383582914835e-03,-5.235827545915e-02,-5.946897223512e-02,-4.626962962665e-02,-4.337748034621e-02
610.40000000,3.641173955738e+13,-2.663671874560e-02,-3.025420931038e-02,-1.339452256871e-02,-1.521361205570e-02,-1.582997974293e-02,-1.484050425129e-02
610.60000000,1.225774249448e+13,1.866566768084e-02,2.120062243130e-02,-5.907839082702e-03,-6.710173612438e-03,9.285299842130e-03,8.704908914567e-03
610.80000000,1.712798743296e+13,3.367649167873e-02,3.825004265046e-02,9.467234584256e-03,1.075296513679e-02,2.247115563897e-02,2.106656396326e-02
611.00000000,2.782453123898e+13,-2.577431897581e-03,-2.927468839439e-03,5.301204814772e-03,6.021153278594e-03,2.733199460862e-02,2.562356925103e-02
611.20000000,1.465092033174e+13,-2.487366010432e-04,-2.825171246869e-04,1.213500621593e-02,1.378304272629e-02,1.500373509370e-02,1.406590520387e-02
611.40000000,1.164159091851e+13,1.316220641656e-02,1.494974481340e-02,3.272012041100e-02,3.716378958604e-02,3.674732845190e-02,3.445038420580e-02
611.60000000,2.114288951710e+13,-1.219155462457e-02,-1.384727033961e-02,1.664902913448e-02,1.891010814733e-02,4.339262024991e-02,4.068030254941e-02
611.80000000,1.000405890386e+13,-3.080960205616e-02,-3.499380529107e-02,8.382716587847e-03,9.521160421079e-03,-2.384352899988e-03,-2.235315516727e-03
612.00000000,9.565726858155e+12,-7.276661614778e-04,-8.264893498211e-04,2.410293842353e-02,2.737632138041e-02,3.619454649593e-03,3.393215467545e-03
612.20000000,3.218401971917e+13,4.272365127767e-02,4.852588265857e-02,3.574021313310e-02,4.059403645080e-02,6.107571024916e-02,5.725808575391e-02
612.40000000,1.472703789554e+13,4.496463124872e-02,5.107120656848e-02,4.268610396366e-02,4.848323802073e-02,5.938977725022e-02,5.567753440485e-02
612.60000000,1.130038218512e+13,3.320816647173e-02,3.771811493920e-02,3.882713749076e-02,4.410019125265e-02,7.329357233694e-02,6.871225292278e-02
612.80000000,5.857743876020e+12,2.736023213798e-03,3.107598191012e-03,2.579213980130e-02,2.929493059649e-02,4.255080255305e-02,3.989110386994e-02
613.00000000,2.092062838128e+13,-2.389365344973e-02,-2.713861266329e-02,2.549663759092e-02,2.895929668590e-02,8.067364189424e-03,7.563102069245e-03
613.20000000,3.423940288695e+13,3.501863160051e-04,3.977445646834e-04,6.421357385505e-02,7.293432045300e-02,4.533868162065e-02,4.250472257487e-02
613.40000000,1.770717788823e+13,2.291177217578e-02,2.602338364939e-02,5.919434725396e-02,6.723344041514e-02,4.417580934641e-02,4.141453729291e-02
613.60000000,3.047086688066e+13,2.542287520153e-02,2.887551559802e-02,6.605386475594e-02,7.502453842771e-02,5.231954098058e-02,4.904923335070e-02
613.80000000,1.950531010873e+13,2.787277584241e-02,3.165813336287e-02,2.502993136292e-02,2.842920780364e-02,6.202762779852e-02,5.815050233735e-02
614.00000000,1.777571748511e+13,1.268363180074e-02,1.440617573735e-02,1.925823198721e-02,2.187366282220e-02,3.590854721419e-02,3.366403218727e-02
614.20000000,4.873551547972e+12,-1.192358755747e-02,-1.354291108976e-02,2.316676210188e-02,2.631300439391e-02,2.502755930423e-02,2.346317596646e-02
614.40000000,1.430969266502e+13,-4.437417213148e-02,-5.040055813415e-02,1.904407349465e-02,2.163041979449e-02,9.807729450165e-03,9.194683313836e-03
614.60000000,3.649241724535e+13,-6.151100390798e-05,-6.986471587904e-05,3.417582392322e-02,3.881718995096e-02,3.871230377909e-03,3.629253594386e-03
614.80000000,4.634293594354e+13,-7.888459662584e-03,-8.959778869450e-03,5.112035962874e-02,5.806293696176e-02,4.329650130686e-03,4.059019165817e-03
615.00000000,2.860125349869e+13,-2.496629725816e-02,-2.835693052765e-02,-9.330557702704e-03,-1.059772637839e-02,-1.161682913970e-02,-1.089070264358e-02
615.20000000,2.017525516056e+13,-1.624618728975e-02,-1.845255624216e-02,-1.089043905474e-03,-1.236945281515e-03,9.264689795276e-03,8.685587128126e-03
615.40000000,1.939337675798e+13,-2.915897576385e-02,-3.311901005755e-02,-2.536771412714e-03,-2.881286432499e-03,-6.679413581777e-03,-6.261907296550e-03
615.60000000,-5.359623068032e+10,-1.653355239546e-02,-1.877894794752e-02,2.122748158143e-02,2.411035317182e-02,1.576007145170e-02,1.477496567764e-02
615.80000000,3.088367367653e+13,1.999454603614e-03,2.270997365032e-03,3.276651123904e-02,3.721648068101e-02,2.789240333989e-02,2.614894883421e-02
616.00000000,1.234240147162e+13,-5.491264442209e-03,-6.237024364747e-03,1.981042443231e-02,2.250084767307e-02,1.531238095535e-02,1.435525871515e-02
616.20000000,2.826513565189e+13,-2.310653782289e-02,-2.624460011042e-02,-1.774101433322e-02,-2.015039417462e-02,-2.984644182645e-02,-2.798084735447e-02
616.40000000,2.782782015669e+13,-5.428906870881e-02,-6.166198110469e-02,-5.152515469749e-02,-5.852270662555e-02,-8.980781264323e-02,-8.419424705368e-02
616.60000000,4.803790759033e+11,-2.721281875000e-02,-3.090854854350e-02,-4.815510220984e-02,-5.469497249829e-02,-7.138873182505e-02,-6.692647718751e-02
616.80000000,1.475785906629e+13,1.342968779649e-04,1.525355241574e-04,9.354816736834e-03,1.062527999459e-02,-3.948272859509e-02,-3.701480425645e-02
617.00000000,2.474541159532e+13,2.142231985989e-03,2.433165117465e-03,1.275085121391e-02,1.448252468525e-02,3.063260049650e-03,2.871786605409e-03
617.20000000,1.862864611233e+13,2.030206652963e-02,2.305925801473e-02,3.069509931694e-02,3.486375349504e-02,2.382257349658e-02,2.233350951763e-02
617.40000000,7.969722507132e+12,2.278795539686e-04,2.588275150998e-04,-2.902003225956e-03,-3.296119815964e-03,4.878495840244e-03,4.573558490458e-03
617.60000000,3.171082636362e+13,1.331455965794e-03,1.512278890708e-03,-3.137920087526e-03,-3.564076183271e-03,-1.206998095530e-03,-1.131552955777e-03
617.80000000,1.781837154048e+13,2.033243389776e-02,2.309374952701e-02,-1.920918823337e-02,-2.181795851165e-02,-2.758066163078e-02,-2.585669298584e-02
618.00000000,2.702329454770e+13,9.634225873125e-03,1.094263482274e-02,-1.919877196862e-02,-2.180612763003e-02,-1.109862398598e-02,-1.040488864308e-02
618.20000000,1.520594040171e+13,3.807775098935e-02,4.324903001391e-02,2.547581804998e-02,2.893564967516e-02,3.149181400361e-02,2.952337319384e-02
618.40000000,3.491267162399e+12,4.805484479945e-02,5.458109712484e-02,5.837733602038e-02,6.630547214384e-02,2.408336215592e-02,2.257799720937e-02
618.60000000,2.790895241497e+13,3.482513334080e-02,3.955467951654e-02,5.581390227632e-02,6.339390240982e-02,3.077386364817e-02,2.885029935072e-02
618.80000000,1.647966562067e+13,9.286803319131e-03,1.054802936220e-02,1.440506369267e-02,1.636139321382e-02,1.825490334239e-02,1.711385453798e-02
619.00000000,2.007903597075e+13,-2.776317658572e-03,-3.153364960480e-03,7.066126293806e-03,8.025766026310e-03,-6.110393851745e-03,-5.728454957397e-03
619.20000000,3.272561242770e+13,-3.841553370207e-04,-4.363268646154e-04,1.617132669994e-02,1.836752968066e-02,-7.867556896640e-03,-7.375784016654e-03
619.40000000,2.371281451721e+13,1.517832741545e-02,1.723967201045e-02,2.227253637807e-02,2.529733525136e-02,3.688038271983e-02,3.457512172669e-02
619.60000000,2.147126827668e+13,2.845046435544e-02,3.231427683747e-02,2.118288916519e-02,2.405970472819e-02,5.135178865576e-02,4.814197176705e-02
619.80000000,1.951100126546e+13,4.038741270932e-02,4.587236323221e-02,1.995568294108e-02,2.266583351626e-02,2.754205163109e-02,2.582049635932e-02
620.00000000,4.265634339751e+13,-2.118010586755e-02,-2.405654248381e-02,-1.233374191270e-02,-1.400876841204e-02,-7.349603777311e-03,-6.890206296770e-03
620.20000000,5.324746563347e+12,-3.090011907222e-02,-3.509661527965e-02,-1.140871107944e-02,-1.295811056556e-02,-3.389609711951e-02,-3.177737315987e-02
620.40000000,4.313604563478e+13,-2.304583619607e-02,-2.617565469185e-02,1.327202893404e-02,1.507448274911e-02,-3.445564913632e-02,-3.230194957874e-02
620.60000000,3.043921523631e+13,-3.807983601336e-04,-4.325139820167e-04,3.016085744865e-02,3.425695706117e-02,4.074696714078e-03,3.820001976629e-03
620.80000000,-2.547431483684e+12,5.421842749727e-03,6.158174622215e-03,2.320513756404e-02,2.635659156850e-02,4.663858654807e-02,4.372337508834e-02
621.00000000,5.240108880280e+13,4.001439609820e-02,4.544868782621e-02,7.306700796699e-03,8.299012582037e-03,4.877623799273e-02,4.572740957653e-02
621.20000000,2.985672418323e+13,2.458077392419e-02,2.791904988059e-02,-7.268969097836e-03,-8.256156599245e-03,3.129095498590e-02,2.933506915589e-02
621.40000000,3.693824059626e+13,-4.393427764974e-02,-4.990092227989e-02,-5.098941552655e-02,-5.791420954266e-02,-3.039319773941e-02,-2.849342750824e-02
621.60000000,4.233612831951e+13,-5.698836689706e-02,-6.472786670262e-02,-2.322875122347e-02,-2.638341216267e-02,-4.281862823091e-02,-4.014218872131e-02
621.80000000,2.233252831936e+13,-4.396082567043e-03,-4.993107574520e-03,7.942873134148e-03,9.021582505144e-03,1.412148106750e-02,1.323879772558e-02
622.00000000,9.596738314695e+12,3.258052053689e-02,3.700522940450e-02,3.582204892349e-02,4.068698623388e-02,2.755264475311e-02,2.583042734313e-02
622.20000000,2.692430500632e+13,1.073841091862e-02,1.219677748959e-02,-1.193673676763e-02,-1.355784660948e-02,9.150007445242e-03,8.578073162166e-03
622.40000000,1.127123356017e+13,1.568526747993e-02,1.781545880179e-02,-1.587292237651e-02,-1.802859952550e-02,3.624610075188e-02,3.398048645901e-02
622.60000000,1.397093165653e+13,6.693412369899e-03,7.602434097596e-03,-8.949148834568e-03,-1.016451895911e-02,5.893691252805e-03,5.525297663891e-03
622.80000000,7.207853314487e+12,-1.594545125547e-02,-1.811097772361e-02,-3.203713211879e-02,-3.638804570544e-02,-7.471622161602e-02,-7.004597747689e-02
623.00000000,3.158746177032e+13,-2.973292192751e-02,-3.377090294024e-02,-3.323179706204e-02,-3.774495625525e-02,2.246578223787e-02,2.106152643427e-02
623.20000000,2.458903807572e+13,-8.639036515293e-03,-9.812290375175e-03,-3.099148247626e-03,-3.520038799490e-03,-6.789346082876e-03,-6.364968309666e-03
623.40000000,2.866249291697e+13,2.375802038441e-02,2.698455948629e-02,-2.601359432504e-02,-2.954646051814e-02,1.461948098406e-02,1.370566944614e-02
623.60000000,1.165169523856e+13,1.825651193081e-02,2.073589988720e-02,-2.389624122374e-02,-2.714155295216e-02,1.773329987716e-02,1.662485464228e-02
623.80000000,1.372660486490e+13,-1.732524436049e-02,-1.967815834382e-02,-5.089696415368e-02,-5.780920249118e-02,-5.247746949084e-03,-4.919729031388e-03
624.00000000,1.317876254613e+13,-1.977882923400e-02,-2.246496069110e-02,-2.631931316235e-02,-2.989369856004e-02,-8.150328359010e-04,-7.640880444921e-04
624.20000000,1.408606194696e+13,-3.341778232344e-02,-3.795619838758e-02,-3.703566543379e-02,-4.206542213388e-02,-1.832363997345e-02,-1.717829468774e-02
624.40000000,2.902263122675e+13,-3.653148461290e-02,-4.149276765105e-02,-2.225511209401e-02,-2.527754460211e-02,-1.308564400318e-02,-1.226770713631e-02
624.60000000,1.284193858776e+13,-7.350529597436e-03,-8.348793374548e-03,-2.749758881331e-02,-3.123199401301e-02,1.170323779409e-02,1.097171020162e-02
624.80000000,4.531977082147e+12,2.035924974678e-02,2.312420719399e-02,-1.340703143296e-02,-1.522781972955e-02,2.306253862823e-02,2.162098171418e-02
625.00000000,8.214339195979e+12,2.301267125188e-02,2.613798566914e-02,-2.108974822806e-02,-2.395391446379e-02,2.678961790828e-02,2.511509458095e-02
625.20000000,2.840647255116e+13,-1.950287678137e-02,-2.215153157314e-02,-2.450489324262e-02,-2.783286506461e-02,1.734690578903e-02,1.626261266846e-02
625.40000000,9.905960711103e+12,-1.100727140096e-02,-1.250215148800e-02,-3.431772628348e-02,-3.897836385228e-02,1.931846296622e-02,1.811093484858e-02
625.60000000,3.794405575591e+12,-2.543620448963e-02,-2.889065511563e-02,-2.922375294756e-02,-3.319258584062e-02,-5.616684543981e-03,-5.265605655012e-03
625.80000000,1.199594058198e+13,1.859011993788e-03,2.111481466909e-03,-6.098962560847e-03,-6.927253275885e-03,-1.183053377196e-02,-1.109104936260e-02
626.00000000,2.926691323720e+13,2.315259457148e-02,2.629691175306e-02,4.735889610116e-02,5.379063486389e-02,3.036145555485e-02,2.846366941426e-02
626.20000000,3.936326383523e+12,1.747426255036e-02,1.984741445793e-02,-1.323563787696e-03,-1.503314947860e-03,3.144857392855e-03,2.948283590143e-03
626.40000000,2.077794781879e+13,1.625190912940e-02,1.845905515579e-02,-2.177388415302e-02,-2.473096183538e-02,2.752468264394e-02,2.580421304552e-02
626.60000000,2.467613577308e+13,2.535769466575e-02,2.880148299697e-02,-3.728161657837e-02,-4.234477552473e-02,4.375462478188e-02,4.101967947111e-02
626.80000000,1.868674268626e+13,-6.888075569316e-03,-7.823534197665e-03,-3.767113772861e-02,-4.278719694265e-02,3.233478986137e-02,3.031365764170e-02
627.00000000,4.950669546079e+12,3.863956821497e-03,4.388714674670e-03,-3.521187690725e-02,-3.999394769558e-02,3.701711594823e-02,3.470330824937e-02
627.20000000,3.368801582574e+12,-2.904891117170e-02,-3.299399776756e-02,-3.802541289223e-02,-4.318958567078e-02,-2.864212537937e-03,-2.685180842687e-03
627.40000000,1.379924555563e+12,-2.342048459483e-02,-2.660118349599e-02,-3.986194294581e-02,-4.527553204329e-02,-2.998801878519e-03,-2.811357484321e-03
627.60000000,1.397210610899e+13,1.506418839278e-02,1.711003194797e-02,1.720711967654e-02,1.954399210663e-02,4.891233138430e-02,4.585499625629e-02
627.80000000,2.132392551703e+13,1.375746655155e-03,1.562584628410e-03,-1.669738622541e-02,-1.896503254032e-02,1.936706235245e-02,1.815649646077e-02
628.00000000,2.892110860003e+13,-3.344653803772e-03,-3.798885936984e-03,-2.397546546277e-02,-2.723153651311e-02,4.241660330149e-02,3.976529293427e-02
628.20000000,2.440781028742e+13,1.352094406999e-02,1.535720205909e-02,-1.875134792021e-02,-2.129793961049e-02,5.464184905398e-02,5.122638224134e-02
628.40000000,1.751174092796e+13,1.272277755866e-02,1.445063781862e-02,3.733655603777e-04,4.240717622757e-04,4.541211245329e-02,4.257356350845e-02
628.60000000,2.395402437993e+13,-5.015106203072e-03,-5.696199829665e-03,-4.027619233238e-03,-4.574604000124e-03,5.341089112996e-02,5.007236710037e-02
628.80000000,3.251595155425e+13,-1.667244281257e-02,-1.893670085209e-02,-6.938552047940e-03,-7.880866118533e-03,2.164308692673e-03,2.029025486850e-03
629.00000000,4.313324197114e+13,-2.782021165663e-03,-3.159843051831e-03,-6.163220945210e-03,-7.000238492492e-03,4.648539923439e-03,4.357976296648e-03
629.20000000,3.649852970746e+13,-1.041176483254e-02,-1.182577011615e-02,5.065835673750e-03,5.753819016919e-03,1.225639285175e-02,1.149028951242e-02
629.40000000,1.750638186827e+13,2.016658627413e-03,2.290537840042e-03,6.631160207581e-03,7.531727865616e-03,3.447755350518e-02,3.232248478374e-02
629.60000000,2.235457652951e+13,1.960572676032e-02,2.226834944477e-02,1.196875023991e-02,1.359420778215e-02,2.006699289282e-02,1.881267684310e-02
629.80000000,2.150964993673e+13,2.474207062429e-02,2.810225202994e-02,2.857131125817e-02,3.245153704993e-02,3.556455446188e-02,3.334154119323e-02
630.00000000,3.431673679124e+13,1.626116820182e-02,1.846957168816e-02,2.552187339486e-02,2.898795972551e-02,6.068492004014e-03,5.689172244501e-03
630.20000000,1.828805224906e+13,-4.626032596230e-03,-5.254286752797e-03,-2.184026564101e-03,-2.480635849105e-03,-1.652659406591e-02,-1.549357570113e-02
630.40000000,6.546677187787e+12,-1.889387542808e-02,-2.145982271108e-02,-4.890022618330e-02,-5.554129061135e-02,-6.456459940785e-02,-6.052889691303e-02
630.60000000,2.599376309469e+13,-2.763556207159e-02,-3.138870396573e-02,-2.457085413561e-02,-2.790778400491e-02,-6.293759132540e-02,-5.900358729440e-02
630.80000000,1.469043551782e+13,-2.725867686217e-02,-3.096063457322e-02,-4.097754574578e-02,-4.654264314188e-02,-4.749818122006e-02,-4.452923956771e-02
631.00000000,9.942115037316e+12,2.178830869566e-02,2.474734437426e-02,1.166940494700e-02,1.325420886589e-02,7.021627121393e-03,6.582730290135e-03
631.20000000,4.806089757581e+12,4.480241341324e-02,5.088695818581e-02,2.328383459755e-02,2.644597632497e-02,2.530041659145e-02,2.371897791926e-02
631.40000000,1.116627328173e+13,2.420380881141e-02,2.749088973317e-02,7.093777646178e-03,8.057172666274e-03,-8.629930616595e-03,-8.090504478448e-03
631.60000000,-8.688372085878e+12,3.331086950871e-02,3.783476591289e-02,-3.225171616438e-03,-3.663177207986e-03,-2.446246123226e-02,-2.293340015653e-02
631.80000000,2.580564734794e+13,2.680329141777e-03,3.044340395321e-03,-2.100886210132e-02,-2.386204331672e-02,-4.727553989881e-02,-4.432051476021e-02
632.00000000,2.786342998804e+13,-5.620907362372e-03,-6.384273884468e-03,-3.821847773984e-02,-4.340887035808e-02,-3.440968535160e-02,-3.225885882602e-02
632.20000000,9.338659998643e+12,-9.883350949196e-03,-1.122559318063e-02,-2.648529596596e-02,-3.008222323265e-02,-3.232298140281e-02,-3.030258728771e-02
632.40000000,1.530584931135e+13,-2.513066748656e-02,-2.854362361631e-02,-7.433112530931e-02,-8.442592099263e-02,-2.660239055529e-02,-2.493957014105e-02
632.60000000,3.014699276626e+13,1.353186751717e-02,1.536960900233e-02,-1.293479021618e-02,-1.469144416022e-02,-3.051839222506e-02,-2.861079653376e-02
632.80000000,2.004859670352e+13,4.097114432990e-02,4.653537051921e-02,1.857982837705e-02,2.110312626225e-02,2.743763443473e-02,2.572260590894e-02
633.00000000,2.693494376176e+13,3.660772198405e-02,4.157935869878e-02,2.126403852284e-02,2.415187485516e-02,1.191880811964e-02,1.117380599611e-02
633.20000000,1.766606402183e+13,2.393364518482e-02,2.718403561255e-02,1.007490486840e-02,1.144316218662e-02,-2.165628237178e-03,-2.030262551341e-03
633.40000000,1.137744484557e+13,7.432485416903e-03,8.441879483992e-03,1.753890496016e-02,1.992083663879e-02,-2.206849688595e-02,-2.068907397066e-02
633.60000000,3.175900338477e+13,7.635822220073e-03,8.672831136197e-03,2.952733220022e-03,3.353739372417e-03,-2.535841557342e-02,-2.377335159203e-02
633.80000000,2.737281712889e+13,-1.235100122110e-02,-1.402837112577e-02,-2.813586188247e-03,-3.195694996496e-03,-1.343553824708e-02,-1.259573074080e-02
634.00000000,2.653940700731e+13,-6.810783948678e-03,-7.735745724504e-03,2.178632422535e-02,2.474509137478e-02,1.156879633993e-02,1.084567220257e-02
634.20000000,1.449073477278e+13,8.672183843720e-02,9.849939389751e-02,3.452378422011e-02,3.921240620002e-02,7.417957107860e-02,6.954287104774e-02
634.40000000,6.458267404604e+12,2.690299866626e-02,3.055665228512e-02,-1.529881072935e-02,-1.737651865948e-02,6.870050080872e-02,6.440627789009e-02
634.60000000,1.386729193922e+13,8.726432101603e-03,9.911555017577e-03,1.376031132653e-02,1.562907802154e-02,2.794406002893e-02,2.619737664812e-02
634.80000000,4.312948397122e+13,-1.063286688035e-02,-1.207689968272e-02,-4.056868900638e-03,-4.607826019819e-03,-3.752805437860e-03,-3.518230974344e-03
635.00000000,1.319910176289e+13,-1.252048476184e-02,-1.422087195762e-02,2.566773700395e-02,2.915363284678e-02,-4.454688571503e-03,-4.176241900315e-03
635.20000000,2.050945342642e+13,-3.852406258701e-03,-4.375595448242e-03,5.840003650559e-02,6.633125554700e-02,2.767163484933e-02,2.594197979344e-02
635.40000000,3.133034556139e+13,5.359563278879e-02,6.087437075117e-02,1.223743883599e-01,1.389938656277e-01,1.011558013336e-01,9.483291350418e-02
635.60000000,4.543284378328e+12,5.893605732388e-02,6.694006988004e-02,1.123647856498e-01,1.276248741849e-01,1.915394112944e-01,1.795669668417e-01
635.80000000,3.558475484221e+13,1.424718873680e-02,1.618207686331e-02,4.421968388162e-02,5.022509106614e-02,8.312606341612e-02,7.793015010464e-02
636.00000000,1.102829772781e+13,-3.885017798857e-02,-4.412635909991e-02,-3.749442836422e-02,-4.258648895156e-02,-6.833987431866e-03,-6.406819287382e-03
636.20000000,1.548832078281e+13,-2.821544401655e-02,-3.204733875875e-02,-2.712545791246e-02,-3.080932458747e-02,-2.305178177983e-03,-2.161089723795e-03
636.40000000,3.260885901941e+13,-2.564286529527e-02,-2.912538219780e-02,-1.574583653701e-02,-1.788425435381e-02,-6.083162718206e-03,-5.702925944750e-03
636.60000000,1.411231624622e+13,-1.733170062690e-02,-1.968549142554e-02,-1.706776362078e-02,-1.938571031951e-02,-2.448907633740e-03,-2.295835164651e-03
636.80000000,-4.010171547155e+12,-3.450450758772e-02,-3.919051008799e-02,-2.444945842001e-02,-2.776990172409e-02,-2.541855104697e-02,-2.382972821192e-02
637.00000000,1.573651022633e+12,-3.346106116266e-02,-3.800535485737e-02,-2.910494636193e-02,-3.305764431551e-02,-2.028156094825e-02,-1.901383301578e-02
637.20000000,2.761952481570e+12,-4.707181006804e-02,-5.346455800425e-02,7.879048877997e-03,8.949090375033e-03,9.313101250761e-03,8.730972556446e-03
637.40000000,1.956584720148e+13,-3.963451256301e-02,-4.501721291006e-02,-7.018223582341e-03,-7.971357721354e-03,-4.211032339443e-03,-3.947815749021e-03
637.60000000,1.754874819152e+13,-3.384111062729e-02,-3.843701823757e-02,-2.621508882672e-02,-2.977531967786e-02,-2.134736958224e-02,-2.001302175896e-02
637.80000000,2.759156491628e+13,-1.200398104789e-02,-1.363422269271e-02,-3.245015653832e-02,-3.685716233547e-02,1.167579840386e-02,1.094598594967e-02
638.00000000,1.603186910486e+13,-5.778239283644e-03,-6.562972804663e-03,-1.900275205396e-02,-2.158348655256e-02,-4.185540606345e-03,-3.923917413107e-03
638.20000000,1.754576905628e+13,-2.812710035839e-02,-3.194699728838e-02,-3.719329297751e-02,-4.224445683163e-02,-1.869540870246e-02,-1.752682548140e-02
638.40000000,1.798764599791e+13,-4.480243471579e-02,-5.088698238142e-02,-2.131784018046e-02,-2.421298323307e-02,-1.490257900240e-02,-1.397107201853e-02
638.60000000,2.584550165914e+13,-4.724414627834e-02,-5.366029892219e-02,-1.214939549616e-02,-1.379938619251e-02,-1.082996398200e-02,-1.015302161634e-02
638.80000000,3.130379789421e+13,-3.372927902395e-02,-3.830999896139e-02,1.411938266271e-02,1.603691428303e-02,2.001880513108e-02,1.876750112622e-02
639.00000000,9.008833510686e+12,-9.645577979206e-03,-1.095552864035e-02,9.546454173939e-03,1.084294341697e-02,2.805293677966e-02,2.629944790205e-02
639.20000000,1.932989389325e+13,9.187150310744e-03,1.043484263666e-02,-8.881739621687e-04,-1.008795500481e-03,2.499136707914e-02,2.342924598809e-02
639.40000000,1.534964904291e+13,-5.173638379296e-03,-5.876262009534e-03,-1.161846788528e-04,-1.319635412021e-04,-4.383842844451e-03,-4.109824486611e-03
639.60000000,4.350924543634e+13,-1.328918048540e-02,-1.509396302932e-02,9.881223815031e-03,1.122317760759e-02,-6.096592385816e-05,-5.715516171775e-05
639.80000000,2.224081793084e+13,-4.086568557646e-02,-4.641558957958e-02,-1.236773799310e-02,-1.404738144778e-02,-1.632234967741e-02,-1.530209789983e-02
640.00000000,9.815493920225e+12,-2.660602826867e-02,-3.021935080841e-02,-1.000493154426e-02,-1.136368589305e-02,-8.170727006755e-03,-7.660004046059e-03
640.20000000,1.963292946510e+13,-5.051525302500e-03,-5.737564949277e-03,-3.421118866605e-03,-3.885735752505e-03,2.031357451284e-02,1.904384552680e-02
640.40000000,1.830045670235e+13,2.198844111523e-03,2.497465646062e-03,1.527192377584e-02,1.734598023022e-02,1.526595014826e-02,1.431173013196e-02
640.60000000,2.378381158791e+13,-4.173079452169e-03,-4.739818759982e-03,2.086241076212e-02,2.369570264663e-02,-3.481890732564e-02,-3.264250179614e-02
640.80000000,2.534839442594e+13,6.910094809983e-03,7.848543836517e-03,3.796745081390e-02,4.312375185184e-02,2.633334328311e-02,2.468734005286e-02
641.00000000,1.673433679646e+12,3.566630485541e-03,4.051008920165e-03,3.012058349807e-02,3.421121356737e-02,-7.950417776225e-03,-7.453465558621e-03
641.20000000,2.046928904788e+13,-3.051219662166e-03,-3.465600969578e-03,3.013740472198e-02,3.423031925581e-02,1.324586514086e-02,1.241791342296e-02
641.40000000,3.154832092220e+13,1.174426238928e-02,1.333923205462e-02,2.294223351856e-02,2.605798292939e-02,6.518923173491e-03,6.111448570440e-03
641.60000000,3.604627642156e+13,-2.214215036571e-02,-2.514924072083e-02,5.441610675313e-03,6.180627442878e-03,-2.042617502249e-02,-1.914940778078e-02
641.80000000,4.912435952686e+12,-1.663865619073e-02,-1.889832572268e-02,-3.067757763378e-02,-3.484385221907e-02,-3.394406220956e-02,-3.182234012346e-02
642.00000000,1.114580553925e+13,1.247738953272e-02,1.417192403371e-02,-3.018694993020e-02,-3.428659312247e-02,-2.001675139510e-02,-1.876557576194e-02
642.20000000,2.781438913564e+13,1.303216286674e-02,1.480204025514e-02,2.976007094971e-02,3.380174036490e-02,1.359688196460e-02,1.274698943883e-02
642.40000000,2.074196278974e+13,2.343161111512e-02,2.661382109137e-02,4.877669474009e-02,5.540098255304e-02,4.714998060285e-02,4.420280372736e-02
642.60000000,1.864728575074e+13,2.452683099664e-02,2.785778104953e-02,2.466472233029e-02,2.801440029459e-02,2.349576443045e-02,2.202712811892e-02
642.80000000,-9.422017988137e+12,5.734495355675e-03,6.513288083153e-03,1.118495957418e-02,1.270397171288e-02,-2.396888992518e-02,-2.247068022890e-02
643.00000000,2.008203586251e+13,2.790544090933e-04,3.169523462082e-04,2.000907822664e-02,2.272648033335e-02,-3.688545574015e-02,-3.457987765063e-02
643.20000000,2.371847604048e+13,9.325771280838e-03,1.059228950104e-02,4.400303595973e-02,4.997902052355e-02,-7.978095828949e-03,-7.479413555131e-03
643.40000000,3.394905384822e+13,5.003609089234e-02,5.683141311015e-02,6.255586086878e-02,7.105147601839e-02,3.431052085421e-02,3.216589274717e-02
643.60000000,1.377012774969e+13,5.026358037847e-02,5.708979758292e-02,7.454618958453e-02,8.467019281595e-02,4.860450616132e-02,4.556641208850e-02
643.80000000,1.251933375427e+13,5.965497529174e-02,6.775662295793e-02,5.770445807976e-02,6.554121168611e-02,7.350311009295e-02,6.890869322209e-02
644.00000000,2.361051670545e+13,1.888978007628e-02,2.145517117603e-02,1.918312059251e-02,2.178835066463e-02,2.988079099975e-02,2.801304948364e-02
644.20000000,2.005800032319e+13,1.030359149202e-03,1.170290592567e-03,1.861073927690e-02,2.113823512382e-02,9.864781607240e-04,9.248169344356e-04
644.40000000,2.388289196302e+13,-1.564312392900e-02,-1.776759180199e-02,2.206341953490e-02,2.505981857169e-02,-6.326090690117e-03,-5.930669356836e-03
644.60000000,2.983675684305e+13,-2.693809430791e-03,-3.059651421025e-03,3.241059736756e-02,3.681223069463e-02,-3.815902503572e-03,-3.577384067851e-03
644.80000000,2.635105791208e+13,1.895564206423e-03,2.152997777621e-03,3.218376433528e-02,3.655459181748e-02,-4.989909276458e-03,-4.678007870724e-03
645.00000000,3.408974910619e+13,1.573526235023e-02,1.787224339621e-02,3.043969794718e-02,3.457366645849e-02,3.206197534726e-02,3.005789578842e-02
645.20000000,2.581074837039e+13,2.048300207910e-02,2.326476613447e-02,2.910339910771e-02,3.305588693108e-02,3.004682418486e-02,2.816870452740e-02
645.40000000,1.560909758922e+13,-9.582214494026e-03,-1.088355986066e-02,1.664276063910e-02,1.890298833725e-02,-2.210967084050e-03,-2.072767428838e-03
645.60000000,3.534020431576e+13,-1.229839889508e-02,-1.396862496120e-02,-4.224596887597e-03,-4.798332886443e-03,-3.585858440286e-02,-3.361719237282e-02
645.80000000,3.899179366084e+13,1.448062401382e-02,1.644721461540e-02,2.895122081787e-03,3.288304154201e-03,-1.841886116628e-02,-1.726756394392e-02
646.00000000,7.061632191116e+12,-6.702553071883e-03,-7.612816183831e-03,-1.589782264322e-03,-1.805688145909e-03,-4.979435135420e-03,-4.668188430830e-03
646.20000000,2.568019367214e+13,8.545973908792e-03,9.706589083551e-03,-5.448742526975e-03,-6.188727860332e-03,4.122990723897e-03,3.865277300393e-03
646.40000000,1.724754859762e+13,7.620629430890e-03,8.655575038389e-03,1.035013570826e-02,1.175577170307e-02,2.733735074539e-02,2.562859059483e-02
646.60000000,2.449459476985e+13,1.277001598112e-02,1.450429161638e-02,1.652732110604e-02,1.877187113894e-02,3.685676517258e-02,3.455298042796e-02
646.80000000,-7.336837794142e+12,2.119089640491e-02,2.406879846696e-02,3.961083971363e-02,4.499032686777e-02,3.759074222419e-02,3.524107919572e-02
647.00000000,2.684279851644e+13,4.168425124067e-03,4.734532334956e-03,1.276494308941e-02,1.449853035666e-02,-2.191613314749e-02,-2.054623394527e-02
647.20000000,1.479153123033e+13,-2.959054213957e-02,-3.360918677891e-02,-1.865050024908e-02,-2.118339597241e-02,-3.333628270688e-02,-3.125255074661e-02
647.40000000,2.123052440640e+13,-7.184241466975e-03,-8.159921916586e-03,-1.924030358554e-02,-2.185329959190e-02,-5.726113221828e-03,-5.368194337069e-03
647.60000000,9.219128587665e+12,1.746003985055e-03,1.983126019580e-03,-1.299613336610e-02,-1.476111822888e-02,1.719336281232e-02,1.611866711479e-02
647.80000000,2.806574576544e+13,3.496028574168e-02,3.970818675082e-02,1.130257929115e-03,1.283756518252e-03,3.777426202309e-02,3.541312782750e-02
648.00000000,4.549619497513e+12,5.157568894609e-02,5.858010153596e-02,3.260218737199e-02,3.702984024258e-02,3.661219449787e-02,3.432369699256e-02
648.20000000,1.896285435502e+13,-1.646506214922e-02,-1.870115614946e-02,9.434744093490e-03,1.071606216249e-02,1.370897258820e-02,1.285207367791e-02
648.40000000,1.287027646628e+13,-1.770900695773e-02,-2.011403913129e-02,-2.444992158496e-02,-2.777042779076e-02,-5.407604118065e-02,-5.069594099720e-02
648.60000000,9.340137650393e+12,-1.461671119689e-02,-1.660178358317e-02,-2.773591203066e-02,-3.150268353956e-02,-3.906960338200e-02,-3.662750202481e-02
648.80000000,3.011175322259e+13,-1.142543154642e-02,-1.297710130021e-02,-2.219885088080e-02,-2.521364264015e-02,-2.768734936787e-02,-2.595671205355e-02
649.00000000,-2.060782046298e+12,1.706999460308e-02,1.938824352133e-02,-1.009802597760e-02,-1.146942333805e-02,8.053629723266e-03,7.550226095510e-03
649.20000000,2.828947067847e+13,3.545536397103e-02,4.027050077002e-02,-9.314134424255e-03,-1.057907267978e-02,2.243382548326e-02,2.103156718224e-02
649.40000000,-1.979952966786e+12,3.009137896095e-02,3.417804145539e-02,5.696622969427e-03,6.470272564022e-03,2.328384292961e-02,2.182845307415e-02
649.60000000,1.984353390806e+13,2.495583529505e-02,2.834504774191e-02,2.638370752828e-02,2.996683822567e-02,1.996875592274e-02,1.872058031513e-02
649.80000000,3.343968177089e+13,1.955743425798e-02,2.221349841420e-02,3.423707937090e-02,3.888676440668e-02,2.901322481796e-02,2.719971176507e-02
650.00000000,6.524940828998e+12,3.797732405635e-02,4.313496425827e-02,2.631286887397e-02,2.988637908277e-02,2.495447125212e-02,2.339465638743e-02
650.20000000,3.217345132545e+13,3.760664874436e-02,4.271394811952e-02,1.163539972048e-02,1.321558544192e-02,2.462928134089e-02,2.308979293602e-02
650.40000000,2.110617761879e+13,2.227307804665e-02,2.529794948265e-02,-1.802062931347e-02,-2.046798323482e-02,-2.711708975354e-05,-2.542209733052e-05
650.60000000,2.382812618066e+13,-4.094696359547e-03,-4.650790583756e-03,-1.767099602097e-02,-2.007086678319e-02,-6.570833999153e-03,-6.160114635807e-03
650.80000000,3.789083569235e+13,-2.235701573310e-03,-2.539328661329e-03,-3.274652770165e-03,-3.719378321016e-03,1.622458814245e-02,1.521044708924e-02
651.00000000,3.868692012504e+13,-1.647188770376e-02,-1.870890867176e-02,-1.191477049152e-02,-1.353289712723e-02,1.403912611305e-02,1.316159048518e-02
651.20000000,3.335983586695e+13,-2.013108733334e-02,-2.286505840473e-02,4.522534614741e-04,5.136733077591e-04,-1.430783335377e-02,-1.341350179606e-02
651.40000000,1.001088633738e+13,-2.787854623465e-02,-3.166468742294e-02,-5.338074915809e-03,-6.063030651285e-03,-3.184365597141e-02,-2.985322277696e-02
651.60000000,1.140454686671e+13,-6.913986200642e-03,-7.852963710774e-03,-2.265886092653e-03,-2.573612594193e-03,-3.769926039219e-02,-3.534281428065e-02
651.80000000,2.405936403069e+13,-2.735854394312e-02,-3.107406444419e-02,-3.157759332454e-02,-3.586609765508e-02,-4.574737145692e-02,-4.288786666926e-02
652.00000000,3.002115451635e+13,-1.352086057125e-02,-1.535710722052e-02,-3.553920977169e-02,-4.036573513235e-02,-1.878908598672e-02,-1.761464733322e-02
652.20000000,2.467479453718e+13,-1.831032680956e-02,-2.079702327935e-02,3.080574342101e-03,3.498942400454e-03,1.194986565536e-02,1.120292223620e-02
652.40000000,2.339605154666e+13,3.926872899573e-03,4.460175285613e-03,2.716259411244e-02,3.085150419759e-02,2.931401399261e-02,2.748169968278e-02
652.60000000,2.054265134995e+13,1.120975211433e-03,1.273213078621e-03,2.148489660012e-03,2.440272732787e-03,-1.359036558404e-02,-1.274088037394e-02
652.80000000,1.795126322716e+13,1.118833072779e-02,1.270780019511e-02,-8.844863838092e-03,-1.004607117783e-02,-2.725535953539e-02,-2.555172436250e-02
653.00000000,2.161943296863e+13,1.651781343601e-02,1.876107150493e-02,-2.385830894490e-03,-2.709846914893e-03,-1.226802626059e-02,-1.150119575841e-02
653.20000000,1.255784892127e+13,-1.442144570084e-02,-1.637999938951e-02,-2.146385488729e-02,-2.437882797242e-02,-1.828908043851e-02,-1.714589534590e-02
653.40000000,2.378214758510e+11,3.178423480768e-02,3.610080137220e-02,8.047484619930e-03,9.140401115743e-03,1.145978338554e-02,1.074347325858e-02
653.60000000,1.419382496429e+13,1.654775207325e-02,1.879507606105e-02,1.889383817620e-02,2.145978124876e-02,3.119917654489e-02,2.924902745741e-02
653.80000000,1.903626182730e+13,2.813676364300e-02,3.195797292836e-02,4.799903791642e-02,5.451771335347e-02,1.412135682278e-02,1.323868124696e-02
654.00000000,-1.093376870024e+13,3.220434448561e-02,3.657796547978e-02,1.971384613106e-02,2.239115322143e-02,2.539693805996e-03,2.380946617553e-03
654.20000000,2.259533255014e+13,2.525893945941e-02,2.868931600253e-02,8.762412704625e-03,9.952422482872e-03,-6.430745821354e-03,-6.028782869631e-03
654.40000000,3.480579503153e+13,3.048847370721e-02,3.462906500991e-02,-9.551778035429e-03,-1.084899030389e-02,8.764451789129e-03,8.216617212975e-03
654.60000000,2.989104059718e+13,5.477332455044e-02,6.221200296483e-02,2.325094204715e-02,2.640861668795e-02,3.832076285762e-02,3.592546884687e-02
654.80000000,8.626585172141e+12,6.305153578151e-02,7.161446494569e-02,7.629783047590e-02,8.665972135983e-02,5.929524028499e-02,5.558890660765e-02
655.00000000,1.450980049396e+13,4.239748059462e-02,4.815541525190e-02,4.000856463447e-02,4.544206619774e-02,5.205939961050e-02,4.880535248848e-02
655.20000000,2.160003865091e+13,1.731511708978e-02,1.966665570452e-02,2.023447805060e-02,2.298249136036e-02,2.836470647567e-02,2.659172998795e-02
655.40000000,3.042751111793e+13,1.258571721427e-02,1.429496352605e-02,9.579361368969e-03,1.088031968749e-02,2.550163444166e-02,2.390761836036e-02
655.60000000,2.437054359698e+13,-2.636464347611e-05,-2.994518392920e-05,-3.276773692201e-02,-3.721787282209e-02,9.862653762583e-03,9.246174503666e-03
655.80000000,1.756393335298e+13,-2.064008209360e-04,-2.344317893679e-04,-1.018340865693e-02,-1.156640170760e-02,-4.183515487812e-03,-3.922018877500e-03
656.00000000,3.748994128297e+13,1.215598822019e-02,1.380687371821e-02,-2.904320360434e-02,-3.298751636908e-02,-9.527291293979e-04,-8.931774345112e-04
656.20000000,2.631097573350e+13,1.382224626486e-02,1.569942362761e-02,3.013515977887e-03,3.422776943044e-03,2.124720363796e-02,1.991911683008e-02
656.40000000,2.116127109167e+12,4.110106270868e-02,4.668293290715e-02,3.774862397275e-02,4.287520647430e-02,7.135863341336e-02,6.689826012003e-02
656.60000000,3.842052509196e+13,3.592174693497e-02,4.080022246526e-02,2.512051993522e-02,2.853209907047e-02,6.647170358973e-02,6.231679482436e-02
656.80000000,2.627991004758e+13,-1.238954778454e-03,-1.407215263690e-03,-2.209998468565e-02,-2.510134957926e-02,2.969855234892e-02,2.784220191995e-02
657.00000000,1.920668731873e+13,-7.465341054571e-03,-8.479197193749e-03,-2.169044067006e-02,-2.463618602148e-02,1.451064482122e-02,1.360363624309e-02
657.20000000,2.269499373291e+13,-2.447692416758e-02,-2.780109645309e-02,-2.035029359981e-02,-2.311403564099e-02,-2.871753673277e-02,-2.692250608594e-02
657.40000000,1.698495577346e+13,-1.123979253170e-02,-1.276625094506e-02,-1.502699372905e-03,-1.706778661087e-03,-3.115220802338e-02,-2.920499477041e-02
657.60000000,3.430323524416e+13,-1.377158203232e-02,-1.564187876593e-02,1.677052195963e-02,1.904810072600e-02,1.510333754154e-03,1.415928185847e-03
657.80000000,1.486324396919e+13,1.233559827455e-02,1.401087632945e-02,1.779088728052e-02,2.020704029011e-02,1.997766698380e-02,1.872893437759e-02
658.00000000,2.451913442908e+13,1.287282167230e-02,1.462105918557e-02,2.262078888051e-02,2.569288338996e-02,1.428133929855e-02,1.338866378960e-02
658.20000000,1.879665386211e+13,1.240224970996e-02,1.408657959069e-02,6.654003362960e-03,7.557673314757e-03,3.273484094126e-02,3.068870295750e-02
658.40000000,3.737182240790e+13,-8.342180724661e-03,-9.475119070009e-03,-1.499536064546e-02,-1.703185748691e-02,7.955086264063e-03,7.457842235960e-03
658.60000000,2.629721333908e+13,-1.440721870568e-02,-1.636384024868e-02,-2.368922549300e-02,-2.690642273377e-02,-8.256148290335e-03,-7.740085950314e-03
658.80000000,2.195635205696e+13,-2.757492626311e-02,-3.131983330418e-02,-1.193112097048e-02,-1.355146813956e-02,-1.709580135227e-02,-1.602720387314e-02
659.00000000,3.080262128834e+13,-7.259046926364e-03,-8.244886586880e-03,-9.969155554474e-03,-1.132305122118e-02,-6.645675522517e-03,-6.230278082867e-03
659.20000000,5.541425025542e+12,-8.871445406657e-03,-1.007626234980e-02,-3.125506480625e-03,-3.549976703529e-03,-1.796425122271e-02,-1.684137004413e-02
659.40000000,1.968101258225e+13,-5.721720407399e-03,-6.498778189394e-03,-2.982070387682e-02,-3.387060775648e-02,-4.061399695919e-02,-3.807536107581e-02
659.60000000,1.107801579725e+13,-5.148213298199e-02,-5.847383988463e-02,-1.397680263250e-01,-1.587497067845e-01,-1.415047548965e-01,-1.326597980997e-01
659.80000000,8.860611440952e+12,-5.158242197220e-02,-5.858774896367e-02,-8.850158111895e-02,-1.005208445880e-01,-1.812756769231e-01,-1.699447818456e-01
660.00000000,1.053858603559e+13,-7.035224571284e-02,-7.990667272422e-02,-5.102158766751e-02,-5.795075093254e-02,-3.450267920095e-02,-3.234603996201e-02
660.20000000,2.096889518964e+13,-1.105413408844e-02,-1.255537852281e-02,-2.195257005453e-02,-2.493391479406e-02,-1.523297549605e-02,-1.428081660749e-02
660.40000000,3.861754905182e+13,1.426897017685e-02,1.620681640622e-02,3.067125517076e-03,3.483667111209e-03,-1.307430203106e-02,-1.225707411036e-02
660.60000000,2.355970511551e+13,6.927998031720e-03,7.868878466429e-03,-2.115864761676e-02,-2.403217097239e-02,-3.911945703401e-02,-3.667423950310e-02
660.80000000,2.548065566943e+13,-3.048154482128e-02,-3.462119512296e-02,-6.507859297834e-02,-7.391681649158e-02,-1.014558071884e-01,-9.511416706458e-02
661.00000000,5.758489868835e+11,-7.130191510315e-02,-8.098531520959e-02,-1.296344276781e-01,-1.472398797077e-01,-1.553417060494e-01,-1.456318508594e-01
661.20000000,1.879741328660e+13,-7.977749227533e-02,-9.061194708728e-02,-5.662753551162e-02,-6.431803392210e-02,-1.601976668842e-01,-1.501842829270e-01
661.40000000,6.098457861585e+12,1.466399067697e-03,1.665548401452e-03,-2.878119506613e-02,-3.268992485470e-02,-8.617864350871e-02,-8.079192431896e-02
661.60000000,1.938238052429e+13,9.479062819830e-03,1.076639932104e-02,1.215348457101e-02,1.380403059832e-02,-1.074211818307e-02,-1.007066674453e-02
661.80000000,1.835380010033e+13,1.859355852582e-02,2.111872024620e-02,9.978616038392e-03,1.133379651885e-02,-5.176500922303e-03,-4.852936339262e-03
662.00000000,1.503442087050e+13,2.249860044260e-02,2.555409971783e-02,1.841801184579e-02,2.091933367702e-02,2.985647390090e-03,2.799025235978e-03
662.20000000,2.272238162284e+12,-9.902111874125e-03,-1.124690199704e-02,-1.268176665044e-02,-1.440405785358e-02,-3.721253185185e-02,-3.488650940286e-02
662.40000000,1.217658827339e+13,-4.096743700268e-03,-4.653115970576e-03,2.972362501653e-03,3.376034476565e-03,-1.572173000526e-02,-1.473902081807e-02
662.60000000,2.792804435821e+13,-1.950645881057e-02,-2.215560007205e-02,-1.175528667875e-02,-1.335175406340e-02,-5.405086169015e-02,-5.067233538672e-02
662.80000000,3.284265542281e+13,-1.049583764212e-03,-1.192126072078e-03,-3.345615510587e-03,-3.799978401957e-03,-1.052532369063e-02,-9.867423301456e-03
663.00000000,1.740130445818e+13,-6.832388533660e-03,-7.760284393937e-03,-1.694200150182e-02,-1.924286864080e-02,-2.794158385750e-02,-2.619505525332e-02
663.20000000,2.737082004347e+13,1.720688777563e-02,1.954372793872e-02,1.789684849291e-02,2.032739193160e-02,2.133000049279e-02,1.999673834925e-02
663.40000000,3.767936496125e+13,2.238891663229e-02,2.542951992305e-02,2.439402592657e-02,2.770694102906e-02,1.422302470065e-02,1.333399422892e-02
663.60000000,-6.689087974365e+11,8.969502132573e-03,1.018763600429e-02,2.668945055877e-02,3.031410374638e-02,1.749602033611e-02,1.640240659782e-02
663.80000000,2.564578660551e+13,-2.459352925666e-02,-2.793353749455e-02,-1.622892483387e-02,-1.843295012848e-02,-4.088478957439e-02,-3.832922741186e-02
664.00000000,3.460227535448e+11,-3.068400812053e-02,-3.485115464206e-02,-1.993795336787e-02,-2.264569611701e-02,-4.835411468747e-02,-4.533167169133e-02
664.20000000,3.693579023507e+12,-4.934739950591e-02,-5.604919163782e-02,-3.097389082978e-02,-3.518040725400e-02,-9.143614930175e-02,-8.572080220383e-02
664.40000000,2.034211158964e+13,-3.158002900898e-02,-3.586886270755e-02,-1.880790522127e-02,-2.136217787152e-02,-8.378920623232e-02,-7.855184223204e-02
664.60000000,4.028202742182e+13,1.569680682119e-03,1.782856528270e-03,1.954263816351e-02,2.219669376341e-02,-3.652753606265e-04,-3.424433025371e-04
664.80000000,3.874253630197e+13,1.021707136590e-02,1.160463563832e-02,3.405783049178e-02,3.868317201326e-02,2.166465863940e-02,2.031047821046e-02
665.00000000,3.856105655405e+13,2.139481365809e-03,2.430040939917e-03,-1.691185173742e-03,-1.920862428331e-03,3.100511075353e-03,2.906709202550e-03
665.20000000,1.945499993767e+13,-3.229492166972e-02,-3.668084380774e-02,-4.658573648621e-02,-5.291247363203e-02,-2.226577190824e-02,-2.087401803594e-02
665.40000000,2.622339273194e+13,-9.336936327435e-03,-1.060497085492e-02,-2.372162272032e-02,-2.694321977865e-02,1.183234293868e-03,1.109274544477e-03
665.60000000,7.512233640789e+12,-1.839164562337e-02,-2.088938587242e-02,-1.855090675343e-03,-2.107027683745e-03,7.138127787164e-03,6.691948915410e-03
665.80000000,6.036628283780e+12,-7.690557009480e-03,-8.734999370620e-03,-1.874192490065e-03,-2.128723686514e-03,8.952611020099e-03,8.393015282491e-03
666.00000000,2.481785129572e+13,-1.715011516847e-02,-1.947924513374e-02,1.646191712171e-02,1.869758474020e-02,-4.216069822403e-02,-3.952538356914e-02
666.20000000,3.280726632501e+13,-6.839533571299e-03,-7.768399787816e-03,-2.752830544277e-02,-3.126688222063e-02,-2.030272864492e-02,-1.903367759534e-02
666.40000000,1.989619510352e+13,-1.030205777456e-02,-1.170116391647e-02,-8.755071021748e-03,-9.944083737347e-03,-5.771487148299e-02,-5.410732101464e-02
666.60000000,2.525585499364e+13,-1.735765752974e-04,-1.971497349418e-04,-1.635697387105e-02,-1.857838930824e-02,-2.357606751076e-02,-2.210241174051e-02
666.80000000,1.698920166175e+13,-2.752121228023e-03,-3.125882451039e-03,-1.056660301007e-02,-1.200163709585e-02,1.427427304952e-03,1.338203922656e-03
667.00000000,2.180479569232e+13,7.631124469359e-03,8.667495391402e-03,4.086238020919e-03,4.641183715108e-03,2.963814754476e-02,2.778557280434e-02
667.20000000,3.292335889637e+13,2.130223748088e-03,2.419526059803e-03,1.893967605251e-02,2.151184429647e-02,2.232278101591e-02,2.092746370792e-02
667.40000000,3.222279957868e+13,-2.426313454285e-02,-2.755827239819e-02,-2.484566929480e-02,-2.821992138775e-02,-4.233490527041e-02,-3.968870155529e-02
667.60000000,3.531271972948e+13,-5.688774226874e-02,-6.461357640298e-02,-2.938803269361e-02,-3.337917616605e-02,-1.786697317236e-02,-1.675017249725e-02
667.80000000,1.293055415913e+13,-6.577899291360e-03,-7.471233370900e-03,-1.107808599708e-02,-1.258258379981e-02,5.483833008036e-03,5.141058194056e-03
668.00000000,3.312585939328e+13,-4.256868984890e-03,-4.834987616371e-03,-9.790883586454e-03,-1.112056841166e-02,6.477761838122e-03,6.072860083125e-03
668.20000000,2.423372050881e+13,-1.752213029460e-03,-1.990178304466e-03,-1.498607081196e-02,-1.702130601542e-02,1.011097663678e-02,9.478975601968e-03
668.40000000,2.584634766069e+13,-3.870483936507e-03,-4.396128226825e-03,5.703998761041e-03,6.478650050539e-03,-1.797306640213e-02,-1.684963421818e-02
668.60000000,2.033227870417e+13,1.664733466389e-02,1.890818280554e-02,-1.017144065014e-02,-1.155280834424e-02,1.301699051000e-03,1.220334492777e-03
668.80000000,-2.390587173327e+12,-6.866791920629e-03,-7.799360050376e-03,-9.687778690290e-03,-1.100346099830e-02,1.614955956043e-02,1.514010827589e-02
669.00000000,1.229648850454e+13,4.396115328503e-02,4.993144785262e-02,2.495287006334e-02,2.834168092761e-02,4.764596877754e-02,4.466778945284e-02
669.20000000,2.608000155795e+13,7.718760490620e-02,8.767033121844e-02,4.148240552864e-02,4.711606715453e-02,1.168083429733e-01,1.095070706742e-01
669.40000000,2.832322834457e+13,4.295095017782e-02,4.878405066217e-02,2.216943196530e-02,2.518022838704e-02,6.906561367893e-02,6.474856885891e-02
669.60000000,3.955404315988e+13,2.369649080397e-02,2.691467367103e-02,2.554358417860e-02,2.901261901737e-02,4.033527063397e-02,3.781405693761e-02
669.80000000,1.635050498362e+13,1.483767317706e-02,1.685275405973e-02,5.231192896174e-03,5.941633149126e-03,1.218657042570e-02,1.142483143682e-02
670.00000000,3.744921517930e+13,-1.439565260174e-02,-1.635070337049e-02,8.805036828187e-03,1.000083532303e-02,2.482699888399e-02,2.327515186172e-02
670.20000000,2.836821518872e+13,-6.619030836912e-03,-7.517950926477e-03,1.451988897801e-02,1.649181274436e-02,2.563412247240e-02,2.403182503753e-02
670.40000000,4.351615455879e+13,-1.492035770437e-02,-1.694666784167e-02,1.015147423422e-02,1.153013032011e-02,3.860210545192e-02,3.618922572051e-02
670.60000000,1.894758624357e+13,1.021939148026e-02,1.160727084373e-02,4.543848613783e-03,5.160941698023e-03,2.973226868273e-02,2.787381076616e-02
670.80000000,8.268067517596e+12,4.129752265952e-02,4.690607377261e-02,4.171654119429e-02,4.738200042444e-02,6.939767855444e-02,6.505987754513e-02
671.00000000,2.055698734800e+13,2.506263897950e-02,2.846635626550e-02,4.142358573470e-02,4.704925913494e-02,5.648174278391e-02,5.295127078601e-02
671.20000000,1.787837673299e+13,5.521660688413e-02,6.271548676984e-02,5.036685710877e-02,5.720710242469e-02,8.055559156508e-02,7.552034926771e-02
671.40000000,-5.502769891464e+11,3.558123631462e-02,4.041346763714e-02,4.470533905686e-02,5.077670232299e-02,6.814304618376e-02,6.388366776260e-02
671.60000000,2.058503816792e+13,1.314960020546e-02,1.493542657275e-02,3.329630550226e-02,3.781822548741e-02,6.032641310299e-02,5.655562449597e-02
671.80000000,2.039225398505e+13,-7.425604188279e-03,-8.434063726612e-03,1.541641819001e-02,1.751009820830e-02,1.858343612791e-02,1.742185191254e-02
672.00000000,3.871392476343e+13,-8.127287764882e-03,-9.231041837879e-03,3.596749161401e-03,4.085218127228e-03,5.424463399167e-03,5.085399567379e-03
672.20000000,1.656665585135e+13,-2.101125730098e-02,-2.386476286097e-02,-8.745534041124e-03,-9.933251554067e-03,5.609819599639e-03,5.259169813821e-03
672.40000000,2.600849356757e+13,7.606629931648e-03,8.639674289338e-03,1.818405827595e-03,2.065360723308e-03,2.944847633707e-02,2.760775726637e-02
672.60000000,2.749485313781e+13,6.433457422602e-02,7.307175080826e-02,3.568521781482e-02,4.053157230301e-02,1.214935982483e-01,1.138994673770e-01
672.80000000,8.629921264751e+12,6.741504027903e-02,7.657057007468e-02,2.545759181129e-02,2.891494815905e-02,6.624724013117e-02,6.210636177485e-02
673.00000000,2.506488346201e+13,1.901686751902e-02,2.159951816299e-02,1.522508298429e-02,1.729277806288e-02,5.112956124611e-02,4.793363499902e-02
673.20000000,3.660771575641e+13,1.848651114700e-02,2.099713493248e-02,1.943979129356e-03,2.207987941840e-03,1.819145460269e-02,1.705437175237e-02
673.40000000,3.331833363188e+12,9.415988532289e-03,1.069475901446e-02,1.957344631865e-02,2.223168592667e-02,4.327287138929e-03,4.056803876235e-03
673.60000000,3.770535226418e+13,2.689602568783e-02,3.054873231754e-02,3.196468766771e-02,3.630576268499e-02,2.308403137969e-02,2.164113103052e-02
673.80000000,3.464681347309e+13,4.528665659476e-02,5.143696566648e-02,5.067736429719e-02,5.755977911630e-02,8.307173380408e-02,7.787921644260e-02
674.00000000,2.841677673651e+13,4.794585142484e-02,5.445730153272e-02,4.500663446753e-02,5.111891619949e-02,1.224132606483e-01,1.147616449652e-01
674.20000000,3.780708467265e+13,3.826089007958e-02,4.345704093378e-02,4.955589524083e-02,5.628600507408e-02,6.730252612295e-02,6.309568560859e-02
674.40000000,3.527029505920e+13,1.528458283652e-02,1.736035781188e-02,1.896121834499e-02,2.153631221452e-02,1.815097934953e-02,1.701642646271e-02
674.60000000,3.689794439370e+13,1.488494232742e-03,1.690644275851e-03,1.384475192217e-02,1.572498636446e-02,1.715608026296e-02,1.608371496443e-02
674.80000000,2.892448288094e+13,3.363884282599e-02,3.820728076670e-02,1.605253640330e-02,1.823260665673e-02,3.836235551712e-02,3.596446169779e-02
675.00000000,1.703819825311e+13,3.409028271213e-02,3.872002998843e-02,8.729025726885e-03,9.914501271090e-03,1.917760660236e-02,1.797888291291e-02
675.20000000,1.504776511819e+13,1.451736077721e-02,1.648894054041e-02,-7.258183073343e-03,-8.243905741373e-03,3.880434873427e-03,3.637882749767e-03
675.40000000,4.683311859593e+13,-3.108056584513e-02,-3.530156824286e-02,-1.603064327976e-02,-1.820774026179e-02,1.497696142009e-02,1.404080505697e-02
675.60000000,3.081414712474e+13,-3.242638296522e-02,-3.683015865347e-02,-2.760294166149e-02,-3.135165466929e-02,1.523847274330e-02,1.428597024144e-02
675.80000000,4.709717262622e+13,-2.291747193306e-02,-2.602985748168e-02,-2.080187462993e-02,-2.362694519553e-02,2.019925365480e-02,1.893667045726e-02
676.00000000,3.149083033728e+13,-1.862538258080e-02,-2.115486627566e-02,-2.720685988359e-02,-3.090178163497e-02,5.486838921120e-03,5.143876218250e-03
676.20000000,1.749567693280e+13,8.320296394035e-03,9.450262663119e-03,-2.027703317633e-02,-2.303082583220e-02,9.278140033747e-03,8.698196640232e-03
676.40000000,1.682805405120e+13,4.344130734531e-03,4.934100245957e-03,-2.808507602190e-02,-3.189926695487e-02,-1.662335742421e-02,-1.558429072753e-02
676.60000000,1.488036556196e+13,-4.550330040578e-03,-5.168303153018e-03,-1.515691637090e-02,-1.721535384668e-02,-1.782488456389e-02,-1.671071469737e-02
676.80000000,3.959015573666e+13,1.743591350854e-03,1.980385729351e-03,-4.517290009595e-03,-5.130776210690e-03,-9.037168333742e-03,-8.472287220482e-03
677.00000000,2.530244746551e+13,-7.833356044751e-03,-8.897191716595e-03,-3.251020269530e-03,-3.692536326856e-03,3.731900955152e-02,3.498633156184e-02
677.20000000,2.004969865879e+13,-6.153867370150e-03,-6.989614346384e-03,1.995950249030e-02,2.267017179259e-02,6.842923859948e-02,6.415197131265e-02
677.40000000,4.658413219734e+13,2.102566624717e-03,2.388112866332e-03,8.718315757882e-03,9.902336797686e-03,6.815101762417e-02,6.389114093674e-02
677.60000000,1.855405238556e+13,-3.025732304425e-02,-3.436652214169e-02,-3.639507752666e-02,-4.133783696938e-02,-9.797908825527e-03,-9.185476541366e-03
677.80000000,3.958287807885e+13,-1.080724011360e-02,-1.227495426847e-02,-2.374228481604e-02,-2.696668796177e-02,-2.024044841949e-02,-1.897529028435e-02
678.00000000,1.947931606499e+13,-1.826756536712e-02,-2.074845447317e-02,-2.349854847182e-02,-2.668985015992e-02,-4.407178976623e-02,-4.131701960515e-02
678.20000000,2.086299167811e+13,-2.354741821897e-03,-2.674535577448e-03,-7.402274032554e-03,-8.407565471902e-03,-3.331690799375e-02,-3.123438707759e-02
678.40000000,2.319436998221e+13,9.690668475758e-03,1.100674280579e-02,-4.454531775009e-03,-5.059494876892e-03,-2.818178060639e-02,-2.642023816138e-02
678.60000000,2.698935020795e+13,2.375459296617e-02,2.698066659581e-02,1.693301620725e-02,1.923266306721e-02,4.416491781217e-03,4.140432654958e-03
678.80000000,3.435890208630e+13,-3.466484685855e-03,-3.937262478112e-03,1.301053098672e-02,1.477747116819e-02,-7.552111754982e-04,-7.080056224079e-04
679.00000000,1.679626952360e+13,3.226542879889e-02,3.664734555686e-02,5.412976857262e-04,6.148104910088e-04,4.467805277571e-02,4.188538727938e-02
679.20000000,1.056775042890e+13,-3.628653153062e-04,-4.121454787877e-04,-2.555484846654e-03,-2.902541309091e-03,2.486306431979e-02,2.330896297595e-02
679.40000000,2.121300522843e+13,1.965323945083e-04,2.232231475853e-04,-1.616375100248e-02,-1.835892513938e-02,1.054716649557e-02,9.887900790683e-03
679.60000000,1.962446522678e+13,-2.226795822591e-02,-2.529213434717e-02,-4.276317854923e-02,-4.857077998709e-02,-2.161311093044e-02,-2.026215256466e-02
679.80000000,1.981833578548e+13,-1.811716315893e-02,-2.057762637942e-02,-3.245251902653e-02,-3.685984566956e-02,-1.573457237271e-02,-1.475106045500e-02
680.00000000,1.041816997598e+13,-3.305836468441e-04,-3.754796880847e-04,-9.421971196549e-03,-1.070155459808e-02,-4.871816499428e-03,-4.567296651378e-03
680.20000000,1.628169126022e+13,2.313651059508e-02,2.627864343730e-02,3.379153173626e-02,3.838070763377e-02,6.258584356567e-02,5.867382603075e-02
680.40000000,3.136739503024e+13,-1.571888314220e-02,-1.785363975389e-02,2.515829329292e-02,2.857500236973e-02,3.580048680011e-02,3.356272624371e-02
680.60000000,7.731806790855e+10,-4.335148164590e-02,-4.923897767426e-02,-4.852040076096e-02,-5.510988168321e-02,-5.353805140937e-03,-5.019157904491e-03
680.80000000,1.692212697137e+13,-3.434456954260e-02,-3.900885111040e-02,-3.041421874149e-02,-3.454472696111e-02,4.439241664675e-04,4.161760524463e-04
681.00000000,2.862410229922e+13,-1.467955995552e-02,-1.667316773212e-02,-2.873180665624e-02,-3.263382908090e-02,-2.453802345972e-03,-2.300423925905e-03
681.20000000,3.027401657075e+13,4.545776400993e-04,5.163131090862e-04,-1.194847298331e-02,-1.357117670254e-02,2.559221774631e-03,2.399253962620e-03
681.40000000,1.133723131563e+13,-4.149247936822e-04,-4.712750724294e-04,9.690586908280e-03,1.100665059605e-02,1.253240489506e-02,1.174904902876e-02
681.60000000,8.980433383498e+12,-3.303323894364e-03,-3.751943078071e-03,1.687579584290e-02,1.916767169327e-02,2.610694522455e-02,2.447509332829e-02
681.80000000,3.741012220804e+13,-1.236896024128e-02,-1.404876913202e-02,-2.162264178311e-02,-2.455917947208e-02,7.682683563821e-04,7.202466455535e-04
682.00000000,1.563419836271e+13,-1.262219925035e-02,-1.433640012963e-02,-1.858742969210e-02,-2.111175990020e-02,5.813495954866e-03,5.450115087581e-03
682.20000000,3.101180571811e+13,-3.139323186161e-02,-3.565669693560e-02,-1.608500781840e-02,-1.826948796471e-02,-3.181237494721e-02,-2.982389701784e-02
682.40000000,1.790689731206e+13,1.638032429472e-02,1.860491018122e-02,1.452925546542e-03,1.650245128001e-03,3.360985950860e-02,3.150902723962e-02
682.60000000,1.899231086961e+13,-1.001124487994e-02,-1.137085618344e-02,-1.425260837541e-02,-1.618823317465e-02,9.822723326161e-05,9.208739976231e-05
682.80000000,2.698820412851e+13,-1.004218055493e-02,-1.140599318344e-02,4.560194655652e-03,5.179507670670e-03,1.988341467301e-02,1.864057344209e-02
683.00000000,1.584067307212e+13,-2.337159391228e-02,-2.654565304731e-02,-1.244722248271e-02,-1.413766060355e-02,1.741432930864e-02,1.632582178468e-02
683.20000000,1.950144943551e+13,-6.441086029628e-03,-7.315839716883e-03,-5.219700673760e-03,-5.928580185679e-03,4.037411499752e-02,3.785047327875e-02
683.40000000,1.741304481570e+13,-9.728852161273e-03,-1.105011215713e-02,-1.644124226985e-02,-1.867410206854e-02,-1.060788459090e-03,-9.944823614747e-04
683.60000000,1.053753490715e+13,-7.913926391577e-03,-8.988704194553e-03,-2.069205341763e-02,-2.350220933348e-02,-3.360702684441e-02,-3.150637163515e-02
683.80000000,3.054978127904e+13,-4.819171293096e-02,-5.473655310040e-02,-3.712627819225e-02,-4.216834087156e-02,-5.069373155608e-02,-4.752504746621e-02
684.00000000,1.638850604422e+13,-2.117014846682e-02,-2.404523278426e-02,-3.632784615156e-03,-4.126147500473e-03,-1.074432521852e-02,-1.007273582608e-02
684.20000000,1.200321103003e+13,-2.361779957474e-02,-2.682529551066e-02,-4.242978936588e-03,-4.819211373206e-03,-3.496800645095e-03,-3.278228126769e-03
684.40000000,-1.623125736198e+12,-2.817307870535e-02,-3.199921988178e-02,1.509644330528e-02,1.714666802712e-02,1.330337217103e-02,1.247182589408e-02
684.60000000,1.521687055134e+13,-2.047677954263e-02,-2.325769852519e-02,-9.425701701995e-04,-1.070579173773e-03,2.290211281605e-03,2.147058354652e-03
684.80000000,2.168521106739e+13,-9.213076845544e-04,-1.046429021306e-03,1.150001573600e-02,1.306181516695e-02,-7.847279010362e-04,-7.356773628615e-04
685.00000000,3.334770606699e+13,-1.091149082798e-02,-1.239336310717e-02,5.338011207426e-03,6.062958290765e-03,-3.787426442054e-02,-3.550687943227e-02
685.20000000,2.726072992309e+13,-2.004683748997e-02,-2.276936672363e-02,4.984023950399e-03,5.660896569383e-03,7.741710742986e-04,7.257804056567e-04
685.40000000,2.675136859048e+13,1.551376553280e-02,1.762066544698e-02,1.192249127955e-02,1.354166646360e-02,-8.319859905983e-04,-7.799815180432e-04
685.60000000,3.000823294541e+13,3.041838240246e-02,3.454945471613e-02,-8.676603435882e-04,-9.854959589454e-04,9.204463910599e-03,8.629125748383e-03
685.80000000,3.288029719967e+13,-1.476354972542e-02,-1.676856401957e-02,1.483299432505e-02,1.684744044651e-02,-1.938896507542e-02,-1.817703012276e-02
686.00000000,4.133526652064e+13,-2.107862311408e-02,-2.394127751840e-02,2.458292499665e-02,2.792149419101e-02,5.283489861705e-04,4.953237782213e-04
686.20000000,1.050575549465e+13,-2.231319081794e-03,-2.534350990585e-03,2.145472908720e-02,2.436846281146e-02,-1.196807179186e-02,-1.121999037214e-02
686.40000000,3.558552713821e+13,2.859964832368e-02,3.248372124404e-02,2.306075123702e-02,2.619259635671e-02,-1.012003481022e-02,-9.487467581339e-03
686.60000000,2.207475165014e+13,7.777510425016e-02,8.833761791736e-02,3.816351982122e-02,4.334644868915e-02,-8.693753862162e-03,-8.150338360901e-03
686.80000000,3.769776937042e+13,1.387626009483e-01,1.576077299024e-01,1.079111301135e-01,1.225663745474e-01,1.346974636538e-01,1.262780063181e-01
687.00000000,2.243536465762e+13,-5.560956816574e-03,-6.316181550042e-03,8.368750593884e-03,9.505297726979e-03,4.147492451001e-03,3.888247512052e-03
687.20000000,4.001631474211e+13,5.650327406680e-03,6.417689418376e-03,-3.646220890406e-03,-4.141408535578e-03,-1.497945162111e-03,-1.404313960441e-03
687.40000000,1.658237514626e+13,-8.843417939530e-03,-1.004442851678e-02,4.354131098219e-03,4.945458938771e-03,-1.864256555905e-02,-1.747728537414e-02
687.60000000,1.953688687150e+13,-6.447692008984e-03,-7.323342843828e-03,-1.079159647277e-02,-1.225718657431e-02,-2.374435037413e-02,-2.226017584317e-02
687.80000000,1.825079797477e+13,6.611902243836e-03,7.509854210472e-03,-4.686500043836e-03,-5.322966399155e-03,1.173272261538e-02,1.099935203205e-02
688.00000000,2.327051496062e+13,9.303324493328e-03,1.056679425089e-02,5.328934525383e-03,6.052648918508e-03,3.848255905134e-02,3.607715173843e-02
688.20000000,2.394773639196e+13,2.196627861255e-02,2.494948410356e-02,1.637951289847e-03,1.860398932628e-03,2.311227562156e-02,2.166760982572e-02
688.40000000,4.369243638549e+13,6.102734902041e-03,6.931537658805e-03,1.548995594498e-02,1.759362301254e-02,1.158456623878e-02,1.086045638137e-02
688.60000000,1.997660109242e+13,1.238275103655e-03,1.406443283335e-03,-1.251802575091e-02,-1.421807955459e-02,-2.057403336071e-03,-1.928802402240e-03
688.80000000,1.967945092931e+13,2.638236585881e-02,2.996531316108e-02,6.509763345968e-03,7.393844283138e-03,1.204961288629e-02,1.129643462401e-02
689.00000000,1.604392982732e+13,-1.327376688215e-03,-1.507645612904e-03,1.432682390267e-04,1.627252779845e-04,1.227620552828e-02,1.150886376930e-02
689.20000000,4.714933342588e+13,6.140694446472e-04,6.974652428820e-04,2.235041384794e-02,2.538578914050e-02,3.919538111916e-02,3.674541784487e-02
689.40000000,3.114432713284e+13,-1.505473541396e-04,-1.709929517502e-04,2.997000470956e-02,3.404018490544e-02,3.492786277731e-02,3.274464683170e-02
689.60000000,1.872832786252e+13,-1.517524458153e-02,-1.723617050173e-02,2.334491845559e-02,2.651535588772e-02,1.079630044406e-02,1.012146226592e-02
689.80000000,2.154761251032e+13,-6.334288241177e-03,-7.194537890013e-03,1.650432153360e-02,1.874574802997e-02,-2.273193458730e-02,-2.131104255099e-02
690.00000000,3.737409383941e+13,9.548969354557e-03,1.084579975148e-02,1.740139090498e-02,1.976464701150e-02,1.920831878186e-02,1.800767538377e-02
690.20000000,1.839717454379e+13,7.102558848552e-03,8.067146111189e-03,1.603319975755e-02,1.821064393089e-02,1.693998257292e-02,1.588112476913e-02
690.40000000,1.839667508277e+13,1.609862079162e-02,1.828494897175e-02,4.225733594467e-02,4.799623967723e-02,3.012813625858e-02,2.824493407382e-02
690.60000000,2.890942209517e+13,5.767112912219e-03,6.550335378366e-03,5.282746502316e-02,6.000188171143e-02,2.170954499224e-02,2.035255887771e-02
690.80000000,2.893442765333e+13,1.309864820492e-03,1.487755486176e-03,4.995414071128e-02,5.673833564871e-02,3.311223041530e-03,3.104250316350e-03
691.00000000,3.382184590426e+13,-2.103190265680e-02,-2.388821202985e-02,2.000554513681e-02,2.272246742002e-02,-6.810412846909e-03,-6.384718265526e-03
691.20000000,-5.705425000785e+12,-3.459373047525e-02,-3.929185019450e-02,-1.332614632725e-02,-1.513594974217e-02,-2.894929418363e-02,-2.713977720634e-02
691.40000000,4.317209390295e+13,-2.481769831814e-03,-2.818815060105e-03,-1.441873588113e-02,-1.637692220115e-02,-5.688075895383e-03,-5.332534588036e-03
691.60000000,2.970609145858e+13,-1.819512990922e-03,-2.066618167052e-03,-6.301141905850e-03,-7.156890286444e-03,5.824637691861e-03,5.460560394394e-03
691.80000000,1.468382989561e+13,3.741097318503e-03,4.249169817254e-03,2.628039178726e-02,2.984949133292e-02,2.446563923747e-02,2.293637951599e-02
692.00000000,7.124700528769e+12,3.525987038550e-02,4.004845751041e-02,4.761238130020e-02,5.407854549752e-02,2.997431985671e-02,2.810073218582e-02
692.20000000,1.277619763375e+13,4.852845997663e-03,5.511903322875e-03,3.248067760858e-02,3.689182842528e-02,1.393512229775e-02,1.306408757689e-02
692.40000000,1.362460492646e+13,-2.600211631566e-03,-2.953342253001e-03,2.573668011591e-02,2.923193901662e-02,-8.481114924120e-03,-7.950990723365e-03
692.60000000,2.464234064421e+13,-1.845783968964e-03,-2.096456964993e-03,-2.825977142607e-04,-3.209768747286e-04,-1.359089822240e-02,-1.274137971898e-02
692.80000000,1.958383207381e+13,-3.488867191972e-02,-3.962684716918e-02,-4.216679586737e-02,-4.789340349144e-02,-6.428365259785e-02,-6.026551108462e-02
693.00000000,8.194694179838e+12,-1.854318901484e-02,-2.106151013175e-02,-7.708609001800e-02,-8.755503321669e-02,-8.879459693110e-02,-8.324436383667e-02
693.20000000,4.805722967195e+13,-9.474625486054e-02,-1.076135936000e-01,-8.980010290704e-02,-1.019957166209e-01,-1.052675558041e-01,-9.868765688924e-02
693.40000000,1.324616902383e+13,-5.131667660658e-02,-5.828591314105e-02,-4.884543587554e-02,-5.547905931625e-02,-3.015673823209e-02,-2.827174824013e-02
693.60000000,2.315443031484e+13,2.932997393434e-03,3.331323121863e-03,-2.165641180408e-05,-2.459753574713e-05,2.529550363633e-03,2.371437205542e-03
693.80000000,2.995880896300e+13,2.056495659409e-02,2.335785076228e-02,2.667262550342e-02,3.029499370617e-02,7.421867042817e-03,6.957952643663e-03
694.00000000,1.488790399092e+13,-5.257411746600e-03,-5.971412505106e-03,2.474091434251e-03,2.810093982669e-03,7.422374131938e-03,6.958428036454e-03
694.20000000,3.878381243257e+13,3.711226849985e-03,4.215242687739e-03,-5.257618634944e-03,-5.971647726791e-03,7.422404511236e-03,6.958456516850e-03
694.40000000,1.634286245665e+13,-1.175278356429e-02,-1.334891047691e-02,-1.097957320507e-02,-1.247069213720e-02,-1.453608940613e-02,-1.362749037788e-02
694.60000000,2.157824670752e+13,-7.500317563270e-03,-8.518923806670e-03,-3.170198203756e-03,-3.600737940768e-03,1.515567346812e-02,1.420834645321e-02
694.80000000,1.145622763919e+13,-4.354455296092e-03,-4.945826969863e-03,1.549419650398e-02,1.759843947534e-02,2.916670093515e-02,2.734359463836e-02
695.00000000,3.108707994456e+13,-1.229651349409e-02,-1.396648350689e-02,-1.767844956790e-03,-2.007933258485e-03,1.586461845326e-02,1.487297781956e-02
695.20000000,3.560676235925e+13,9.147077444549e-03,1.038932753800e-02,-8.258757438379e-03,-9.380366570376e-03,3.346194860139e-02,3.137036171491e-02
695.40000000,8.035119570478e+12,9.034501599179e-03,1.026146294546e-02,-1.767014629267e-02,-2.006990165460e-02,1.317460736885e-02,1.235110971976e-02
695.60000000,2.734818580235e+13,3.046306294987e-03,3.460020325788e-03,1.861907776564e-03,2.114770604988e-03,1.411204496068e-02,1.322995143610e-02
695.80000000,3.673016280135e+13,4.077740040062e-03,4.631531453391e-03,1.949711416672e-02,2.214498722270e-02,2.171151150992e-02,2.035440247540e-02
696.00000000,3.124892630244e+13,1.037365701290e-03,1.178248693392e-03,1.231928326909e-02,1.399234616231e-02,1.764089940723e-02,1.653822979568e-02
696.20000000,2.382211727377e+13,9.240806941282e-03,1.049578628916e-02,1.009647800768e-02,1.146766514073e-02,2.847605069080e-02,2.669611447390e-02
696.40000000,4.346499849366e+13,1.169797683366e-02,1.328666053104e-02,-3.821920199394e-03,-4.340969297202e-03,1.563780536523e-02,1.466034200753e-02
696.60000000,5.187264149031e+13,-5.673942488824e-03,-6.444511627405e-03,-1.421344291347e-02,-1.614374871163e-02,1.272330886270e-02,1.192802027126e-02
696.80000000,3.053090496643e+12,2.427785247313e-02,2.757498914726e-02,1.111731211798e-02,1.262713715980e-02,5.223703983053e-02,4.897188905286e-02
697.00000000,3.815517227837e+13,3.893881508464e-02,4.422703385955e-02,4.163037237802e-02,4.728412915390e-02,5.394933855423e-02,5.057715809939e-02
697.20000000,1.771033659862e+13,2.377116751498e-03,2.699949210784e-03,2.933312914469e-02,3.331681625068e-02,8.802025728548e-03,8.251842539649e-03
697.40000000,1.453017134724e+13,-1.014616736574e-02,-1.152410227825e-02,1.503919776901e-02,1.708164806271e-02,4.472716370913e-04,4.193142846380e-04
697.60000000,4.365742688419e+13,7.305524639733e-03,8.297676364854e-03,1.505495263970e-02,1.709954257814e-02,5.206948961676e-03,4.881481180450e-03
697.80000000,2.691265453268e+13,3.209670992103e-03,3.645571323555e-03,-8.311448229117e-05,-9.440213216232e-05,1.268248906446e-02,1.188975197281e-02
698.00000000,2.452576876437e+13,-4.423603357871e-02,-5.024365920342e-02,-2.171124559440e-02,-2.465981643055e-02,-1.052913844142e-02,-9.870999605804e-03
698.20000000,1.942725745363e+13,1.871543660407e-02,2.125715039313e-02,-3.971750941132e-03,-4.511148321286e-03,1.011412871425e-02,9.481930654329e-03
698.40000000,2.241280987318e+13,2.373967489519e-02,2.696372252525e-02,4.242779589001e-02,4.818984952530e-02,5.124846013215e-02,4.804510194038e-02
698.60000000,9.128488876667e+12,2.663894498160e-02,3.025673788796e-02,2.486916981700e-02,2.824661347969e-02,4.715561756716e-02,4.420808834517e-02
698.80000000,2.973516533685e+13,1.111770899009e-02,1.262758743112e-02,2.302117451523e-02,2.614764478128e-02,3.181817314626e-02,2.982933279218e-02
699.00000000,-3.419642790908e+12,4.493592698333e-02,5.103860402229e-02,4.120894817802e-02,4.680547198215e-02,3.742594629992e-02,3.508658407606e-02
699.20000000,1.552658078144e+12,2.401459169970e-02,2.727597534535e-02,1.747503433469e-02,1.984829184201e-02,2.883878771850e-02,2.703617810563e-02
699.40000000,3.964097539596e+12,1.982716242756e-02,2.251985793909e-02,1.423560733928e-02,1.616892325398e-02,3.749234688799e-02,3.514883420054e-02
699.60000000,1.391835970540e+13,-3.018464627197e-03,-3.428397525212e-03,-3.258356662235e-02,-3.700869063760e-02,3.483102945516e-03,3.265386621465e-03
699.80000000,2.448029568774e+13,-6.811095195171e-03,-7.736099240890e-03,-2.538685040341e-02,-2.883459946949e-02,7.383850043307e-02,6.922311951002e-02
700.00000000,2.350256941596e+13,6.192193290759e-03,7.033145249540e-03,-1.176521845871e-02,-1.336303466310e-02,6.656570457138e-02,6.240492014040e-02
700.20000000,3.218174868932e+13,3.668983507062e-02,4.167262343351e-02,4.025000003579e-03,4.571629056920e-03,6.393630931752e-02,5.993987899209e-02
700.40000000,2.661260930731e+13,4.652188368142e-02,5.283994698646e-02,3.320782769442e-02,3.771773164471e-02,6.757683015008e-02,6.335284387076e-02
700.60000000,1.919716146104e+13,5.391621870876e-02,6.123849493694e-02,6.167678185833e-02,7.005301064101e-02,6.499566496168e-02,6.093301809878e-02
700.80000000,2.931448388403e+13,1.285838724235e-02,1.460466443857e-02,8.610207903099e-03,9.779546981595e-03,2.417278490991e-02,2.266183046641e-02
701.00000000,4.820051173815e+13,1.528370906396e-02,1.735936537365e-02,2.724268449347e-03,3.094247152996e-03,2.485461633093e-02,2.330104304069e-02
701.20000000,4.147597671841e+13,1.026889765364e-02,1.166350037208e-02,-1.001698867450e-02,-1.137738048359e-02,4.894195893130e-02,4.588277189116e-02
701.40000000,3.647985646050e+13,-1.688954889174e-03,-1.918329176385e-03,-1.283601158320e-02,-1.457925055318e-02,3.380272364587e-02,3.168983612856e-02
701.60000000,7.593435765242e+12,-1.616851261589e-02,-1.836433269392e-02,-7.635795178580e-03,-8.672800765226e-03,2.751014377387e-04,2.579058294832e-04
701.80000000,2.148806361519e+13,9.899309370427e-03,1.124371888976e-02,4.714277731294e-02,5.354516531578e-02,4.096378645723e-02,3.840328648171e-02
702.00000000,4.337943060086e+13,2.164840766571e-02,2.458844360712e-02,4.839545551640e-02,5.496796781736e-02,3.272560510910e-02,3.068004442422e-02
702.20000000,1.801860369408e+13,-1.058996953907e-03,-1.202817652150e-03,2.543563998376e-02,2.889001508762e-02,2.066823680615e-02,1.937633914695e-02
702.40000000,1.090464091731e+13,3.081938035875e-03,3.500491156945e-03,-6.599611748924e-03,-7.495894859363e-03,1.063817993400e-03,9.973225304161e-04
702.60000000,1.869034862731e+13,7.063708418715e-04,8.023019466041e-04,-9.856868513699e-03,-1.119551465028e-02,-1.676598124626e-03,-1.571799964389e-03
702.80000000,1.807618778334e+13,1.999891405591e-02,2.271493488393e-02,1.525292827880e-02,1.732440498397e-02,1.731813846876e-02,1.623564349063e-02
703.00000000,2.526659599076e+13,4.634701463553e-04,5.264132925259e-04,1.176048569152e-02,1.335765914610e-02,-6.698961933388e-04,-6.280233750522e-04
703.20000000,4.789844172312e+13,-9.512807134443e-03,-1.080472639755e-02,-2.253856249534e-02,-2.559948996603e-02,-1.374341027649e-02,-1.288435878931e-02
703.40000000,2.243160605079e+13,-1.656769258594e-02,-1.881772466317e-02,-2.426921697528e-02,-2.756518196626e-02,-2.829972808518e-03,-2.653081316456e-03
703.60000000,1.242585348943e+13,2.233700219145e-02,2.537055506427e-02,-5.254261422595e-03,-5.967834576602e-03,4.649863566288e-03,4.359217203310e-03
703.80000000,6.969848041196e+12,1.213796472101e-02,1.378640247618e-02,1.092897686404e-02,1.241322438499e-02,7.181654505128e-04,6.732754933708e-04
704.00000000,2.123675827171e+13,1.638584219392e-02,1.861117745757e-02,3.746938462969e-02,4.255804406600e-02,2.393969807486e-02,2.244331305688e-02
704.20000000,2.467804618930e+13,3.754831212045e-03,4.264768889116e-03,3.214002741019e-02,3.650491504793e-02,4.048165611644e-02,3.795129238644e-02
704.40000000,3.854013403702e+13,2.407544013028e-02,2.734508750487e-02,-1.806984638778e-03,-2.052388440422e-03,6.090167874159e-02,5.709493233426e-02
704.60000000,4.796365004011e+13,-2.360183360977e-02,-2.680716123327e-02,-5.896844291603e-02,-6.697685635689e-02,-1.651526313105e-02,-1.548295302254e-02
704.80000000,1.405028907741e+13,-4.368560395233e-03,-4.961847660168e-03,-4.734335291290e-02,-5.377298077917e-02,-1.577074376884e-02,-1.478497090636e-02
705.00000000,1.369133453315e+13,4.888741457742e-03,5.552673688507e-03,-2.053206895595e-02,-2.332049762838e-02,-1.908257987892e-02,-1.788979597053e-02
705.20000000,5.555894895158e+12,2.097749043695e-02,2.382641017264e-02,2.839462393163e-02,3.225085408961e-02,-1.440100431128e-03,-1.350084896981e-03
705.40000000,-2.572345062017e+12,1.253340272782e-02,1.423554429209e-02,3.909491079028e-02,4.440433043169e-02,2.515334535434e-02,2.358109957987e-02
705.60000000,1.399193064172e+13,9.173150864502e-03,1.041894194780e-02,2.562487867947e-02,2.910495399924e-02,2.871183455712e-02,2.691716033292e-02
705.80000000,2.879159409362e+13,-5.898836980635e-03,-6.699948683785e-03,-3.654879802498e-02,-4.151243401190e-02,1.057746429119e-02,9.916304779316e-03
706.00000000,1.980775195494e+13,-1.383475962195e-02,-1.571363640390e-02,-2.244737426296e-02,-2.549591760021e-02,4.720453274505e-02,4.425394601000e-02
706.20000000,1.846434292752e+13,4.795884549065e-04,5.447206030207e-04,-7.191819548426e-03,-8.168529488314e-03,-2.518604746476e-02,-2.361175759816e-02
706.40000000,3.893281174584e+13,3.755466800785e-02,4.265490796155e-02,7.582687783289e-03,8.612480936349e-03,-1.770528857199e-03,-1.659859422374e-03
706.60000000,4.118680520554e+13,1.370587988438e-02,1.556725371339e-02,2.220504800226e-02,2.522068138314e-02,-8.237564044255e-03,-7.722663339076e-03
706.80000000,5.187911980993e+13,2.374039945876e-02,2.696454549065e-02,2.382393739329e-02,2.705942964982e-02,1.616450535286e-02,1.515411986021e-02
707.00000000,5.034424055325e+13,-6.287278049393e-03,-7.141143318575e-03,-2.317535547686e-02,-2.632276482192e-02,-1.139849090839e-02,-1.068601195524e-02
707.20000000,3.920224022536e+13,-6.437052615936e-03,-7.311258531669e-03,-2.552051389642e-02,-2.898641559568e-02,-1.487350941536e-02,-1.394381946754e-02
707.40000000,2.858188126000e+13,-1.642841509590e-02,-1.865953211791e-02,-2.580410130836e-02,-2.930851657741e-02,-2.834692685633e-02,-2.657506170911e-02
707.60000000,2.658738780773e+13,1.556940262063e-02,1.768385851954e-02,1.960319909764e-02,2.226547938476e-02,-1.582530582762e-02,-1.483612248573e-02
707.80000000,5.131080922095e+13,-2.550385524762e-03,-2.896749341585e-03,1.736292313302e-02,1.972095499066e-02,-1.369041823056e-02,-1.283467908690e-02
708.00000000,3.124083439113e+13,1.042841884499e-02,1.184468588364e-02,2.980112038211e-02,3.384836465750e-02,4.242059922684e-03,3.976903908859e-03
708.20000000,4.948644058287e+13,1.508484767534e-02,1.713349693495e-02,5.744453065882e-03,6.524598392235e-03,1.784095309721e-02,1.672577884406e-02
708.40000000,3.171839312064e+13,1.222038581040e-02,1.388001704311e-02,-2.844166619532e-03,-3.230428509070e-03,3.556510996826e-02,3.334206197688e-02
708.60000000,1.829594128582e+13,-8.234792769590e-03,-9.353146926925e-03,-3.899349209918e-02,-4.428913822431e-02,8.066518615032e-03,7.562309348688e-03
708.80000000,2.333690502761e+13,-5.142339371425e-03,-5.840712333000e-03,-2.407744782116e-02,-2.734736893858e-02,1.916374716077e-02,1.796588977551e-02
709.00000000,2.532826975506e+13,1.366812738356e-02,1.552437410526e-02,-1.925946594766e-02,-2.187506436491e-02,1.270345883011e-02,1.190941099331e-02
709.20000000,3.313809153644e+13,2.364828646594e-03,2.685992277824e-03,2.103903039303e-02,2.389630871768e-02,-1.020646461297e-02,-9.568494965827e-03
709.40000000,3.498794998763e+13,4.534580257019e-04,5.150414416316e-04,2.877033336342e-02,3.267758804087e-02,3.121457251488e-02,2.926346108031e-02
709.60000000,2.899169627849e+13,4.771552251045e-03,5.419569201345e-03,3.849486949006e-02,4.372279844635e-02,3.976761057196e-02,3.728187927849e-02
709.80000000,2.254432796565e+13,2.159578180655e-02,2.452867071342e-02,2.512063805705e-02,2.853223323425e-02,4.415199100031e-02,4.139220774655e-02
710.00000000,2.786388411456e+13,2.487469118038e-02,2.825288357361e-02,9.709064506388e-04,1.102763760831e-03,5.257463781952e-02,4.928838499740e-02
710.20000000,3.064121130597e+13,1.971187114798e-02,2.238890913351e-02,-6.013658502931e-03,-6.830364205202e-03,5.370480956426e-02,5.034791374317e-02
710.40000000,1.819276673072e+13,1.625019170963e-02,1.845710449596e-02,-1.166385070537e-02,-1.324790031126e-02,4.702417858292e-02,4.408486514235e-02
710.60000000,1.386954052777e+13,1.491733529821e-02,1.694323496732e-02,-1.558790836318e-02,-1.770487819784e-02,-6.294017064493e-03,-5.900600538988e-03
710.80000000,2.394665929163e+13,-7.445290018688e-02,-8.456423058455e-02,-2.702297738653e-02,-3.069292633910e-02,-1.197685798988e-01,-1.122822737631e-01
711.00000000,3.027393758192e+13,-1.153777036890e-02,-1.310469668016e-02,-7.980065009484e-02,-9.063825351805e-02,-8.604250526550e-02,-8.066429559107e-02
711.20000000,3.006729773574e+13,2.153348279411e-02,2.445791097082e-02,-3.738463646203e-02,-4.246178638017e-02,3.620367504883e-02,3.394071263512e-02
711.40000000,5.926860006283e+13,6.767402255037e-03,7.686472431791e-03,-1.439592564067e-02,-1.635101413704e-02,2.675276889404e-03,2.508054886698e-03
711.60000000,2.953171095371e+13,3.203563213475e-02,3.638634057189e-02,-2.872376000694e-04,-3.262468962851e-04,4.430363374544e-02,4.153437184533e-02
711.80000000,1.803955502514e+13,2.892883384687e-02,3.285761293151e-02,-6.631187171232e-04,-7.531758491155e-04,3.582336297402e-02,3.358417250970e-02
712.00000000,4.395231017427e+13,1.617769183735e-02,1.837475853091e-02,-1.898975042098e-02,-2.156871918782e-02,-1.266588557643e-02,-1.187418630952e-02
712.20000000,2.452528177833e+13,6.287057023817e-02,7.140892275865e-02,1.509712210405e-02,1.714743901251e-02,-3.591701546089e-02,-3.367197111412e-02
712.40000000,4.353544499670e+13,-9.597930473405e-02,-1.090141020229e-01,-3.543623737522e-02,-4.024877821326e-02,-4.383070519293e-02,-4.109100436741e-02
712.60000000,4.391211095770e+13,2.344110462744e-02,2.662460390254e-02,1.001999866098e-01,1.138079925170e-01,1.248385392602e-02,1.170353280738e-02
712.80000000,2.699469258617e+13,4.109557283918e-02,4.667669746718e-02,5.042744269456e-02,5.727591604561e-02,5.494556371407e-02,5.151111278285e-02
713.00000000,4.702347822970e+13,1.454760880603e-02,1.652329650610e-02,1.366779785510e-02,1.552400043799e-02,6.762419994661e-03,6.339725275050e-03
713.20000000,-3.147009390324e+12,2.352858809903e-02,2.672396836579e-02,2.230768783361e-02,2.533726057196e-02,7.319566236115e-03,6.862046294986e-03
713.40000000,2.240116246508e+13,9.060654439544e-03,1.029116756163e-02,-1.104011675757e-02,-1.253945801634e-02,-1.916854308511e-02,-1.797038592375e-02
713.60000000,2.162338872876e+13,2.195022116018e-02,2.493124591402e-02,-6.557215573798e-03,-7.447740924968e-03,1.446294414113e-03,1.355891716213e-03
713.80000000,1.611650558223e+13,2.643739157497e-02,3.002781183256e-02,-1.035919973913e-02,-1.176606670602e-02,2.717622341729e-02,2.547753476049e-02
714.00000000,3.541963153678e+13,1.204166633840e-02,1.367702596282e-02,-3.874317974522e-03,-4.400483133495e-03,-1.896443238688e-03,-1.777903345621e-03
714.20000000,4.315722976668e+13,9.057472178714e-03,1.028755312300e-02,1.827725970308e-02,2.075946620252e-02,-1.069306362669e-02,-1.002467841326e-02
714.40000000,1.947183054963e+13,3.709735003776e-02,4.213548236260e-02,3.555760459359e-02,4.038662812670e-02,-4.368680943252e-03,-4.095610301701e-03
714.60000000,1.211173744316e+13,1.297752312726e-03,1.473997997924e-03,-3.161666781431e-02,-3.591047879114e-02,-5.932736550616e-02,-5.561902379599e-02
714.80000000,3.386018416689e+13,7.423861514686e-03,8.432084383280e-03,-1.517754443160e-02,-1.723878337255e-02,-2.575546489264e-02,-2.414558277649e-02
715.00000000,2.808863729102e+13,5.257953008818e-03,5.972027275289e-03,-1.848567503111e-02,-2.099618609536e-02,-3.496307488282e-02,-3.277765795427e-02
715.20000000,3.133536634561e+13,2.317566122087e-02,2.632311104755e-02,-8.749469966877e-03,-9.937722011838e-03,-2.547125459620e-02,-2.387913745054e-02
715.40000000,1.728244909377e+13,3.631696925113e-02,4.124911929792e-02,-1.762126850974e-02,-2.001438585522e-02,-4.464886328739e-02,-4.185802232171e-02
715.60000000,4.619368176143e+13,2.832301063760e-02,3.216951383217e-02,-4.519111722211e-03,-5.132845327292e-03,-5.599499785253e-02,-5.249495054172e-02
715.80000000,3.399904297931e+13,2.321198589177e-02,2.636436891444e-02,1.144109181478e-02,1.299488887871e-02,-2.390469797233e-02,-2.241050068574e-02
716.00000000,2.761101383545e+13,3.416586453141e-02,3.880587645481e-02,3.281008793951e-02,3.726597546607e-02,9.458262569304e-03,8.867060359460e-03
716.20000000,2.306961776864e+13,1.982815547007e-02,2.252098584513e-02,4.102742021462e-03,4.659929098554e-03,-7.513546604869e-03,-7.043901643755e-03
716.40000000,1.086682546797e+13,6.577401203413e-03,7.470667638419e-03,2.543836294865e-02,2.889310785419e-02,-1.558850201824e-02,-1.461412043665e-02
716.60000000,3.516411463999e+13,1.497218352666e-02,1.700553204677e-02,9.625797733570e-03,1.093306250328e-02,-2.341977085994e-02,-2.195588463507e-02
716.80000000,3.415269407908e+13,2.469444564410e-02,2.804815917665e-02,3.963449437888e-03,4.501719403669e-03,-1.493068311740e-02,-1.399741944568e-02
717.00000000,4.404911837841e+13,1.238282348791e-02,1.406451512420e-02,-1.547920346480e-02,-1.758141025458e-02,-5.542540045522e-03,-5.196095664320e-03
717.20000000,2.270265852105e+13,-2.231199722602e-02,-2.534215421410e-02,-5.629956927701e-04,-6.394552709807e-04,-5.615176953267e-03,-5.264192298409e-03
717.40000000,3.642471384769e+13,7.838395566136e-03,8.902915647394e-03,-2.061751323057e-02,-2.341754595837e-02,2.684932380129e-02,2.517106847185e-02
717.60000000,1.903854191057e+13,-2.031618799656e-02,-2.307529729571e-02,4.981164956323e-03,5.657649299723e-03,1.089551909790e-02,1.021447911609e-02
717.80000000,4.002580471455e+13,-6.330576233748e-03,-7.190321760738e-03,-6.905862748369e-03,-7.843737335519e-03,1.267803824479e-02,1.188557935798e-02
718.00000000,4.068440343600e+13,4.987029770172e-03,5.664310380903e-03,1.296877029358e-02,1.473003901960e-02,1.262919448942e-02,1.183978865129e-02
718.20000000,1.048086553394e+13,1.528769618905e-02,1.736389398388e-02,1.805738765382e-02,2.050973366878e-02,1.161999327148e-02,1.089366899679e-02
718.40000000,2.709079423918e+13,4.139678119417e-03,4.701881245157e-03,-1.454314063462e-02,-1.651822217266e-02,-1.769890182808e-03,-1.659260669238e-03
718.60000000,2.494808101634e+13,-1.700945056929e-02,-1.931947709824e-02,-3.277849187215e-02,-3.723008838545e-02,-4.553709568960e-02,-4.269073448908e-02
718.80000000,1.238890404972e+13,-7.901646524347e-02,-8.974756618013e-02,-3.649150301934e-02,-4.144735785975e-02,-4.814880476170e-02,-4.513919495568e-02
719.00000000,4.316628506445e+13,-6.189529108721e-02,-7.030119249161e-02,-3.788677144867e-02,-4.303211554623e-02,-7.904412806678e-03,-7.410336195399e-03
719.20000000,2.173538937631e+13,-1.890293988492e-02,-2.147011819744e-02,9.430020855868e-03,1.071069746924e-02,2.746969762162e-02,2.575266494055e-02
719.40000000,3.258159248365e+13,9.215027933041e-03,1.046650627466e-02,2.384553907148e-02,2.708396501867e-02,4.744329560954e-02,4.447778466065e-02
719.60000000,1.693726219813e+13,1.786464106191e-02,2.029080965655e-02,-4.021659767096e-03,-4.567835188061e-03,1.568349049311e-02,1.470317152124e-02
719.80000000,5.562131390294e+13,3.876673952190e-02,4.403158898730e-02,-5.869911200092e-03,-6.667094802487e-03,1.072488928919e-04,1.005451476730e-04
720.00000000,4.410042088440e+13,5.727203627047e-02,6.505006076413e-02,-8.930655474962e-03,-1.014351404481e-02,2.258767341576e-02,2.117579863001e-02
720.20000000,2.583458153934e+13,3.204373709742e-02,3.639554625670e-02,2.665403586249e-03,3.027387943473e-03,4.377102104399e-03,4.103505086144e-03
720.40000000,-8.703228705795e+12,1.595119149679e-02,1.811749753801e-02,2.060780058016e-02,2.340651424787e-02,5.628181592234e-02,5.276384063845e-02
720.60000000,1.268677115387e+13,7.113200839738e-03,8.079233374335e-03,1.792189271505e-02,2.035583737100e-02,5.552570477603e-02,5.205499129919e-02
720.80000000,2.491932891205e+13,6.875340441667e-03,7.809069532511e-03,1.127334872613e-02,1.280436485946e-02,2.381758864951e-02,2.232883625555e-02
721.00000000,2.340188382682e+13,3.990397444441e-03,4.532326998260e-03,9.382886620585e-03,1.065716200604e-02,1.668237803359e-02,1.563962216943e-02
721.20000000,2.519397427689e+13,-1.047168337587e-02,-1.189382610191e-02,-2.302586559562e-02,-2.615297295008e-02,1.081481023274e-02,1.013881507382e-02
721.40000000,1.474553733028e+13,2.098873104174e-02,2.383917734616e-02,6.634024677983e-03,7.534981355333e-03,2.505054131653e-02,2.348472145526e-02
721.60000000,3.550390585853e+13,5.317460577240e-02,6.039616472284e-02,3.025488402807e-02,3.436375324558e-02,5.310137212831e-02,4.978219502596e-02
721.80000000,3.130244633466e+13,2.610238270497e-02,2.964730593878e-02,3.834449954921e-02,4.355200699535e-02,2.312056556390e-02,2.167538159337e-02
722.00000000,3.633697280938e+13,1.374117820481e-02,1.560734584278e-02,4.500301202501e-02,5.111480179862e-02,1.118132009336e-02,1.048241571217e-02
722.20000000,2.184069511390e+13,1.621580294563e-02,1.841804544841e-02,5.029646640328e-02,5.712715206587e-02,-2.241071688615e-03,-2.100990302100e-03
722.40000000,2.941210221675e+13,-1.884610415164e-02,-2.140556369328e-02,-2.868392023857e-04,-3.257943928253e-04,-2.613377162197e-02,-2.450024290343e-02
722.60000000,3.018595414903e+13,-1.108944382918e-02,-1.259548362350e-02,-9.250540363537e-03,-1.050684200759e-02,-3.238337346368e-04,-3.035920445654e-04
722.80000000,4.223561502781e+13,-1.553554314236e-02,-1.764540063918e-02,-2.530725410076e-02,-2.874419331552e-02,9.407441748966e-03,8.819416167077e-03
723.00000000,4.381498342887e+13,8.995739905474e-03,1.021743708755e-02,-5.199689793525e-03,-5.905851658609e-03,2.036147908288e-02,1.908875575327e-02
723.20000000,2.320084986024e+13,2.258847111361e-03,2.565617558227e-03,-9.737995399763e-03,-1.106049756177e-02,5.589162673314e-03,5.239804078178e-03
723.40000000,3.201063282358e+13,1.467336343873e-03,1.666612967620e-03,7.502930149780e-03,8.521891541433e-03,1.184729376782e-02,1.110676175098e-02
723.60000000,1.724599178478e+13,7.696467554306e-03,8.741712617174e-03,3.707039394942e-03,4.210486707575e-03,-6.172499875187e-03,-5.786678955146e-03
723.80000000,3.533348098403e+13,5.218891430254e-03,5.927660805638e-03,2.680159612556e-02,3.044147962993e-02,2.825865661146e-02,2.649230892196e-02
724.00000000,3.620302909444e+13,8.939773901836e-03,1.015387042964e-02,-3.402967261016e-03,-3.865119005309e-03,2.119871675263e-02,1.987366068677e-02
724.20000000,4.162215712623e+13,-1.043427818765e-02,-1.185134097434e-02,-2.301026491835e-02,-2.613525356884e-02,1.172013185131e-02,1.098754827168e-02
724.40000000,3.739647723390e+13,-1.162406218618e-02,-1.320270765241e-02,-3.294941978806e-02,-3.742422975846e-02,-1.091122651043e-02,-1.022920471437e-02
724.60000000,4.076888991693e+13,4.135317933009e-03,4.696928908742e-03,-3.643241448546e-02,-4.138024460306e-02,-1.399661748822e-02,-1.312173892266e-02
724.80000000,1.268668531366e+13,1.959018979617e-03,2.225070243014e-03,-2.828004130871e-02,-3.212071017709e-02,-1.310044444869e-02,-1.228158245884e-02
725.00000000,2.707452254382e+13,4.889157083078e-02,5.553145759262e-02,4.533265571924e-02,5.148921389542e-02,2.052363903499e-02,1.924077966599e-02
725.20000000,2.573694606163e+13,7.190271038195e-02,8.166770354320e-02,7.571924362393e-02,8.600255751833e-02,2.104110566009e-02,1.972590130065e-02
725.40000000,1.965778175860e+13,3.557922670986e-02,4.041118511113e-02,6.458934040174e-03,7.336111927584e-03,2.935766128980e-02,2.752261874332e-02
725.60000000,3.752383594241e+13,1.348090144683e-02,1.531172131074e-02,-1.014308718964e-02,-1.152060424392e-02,6.355684251249e-03,5.958413130165e-03
725.80000000,2.823767107945e+13,-1.287610301664e-03,-1.462478616408e-03,-2.728128743369e-04,-3.098631707601e-04,-6.318865806429e-03,-5.923896074822e-03
726.00000000,2.863056866509e+13,-1.681843630220e-02,-1.910252148621e-02,4.589936122162e-03,5.213288279956e-03,-8.327204267677e-03,-7.806700472312e-03
726.20000000,1.829771933513e+13,-1.694572565991e-02,-1.924709780989e-02,-4.020517237944e-03,-4.566537493785e-03,-8.121914134851e-03,-7.614242292426e-03
726.40000000,1.859384231617e+13,-4.128560725739e-03,-4.689254015859e-03,-3.801151245545e-03,-4.317379743707e-03,1.584826866496e-04,1.485764999816e-04
726.60000000,3.090981602741e+13,7.701439933699e-03,8.747360287534e-03,1.921686168385e-02,2.182667408163e-02,1.574955337586e-02,1.476510504916e-02
726.80000000,4.154875867600e+13,3.148651564158e-02,3.576264943790e-02,2.854674856694e-02,3.242363853742e-02,4.045642245998e-02,3.792763599572e-02
727.00000000,1.901840639359e+13,3.925483318524e-02,4.458596987763e-02,4.843765188677e-03,5.501589481183e-03,2.687355519763e-02,2.519378525016e-02
727.20000000,2.257748525390e+13,2.680219287608e-02,3.044215622031e-02,3.128358563678e-03,3.553216123592e-03,2.737657656343e-02,2.566536454709e-02
727.40000000,4.252050998922e+13,9.916492072161e-03,1.126323514699e-02,2.321391962763e-02,2.636656631063e-02,2.429872483986e-02,2.277989834118e-02
727.60000000,2.391599397939e+13,-1.159791921686e-02,-1.317301424786e-02,-5.451671788859e-03,-6.192054940763e-03,-1.169223887938e-02,-1.096139878979e-02
727.80000000,3.013211099334e+13,-1.500864755985e-02,-1.704694820253e-02,-9.199391119547e-03,-1.044874626352e-02,-8.538665801607e-03,-8.004944301062e-03
728.00000000,5.442305545396e+13,1.084199499000e-03,1.231442914957e-03,-1.655732945162e-02,-1.880595487173e-02,-2.270762823486e-02,-2.128825550182e-02
728.20000000,1.728641778350e+13,2.477649700934e-04,2.814135380784e-04,-1.360265476795e-02,-1.545001036847e-02,-1.380114109323e-02,-1.293848105891e-02
728.40000000,2.928132701556e+13,-1.516250472854e-02,-1.722170046950e-02,-5.277536248356e-03,-5.994270320614e-03,-1.937300502388e-02,-1.816206767703e-02
728.60000000,1.758487867254e+13,-8.160923870901e-03,-9.269246010156e-03,-3.477145236768e-03,-3.949370977739e-03,-6.132694655129e-03,-5.749361817216e-03
728.80000000,3.422992115407e+13,-6.577415366807e-03,-7.470683725320e-03,-7.971421610726e-03,-9.054008106370e-03,-1.815715728863e-02,-1.702221824091e-02
729.00000000,3.589069107876e+13,4.254550137760e-04,4.832353850291e-04,9.320251360454e-06,1.058602034813e-05,-4.867860642127e-03,-4.563588060587e-03
729.20000000,2.764371584397e+13,1.939962425212e-03,2.203425648152e-03,-2.568354486480e-02,-2.917158754887e-02,-1.754631932305e-02,-1.644956157474e-02
729.40000000,3.267942082255e+13,1.581603327666e-02,1.796398369417e-02,-2.036396386137e-02,-2.312956243973e-02,-1.706676426750e-02,-1.599998179282e-02
729.60000000,2.546442285224e+13,-1.740092940739e-02,-1.976412205701e-02,-5.489104232994e-02,-6.234571027503e-02,-4.251946820311e-02,-3.986172811830e-02
729.80000000,3.254338581225e+13,-1.924064526107e-02,-2.185368680560e-02,-2.991419257348e-02,-3.397679300909e-02,-2.220688103005e-02,-2.081880821620e-02
730.00000000,3.184541480258e+12,1.941839047491e-04,2.205557131532e-04,-7.609936597934e-03,-8.643430370556e-03,-3.754404473808e-02,-3.519730060268e-02
730.20000000,4.004724022259e+13,9.995327183852e-03,1.135277673028e-02,2.204420089926e-02,2.503798988273e-02,-3.247343030827e-02,-3.044363216946e-02
730.40000000,2.956740930263e+13,2.545284800610e-02,2.890955896169e-02,1.385161845368e-02,1.573278542904e-02,-2.725125596374e-03,-2.554787729046e-03
730.60000000,2.425182918398e+13,1.804721642088e-02,2.049818028571e-02,6.811511240736e-03,7.736572094905e-03,4.793044676737e-03,4.493448573964e-03
730.80000000,2.530596262181e+13,-6.936247348310e-03,-7.878248109632e-03,-1.413799163153e-02,-1.605805050725e-02,1.172928969166e-02,1.099613368814e-02
731.00000000,3.705425048404e+13,1.819936496791e-02,2.067099188582e-02,-3.029270914898e-03,-3.440671533791e-03,7.159007690445e-03,6.711523690517e-03
731.20000000,2.484107885522e+13,8.077722056482e-03,9.174744689162e-03,-3.816956502077e-04,-4.335331487790e-04,-6.027915870307e-03,-5.651132379981e-03
731.40000000,1.962337461253e+13,3.477139263048e-02,3.949364036551e-02,3.225695317325e-02,3.663772031885e-02,3.498611601907e-02,3.279925887139e-02
731.60000000,4.590712696355e+13,4.278736661796e-02,4.859825107826e-02,4.548062915988e-02,5.165728338121e-02,2.709180910593e-02,2.539839688622e-02
731.80000000,2.453048733634e+13,1.643736150164e-02,1.866969352083e-02,1.666682220240e-02,1.893031766441e-02,1.255552146290e-02,1.177072066252e-02
732.00000000,3.773192486738e+13,-1.263046327251e-02,-1.434578647555e-02,-3.338675025811e-04,-3.792095340625e-04,2.017793742672e-03,1.891668663046e-03
732.20000000,2.926082675524e+13,-5.662654822291e-03,-6.431691000766e-03,-1.019000386258e-02,-1.157389259797e-02,4.651090787065e-03,4.360367714900e-03
732.40000000,4.251415763465e+13,-9.991072878054e-03,-1.134794465395e-02,1.288447019977e-02,1.463429025985e-02,5.048489192033e-03,4.732926165015e-03
732.60000000,3.715075676190e+13,-3.217854770625e-02,-3.654866528069e-02,1.285903940674e-02,1.460540574997e-02,-1.545964303770e-02,-1.449331597072e-02
732.80000000,3.262021091473e+13,-3.024188378404e-02,-3.434898610001e-02,1.462945085980e-02,1.661625405664e-02,-3.024521339426e-02,-2.835469313593e-02
733.00000000,8.982154190391e+12,-1.628896699045e-02,-1.850114578622e-02,1.452944371857e-02,1.650266509953e-02,-1.249784924015e-02,-1.171665332442e-02
733.20000000,2.412044693844e+13,-2.372602792981e-02,-2.694822218712e-02,5.989499937255e-03,6.802924701919e-03,-1.222778629741e-03,-1.146347105160e-03
733.40000000,3.128826308157e+13,-7.643036218031e-03,-8.681024855786e-03,2.539929028496e-02,2.884872879219e-02,5.763669980609e-02,5.403403557005e-02
733.60000000,1.780927342728e+13,8.751665654205e-03,9.940215498973e-03,2.736468674018e-02,3.108104271395e-02,4.876948798617e-02,4.572108148877e-02
733.80000000,3.441400406848e+13,1.706882626150e-02,1.938691650912e-02,3.356225690782e-02,3.812029534389e-02,1.761489851205e-02,1.651385412359e-02
734.00000000,4.484354352588e+13,-8.594733492445e-04,-9.761970628992e-04,3.326697633100e-02,3.778491316656e-02,2.872029447892e-03,2.692509145522e-03
734.20000000,3.045044008803e+13,9.104932634033e-03,1.034145910755e-02,3.098329345581e-02,3.519108683619e-02,-3.988377176021e-03,-3.739077964577e-03
734.40000000,3.484944979506e+13,1.335464703817e-02,1.516832049089e-02,4.241069885565e-02,4.817043056903e-02,9.231741060293e-03,8.654697900879e-03
734.60000000,2.087534725430e+13,1.622853242380e-02,1.843250369684e-02,5.085904201894e-02,5.776613020971e-02,4.524072864939e-02,4.241289229398e-02
734.80000000,2.017804701949e+13,1.384822622923e-02,1.572893188977e-02,5.500406478860e-02,6.247408213979e-02,7.295202066552e-02,6.839205042637e-02
735.00000000,5.758083505287e+13,3.915625080214e-02,4.447399917730e-02,4.302075720553e-02,4.886334000412e-02,7.008096408363e-02,6.570045333647e-02
735.20000000,2.473880743236e+13,2.400150181750e-02,2.726110774700e-02,2.765730580827e-02,3.141340192715e-02,3.088344328188e-02,2.895302955292e-02
735.40000000,1.974932328986e+13,1.517551258228e-02,1.723647489924e-02,2.693642044037e-02,3.059461422735e-02,1.462650482210e-02,1.371225424915e-02
735.60000000,3.215057350953e+13,2.280844681667e-05,2.590602583746e-05,1.170717369662e-02,1.329710693125e-02,2.427777732154e-02,2.276026017741e-02
735.80000000,2.977760166776e+13,-2.915535137084e-02,-3.311489344148e-02,-1.292189860643e-02,-1.467680176079e-02,-6.732819951596e-03,-6.311975424950e-03
736.00000000,7.490717405053e+12,-3.307820855209e-02,-3.757050764042e-02,-3.837694245808e-02,-4.358885592573e-02,-2.988333206892e-02,-2.801543171966e-02
736.20000000,5.344459226190e+11,-4.644367911618e-02,-5.275112158313e-02,-6.078231626786e-02,-6.903706905588e-02,-4.145645400342e-02,-3.886515913932e-02
736.40000000,2.593573231951e+13,-1.022427430545e-01,-1.161281679767e-01,-1.084768460682e-01,-1.232089195148e-01,-1.196988889112e-01,-1.122169389102e-01
736.60000000,1.549486937593e+13,-9.476394675438e-02,-1.076336882019e-01,-1.346654629571e-01,-1.529541721417e-01,-2.892809722135e-01,-2.711990519047e-01
736.80000000,2.554201108822e+13,-5.860635416785e-02,-6.656559026083e-02,-9.102621527179e-02,-1.033883454181e-01,-2.256965740515e-01,-2.115890873587e-01
737.00000000,4.379712219937e+13,-6.796102719523e-02,-7.719070660881e-02,-4.645055555146e-02,-5.275893398267e-02,-5.673818575998e-02,-5.319168442762e-02
737.20000000,3.408048849792e+13,-3.955460322763e-02,-4.492645121447e-02,-1.597766999573e-02,-1.814757275761e-02,-2.774657479993e-02,-2.601223551540e-02
737.40000000,1.144958258215e+13,-5.003929253424e-02,-5.683504956197e-02,-2.751389286930e-02,-3.125051229774e-02,-4.657087872646e-02,-4.365989944081e-02
737.60000000,3.084428817625e+13,-4.676780382745e-02,-5.311926515784e-02,-4.146700955898e-02,-4.709858028194e-02,-5.487398729236e-02,-5.144401034759e-02
737.80000000,2.207068569843e+13,-1.072575347278e-01,-1.218240105608e-01,-1.197301157426e-01,-1.359904784175e-01,-2.344701620249e-01,-2.198142696857e-01
738.00000000,2.487106162705e+13,-1.496656481425e-01,-1.699915026593e-01,-1.346999537014e-01,-1.529933470210e-01,-1.446784953772e-01,-1.356351593990e-01
738.20000000,1.865195898419e+13,-1.085127777718e-01,-1.232497261737e-01,-1.184902198962e-01,-1.345821942252e-01,-1.970691666484e-01,-1.847510769400e-01
738.40000000,1.857532197884e+13,-6.470457753884e-02,-7.349200368470e-02,-3.492470775115e-02,-3.966777853852e-02,-6.111831307479e-02,-5.729802562907e-02
738.60000000,2.008886181390e+13,-9.101808450393e-03,-1.033791063348e-02,-8.975123516973e-03,-1.019402122314e-02,-3.211955765356e-02,-3.011187883043e-02
738.80000000,2.962883551718e+13,-1.904039866566e-02,-2.162624503737e-02,-8.302179116675e-03,-9.429685279947e-03,-3.389135591307e-02,-3.177292830931e-02
739.00000000,4.529940150636e+13,-9.462642955737e-03,-1.074774950122e-02,-1.236191490161e-02,-1.404076753120e-02,-3.503286601505e-02,-3.284308669210e-02
739.20000000,4.206341116575e+13,-1.153246729613e-02,-1.309867340547e-02,2.441176060587e-03,2.772708422785e-03,-3.500990878801e-02,-3.282156443932e-02
739.40000000,4.792326450543e+13,2.413807524499e-02,2.741622899526e-02,1.194701245551e-02,1.356951782271e-02,8.524342529215e-04,7.991516325270e-04
739.60000000,3.697423394900e+13,6.126246802651e-03,6.958242673381e-03,2.200276439928e-02,2.499092595549e-02,2.106758271079e-02,1.975072336549e-02
739.80000000,5.641655481213e+13,-7.155520499210e-05,-8.127300399653e-05,1.694875097700e-02,1.925053475182e-02,-2.116427627128e-02,-1.984137295688e-02
740.00000000,3.846144204571e+13,-8.817618314337e-04,-1.001512508536e-03,-1.246798774757e-02,-1.416124596706e-02,-2.126371588513e-02,-1.993459695565e-02
740.20000000,2.046577356794e+13,-7.294573116725e-03,-8.285237532859e-03,-1.984884938975e-02,-2.254449106481e-02,-1.551103076061e-02,-1.454149163062e-02
740.40000000,5.156890075177e+13,-3.641639217929e-02,-4.136204469641e-02,-4.417052917179e-02,-5.016926073085e-02,-3.580596112329e-02,-3.356785838649e-02
740.60000000,3.759734154927e+13,-2.895490287225e-02,-3.288722234992e-02,-2.540267110113e-02,-2.885256875180e-02,-3.469738801554e-02,-3.252857822407e-02
740.80000000,5.706240090683e+13,5.412568717765e-03,6.147641098667e-03,4.764962700010e-04,5.412084947863e-04,1.684041350309e-02,1.578777940621e-02
741.00000000,4.538419004945e+13,1.575717823814e-02,1.789713564613e-02,9.603415030163e-03,1.090764003938e-02,1.710975971464e-02,1.604028974813e-02
741.20000000,2.937648278029e+13,1.975215639999e-02,2.243466546177e-02,2.192447208390e-03,2.490200088130e-03,1.562308873023e-02,1.464654525682e-02
741.40000000,2.440754262050e+13,1.595121486986e-02,1.811752408533e-02,-2.195918143653e-02,-2.494142405767e-02,-2.642000274994e-02,-2.476858274596e-02
741.60000000,6.042525777290e+13,-1.849719047711e-03,-2.100926460549e-03,-4.247092082733e-02,-4.823883119396e-02,-3.778713998308e-04,-3.542520083217e-04
741.80000000,1.677622570485e+13,-2.914042430543e-02,-3.309793915497e-02,-2.748308219869e-02,-3.121551727740e-02,-1.051109405332e-02,-9.854083107949e-03
742.00000000,2.806141155823e+13,-1.323581143700e-02,-1.503334601504e-02,-2.007097808383e-03,-2.279678671483e-03,1.149131211961e-02,1.077303124409e-02
742.20000000,2.341530815093e+13,-3.483547169612e-02,-3.956642190751e-02,-9.893106054702e-03,-1.123667355593e-02,-2.382494802110e-03,-2.233573561911e-03
742.40000000,3.944498647656e+13,2.262710305582e-03,2.570005406734e-03,-1.224310828542e-04,-1.390582597135e-04,3.381517223576e-02,3.170150660155e-02
742.60000000,2.440726502477e+13,2.100186282708e-02,2.385409253845e-02,-1.313532128628e-02,-1.491920904619e-02,1.103376400524e-02,1.034408282807e-02
742.80000000,2.837680777141e+13,1.350055069120e-02,1.533403908784e-02,-2.807897209391e-02,-3.189233406181e-02,3.263006515565e-02,3.059047633201e-02
743.00000000,3.460923009523e+13,-1.436579453752e-02,-1.631679032989e-02,-9.389972915186e-04,-1.066521067939e-03,9.430617850645e-03,8.841143613421e-03
743.20000000,2.946103042822e+13,-3.209406941462e-02,-3.645271412614e-02,7.307707321008e-03,8.300155800863e-03,1.969031608339e-02,1.845954475560e-02
743.40000000,5.616034288853e+13,-3.948704823897e-02,-4.484972168985e-02,-3.652128709399e-03,-4.148118686372e-03,-1.679681790042e-02,-1.574690880894e-02
743.60000000,1.928649744038e+13,-1.290149430971e-02,-1.465362580843e-02,1.696807928533e-02,1.927248800794e-02,1.616099281553e-02,1.515082687905e-02
743.80000000,3.179565981972e+13,-1.934347609303e-02,-2.197048292991e-02,8.532094456012e-03,9.690825067528e-03,1.303595889463e-02,1.222112766644e-02
744.00000000,1.226671095984e+13,-1.680580098548e-02,-1.908817018715e-02,-1.146795576829e-02,-1.302540118438e-02,3.452635094399e-03,3.236823206894e-03
744.20000000,3.489891063865e+13,-5.149257890421e-03,-5.848570445099e-03,-1.823252789907e-02,-2.070865944108e-02,-2.466215143050e-02,-2.312060843374e-02
744.40000000,1.293735846361e+13,2.198986363569e-02,2.497627217131e-02,-1.297881156519e-02,-1.474144398085e-02,-2.708993331728e-03,-2.539663834641e-03
744.60000000,2.974075727253e+13,2.954435417387e-03,3.355672609879e-03,2.867976198515e-02,3.257471630316e-02,-2.286670340733e-02,-2.143738745345e-02
744.80000000,3.382580440307e+13,-1.465530780339e-02,-1.664562193364e-02,-1.322700720350e-02,-1.502334668666e-02,-1.427444588979e-02,-1.338220126320e-02
745.00000000,4.602733369178e+13,-2.468675346269e-02,-2.803942233228e-02,-1.743970285259e-02,-1.980816204573e-02,-1.235971110004e-02,-1.158714970604e-02
745.20000000,2.129706376970e+13,-1.690948188328e-03,-1.920593182339e-03,-2.298355487262e-02,-2.610491607292e-02,-5.324849124441e-03,-4.992011825160e-03
745.40000000,4.100590251481e+13,-7.553157404372e-03,-8.578939742864e-03,-2.062448929187e-02,-2.342546942782e-02,-2.248876902017e-02,-2.108307639492e-02
745.60000000,2.772270488122e+13,-1.000934620062e-02,-1.136869964750e-02,-3.979047819071e-02,-4.519436176983e-02,-3.114780732515e-02,-2.920086914412e-02
745.80000000,4.017365205617e+13,1.037585195569e-02,1.178497996840e-02,1.129607923140e-02,1.283018235965e-02,1.020904587513e-02,9.570914882512e-03
746.00000000,4.697740616386e+13,1.517839449940e-02,1.723974820496e-02,2.309413207312e-02,2.623051059277e-02,2.488509922009e-02,2.332962055334e-02
746.20000000,5.450436636765e+13,2.870150143776e-02,3.259940686815e-02,1.307751180381e-02,1.485354854692e-02,3.164439753552e-02,2.966641927417e-02
746.40000000,1.773694464180e+13,-2.376000362817e-03,-2.698681207124e-03,-3.502334239346e-02,-3.977980859974e-02,1.087387723820e-02,1.019419001174e-02
746.60000000,2.915239689259e+13,-1.136006515173e-02,-1.290285759903e-02,-1.394621917604e-02,-1.584023372985e-02,-1.811957246359e-03,-1.698698270903e-03
746.80000000,3.200820492223e+13,-2.894114781645e-02,-3.287159924178e-02,-3.730314903077e-02,-4.236923226633e-02,-2.254655713990e-02,-2.113725238569e-02
747.00000000,5.528024256325e+13,-1.705030645043e-02,-1.936588155186e-02,-1.825491637503e-02,-2.073408846150e-02,-1.698962256630e-02,-1.592766194383e-02
747.20000000,2.875437976377e+13,-1.731867615218e-02,-1.967069811755e-02,1.500785526877e-03,1.704604898578e-03,-2.608778235367e-02,-2.445712826002e-02
747.40000000,2.349934573098e+13,3.193438618825e-03,3.627134457383e-03,2.395493802667e-02,2.720822127752e-02,2.351369950097e-03,2.204394213225e-03
747.60000000,3.211288164039e+13,2.598802175004e-02,2.951741380377e-02,1.066974752104e-02,1.211878950405e-02,7.070415249845e-02,6.628468846941e-02
747.80000000,2.633356187736e+13,1.002635180482e-02,1.138801475586e-02,4.925734110223e-03,5.594690475759e-03,4.841382503373e-02,4.538764975711e-02
748.00000000,1.907000629035e+13,1.335217421812e-02,1.516551184107e-02,2.844600228389e-03,3.230921005680e-03,2.426284006458e-02,2.274625659503e-02
748.20000000,4.509680089480e+13,6.510414648048e-03,7.394583745116e-03,1.058562353065e-02,1.202324076404e-02,4.829687478544e-03,4.527800965112e-03
748.40000000,1.081872024949e+13,8.957797994110e-03,1.017434234533e-02,1.237467758457e-02,1.405526349449e-02,-2.787085621667e-02,-2.612874854469e-02
748.60000000,3.470995569506e+13,1.094615633626e-02,1.243273648321e-02,1.044549223384e-02,1.186407845157e-02,-6.357459102784e-03,-5.960077042070e-03
748.80000000,3.925550850221e+13,2.570175907483e-03,2.919227424825e-03,1.604943763921e-02,1.822908705426e-02,-5.154733205491e-03,-4.832529244677e-03
749.00000000,7.868986687610e+12,-3.346010982304e-02,-3.800427431783e-02,-3.748390650275e-03,-4.257453813227e-03,-1.445024677977e-02,-1.354701346748e-02
749.20000000,4.112315342677e+13,-3.188847753341e-02,-3.621920113733e-02,-1.840104768647e-02,-2.090006564135e-02,-1.708612947465e-02,-1.601813655004e-02
749.40000000,2.828519846762e+13,-3.381393683836e-02,-3.840615401943e-02,-2.889569284827e-02,-3.281997240435e-02,-5.418000130666e-02,-5.079340294706e-02
749.60000000,2.777186041556e+13,-4.254492609019e-03,-4.832288508658e-03,-1.671522860426e-02,-1.898529806517e-02,-3.370231918682e-02,-3.159570759361e-02
749.80000000,2.991405171847e+13,9.856222738811e-03,1.119478073098e-02,-4.130813757793e-03,-4.691813214175e-03,-1.348196819554e-02,-1.263925851901e-02
750.00000000,2.772197293252e+13,7.046964527281e-04,8.004001613244e-04,-1.715812178467e-03,-1.948833988651e-03,2.428549181971e-04,2.276749246988e-04
750.20000000,1.914878673204e+13,1.287810107945e+00,1.462705558064e+00,1.325187924441e+00,1.505159656115e+00,2.477548779753e+00,2.322686054929e+00
750.40000000,1.786714201978e+13,6.673474880648e+00,7.579788929522e+00,6.860455390046e+00,7.792163273774e+00,1.280538422157e+01,1.200496539262e+01
750.60000000,3.809782098128e+13,3.446323129877e-01,3.914362813165e-01,3.557345740994e-01,4.040463388962e-01,6.873271632291e-01,6.443647972755e-01
750.80000000,4.506904356915e+13,9.127593004797e-04,1.036719694737e-03,-1.793512744695e-02,-2.037086949146e-02,3.077688875618e-02,2.885313537003e-02
751.00000000,3.436806047807e+13,-3.191326653456e-02,-3.624735669343e-02,-1.495686113038e-02,-1.698812941196e-02,-2.904398246467e-02,-2.722854686115e-02
751.20000000,4.444198764991e+13,-1.376914776287e-02,-1.563911390221e-02,-1.035442237153e-02,-1.176064053148e-02,-3.598634672595e-02,-3.373696872944e-02
751.40000000,4.457256112471e+13,9.845518334558e-03,1.118262257855e-02,-4.827028230140e-03,-5.482579502075e-03,-1.582377359895e-02,-1.483468603120e-02
751.60000000,3.368437762206e+13,-1.474718167867e-02,-1.674997305434e-02,-5.848196986105e-03,-6.642431614531e-03,1.681465495015e-02,1.576363092841e-02
751.80000000,4.802552708793e+13,-4.611550703087e-03,-5.237838096693e-03,2.045666819816e-04,2.323485680981e-04,1.906010831804e-02,1.786872902666e-02
752.00000000,1.879506331785e+13,-1.198720493573e-02,-1.361516824335e-02,2.537503882073e-04,2.882118377399e-04,3.246978108392e-02,3.044021104510e-02
752.20000000,4.676692431446e+13,-9.534002595911e-03,-1.082880038105e-02,-2.456213942579e-02,-2.789788576377e-02,2.434263406872e-02,2.282106296098e-02
752.40000000,3.694509795614e+13,-4.480984838812e-04,-5.089540289279e-04,-2.221368697908e-02,-2.523049360610e-02,8.386192078051e-03,7.862001165355e-03
752.60000000,2.511827433342e+13,1.206723742475e-02,1.370606981789e-02,-1.920142466768e-02,-2.180914058806e-02,-5.942909479829e-03,-5.571439435343e-03
752.80000000,3.364513103125e+13,3.275438095424e-02,3.720270152964e-02,1.143069877491e-02,1.298308437610e-02,-1.038227164287e-03,-9.733312926242e-04
753.00000000,3.576198052259e+13,1.186500905481e-02,1.347637713346e-02,2.854459400436e-02,3.242119136702e-02,5.304847846232e-03,4.973260755410e-03
753.20000000,3.351697843627e+13,-1.392456342707e-02,-1.581563632149e-02,7.116997592397e-03,8.083546077639e-03,1.195394259842e-03,1.120674434412e-03
753.40000000,4.331954224583e+13,1.249835508960e-02,1.419573688965e-02,8.502484271307e-03,9.657193569227e-03,4.149646773154e-02,3.890267175222e-02
753.60000000,1.730375541281e+13,1.097632246314e-02,1.246699942397e-02,1.671105070000e-02,1.898055276617e-02,2.824314426422e-02,2.647776619614e-02
753.80000000,3.490258962400e+13,1.777731079676e-02,2.019161920647e-02,1.558060206563e-02,1.769657964328e-02,2.690601346436e-02,2.522421466657e-02
754.00000000,3.741020384555e+13,4.061752177062e-02,4.613372304050e-02,2.991305842488e-02,3.397550483351e-02,3.732535978730e-02,3.499228486706e-02
754.20000000,3.112768226199e+13,4.154144373723e-03,4.718312138537e-03,1.985079706563e-02,2.254670325156e-02,-2.037670881781e-04,-1.910303353184e-04
754.40000000,2.310426723457e+13,-1.276404712054e-03,-1.449751213430e-03,1.290404430537e-02,1.465652269459e-02,-3.817381284124e-02,-3.578770415113e-02
754.60000000,4.770848514042e+13,2.920680391111e-04,3.317333366976e-04,1.639976396982e-02,1.862699066444e-02,-5.411961977456e-03,-5.073679564886e-03
754.80000000,3.984851486501e+13,-5.702484760105e-03,-6.476930179321e-03,9.154475958135e-03,1.039773124320e-02,-1.934281565677e-02,-1.813376533943e-02
755.00000000,4.463109565858e+13,2.820206373807e-03,3.203214132587e-03,1.376201166059e-02,1.563100927535e-02,-1.378264245100e-04,-1.292113870069e-04
755.20000000,2.586531239693e+13,-6.700810841642e-03,-7.610837344062e-03,2.566664757983e-02,2.915239546964e-02,-5.738235913299e-03,-5.379559282396e-03
755.40000000,2.453520325168e+13,-3.820461164948e-03,-4.339311941926e-03,2.408619915879e-02,2.735730878190e-02,-1.099730850795e-02,-1.030990603370e-02
755.60000000,2.668708089362e+13,-3.297242545655e-03,-3.745035831030e-03,1.146280889651e-02,1.301955532387e-02,-9.911965126215e-03,-9.292403590088e-03
755.80000000,1.231167583656e+13,-1.854171379368e-02,-2.105983456313e-02,1.828907199368e-02,2.077288270213e-02,-2.307101312296e-02,-2.162892649851e-02
756.00000000,3.069430687832e+13,-4.019477105757e-02,-4.565355922300e-02,1.043629870380e-02,1.185363636237e-02,-3.177472372936e-02,-2.978859924314e-02
756.20000000,1.958552519780e+13,-3.124657818990e-02,-3.549012646111e-02,-1.360209776280e-02,-1.544937771731e-02,-2.222242140610e-02,-2.083337721885e-02
756.40000000,1.975409518661e+13,-2.055889090503e-02,-2.335096130160e-02,5.723704192369e-03,6.501031646155e-03,-2.874081285951e-02,-2.694432730514e-02
756.60000000,5.455214089340e+13,-2.825475300394e-03,-3.209198623743e-03,2.501031817136e-02,2.840693097473e-02,-1.422680398107e-02,-1.333753728003e-02
756.80000000,7.496367652432e+12,-5.780193610100e-03,-6.565192545097e-03,4.152185441349e-02,4.716087353170e-02,-5.197121298666e-03,-4.872267809551e-03
757.00000000,3.491890346922e+13,-3.550383743588e-02,-4.032555733932e-02,2.284506301368e-02,2.594761584786e-02,-5.790422275636e-03,-5.428483661624e-03
757.20000000,1.371955466326e+13,-2.668052334198e-02,-3.030396293958e-02,2.399253595353e-02,2.725092532095e-02,-3.505031303519e-02,-3.285944316133e-02
757.40000000,3.759820346511e+13,-3.673445677849e-02,-4.172330514482e-02,1.123860853337e-03,1.276490665462e-03,-5.969128022598e-02,-5.596019150652e-02
757.60000000,4.652667584671e+13,-2.299760271767e-02,-2.612087070117e-02,-8.126198627122e-04,-9.229805151054e-04,-3.840282803510e-02,-3.600240442323e-02
757.80000000,4.423735856924e+13,-3.071846640461e-02,-3.489029265110e-02,-5.397423844911e-03,-6.130439667070e-03,-5.438521372493e-03,-5.098578827004e-03
758.00000000,5.049709033913e+13,-1.022738435278e-02,-1.161634921561e-02,8.200137015053e-03,9.313784997615e-03,8.664454804724e-03,8.122870682893e-03
758.20000000,1.463876532124e+13,1.847510421252e-03,2.098417884032e-03,2.183763893222e-02,2.480337505299e-02,3.161994038633e-02,2.964349085403e-02
758.40000000,1.842982989375e+13,1.970644115153e-02,2.238274169786e-02,4.014061941866e-02,4.559205513886e-02,5.676212806707e-02,5.321413018661e-02
758.60000000,1.904953521416e+13,7.248672873873e-03,8.233103650759e-03,3.415094081472e-02,3.878892750581e-02,3.616705526486e-02,3.390638182304e-02
758.80000000,4.145023028323e+13,-4.144308622723e-03,-4.707140609778e-03,2.276065481779e-02,2.585174430484e-02,4.034923916796e-02,3.782715234844e-02
759.00000000,2.517796319972e+13,-1.963443992060e-02,-2.230096209384e-02,-8.872117782955e-03,-1.007702643898e-02,-1.258720029300e-02,-1.180041936210e-02
759.20000000,3.335566148268e+13,-1.749763866707e-02,-1.987396524801e-02,-1.041141939384e-02,-1.182537823163e-02,-1.835223315865e-02,-1.720510061507e-02
759.40000000,2.891600096836e+13,-1.627722869987e-02,-1.848781333700e-02,-1.553358995718e-02,-1.764318289276e-02,8.047376492023e-03,7.544363731416e-03
759.60000000,6.294220742265e+13,1.378846711061e-02,1.566105697995e-02,1.706333395627e-02,1.938067906908e-02,2.444952273472e-02,2.292127039826e-02
759.80000000,6.135961689013e+13,-1.663653221369e-03,-1.889591329168e-03,1.820241251864e-02,2.067445413721e-02,5.555325289624e-02,5.208081748480e-02
760.00000000,2.063058375079e+13,5.831702657523e-03,6.623696954631e-03,5.069800633020e-02,5.758322451203e-02,4.840850944941e-02,4.538266643099e-02
760.20000000,3.741862265823e+13,8.297459604812e-03,9.424324445738e-03,3.670080170426e-02,4.168508107682e-02,3.508433903527e-02,3.289134231768e-02
760.40000000,2.113828337969e+13,2.199856040059e-02,2.498615003008e-02,3.693101419886e-02,4.194655837587e-02,9.250437382646e-02,8.672225582902e-02
760.60000000,2.234812898558e+13,1.086149227717e-02,1.233657433241e-02,-3.727226181098e-03,-4.233415030077e-03,2.469192134303e-02,2.314851753537e-02
760.80000000,4.951835401303e+13,2.438918120973e-03,2.770143726318e-03,2.962037692160e-03,3.364307470591e-03,1.888268716085e-02,1.770239783228e-02
761.00000000,4.642747096492e+13,-2.059831602151e-02,-2.339574068068e-02,1.573508451412e-03,1.787204211525e-03,2.417908775792e-02,2.266773934591e-02
761.20000000,3.407171366415e+13,-3.358939064583e-02,-3.815111256430e-02,7.254296497900e-03,8.239491336104e-03,8.747938476012e-03,8.201136088079e-03
761.40000000,2.552098366365e+13,-2.371459545813e-02,-2.693523708959e-02,1.252678401734e-02,1.422802726770e-02,2.353432776887e-02,2.206328100080e-02
761.60000000,3.639225637363e+13,1.452088010530e-02,1.649293782288e-02,4.626244239490e-02,5.254527346796e-02,1.190954138409e-02,1.116511849110e-02
761.80000000,3.376113390839e+13,2.308986260793e-03,2.622566026095e-03,3.551938252992e-02,4.034321518340e-02,4.415808352431e-02,4.139791944864e-02
762.00000000,3.682532408821e+13,5.784304662621e-02,6.569861913147e-02,8.678748071629e-02,9.857395484884e-02,5.335022395383e-02,5.001549201273e-02
762.20000000,2.980901272849e+13,-9.822562711302e-02,-1.115654938847e-01,-4.192474144774e-02,-4.761847603375e-02,-3.678048304908e-02,-3.448146642753e-02
762.40000000,3.952856111476e+13,-4.212232441255e-02,-4.784289054475e-02,-5.088133071912e-02,-5.779144590395e-02,-1.758103888197e-02,-1.648211093804e-02
762.60000000,3.332233869549e+13,-1.150389611208e-02,-1.306622201420e-02,6.460968659465e-03,7.338422865389e-03,2.013070163239e-02,1.887240337692e-02
762.80000000,2.518449516964e+13,-4.766533434473e-02,-5.413868787247e-02,-1.359052847529e-03,-1.543623722267e-03,-1.854549514423e-02,-1.738628248423e-02
763.00000000,2.856208570855e+13,-1.549382544904e-02,-1.759801733204e-02,1.281883922127e-02,1.455974603921e-02,4.071633905705e-03,3.817130613468e-03
763.20000000,3.581092602187e+13,-1.398626355403e-02,-1.588571584493e-02,2.405430501664e-02,2.732108314541e-02,-1.184076652944e-02,-1.110064250696e-02
763.40000000,2.452227141941e+13,-6.069233151767e-02,-6.893486088912e-02,-7.209270096360e-02,-8.188349968295e-02,-5.153710505325e-02,-4.831570469846e-02
763.60000000,3.862144367517e+13,-8.122116923329e-02,-9.225168752527e-02,-5.873564856131e-02,-6.671244655928e-02,-8.222532143248e-02,-7.708571028510e-02
763.80000000,5.505420233249e+13,-5.904922958547e-03,-6.706861188713e-03,-9.667219254444e-03,-1.098010941712e-02,-2.394300483769e-02,-2.244641312577e-02
764.00000000,4.011552508655e+13,-2.113880673548e-02,-2.400963458206e-02,-1.591304822016e-02,-1.807417479819e-02,-2.084748853640e-02,-1.954438649180e-02
764.20000000,1.188439096280e+13,-2.369161287082e-02,-2.690913327350e-02,-6.489925924020e-03,-7.371312771458e-03,-5.797975533728e-03,-5.435564792532e-03
764.40000000,5.095471592991e+13,-3.085153537960e-02,-3.504143351272e-02,-1.593811660336e-03,-1.810264767992e-03,-1.624517174303e-02,-1.522974408247e-02
764.60000000,2.671801540972e+13,7.776897095327e-04,8.833065166719e-04,1.102273935703e-02,1.251972061779e-02,-1.413091535247e-02,-1.324764230710e-02
764.80000000,1.254231139166e+13,4.169232432781e-03,4.735449282988e-03,2.324413880276e-03,2.640088950541e-03,-2.341555341180e-02,-2.195193080455e-02
765.00000000,1.960175368909e+13,1.905049943816e-03,2.163771757979e-03,-4.240493292901e-03,-4.816388158076e-03,-1.408479767326e-02,-1.320440727929e-02
765.20000000,2.410580971216e+13,3.370632479548e-02,3.828392735553e-02,-1.754311229532e-03,-1.992561536565e-03,1.503831739598e-02,1.409832588997e-02
765.40000000,4.265367833948e+13,-1.217535958986e-02,-1.382887588291e-02,-1.048060531283e-02,-1.190396018376e-02,8.838932184687e-04,8.286442105041e-04
765.60000000,1.943311249934e+13,-4.526097545615e-03,-5.140779681313e-03,2.326606793442e-03,2.642579679868e-03,-1.914713436588e-02,-1.795031538709e-02
765.80000000,5.305461678444e+13,3.960046914284e-03,4.497854610695e-03,-1.725155243561e-02,-1.959445921031e-02,-9.938465838196e-03,-9.317247837220e-03
766.00000000,4.217995083743e+13,1.629460092089e-02,1.850754485183e-02,1.490355286162e-02,1.692758142930e-02,-6.734799382957e-03,-6.313831129127e-03
766.20000000,4.650903045413e+13,1.185627544192e-02,1.346645742245e-02,-6.648602902821e-03,-7.551539426440e-03,6.247787748497e-03,5.857260852412e-03
766.40000000,3.476563295555e+13,6.724551612691e-03,7.637802311609e-03,-1.714495015839e-03,-1.947337944194e-03,1.982666185152e-02,1.858736803677e-02
766.60000000,3.576947254287e+13,-1.671296684184e-03,-1.898272838556e-03,-8.233566012404e-04,-9.351753935621e-04,1.059248869056e-02,9.930390057143e-03
766.80000000,3.773599812747e+13,2.797289518395e-02,3.177184975355e-02,1.280753463301e-02,1.454690619223e-02,9.287453930054e-03,8.706928358149e-03
767.00000000,1.407644580222e+13,6.530128631732e-03,7.416975053685e-03,-4.235483950719e-03,-4.810698504845e-03,6.971069266429e-03,6.535332626101e-03
767.20000000,3.614709664051e+13,8.523632637715e-03,9.681213679850e-03,-3.975125335021e-03,-4.514980986414e-03,-5.295398717021e-03,-4.964402257515e-03
767.40000000,3.567580903274e+13,5.549833333537e-03,6.303547404400e-03,-2.546428835706e-02,-2.892255415239e-02,-1.352433073736e-02,-1.267897312965e-02
767.60000000,3.594087392937e+13,-5.911855774074e-03,-6.714735538932e-03,-1.300303997327e-02,-1.476896281173e-02,1.121374006044e-03,1.051280922291e-03
767.80000000,3.024640815159e+13,-2.020588404512e-02,-2.295001313941e-02,-2.696458881508e-02,-3.062660810566e-02,-3.557001541731e-03,-3.334666080383e-03
768.00000000,3.997664164217e+13,-1.982489195628e-02,-2.251727911870e-02,-1.199793869663e-02,-1.362736027823e-02,-1.076232280896e-03,-1.008960845142e-03
768.20000000,3.508625584924e+13,-3.187497089883e-02,-3.620386018810e-02,-2.913920774110e-02,-3.309655867984e-02,-1.010323220354e-02,-9.471715245586e-03
768.40000000,2.648307458828e+13,-3.844050473948e-02,-4.366104877603e-02,-2.354631777193e-02,-2.674410693512e-02,-1.510121356521e-02,-1.415729064430e-02
768.60000000,4.406826887929e+13,-3.747796009319e-02,-4.256778246655e-02,-5.105301504844e-02,-5.798644641769e-02,-1.726991453971e-02,-1.619043386714e-02
768.80000000,5.241166874721e+13,-2.504853514448e-02,-2.845033701100e-02,-7.788205663514e-04,-8.845909883454e-04,-4.740266126324e-03,-4.443969022220e-03
769.00000000,5.654550215352e+13,-2.043085169615e-02,-2.320553329065e-02,-9.928774716822e-04,-1.127718632413e-03,-4.758523971663e-03,-4.461085634861e-03
769.20000000,3.134958886731e+13,-1.437542746722e-02,-1.632773149250e-02,2.102971317332e-02,2.388572614070e-02,1.971503641760e-02,1.848271991001e-02
769.40000000,4.367790988957e+13,-2.304055079743e-02,-2.616965149159e-02,4.557872701665e-03,5.176870375688e-03,3.057567244412e-02,2.866449637093e-02
769.60000000,4.936143004113e+13,-3.621301931459e-02,-4.113105208521e-02,8.142526251578e-03,9.248350205053e-03,-7.487625783312e-03,-7.019601040169e-03
769.80000000,2.336478959576e+13,-5.739366374025e-02,-6.518820626786e-02,-3.242624991884e-02,-3.683000899480e-02,-8.222767856057e-03,-7.708792007753e-03
770.00000000,2.992739487810e+13,-5.420536747267e-02,-6.156691253630e-02,-1.752949234353e-02,-1.991014570918e-02,-4.183646734332e-03,-3.922141920269e-03
770.20000000,5.476244485312e+13,-1.815704550376e-02,-2.062292508230e-02,5.691689818054e-03,6.464669448956e-03,6.287090562587e-03,5.894106987976e-03
770.40000000,3.497012583551e+13,-1.662762129035e-02,-1.888579218997e-02,2.982651382935e-03,3.387720674972e-03,6.978688568754e-03,6.542475673052e-03
770.60000000,2.089285773429e+13,3.349886895561e-03,3.804829726678e-03,1.731502545903e-02,1.966655240731e-02,2.208920328828e-02,2.070848608974e-02
770.80000000,3.643964617051e+13,-1.260839344870e-02,-1.432071938393e-02,7.272101616828e-03,8.259714540819e-03,1.743000237425e-02,1.634051518295e-02
771.00000000,2.036965921320e+13,-1.586080704609e-03,-1.801483811826e-03,1.267454312997e-04,1.439585331796e-04,-1.947789061080e-02,-1.826039724055e-02
771.20000000,4.641675476473e+13,5.019530522811e-03,5.701225009258e-03,1.408930377027e-02,1.600275042252e-02,-4.702123397623e-02,-4.408210459251e-02
771.40000000,4.445909184060e+13,3.964234721390e-03,4.502611157248e-03,-1.370465264548e-02,-1.556586042071e-02,-3.386208912383e-02,-3.174549088252e-02
771.60000000,2.477909363756e+13,-3.501934292036e-02,-3.977526439136e-02,-3.261472619676e-02,-3.704408194583e-02,-6.821651112373e-02,-6.395254067158e-02
771.80000000,3.100488101293e+13,1.121873139434e-02,1.274232952801e-02,-1.856872104111e-02,-2.109051045612e-02,-4.054605772371e-02,-3.801166847927e-02
772.00000000,3.743476515945e+13,9.244453470503e-03,1.049992804774e-02,7.928594039753e-03,9.005364188924e-03,-1.724543163914e-02,-1.616748130523e-02
772.20000000,6.047150184957e+13,2.474360010577e-02,2.810398922788e-02,6.314274776150e-03,7.171806711640e-03,-7.925778326226e-03,-7.430366232634e-03
772.40000000,2.188703382379e+13,2.288794818096e-02,2.599632415560e-02,2.360516144770e-03,2.681094207990e-03,-2.740968055968e-03,-2.569639933077e-03
772.60000000,3.142120130631e+13,1.928547624453e-02,2.190460621389e-02,1.504164596202e-02,1.708442874105e-02,-1.223871442249e-02,-1.147371609863e-02
772.80000000,4.306247983587e+13,-2.560239641557e-02,-2.907941730368e-02,2.795602746706e-03,3.175269251448e-03,-1.708115937280e-02,-1.601347711150e-02
773.00000000,5.889351978669e+13,-2.977932902799e-02,-3.382361251550e-02,-6.084108719027e-03,-6.910382156676e-03,-1.639051700098e-02,-1.536600432749e-02
773.20000000,3.214746745929e+13,-9.681228479745e-03,-1.099602077888e-02,-2.551847632231e-02,-2.898410130177e-02,-2.446949630836e-02,-2.293999549515e-02
773.40000000,2.084563982764e+13,1.563677957715e-02,1.776038583377e-02,-2.668781844363e-02,-3.031224997620e-02,-3.018956368225e-02,-2.830252188864e-02
773.60000000,3.455003824783e+13,3.021912212666e-02,3.432313321801e-02,1.435995022591e-02,1.631015295660e-02,-4.135053256179e-03,-3.876585846867e-03
773.80000000,1.849596778998e+13,1.676405895376e-02,1.904075923624e-02,1.806411512797e-03,2.051737479084e-03,-2.250375037128e-02,-2.109712131527e-02
774.00000000,2.810899977685e+13,7.587471504490e-03,8.617913986546e-03,1.600187359052e-03,1.817506340535e-03,2.451222935022e-02,2.298005744720e-02
774.20000000,3.120400098456e+13,-4.042880832268e-02,-4.591938071823e-02,-3.313941331088e-03,-3.764002600908e-03,-2.739345374891e-03,-2.568118679998e-03
774.40000000,5.262603208577e+13,-2.703681148072e-02,-3.070863800588e-02,-2.431511782089e-02,-2.761731653504e-02,-1.415523649902e-02,-1.327044322565e-02
774.60000000,3.757765941148e+13,-2.753301128010e-02,-3.127222591375e-02,-2.266697671355e-02,-2.574534392150e-02,-1.917443413122e-02,-1.797590874161e-02
774.80000000,4.342045717998e+13,3.843901115719e-02,4.365935235269e-02,1.416039088050e-02,1.608349176375e-02,6.114559280988e-03,5.732360020537e-03
775.00000000,3.819867434185e+13,7.493078292756e-02,8.510701382300e-02,3.291914095258e-02,3.738983880094e-02,5.489379129999e-02,5.146257647745e-02
775.20000000,1.477049406643e+13,4.049252754122e-02,4.599175354287e-02,4.788708874891e-02,5.439056054189e-02,1.932097883722e-02,1.811329346147e-02
775.40000000,3.041107571701e+13,1.558829228662e-03,1.770531356114e-03,-7.754066223593e-03,-8.807134018765e-03,-1.073518523817e-02,-1.006416715325e-02
775.60000000,2.885230963171e+13,-8.362439457614e-05,-9.498129109336e-05,-2.746664860817e-02,-3.119685186625e-02,-1.438467991593e-02,-1.348554495410e-02
775.80000000,3.604035525799e+13,-1.061217928728e-02,-1.205340254042e-02,-2.860977090592e-02,-3.249521984323e-02,-1.837685192952e-02,-1.722818055451e-02
776.00000000,3.456080243508e+13,4.363575565856e-04,4.956185849017e-04,-1.833143827354e-02,-2.082100268121e-02,1.099051327327e-03,1.030353554488e-03
776.20000000,2.316780286204e+13,1.876786366732e-02,2.131669749277e-02,-4.928069917096e-03,-5.597343504966e-03,-1.459186700177e-02,-1.367978151524e-02
776.40000000,3.743813243192e+13,4.980414003631e-02,5.656796137591e-02,1.329873744569e-02,1.510481850261e-02,-6.704178766346e-03,-6.285124497888e-03
776.60000000,3.089068792727e+13,-2.175971370335e-04,-2.471486594131e-04,1.088278292990e-02,1.236075692378e-02,-1.358351910736e-02,-1.273446184606e-02
776.80000000,6.076246682417e+12,1.265106010598e-02,1.436918053233e-02,4.171800435737e-03,4.738366229745e-03,-1.871153339972e-03,-1.754194228143e-03
777.00000000,2.825985136178e+13,9.111582030973e-03,1.034901154855e-02,-7.096944483098e-03,-8.060769586439e-03,1.393141374698e-02,1.306061083438e-02
777.20000000,3.821288438607e+13,9.234434659405e-03,1.048854859778e-02,-1.670243142537e-02,-1.897076292112e-02,2.639670048881e-02,2.474673702594e-02
777.40000000,2.095325804341e+13,1.462116645659e-02,1.660684390463e-02,4.646577325611e-03,5.277621838037e-03,2.255493815963e-02,2.114510953781e-02
777.60000000,3.826303833106e+13,-2.027655778690e-02,-2.303028497008e-02,-2.084835516313e-02,-2.367973817837e-02,5.545341482928e-03,5.198721993881e-03
777.80000000,4.285289203095e+13,-4.041455688783e-02,-4.590319381859e-02,-3.181157343073e-02,-3.613185423923e-02,-2.837892501570e-02,-2.660505977784e-02
778.00000000,4.098688855885e+13,-7.510642090478e-02,-8.530650491559e-02,-5.203308313739e-02,-5.909961604483e-02,-5.621391247051e-02,-5.270018158885e-02
778.20000000,2.343911642387e+13,-3.507667648736e-02,-3.984038433925e-02,-3.364123310065e-02,-3.820999717187e-02,-3.562548431556e-02,-3.339866253938e-02
778.40000000,2.799357477202e+13,8.220664415557e-03,9.337099823520e-03,-3.149499884378e-02,-3.577228614504e-02,1.739576839126e-02,1.630842104396e-02
778.60000000,2.981617280550e+13,-2.708038054640e-03,-3.075812411733e-03,-2.111609671767e-02,-2.398384130121e-02,1.663664616389e-02,1.559674883555e-02
778.80000000,2.504187494173e+13,-5.479312301707e-03,-6.223449022983e-03,-2.031760725246e-02,-2.307691021114e-02,2.496088135693e-02,2.340066581948e-02
779.00000000,3.123362341241e+13,-1.936071960871e-02,-2.199006826012e-02,-4.194505375312e-03,-4.764154692205e-03,7.500805724304e-03,7.031957150126e-03
779.20000000,2.877127747307e+13,-3.268554067689e-02,-3.712451216331e-02,-2.206800493735e-02,-2.506502671058e-02,-3.123660159537e-03,-2.928411320166e-03
779.40000000,3.260026254696e+13,-3.637670736089e-02,-4.131697034570e-02,-1.425401929496e-02,-1.618983570901e-02,4.686546516510e-03,4.393607233339e-03
779.60000000,6.383573011972e+13,-8.848120051841e-03,-1.004976921551e-02,-2.432923948645e-02,-2.763335604225e-02,-1.549133927824e-02,-1.452303099248e-02
779.80000000,2.739593529625e+13,7.496134512714e-03,8.514172662648e-03,-3.431222287345e-02,-3.897211303261e-02,1.225664199455e-02,1.149052308219e-02
780.00000000,2.386823667378e+13,-4.927227607829e-03,-5.596386581652e-03,-4.176535876216e-02,-4.743744783105e-02,-2.957957995115e-04,-2.773066606178e-04
780.20000000,3.893929532082e+13,-4.511160189846e-02,-5.123813706926e-02,-4.971358914283e-02,-5.646511514211e-02,-6.988212449714e-03,-6.551404250230e-03
780.40000000,3.976169164952e+13,-6.050613786206e-02,-6.872338056818e-02,-3.329308586073e-02,-3.781456859133e-02,1.456125017530e-03,1.365107843725e-03
780.60000000,2.031215960907e+13,-4.422951499130e-02,-5.023625533699e-02,-1.218901867136e-02,-1.384439053013e-02,-4.805887005504e-03,-4.505488174630e-03
780.80000000,2.367436194573e+13,-3.044565371881e-02,-3.458042970673e-02,-1.220265356824e-02,-1.385987716136e-02,1.494680367554e-02,1.401253236531e-02
781.00000000,3.847263636914e+13,8.312760791193e-03,9.441703661996e-03,-1.620526598779e-03,-1.840607821093e-03,6.880131346312e-02,6.450078910554e-02
781.20000000,3.055711680297e+13,3.147913779788e-02,3.575426962094e-02,-9.617617116639e-03,-1.092377088935e-02,5.833633857044e-02,5.468994241423e-02
781.40000000,3.376246207410e+13,-5.361698931969e-03,-6.089862767869e-03,-3.133804732796e-02,-3.559401928552e-02,2.246556119640e-02,2.106131920932e-02
781.60000000,4.075005003144e+13,-8.054070210054e-03,-9.147880722948e-03,-6.999163717086e-02,-7.949709365145e-02,-3.035179865324e-02,-2.845461613108e-02
781.80000000,3.473606560390e+13,-3.378119677043e-02,-3.836896757475e-02,-4.709904959244e-02,-5.349549900089e-02,-2.990963143236e-02,-2.804008720382e-02
782.00000000,2.217404375586e+13,-6.956991773226e-02,-7.901809802026e-02,-4.499587419979e-02,-5.110669459635e-02,-3.546348685917e-02,-3.324679096536e-02
782.20000000,2.569034168183e+13,-2.546866094287e-02,-2.892751942835e-02,-2.172570302968e-02,-2.467623730787e-02,8.331431648004e-03,7.810663614195e-03
782.40000000,4.373213822382e+13,-2.395317596993e-02,-2.720621884264e-02,-2.718872033059e-02,-3.088117857721e-02,3.754655168979e-03,3.519965085379e-03
782.60000000,5.100930981268e+13,-4.147828087704e-02,-4.711138047723e-02,-3.109133526874e-02,-3.531380164139e-02,-7.867187634109e-03,-7.375437835405e-03
782.80000000,2.449614330437e+13,-4.149388636909e-02,-4.712910532642e-02,-2.191766816770e-02,-2.489427293572e-02,-2.465709880709e-02,-2.311587163177e-02
783.00000000,1.622299799112e+13,2.474507647630e-02,2.810566610195e-02,-3.653763981560e-02,-4.149976042328e-02,1.830455022169e-02,1.716039816818e-02
783.20000000,5.588789971663e+13,1.094236350241e-02,1.242842855060e-02,1.032458142660e-02,1.172674693376e-02,1.767135523655e-02,1.656678193989e-02
783.40000000,4.137347696134e+13,-1.358227073259e-03,-1.542685739856e-03,3.507499650894e-03,3.983847778113e-03,1.030833086181e-02,9.663993919302e-03
783.60000000,4.702602768373e+13,-2.532118032569e-02,-2.876000970224e-02,2.486424267490e-03,2.824101719001e-03,9.460501635998e-04,8.869159470095e-04
783.80000000,2.392295673875e+13,-1.606654450933e-02,-1.824851646039e-02,-6.710468545289e-03,-7.621806946559e-03,5.064127822951e-03,4.747587280973e-03
784.00000000,5.284814854718e+13,-2.958722141802e-02,-3.360541507543e-02,-6.626133537573e-03,-7.526018531293e-03,-4.836034492935e-04,-4.533751250300e-04
784.20000000,3.574640407067e+13,-7.840298094768e-03,-8.905076555425e-03,-9.984411298744e-03,-1.134037882459e-02,-4.094410837578e-03,-3.838483840685e-03
784.40000000,2.396879981473e+13,-1.630259154603e-02,-1.851662067110e-02,-1.663829029941e-02,-1.889791088760e-02,-1.062564798123e-02,-9.961476678991e-03
784.60000000,5.574675075201e+13,-2.744295650868e-03,-3.116994094651e-03,-1.958307806194e-03,-2.224262574217e-03,2.254817757581e-03,2.113877153394e-03
784.80000000,2.982576434093e+13,-5.071378015009e-03,-5.760113827214e-03,1.275482161042e-02,1.448703429520e-02,9.032007441416e-03,8.467448917102e-03
785.00000000,2.566332270372e+13,1.293194745367e-03,1.468821474563e-03,2.309222653789e-02,2.622834626974e-02,2.519066989829e-02,2.361609109989e-02
785.20000000,3.244335957773e+13,-3.480143363632e-03,-3.952776119274e-03,1.247506080834e-02,1.416927960933e-02,1.424215665719e-02,1.335193031520e-02
785.40000000,3.823175208230e+13,2.480745730367e-02,2.817651877064e-02,2.322376215465e-02,2.637774553609e-02,2.370876737138e-02,2.222681700682e-02
785.60000000,3.082772174518e+13,3.356958764988e-03,3.812862015485e-03,1.656771582786e-02,1.881775180573e-02,-5.665437690065e-03,-5.311311416073e-03
785.80000000,5.048240293956e+13,6.236742815157e-03,7.083744974255e-03,2.468008867720e-02,2.803185352141e-02,2.241508830167e-03,2.101400119496e-03
786.00000000,2.463532254827e+13,-2.514437067310e-02,-2.855918781090e-02,-4.006494779739e-02,-4.550610667121e-02,-5.180986896923e-02,-4.857141911632e-02
786.20000000,3.913782517188e+13,1.438812203231e-02,1.634215008636e-02,-1.619832593975e-02,-1.839819564566e-02,1.589299516253e-02,1.489958080209e-02
786.40000000,3.501405278942e+13,-3.681390923575e-03,-4.181354791441e-03,1.277998248416e-02,1.451561222846e-02,2.804552242962e-03,2.629249699655e-03
786.60000000,3.623658148081e+13,9.704694096371e-03,1.102267322372e-02,1.154909532119e-02,1.311756017504e-02,4.056237584393e-02,3.802696661208e-02
786.80000000,1.640657860714e+13,5.308707651311e-03,6.029674825355e-03,1.607195786645e-02,1.825466571888e-02,1.256365382934e-02,1.177834470378e-02
787.00000000,3.946943811015e+13,2.693988882639e-02,3.059855243945e-02,2.287591192875e-02,2.598265430658e-02,2.024644244222e-02,1.898090964212e-02
787.20000000,2.847408512067e+13,1.394152391013e-02,1.583490018088e-02,1.906486798248e-02,2.165403834969e-02,-4.139956768471e-03,-3.881182858120e-03
787.40000000,3.107415623508e+13,-1.084488606251e-02,-1.231771285405e-02,-1.135393959321e-02,-1.289590064811e-02,-7.179172931659e-03,-6.730428474529e-03
787.60000000,2.881887247441e+13,-4.152691549864e-03,-4.716662008971e-03,-1.143185207808e-03,-1.298439430759e-03,-6.598133117974e-02,-6.185707384218e-02
787.80000000,4.300636030924e+13,2.779066571419e-02,3.156487198826e-02,-8.744660630710e-02,-9.932259527131e-02,2.130089998462e-02,1.996945680990e-02
788.00000000,1.316141427877e+13,-2.116544238812e-02,-2.403988758047e-02,9.923886779292e-03,1.127163456334e-02,5.655133701263e-02,5.301651492807e-02
788.20000000,3.206921783104e+13,3.149830261722e-03,3.577603718404e-03,5.826384089486e-03,6.617656342008e-03,3.209623686487e-02,3.009001574094e-02
788.40000000,3.723671452867e+13,-1.330843574568e-03,-1.511583331600e-03,5.667667368613e-03,6.437384547644e-03,1.045393666844e-02,9.800498427047e-03
788.60000000,3.572580551190e+13,-2.653185170605e-03,-3.013510044435e-03,-2.032066095429e-02,-2.308037863151e-02,-3.055983553847e-02,-2.864964937368e-02
788.80000000,4.373687962725e+13,-1.534050820044e-02,-1.742387831086e-02,-1.022318183396e-02,-1.161157641857e-02,-3.823480324141e-02,-3.584488225924e-02
789.00000000,3.401311684920e+13,1.405289707985e-02,1.596139876430e-02,6.394666998140e-03,7.263116877521e-03,-2.217608183598e-02,-2.078993416974e-02
789.20000000,4.862803885517e+13,-5.181485079132e-02,-5.885174357242e-02,-1.613714925290e-02,-1.832871064715e-02,-4.743546379452e-03,-4.447044238442e-03
789.40000000,3.290257003946e+13,-2.887826256714e-02,-3.280017364642e-02,3.384477979315e-02,3.844118722728e-02,1.906601964258e-02,1.787427085542e-02
789.60000000,5.297162835189e+13,1.542786874511e-02,1.752310315266e-02,4.189412642746e-02,4.758370323471e-02,2.876699026490e-02,2.696886845441e-02
789.80000000,3.796387834049e+13,7.890638089291e-05,8.962253144883e-05,9.000333443374e-03,1.022265487083e-02,2.000681656121e-02,1.875626191903e-02
790.00000000,1.792165943371e+13,-5.986032387682e-03,-6.798985960895e-03,3.772068957770e-03,4.284347835207e-03,4.877846298645e-03,4.572949549384e-03
790.20000000,4.591213872381e+13,-1.671524968080e-02,-1.898532125327e-02,-5.204935821869e-04,-5.911810141982e-04,-1.154374996691e-02,-1.082219138886e-02
790.40000000,4.399051759043e+13,3.237550084114e-04,3.677236630880e-04,1.115814241007e-02,1.267351255100e-02,-2.878037051607e-03,-2.698141235387e-03
790.60000000,3.379949764365e+13,1.618840331742e-02,1.838692472011e-02,1.086813126028e-02,1.234411543348e-02,-2.051967770805e-02,-1.923706594744e-02
790.80000000,5.046198547188e+13,2.728908563483e-02,3.099517311311e-02,1.415728068354e-02,1.607995917572e-02,-1.738102159306e-02,-1.629459601544e-02
791.00000000,2.202742335300e+13,2.402664497884e-02,2.728966556123e-02,-2.064244540745e-03,-2.344586413581e-03,8.079348683828e-03,7.574337455711e-03
791.20000000,2.272618248266e+13,1.297477552553e-02,1.473685923006e-02,1.709931308231e-02,1.942154446483e-02,1.606014594198e-02,1.505628358335e-02
791.40000000,5.167460292823e+13,9.106264229336e-03,1.034297154470e-02,7.815132119973e-03,8.876493180512e-03,4.101057120624e-02,3.844714688317e-02
791.60000000,4.272084369886e+13,-8.049637751463e-03,-9.142846299179e-03,9.450741463178e-03,1.073423211033e-02,2.707393576972e-02,2.538164074841e-02
791.80000000,5.543850414737e+13,-1.384626277440e-02,-1.572670178125e-02,1.092957836845e-03,1.241390757880e-03,-3.966328551371e-04,-3.718407520697e-04
792.00000000,3.086412535935e+13,-3.388403158378e-03,-3.848576822115e-03,2.567472453123e-04,2.916156933943e-04,1.806157821539e-02,1.693261347414e-02
792.20000000,5.928716493562e+13,4.278484474882e-02,4.859538671807e-02,3.144232326636e-02,3.571245677857e-02,1.364635366904e-02,1.279336884372e-02
792.40000000,3.088054477760e+13,5.470394404995e-02,6.213320000850e-02,5.905639809783e-02,6.707675659651e-02,1.798082042276e-02,1.685690356268e-02
792.60000000,3.138913814296e+13,3.796599481369e-02,4.312209640911e-02,1.128970585343e-02,1.282294342304e-02,-5.967613685601e-03,-5.594599469451e-03
792.80000000,4.819810940660e+13,-5.989482402570e-03,-6.802904516838e-03,9.158237800001e-03,1.040200397501e-02,-3.053225597559e-02,-2.862379371077e-02
793.00000000,3.476427302294e+13,-1.024168350308e-02,-1.163259031085e-02,-1.718694163187e-03,-1.952107371278e-03,-1.466480029145e-02,-1.374815600550e-02
793.20000000,5.187217468160e+13,-1.844615794381e-02,-2.095130142471e-02,-1.734133684438e-02,-1.969643710139e-02,-3.983964076607e-02,-3.734940712245e-02
793.40000000,3.005387876643e+13,-4.087566640491e-03,-4.642692588852e-03,-9.043393355766e-03,-1.027156268363e-02,-1.853766395807e-02,-1.737894079754e-02
793.60000000,3.317499658946e+13,1.159817702738e-02,1.317330707121e-02,-1.020840426495e-02,-1.159479193066e-02,-8.447153285595e-03,-7.919151905559e-03
793.80000000,5.115571111855e+13,3.258121644769e-02,3.700601982585e-02,-1.755115880670e-03,-1.993475466135e-03,-2.748293651713e-04,-2.576507631996e-04
794.00000000,2.021770184967e+13,4.783836370772e-03,5.433521607907e-03,-4.495514290019e-03,-5.106043164166e-03,-3.707798381295e-02,-3.476037148128e-02
794.20000000,2.074457630786e+13,1.286241738054e-02,1.460924190343e-02,2.367628992769e-02,2.689173040924e-02,-3.583671183603e-02,-3.359668698202e-02
794.40000000,3.126815827538e+13,-4.501283132443e-03,-5.112595262009e-03,-1.285193047434e-02,-1.459733136441e-02,-4.524301445516e-02,-4.241503522220e-02
794.60000000,4.736294822732e+13,1.601781580015e-02,1.819316998243e-02,-1.842358273957e-02,-2.092566114531e-02,-6.833382622981e-03,-6.406252282940e-03
794.80000000,3.455031483196e+13,2.118487864442e-02,2.406196344395e-02,-9.238296610257e-03,-1.049293544903e-02,-1.882092440808e-02,-1.764449564859e-02
795.00000000,3.307375225417e+13,3.033203971246e-02,3.445138596221e-02,-1.096204210580e-04,-1.245078016629e-04,-1.714703661030e-03,-1.607523659819e-03
795.20000000,4.594892471664e+13,2.321848912752e-02,2.637175534434e-02,4.455150291828e-03,5.060197393529e-03,-4.752373491298e-04,-4.455319599052e-04
795.40000000,4.048583878984e+13,2.561628718445e-03,2.909519455587e-03,2.014031908250e-02,2.287554480778e-02,4.934782901610e-03,4.626327248666e-03
795.60000000,4.093322011552e+13,-1.947109317508e-02,-2.211543148565e-02,-4.844501587699e-03,-5.502425889421e-03,-3.812863648870e-02,-3.574535161103e-02
795.80000000,3.313492934987e+13,-1.180546768245e-02,-1.340874954167e-02,-2.477943388563e-02,-2.814469064965e-02,-1.091463157425e-02,-1.023239693982e-02
796.00000000,4.444069866069e+13,-5.617248130783e-04,-6.380117698431e-04,-2.436578659846e-02,-2.767486656128e-02,-1.626322745596e-02,-1.524667119727e-02
796.20000000,5.232205059641e+13,1.198459039715e-02,1.361219862842e-02,-6.167868895190e-03,-7.005517673402e-03,-1.754470772588e-02,-1.644805071275e-02
796.40000000,1.970300065440e+13,2.639307393579e-02,2.997747548502e-02,1.129636158845e-03,1.283050306319e-03,-1.568996837065e-03,-1.470924448979e-03
796.60000000,3.381024979324e+13,2.263810656548e-02,2.571255194620e-02,-6.258487669541e-03,-7.108443243975e-03,1.047370097390e-02,9.819027336367e-03
796.80000000,1.587222334640e+13,3.128865620846e-02,3.553791902870e-02,1.116309719462e-02,1.267914023721e-02,2.143823168159e-02,2.009820439302e-02
797.00000000,2.069661221413e+13,2.424309511187e-02,2.753551144385e-02,6.000687462312e-03,6.815631587529e-03,1.786533600681e-02,1.674863766507e-02
797.20000000,3.183104412320e+13,-2.538052783583e-02,-2.882741710370e-02,3.688764924602e-03,4.189730409555e-03,1.702018463581e-02,1.595631368753e-02
797.40000000,6.270788059695e+13,-2.673043268476e-02,-3.036065039112e-02,-2.822131267657e-02,-3.205400569985e-02,-2.493248903670e-02,-2.337404820178e-02
797.60000000,5.205318642866e+13,-8.809377821469e-04,-1.000576546422e-03,-1.134234857384e-02,-1.288273547026e-02,-1.427747815132e-02,-1.338504398889e-02
797.80000000,4.439570733064e+13,2.064619176667e-02,2.345011835492e-02,-3.660135647829e-03,-4.157213034782e-03,-1.371020956799e-03,-1.285323333851e-03
798.00000000,3.198859912519e+13,1.267216078257e-02,1.439314685837e-02,-5.846740761168e-03,-6.640777621928e-03,1.539764755821e-02,1.443519560722e-02
798.20000000,2.632607417902e+13,5.980970288918e-03,6.793236386520e-03,-2.557547386203e-02,-2.904883958961e-02,1.555952033418e-02,1.458695029414e-02
798.40000000,3.057953530919e+13,6.529037079639e-03,7.415735259633e-03,7.433615683767e-04,8.443163584516e-04,1.606903277473e-02,1.506461493193e-02
798.60000000,5.185766636515e+13,1.540700997487e-02,1.749941158589e-02,1.267498692587e-02,1.439635738506e-02,3.359837348852e-02,3.149825916963e-02
798.80000000,2.259915784949e+13,2.468713461904e-02,2.803985525287e-02,2.059198887711e-02,2.338855518177e-02,4.133365718992e-02,3.875003791602e-02
799.00000000,3.791790240572e+13,-1.420503365743e-02,-1.613419676941e-02,3.896047367873e-03,4.425163562302e-03,3.791680205279e-03,3.554675818908e-03
799.20000000,3.503499892377e+13,-5.539909675571e-03,-6.292276030170e-03,-7.183133433044e-03,-8.158663724975e-03,-2.299986958962e-03,-2.156222989333e-03
799.40000000,3.485472877215e+13,1.477793473191e-03,1.678490263100e-03,-1.135669026074e-02,-1.289902487956e-02,6.793075789621e-03,6.368464885764e-03
799.60000000,3.759009117784e+13,9.208705701864e-03,1.045932543129e-02,6.606174291242e-04,7.503348650454e-04,3.764377364372e-02,3.529079581064e-02
799.80000000,3.385668595876e+13,1.441390318670e-02,1.637143253847e-02,-1.893071693134e-02,-2.150166845085e-02,9.783900233746e-03,9.172343576622e-03
800.00000000,2.943856007364e+13,-4.389327983114e-03,-4.985435661251e-03,-2.141614240501e-02,-2.432463573138e-02,-1.647536871495e-02,-1.544555226390e-02
800.20000000,4.221463651777e+13,-7.065794671618e-03,-8.025389049641e-03,-1.501860395073e-02,-1.705825742968e-02,-1.190012904102e-02,-1.115629447997e-02
800.40000000,2.012986034542e+13,8.235150972443e-03,9.353553776741e-03,-3.324399517535e-02,-3.775881097554e-02,-3.175013567763e-03,-2.976554810270e-03
800.60000000,2.194820753314e+13,-3.346472835560e-02,-3.800952008598e-02,-4.530969910373e-03,-5.146313957731e-03,-6.796959808417e-05,-6.372106128387e-05
800.80000000,4.390572757486e+13,-3.311240287361e-03,-3.760934583856e-03,-3.413501551594e-02,-3.877083941671e-02,-7.022270724229e-06,-6.583333663340e-06
801.00000000,3.000556566819e+13,2.631367282264e-03,2.988729103253e-03,4.793197400764e-03,5.444154159850e-03,5.836466971671e-03,5.471650268175e-03
801.20000000,2.251051958554e+13,1.944846697418e-03,2.208973245626e-03,-3.363873683166e-03,-3.820716188842e-03,9.700024664131e-03,9.093710769274e-03
801.40000000,4.354931252067e+13,-6.132223210384e-03,-6.965030727576e-03,-2.580862895283e-02,-2.931365911431e-02,-9.920824907469e-03,-9.300709578062e-03
801.60000000,3.980278877634e+13,-9.489475938331e-03,-1.077822662866e-02,-4.127508937344e-02,-4.688059571149e-02,-4.484429233591e-04,-4.204123579842e-04
801.80000000,5.833552437608e+13,7.154481557001e-02,8.126120360396e-02,1.627311145804e-02,1.848313767004e-02,1.767213804357e-02,1.656751581645e-02
802.00000000,6.094402464888e+13,8.532741115593e-02,9.691559165675e-02,4.014898836519e-02,4.560156065912e-02,1.276835176893e-01,1.197024770631e-01
802.20000000,1.714873631795e+13,6.217823223339e-03,7.062255942652e-03,4.405003626331e-02,5.003240386599e-02,3.662870530933e-02,3.433917577217e-02
802.40000000,5.843157704857e+13,-2.624280723979e-02,-2.980680130715e-02,-3.258517660094e-02,-3.701051926490e-02,3.166312376363e-04,2.968397499268e-04
802.60000000,3.700141675180e+13,4.218858502157e-04,4.791814990214e-04,-1.846386146388e-02,-2.097141006115e-02,4.518176397642e-03,4.235761329211e-03
802.80000000,4.315748115838e+13,2.179988321847e-02,2.476049081467e-02,-1.112425187360e-02,-1.263501939294e-02,4.621437741030e-02,4.332568174856e-02
803.00000000,5.150468979507e+13,2.059014845047e-02,2.338646388476e-02,-1.145025714592e-02,-1.300529893936e-02,4.472720710818e-02,4.193146915010e-02
803.20000000,3.365095100847e+13,3.281244908862e-02,3.726865580534e-02,6.160269178830e-03,6.996885851265e-03,4.466215087430e-02,4.187047934902e-02
803.40000000,3.347327097228e+13,8.258126779789e-03,9.379649892076e-03,6.969565345050e-03,7.916091283775e-03,1.049268369077e-03,9.836823511411e-04
803.60000000,4.184640254025e+13,-1.479841785713e-02,-1.680816753701e-02,-1.689710115367e-02,-1.919187044550e-02,-2.009236811669e-02,-1.883646595236e-02
803.80000000,4.957244419674e+13,-2.806500596821e-02,-3.187646995745e-02,-2.460234054225e-02,-2.794354653196e-02,-1.825215538671e-02,-1.711127834719e-02
804.00000000,4.433649142040e+13,-7.116044556492e-03,-8.082463291754e-03,-2.935614394003e-02,-3.334295664993e-02,-2.136826864125e-03,-2.003261449243e-03
804.20000000,3.404927933372e+13,4.611741782692e-03,5.238055126518e-03,-3.074830554919e-02,-3.492418558378e-02,2.223820928099e-02,2.084817825007e-02
804.40000000,3.258849644836e+13,9.178652331940e-03,1.042519056082e-02,-1.883649078396e-02,-2.139464559546e-02,1.661019094663e-02,1.557194723944e-02
804.60000000,4.322345451157e+13,8.578765145268e-03,9.743833645892e-03,-5.766458073584e-03,-6.549591866151e-03,1.300665037189e-02,1.219365111477e-02
804.80000000,6.422195337720e+13,1.716986935192e-02,1.950168210154e-02,8.557991956151e-04,9.720239667291e-04,1.029236725967e-02,9.649028144912e-03
805.00000000,5.897487289829e+13,2.162898644001e-02,2.456638481553e-02,-1.579526256429e-02,-1.794039285375e-02,-1.502941439054e-03,-1.408997937958e-03
805.20000000,5.382021700454e+13,-1.931729214422e-02,-2.194074298050e-02,-4.171784553376e-02,-4.738348190425e-02,9.649406838908e-03,9.046256883506e-03
805.40000000,5.315874248940e+13,-1.108024978254e-02,-1.258504094795e-02,-2.693874138567e-02,-3.059725037665e-02,-1.103893065421e-03,-1.034892652827e-03
805.60000000,3.906395779843e+13,1.251677062180e-03,1.421665340610e-03,-2.996307174361e-02,-3.403231038406e-02,1.405160684591e-02,1.317329109201e-02
805.80000000,3.348905260228e+13,8.014502320937e-03,9.102939181509e-03,-1.074513085468e-02,-1.220441053216e-02,8.149212478277e-03,7.639834313910e-03
806.00000000,2.027329047254e+13,8.018845146167e-03,9.107871798953e-03,-2.205622551387e-03,-2.505164754173e-03,-9.394516708464e-03,-8.807299024691e-03
806.20000000,4.385056932396e+13,1.145327274176e-02,1.300872356417e-02,-6.132581547253e-03,-6.965438005072e-03,-2.016179332354e-02,-1.890155163750e-02
806.40000000,1.659281766834e+13,2.263521085148e-02,2.570926296988e-02,1.087308558971e-03,1.234974260276e-03,-1.867002457717e-02,-1.750302802712e-02
806.60000000,6.006704219018e+13,2.652102094499e-02,3.012279877481e-02,5.896195272186e-03,6.696948473944e-03,-1.414431179977e-02,-1.326020139033e-02
806.80000000,3.157086832743e+13,4.011060487462e-02,4.555796256411e-02,1.941576375106e-02,2.205258873235e-02,1.602677842971e-02,1.502500175509e-02
807.00000000,4.136364474683e+13,4.630657713167e-02,5.259539999536e-02,6.156825284900e-02,6.992974247402e-02,7.742126774996e-03,7.258194083899e-03
807.20000000,3.455275576864e+13,2.669167237283e-02,3.031662610265e-02,2.201593700321e-02,2.500588751048e-02,2.465966456130e-02,2.311827700985e-02
807.40000000,3.550193622503e+13,2.066786976002e-02,2.347474040220e-02,1.469115999503e-02,1.668634381451e-02,1.585852781594e-02,1.486726788623e-02
807.60000000,3.748264829027e+13,2.283157402469e-02,2.593229391449e-02,8.319501327136e-03,9.449359993141e-03,-1.775172886410e-02,-1.664213169907e-02
807.80000000,5.248645550399e+13,2.748619498935e-02,3.121905157673e-02,1.556532059054e-02,1.767922281458e-02,-1.358899029695e-02,-1.273959105113e-02
808.00000000,3.040846910239e+13,-1.278548789980e-03,-1.452186475182e-03,6.792111069568e-03,7.714537216360e-03,-3.674098003496e-02,-3.444443260573e-02
808.20000000,2.900263625961e+13,-4.580182178083e-02,-5.202209462015e-02,1.985275402391e-02,2.254892598133e-02,-5.133918629029e-02,-4.813015713044e-02
808.40000000,1.838565454346e+13,-2.204083071732e-02,-2.503416101154e-02,1.929334469458e-03,2.191354413229e-03,-7.429941198809e-02,-6.965522113003e-02
808.60000000,4.426392411979e+13,-4.020769053588e-03,-4.566823327517e-03,1.509266992773e-02,1.714238219298e-02,9.477624762328e-03,8.885212290956e-03
808.80000000,5.703505474456e+13,2.428542968441e-02,2.758359540760e-02,1.403574477740e-02,1.594191766529e-02,7.409601072296e-03,6.946453375147e-03
809.00000000,4.843996333324e+13,3.421291931630e-02,3.885932167548e-02,1.964654254119e-02,2.231470923464e-02,2.078149204616e-02,1.948251520644e-02
809.20000000,7.981706820486e+13,1.047761423542e-02,1.190056242209e-02,1.365131957589e-02,1.550528426905e-02,-1.334405873401e-02,-1.250996928534e-02
809.40000000,5.259243069599e+13,-2.403772141566e-03,-2.730224627138e-03,1.360848564977e-02,1.545663313338e-02,-2.930034002855e-04,-2.746888042934e-04
809.60000000,4.269078799637e+13,-2.124140589629e-02,-2.412616757232e-02,8.790972431754e-03,9.984860862571e-03,-2.898564506708e-03,-2.717385592591e-03
809.80000000,5.499631234617e+13,-5.143637874854e-03,-5.842187184123e-03,-4.133533103378e-03,-4.694901869896e-03,2.565048198157e-02,2.404716197221e-02
810.00000000,4.935805375943e+13,-4.344340554948e-02,-4.934338561753e-02,-6.093898588422e-03,-6.921501573161e-03,4.702835521820e-03,4.408878071109e-03
810.20000000,4.123581415278e+13,-7.526908522642e-04,-8.549126042095e-04,5.185356990599e-03,5.889572339787e-03,1.870309902325e-02,1.753403510771e-02
810.40000000,3.096313567467e+13,-1.801903327237e-02,-2.046616962846e-02,1.947242207467e-02,2.211694173565e-02,1.211839289830e-02,1.136091544314e-02
810.60000000,5.471819879227e+13,-3.533245582695e-02,-4.013090066564e-02,-2.387152013507e-04,-2.711347453045e-04,-2.157929175668e-02,-2.023044730666e-02
810.80000000,2.805717961332e+13,-4.457206878807e-02,-5.062533082209e-02,-1.047352764435e-02,-1.189592130801e-02,-3.963895691408e-02,-3.716126730123e-02
811.00000000,2.222304308389e+13,-1.981947516038e-02,-2.251112667633e-02,-2.316641446490e-03,-2.631260954488e-03,-5.301995646117e-03,-4.970586836137e-03
811.20000000,2.695837621008e+13,-2.614103022992e-03,-2.969120212284e-03,-5.865014264279e-03,-6.661532821361e-03,1.808718429286e-02,1.695661900717e-02
811.40000000,5.537360366642e+13,2.687881911828e-03,3.052918895105e-03,8.538591613667e-04,9.698204594164e-04,1.728069442171e-02,1.620053993721e-02
811.60000000,5.090478541096e+13,-1.865880842237e-02,-2.119283162781e-02,3.363478403504e-03,3.820267226859e-03,1.268720312918e-02,1.189417137819e-02
811.80000000,2.169748304071e+13,7.441525541182e-03,8.452147333225e-03,1.165686108847e-02,1.323996144525e-02,-6.728844305101e-03,-6.308248281918e-03
812.00000000,3.512568762336e+13,-3.456248250321e-03,-3.925635848489e-03,1.652011007648e-02,1.876368079055e-02,2.103857688087e-03,1.972353058639e-03
812.20000000,3.294624291192e+13,-2.270741932382e-02,-2.579127796043e-02,-5.658820067147e-03,-6.427335707786e-03,-1.918360430801e-02,-1.798450572341e-02
812.40000000,4.000170199160e+13,-6.701165741670e-05,-7.611240442454e-05,-4.219503490696e-03,-4.792547763151e-03,4.811765884829e-03,4.510999586207e-03
812.60000000,2.866383572286e+13,2.377667992476e-02,2.700575314925e-02,1.425596733692e-02,1.619204831156e-02,1.010155351302e-02,9.470141484016e-03
812.80000000,2.779469948010e+13,3.424170209382e-02,3.889201339641e-02,2.587470387188e-02,2.938870756638e-02,2.924154850087e-02,2.741376375010e-02
813.00000000,3.732721496391e+13,1.412144805179e-02,1.603925953511e-02,2.621452388863e-03,2.977467801640e-03,5.643495914453e-03,5.290741142483e-03
813.20000000,4.099289692922e+13,2.121658125747e-02,2.409797153864e-02,-5.691048656237e-03,-6.463941211939e-03,-1.661010942400e-02,-1.557187081249e-02
813.40000000,5.144906813319e+13,2.961394807795e-03,3.363577144070e-03,1.673242161832e-02,1.900482603600e-02,-5.716720434544e-03,-5.359388659368e-03
813.60000000,4.706995141344e+13,-1.752837138670e-02,-1.990887172959e-02,-4.238403409940e-03,-4.814014451327e-03,-6.093027632960e-02,-5.712174238919e-02
813.80000000,6.909413367636e+13,-1.252808852827e-02,-1.422950837952e-02,-5.377305064670e-03,-6.107588586261e-03,-3.467540902669e-02,-3.250797306331e-02
814.00000000,3.326977379234e+13,-8.644384103644e-03,-9.818364211026e-03,-1.903037309495e-02,-2.161485876460e-02,-1.291659977174e-02,-1.210922925598e-02
814.20000000,3.438054663682e+13,-3.025524458690e-03,-3.436416141233e-03,-9.627186598489e-03,-1.093463998780e-02,-2.331745865811e-02,-2.185996760353e-02
814.40000000,2.903564011989e+13,-3.515177876099e-03,-3.992568613365e-03,-7.094206068661e-03,-8.057659272154e-03,-7.547717758030e-03,-7.075936880185e-03
814.60000000,3.988216669018e+13,1.995077590851e-02,2.266025917101e-02,2.537269225683e-02,2.881851852681e-02,-2.174589429812e-02,-2.038663611831e-02
814.80000000,3.712170306950e+13,-1.488018861385e-02,-1.690104345062e-02,-2.210927053589e-02,-2.511189652653e-02,5.054991511540e-02,4.739022047754e-02
815.00000000,4.856756847886e+13,-4.893591174023e-02,-5.558182037072e-02,-6.410335096145e-02,-7.280912835792e-02,-3.537896674117e-02,-3.316755389805e-02
815.20000000,4.260699981272e+13,-2.309287582498e-02,-2.622908269822e-02,-1.988446164916e-02,-2.258493977035e-02,-2.057820037630e-02,-1.929193057274e-02
815.40000000,5.257932896419e+13,4.374742330624e-03,4.968869154409e-03,2.844999615848e-03,3.231374633334e-03,-1.035805851625e-03,-9.710613275684e-04
815.60000000,4.508618442117e+13,6.108548362609e-03,6.938140636241e-03,1.669491929561e-02,1.896223058058e-02,5.875481170130e-03,5.508225828441e-03
815.80000000,2.992599246863e+13,1.275577441489e-02,1.448811592561e-02,1.904182364989e-02,2.162786440177e-02,-1.372068063746e-03,-1.286304989883e-03
816.00000000,3.932609152256e+13,-2.566348643193e-02,-2.914880385836e-02,1.037150731433e-02,1.178004575406e-02,-1.383593203723e-02,-1.297109734526e-02
816.20000000,5.522802392982e+13,-1.815991989727e-02,-2.062618984264e-02,4.671131041023e-04,5.305510155738e-04,-2.797613960237e-03,-2.622745104200e-03
816.40000000,2.586189124875e+13,-1.826988599795e-02,-2.075109026520e-02,-1.878492731548e-02,-2.133607937173e-02,-5.410975074079e-03,-5.072754349313e-03
816.60000000,4.575647879212e+13,-4.962158300734e-03,-5.636061156611e-03,-1.531694500091e-03,-1.739711571853e-03,1.616518394788e-02,1.515475603868e-02
816.80000000,6.278169345512e+13,2.179216156221e-02,2.475172049251e-02,3.596437455993e-02,4.084864089588e-02,7.605128016645e-03,7.129758628595e-03
817.00000000,2.777825865535e+13,4.974189911116e-02,5.649726760934e-02,4.675619628827e-02,5.310608331737e-02,2.395213358422e-02,2.245497126696e-02
817.20000000,1.528116860967e+13,6.180303965493e-03,7.019641253850e-03,1.808186530380e-02,2.053753559072e-02,-9.286731321138e-03,-8.706250916934e-03
817.40000000,2.884684679633e+13,1.978110942453e-02,2.246755055069e-02,1.170771370441e-02,1.329772027666e-02,1.517794895941e-02,1.422922958310e-02
817.60000000,3.917725574078e+13,-9.919200018137e-03,-1.126631085482e-02,7.075389902044e-03,8.036287710921e-03,-1.439111120005e-02,-1.349157424162e-02
817.80000000,3.659706190710e+13,-7.153496346852e-03,-8.125001350417e-03,2.199225416892e-02,2.497898834693e-02,-2.462258469117e-02,-2.308351486996e-02
818.00000000,4.426620255572e+13,-3.382312526341e-02,-3.841659030992e-02,4.305335090637e-03,4.890036020529e-03,-4.496026547360e-02,-4.214995986954e-02
818.20000000,4.424774052776e+13,-1.395697937481e-02,-1.585245462773e-02,-9.323567408970e-03,-1.058978674362e-02,-1.957185366607e-02,-1.834848700086e-02
818.40000000,3.370098795707e+13,-3.326437603219e-02,-3.778195823099e-02,-2.926620739620e-02,-3.324080596256e-02,-1.607344747389e-02,-1.506875368402e-02
818.60000000,1.740561726094e+13,-1.764220158376e-02,-2.003816102534e-02,-2.714496837236e-02,-3.083148473289e-02,2.133465382123e-03,2.000110081476e-03
818.80000000,2.977451985667e+13,-1.424444553746e-02,-1.617896111441e-02,-1.360938162593e-02,-1.545765079068e-02,-1.222818222902e-02,-1.146384223495e-02
819.00000000,2.905591037375e+13,-4.386297871081e-03,-4.981994034505e-03,2.223267176695e-02,2.525205668878e-02,-1.125123835035e-03,-1.054796362864e-03
819.20000000,2.931959667609e+13,-4.456670184445e-03,-5.061923500235e-03,4.482772579196e-02,5.091571021214e-02,-1.248526542878e-03,-1.170485608215e-03
819.40000000,5.319687314599e+13,1.339217523222e+00,1.521094532951e+00,1.360822012747e+00,1.545633155089e+00,1.562100239381e+00,1.464458932983e+00
819.60000000,4.515315995792e+13,1.042251237557e+02,1.183797726598e+02,1.042440632928e+02,1.184012890278e+02,1.209854894462e+02,1.134231186412e+02
819.80000000,5.437607420630e+13,5.851191480312e+03,6.645832523562e+03,5.851078724623e+03,6.645704717521e+03,6.790551661090e+03,6.366098531492e+03
820.00000000,4.474613923355e+13,2.371878164561e+05,2.693999179655e+05,2.371838922296e+05,2.693954714499e+05,2.752652695352e+05,2.580594207390e+05
820.20000000,5.644230522587e+13,6.946417386145e+06,7.889799324191e+06,6.946303225276e+06,7.889669971330e+06,8.061607042501e+06,7.557704781012e+06
820.40000000,1.766823708447e+13,1.470838843121e+08,1.670591135741e+08,1.470814669486e+08,1.670563745189e+08,1.707026392205e+08,1.600326269647e+08
820.60000000,4.386314139007e+13,2.257874306982e+09,2.564512638826e+09,2.257837190816e+09,2.564470583391e+09,2.621002291476e+09,2.457172800026e+09
820.80000000,4.145671990985e+13,2.541218562279e+10,2.886337428453e+10,2.541176748517e+10,2.886290050176e+10,2.953037515172e+10,2.768453687864e+10
821.00000000,6.486722303777e+13,2.171816545258e+11,2.466767508848e+11,2.171780685165e+11,2.466726876205e+11,2.533537072590e+11,2.375174719561e+11
821.20000000,5.673925356094e+13,1.506118430520e+12,1.710661988001e+12,1.506093352578e+12,1.710633571914e+12,1.773396500593e+12,1.662547819622e+12
821.40000000,4.018843786679e+13,8.813755727861e+12,1.001073792715e+13,8.813607211989e+12,1.001056963746e+13,1.051589430332e+13,9.858583311472e+12
821.60000000,6.959687480536e+13,4.061236164171e+13,4.612786212266e+13,4.061167031491e+13,4.612707873206e+13,4.900355844253e+13,4.594052103696e+13
821.80000000,1.631065421569e+14,1.301397549760e+14,1.478138288822e+14,1.301375260866e+14,1.478113031364e+14,1.580932450042e+14,1.482114009421e+14
822.00000000,3.752219140220e+14,2.654417556583e+14,3.014909798800e+14,2.654371961756e+14,3.014858131042e+14,3.234995999524e+14,3.032787954469e+14
822.20000000,4.248340437185e+14,3.307725837152e+14,3.756942841733e+14,3.307668975971e+14,3.756878406900e+14,4.034686155130e+14,3.782492334810e+14
822.40000000,3.744661125502e+14,2.492281989253e+14,2.830754856989e+14,2.492239189381e+14,2.830706356480e+14,3.036617186601e+14,2.846809092565e+14
822.60000000,2.183477374259e+14,1.150881166319e+14,1.307180513852e+14,1.150861466373e+14,1.307158190182e+14,1.397217796047e+14,1.309882702249e+14
822.80000000,9.221608860983e+13,3.410444975404e+13,3.873612103385e+13,3.410386981769e+13,3.873546386914e+13,4.110325016999e+13,3.853403281593e+13
823.00000000,3.419948654886e+13,7.131947326632e+12,8.100525791908e+12,7.131827329652e+12,8.100389818677e+12,8.495205526147e+12,7.964200572188e+12
823.20000000,3.046230402993e+13,1.190991473093e+12,1.352738137831e+12,1.190971668656e+12,1.352715697281e+12,1.400275415178e+12,1.312749200530e+12
823.40000000,3.737177074809e+13,1.678798475025e+11,1.906793435724e+11,1.678770773905e+11,1.906762047967e+11,1.956957462359e+11,1.834635041318e+11
823.60000000,2.334257784096e+13,1.903182908395e+10,2.161651163435e+10,1.903151599468e+10,2.161615687979e+10,2.211098289527e+10,2.072890433129e+10
823.80000000,6.072625313958e+13,1.628040696209e+09,1.849142323398e+09,1.628013934815e+09,1.849112000708e+09,1.889779143191e+09,1.771655798931e+09
824.00000000,4.813738461563e+13,1.018717133325e+08,1.157067492962e+08,1.018700390467e+08,1.157048522040e+08,1.182292942524e+08,1.108392033643e+08
824.20000000,4.376823900721e+13,4.618620280235e+06,5.245867781913e+06,4.618544350780e+06,5.245781748054e+06,5.360095508674e+06,5.025055083808e+06
824.40000000,5.746081001158e+13,1.513718010652e+05,1.719293655069e+05,1.513693114616e+05,1.719265445934e+05,1.756725234684e+05,1.646918614998e+05
824.60000000,4.867521297152e+13,3.584039261653e+03,4.070781954574e+03,3.583985438183e+03,4.070720982411e+03,4.159403026787e+03,3.899413600288e+03
824.80000000,3.896157140326e+13,6.126239637561e+01,6.958234535210e+01,6.127381545074e+01,6.959531798604e+01,7.110341066916e+01,6.665899043795e+01
825.00000000,2.637743142147e+13,7.477232975659e-01,8.492704137797e-01,7.570266505835e-01,8.598372744328e-01,8.715893821008e-01,8.171094430000e-01
825.20000000,3.809191046942e+13,6.418741123176e-03,7.290460184095e-03,2.237332474229e-02,2.541181152815e-02,1.408908520737e-02,1.320842681496e-02
825.40000000,5.909125244208e+13,5.662668169089e-03,6.431706160172e-03,1.761495495169e-02,2.000721486258e-02,1.458261289996e-02,1.367110585429e-02
825.60000000,2.687790704340e+13,2.121212215850e-02,2.409290685651e-02,1.038002241897e-02,1.178971728194e-02,2.755695254889e-02,2.583446587397e-02
825.80000000,2.027826402944e+13,1.426637953984e-02,1.620387393891e-02,3.463546086133e-02,3.933924947394e-02,2.312261540108e-02,2.167730330255e-02
826.00000000,4.741444988128e+13,4.877055755263e+00,5.539400969292e+00,4.912455314991e+00,5.579608307790e+00,4.910430489750e+00,4.603497019088e+00
826.20000000,3.426994416230e+13,2.161219504143e+03,2.454731300372e+03,2.161249635787e+03,2.454765621226e+03,2.161209707089e+03,2.026120207786e+03
826.40000000,3.307737371270e+13,5.003644059314e+05,5.683181030326e+05,5.003644188004e+05,5.683181401248e+05,5.003643697296e+05,4.690883801972e+05
826.60000000,4.360340531383e+13,6.053104643673e+07,6.875167193691e+07,6.053104646200e+07,6.875167468455e+07,6.053104641006e+07,5.674746690594e+07
826.80000000,3.279737676872e+13,3.834526128872e+09,4.355287046314e+09,3.834526128864e+09,4.355287218545e+09,3.834526128848e+09,3.594843596833e+09
827.00000000,4.421682500662e+13,1.274971449427e+11,1.448123301677e+11,1.274971449427e+11,1.448123358946e+11,1.274971449427e+11,1.195277538112e+11
827.20000000,6.310086699048e+13,2.230561661118e+12,2.533490705807e+12,2.230561661118e+12,2.533490805999e+12,2.230561661118e+12,2.091137218882e+12
827.40000000,4.564629859232e+13,2.058382759453e+13,2.337928460338e+13,2.058382759453e+13,2.337928552797e+13,2.058382759453e+13,1.929720605365e+13
827.60000000,1.326640076017e+14,1.004225010952e+14,1.140607218412e+14,1.004225010952e+14,1.140607263520e+14,1.004225010952e+14,9.414544924442e+13
827.80000000,2.791346512288e+14,2.595049420157e+14,2.947478969840e+14,2.595049420157e+14,2.947479086405e+14,2.595049420157e+14,2.432842149994e+14
828.00000000,3.719367668948e+14,3.556389625525e+14,4.039377265177e+14,3.556389625525e+14,4.039377424923e+14,3.556389625525e+14,3.334092412874e+14
828.20000000,3.118000554132e+14,2.585891858853e+14,2.937077734647e+14,2.585891858853e+14,2.937077850800e+14,2.585891858853e+14,2.424256995138e+14
828.40000000,1.604562374482e+14,9.971451949323e+13,1.132565903798e+14,9.971451949323e+13,1.132565948588e+14,9.971451949323e+13,9.348172104362e+13
828.60000000,7.186165128451e+13,2.036630640735e+13,2.313222220845e+13,2.036630640735e+13,2.313222312327e+13,2.036630640735e+13,1.909328133893e+13
828.80000000,5.707907130533e+13,2.199145633623e+12,2.497808117400e+12,2.199145633623e+12,2.497808216181e+12,2.199145633623e+12,2.061684895053e+12
829.00000000,4.636502423449e+13,1.252529554537e+11,1.422633608604e+11,1.252529554538e+11,1.422633664865e+11,1.252529554537e+11,1.174238405913e+11
829.20000000,3.726228860693e+13,3.753539167697e+09,4.263301374272e+09,3.753539167694e+09,4.263301542871e+09,3.753539167671e+09,3.518918841326e+09
829.40000000,5.478560540427e+13,5.903958861798e+07,6.705766159513e+07,5.903958860285e+07,6.705766422989e+07,5.903958860430e+07,5.534923480037e+07
829.60000000,4.496366807225e+13,4.862750958455e+05,5.523153460696e+05,4.862751039587e+05,5.523153771272e+05,4.862751016939e+05,4.558797819819e+05
829.80000000,3.196142478951e+13,2.092748206798e+03,2.376961024632e+03,2.092763016962e+03,2.376977940145e+03,2.092756796187e+03,1.961946043841e+03
830.00000000,4.725048617223e+13,4.687601941277e+00,5.324217733034e+00,4.681267691798e+00,5.317023449443e+00,4.671636995734e+00,4.379629653452e+00
830.20000000,4.581418502236e+13,2.076380380127e-02,2.358370309357e-02,9.855469507613e-03,1.119392564733e-02,-2.676625320625e-02,-2.509319032299e-02
830.40000000,4.002949084712e+13,1.774729382202e-02,2.015752567396e-02,2.000942002488e-02,2.272686855068e-02,-1.332320909516e-02,-1.249042288294e-02
830.60000000,3.500831531709e+13,-1.864232008476e-03,-2.117410403519e-03,2.714240067051e-03,3.082856831541e-03,-3.929063599331e-02,-3.683471867707e-02
830.80000000,5.380500626322e+13,-2.466271312849e-02,-2.801211711839e-02,-3.290926532176e-02,-3.737862197591e-02,-4.180074721128e-02,-3.918793180852e-02
831.00000000,3.993775176655e+13,-1.162411724353e-02,-1.320277018701e-02,-2.180818103057e-02,-2.476991651906e-02,-3.608163216047e-02,-3.382629821179e-02
831.20000000,3.455473726189e+13,-4.451628905296e-02,-5.056197572954e-02,-3.466015627209e-02,-3.936729873042e-02,-5.502608510873e-02,-5.158660107274e-02
831.40000000,4.343400675627e+13,-3.299602520790e-02,-3.747716310648e-02,-3.924838428737e-02,-4.457864692813e-02,-4.921539776173e-02,-4.613911903698e-02
831.60000000,3.519915956738e+13,-1.448986786464e-02,-1.645771385895e-02,-9.354496667519e-03,-1.062491645716e-02,-4.427438224227e-02,-4.150694874914e-02
831.80000000,3.527919692262e+13,2.107733925824e-02,2.393981930413e-02,2.229070617491e-02,2.531797266034e-02,-7.293982716874e-03,-6.838061910152e-03
832.00000000,6.544266967071e+13,7.730297379174e-03,8.780136816952e-03,3.404512316341e-02,3.866873892219e-02,-4.482601282209e-03,-4.202409887175e-03
832.20000000,3.652876293177e+13,-8.358819878531e-03,-9.494017961001e-03,4.131738723608e-03,4.692863798174e-03,-2.065744002307e-02,-1.936621723221e-02
832.40000000,4.472934574921e+13,-2.210251392750e-02,-2.510422132075e-02,-1.497490881193e-02,-1.700862812135e-02,1.150402110055e-02,1.078494583203e-02
832.60000000,4.367609969698e+13,-4.680525238128e-02,-5.316179954044e-02,-2.581995591438e-02,-2.932652437307e-02,-9.474706338092e-03,-8.882476286994e-03
832.80000000,5.144219535283e+13,-2.277942615295e-02,-2.587306392292e-02,2.462860376702e-02,2.797337652486e-02,-9.531724007671e-03,-8.935929985706e-03
833.00000000,4.234224995880e+13,-6.997482403231e-03,-7.947799400330e-03,3.626589947970e-04,4.119111545080e-04,4.722001171584e-03,4.426845744562e-03
833.20000000,4.722071664917e+13,4.041842385311e-03,4.590758595031e-03,1.858785533094e-02,2.111224334439e-02,7.455045598844e-03,6.989057326661e-03
833.40000000,5.042704847090e+13,-5.878112682089e-03,-6.676409851093e-03,9.303827551965e-04,1.056736604704e-03,-3.031737772039e-03,-2.842234672778e-03
833.60000000,4.279295626251e+13,-1.367079102755e-02,-1.552739949451e-02,1.146603734071e-02,1.302322221811e-02,1.086391370986e-02,1.018484926798e-02
833.80000000,3.683861581527e+13,-2.347858821862e-02,-2.666717808085e-02,6.559528094882e-03,7.450367505981e-03,3.823594391058e-02,3.584595162925e-02
834.00000000,6.670218562920e+13,-2.228919694552e-02,-2.531625746364e-02,-7.508461009261e-03,-8.528173538424e-03,4.304525904059e-02,4.035465364857e-02
834.20000000,7.565640928624e+12,-3.795578486502e-02,-4.311049986349e-02,-2.224525083271e-02,-2.526634409809e-02,1.492811267071e-02,1.399500966843e-02
834.40000000,1.838608925513e+13,-4.606439760006e-03,-5.232033044532e-03,-3.216435172092e-03,-3.653254280585e-03,-1.589736739827e-02,-1.490367974499e-02
834.60000000,4.663932909853e+13,-1.093666133234e-02,-1.242195197785e-02,-1.430163141849e-02,-1.624391396174e-02,-1.065243474018e-02,-9.986589093322e-03
834.80000000,3.802659604831e+13,-8.519288484903e-03,-9.676279554528e-03,-1.226451813284e-02,-1.393014345723e-02,-1.141722302159e-02,-1.070357319096e-02
835.00000000,3.091890262689e+13,-1.227303820592e-02,-1.393982007704e-02,-3.720564320247e-02,-4.225848432162e-02,-2.627187784652e-02,-2.462971660118e-02
835.20000000,3.069706041818e+13,-6.953727496943e-03,-7.898102209552e-03,-3.101595188850e-02,-3.522818056034e-02,-3.223212302070e-02,-3.021740813853e-02
835.40000000,4.883590079931e+13,-6.938165939420e-03,-7.880427261561e-03,-2.858677226419e-02,-3.246909779138e-02,-1.254184335888e-02,-1.175789752792e-02
835.60000000,3.230806603486e+13,-1.825658314120e-02,-2.073598076855e-02,-3.329615106382e-02,-3.781805007492e-02,-4.851546404376e-02,-4.548293567567e-02
835.80000000,2.408619797764e+13,-1.887498245550e-02,-2.143836391383e-02,-2.807924069571e-02,-3.189263914201e-02,-1.668036403838e-02,-1.563773406187e-02
836.00000000,6.158623768689e+13,-4.793202477594e-03,-5.444159710854e-03,-2.650226946654e-02,-3.010150187821e-02,-3.986955935463e-02,-3.737745560690e-02
836.20000000,3.222527772498e+13,-2.772979134950e-02,-3.149573037256e-02,-4.312961751300e-02,-4.898698446234e-02,-5.100719639454e-02,-4.781891873726e-02
836.40000000,4.729642172451e+13,-1.139942619394e-02,-1.294756420201e-02,-2.511868297651e-02,-2.853001263723e-02,-4.210327971412e-02,-3.947155408520e-02
836.60000000,4.772473355799e+13,-9.686593638795e-03,-1.100211457168e-02,-1.896299909151e-02,-2.153833480149e-02,-3.522091438882e-02,-3.301938083371e-02
836.80000000,6.186074862908e+13,-1.681280647630e-02,-1.909612708258e-02,1.921858277230e-03,2.182862890845e-03,-1.957527283914e-02,-1.835169245363e-02
837.00000000,3.926284535621e+13,-3.742443035246e-02,-4.250698293656e-02,-2.770624729468e-03,-3.146899008146e-03,-3.307497389717e-03,-3.100757541723e-03
837.20000000,3.976168437178e+13,-3.256516780467e-02,-3.698779164205e-02,2.883946787615e-04,3.275611160537e-04,-1.108392337823e-02,-1.039110691781e-02
837.40000000,3.168939469204e+13,-4.719590141776e-03,-5.360550200354e-03,1.927922883790e-02,2.189751122284e-02,-5.116215066122e-03,-4.796418736620e-03
837.60000000,5.022652257625e+13,1.752853069696e-02,1.990905267552e-02,9.930091968463e-03,1.127868246970e-02,-4.228362205655e-03,-3.964062387195e-03
837.80000000,3.958032798250e+13,1.776592651841e-02,2.017868884731e-02,5.940414504198e-03,6.747173051773e-03,2.884105660645e-03,2.703830517351e-03
838.00000000,5.257290486259e+13,4.439471117598e-03,5.042388655374e-03,2.147148150396e-02,2.438749034816e-02,-1.293658947643e-02,-1.212796947564e-02
838.20000000,3.718094292333e+13,-1.047310908368e-02,-1.189544543284e-02,1.022497204729e-03,1.161360975802e-03,-9.511991557932e-03,-8.917430940919e-03
838.40000000,3.987169105179e+13,-2.305297600533e-02,-2.618376414729e-02,-5.254730243360e-03,-5.968367067193e-03,4.895443069859e-03,4.589446409282e-03
838.60000000,5.830803447711e+13,-1.642133050909e-04,-1.865148538454e-04,3.440189979458e-02,3.907396883833e-02,1.351145774378e-02,1.266690478093e-02
838.80000000,5.431641798135e+13,1.361804035980e-02,1.546748484217e-02,4.857123899503e-02,5.516762417957e-02,9.251688479828e-03,8.673398478468e-03
839.00000000,5.672272357104e+13,-2.962281773128e-02,-3.364584566758e-02,6.588780902054e-02,7.483593091855e-02,-2.274564579360e-02,-2.132389671876e-02
839.20000000,4.375975570132e+13,2.121543370659e-02,2.409666814069e-02,-2.033676782231e-02,-2.309867294848e-02,-3.524176118962e-02,-3.303892457545e-02
839.40000000,5.680342304963e+13,-1.739186221394e-02,-1.975382346238e-02,-1.948487330618e-02,-2.213108394974e-02,1.197479119011e-02,1.122628976481e-02
839.60000000,3.718127089936e+13,-2.581278988684e-02,-2.931838397890e-02,-1.691237034277e-02,-1.920921331965e-02,-4.507126579361e-03,-4.225402195602e-03
839.80000000,4.990359465445e+13,-1.165652407785e-03,-1.323957814215e-03,-1.538653093239e-02,-1.747615200824e-02,2.644753107673e-02,2.479439037536e-02
840.00000000,3.884993993389e+13,-2.260355052533e-02,-2.567330290500e-02,-1.482756447293e-02,-1.684127317454e-02,5.028481268154e-03,4.714168864992e-03
840.20000000,4.494200753841e+13,-4.497282715565e-02,-5.108051554854e-02,-8.414631229605e-03,-9.557409341195e-03,-1.936181582506e-02,-1.815157787506e-02
840.40000000,6.139680466842e+13,-3.769464813228e-02,-4.281389856487e-02,-7.910646112958e-02,-8.984978781824e-02,-2.907135447510e-02,-2.725420794497e-02
840.60000000,5.631196122618e+13,4.244034105934e-03,4.820409652842e-03,-4.427182388549e-02,-5.028431212366e-02,1.048861635405e-01,9.833010409372e-02
840.80000000,3.832782745525e+13,7.291643631030e-03,8.281910198355e-03,1.310667509241e-02,1.488667245684e-02,1.819062017431e-02,1.705358948113e-02
841.00000000,2.608103313635e+13,-4.737478363640e-03,-5.380867793284e-03,3.769102327124e-03,4.280978311022e-03,2.013594734860e-03,1.887732120215e-03
841.20000000,3.384926726963e+13,4.543233993958e-03,5.160243403553e-03,4.756235887347e-03,5.402172960204e-03,9.954259104252e-04,9.332053922629e-04
841.40000000,4.911689287327e+13,2.975426108736e-04,3.379514013762e-04,2.382834720709e-03,2.706443835365e-03,1.566331704152e-02,1.468425904005e-02
841.60000000,4.529019585048e+13,1.100960478542e-02,1.250480176571e-02,8.271779352666e-03,9.395156970794e-03,3.107455429598e-03,2.913219490015e-03
841.80000000,3.125585700513e+13,1.061641974297e-02,1.205821888568e-02,3.637858960310e-02,4.131910984631e-02,2.123941927485e-02,1.991181903970e-02
842.00000000,4.928976510080e+13,5.756301050797e-02,6.538055175176e-02,3.641350478689e-02,4.135876680745e-02,6.828435818890e-02,6.401614685904e-02
842.20000000,4.468653562996e+13,3.127774149218e-02,3.552552200209e-02,3.228746546051e-02,3.667237643287e-02,2.986706299244e-02,2.800017956503e-02
842.40000000,4.746729595565e+13,3.274630152603e-02,3.719352484708e-02,3.621318954139e-02,4.113124705688e-02,2.773824241562e-02,2.600442395867e-02
842.60000000,5.821674160437e+13,-1.435906055388e-03,-1.630914181459e-03,2.226851367058e-02,2.529276622616e-02,1.453961724849e-02,1.363079770742e-02
842.80000000,5.312591240205e+13,1.068159595243e-03,1.213224657288e-03,1.541296759620e-02,1.750617899465e-02,1.127794377205e-02,1.057299978983e-02
843.00000000,4.639307984661e+13,-1.406568630815e-02,-1.597592487743e-02,7.863301040234e-03,8.931203847670e-03,1.891095089398e-02,1.772889490041e-02
843.20000000,5.783111250238e+13,-2.022375972091e-03,-2.297031648241e-03,-5.155260498193e-03,-5.855388489085e-03,1.255720712401e-03,1.177230095898e-03
843.40000000,2.805497176507e+13,-1.711298343885e-02,-1.943707060276e-02,-8.679037616050e-03,-9.857724351887e-03,-1.844685095435e-02,-1.729380419032e-02
843.60000000,2.540780248108e+13,-1.283344465297e-03,-1.457633443565e-03,-5.884977304192e-03,-6.684207010988e-03,2.503614473502e-02,2.347122475263e-02
843.80000000,4.975962312439e+13,-7.258251975668e-03,-8.243983675190e-03,-2.126482437340e-02,-2.415276743087e-02,-1.092368924011e-02,-1.024088844334e-02
844.00000000,6.284904953213e+13,9.782212677239e-03,1.111071948022e-02,4.741281719450e-03,5.385187889790e-03,1.138177453773e-02,1.067034046521e-02
844.20000000,2.672106086544e+13,-9.149734781525e-03,-1.039234576370e-02,1.036721254287e-03,1.177516771630e-03,1.167029262827e-02,1.094082432045e-02
844.40000000,5.683437780447e+13,-3.987024355374e-03,-4.528495815311e-03,7.602280474760e-04,8.634734481087e-04,2.100807220394e-02,1.969493264786e-02
844.60000000,3.613414845315e+13,-4.123201922180e-03,-4.683167441680e-03,4.549953372786e-03,5.167875534947e-03,3.459905463357e-02,3.243639131057e-02
844.80000000,4.312838239241e+13,3.642544272906e-03,4.137232438701e-03,8.235050386833e-04,9.353439900666e-04,1.859489815539e-02,1.743259748962e-02
845.00000000,3.998737765738e+13,-1.961924166238e-02,-2.228369978425e-02,-1.604677694883e-02,-1.822606501961e-02,-1.724392543674e-02,-1.616606925016e-02
845.20000000,5.107771591823e+13,-9.930984717490e-03,-1.127969601551e-02,-2.048074987696e-02,-2.326220898428e-02,-2.210875560681e-02,-2.072681626268e-02
845.40000000,4.789987581771e+13,-6.489909066461e-02,-7.371293332985e-02,-3.687406486673e-02,-4.188187484262e-02,-6.834012596525e-02,-6.406842879089e-02
845.60000000,3.883698109475e+13,-4.086894630454e-02,-4.641929314197e-02,-2.322491130840e-02,-2.637905075465e-02,-2.763609203241e-02,-2.590865863105e-02
845.80000000,4.966953276306e+13,-2.617875530959e-02,-2.973405058581e-02,3.766447448194e-03,4.277962877071e-03,1.755509097597e-03,1.645778494298e-03
846.00000000,5.695387415930e+13,-2.602318271706e-04,-2.955734992595e-04,1.718970159040e-02,1.952420849703e-02,2.935812168386e-02,2.752305035979e-02
846.20000000,3.767583601605e+13,4.329329901292e-03,4.917289335009e-03,4.963000169745e-03,5.637017581448e-03,1.696905390271e-02,1.590837895393e-02
846.40000000,5.146486565161e+13,-1.921068503937e-02,-2.181965773366e-02,-2.430933714022e-02,-2.761075078903e-02,-1.935194785424e-02,-1.814232671585e-02
846.60000000,4.192963190150e+13,-3.714088588940e-02,-4.218493074926e-02,-4.022724806130e-02,-4.569044868407e-02,-1.051777282979e-02,-9.860344417956e-03
846.80000000,5.803636447745e+13,-4.457949685028e-02,-5.063376767765e-02,-1.276940597949e-02,-1.450359934497e-02,-1.714698672555e-02,-1.607518983156e-02
847.00000000,3.013808768608e+13,-1.530651179173e-02,-1.738526490374e-02,-1.578496171454e-03,-1.792869306146e-03,5.977729266583e-03,5.604082761598e-03
847.20000000,5.062825429035e+13,2.253468935137e-02,2.559508980412e-02,2.289023454585e-02,2.599892205626e-02,1.915629656075e-02,1.795890488589e-02
847.40000000,2.969035980404e+13,3.069464755180e-02,3.486323899763e-02,2.488505737448e-02,2.826465870189e-02,1.804107018075e-02,1.691338732350e-02
847.60000000,5.716627805676e+13,2.312767640606e-02,2.626860949107e-02,7.521555720583e-03,8.543046622330e-03,5.021204930495e-03,4.707347345210e-03
847.80000000,4.123246153011e+13,1.695807068221e-02,1.926111939011e-02,-1.353821441067e-02,-1.537681846548e-02,-1.079777346811e-02,-1.012284321649e-02
848.00000000,4.150225586446e+13,-5.816404314535e-03,-6.606320967924e-03,-1.326022312719e-02,-1.506107361382e-02,-1.648256204869e-02,-1.545229596804e-02
848.20000000,3.270958128033e+13,1.732653731544e-02,1.967962689293e-02,3.014317039072e-03,3.423686795114e-03,1.597601342465e-02,1.497740988918e-02
848.40000000,3.904891654400e+13,3.096683147617e-02,3.517238778947e-02,5.287850802348e-03,6.005985678304e-03,5.226648353835e-02,4.899949233967e-02
848.60000000,4.895766852371e+13,1.468721776579e-02,1.668186553747e-02,1.263235987874e-02,1.434794122428e-02,4.413632863899e-02,4.137752438350e-02
848.80000000,3.730490063603e+13,2.806467472480e-02,3.187609372841e-02,1.991311069417e-02,2.261747959805e-02,2.909246364410e-02,2.727399765522e-02
849.00000000,3.793161115644e+13,1.350703804343e-02,1.534140747710e-02,2.403615377295e-02,2.730046680926e-02,8.796066953303e-03,8.246256226161e-03
849.20000000,3.220972039458e+13,1.176350594878e-02,1.336108905145e-02,4.224075787994e-03,4.797741017106e-03,9.267818798646e-03,8.688520548671e-03
849.40000000,1.988736903895e+13,8.922994549048e-03,1.013481229954e-02,-2.409371643585e-03,-2.736584696878e-03,1.197809264833e-02,1.122938486066e-02
849.60000000,5.303107529907e+13,-1.660559067064e-03,-1.886076962669e-03,6.370266184071e-03,7.235402226462e-03,1.367604272398e-02,1.282120214189e-02
849.80000000,6.171410177733e+13,2.070918714366e-02,2.352166903424e-02,4.401191792921e-02,4.998910873963e-02,4.646756373487e-02,4.356304230032e-02
850.00000000,2.528552286631e+13,5.631553306640e-02,6.396365637558e-02,6.824117327301e-02,7.750890194676e-02,8.045679790720e-02,7.542773084851e-02
850.20000000,3.587092818643e+13,-1.015135056929e-02,-1.152998940446e-02,1.552364587344e-02,1.763188831832e-02,1.135557321697e-02,1.064577689542e-02
850.40000000,4.112884653746e+13,-2.160305169981e-02,-2.453692791936e-02,1.478160255917e-03,1.678906924404e-03,7.312668311234e-03,6.855579534751e-03
850.60000000,4.250181718358e+13,-3.563107392020e-03,-4.047007360894e-03,-5.711399444835e-03,-6.487055809803e-03,1.833328296017e-02,1.718733492581e-02
850.80000000,3.323045322551e+13,-1.680520327595e-02,-1.908749130363e-02,-9.482636426216e-03,-1.077045867919e-02,-1.515805542834e-03,-1.421057952560e-03
851.00000000,4.119979681598e+13,-3.171275111120e-03,-3.601960958816e-03,5.590288462283e-03,6.349496931183e-03,-1.328172959941e-02,-1.245153612231e-02
851.20000000,3.512476171394e+13,1.134478305415e-02,1.288550006400e-02,1.735084348193e-02,1.970723482075e-02,-1.309009001233e-03,-1.227187524131e-03
851.40000000,5.883787716018e+13,1.983941410133e-02,2.253377349326e-02,2.487576658184e-02,2.825410614101e-02,1.983456857098e-03,1.859478053544e-03
851.60000000,4.630140498340e+13,1.568743400615e-02,1.781791956050e-02,2.135497272389e-02,2.425515869004e-02,1.504264519078e-02,1.410238316976e-02
851.80000000,3.086124945012e+13,2.134781461113e-02,2.424702748611e-02,3.587541694699e-02,4.074760208649e-02,-3.821161613262e-03,-3.582314449379e-03
852.00000000,4.018456726004e+13,-3.285379060804e-03,-3.731561185099e-03,2.749558001466e-02,3.122971240251e-02,1.534233310222e-02,1.438333866030e-02
852.20000000,6.406349189341e+13,5.853307693762e-03,6.648236136607e-03,2.240914995499e-02,2.545250210783e-02,1.460162437659e-02,1.368892899142e-02
852.40000000,3.899892624906e+13,1.759887297901e-02,1.998894803144e-02,8.694157909850e-03,9.874898109508e-03,7.405990675614e-03,6.943068651466e-03
852.60000000,6.249249628266e+13,2.358401253204e-02,2.678691990322e-02,1.260125979245e-02,1.431261748316e-02,1.271654726211e-03,1.192168131418e-03
852.80000000,3.318364457022e+13,8.478633168840e-03,9.630102904413e-03,6.014033432395e-03,6.830790053260e-03,-7.487618599484e-03,-7.019594305375e-03
853.00000000,5.000643873763e+13,-3.386088287496e-03,-3.845947572287e-03,-1.081764731597e-03,-1.228677534241e-03,-1.951117296289e-03,-1.829159923169e-03
853.20000000,3.215769441389e+13,-2.988734091765e-04,-3.394629332870e-04,3.271738636094e-02,3.716068422885e-02,-4.718635106120e-03,-4.423690079827e-03
853.40000000,3.377495890623e+13,-2.238487726422e-02,-2.542493197480e-02,2.772323079172e-02,3.148828008110e-02,3.001136711409e-03,2.813546375148e-03
853.60000000,5.514584842118e+13,1.811327131612e-03,2.057320599161e-03,3.054280134036e-02,3.469077216475e-02,1.677590733374e-02,1.572730528710e-02
853.80000000,2.524310250644e+13,1.525129309914e-02,1.732254704801e-02,2.022984583085e-02,2.297723004599e-02,-2.490202287056e-03,-2.334548636686e-03
854.00000000,4.068291879427e+13,1.669139625509e-02,1.895822833161e-02,1.098326374639e-02,1.247488388525e-02,-7.914302790206e-03,-7.419607991381e-03
854.20000000,4.486303169322e+13,7.672911788428e-03,8.714957780058e-03,2.295445518557e-02,2.607186440218e-02,-1.058325912781e-02,-9.921737401397e-03
854.40000000,3.805998082498e+13,4.670348667066e-03,5.304621318992e-03,2.755410864418e-02,3.129618971508e-02,1.683074689956e-02,1.577871702753e-02
854.60000000,4.550669796382e+13,-1.018595143536e-02,-1.156928935932e-02,5.700323966641e-03,6.474476187970e-03,3.031264642524e-02,2.841791116900e-02
854.80000000,5.009894138051e+13,1.264476661044e-02,1.436203232713e-02,1.246139012685e-02,1.415375233363e-02,3.515756589717e-02,3.295999203000e-02
855.00000000,3.160820768890e+13,1.785927307750e-02,2.028471265468e-02,2.317843787986e-02,2.632626584133e-02,2.183192281299e-02,2.046728729800e-02
855.20000000,5.926802504798e+13,9.670694730441e-03,1.098405645778e-02,2.272595625936e-03,2.581233338862e-03,1.034782767374e-02,9.701021926596e-03
855.40000000,4.688524090175e+13,9.548985478322e-03,1.084581806498e-02,1.396817781945e-02,1.586517454281e-02,-1.555458322934e-02,-1.458232179009e-02
855.60000000,2.162685226384e+13,2.932168976344e-03,3.330382198760e-03,-8.658026135477e-04,-9.833859334484e-04,-1.622688270293e-02,-1.521259822493e-02
855.80000000,4.172029336796e+13,-2.838906075462e-03,-3.224453411091e-03,7.332188672663e-03,8.327961927194e-03,1.008767407010e-03,9.457129595500e-04
856.00000000,2.657183083787e+13,3.443691111403e-03,3.911373344433e-03,2.189642098498e-03,2.487014020583e-03,2.458393227431e-02,2.304727847762e-02
856.20000000,5.748355292164e+13,1.570291564659e-02,1.783550373800e-02,2.609711365241e-03,2.964132247677e-03,1.788668688227e-02,1.676865397357e-02
856.40000000,5.061880687526e+13,-2.827035775338e-03,-3.210971024317e-03,-9.484346247556e-03,-1.077240070873e-02,4.129733896574e-02,3.871598981431e-02
856.60000000,6.701206528410e+13,-2.928024315014e-04,-3.325674657537e-04,6.151866428193e-03,6.987341936001e-03,7.107242755687e-03,6.662994396935e-03
856.80000000,2.867166512931e+13,-1.668253672165e-02,-1.894816559897e-02,-3.534998438737e-02,-4.015081133993e-02,-2.936566439869e-02,-2.753012160647e-02
857.00000000,3.375041401251e+13,-2.474901320006e-02,-2.811013746593e-02,-3.475125297924e-02,-3.947076714111e-02,-2.438818524538e-02,-2.286376689629e-02
857.20000000,3.065788638760e+13,-2.737194173730e-02,-3.108928177156e-02,-3.051913341141e-02,-3.466388993081e-02,-1.164342215958e-02,-1.091563342878e-02
857.40000000,4.864431745036e+13,-2.579895165992e-02,-2.930266640430e-02,-2.153891135223e-03,-2.446407774030e-03,3.913293470771e-04,3.668687473559e-04
857.60000000,4.975487992869e+13,-4.678634991968e-02,-5.314032996547e-02,-2.154922949977e-02,-2.447579717957e-02,-1.673967827854e-02,-1.569334078073e-02
857.80000000,3.035555525525e+13,-2.728153146402e-02,-3.098659302233e-02,6.136932931324e-03,6.970380343915e-03,9.159214498376e-03,8.586704715295e-03
858.00000000,6.067902334027e+13,-1.721268646953e-02,-1.955031414405e-02,-2.143148204582e-02,-2.434205862518e-02,2.511330590264e-03,2.354356285128e-03
858.20000000,4.282642370435e+13,-3.632250112754e-02,-4.125540244970e-02,-1.572347777828e-02,-1.785885908648e-02,2.686210277093e-02,2.518304867374e-02
858.40000000,4.176162172947e+13,-8.387719235056e-03,-9.526842093341e-03,-3.295764713269e-02,-3.743357444609e-02,7.511688719428e-03,7.042159888097e-03
858.60000000,4.943328629909e+13,-1.376210636499e-02,-1.563111622324e-02,-1.937966135893e-02,-2.201158332993e-02,2.854462433079e-03,2.676040182059e-03
858.80000000,2.872290905205e+13,-1.506092120455e-02,-1.710632104807e-02,9.071455665400e-03,1.030343609233e-02,2.769156219873e-02,2.596066155541e-02
859.00000000,4.944037633258e+13,-3.020641913840e-02,-3.430870505704e-02,8.990139126785e-03,1.021107607980e-02,9.690027428460e-03,9.084338425096e-03
859.20000000,3.896241231141e+13,-3.199396402217e-02,-3.633901357896e-02,6.959540218095e-03,7.904704659764e-03,-2.401208688619e-04,-2.251117710213e-04
859.40000000,5.312925563258e+13,-5.053342058755e-02,-5.739628436321e-02,-3.086947152031e-02,-3.506180691888e-02,-4.899751675665e-02,-4.593485699528e-02
859.60000000,3.764302759004e+13,-2.367113984320e-02,-2.688587983644e-02,-2.402180260663e-02,-2.728416663314e-02,-3.517893510759e-02,-3.298002552740e-02
859.80000000,3.858591011318e+13,-5.527527136712e-03,-6.278211838330e-03,1.855457353471e-03,2.107444159866e-03,-6.536379516982e-03,-6.127813780251e-03
860.00000000,4.698548586332e+13,2.197353479473e-02,2.495772573634e-02,3.346759398141e-03,3.801277639119e-03,4.213765413546e-02,3.950377988425e-02
860.20000000,4.398508834789e+13,-7.434322617210e-03,-8.443966191560e-03,-9.798851967718e-05,-1.112961896647e-04,2.177946694874e-02,2.041811026245e-02
860.40000000,4.863625959005e+13,-1.725734663267e-02,-1.960103953318e-02,7.104386509797e-03,8.069222303327e-03,1.009578744474e-02,9.464735832068e-03
860.60000000,4.172189089743e+13,-2.831776451907e-02,-3.216355524659e-02,-4.226564583717e-03,-4.800567812343e-03,-1.609254001836e-02,-1.508665282172e-02
860.80000000,6.027208021803e+13,-7.655211085776e-04,-8.694853173023e-04,-6.865013346886e-04,-7.797340239710e-04,1.590957929229e-02,1.491512831714e-02
861.00000000,4.726759071188e+13,6.453110279684e-04,7.329496961292e-04,-2.965784731434e-02,-3.368563389499e-02,-2.395971176802e-02,-2.246207576556e-02
861.20000000,5.109474962422e+13,1.154953937456e-02,1.311806401583e-02,-2.128760017284e-02,-2.417863637656e-02,-6.319627603596e-03,-5.924610254769e-03
861.40000000,6.186265294918e+13,1.660063007907e-02,1.885513534505e-02,2.348802189929e-03,2.667789398979e-03,-1.857291760633e-03,-1.741199086618e-03
861.60000000,3.089151182544e+13,1.511786473688e-02,1.717099799130e-02,-1.029907720418e-02,-1.169777902216e-02,1.173301618866e-02,1.099962725512e-02
861.80000000,6.259949426937e+13,-4.513534092863e-03,-5.126510005950e-03,-1.579364893417e-02,-1.793856007901e-02,-2.497328938726e-02,-2.341229826815e-02
862.00000000,4.622270526506e+13,1.231477954358e-02,1.398723023962e-02,-4.505831970744e-03,-5.117762073225e-03,-4.945099949747e-03,-4.635999414974e-03
862.20000000,4.509909152947e+13,7.951911420362e-03,9.031847909908e-03,-5.853220969484e-03,-6.648137897358e-03,3.231498084904e-04,3.029508682001e-04
862.40000000,2.471521580904e+13,-7.123804098117e-04,-8.091276644427e-04,-1.752675051540e-02,-1.990703151760e-02,-2.075412328634e-02,-1.945685717003e-02
862.60000000,2.559548103776e+13,1.657097249651e-02,1.882145001320e-02,-2.666660527141e-03,-3.028815587571e-03,-1.818213685855e-02,-1.704563642714e-02
862.80000000,5.090074713018e+13,1.466552007341e-02,1.665722111587e-02,3.050252824030e-02,3.464502963698e-02,-6.640003028227e-03,-6.224960155934e-03
863.00000000,4.676528639236e+13,4.057329145339e-02,4.608348587398e-02,4.009553489684e-02,4.554084775754e-02,1.073008489964e-03,1.005938561867e-03
863.20000000,6.218185964372e+12,2.148874051287e-02,2.440709231126e-02,3.258044148892e-02,3.700514108461e-02,-9.932354800401e-03,-9.311518778570e-03
863.40000000,3.743087252963e+13,1.324067994848e-02,1.503887571134e-02,1.240400086364e-02,1.408856912294e-02,-3.681707406422e-02,-3.451577026902e-02
863.60000000,4.020778430788e+13,1.121837668537e-02,1.274192664657e-02,1.775294748008e-02,2.016394794378e-02,-3.625292306330e-02,-3.398688233211e-02
863.80000000,2.045087859016e+13,-3.111705837952e-03,-3.534301677052e-03,7.623324543907e-03,8.658636512860e-03,-2.765183870579e-02,-2.592342103612e-02
864.00000000,5.831822073233e+13,-4.774173602530e-03,-5.422546554420e-03,5.475947921997e-03,6.219627978166e-03,-3.580596874281e-02,-3.356786552974e-02
864.20000000,5.122733407777e+13,4.604691666950e-02,5.230047545728e-02,3.706202778518e-02,4.209536471563e-02,6.737611122141e-03,6.316467116538e-03
864.40000000,2.355571710368e+13,6.288200002575e-02,7.142190480758e-02,8.084688886915e-02,9.182658036945e-02,7.186222221916e-02,6.737037138832e-02
864.60000000,4.184500383022e+13,2.155511110807e-01,2.448247659182e-01,-3.592888887599e-02,-4.080833595583e-02,5.388533332422e-02,5.051715360770e-02
864.80000000,4.854918291155e+13,3.591822221008e-02,4.079621905308e-02,4.040711110769e-02,4.589473865386e-02,3.111106942747e-06,2.916642760436e-06
865.00000000,4.645248554910e+13,-3.591055555490e-02,-4.078751120160e-02,2.020188888137e-02,2.294547630624e-02,-2.468733333608e-02,-2.314421630835e-02
865.20000000,6.389270557907e+13,-3.211673611241e-02,-3.647845915224e-02,-2.412255555711e-02,-2.739860268670e-02,-4.095284722340e-02,-3.839303102031e-02
865.40000000,3.705865566693e+13,-3.982306943203e-02,-4.523137738868e-02,-3.337237498868e-02,-3.790462585365e-02,-4.795570138267e-02,-4.495816177914e-02
865.60000000,4.341431125071e+13,3.364572222107e-02,3.821509444152e-02,3.364327779182e-02,3.821231954940e-02,-1.121549999202e-02,-1.051445914744e-02
865.80000000,3.948288226781e+13,2.691177778840e-02,3.056662368593e-02,1.166197777732e-01,1.324577302373e-01,3.588266668792e-02,3.363976936026e-02
866.00000000,5.659543052602e+13,8.968177775496e-02,1.018613178838e-01,8.968622219637e-02,1.018663699462e-01,1.614373333044e-01,1.513464622272e-01
866.20000000,2.357327233769e+13,-4.483333332478e-02,-5.092207728153e-02,-6.276799999485e-02,-7.129242543254e-02,-8.967111108261e-03,-8.406609021933e-03
866.40000000,5.612284511974e+13,5.604277772829e-03,6.365385856721e-03,-3.249944444173e-02,-3.691314395315e-02,7.844611106162e-03,7.354272485580e-03
866.60000000,4.021901059039e+13,-2.359909722102e-02,-2.680405321991e-02,-1.652640277694e-02,-1.877082809298e-02,-2.135869444296e-02,-2.002363874309e-02
866.80000000,4.985724240859e+13,-1.657451833711e-02,-1.882547740880e-02,-1.165271614457e-02,-1.323525358291e-02,-1.268456097936e-02,-1.189169437971e-02
867.00000000,5.967510131070e+13,-1.329819128271e-02,-1.510419756874e-02,-4.244373802186e-03,-4.820795673352e-03,-3.580989791855e-03,-3.357154910674e-03
867.20000000,3.875913587611e+13,5.365171138087e-03,6.093806528799e-03,1.075808873254e-02,1.221912819947e-02,1.652089846392e-02,1.548823611088e-02
867.40000000,4.581537327458e+13,2.902436847518e-02,3.296612196631e-02,2.071750897088e-02,2.353112196622e-02,6.479664060971e-02,6.074643404817e-02
867.60000000,3.414935722019e+13,2.089658988115e-02,2.373452264055e-02,3.492331176312e-02,3.966619296352e-02,8.487723616686e-02,7.957186330164e-02
867.80000000,4.243717250280e+13,3.578651872952e-02,4.064662913151e-02,2.399669560350e-02,2.725564988657e-02,7.087619205437e-02,6.644597444719e-02
868.00000000,4.571053581564e+13,1.521785430607e-02,1.728456698544e-02,1.794362231155e-02,2.038051803054e-02,2.774911068052e-02,2.601461288715e-02
868.20000000,3.486004620052e+13,-8.077941126733e-04,-9.174993510992e-04,2.105849501269e-02,2.391841679737e-02,8.742311332539e-03,8.195860677245e-03
868.40000000,7.429206079746e+13,-6.108875351806e-03,-6.938512033321e-03,2.589584034511e-02,2.941271455149e-02,-2.589324560977e-03,-2.427475131313e-03
868.60000000,5.648914187691e+13,-7.314995635712e-03,-8.308433601789e-03,1.923147431288e-02,2.184327122931e-02,1.768966447584e-02,1.658394673404e-02
868.80000000,5.250224189230e+13,6.008917661206e-03,6.824979247153e-03,2.567265916778e-02,2.915922348209e-02,2.753636893032e-02,2.581516886388e-02
869.00000000,3.113169669520e+13,1.217140452999e-02,1.382438369262e-02,3.117617028193e-02,3.541015796711e-02,4.311352352164e-02,4.041865116074e-02
869.20000000,3.453510657360e+13,-6.797772005926e-04,-7.720966650421e-04,4.409853306969e-02,5.008748694898e-02,5.971627517524e-02,5.598362411077e-02
869.40000000,4.433667812555e+13,-6.224175933137e-03,-7.069471403900e-03,1.021800895858e-02,1.160570102295e-02,3.838325901618e-02,3.598405859379e-02
869.60000000,4.981530755191e+13,-9.109887383832e-03,-1.034708675407e-02,1.052525243929e-02,1.195467076772e-02,3.740624365565e-04,3.506811297374e-04
869.80000000,5.777958352082e+13,-8.838354812937e-03,-1.003867777499e-02,-9.050171811875e-03,-1.027926171142e-02,-9.805608477630e-04,-9.192694915716e-04
870.00000000,5.297482506117e+13,-1.002632306755e-02,-1.138798211583e-02,6.210577106877e-03,7.054026021563e-03,-6.486016692939e-03,-6.080598956451e-03
870.20000000,4.210314373530e+13,-2.900942919561e-02,-3.294915380685e-02,-1.372938612940e-03,-1.559395292099e-03,-1.223121673859e-02,-1.146668706816e-02
870.40000000,5.320864765266e+13,-4.266614486796e-02,-4.846056639448e-02,-7.253171653401e-03,-8.238213728204e-03,-6.238551422340e-03,-5.848601856011e-03
870.60000000,3.304834826062e+13,-3.203047484443e-02,-3.638048287814e-02,-1.690782186108e-02,-1.920404711568e-02,-8.577535640782e-03,-8.041384525427e-03
870.80000000,3.497581700035e+13,-5.606294008544e-03,-6.367675914213e-03,-3.274536567783e-02,-3.719246337369e-02,-1.814980283614e-02,-1.701532348897e-02
871.00000000,3.798354272641e+13,-2.707489817025e-03,-3.075189718836e-03,-8.192757203839e-03,-9.305402945602e-03,1.659966298869e-02,1.556207734654e-02
871.20000000,5.153654992229e+13,1.857500892827e-02,2.109765145720e-02,6.106385198212e-03,6.935683970202e-03,4.418123050574e-03,4.141961959493e-03
871.40000000,5.228160254295e+13,1.527522096817e-03,1.734972452302e-03,-1.013387407646e-02,-1.151013991203e-02,-1.081119310535e-02,-1.013542404014e-02
871.60000000,4.767569001032e+13,-8.628727835590e-03,-9.800581690016e-03,4.316248226501e-03,4.902431252572e-03,-1.060666056943e-02,-9.943676102484e-03
871.80000000,3.026830518746e+13,-2.204601295686e-02,-2.504004704282e-02,-7.197517234789e-03,-8.175000968689e-03,1.872291511570e-03,1.755261256700e-03
872.00000000,4.176721000785e+13,-2.596734729760e-02,-2.949393158670e-02,-1.400387512628e-02,-1.590571984593e-02,2.111040126167e-03,1.979086548170e-03
872.20000000,3.731150041914e+13,2.343089835880e-02,2.661301153674e-02,-1.316460567168e-02,-1.495247049889e-02,-1.578729183547e-02,-1.480048461245e-02
872.40000000,5.395286237691e+13,3.192769271841e-02,3.626374207446e-02,-1.074515581975e-02,-1.220443888771e-02,3.492291677059e-02,3.274000998219e-02
872.60000000,6.152025850163e+13,1.051920855711e-02,1.194780560270e-02,1.046362252507e-02,1.188467098974e-02,1.337221876634e-02,1.253636913463e-02
872.80000000,3.954357429977e+13,1.016010502856e-02,1.153993279297e-02,9.370089789027e-04,1.064262725649e-03,-1.842263427066e-02,-1.727110120503e-02
873.00000000,5.535478969878e+13,4.997118884274e-04,5.675769681608e-04,2.321245905127e-03,2.636490737564e-03,-1.467247713978e-02,-1.375535300146e-02
873.20000000,4.753083674865e+13,-1.876431219781e-02,-2.131266370381e-02,-2.197517796085e-02,-2.495959304532e-02,-2.876889676479e-02,-2.697065578581e-02
873.40000000,1.960943183585e+13,-1.681756942236e-02,-1.910153687679e-02,-2.395768183971e-02,-2.721133772359e-02,-1.164253129492e-02,-1.091479824889e-02
873.60000000,4.227707894114e+13,-1.879886679236e-02,-2.135191110308e-02,-2.463716007614e-02,-2.798309485314e-02,-2.111861356336e-02,-1.979856446174e-02
873.80000000,3.342150870361e+13,-1.564807139569e-02,-1.777321117628e-02,-2.052643167508e-02,-2.331409475707e-02,-6.950812775833e-03,-6.516342296379e-03
874.00000000,5.026787305550e+13,-1.062113130486e-02,-1.206357031732e-02,-4.505874855984e-03,-5.117810782643e-03,5.146389605766e-03,4.824707173569e-03
874.20000000,6.316091392140e+13,2.222554792371e-03,2.524396436904e-03,1.539931342676e-02,1.749067047348e-02,7.649817688223e-03,7.171654908427e-03
874.40000000,6.751717832718e+13,-4.828224812147e-03,-5.483938373167e-03,-1.193584171093e-02,-1.355682999651e-02,-3.507085175922e-02,-3.287869808308e-02
874.60000000,2.824205674767e+13,-2.494694777822e-02,-2.833495322550e-02,-1.687920445386e-02,-1.917154322244e-02,-2.948409090219e-02,-2.764114569223e-02
874.80000000,3.549585673108e+13,-3.303620457130e-02,-3.752279916556e-02,-3.290800304069e-02,-3.737718826638e-02,-5.812025065685e-02,-5.448736138429e-02
875.00000000,5.179556519319e+13,-8.592260361663e-03,-9.759161626241e-03,-5.362113763418e-03,-6.090334177776e-03,8.438099709106e-03,7.910664235798e-03
875.20000000,5.713334403582e+13,1.316385895832e-03,1.495162178424e-03,1.266598304810e-02,1.438613070451e-02,2.884410363896e-02,2.704116174690e-02
875.40000000,4.296315792953e+13,2.588613086793e-02,2.940168528242e-02,3.103289697164e-02,3.524742692913e-02,4.660408559257e-02,4.369103066433e-02
875.60000000,5.657856635862e+13,5.474286546885e-02,6.217740728363e-02,6.260323346173e-02,7.110528221025e-02,7.216227583128e-02,6.765166972088e-02
875.80000000,6.033494847428e+13,2.079690228718e-02,2.362129663241e-02,2.779451591609e-02,3.156924632845e-02,3.745719675835e-02,3.511588117995e-02
876.00000000,4.666379964626e+13,-1.165260645006e-02,-1.323512846754e-02,-6.131804579139e-04,-6.964555518111e-04,-7.985423483862e-03,-7.486283184508e-03
876.20000000,4.490940747310e+13,-2.332712531946e-02,-2.649514524535e-02,-1.462550931995e-02,-1.661177722232e-02,-1.303797387280e-02,-1.222301669551e-02
876.40000000,6.149314345690e+13,-2.768236850905e-02,-3.144186711128e-02,-2.374638253887e-03,-2.697134219003e-03,-1.682102283438e-02,-1.576960077894e-02
876.60000000,5.922032923552e+13,-4.078631357305e-03,-4.632543819015e-03,1.492888376386e-03,1.695635248238e-03,6.289264169102e-03,5.896144730111e-03
876.80000000,4.426787359656e+13,-4.305673111998e-03,-4.890419754647e-03,-1.382867546575e-02,-1.570672658924e-02,1.671164627823e-02,1.566706096063e-02
877.00000000,5.202216308062e+13,1.572286777099e-03,1.785816552881e-03,-2.020968191809e-02,-2.295432770327e-02,1.440216501122e-03,1.350193711855e-03
877.20000000,5.118812992805e+13,-4.292137595948e-03,-4.875046001611e-03,-9.299458787425e-03,-1.056240396731e-02,2.050272279460e-02,1.922117082507e-02
877.40000000,2.405223250416e+13,-1.962523057217e-02,-2.229050203839e-02,-8.249041947044e-03,-9.369331633121e-03,-1.934749030906e-02,-1.813814779590e-02
877.60000000,1.673268477447e+13,-8.089865496783e-03,-9.188537310848e-03,3.075374782773e-03,3.493036696980e-03,2.380550992274e-02,2.231751252685e-02
877.80000000,5.863030651372e+13,-3.967623847208e-03,-4.506460554873e-03,-1.224792389998e-02,-1.391129558715e-02,2.451899181844e-02,2.298639721769e-02
878.00000000,3.779350729764e+13,-9.965091579588e-03,-1.131843487651e-02,-1.675867998214e-02,-1.903465050778e-02,1.073065305893e-02,1.005991826435e-02
878.20000000,5.089567850049e+13,-7.375399560894e-04,-8.377040888331e-04,-3.068890903406e-02,-3.485672251938e-02,8.109651185581e-04,7.602745856318e-04
878.40000000,4.726276518639e+13,-2.390735314631e-02,-2.715417289395e-02,-3.731797250037e-02,-4.238606888852e-02,-3.602082526636e-03,-3.376929213944e-03
878.60000000,6.905975370328e+13,6.171983621298e-03,7.010190936895e-03,2.579191562489e-02,2.929467597503e-02,4.256691112602e-02,3.990620555356e-02
878.80000000,3.702863706302e+13,6.266331705768e-02,7.117352285214e-02,6.515016724426e-02,7.399811114836e-02,-1.147538065337e-02,-1.075809559691e-02
879.00000000,5.802564909569e+13,9.272480352217e-03,1.053176121585e-02,6.586528566748e-03,7.481034870360e-03,-1.515497647756e-02,-1.420769302904e-02
879.20000000,3.927326083123e+13,3.948819942472e-03,4.485102921631e-03,7.944071301464e-04,9.022943393722e-04,-3.073103548714e-03,-2.881014822506e-03
879.40000000,4.641426424124e+13,1.671282117151e-02,1.898256293198e-02,-1.219154186317e-02,-1.384725639273e-02,1.954559193200e-02,1.832386679398e-02
879.60000000,5.035328557384e+13,5.626435903107e-03,6.390553247561e-03,-3.040711468016e-02,-3.453665810814e-02,9.601221377604e-03,9.001083323278e-03
879.80000000,3.124926061989e+13,1.712524767342e-03,1.945100042359e-03,-2.426441704953e-02,-2.755973016998e-02,1.239560247809e-02,1.162079764224e-02
880.00000000,5.251448192581e+13,-2.448232126595e-02,-2.780722652283e-02,-3.688955142666e-02,-4.189946460841e-02,-1.031004664548e-02,-9.665602455464e-03
880.20000000,5.291328892025e+13,-1.804320825716e-02,-2.049362777962e-02,-4.641825529332e-03,-5.272224707620e-03,-7.812704656824e-03,-7.324360394425e-03
880.40000000,5.230438858766e+13,-1.706479266891e-02,-1.938233512071e-02,2.286487393153e-02,2.597011725595e-02,-4.837991858628e-03,-4.535586268058e-03
880.60000000,4.796536491817e+13,-1.470799104314e-02,-1.670546000070e-02,5.541254320289e-04,6.293803537864e-04,-7.334012693285e-03,-6.875589755718e-03
880.80000000,5.266131420959e+13,1.820775177395e-02,2.068051769070e-02,2.348688105301e-03,2.667659820693e-03,-7.576360751822e-03,-7.102789502743e-03
881.00000000,4.373956378843e+13,2.355675024583e-02,2.675595516912e-02,1.856394820892e-02,2.108508943293e-02,-3.367632605131e-03,-3.157133919615e-03
881.20000000,4.018715233976e+13,3.217582688988e-02,3.654557495456e-02,1.316596090935e-02,1.495400978929e-02,1.543566078770e-02,1.447083276551e-02
881.40000000,6.155253782309e+13,2.410378258975e-03,2.737727910885e-03,3.730212999230e-03,4.236807483383e-03,3.231501243268e-03,3.029511642944e-03
881.60000000,4.808335758437e+13,-1.736152035296e-02,-1.971936092135e-02,3.035933995981e-03,3.448239517659e-03,-3.807567523853e-03,-3.569570077943e-03
881.80000000,5.348349770140e+13,-8.308197555072e-03,-9.436520700008e-03,2.400613605626e-02,2.726637243269e-02,2.025590253547e-02,1.898977841874e-02
882.00000000,4.571998915916e+13,-5.348788145367e-03,-6.075198587796e-03,5.275873348705e-03,5.992381585123e-03,1.282896574562e-02,1.202707291982e-02
882.20000000,3.373799276016e+13,-4.304463652829e-03,-4.889046040745e-03,-3.108648608789e-03,-3.530829390075e-03,3.603366369477e-03,3.378132808355e-03
882.40000000,4.783572972902e+13,3.735175701092e-02,4.242443994366e-02,2.401488644366e-02,2.727631119672e-02,2.623758614480e-03,2.459756835125e-03
882.60000000,6.031053472982e+13,2.390868122254e-02,2.715568133411e-02,1.549624846254e-02,1.760077010723e-02,-1.339853483308e-02,-1.256104027804e-02
882.80000000,3.976439416208e+13,1.440117428621e-02,1.635697494618e-02,-6.711681594512e-04,-7.623184738125e-04,-1.179716656729e-02,-1.105976782272e-02
883.00000000,3.055261667983e+13,-2.243610020648e-03,-2.548311142368e-03,-5.595563616166e-04,-6.355488495587e-04,-3.372981526620e-03,-3.162148499128e-03
883.20000000,5.759971340647e+13,1.604627524437e-02,1.822549445868e-02,2.080715667800e-02,2.363294459042e-02,2.557686483114e-02,2.397814636691e-02
883.40000000,7.234734939081e+13,9.631436611232e-03,1.093946675560e-02,4.200081412144e-03,4.770488002015e-03,5.941962227858e-03,5.570551392710e-03
883.60000000,6.434884284852e+13,-1.348292386337e-02,-1.531401838846e-02,-3.260955853189e-02,-3.703821246835e-02,-4.992407872602e-03,-4.680350288547e-03
883.80000000,6.561506005961e+13,8.313590540228e-03,9.442646097932e-03,-3.737150003228e-02,-4.244686591213e-02,-2.044559230969e-03,-1.916761136271e-03
884.00000000,3.583056390598e+13,1.562457281245e-02,1.774652128770e-02,-1.277446960618e-02,-1.450935065501e-02,-5.912538842501e-03,-5.542967158075e-03
884.20000000,5.936486674156e+13,6.116460897026e-03,6.947127759419e-03,-1.607083181869e-02,-1.825338674431e-02,1.289102573484e-02,1.208525376078e-02
884.40000000,3.719319662002e+13,-8.839532980802e-03,-1.004001594796e-02,-2.697576600287e-02,-3.063930325011e-02,9.548581600212e-03,8.951733870351e-03
884.60000000,3.631051837192e+13,-1.298207644360e-02,-1.474515167424e-02,-1.754666973626e-02,-1.992965593717e-02,9.178720966891e-03,8.604991904137e-03
884.80000000,6.767438802199e+13,-2.973093324958e-03,-3.376864418311e-03,-1.748802657005e-02,-1.986304853285e-02,-2.780852652778e-04,-2.607031486199e-04
885.00000000,3.113221823675e+13,0.000000000000e+00,4.698214110269e-16,0.000000000000e+00,4.698207946552e-16,0.000000000000e+00,3.166522489141e-16
