wavelength_nm,measurement,init_raw,init_fit,opt_raw,opt_fit,truth_raw,truth_fit
300.00000000,-4.523157434806e+14,-2.498034818673e-01,-1.022660805159e+00,-2.262864101080e-01,-9.263851753702e-01,-5.093072434414e-01,-5.299245117021e-01
300.50000000,-3.924067030179e+13,1.434242380401e-01,5.871589365252e-01,5.925829475309e-02,2.425952391519e-01,2.138078703704e-01,2.224630275009e-01
301.00000000,-1.361515473368e+15,2.332783564815e-01,9.550092339881e-01,3.988570601852e-02,1.632865479950e-01,1.498591820988e-01,1.559256321610e-01
301.50000000,-5.357894393872e+14,5.049575617284e-02,2.067226216338e-01,-2.265673225309e-02,-9.275351918647e-02,-1.103819444444e+00,-1.148503163144e+00
302.00000000,-2.567572419186e+14,1.724720293210e-01,7.060765648839e-01,-9.111689814815e-02,-3.730199424255e-01,-2.975347222222e-01,-3.095792263284e-01
302.50000000,-2.871627675094e+14,1.245351080247e-01,5.098294583052e-01,-7.674430941358e-02,-3.141805577314e-01,-2.039255401235e-02,-2.121806506095e-02
303.00000000,-4.034041123647e+14,2.801018759645e-01,1.146698227980e+00,2.168356963735e-01,8.876952642254e-01,7.078387827932e-01,7.364928069763e-01
303.50000000,-2.289065127751e+14,8.202866391782e-01,3.358139720924e+00,9.038491632909e-01,3.700233103896e+00,1.235915316358e+00,1.285946408499e+00
304.00000000,6.113985548483e+14,1.375197808160e+01,5.629869076418e+01,1.374518301505e+01,5.627087270425e+01,1.704118875386e+01,1.773103317399e+01
304.50000000,-3.463981245401e+14,1.636551302083e+02,6.699814028863e+02,1.635168909144e+02,6.694154703916e+02,1.981887316744e+02,2.062116103980e+02
305.00000000,7.413344042518e+14,1.747383789786e+03,7.153546860225e+03,1.747157683497e+03,7.152621212442e+03,2.114337696277e+03,2.199928207779e+03
305.50000000,-1.890857521199e+14,1.678873158755e+04,6.873073839719e+04,1.678840911907e+04,6.872941825599e+04,2.030412708448e+04,2.112605852231e+04
306.00000000,-6.053437384446e+13,1.449833529983e+05,5.935417369031e+05,1.449832019331e+05,5.935411184632e+05,1.753310604302e+05,1.824286376861e+05
306.50000000,-5.978391604801e+14,1.125203683588e+06,4.606427806469e+06,1.125203702361e+06,4.606427883326e+06,1.360719769864e+06,1.415803071514e+06
307.00000000,7.080093615762e+12,7.847857474769e+06,3.212803994537e+07,7.847857249659e+06,3.212803902380e+07,9.490480632218e+06,9.874664811096e+06
307.50000000,1.261184586475e+14,4.919059581312e+07,2.013794761565e+08,4.919059558075e+07,2.013794752053e+08,5.948660018028e+07,6.189467744529e+07
308.00000000,-2.824856579302e+14,2.770947214950e+08,1.134387354697e+09,2.770947219311e+08,1.134387356482e+09,3.350929703113e+08,3.486578699866e+08
308.50000000,3.670421815324e+14,1.402793341856e+09,5.742841363664e+09,1.402793342116e+09,5.742841364728e+09,1.696409747888e+09,1.765082116685e+09
309.00000000,-4.894947474911e+14,6.382374454167e+09,2.612855573244e+10,6.382374454492e+09,2.612855573377e+10,7.718258924046e+09,8.030701789904e+09
309.50000000,6.646743954984e+14,2.609742558311e+10,1.068392404298e+11,2.609742558349e+10,1.068392404313e+11,3.155983550263e+10,3.283740931137e+10
310.00000000,1.542469011509e+14,9.590545331394e+10,3.926236230659e+11,9.590545331426e+10,3.926236230673e+11,1.159792685577e+11,1.206742257241e+11
310.50000000,-6.297176083737e+14,3.167542195177e+11,1.296747838534e+12,3.167542195180e+11,1.296747838535e+12,3.830535326492e+11,3.985599240122e+11
311.00000000,1.424124273056e+14,9.402384011549e+11,3.849205596252e+12,9.402384011551e+11,3.849205596253e+12,1.137038179454e+12,1.183066625879e+12
311.50000000,1.347478767522e+14,2.508376902436e+12,1.026894710800e+13,2.508376902436e+12,1.026894710800e+13,3.033401212956e+12,3.156196337815e+12
312.00000000,2.783996449561e+14,6.014359112995e+12,2.462195197216e+13,6.014359112995e+12,2.462195197216e+13,7.273214886802e+12,7.567641923468e+12
312.50000000,1.648420315770e+14,1.296074440827e+13,5.305948985557e+13,1.296074440827e+13,5.305948985557e+13,1.567353684793e+13,1.630801734659e+13
313.00000000,-5.975591662513e+14,2.510247717954e+13,1.027660596723e+14,2.510247717954e+13,1.027660596723e+14,3.035663605842e+13,3.158550314635e+13
313.50000000,-3.640871313122e+12,4.369693893407e+13,1.788892069049e+14,4.369693893407e+13,1.788892069049e+14,5.284307451417e+13,5.498221519401e+13
314.00000000,-3.080311647464e+14,6.836514419519e+13,2.798774175799e+14,6.836514419519e+13,2.798774175799e+14,8.267454190164e+13,8.602129031464e+13
314.50000000,-4.494712453265e+14,9.613221571428e+13,3.935519568793e+14,9.613221571428e+13,3.935519568793e+14,1.162534942291e+14,1.209595523259e+14
315.00000000,-1.036532825084e+15,1.214939368632e+14,4.973793254034e+14,1.214939368632e+14,4.973793254034e+14,1.469236361927e+14,1.528712524111e+14
315.50000000,3.526080630235e+14,1.380042139061e+14,5.649701095183e+14,1.380042139061e+14,5.649701095183e+14,1.668896526073e+14,1.736455132043e+14
316.00000000,-1.732755786075e+14,1.408907731170e+14,5.767872825404e+14,1.408907731170e+14,5.767872825404e+14,1.703803928557e+14,1.772775621207e+14
316.50000000,-2.764191195714e+14,1.292782031470e+14,5.292470318332e+14,1.292782031470e+14,5.292470318332e+14,1.563372146562e+14,1.626659019765e+14
317.00000000,-4.822472567969e+14,1.066155167237e+14,4.364691370999e+14,1.066155167237e+14,4.364691370999e+14,1.289310380093e+14,1.341502957992e+14
317.50000000,-4.047158488446e+14,7.902552673938e+13,3.235195450413e+14,7.902552673938e+13,3.235195450413e+14,9.556623186606e+13,9.943484882453e+13
318.00000000,3.423780921624e+14,5.264601401979e+13,2.155254790024e+14,5.264601401979e+13,2.155254790024e+14,6.366526602513e+13,6.624249987648e+13
318.50000000,7.665334546762e+14,3.152199261811e+13,1.290466654432e+14,3.152199261811e+13,1.290466654432e+14,3.811980988570e+13,3.966293803985e+13
319.00000000,-7.080340538084e+13,1.696330955436e+13,6.944543637807e+13,1.696330955436e+13,6.944543637807e+13,2.051387242801e+13,2.134429456781e+13
319.50000000,-3.356643847400e+14,8.204548417128e+12,3.358828318769e+13,8.204548417128e+12,3.358828318769e+13,9.921829170129e+12,1.032347477064e+13
320.00000000,-5.541313115265e+14,3.566515345399e+12,1.460081912180e+13,3.566515345399e+12,1.460081912180e+13,4.313016901189e+12,4.487612153093e+12
320.50000000,-2.726509113079e+14,1.393402940154e+12,5.704398361615e+12,1.393402940154e+12,5.704398361616e+12,1.685053854822e+12,1.753266525673e+12
321.00000000,-1.304197436968e+14,4.892718152305e+11,2.003010945906e+12,4.892718152307e+11,2.003010945906e+12,5.916805071608e+11,6.156323277915e+11
321.50000000,-2.389989256049e+14,1.544051995042e+11,6.321134696179e+11,1.544051995043e+11,6.321134696183e+11,1.867235019619e+11,1.942822566824e+11
322.00000000,-7.109114200775e+14,4.379343870629e+10,1.792842635871e+11,4.379343870640e+10,1.792842635876e+11,5.295977249790e+10,5.510363722921e+10
322.50000000,8.985810106645e+13,1.116319493749e+10,4.570057165574e+10,1.116319493745e+10,4.570057165558e+10,1.349974520656e+10,1.404622843836e+10
323.00000000,-4.608877950835e+14,2.557390278420e+09,1.046960107075e+10,2.557390278416e+09,1.046960107074e+10,3.092673499894e+09,3.217868026403e+09
323.50000000,7.594380561563e+14,5.265396103916e+08,2.155580129974e+09,5.265396102837e+08,2.155580129532e+09,6.367487645808e+08,6.625249934939e+08
324.00000000,-2.991465010513e+14,9.742877774784e+07,3.988599020019e+08,9.742877777637e+07,3.988599021187e+08,1.178214375928e+08,1.225909676102e+08
324.50000000,3.400926546494e+14,1.620241896850e+07,6.633045586075e+07,1.620241880076e+07,6.633045517405e+07,1.959372125425e+07,2.038689475125e+07
325.00000000,5.952641542517e+13,2.426904394792e+06,9.935409962545e+06,2.426904292940e+06,9.935409545578e+06,2.934875359938e+06,3.053682059405e+06
325.50000000,-8.974918008084e+14,3.654632382986e+05,1.496155805119e+06,3.654630534491e+05,1.496155048371e+06,4.419561918981e+05,4.598470220114e+05
326.00000000,6.829405559859e+14,3.053912549267e+05,1.250229437626e+06,3.053909283160e+05,1.250228100527e+06,3.693111664352e+05,3.842612530246e+05
326.50000000,-5.706674385801e+14,1.623357239754e+06,6.645799367802e+06,1.623356941440e+06,6.645798146546e+06,1.963138130077e+06,2.042607931424e+06
327.00000000,3.482254595125e+14,9.067081767408e+06,3.711937508394e+07,9.067081508518e+06,3.711937402407e+07,1.096489675564e+07,1.140876677864e+07
327.50000000,-1.503525163998e+14,4.673429165939e+07,1.913237076589e+08,4.673429150443e+07,1.913237070245e+08,5.651616920696e+07,5.880400044560e+07
328.00000000,-6.235362427700e+14,2.217371888020e+08,9.077612943542e+08,2.217371887055e+08,9.077612939591e+08,2.681486404976e+08,2.790035665291e+08
328.50000000,-1.953075529046e+14,9.684094530942e+08,3.964533975357e+09,9.684094530551e+08,3.964533975197e+09,1.171105667531e+09,1.218513200056e+09
329.00000000,-1.268442748706e+14,3.893126094446e+09,1.593791822505e+10,3.893126094512e+09,1.593791822532e+10,4.707990016728e+09,4.898574176671e+09
329.50000000,2.370391296204e+14,1.440649992058e+10,5.897821238591e+10,1.440649992060e+10,5.897821238599e+10,1.742190110605e+10,1.812715714421e+10
330.00000000,2.200637516771e+14,4.907276973092e+10,2.008971125194e+11,4.907276973107e+10,2.008971125200e+11,5.934411175561e+10,6.174642094622e+10
330.50000000,-2.719645472880e+14,1.538672441359e+11,6.299111549585e+11,1.538672441361e+11,6.299111549593e+11,1.860729480257e+11,1.936053676701e+11
331.00000000,1.919855196171e+14,4.440957805333e+11,1.818066526108e+12,4.440957805333e+11,1.818066526108e+12,5.370487497436e+11,5.587890220157e+11
331.50000000,-5.247144137548e+14,1.179867535145e+12,4.830214032461e+12,1.179867535145e+12,4.830214032461e+12,1.426823699725e+12,1.484582954785e+12
332.00000000,-8.362023973595e+13,2.885474010975e+12,1.181273036418e+13,2.885474010975e+12,1.181273036418e+13,3.489427907084e+12,3.630683450105e+12
332.50000000,-4.351560336627e+14,6.495752690675e+12,2.659271050630e+13,6.495752690675e+12,2.659271050630e+13,7.855368175261e+12,8.173361361185e+12
333.00000000,-9.977538365705e+13,1.346080993376e+13,5.510668875412e+13,1.346080993376e+13,5.510668875412e+13,1.627827027939e+13,1.693723099415e+13
333.50000000,-5.932445171727e+14,2.567693607846e+13,1.051178147228e+14,2.567693607846e+13,1.051178147228e+14,3.105133401992e+13,3.230832317840e+13
334.00000000,-2.100351413408e+14,4.508647813301e+13,1.845777876459e+14,4.508647813301e+13,1.845777876459e+14,5.452345591436e+13,5.673062011939e+13
334.50000000,-2.635260804503e+13,7.287544822856e+13,2.983419766798e+14,7.287544822856e+13,2.983419766798e+14,8.812889037389e+13,9.169643628602e+13
335.00000000,-1.628816519725e+14,1.084297835990e+14,4.438964940350e+14,1.084297835990e+14,4.438964940350e+14,1.311250461485e+14,1.364331195893e+14
335.50000000,-6.888457644855e+13,1.485076685240e+14,6.079697958164e+14,1.485076685240e+14,6.079697958164e+14,1.795915683151e+14,1.868616152052e+14
336.00000000,8.307746776475e+14,1.872330519760e+14,7.665061441695e+14,1.872330519760e+14,7.665061441695e+14,2.264224991139e+14,2.355883090737e+14
336.50000000,1.097995903452e+14,2.172950382583e+14,8.895757461880e+14,2.172950382583e+14,8.895757461880e+14,2.627767111003e+14,2.734141760396e+14
337.00000000,-2.523354813022e+14,2.321405271376e+14,9.503511184797e+14,2.321405271376e+14,9.503511184797e+14,2.807294852346e+14,2.920936964850e+14
337.50000000,-3.822502324902e+14,2.282895807159e+14,9.345858779842e+14,2.282895807159e+14,9.345858779842e+14,2.760725034488e+14,2.872481954036e+14
338.00000000,5.438036603884e+14,2.066594092256e+14,8.460349561691e+14,2.066594092256e+14,8.460349561691e+14,2.499149557648e+14,2.600317639424e+14
338.50000000,-1.945688685182e+14,1.722099117024e+14,7.050034917110e+14,1.722099117024e+14,7.050034917110e+14,2.082548896594e+14,2.166852565587e+14
339.00000000,-2.594191848800e+14,1.320975515616e+14,5.407890531779e+14,1.320975515616e+14,5.407890531779e+14,1.597466763253e+14,1.662133820751e+14
339.50000000,1.113821715976e+14,9.327489081007e+13,3.818544650537e+14,9.327489081007e+13,3.818544650537e+14,1.127981072728e+14,1.173642878384e+14
340.00000000,-1.123653500570e+15,6.062722363313e+13,2.481994441062e+14,6.062722363313e+13,2.481994441062e+14,7.331700970785e+13,7.628495582817e+13
340.50000000,-1.142526320653e+14,3.627463523042e+13,1.485033250710e+14,3.627463523042e+13,1.485033250710e+14,4.386722043271e+13,4.564300953283e+13
341.00000000,-2.697490602814e+14,1.997883969951e+13,8.179059851578e+13,1.997883969951e+13,8.179059851578e+13,2.416057830826e+13,2.513862276125e+13
341.50000000,-2.499098513794e+14,1.012904733277e+13,4.146691480599e+13,1.012904733277e+13,4.146691480599e+13,1.224914183968e+13,1.274499939231e+13
342.00000000,-3.683065784519e+14,4.727126965801e+12,1.935220211024e+13,4.727126965801e+12,1.935220211024e+13,5.716554261813e+12,5.947966114404e+12
342.50000000,-7.600767257028e+14,2.030744874322e+12,8.313587836022e+12,2.030744874322e+12,8.313587836022e+12,2.455796797917e+12,2.555209916479e+12
343.00000000,2.627645577376e+14,8.030487435968e+11,3.287570167438e+12,8.030487435974e+11,3.287570167440e+12,9.711335766654e+11,1.010446038298e+12
343.50000000,-4.270340048142e+14,2.923181695203e+11,1.196710039307e+12,2.923181695208e+11,1.196710039309e+12,3.535028125679e+11,3.678129611305e+11
344.00000000,1.115904944669e+15,9.794807547693e+10,4.009858348743e+11,9.794807547743e+10,4.009858348764e+11,1.184494286616e+11,1.232443803877e+11
344.50000000,-1.689463035350e+14,3.021071125692e+10,1.236784614350e+11,3.021071125634e+10,1.236784614326e+11,3.653406634548e+10,3.801300200995e+10
345.00000000,-2.734821065658e+14,8.577284875030e+09,3.511421454502e+10,8.577284874772e+09,3.511421454396e+10,1.037258249316e+10,1.079247504048e+10
345.50000000,-1.975230086337e+13,2.241646458879e+09,9.176989669575e+09,2.241646458654e+09,9.176989668654e+09,2.710841851514e+09,2.820579449761e+09
346.00000000,-2.968643128397e+14,5.394652093953e+08,2.208495739418e+09,5.394652093966e+08,2.208495739423e+09,6.523797999918e+08,6.787887889027e+08
346.50000000,-4.249034764530e+14,1.206185808560e+08,4.937957393282e+08,1.206185810647e+08,4.937957401824e+08,1.458650618010e+08,1.517698258658e+08
347.00000000,-2.094994291906e+14,3.068972129182e+07,1.256394620756e+08,3.068972166005e+07,1.256394635830e+08,3.711333795992e+07,3.861572312060e+07
347.50000000,3.564633974149e+14,3.551972320813e+07,1.454128199637e+08,3.551972364730e+07,1.454128217616e+08,4.295429895661e+07,4.469313207934e+07
348.00000000,-1.038423739273e+14,1.406970053089e+08,5.759940240112e+08,1.406970058953e+08,5.759940264118e+08,1.701460673375e+08,1.770337508704e+08
348.50000000,-4.283100901847e+14,5.865512180252e+08,2.401259327568e+09,5.865512184402e+08,2.401259329268e+09,7.093213037868e+08,7.380353419073e+08
349.00000000,-9.367015874217e+14,2.279384247963e+09,9.331482943573e+09,2.279384248783e+09,9.331482946931e+09,2.756478475792e+09,2.868063490383e+09
349.50000000,1.151472884471e+15,8.215760244781e+09,3.363418285494e+10,8.215760245115e+09,3.363418285631e+10,9.935387727696e+09,1.033758219223e+10
350.00000000,-2.184588691083e+14,2.746091288363e+10,1.124211683123e+11,2.746091288409e+10,1.124211683141e+11,3.320871212210e+10,3.455303411090e+10
350.50000000,6.461244360841e+12,8.511716175942e+10,3.484578538582e+11,8.511716175960e+10,3.484578538589e+11,1.029328971548e+11,1.070997241160e+11
351.00000000,1.243026537716e+14,2.446555885020e+11,1.001586043773e+12,2.446555885020e+11,1.001586043773e+12,2.958640538411e+11,3.078409276149e+11
351.50000000,-4.579711293580e+14,6.521236309700e+11,2.669703690782e+12,6.521236309701e+11,2.669703690783e+12,7.886185729335e+11,8.205426440771e+11
352.00000000,-7.212548312968e+14,1.611916038769e+12,6.598960677951e+12,1.611916038769e+12,6.598960677951e+12,1.949303576522e+12,2.028213341258e+12
352.50000000,-5.201592135489e+14,3.694821015844e+12,1.512608473965e+13,3.694821015843e+12,1.512608473964e+13,4.468178023895e+12,4.649054353736e+12
353.00000000,5.419431559716e+14,7.853869300203e+12,3.215265152481e+13,7.853869300202e+12,3.215265152481e+13,9.497749974691e+12,9.882228423846e+12
353.50000000,1.987498307378e+14,1.548153118447e+13,6.337924126545e+13,1.548153118447e+13,6.337924126545e+13,1.872194542526e+13,1.947982856195e+13
354.00000000,-8.310728248546e+14,2.829989136023e+13,1.158558298229e+14,2.829989136023e+13,1.158558298229e+14,3.422329582738e+13,3.560868918262e+13
354.50000000,-1.548805009188e+14,4.797299240077e+13,1.963947766771e+14,4.797299240077e+13,1.963947766771e+14,5.801414181269e+13,6.036261248550e+13
355.00000000,4.920140307881e+12,7.541375011531e+13,3.087334325227e+14,7.541375011531e+13,3.087334325227e+14,9.119848012120e+13,9.489028610638e+13
355.50000000,1.081885175997e+15,1.099376345808e+14,4.500694268041e+14,1.099376345808e+14,4.500694268041e+14,1.329485029793e+14,1.383303917823e+14
356.00000000,-5.804241593656e+14,1.486225566940e+14,6.084401320485e+14,1.486225566940e+14,6.084401320485e+14,1.797305035420e+14,1.870061746696e+14
356.50000000,1.054286547066e+14,1.863227361331e+14,7.627794373765e+14,1.863227361331e+14,7.627794373765e+14,2.253216465351e+14,2.344428928778e+14
357.00000000,3.841093071991e+14,2.166157300632e+14,8.867947526621e+14,2.166157300632e+14,8.867947526621e+14,2.619552180060e+14,2.725594280806e+14
357.50000000,-1.659003489757e+14,2.335378606622e+14,9.560716081089e+14,2.335378606622e+14,9.560716081089e+14,2.824192923782e+14,2.938519087173e+14
358.00000000,4.809616104348e+14,2.334897711780e+14,9.558747364309e+14,2.334897711780e+14,9.558747364309e+14,2.823611373618e+14,2.937913995275e+14
358.50000000,-2.213012836218e+14,2.164819505599e+14,8.862470779319e+14,2.164819505599e+14,8.862470779319e+14,2.617934373314e+14,2.723910983619e+14
359.00000000,5.017539999642e+14,1.861310129333e+14,7.619945491900e+14,1.861310129333e+14,7.619945491900e+14,2.250897940625e+14,2.342016547845e+14
359.50000000,9.640770824639e+14,1.484085353744e+14,6.075639584524e+14,1.484085353744e+14,6.075639584524e+14,1.794716857663e+14,1.867368796906e+14
360.00000000,-6.491782922591e+13,1.097207560660e+14,4.491815562472e+14,1.097207560660e+14,4.491815562472e+14,1.326862299735e+14,1.380575017021e+14
360.50000000,-4.877074914477e+14,7.512638793663e+13,3.075570116225e+14,7.512638793663e+13,3.075570116225e+14,9.085097062990e+13,9.452870908217e+13
361.00000000,6.297569453193e+14,4.768969854665e+13,1.952350109333e+14,4.768969854666e+13,1.952350109333e+14,5.767155218038e+13,6.000615448111e+13
361.50000000,8.737245857691e+14,2.807379148701e+13,1.149302083037e+14,2.807379148701e+13,1.149302083037e+14,3.394987135556e+13,3.532419621383e+13
362.00000000,-6.969529474572e+14,1.532574160464e+13,6.274146033477e+13,1.532574160464e+13,6.274146033477e+13,1.853354778056e+13,1.928380439154e+13
362.50000000,-5.059285400764e+14,7.758634790149e+12,3.176277465039e+13,7.758634790150e+12,3.176277465039e+13,9.382582083444e+12,9.762398420800e+12
363.00000000,7.794531033088e+14,3.642435588222e+12,1.491162606521e+13,3.642435588222e+12,1.491162606521e+13,4.404827887188e+12,4.583139739929e+12
363.50000000,-7.947157930842e+13,1.585771200331e+12,6.491927335869e+12,1.585771200331e+12,6.491927335868e+12,1.917686404258e+12,1.995316274137e+12
364.00000000,7.465989374441e+14,6.402218567323e+11,2.620979477918e+12,6.402218567322e+11,2.620979477917e+12,7.742256575914e+11,8.055670890799e+11
364.50000000,-2.962233542094e+14,2.396961061106e+11,9.812826107799e+11,2.396961061107e+11,9.812826107805e+11,2.898665102194e+11,3.016005974093e+11
365.00000000,9.492258238119e+12,8.322064914819e+10,3.406937942882e+11,8.322064914841e+10,3.406937942892e+11,1.006394285601e+11,1.047134136113e+11
365.50000000,1.379491994352e+14,2.679414620915e+10,1.096915180324e+11,2.679414620952e+10,1.096915180340e+11,3.240238559714e+10,3.371406667913e+10
366.00000000,2.505191626100e+14,7.999935087861e+09,3.275062459907e+10,7.999935088278e+09,3.275062460077e+10,9.674388557230e+09,1.006601751345e+10
366.50000000,4.902901661582e+14,2.214980062248e+09,9.067821140596e+09,2.214980062742e+09,9.067821142618e+09,2.678593955353e+09,2.787026126405e+09
367.00000000,-6.863392284225e+14,5.687122430917e+08,2.328229038589e+09,5.687122430951e+08,2.328229038604e+09,6.877484823061e+08,7.155892309666e+08
367.50000000,1.176204493173e+14,1.354388574866e+08,5.544678961711e+08,1.354388579318e+08,5.544678979934e+08,1.637873458171e+08,1.704176219224e+08
368.00000000,-6.077312195008e+14,3.006886960475e+07,1.230977813855e+08,3.006886971524e+07,1.230977818378e+08,3.636253620325e+07,3.783452815545e+07
368.50000000,-6.399148597597e+14,6.992551244520e+06,2.862653487608e+07,6.992551370864e+06,2.862653539331e+07,8.456150358319e+06,8.798463809847e+06
369.00000000,-7.625941113301e+14,5.296494005111e+06,2.168311179372e+07,5.296494038969e+06,2.168311193233e+07,6.405094543475e+06,6.664379197559e+06
369.50000000,-2.292575552642e+14,1.856899245803e+07,7.601887946549e+07,1.856899245767e+07,7.601887946401e+07,2.245563906706e+07,2.336466586881e+07
370.00000000,-5.126691715321e+14,7.639288808666e+07,3.127418875637e+08,7.639288783063e+07,3.127418865155e+08,9.238256068591e+07,9.612229944047e+07
370.50000000,-3.177727000124e+14,2.972124998823e+08,1.216746748929e+09,2.972124996881e+08,1.216746748134e+09,3.594215682841e+08,3.739713140170e+08
371.00000000,-3.714874779630e+14,1.082846939598e+09,4.433025171773e+09,1.082846939377e+09,4.433025170867e+09,1.309495881475e+09,1.362505588724e+09
371.50000000,-9.908731178560e+13,3.693048734597e+09,1.511882926605e+10,3.693048734061e+09,1.511882926385e+10,4.466034790311e+09,4.646824359906e+09
372.00000000,-2.804300839543e+14,1.179003550847e+10,4.826677000587e+10,1.179003550833e+10,4.826677000527e+10,1.425778876359e+10,1.483495835921e+10
372.50000000,-3.648451524537e+14,3.523365720465e+10,1.442417054249e+11,3.523365720424e+10,1.442417054232e+11,4.260835698085e+10,4.433318602527e+10
373.00000000,-4.752994332375e+13,9.856290861431e+10,4.035028764568e+11,9.856290861367e+10,4.035028764541e+11,1.191929515260e+11,1.240180018037e+11
373.50000000,1.332607206436e+14,2.580970759010e+11,1.056613628750e+12,2.580970759003e+11,1.056613628747e+12,3.121189572176e+11,3.247538457905e+11
374.00000000,-5.012642540698e+13,6.326551103821e+11,2.590002267924e+12,6.326551103819e+11,2.590002267923e+12,7.650751278057e+11,7.960461366667e+11
374.50000000,7.422548389148e+13,1.451663174805e+12,5.942907681146e+12,1.451663174805e+12,5.942907681147e+12,1.755508444915e+12,1.826573188268e+12
375.00000000,-3.405031387756e+14,3.118028682418e+12,1.276477693200e+13,3.118028682418e+12,1.276477693200e+13,3.770658220498e+12,3.923298248797e+12
375.50000000,-1.195090831044e+15,6.269172558719e+12,2.566512287443e+13,6.269172558719e+12,2.566512287443e+13,7.581362922525e+12,7.888264100878e+12
376.00000000,-5.572664718618e+14,1.179931082191e+13,4.830474185253e+13,1.179931082191e+13,4.830474185253e+13,1.426900547699e+13,1.484662913643e+13
376.50000000,1.355824232322e+14,2.078833696663e+13,8.510456804407e+13,2.078833696663e+13,8.510456804407e+13,2.513951013847e+13,2.615718273423e+13
377.00000000,1.033740057379e+14,3.428466358928e+13,1.403566571961e+14,3.428466358928e+13,1.403566571961e+14,4.146073104743e+13,4.313910304252e+13
377.50000000,4.502625903113e+13,5.292945051576e+13,2.166858287021e+14,5.292945051576e+13,2.166858287021e+14,6.400802815543e+13,6.659913736174e+13
378.00000000,6.257623045832e+14,7.649138014725e+13,3.131451003982e+14,7.649138014725e+13,3.131451003982e+14,9.250166715135e+13,9.624622745515e+13
378.50000000,-1.091189267400e+15,1.034773878756e+14,4.236220728777e+14,1.034773878756e+14,4.236220728777e+14,1.251360724900e+14,1.302017062677e+14
379.00000000,5.357642995347e+14,1.310377582451e+14,5.364504063413e+14,1.310377582451e+14,5.364504063413e+14,1.584650593846e+14,1.648798839946e+14
379.50000000,4.070771540867e+14,1.553336824397e+14,6.359145499683e+14,1.553336824397e+14,6.359145499683e+14,1.878463241580e+14,1.954505318476e+14
380.00000000,-3.370483803000e+14,1.723665996312e+14,7.056449503579e+14,1.723665996312e+14,7.056449503579e+14,2.084443736850e+14,2.168824110879e+14
380.50000000,-5.358642396832e+14,1.790436607129e+14,7.329799122682e+14,1.790436607129e+14,7.329799122682e+14,2.165189996173e+14,2.252839059801e+14
381.00000000,3.794301302919e+14,1.740937445148e+14,7.127156419433e+14,1.740937445148e+14,7.127156419433e+14,2.105330244694e+14,2.190556125518e+14
381.50000000,-5.302564201360e+13,1.584622251359e+14,6.487223698145e+14,1.584622251359e+14,6.487223698145e+14,1.916296970635e+14,1.993870594846e+14
382.00000000,1.441295730416e+14,1.350164364020e+14,5.527385628435e+14,1.350164364020e+14,5.527385628435e+14,1.632765082285e+14,1.698861051156e+14
382.50000000,-1.447546536102e+14,1.076876104005e+14,4.408581399054e+14,1.076876104005e+14,4.408581399054e+14,1.302275298788e+14,1.354992709604e+14
383.00000000,-6.335668502709e+14,8.040126945160e+13,3.291516448794e+14,8.040126945160e+13,3.291516448794e+14,9.722992905922e+13,1.011658941494e+14
383.50000000,-4.336316726782e+14,5.619244856504e+13,2.300440901137e+14,5.619244856504e+13,2.300440901137e+14,6.795399904639e+13,7.070484511381e+13
384.00000000,3.853254742475e+14,3.676297678864e+13,1.505025276738e+14,3.676297678864e+13,1.505025276738e+14,4.445777597227e+13,4.625747135320e+13
384.50000000,-4.465948038005e+14,2.251442099811e+13,9.217091664824e+13,2.251442099811e+13,9.217091664824e+13,2.722687802552e+13,2.832904936784e+13
385.00000000,9.273122481206e+13,1.290707969660e+13,5.283979396970e+13,1.290707969660e+13,5.283979396970e+13,1.560863966230e+13,1.624049305777e+13
385.50000000,6.307022879899e+13,6.926469945266e+12,2.835600720290e+13,6.926469945266e+12,2.835600720290e+13,8.376238161444e+12,8.715316687058e+12
386.00000000,1.284216080855e+14,3.479463523670e+12,1.424444103837e+13,3.479463523670e+12,1.424444103837e+13,4.207744403517e+12,4.378078119083e+12
386.50000000,-4.614757907365e+14,1.636170554764e+12,6.698255302149e+12,1.636170554764e+12,6.698255302149e+12,1.978634766013e+12,2.058731886732e+12
387.00000000,-1.928758665972e+14,7.202119931971e+11,2.948448001376e+12,7.202119931973e+11,2.948448001377e+12,8.709584000829e+11,9.062156700505e+11
387.50000000,-6.241291011840e+12,2.967612015790e+11,1.214899196274e+12,2.967612015790e+11,1.214899196274e+12,3.588758084776e+11,3.734034613060e+11
388.00000000,6.874475575429e+13,1.144638513226e+11,4.685991303254e+11,1.144638513230e+11,4.685991303268e+11,1.384220948224e+11,1.440255601156e+11
388.50000000,5.438535938826e+14,4.132791348266e+10,1.691907453083e+11,4.132791348309e+10,1.691907453101e+11,4.997819217858e+10,5.200135954681e+10
389.00000000,-2.558087775239e+14,1.396792489048e+10,5.718274704630e+10,1.396792489025e+10,5.718274704538e+10,1.689152864768e+10,1.757531467654e+10
389.50000000,-5.539153357010e+14,4.419091028323e+09,1.809114570909e+10,4.419091028099e+09,1.809114570817e+10,5.344043821975e+09,5.560376078180e+09
390.00000000,3.299331045646e+14,1.308717693954e+09,5.357708710149e+09,1.308717693689e+09,5.357708709063e+09,1.582643277933e+09,1.646710265871e+09
390.50000000,-5.965561170561e+14,3.628024917141e+08,1.485263077667e+09,3.628024917813e+08,1.485263077942e+09,4.387400947282e+08,4.565007340010e+08
391.00000000,9.773128090772e+12,9.414669233181e+07,3.854234995584e+08,9.414669244343e+07,3.854235000153e+08,1.138523849210e+08,1.184612437037e+08
391.50000000,2.160972000041e+14,2.286912869394e+07,9.362304075435e+07,2.286912880571e+07,9.362304121194e+07,2.765582877962e+07,2.877536447888e+07
392.00000000,3.566744093795e+14,5.199997074358e+06,2.128806674406e+07,5.199997289707e+06,2.128806762567e+07,6.288400865717e+06,6.542961642633e+06
392.50000000,7.802251210225e+13,1.106788627836e+06,4.531039122525e+06,1.106788705551e+06,4.531039440681e+06,1.338450176484e+06,1.392631982648e+06
393.00000000,2.725171088657e+14,2.205127064051e+05,9.027484332664e+05,2.205126423784e+05,9.027481711499e+05,2.666698903897e+05,2.774649551331e+05
393.50000000,-2.116149488731e+14,4.112518250479e+04,1.683607928052e+05,4.112531072079e+04,1.683613177037e+05,4.973437547545e+04,5.174767289888e+04
394.00000000,8.191227500291e+14,7.179295717861e+03,2.939104084709e+04,7.179317456388e+03,2.939112984160e+04,8.683146131004e+03,9.034648599181e+03
394.50000000,6.417492797745e+13,1.173129608667e+03,4.802629896061e+03,1.173308607045e+03,4.803362690590e+03,1.420077925890e+03,1.477564105256e+03
395.00000000,-4.027933054696e+14,1.793272965805e+02,7.341410781676e+02,1.795002059152e+02,7.348489450000e+02,2.178791261548e+02,2.266990918046e+02
395.50000000,-7.997870527261e+14,2.562444268250e+01,1.049029140409e+02,2.573292811932e+01,1.053470383715e+02,3.178866376023e+01,3.307550076645e+01
396.00000000,6.393104203047e+14,3.328904128948e+00,1.362807176009e+01,3.577836368944e+00,1.464716582188e+01,4.379891472388e+00,4.557193874036e+00
396.50000000,1.599486253991e+14,5.162093641493e-01,2.113289534740e+00,9.647899835173e-01,3.949716368957e+00,1.919580643911e+00,1.997287194512e+00
397.00000000,1.272339936265e+15,2.408129611545e-01,9.858548604136e-01,8.031944444444e-02,3.288166646498e-01,1.016320452009e+00,1.057462123697e+00
397.50000000,-4.571464852996e+14,-3.258334754258e-02,-1.333917052861e-01,-3.699822965753e-01,-1.514656202877e+00,5.216504125847e-01,5.427673447177e-01
398.00000000,-3.149720299859e+14,-1.241297368448e-01,-5.081699249228e-01,3.322716316344e-02,1.360273971359e-01,1.196374514302e+00,1.244804955101e+00
398.50000000,-4.102384869076e+14,-1.586573131097e-01,-6.495210329190e-01,-1.759900044436e-01,-7.204786670666e-01,-4.487120174024e-01,-4.668763301110e-01
399.00000000,1.156446557485e+15,-1.802524930762e-01,-7.379287042895e-01,-4.866067191634e-01,-1.992100412275e+00,-9.227291304977e-01,-9.600821315800e-01
399.50000000,1.394994243542e+14,-1.917220852968e-01,-7.848836239226e-01,-4.600146846065e-01,-1.883236311313e+00,-1.812440657035e+00,-1.885810073461e+00
400.00000000,-1.865862717956e+14,-7.169029379547e-01,-2.934901188205e+00,-8.055220579117e-01,-3.297695573176e+00,-2.599858217593e+00,-2.705103086976e+00
400.50000000,-2.066368803245e+14,-6.645614614335e-01,-2.720622443480e+00,-8.817805782903e-01,-3.609887377981e+00,-3.835821397569e+00,-3.991099296662e+00
401.00000000,3.760101040239e+14,-6.730977130870e-01,-2.755568673707e+00,-5.135714389054e-01,-2.102490234692e+00,-2.191603624132e+00,-2.280321937924e+00
401.50000000,1.339298801526e+13,-4.009601107804e-01,-1.641475077379e+00,-1.853887183780e-01,-7.589556982422e-01,-1.028056991981e+00,-1.069673770583e+00
402.00000000,-2.486682496704e+14,-3.318206535218e-01,-1.358427729520e+00,-6.913479145999e-02,-2.830282467262e-01,-6.620783316799e-01,-6.888799268853e-01
402.50000000,7.732131177952e+13,-1.198332558284e-01,-4.905807275954e-01,6.852698206019e-02,2.805399593511e-01,2.927435825893e-01,3.045941365556e-01
403.00000000,2.753225036228e+14,-8.218729332011e-03,-3.364633788622e-02,1.566183965774e-01,6.411739914486e-01,2.755681423611e-01,2.867234172729e-01
403.50000000,-6.056465646831e+14,2.116338769015e-01,8.663997368381e-01,2.009400421627e-01,8.226206607323e-01,9.505672433036e-01,9.890471591254e-01
404.00000000,2.030839257982e+14,3.848620205026e-01,1.575571728707e+00,1.733677558697e-01,7.097435451304e-01,8.978650586971e-01,9.342115372039e-01
404.50000000,-1.374471692945e+14,2.252430762235e-01,9.221139111654e-01,2.307075686177e-02,9.444847850613e-02,2.368185143849e+00,2.464051654743e+00
405.00000000,-2.671744522973e+13,-8.722808159722e-02,-3.570996668738e-01,-1.971580274471e-01,-8.071376170802e-01,8.456481791501e-01,8.798808659777e-01
405.50000000,2.957335862104e+14,1.393427579365e-02,5.704499231128e-02,-1.448491650132e-01,-5.929923899051e-01,8.706794394841e-01,9.059254168468e-01
406.00000000,-2.754439827731e+14,-1.479775855655e-01,-6.057997097108e-01,-1.672963479663e-01,-6.848880433233e-01,6.520078641700e-01,6.784017967457e-01
406.50000000,-2.822913162851e+14,4.640170304233e-03,1.899621359932e-02,2.888676008598e-02,1.182583889830e-01,3.377754732970e-01,3.514489633848e-01
407.00000000,-5.221951730887e+14,-2.047351500496e-01,-8.381573060115e-01,-4.456079902447e-01,-1.824257302912e+00,-7.230203579696e-01,-7.522889475493e-01
407.50000000,8.445661436245e+13,-1.237396246693e-01,-5.065728597878e-01,-1.527826140873e-01,-6.254708299859e-01,-8.414091848545e-01,-8.754702729395e-01
408.00000000,-6.070489791998e+13,-3.919687500000e-01,-1.604665693512e+00,-6.739500868056e-01,-2.759058173481e+00,-1.851169136491e+00,-1.926106320626e+00
408.50000000,-1.850666363030e+14,-3.754751880787e-01,-1.537143338787e+00,-5.875731440146e-01,-2.405442950820e+00,-1.598151599702e+00,-1.662846380067e+00
409.00000000,8.680040061329e+14,-2.757141978753e-01,-1.128735682487e+00,-4.841045490245e-01,-1.981856874796e+00,-4.477294766865e-01,-4.658540151610e-01
409.50000000,-4.518156233709e+14,-4.786576657573e-02,-1.959558090224e-01,-1.564977678571e-01,-6.406801542001e-01,1.999540653935e-01,2.080484065974e-01
410.00000000,-2.239515432669e+14,6.806016968419e-02,2.786288942342e-01,1.162671027612e-02,4.759813915906e-02,1.174410259590e+00,1.221951565318e+00
410.50000000,4.072933528521e+14,4.972206204530e-02,2.035552251928e-01,3.358585689484e-01,1.374958395188e+00,6.963354001323e-01,7.245237558426e-01
411.00000000,-2.516018741847e+14,-4.696051380622e-03,-1.922498297493e-02,8.440564029431e-03,3.455449836734e-02,7.787229456019e-01,8.102464318217e-01
411.50000000,7.616630427345e+14,-1.929589947090e-01,-7.899473594876e-01,-3.318623796090e-01,-1.358598550333e+00,-1.322346436839e-01,-1.375876347463e-01
412.00000000,4.710538466911e+14,-2.041871512277e-01,-8.359138748461e-01,-3.195227218709e-01,-1.308081703156e+00,1.239625519283e+00,1.289806804162e+00
412.50000000,4.509681562960e+14,-7.343664227844e-02,-3.006394272782e-01,-2.142581147693e-01,-8.771430026679e-01,2.627623852927e-01,2.733992703089e-01
413.00000000,2.776206395508e+14,3.494132254464e-01,1.430449278758e+00,4.187562817770e-01,1.714330132977e+00,2.649130916212e+00,2.756370393876e+00
413.50000000,1.419025403712e+13,2.210194808718e-01,9.048230976394e-01,3.760282273065e-01,1.539407404675e+00,2.341081355665e+00,2.435850678017e+00
414.00000000,-3.659871246271e+14,1.080483107794e-01,4.423347972246e-01,2.072799052889e-01,8.485751809848e-01,2.433733274430e+00,2.532253239422e+00
414.50000000,1.093699121855e+14,-1.798208162822e-01,-7.361614793717e-01,2.610003888166e-02,1.068499389115e-01,1.397015190972e+00,1.453567767688e+00
415.00000000,9.757622902829e+14,-7.685323951358e-01,-3.146265024513e+00,1.519205238302e-01,6.219415520516e-01,1.495525528196e+00,1.556065902210e+00
415.50000000,-1.466360459740e+14,1.187800289739e-01,4.862689629438e-01,4.176582470445e-01,1.709834931088e+00,1.889603678062e+00,1.966096731006e+00
416.00000000,-9.611094777863e+12,2.420793079195e-01,9.910391084176e-01,4.102235963206e-01,1.679398502265e+00,-8.460066379769e-01,-8.802538355775e-01
416.50000000,-3.220694554175e+14,-1.461181308000e-01,-5.981873598210e-01,3.003319973416e-02,1.229517538829e-01,-9.755233919658e-01,-1.015013557727e+00
417.00000000,-6.713480810409e+14,-9.705692771629e-02,-3.973375995511e-01,1.046009936459e-01,4.282219590487e-01,-3.538250005813e-01,-3.681481916379e-01
417.50000000,-5.771073934993e+14,2.278048896588e-01,9.326016200266e-01,-3.151168532599e-02,-1.290044688189e-01,-2.633215120507e-01,-2.739810310792e-01
418.00000000,3.496220063503e+14,-9.014969227301e-02,-3.690603357313e-01,-1.077745689110e-01,-4.412141359853e-01,-5.830131567900e-01,-6.066141143806e-01
418.50000000,-4.232722871509e+13,-5.769102324632e-02,-2.361790469954e-01,9.206542242141e-02,3.769030692328e-01,-6.346417943561e-01,-6.603327310004e-01
419.00000000,9.148734187114e+14,-5.874468614689e-02,-2.404925967595e-01,1.502106282875e-01,6.149414768751e-01,-5.877817647621e-01,-6.115757603884e-01
419.50000000,7.238416433900e+14,-3.505207157841e-01,-1.434983190584e+00,-4.182276068793e-02,-1.712165811277e-01,-6.546351785004e-01,-6.811354673965e-01
420.00000000,-3.285539014658e+14,-5.905868772476e-01,-2.417780756649e+00,-4.703269784110e-01,-1.925453411756e+00,-1.388352328346e+00,-1.444554223690e+00
420.50000000,-2.997437415629e+14,-4.349575190468e-01,-1.780655751127e+00,-2.973558951888e-01,-1.217333789423e+00,-1.646591786218e+00,-1.713247473938e+00
421.00000000,-1.145660758680e+13,-4.298677364935e-01,-1.759818887345e+00,-4.126020062159e-02,-1.689135382474e-01,-1.443672766953e+00,-1.502114089161e+00
421.50000000,-2.516161754418e+14,-1.423843600157e-01,-5.829018201321e-01,-1.012979755704e-02,-4.146998612010e-02,-1.232331077939e+00,-1.282217076513e+00
422.00000000,8.578650447636e+14,2.442512026186e-01,9.999305440580e-01,4.141121096333e-01,1.695317536402e+00,7.526000924893e-01,7.830660994030e-01
422.50000000,-1.855114544573e+14,2.346652283038e-01,9.606868948591e-01,5.804505873584e-01,2.376284191822e+00,2.646068535053e-01,2.753184044455e-01
423.00000000,-4.985181087841e+14,1.751892696966e-01,7.172005700801e-01,4.757680134445e-01,1.947728254472e+00,2.680274832589e-01,2.788775047239e-01
423.50000000,-1.347092272113e+14,-4.250905128762e-02,-1.740261596492e-01,3.483603128100e-01,1.426138800472e+00,3.215376958292e-01,3.345538643919e-01
424.00000000,-2.845690988088e+14,7.105808996776e-02,2.909019640412e-01,1.051588774182e-01,4.305058578297e-01,-2.748125930060e-01,-2.859372825218e-01
424.50000000,1.226516910086e+14,-3.290236390129e-01,-1.346977140087e+00,-5.447257874504e-02,-2.230031816294e-01,-4.511516978753e-02,-4.694147712975e-02
425.00000000,2.684423292188e+14,-4.429686983300e-02,-1.813452407902e-01,-1.430765852348e-02,-5.857356941622e-02,-1.756072363798e+00,-1.827159935153e+00
425.50000000,-6.496758069245e+14,1.483887235450e-01,6.074828515710e-01,1.413393270503e-01,5.786236001255e-01,-1.680230463583e+00,-1.748247878716e+00
426.00000000,3.718267226508e+14,2.409121300430e-02,9.862608440876e-02,6.771827980324e-02,2.772292444842e-01,-1.144212482432e+00,-1.190531351840e+00
426.50000000,-3.016702772772e+14,2.075324642444e-01,8.496091223166e-01,3.344099960731e-01,1.369028138764e+00,-1.929935515873e-03,-2.008061242081e-03
427.00000000,9.422663842424e+13,5.501637938161e-02,2.252294260064e-01,5.424001736111e-02,2.220511075816e-01,-1.475119770999e-01,-1.534834099485e-01
427.50000000,-1.161022110497e+14,-1.900959201389e-01,-7.782263293274e-01,2.185380084325e-01,8.946642936719e-01,6.764175450562e-01,7.037996060072e-01
428.00000000,7.776572175106e+14,-3.270991030093e-01,-1.339098356636e+00,-1.756201843585e-01,-7.189646749348e-01,7.687966683201e-01,7.999183288754e-01
428.50000000,3.256934831884e+14,-3.066365947421e-02,-1.255327686092e-01,-1.317858589616e-01,-5.395130269079e-01,-1.066319764798e+00,-1.109485458838e+00
429.00000000,3.866882400826e+14,-3.470834780093e-01,-1.420911615904e+00,-3.794631903108e-01,-1.553469666759e+00,-1.712975115741e+00,-1.782318067250e+00
429.50000000,-4.325895718408e+13,-5.408313130374e-01,-2.214088378240e+00,-5.570139922288e-01,-2.280338022192e+00,-2.423921513310e+00,-2.522044288367e+00
430.00000000,-4.220772477274e+14,-4.110325830853e-01,-1.682710381868e+00,-4.076364604001e-01,-1.668807126662e+00,-1.841173993469e+00,-1.915706564185e+00
430.50000000,-4.146304727903e+14,-2.341064401455e-01,-9.583992936472e-01,-3.782934441138e-02,-1.548680888081e-01,-6.866306010251e-02,-7.144260967297e-02
431.00000000,2.186105513667e+14,6.260839327050e-02,2.563100777986e-01,3.241597635582e-01,1.327065108632e+00,1.914104239005e+00,1.991589099239e+00
431.50000000,3.097637703236e+14,3.716394055886e-01,1.521440177324e+00,4.750993303571e-01,1.944990758663e+00,2.915402695106e+00,3.033421121561e+00
432.00000000,1.571810827972e+14,5.318912657077e-01,2.177489064523e+00,6.945524243552e-01,2.843401285711e+00,3.711624131944e+00,3.861874401103e+00
432.50000000,6.659478466941e+14,3.096317687665e-01,1.267589513096e+00,4.422371651786e-01,1.810457612649e+00,3.567895864335e+00,3.712327869002e+00
433.00000000,3.480706435572e+14,8.206278935185e-02,3.359536768858e-01,1.060170097553e-01,4.340189325886e-01,1.518861121445e+00,1.580346143688e+00
433.50000000,-4.709420618042e+14,1.202553013393e-01,4.923085233763e-01,-3.521628844246e-01,-1.441706001217e+00,-6.162232969577e-01,-6.411686343459e-01
434.00000000,1.681149338209e+14,-5.882232452877e-01,-2.408104375259e+00,-5.068162719081e-01,-2.074835517996e+00,-1.138110542741e+00,-1.184182399508e+00
434.50000000,3.726617473292e+14,-4.689942439649e-01,-1.919997381795e+00,-1.446485201720e-01,-5.921709777559e-01,-1.074775483631e+00,-1.118283473654e+00
435.00000000,-2.245746968945e+14,-2.976456473214e-01,-1.218519994464e+00,-1.972178354415e-01,-8.073824627134e-01,-7.468066922950e-01,-7.770381765557e-01
435.50000000,1.191489190790e+14,2.575711547206e-01,1.054460580387e+00,3.268396474041e-01,1.338036181377e+00,7.005893528853e-01,7.289499128715e-01
436.00000000,5.024031169368e+14,2.992245938740e-01,1.224983982638e+00,1.659495856068e-01,6.793745850296e-01,1.491870701058e+00,1.552263124002e+00
436.50000000,6.244365237733e+14,-1.887302104001e-02,-7.726353030910e-02,1.898872044478e-02,7.773718762383e-02,-8.468855871776e-01,-8.811683655238e-01
437.00000000,-2.614386861748e+14,-2.959206452546e-01,-1.211458075273e+00,-1.882202794312e-03,-7.705477164355e-03,4.044597697586e-01,4.208327070792e-01
437.50000000,5.813218227324e+13,2.251435391865e-02,9.217064203423e-02,-2.639022765790e-01,-1.080379315101e+00,-5.485891978753e-01,-5.707966390676e-01
438.00000000,-1.343017522438e+14,-3.220557984044e-01,-1.318451767128e+00,-4.761543898810e-01,-1.949310026009e+00,-5.321411572007e-01,-5.536827652023e-01
438.50000000,1.631430165438e+14,-1.290447746156e-01,-5.282914078039e-01,-1.769187127976e-01,-7.242806702491e-01,-8.408819883639e-01,-8.749217350060e-01
439.00000000,2.204490833204e+14,2.138952494626e-01,8.756574824344e-01,-9.550200221147e-02,-3.909719502141e-01,6.892432725694e-01,7.171445318397e-01
439.50000000,-1.721515371357e+14,4.144536572007e-01,1.696715784768e+00,6.343779891080e-01,2.597055494452e+00,1.107537491733e+00,1.152371720717e+00
440.00000000,-1.073720564370e+14,7.355977492560e-01,3.011435152562e+00,7.644000366857e-01,3.129347722208e+00,3.010277615017e+00,3.132136673429e+00
440.50000000,5.811035871021e+13,4.946356104291e-01,2.024969579450e+00,6.419391947751e-01,2.628010021658e+00,2.453005430514e+00,2.552305551723e+00
441.00000000,2.159329577228e+13,2.179253782242e-01,8.921562705753e-01,5.653531978547e-01,2.314477573314e+00,2.094575143643e+00,2.179365647184e+00
441.50000000,-5.784758606207e+14,-3.028503082114e-01,-1.239827154222e+00,1.842223475219e-01,7.541807377417e-01,1.203832040292e+00,1.252564369226e+00
442.00000000,-1.232645345188e+14,-3.912816756314e-01,-1.601852906350e+00,-1.543727936921e-01,-6.319808047183e-01,4.575900413876e-01,4.761137454155e-01
442.50000000,-1.450275439349e+14,-2.343293579747e-01,-9.593118883198e-01,5.750454889530e-02,2.354156468677e-01,6.668274565197e-01,6.938213010639e-01
443.00000000,2.645670676563e+14,-2.080418320106e-01,-8.516944032983e-01,-1.843745976201e-01,-7.548040285254e-01,-2.435012226407e-01,-2.533583964659e-01
443.50000000,-1.371621304059e+14,1.863392023965e-01,7.628468479746e-01,1.659002656483e-01,6.791726759603e-01,4.233683355422e-01,4.405067105789e-01
444.00000000,-2.587159389776e+14,2.957526211209e-01,1.210770207776e+00,1.431618611977e-01,5.860848021258e-01,3.083249498801e-02,3.208062532290e-02
444.50000000,8.120600230360e+13,-4.698906469597e-02,-1.923667131317e-01,-4.576956499695e-02,-1.873742505176e-01,1.435632529284e-01,1.493748374604e-01
445.00000000,-7.328544443839e+14,3.109810015966e-01,1.273113085153e+00,4.304636180413e-01,1.762258343748e+00,3.707956869135e-01,3.858058683816e-01
445.50000000,-1.274498573688e+14,7.077309001943e-02,2.897352137844e-01,2.518554630986e-01,1.031061331695e+00,5.881880260649e-01,6.119984675564e-01
446.00000000,1.029078529843e+15,-8.814356243800e-02,-3.608475184519e-01,3.180880779287e-01,1.302208469852e+00,-7.829693894159e-02,-8.146647759423e-02
446.50000000,2.286611480093e+14,-2.899790788277e-01,-1.187134126461e+00,-1.036489984422e-01,-4.243246227334e-01,-1.533421762941e+00,-1.595496214562e+00
447.00000000,2.457103090309e+14,-2.646684757616e-01,-1.083516028277e+00,-1.012831524238e-01,-4.146391772949e-01,-2.036940171338e+00,-2.119397553369e+00
447.50000000,-8.588435046466e+13,-3.264674802104e-01,-1.336512580508e+00,-2.357647375682e-01,-9.651881332775e-01,-2.816415163716e+00,-2.930426475575e+00
448.00000000,-9.298016811425e+13,-1.362566344246e-01,-5.578157615234e-01,-2.460550969845e-01,-1.007315437378e+00,-2.466218450314e+00,-2.566053447822e+00
448.50000000,1.028934024062e+14,-4.520928535260e-02,-1.850805433686e-01,2.154064876819e-02,8.818442820839e-02,-1.055580747251e+00,-1.098311715085e+00
449.00000000,5.484027127807e+14,-2.190470338852e-01,-8.967481732693e-01,-1.538701714410e-01,-6.299231389395e-01,-7.976794226914e-01,-8.299702861250e-01
449.50000000,5.246182231200e+14,-3.357592217985e-01,-1.374551681736e+00,-1.935432697276e-01,-7.923393003704e-01,-9.713545076885e-01,-1.010675912831e+00
450.00000000,3.887083082671e+14,-5.853663607804e-01,-2.396408686357e+00,-2.383031709863e-01,-9.755801275915e-01,-5.022203931052e-01,-5.225507785532e-01
450.50000000,1.801572643265e+14,-3.822211513620e-01,-1.564760376753e+00,2.479708891369e-01,1.015158424716e+00,-6.576638713211e-02,-6.842867647416e-02
451.00000000,-3.232712068099e+14,-7.005909081515e-01,-2.868122000790e+00,1.803394458912e-01,7.382846770530e-01,8.851754169767e-01,9.210082060537e-01
451.50000000,5.687866686131e+14,-1.544966182002e-01,-6.324877250791e-01,1.254545469577e+00,5.135935137638e+00,2.709841985470e+00,2.819539108137e+00
452.00000000,-8.097213459883e+14,5.372171120618e-01,2.199292340763e+00,1.262522143167e+00,5.168590532893e+00,-5.940931144593e-02,-6.181425998542e-02
452.50000000,5.999313400051e+14,-1.777487160012e-01,-7.276785882367e-01,1.259314468626e-01,5.155458758250e-01,-3.015420764096e+00,-3.137488022343e+00
453.00000000,3.940921598364e+14,-3.070138630539e-02,-1.256872170231e-01,5.842205842841e-02,2.391718036309e-01,-1.414209449405e-01,-1.471458066955e-01
453.50000000,4.347233486425e+14,2.499877206308e-01,1.023415053102e+00,1.538328760541e-01,6.297704567986e-01,8.384997261491e-01,8.724430364264e-01
454.00000000,-2.504350301952e+14,3.391853091931e-01,1.388577608306e+00,3.241227213542e-01,1.326913462986e+00,2.203603923818e+00,2.292808021782e+00
454.50000000,7.230908394259e+14,2.224778955853e-01,9.107936451836e-01,3.234372519841e-01,1.324107246465e+00,2.110001172908e+00,2.195416137593e+00
455.00000000,-2.149317850042e+14,-1.699657428075e-01,-6.958161755385e-01,9.019512648810e-02,3.692463371058e-01,2.028643430680e+00,2.110764952324e+00
455.50000000,-7.193601533596e+14,-1.293782087054e-01,-5.296564407177e-01,-2.647895223628e-01,-1.084011576272e+00,-3.693865740741e-01,-3.843397132404e-01
456.00000000,4.305460632913e+14,-4.676847976604e-01,-1.914636690254e+00,-5.450185805225e-01,-2.231230470519e+00,1.033880518353e+00,1.075733039147e+00
456.50000000,-5.628539686577e+14,-5.140483424272e-02,-2.104442611560e-01,7.606688161376e-03,3.114072622832e-02,8.455701988261e-01,8.797997289319e-01
457.00000000,4.771571966825e+14,-1.871486183449e-01,-7.661604845955e-01,-1.474867053158e-01,-6.037901140574e-01,9.394561528604e-01,9.774862805921e-01
457.50000000,2.242599853636e+14,1.197054294808e-02,4.900574242590e-02,1.745879319610e-01,7.147387768006e-01,1.717936471768e+00,1.787480263947e+00
458.00000000,-1.009862723362e+13,8.073339843750e-02,3.305113348789e-01,1.281855417080e-01,5.247738274623e-01,1.281399646577e+00,1.333271990046e+00
458.50000000,-6.369344472701e+14,-2.069474103009e-01,-8.472139926234e-01,-3.341775173611e-02,-1.368076403163e-01,8.743770978009e-01,9.097727600825e-01
459.00000000,4.675764389306e+14,-1.478553034061e-01,-6.052991035117e-01,-1.809313512731e-02,-7.407078555850e-02,4.272482845569e-01,4.445437238228e-01
459.50000000,4.441386114434e+14,1.498359995040e-01,6.134077985991e-01,1.546047350364e-01,6.329303404096e-01,1.929750465030e+00,2.007868700194e+00
460.00000000,1.234096721988e+14,-1.139267319775e-01,-4.664002382289e-01,2.129073247354e-01,8.716130556338e-01,2.133617797206e+00,2.219988786539e+00
460.50000000,1.739241577172e+14,-3.361464533730e-01,-1.376136954090e+00,6.070619471313e-01,2.485227407538e+00,1.692998532573e+00,1.761532811950e+00
461.00000000,-3.454227655188e+14,4.274490947421e-01,1.749917303498e+00,5.377843088624e-01,2.201614365790e+00,-2.513950169478e-01,-2.615717394872e-01
461.50000000,2.860756352449e+14,-1.632390873016e-02,-6.682781809344e-02,3.226678344081e-01,1.320957357633e+00,2.291543588790e-01,2.384307572632e-01
462.00000000,-3.813352714502e+14,2.541036292989e-02,1.040265012282e-01,-1.874819568452e-01,-7.675251261793e-01,2.322808056382e-01,2.416837657244e-01
462.50000000,3.641858391130e+14,9.573330543155e-02,3.919188735136e-01,-2.743821304563e-01,-1.123282383241e+00,5.831669715195e-01,6.067741556848e-01
463.00000000,-4.740188695868e+13,2.137746930804e-01,8.751639413274e-01,-1.680450665509e-02,-6.879531933560e-02,9.260370267030e-01,9.635239347429e-01
463.50000000,2.940096205351e+14,1.729127862517e-01,7.078809626218e-01,-1.331109044312e-01,-5.449375792666e-01,4.986538008433e-01,5.188398070578e-01
464.00000000,3.936768898197e+13,4.855520678323e-02,1.987782816014e-01,-1.729673523272e-01,-7.081043485664e-01,8.319969876405e-01,8.656770605380e-01
464.50000000,3.086572223362e+14,-2.119821712756e-01,-8.678256056950e-01,-1.480919389674e-01,-6.062678566767e-01,6.872698851893e-01,7.150912597583e-01
465.00000000,4.403340643828e+13,4.737233124587e-02,1.939357532251e-01,5.997708953373e-02,2.455378852817e-01,1.563814286489e+00,1.627119057960e+00
465.50000000,5.374512013011e+14,2.005238527974e-01,8.209168391993e-01,4.647553035998e-01,1.902643747912e+00,2.042955815714e+00,2.125656717065e+00
466.00000000,2.633878732956e+14,2.925576467968e-01,1.197690426060e+00,5.150353471463e-01,2.108483271975e+00,2.337203677384e+00,2.431816027429e+00
466.50000000,4.182067843997e+14,1.254438802729e-01,5.135498458360e-01,6.703965806103e-01,2.744510612015e+00,9.621051261942e-01,1.001052107093e+00
467.00000000,5.139018932071e+14,-1.539956132192e-01,-6.304366801800e-01,1.675828528026e-01,6.860609543828e-01,5.526316550926e-02,5.750027390093e-02
467.50000000,6.175849058569e+14,-2.758771494709e-02,-1.129402783717e-01,2.173923611111e-01,8.899741724478e-01,3.080026455026e-02,3.204709016469e-02
468.00000000,-8.090605416474e+13,-2.968998015873e-01,-1.215466605483e+00,-5.477744708995e-02,-2.242512703460e-01,-1.838207671958e-01,-1.912620163003e-01
468.50000000,1.014690267088e+15,-4.739841269841e-01,-1.940425270741e+00,-3.785138888889e-01,-1.549583358413e+00,-4.525502645503e-01,-4.708699533547e-01
469.00000000,-3.663901211183e+14,-4.955767195767e-01,-2.028822349762e+00,-2.761097883598e-01,-1.130355175059e+00,-1.414391534392e-01,-1.471647522925e-01
469.50000000,1.010394029235e+12,-5.242857142857e-01,-2.146352991949e+00,-1.416838624339e-01,-5.800340801963e-01,-7.931640211640e-01,-8.252720966130e-01
470.00000000,-8.138513292424e+13,1.702433862434e-01,6.969528092536e-01,-7.231653439153e-01,-2.960538609565e+00,-7.938571428571e-01,-8.259932765677e-01
470.50000000,7.633716641721e+14,-1.986693121693e-01,-8.133246071065e-01,-3.192824074074e-01,-1.307097889076e+00,5.676719576720e-02,5.906518881288e-02
471.00000000,-9.638912805774e+13,1.775826719577e-02,7.269988269543e-02,-5.449416335979e-01,-2.230915460483e+00,4.118558201058e-01,4.285281569658e-01
471.50000000,2.712826936683e+14,-1.812408234127e-01,-7.419747915983e-01,-7.607573991402e-01,-3.114435269357e+00,-3.734639550265e-02,-3.885821506651e-02
472.00000000,-6.240257515516e+14,-1.128650196217e-01,-4.620537351115e-01,-7.833889654250e-01,-3.207085762561e+00,-8.225931506283e-01,-8.558925467676e-01
472.50000000,1.666112046049e+14,-3.497439959491e-01,-1.431803407316e+00,-9.217395574983e-01,-3.773473896250e+00,-9.502000919726e-01,-9.886651451401e-01
473.00000000,3.081917772950e+14,-1.447636977100e-01,-5.926424986206e-01,-9.002557663690e-01,-3.685522235329e+00,-8.233719928075e-01,-8.567029172597e-01
473.50000000,3.245447272978e+14,6.729874545304e-03,2.755117290471e-02,-6.436776930390e-01,-2.635127192407e+00,6.799876818783e-01,7.075142655502e-01
474.00000000,-6.923898429262e+13,-2.617825934193e-01,-1.071701626261e+00,-5.984652312748e-01,-2.450033645250e+00,3.172146370701e-01,3.300558038765e-01
474.50000000,-5.655496523046e+14,-8.878561094577e-02,-3.634759759858e-01,-5.169955977183e-02,-2.116508265915e-01,5.934248770255e-01,6.174473114985e-01
475.00000000,-3.906890264603e+14,-1.268445043816e-01,-5.192838066600e-01,-2.464566798942e-02,-1.008959462108e-01,1.342870473710e-01,1.397231217942e-01
475.50000000,7.112340789011e+14,-1.028476924190e-01,-4.210441870217e-01,1.901683407738e-01,7.785228093614e-01,-2.191732855903e-01,-2.280456401126e-01
476.00000000,-1.696867356093e+13,-2.326318927745e-01,-9.523627012409e-01,2.785656906209e-01,1.140409298264e+00,-7.778101748512e-01,-8.092967111951e-01
476.50000000,6.649032296340e+13,-3.152593290137e-01,-1.290627964163e+00,-1.895793469949e-01,-7.761115505283e-01,-1.409630453766e+00,-1.466693708978e+00
477.00000000,1.644429697911e+14,-3.696844178861e-01,-1.513436728841e+00,-9.684032944775e-03,-3.964508762835e-02,-5.926358326100e-01,-6.166263257734e-01
477.50000000,4.840470147443e+14,-3.733525300203e-01,-1.528453471124e+00,-1.343476162058e-01,-5.500005057305e-01,8.823093894676e-02,9.180261588752e-02
478.00000000,7.576159303664e+14,-2.869078362682e-01,-1.174560885426e+00,-5.145921947338e-02,-2.106669067467e-01,2.153387470548e-01,2.240558756096e-01
478.50000000,-3.712622565977e+14,-1.853074350508e-01,-7.586229355755e-01,-1.268651994978e-01,-5.193685295949e-01,-4.292679708168e-01,-4.466451690091e-01
479.00000000,-2.940063235188e+14,-9.431434203456e-02,-3.861098341871e-01,-2.053278982980e-01,-8.405839351218e-01,-2.477662618324e-01,-2.577960887236e-01
479.50000000,8.694876983556e+13,-1.382544474930e-01,-5.659945311137e-01,-1.471529999587e-01,-6.024239706127e-01,-8.058862550120e-01,-8.385093392528e-01
480.00000000,2.150636662579e+14,-1.904654773531e-01,-7.797392453018e-01,-1.960149523215e-01,-8.024580260692e-01,-1.325195011522e+00,-1.378840235309e+00
480.50000000,8.127695280614e+13,-2.819919982587e-01,-1.154436126479e+00,-8.855790815404e-02,-3.625437923406e-01,-2.222742958674e-02,-2.312721823974e-02
481.00000000,-3.254414118494e+14,-5.476008242653e-02,-2.241801818225e-01,2.905921249793e-03,1.189643852371e-02,-9.110722488323e-01,-9.479533676480e-01
481.50000000,2.242611003674e+14,1.806236653000e-01,7.394482318893e-01,-1.825330377811e-01,-7.472649379827e-01,4.153956734794e-01,4.322113071558e-01
482.00000000,-3.724096984572e+14,-1.419233824715e-02,-5.810146420071e-02,-3.576327411308e-01,-1.464098835862e+00,1.099220849093e-02,1.143718412038e-02
482.50000000,-5.176853822586e+13,-4.788427153088e-02,-1.960315657420e-01,-4.528271064556e-01,-1.853811363334e+00,9.947988704298e-01,1.035069326900e+00
483.00000000,5.815624714794e+13,6.981663715019e-02,2.858196284049e-01,-3.044499040230e-01,-1.246375677599e+00,1.994857427365e+00,2.075611257693e+00
483.50000000,2.245852184392e+14,1.994233182069e-01,8.164114032383e-01,2.019339621408e-01,8.266896312584e-01,2.734497416501e+00,2.845192615755e+00
484.00000000,3.749166550578e+14,-1.400477464161e-01,-5.733360481611e-01,3.533943410601e-01,1.446747413870e+00,3.749505633480e+00,3.901289383832e+00
484.50000000,-4.108870516713e+13,2.983942328559e-01,1.221584599807e+00,5.220836294669e-01,2.137337962146e+00,2.979492359303e+00,3.100105199673e+00
485.00000000,-2.212204827595e+14,-1.525018394511e-01,-6.243213775706e-01,3.527122240823e-01,1.443954921578e+00,2.214685970569e+00,2.304338680905e+00
485.50000000,-2.348587440096e+13,-1.144627976190e-01,-4.685948166090e-01,6.639413855820e-01,2.718083938953e+00,1.109008597884e+00,1.153902378721e+00
486.00000000,3.082106409216e+14,-8.350429894180e-02,-3.418550171989e-01,5.688809523810e-01,2.328919711019e+00,5.044378306878e-01,5.248579802343e-01
486.50000000,6.485949448469e+14,-4.503776455026e-01,-1.843783609951e+00,2.941719576720e-01,1.204299190865e+00,3.196455026455e-01,3.325850733295e-01
487.00000000,-1.616984404095e+14,-6.834100529101e-01,-2.797785962545e+00,-7.851825396825e-01,-3.214428406789e+00,-1.105291005291e+00,-1.150034294250e+00
487.50000000,-1.706775511113e+14,-1.658661375661e+00,-6.790329603260e+00,-1.309436507937e+00,-5.360651434887e+00,-8.148328042328e+00,-8.478180537631e+00
488.00000000,-3.601018147701e+14,-1.514206349206e+00,-6.198950761942e+00,-8.153042328042e-01,-3.337742440325e+00,-5.474994708995e+00,-5.696627988504e+00
488.50000000,4.274858149325e+14,-1.529829365079e+00,-6.262909221897e+00,-1.020018518519e+00,-4.175814330642e+00,-3.497047619048e+00,-3.638611615655e+00
489.00000000,9.375941264909e+13,-6.050562169312e-01,-2.477016226309e+00,-8.675628306878e-01,-3.551681891404e+00,-2.026609788360e+00,-2.108648986122e+00
489.50000000,-6.575520649518e+14,-1.222250330688e-01,-5.003723318603e-01,-1.495469576720e-01,-6.122245014311e-01,1.465476190476e-02,1.524800137147e-02
490.00000000,-1.312083070636e+14,1.077313988095e-01,4.410374035781e-01,-2.208453207672e-01,-9.041101103285e-01,2.200562169312e-02,2.289643134002e-02
490.50000000,-3.878069692885e+14,5.838144066220e-02,2.390055201300e-01,-1.957029596561e-01,-8.011807713726e-01,2.752612330522e-01,2.864040839673e-01
491.00000000,2.356431540526e+14,-6.875983796296e-02,-2.814932391183e-01,-1.148177135003e-01,-4.700477929975e-01,-7.286438039951e-01,-7.581400363126e-01
491.50000000,3.347874163252e+14,7.675272817460e-02,3.142150229712e-01,-1.008910280258e-01,-4.130338743999e-01,-3.134706204530e-01,-3.261602257099e-01
492.00000000,-2.495188552946e+14,-2.263289000496e-01,-9.265591232974e-01,1.611074115410e-01,6.595513960499e-01,1.158418278770e-01,1.205312213068e-01
492.50000000,5.410993136032e+14,-1.616553922784e-01,-6.617947531799e-01,-2.226882957176e-01,-9.116549941411e-01,-4.129712301587e-02,-4.296887199369e-02
493.00000000,4.851024523554e+14,-2.078793919478e-01,-8.510293962127e-01,-9.898641079696e-02,-4.052366356496e-01,1.086631066055e+00,1.130618981950e+00
493.50000000,4.096652793573e+14,2.718645006614e-01,1.112975556075e+00,1.720922825728e-01,7.045219343703e-01,1.822468140294e+00,1.896243479304e+00
494.00000000,1.947443704907e+14,-3.182491112765e-02,-1.302867718042e-01,3.882513279183e-01,1.589447083144e+00,2.498837880291e+00,2.599993345055e+00
494.50000000,6.810744536984e+14,-4.293142102761e-02,-1.757552827789e-01,4.404890950521e-01,1.803301256022e+00,3.284618882275e-01,3.417583550464e-01
495.00000000,-4.111688691396e+14,1.700466269841e-01,6.961473041382e-01,5.161919642857e-01,2.113218302112e+00,1.369722883598e+00,1.425170640326e+00
495.50000000,2.961551733295e+14,1.600694444444e-01,6.553021027303e-01,3.974199735450e-01,1.626982246580e+00,6.181031746032e-01,6.431246113248e-01
496.00000000,9.334969243079e+14,1.620132275132e-01,6.632596809967e-01,5.229100529101e-01,2.140721225091e+00,-2.653915343915e-01,-2.761348500014e-01
496.50000000,1.627315656775e+14,-6.043928571429e-01,-2.474300523348e+00,-1.769219576720e-01,-7.242939543145e-01,-1.061164021164e+00,-1.104121005528e+00
497.00000000,5.221639797429e+14,-7.374365079365e-01,-3.018962775551e+00,-8.260555555556e-01,-3.381756864381e+00,-2.831894179894e+00,-2.946532097860e+00
497.50000000,1.142951098231e+15,-1.121804232804e+00,-4.592510926491e+00,-1.232613095238e+00,-5.046147039280e+00,-2.568341269841e+00,-2.672310301555e+00
498.00000000,-1.748655312246e+14,-1.015542658730e+00,-4.157490781504e+00,-9.786173941799e-01,-4.006323870244e+00,-2.112067460317e+00,-2.197566070390e+00
498.50000000,-3.826117857766e+14,-6.060462962963e-01,-2.481069473898e+00,-3.639854497354e-01,-1.490105943722e+00,-7.982010582011e-01,-8.305130379635e-01
499.00000000,5.064465536136e+13,-5.442926793981e-01,-2.228258732004e+00,-5.961012938161e-01,-2.440356013190e+00,-1.213008763228e+00,-1.262112575113e+00
499.50000000,5.615234404543e+14,-1.056259145585e-01,-4.324178431009e-01,-1.653291635665e-01,-6.768346632536e-01,-6.652724583540e-01,-6.922033550122e-01
500.00000000,2.809293391809e+14,-4.026765891617e-01,-1.648502101783e+00,-2.785555067791e-01,-1.140367607028e+00,-1.027947543816e+00,-1.069559891847e+00
500.50000000,6.162099029338e+14,-2.443374768519e-01,-1.000283738802e+00,-3.305505439815e-01,-1.353228077236e+00,-1.815138425926e+00,-1.888617050744e+00
501.00000000,-5.442252981557e+14,-1.683884157986e-01,-6.893588175509e-01,-3.315194762731e-01,-1.357194751639e+00,-1.146262281539e+00,-1.192664128872e+00
501.50000000,5.974218676643e+14,-1.265727235243e-01,-5.181711735282e-01,-1.803363729745e-01,-7.382720969584e-01,1.012383420139e-01,1.053365716826e-01
502.00000000,6.215791827077e+14,-9.194073206019e-02,-3.763926041895e-01,1.641648683449e-01,6.720682001130e-01,1.129485104167e+00,1.175207794525e+00
502.50000000,1.067830990024e+15,9.735292462384e-02,3.985493698336e-01,3.380277886285e-01,1.383838879671e+00,1.279942571615e+00,1.331755931226e+00
503.00000000,2.993925995998e+14,2.423433854167e-01,9.921202050616e-01,2.347063136574e-01,9.608550925980e-01,1.154034327980e+00,1.200750795552e+00
503.50000000,5.324850553001e+13,1.925391174769e-01,7.882284403393e-01,2.796303291377e-01,1.144767780679e+00,-1.505141905382e-01,-1.566071559993e-01
504.00000000,3.091497559273e+14,1.610734335214e-01,6.594122947507e-01,2.132996878617e-01,8.732193358489e-01,3.617757848669e-01,3.764208316494e-01
504.50000000,5.503619680364e+14,2.415007009549e-01,9.886703717616e-01,2.163974182581e-01,8.859010144135e-01,1.595328516710e+00,1.659909015842e+00
505.00000000,2.433740781332e+14,-3.360336132812e-01,-1.375675002406e+00,-3.056556452546e-01,-1.251311814956e+00,6.609538219763e-01,6.877098959005e-01
505.50000000,8.028831935529e+13,-5.398780703848e-01,-2.210185935042e+00,-2.715446813513e-01,-1.111666260180e+00,-1.164079084563e+00,-1.211202173960e+00
506.00000000,2.437347170482e+14,-2.575366666667e-01,-1.054319391078e+00,8.335878616898e-02,3.412593080907e-01,-1.214105458984e+00,-1.263253666215e+00
506.50000000,-2.823397362839e+14,-4.257701909722e-01,-1.743044104341e+00,-4.695897124566e-01,-1.922435147203e+00,-1.105491673177e+00,-1.150243085374e+00
507.00000000,-1.898815346233e+13,-1.081501139323e-01,-4.427515652118e-01,-2.670190512876e-01,-1.093138958438e+00,-9.473490067998e-01,-9.856986451787e-01
507.50000000,2.990741948957e+14,-2.108386067708e-02,-8.631440112333e-02,-3.724350499132e-01,-1.524697434827e+00,-3.757961588542e-02,-3.910087644439e-02
508.00000000,6.429802803785e+14,9.561302300347e-02,3.914264539371e-01,-3.728515509259e-01,-1.526402532201e+00,-2.945172989005e-01,-3.064396546829e-01
508.50000000,-3.083927096397e+14,1.954249146412e-01,8.000424936486e-01,-2.084929665799e-01,-8.535412856492e-01,2.178828993056e-02,2.267030176963e-02
509.00000000,1.021042104131e+15,7.164782407407e-02,2.933162536719e-01,6.670831886574e-03,2.730946044952e-02,-1.392850516493e+00,-1.449234503007e+00
509.50000000,5.598329611615e+14,1.879520833333e-01,7.694497588116e-01,-2.259889814815e-01,-9.251675438287e-01,-1.960809994213e+00,-2.040185550284e+00
510.00000000,5.748636236518e+14,-2.568323958333e-01,-1.051436203974e+00,-1.846703472222e-01,-7.560147863739e-01,-2.087695578704e+00,-2.172207590554e+00
510.50000000,2.090243331988e+14,-4.084687152778e-01,-1.672214262691e+00,-2.876824305556e-01,-1.177731966997e+00,-1.957055196759e+00,-2.036278754862e+00
511.00000000,-2.816967925617e+14,-4.706052430556e-01,-1.926592588614e+00,1.336642708333e-01,5.472029845609e-01,-8.661056828704e-01,-9.011665099759e-01
511.50000000,5.967141958474e+13,-1.400976967593e-01,-5.735405379375e-01,4.327041319444e-01,1.771430696892e+00,1.353408854167e+00,1.408196202613e+00
512.00000000,1.263303771385e+14,4.423363425926e-02,1.810863631226e-01,4.128234490741e-01,1.690041938819e+00,1.602480162037e+00,1.667350166948e+00
512.50000000,3.565453026534e+14,-1.326670254630e-01,-5.431204003399e-01,1.372691435185e-01,5.619608333113e-01,8.844408217593e-01,9.202438736848e-01
513.00000000,8.500125241937e+14,2.818548958333e-01,1.153874848166e+00,8.104827546296e-02,3.318003977454e-01,6.009920370370e-01,6.253207977404e-01
513.50000000,6.540247974083e+13,4.926960879630e-01,2.017029443500e+00,3.619174537037e-01,1.481639854814e+00,1.218363055556e+00,1.267683614568e+00
514.00000000,-2.099978650599e+14,7.559340856481e-01,3.094689292950e+00,6.081425115741e-01,2.489651088484e+00,2.265009375000e+00,2.356699227243e+00
514.50000000,5.026713406564e+14,6.793788773148e-01,2.781282888812e+00,6.835141319444e-01,2.798212047675e+00,2.124657106481e+00,2.210665358063e+00
515.00000000,6.259263935166e+14,4.072735995370e-01,1.667321624620e+00,6.493326620370e-01,2.658277851099e+00,1.945676550926e+00,2.024439490027e+00
515.50000000,2.832309045923e+14,7.360844907407e-03,3.013427804686e-02,3.694671990741e-01,1.512547465154e+00,8.369454050926e-01,8.708257948938e-01
516.00000000,-5.409496926185e+14,-3.702958680556e-01,-1.515939921022e+00,3.160364930556e-01,1.293809565952e+00,1.619152199074e-01,1.684697104773e-01
516.50000000,2.484420853833e+14,-2.437525925926e-01,-9.978893037723e-01,-2.024209490741e-02,-8.286832882146e-02,2.874355902778e-01,2.990712713892e-01
517.00000000,5.458189446455e+14,-2.717483564815e-01,-1.112500077912e+00,-1.057482291667e-01,-4.329185821406e-01,-8.842219907407e-01,-9.200161841670e-01
517.50000000,7.224476158418e+14,-1.061943634259e-01,-4.347449939159e-01,4.138344907407e-03,1.694181003164e-02,3.889391782407e-01,4.046838264431e-01
518.00000000,4.971818984438e+14,9.607891203704e-02,3.933337390183e-01,9.584413773148e-02,3.923726055763e-01,-4.099447800926e-01,-4.265397561353e-01
518.50000000,7.315269389591e+14,2.226464293981e-01,9.114835992365e-01,4.317394733796e-01,1.767481518533e+00,-6.399204803241e-01,-6.658251034730e-01
519.00000000,5.982772528086e+14,3.158874016204e-01,1.293199206296e+00,3.225420428241e-01,1.320442384336e+00,1.130707638889e-01,1.176479818679e-01
519.50000000,2.702496940816e+14,-6.224751736111e-02,-2.548327018817e-01,5.190733217593e-02,2.125014179943e-01,-1.166313923611e+00,-1.213527481535e+00
520.00000000,-3.441794022762e+14,-1.948400954861e-01,-7.976483251464e-01,-5.620726273148e-03,-2.301047372563e-02,-2.401409085648e-01,-2.498620535044e-01
520.50000000,-7.914108331515e+13,-1.375171325231e-01,-5.629760658983e-01,-9.379233796296e-02,-3.839728219239e-01,8.252238715278e-02,8.586297618888e-02
521.00000000,-1.641667559178e+14,-1.183309519676e-01,-4.844305039701e-01,-1.133901851852e-01,-4.642036900842e-01,-3.248971585648e-01,-3.380493215500e-01
521.50000000,4.285226277490e+14,-1.096958304398e-01,-4.490795141912e-01,-1.475050882523e-01,-6.038653712496e-01,-2.661030931713e-01,-2.768752133946e-01
522.00000000,2.106429578322e+14,3.901659635417e-01,1.597285335812e+00,6.791753327546e-02,2.780449605616e-01,9.678378877315e-01,1.007016936569e+00
522.50000000,7.439107687522e+14,1.555107617188e-01,6.366394879746e-01,-1.569910655382e-01,-6.426996464822e-01,5.951816478588e-01,6.192751981780e-01
523.00000000,9.449814863162e+14,1.865352372685e-01,7.636493875493e-01,3.924345023148e-01,1.606572418886e+00,7.166480454282e-01,7.456586774022e-01
523.50000000,3.814679882591e+14,1.831330107060e-01,7.497211439166e-01,-3.656518865741e-01,-1.496928104992e+00,-1.466015603299e+00,-1.525361385941e+00
524.00000000,-1.086986796328e+14,-3.099175918692e-01,-1.268759633232e+00,-5.001710007957e-01,-2.047630699811e+00,-2.017880813079e+00,-2.099566653163e+00
524.50000000,6.223376320397e+14,-7.851459418403e-04,-3.214278580299e-03,-3.618101396123e-01,-1.481200525809e+00,1.148889461806e+00,1.195397660032e+00
525.00000000,1.011119879438e+14,-3.799554958767e-01,-1.555485097460e+00,-3.794113310185e-01,-1.553257362010e+00,-4.018180777995e-01,-4.180840767789e-01
525.50000000,7.243076369004e+14,-5.459093132415e-01,-2.234877006719e+00,-3.632611334455e-01,-1.487140693298e+00,1.443096647135e-01,1.501514647435e-01
526.00000000,7.291725730080e+14,-8.178286679868e-01,-3.348077127805e+00,-6.272863415075e-01,-2.568023272840e+00,-2.153129908583e+00,-2.240290767764e+00
526.50000000,1.575556683045e+14,-5.813310390444e-01,-2.379888638899e+00,-4.063373681641e-01,-1.663488823242e+00,-2.032206731047e+00,-2.114472498666e+00
527.00000000,1.295920683215e+15,-6.415051224320e-01,-2.626232989694e+00,-4.688457940900e-01,-1.919389648598e+00,-2.608538258011e+00,-2.714134504141e+00
527.50000000,9.185429606873e+14,-3.433467608869e-01,-1.405614014315e+00,-2.370181372975e-01,-9.703193779132e-01,-1.011057543132e+00,-1.051986166987e+00
528.00000000,9.650226425346e+13,-2.626750610352e-01,-1.075355264889e+00,1.064874747721e-01,4.359449511105e-01,-1.083107484719e+00,-1.126952762506e+00
528.50000000,7.756131618329e+14,2.356720853226e-01,9.648088278357e-01,4.940888422309e-01,2.022731186288e+00,3.364115393519e-01,3.500298160250e-01
529.00000000,-4.084233417053e+14,2.028848088469e-01,8.305822657839e-01,3.346269050203e-01,1.369916133907e+00,-2.944508407480e-01,-3.063705062377e-01
529.50000000,1.124864365613e+15,3.006424461082e-01,1.230788473019e+00,6.832348564091e-01,2.797068732371e+00,-7.927196021412e-01,-8.248096870622e-01
530.00000000,9.333195988281e+14,3.339368641493e-01,1.367091202295e+00,1.761881937211e-01,7.212900264781e-01,3.711942165799e-01,3.862205309287e-01
530.50000000,-2.067708832449e+14,5.434090878183e-01,2.224641430637e+00,1.050150122975e-01,4.299168939807e-01,9.889313035301e-01,1.028964235005e+00
531.00000000,-5.270622014171e+14,4.293664590567e-01,1.757766727049e+00,9.038769386574e-02,3.700346812394e-01,9.132180121528e-02,9.501859936209e-02
531.50000000,3.737342770802e+14,6.133384765625e-01,2.510922648428e+00,2.247401302083e-01,9.200549199415e-01,1.202211708623e+00,1.250878444904e+00
532.00000000,5.180805678143e+13,3.636870471644e-01,1.488884324986e+00,-1.012972728588e-01,-4.146969843970e-01,8.497020283565e-01,8.840988190676e-01
532.50000000,-3.360851044967e+13,3.764179542824e-02,1.541002892856e-01,-5.909398437500e-01,-2.419225752551e+00,-4.406087326389e-01,-4.584450162493e-01
533.00000000,8.312651244448e+14,-1.579549074074e-01,-6.466454814027e-01,-2.915916174769e-01,-1.193735636019e+00,-1.464687850116e+00,-1.523979883977e+00
533.50000000,-1.683131161202e+14,-5.406841319444e-01,-2.213485839261e+00,-4.172647511574e-01,-1.708224013507e+00,-1.957834505208e+00,-2.037089610499e+00
534.00000000,2.488803553352e+14,-1.883753472222e-01,-7.711825424628e-01,-1.380683159722e-02,-5.652325344856e-02,-4.710539525463e-01,-4.901226892077e-01
534.50000000,1.366412851833e+14,1.552805555556e-02,6.356970558738e-02,1.243100347222e-01,5.089080394242e-01,1.083225648148e+00,1.127075709309e+00
535.00000000,4.834062839545e+14,-7.896791666667e-02,-3.232836973946e-01,-1.380769328704e-01,-5.652678108714e-01,1.511281134259e-01,1.572459311015e-01
535.50000000,7.399941146037e+14,1.932828472222e-01,7.912731667560e-01,1.177563541667e-01,4.820781802742e-01,2.011093327546e+00,2.092504403405e+00
536.00000000,5.315049097393e+14,1.216149479167e-01,4.978747278709e-01,-2.436661342593e-01,-9.975353553481e-01,1.107214386574e+00,1.152035535937e+00
536.50000000,1.117667602540e+15,3.854929108796e-01,1.578154506401e+00,6.432594907407e-02,2.633415130206e-01,9.534477314815e-01,9.920442523551e-01
537.00000000,3.563109109129e+14,4.818950000000e-01,1.972811287571e+00,8.141975694444e-02,3.333211914033e-01,2.047998819444e+00,2.130903866647e+00
537.50000000,6.753018644299e+14,3.069134837963e-01,1.256461231474e+00,1.039791898148e-01,4.256763804131e-01,1.008292685185e+00,1.049109384817e+00
538.00000000,4.774683304650e+14,9.027725694444e-02,3.695825678020e-01,7.522622685185e-02,3.079657382930e-01,5.890785532407e-01,6.129250441659e-01
538.50000000,1.008275515090e+15,1.732763888889e-02,7.093695013842e-02,2.684963773148e-01,1.099186926278e+00,-2.908477083333e-01,-3.026215154075e-01
539.00000000,5.064752665031e+14,-2.734468865741e-01,-1.119453624513e+00,1.631551157407e-01,6.679344130117e-01,-4.940057638889e-01,-5.140036129036e-01
539.50000000,2.135505528418e+14,-1.407977199074e-01,-5.764063356075e-01,3.267033101852e-01,1.337478035714e+00,6.329133564815e-01,6.585343242263e-01
540.00000000,3.491425702812e+14,1.776664583333e-01,7.273418367544e-01,2.792556828704e-01,1.143234030826e+00,1.052293113426e+00,1.094890994544e+00
540.50000000,-1.800108415410e+14,3.028829282407e-01,1.239960696098e+00,3.379534953704e-01,1.383534733377e+00,1.087650208333e+00,1.131679380131e+00
541.00000000,-1.097935604760e+14,4.667543287037e-01,1.910827479408e+00,5.255013310185e-01,2.151329558238e+00,1.697649432870e+00,1.766371985359e+00
541.50000000,8.969357368980e+14,6.961414930556e-01,2.849906712555e+00,3.751526273148e-01,1.535822819761e+00,3.219770439815e+00,3.350109977983e+00
542.00000000,2.448270468023e+14,7.069016782407e-01,2.893957418185e+00,7.442490509259e-01,3.046852381599e+00,2.699786284722e+00,2.809076342532e+00
542.50000000,8.306523059648e+14,6.444144328704e-01,2.638143303085e+00,6.476060069444e-01,2.651209164650e+00,3.369510127315e+00,3.505911278284e+00
543.00000000,3.555913904071e+14,5.223479282407e-01,2.138419964666e+00,4.104170370370e-01,1.680190421727e+00,3.550868819444e+00,3.694611552249e+00
543.50000000,1.050767126192e+14,3.782577951389e-01,1.548534946123e+00,3.000185706019e-01,1.228234413232e+00,2.389200497685e+00,2.485917731190e+00
544.00000000,8.735732926847e+14,-4.729804398148e-02,-1.936316314689e-01,8.005529513889e-02,3.277352740324e-01,1.124805891204e+00,1.170339162326e+00
544.50000000,4.645541261847e+14,3.640242824074e-01,1.490264919294e+00,4.083462152778e-01,1.671712764683e+00,1.867827309028e+00,1.943438832702e+00
545.00000000,6.915405390495e+14,-1.320647743056e-01,-5.406548676382e-01,-8.159793981481e-02,-3.340506473593e-01,3.907794733796e-01,4.065986185758e-01
545.50000000,3.810136512536e+14,-3.045424710648e-01,-1.246754634228e+00,-2.384008738426e-01,-9.759801095331e-01,1.711331325231e+00,1.780607734451e+00
546.00000000,3.180384156926e+13,3.102250868056e-02,1.270018474850e-01,-2.227082175926e-02,-9.117365515340e-02,2.615838755787e+00,2.721730533392e+00
546.50000000,4.177135276546e+14,-5.599199074074e-02,-2.292234435861e-01,1.201811805556e-01,4.920050831688e-01,2.267386739005e+00,2.359172829328e+00
547.00000000,6.793340910965e+14,2.237280844907e-01,9.159117451519e-01,-1.354207175926e-03,-5.543936339610e-03,1.214867838542e+00,1.264046907662e+00
547.50000000,4.819580245238e+14,3.177512630208e-01,1.300829596338e+00,-6.829400896991e-02,-2.795861998346e-01,1.384118012153e+00,1.440148498129e+00
548.00000000,1.031985377702e+15,1.770851215278e-01,7.249619245082e-01,-2.551236545139e-01,-1.044440854027e+00,7.936425506366e-01,8.257699974387e-01
548.50000000,-4.290141856901e+13,1.750653443287e-01,7.166932368134e-01,-8.518034432870e-02,-3.487165145329e-01,7.021922497106e-01,7.306176965688e-01
549.00000000,2.895174599112e+14,7.243158130787e-02,2.965248470741e-01,-1.972630403646e-01,-8.075675253983e-01,-1.290478977141e+00,-1.342718861021e+00
549.50000000,1.128641180548e+15,-9.007672309028e-02,-3.687616100186e-01,-1.297586877894e-01,-5.312140693123e-01,-1.109084011863e+00,-1.153980845535e+00
550.00000000,9.121285233700e+14,-2.051568786169e-01,-8.398838042691e-01,-2.586645319734e-01,-1.058936715200e+00,-2.213091451823e+00,-2.302679614441e+00
550.50000000,-1.313982351800e+14,-9.415053385417e-02,-3.854392262180e-01,-2.038659859664e-01,-8.345990688145e-01,-1.672333285590e+00,-1.740031015034e+00
551.00000000,1.124311955447e+15,-2.922003501157e-01,-1.196227703007e+00,-4.741643399161e-01,-1.941163037488e+00,-1.836525016999e+00,-1.910869392483e+00
551.50000000,4.198894650006e+13,-7.978753700087e-01,-3.266391093554e+00,-6.389955315032e-01,-2.615959072530e+00,-3.174580996636e+00,-3.303091220801e+00
552.00000000,8.696228492442e+14,-4.183600525354e-01,-1.712708025422e+00,-3.645449093063e-01,-1.492396293603e+00,-1.424666277850e+00,-1.482338198308e+00
552.50000000,1.627848026226e+14,1.392449435764e-02,5.700494846900e-02,2.491413291196e-01,1.019950043656e+00,-2.056419547526e-01,-2.139665474251e-01
553.00000000,5.617245032532e+14,4.327877484809e-01,1.771773011394e+00,6.622784436487e-01,2.711276085341e+00,1.221448949653e+00,1.270894428754e+00
553.50000000,3.895432208308e+14,1.744766402814e+00,7.142831641013e+00,1.842704765444e+00,7.543777712840e+00,9.308542243562e-01,9.685361373907e-01
554.00000000,9.913114211325e+14,5.198167454608e+00,2.128057653459e+01,4.873134430158e+00,1.994993641699e+01,5.041145964988e+00,5.245216612010e+00
554.50000000,5.351196489415e+14,1.559656431840e+01,6.385017095977e+01,1.565449987449e+01,6.408735109034e+01,1.827977482277e+01,1.901975844979e+01
555.00000000,1.393698363030e+14,4.723039409650e+01,1.933546822233e+02,4.712341445819e+01,1.929167224229e+02,5.767822937174e+01,6.001310197188e+01
555.50000000,8.679812587470e+14,1.388236726447e+02,5.683248599290e+02,1.386321773098e+02,5.675409045896e+02,1.699268291833e+02,1.768056377357e+02
556.00000000,3.368380409662e+14,3.992049004669e+02,1.634289489816e+03,3.989856082060e+02,1.633391737717e+03,4.835558576584e+02,5.031306839834e+02
556.50000000,7.429373583861e+14,1.123375341573e+03,4.598942827867e+03,1.123091303444e+03,4.597780015164e+03,1.356409296335e+03,1.411318105691e+03
557.00000000,3.556403461572e+14,3.095043645020e+03,1.267067937709e+04,3.095172686565e+03,1.267120765527e+04,3.740340407213e+03,3.891753140008e+03
557.50000000,3.561492058592e+14,8.348623657487e+03,3.417810723741e+04,8.348893922930e+03,3.417921366665e+04,1.009453165426e+04,1.050316842462e+04
558.00000000,7.765523578170e+14,2.203940911866e+04,9.022628390147e+04,2.203960148446e+04,9.022707142036e+04,2.665175865148e+04,2.773064858445e+04
558.50000000,-1.451440827050e+14,5.695154242502e+04,2.331517150845e+05,5.695171485357e+04,2.331524209831e+05,6.887246085974e+04,7.166048718296e+04
559.00000000,1.609433567401e+14,1.440395672175e+05,5.896780088265e+05,1.440397860627e+05,5.896789047485e+05,1.741889386365e+05,1.812402816562e+05
559.50000000,5.286943689088e+14,3.566138689045e+05,1.459927714293e+06,3.566148946193e+05,1.459931913427e+06,4.312544050773e+05,4.487120161217e+05
560.00000000,2.942785953011e+14,8.641359208938e+05,3.537652598045e+06,8.641370106740e+05,3.537657059454e+06,1.045007215002e+06,1.087310155641e+06
560.50000000,6.965183631254e+14,2.049786980431e+06,8.391543577149e+06,2.049786847952e+06,8.391543034799e+06,2.478825526203e+06,2.579170870793e+06
561.00000000,-1.925703644051e+14,4.758813850356e+06,1.948192382040e+07,4.758814050098e+06,1.948192463811e+07,5.754874458421e+06,5.987837551022e+06
561.50000000,1.324603092691e+14,1.081518182642e+07,4.427585425103e+07,1.081518184291e+07,4.427585431854e+07,1.307888977537e+07,1.360833635703e+07
562.00000000,-7.963540151959e+13,2.405643956703e+07,9.848372677991e+07,2.405643955371e+07,9.848372672538e+07,2.909165463779e+07,3.026931400851e+07
562.50000000,5.097085343782e+14,5.238115045210e+07,2.144411642948e+08,5.238115048166e+07,2.144411644158e+08,6.334496428498e+07,6.590923200049e+07
563.00000000,3.296235955355e+12,1.116299767587e+08,4.569976409403e+08,1.116299768431e+08,4.569976412858e+08,1.349950666838e+08,1.404598024391e+08
563.50000000,3.644440233897e+14,2.328802502993e+08,9.533794424984e+08,2.328802504326e+08,9.533794430442e+08,2.816240387866e+08,2.930244624623e+08
564.00000000,2.970172671250e+14,4.754964720667e+08,1.946616601736e+09,4.754964721350e+08,1.946616602015e+09,5.750218698990e+08,5.982993321778e+08
564.50000000,7.061973356167e+14,9.504009844387e+08,3.890809802590e+09,9.504009842012e+08,3.890809801618e+09,1.149327877409e+09,1.195853823139e+09
565.00000000,1.149059361699e+15,1.859220236690e+09,7.611389761303e+09,1.859220236623e+09,7.611389761026e+09,2.248370616954e+09,2.339386915575e+09
565.50000000,-4.568765438132e+13,3.560392240314e+09,1.457575197890e+10,3.560392240292e+09,1.457575197881e+10,4.305612179338e+09,4.479907680671e+09
566.00000000,4.400454864024e+14,6.673159988148e+09,2.731899137444e+10,6.673159988177e+09,2.731899137456e+10,8.069908307263e+09,8.396586293004e+09
566.50000000,-4.318279639695e+14,1.224350374170e+10,5.012320605328e+10,1.224350374181e+10,5.012320605372e+10,1.480617169853e+10,1.540554038562e+10
567.00000000,4.551183796970e+14,2.198616469911e+10,9.000830863322e+10,2.198616469949e+10,9.000830863476e+10,2.658805325683e+10,2.766436433150e+10
567.50000000,9.000683213562e+14,3.864832178984e+10,1.582208685972e+11,3.864832179034e+10,1.582208685993e+11,4.673773948427e+10,4.862973007592e+10
568.00000000,1.695875809849e+15,6.649434776793e+10,2.722186365002e+11,6.649434776873e+10,2.722186365034e+11,8.041217210069e+10,8.366733751406e+10
568.50000000,5.074274647720e+13,1.119883252053e+11,4.584646697749e+11,1.119883252055e+11,4.584646697756e+11,1.354284203394e+11,1.409106986856e+11
569.00000000,8.537674759648e+14,1.846024090496e+11,7.557366569187e+11,1.846024090505e+11,7.557366569226e+11,2.232412405724e+11,2.322782699943e+11
569.50000000,1.852203958161e+14,2.978737101736e+11,1.219453652146e+12,2.978737101740e+11,1.219453652148e+12,3.602211744456e+11,3.748032890383e+11
570.00000000,2.160715154249e+14,4.704434636924e+11,1.925930286341e+12,4.704434636927e+11,1.925930286342e+12,5.689112238293e+11,5.919413210236e+11
570.50000000,6.366644259653e+14,7.272923759552e+11,2.977434106286e+12,7.272923759551e+11,2.977434106286e+12,8.795207662978e+11,9.151246494414e+11
571.00000000,5.315074454630e+14,1.100512574275e+12,4.505345829784e+12,1.100512574275e+12,4.505345829783e+12,1.330859080402e+12,1.384733591380e+12
571.50000000,8.044845690268e+14,1.630059435826e+12,6.673237228878e+12,1.630059435826e+12,6.673237228876e+12,1.971244538659e+12,2.051042495559e+12
572.00000000,4.070106127835e+14,2.363198075711e+12,9.674605128771e+12,2.363198075711e+12,9.674605128770e+12,2.857835240930e+12,2.973523279076e+12
572.50000000,9.847026880726e+13,3.353632656411e+12,1.372930692150e+13,3.353632656411e+12,1.372930692150e+13,4.055576081044e+12,4.219749870229e+12
573.00000000,2.686461430441e+14,4.658250387726e+12,1.907023095329e+13,4.658250387726e+12,1.907023095329e+13,5.633261238634e+12,5.861301306070e+12
573.50000000,6.198911674323e+14,6.333521864268e+12,2.592856000562e+13,6.333521864268e+12,2.592856000562e+13,7.659181077092e+12,7.969232412425e+12
574.00000000,5.415103444574e+14,8.428749788006e+12,3.450613250167e+13,8.428749788006e+12,3.450613250166e+13,1.019295776715e+13,1.060557892533e+13
574.50000000,3.673303169860e+14,1.097976061144e+13,4.494961696857e+13,1.097976061144e+13,4.494961696857e+13,1.327791653812e+13,1.381541992283e+13
575.00000000,1.215322509844e+14,1.399977828805e+13,5.731315043767e+13,1.399977828805e+13,5.731315043766e+13,1.693004922778e+13,1.761539460838e+13
575.50000000,1.619852579506e+14,1.747263279208e+13,7.153053506634e+13,1.747263279208e+13,7.153053506634e+13,2.112980128845e+13,2.198515684655e+13
576.00000000,1.032222664073e+15,2.134503382204e+13,8.738360775210e+13,2.134503382203e+13,8.738360775210e+13,2.581272831186e+13,2.685765345479e+13
576.50000000,7.586830918365e+14,2.552359037837e+13,1.044900386968e+14,2.552359037837e+13,1.044900386968e+14,3.086589177947e+13,3.211537404999e+13
577.00000000,4.361471743599e+14,2.987378532205e+13,1.222991333917e+14,2.987378532205e+13,1.222991333917e+14,3.612661898754e+13,3.758906077413e+13
577.50000000,5.275571437353e+14,3.422497707950e+13,1.401123089040e+14,3.422497707950e+13,1.401123089040e+14,4.138855165088e+13,4.306400175157e+13
578.00000000,3.815409725017e+14,3.837968489857e+13,1.571211064263e+14,3.837968489857e+13,1.571211064263e+14,4.641287464061e+13,4.829171437741e+13
578.50000000,9.153325024019e+14,4.212719892360e+13,1.724629090367e+14,4.212719892360e+13,1.724629090367e+14,5.094477476218e+13,5.300707036327e+13
579.00000000,1.138170045680e+15,4.526164268750e+13,1.852948870354e+14,4.526164268750e+13,1.852948870354e+14,5.473528387831e+13,5.695102309188e+13
579.50000000,5.281728261830e+14,4.759924248687e+13,1.948646963715e+14,4.759924248687e+13,1.948646963715e+14,5.756216290909e+13,5.989233702236e+13
580.00000000,2.038889058785e+14,4.899784618990e+13,2.005903859349e+14,4.899784618990e+13,2.005903859349e+14,5.925350609005e+13,6.165214747240e+13
580.50000000,-3.628399923476e+13,4.936913870422e+13,2.021104059875e+14,4.936913870422e+13,2.021104059875e+14,5.970251323974e+13,6.211933088205e+13
581.00000000,3.394172540156e+14,4.869018771812e+13,1.993308748260e+14,4.869018771812e+13,1.993308748260e+14,5.888145212138e+13,6.126503238575e+13
581.50000000,8.855793782945e+14,4.700338245584e+13,1.924253280547e+14,4.700338245584e+13,1.924253280547e+14,5.684158437916e+13,5.914258875050e+13
582.00000000,1.197756708992e+15,4.441438932086e+13,1.818263492727e+14,4.441438932086e+13,1.818263492727e+14,5.371069328047e+13,5.588495603855e+13
582.50000000,7.180956295156e+14,4.107908084851e+13,1.681720590190e+14,4.107908084850e+13,1.681720590190e+14,4.967727678880e+13,5.168826280011e+13
583.00000000,9.282466693119e+14,3.718979130848e+13,1.522498471156e+14,3.718979130848e+13,1.522498471156e+14,4.497392634861e+13,4.679451601469e+13
583.50000000,3.836529046176e+14,3.295568746306e+13,1.349160132742e+14,3.295568746306e+13,1.349160132742e+14,3.985358907871e+13,4.146690235429e+13
584.00000000,7.713637816262e+14,2.858522808157e+13,1.170239587817e+14,2.858522808157e+13,1.170239587817e+14,3.456835591614e+13,3.596771765002e+13
584.50000000,7.904986255479e+14,2.426935593358e+13,9.935537685147e+13,2.426935593358e+13,9.935537685147e+13,2.934913555258e+13,3.053721800909e+13
585.00000000,4.553312221891e+14,2.016870256458e+13,8.256787075001e+13,2.016870256458e+13,8.256787075001e+13,2.439018106240e+13,2.537752006526e+13
585.50000000,-7.477428898621e+13,1.640610998097e+13,6.716433861232e+13,1.640610998097e+13,6.716433861232e+13,1.984004631354e+13,2.064319129610e+13
586.00000000,8.124162215538e+14,1.306279254844e+13,5.347726078659e+13,1.306279254844e+13,5.347726078659e+13,1.579694451920e+13,1.643642068421e+13
586.50000000,3.145982715357e+14,1.018078387645e+13,4.167871703959e+13,1.018078387645e+13,4.167871703959e+13,1.231170727560e+13,1.281009753986e+13
587.00000000,6.217809418956e+14,7.766737690705e+12,3.179594680133e+13,7.766737690705e+12,3.179594680133e+13,9.392380989002e+12,9.772593995888e+12
587.50000000,5.483933034320e+14,5.800215966737e+12,2.374527963463e+13,5.800215966737e+12,2.374527963463e+13,7.014249785116e+12,7.298193654617e+12
588.00000000,8.624459779694e+14,4.240721877494e+12,1.736092714672e+13,4.240721877494e+12,1.736092714672e+13,5.128340511550e+12,5.335940881308e+12
588.50000000,4.803565154480e+14,3.036659375426e+12,1.243166227570e+13,3.036659375426e+12,1.243166227570e+13,3.672257635528e+12,3.820914309410e+12
589.00000000,-2.446318190990e+14,2.131514861464e+12,8.726126185833e+12,2.131514861464e+12,8.726126185832e+12,2.577658788008e+12,2.682005002206e+12
589.50000000,7.780982702455e+14,1.470193458789e+12,6.018768093490e+12,1.470193458789e+12,6.018768093490e+12,1.777917272654e+12,1.849889147839e+12
590.00000000,5.498770388240e+13,1.002518484661e+12,4.104171619414e+12,1.002518484661e+12,4.104171619413e+12,1.212354006459e+12,1.261431313134e+12
590.50000000,3.404759472679e+14,6.863172645166e+11,2.809687683610e+12,6.863172645165e+11,2.809687683609e+12,8.299692205882e+11,8.635672074407e+11
591.00000000,6.200381251834e+14,4.885559502408e+11,2.000080293933e+12,4.885559502407e+11,2.000080293933e+12,5.908148056297e+11,6.147315817937e+11
591.50000000,6.290060711106e+14,3.862904398888e+11,1.581419479541e+12,3.862904398888e+11,1.581419479541e+12,4.671442667870e+11,4.860547354459e+11
592.00000000,6.194413479171e+14,3.667164296528e+11,1.501286196696e+12,3.667164296526e+11,1.501286196695e+12,4.434732521426e+11,4.614254943768e+11
592.50000000,1.024559069569e+15,4.274738788936e+11,1.750018766377e+12,4.274738788931e+11,1.750018766374e+12,5.169477447680e+11,5.378743081891e+11
593.00000000,6.627847719690e+14,5.767005657118e+11,2.360932123356e+12,5.767005657112e+11,2.360932123354e+12,6.974088279327e+11,7.256406370775e+11
593.50000000,-1.599377119236e+14,8.335991192632e+11,3.412639167851e+12,8.335991192629e+11,3.412639167850e+12,1.008078402027e+12,1.048886427262e+12
594.00000000,7.792096176325e+14,1.228746142448e+12,5.030316270931e+12,1.228746142448e+12,5.030316270931e+12,1.485933009227e+12,1.546085068447e+12
594.50000000,1.343682514502e+15,1.804863651326e+12,7.388861440485e+12,1.804863651326e+12,7.388861440487e+12,2.182636741646e+12,2.270992067037e+12
595.00000000,5.771575367481e+14,2.616619566252e+12,1.071207755960e+13,2.616619566251e+12,1.071207755959e+13,3.164299973583e+12,3.292394011618e+12
595.50000000,1.478491392554e+14,3.730602271867e+12,1.527256823868e+13,3.730602271867e+12,1.527256823868e+13,4.511448596727e+12,4.694076562776e+12
596.00000000,6.531133214579e+13,5.223037506460e+12,2.138239107721e+13,5.223037506460e+12,2.138239107721e+13,6.316263035286e+12,6.571951700784e+12
596.50000000,8.080219731396e+14,7.177439362337e+12,2.938344118506e+13,7.177439362338e+12,2.938344118507e+13,8.679737581100e+12,9.031102067757e+12
597.00000000,-1.897989514842e+14,9.678565089163e+12,3.962270298590e+13,9.678565089163e+12,3.962270298590e+13,1.170436988661e+13,1.217817452395e+13
597.50000000,6.253025011740e+14,1.280661957618e+13,5.242852417127e+13,1.280661957618e+13,5.242852417128e+13,1.548715239664e+13,1.611408786569e+13
598.00000000,5.773727587341e+14,1.662694122735e+13,6.806839110409e+13,1.662694122735e+13,6.806839110409e+13,2.010709939077e+13,2.092105494986e+13
598.50000000,1.739440089587e+15,2.118134095744e+13,8.671347186986e+13,2.118134095744e+13,8.671347186986e+13,2.561477315866e+13,2.665168487835e+13
599.00000000,4.785469066833e+14,2.647557671576e+13,1.083873387145e+14,2.647557671576e+13,1.083873387145e+14,3.201713683669e+13,3.331322266230e+13
599.50000000,1.268335273203e+15,3.247102980642e+13,1.329318920536e+14,3.247102980642e+13,1.329318920536e+14,3.926748851221e+13,4.085707584875e+13
600.00000000,9.239113703023e+14,3.907500010941e+13,1.599676304541e+14,3.907500010941e+13,1.599676304541e+14,4.725372515311e+13,4.916660336238e+13
600.50000000,9.291919658744e+14,4.613794547510e+13,1.888823490981e+14,4.613794547510e+13,1.888823490981e+14,5.579500418439e+13,5.805364193929e+13
601.00000000,7.299015975743e+14,5.345293381493e+13,2.188288967179e+14,5.345293381493e+13,2.188288967179e+14,6.464108089688e+13,6.725781671338e+13
601.50000000,9.136827093486e+14,6.076304271774e+13,2.487554685994e+14,6.076304271774e+13,2.487554685994e+14,7.348125686528e+13,7.645585187534e+13
602.00000000,-2.620147581664e+13,6.777397544078e+13,2.774572546989e+14,6.777397544078e+13,2.774572546989e+14,8.195963657184e+13,8.527744489976e+13
602.50000000,5.889453351343e+14,7.417198164293e+13,3.036498046394e+14,7.417198164293e+13,3.036498046394e+14,8.969679909924e+13,9.332781552984e+13
603.00000000,7.999655392128e+14,7.964772676263e+13,3.260667456327e+14,7.964772676263e+13,3.260667456327e+14,9.631866356936e+13,1.002177397182e+14
603.50000000,1.502038395985e+15,8.391888330867e+13,3.435522680910e+14,8.391888330867e+13,3.435522680910e+14,1.014838089807e+14,1.055919753985e+14
604.00000000,2.012755646450e+14,8.675678967105e+13,3.551702630998e+14,8.675678967105e+13,3.551702630998e+14,1.049157129316e+14,1.091628062650e+14
604.50000000,6.759114490803e+14,8.800355710279e+13,3.602743560294e+14,8.800355710279e+13,3.602743560294e+14,1.064234392370e+14,1.107315668442e+14
605.00000000,9.989558556007e+13,8.759023649151e+13,3.585822787775e+14,8.759023649151e+13,3.585822787775e+14,1.059236071574e+14,1.102115010604e+14
605.50000000,2.598778520004e+14,8.553941756976e+13,3.501865105757e+14,8.553941756976e+13,3.501865105757e+14,1.034435346457e+14,1.076310327249e+14
606.00000000,8.565124950712e+14,8.196707894219e+13,3.355618517444e+14,8.196707894219e+13,3.355618517444e+14,9.912347560057e+13,1.031360933548e+14
606.50000000,7.149869588100e+14,7.706837448620e+13,3.155072351884e+14,7.706837448620e+13,3.155072351884e+14,9.319943124173e+13,9.697223773605e+13
607.00000000,5.780213313429e+14,7.110342053691e+13,2.910875411036e+14,7.110342053691e+13,2.910875411036e+14,8.598596243351e+13,8.946676047237e+13
607.50000000,4.436619605612e+14,6.437239372727e+13,2.635316509886e+14,6.437239372727e+13,2.635316509886e+14,7.784607529415e+13,8.099736253393e+13
608.00000000,3.880095972528e+14,5.719324707150e+13,2.341412203810e+14,5.719324707150e+13,2.341412203810e+14,6.916427306880e+13,7.196411224305e+13
608.50000000,1.118567447788e+15,4.987715610126e+13,2.041901587452e+14,4.987715610126e+13,2.041901587452e+14,6.031686293611e+13,6.275855007057e+13
609.00000000,2.089573604065e+14,4.270891346758e+13,1.748443676916e+14,4.270891346758e+13,1.748443676916e+14,5.164824703606e+13,5.373901990067e+13
609.50000000,7.146725312816e+14,3.593243357567e+13,1.471023989624e+14,3.593243357567e+13,1.471023989624e+14,4.345339310334e+13,4.521243005792e+13
610.00000000,7.352462564486e+14,2.974133135335e+13,1.217568852163e+14,2.974133135335e+13,1.217568852163e+14,3.596644129300e+13,3.742239892578e+13
610.50000000,3.330130935875e+14,2.427814185552e+13,9.939134519725e+13,2.427814185552e+13,9.939134519725e+13,2.935976044163e+13,3.054827300432e+13
611.00000000,2.792272562727e+14,1.963616630315e+13,8.038774116243e+13,1.963616630315e+13,8.038774116242e+13,2.374618049780e+13,2.470744971161e+13
611.50000000,3.287127953934e+14,1.586937579104e+13,6.496702328778e+13,1.586937579104e+13,6.496702328778e+13,1.919096915883e+13,1.996783884688e+13
612.00000000,8.486691053444e+14,1.300105042098e+13,5.322449708088e+13,1.300105042098e+13,5.322449708088e+13,1.572227924695e+13,1.635873288683e+13
612.50000000,1.117116808203e+15,1.103748658483e+13,4.518593909664e+13,1.103748658483e+13,4.518593909664e+13,1.334772504160e+13,1.388805434458e+13
613.00000000,-1.622283431114e+14,9.976683197665e+12,4.084315717091e+13,9.976683197666e+12,4.084315717091e+13,1.206488661400e+13,1.255328533022e+13
613.50000000,7.286390441118e+14,9.818897780303e+12,4.019720555824e+13,9.818897780303e+12,4.019720555824e+13,1.187407538625e+13,1.235474987251e+13
614.00000000,7.756574054204e+14,1.056964266612e+13,4.327065098686e+13,1.056964266612e+13,4.327065098686e+13,1.278195746930e+13,1.329938393326e+13
614.50000000,8.283906519005e+14,1.224272570398e+13,5.012002087479e+13,1.224272570399e+13,5.012002087479e+13,1.480523081052e+13,1.540456140951e+13
615.00000000,4.500518627127e+14,1.485485049460e+13,6.081369744638e+13,1.485485049460e+13,6.081369744638e+13,1.796409521425e+13,1.869129981396e+13
615.50000000,9.140237324469e+14,1.842051168063e+13,7.541101975822e+13,1.842051168063e+13,7.541101975822e+13,2.227607917336e+13,2.317783721044e+13
616.00000000,1.110510684738e+15,2.293939805522e+13,9.391071377255e+13,2.293939805522e+13,9.391071377255e+13,2.774080634278e+13,2.886378201906e+13
616.50000000,7.701096652410e+14,2.838636260650e+13,1.162098311109e+14,2.838636260650e+13,1.162098311109e+14,3.432786623027e+13,3.571749270035e+13
617.00000000,1.017436039422e+15,3.469673239302e+13,1.420436097216e+14,3.469673239302e+13,1.420436097216e+14,4.195904930569e+13,4.365759372390e+13
617.50000000,1.112919773225e+15,4.175760842802e+13,1.709498568127e+14,4.175760842802e+13,1.709498568127e+14,5.049782587802e+13,5.254202853981e+13
618.00000000,9.078798575737e+14,4.939878517780e+13,2.022317745382e+14,4.939878517780e+13,2.022317745382e+14,5.973836496873e+13,6.215663392501e+13
618.50000000,9.454431173692e+14,5.739240696331e+13,2.349565533531e+14,5.739240696331e+13,2.349565533531e+14,6.940511879529e+13,7.221470764622e+13
619.00000000,5.157282023150e+14,6.545663492219e+13,2.679703840482e+14,6.545663492219e+13,2.679703840482e+14,7.915725725912e+13,8.236162246050e+13
619.50000000,6.223211142815e+14,7.326777027364e+13,2.999480887143e+14,7.326777027364e+13,2.999480887143e+14,8.860332871139e+13,9.219008036348e+13
620.00000000,-5.465633517302e+13,8.047899033237e+13,3.294698233848e+14,8.047899033237e+13,3.294698233848e+14,9.732391757178e+13,1.012636874113e+14
620.50000000,9.130525005961e+14,8.674270727783e+13,3.551126117353e+14,8.674270727783e+13,3.551126117353e+14,1.048986829755e+14,1.091450869192e+14
621.00000000,1.753697778869e+15,9.173910075916e+13,3.755671536108e+14,9.173910075916e+13,3.755671536108e+14,1.109408634915e+14,1.154318609652e+14
621.50000000,-2.410404888295e+14,9.519972933858e+13,3.897344870000e+14,9.519972933858e+13,3.897344870000e+14,1.151258306390e+14,1.197862397822e+14
622.00000000,4.203677767263e+14,9.693439477190e+13,3.968359666730e+14,9.693439477190e+13,3.968359666730e+14,1.172235760872e+14,1.219689040711e+14
622.50000000,1.038714682900e+15,9.684433188516e+13,3.964672617071e+14,9.684433188516e+13,3.964672617071e+14,1.171146622834e+14,1.218555813272e+14
623.00000000,6.922181345462e+14,9.493551386103e+13,3.886528254836e+14,9.493551386103e+13,3.886528254836e+14,1.148063126474e+14,1.194537873817e+14
623.50000000,6.536958561347e+14,9.131373381919e+13,3.738257603601e+14,9.131373381919e+13,3.738257603601e+14,1.104264636856e+14,1.148966377391e+14
624.00000000,6.633749726376e+14,8.617882307767e+13,3.528041480348e+14,8.617882307767e+13,3.528041480348e+14,1.042167730858e+14,1.084355726329e+14
624.50000000,8.281323926168e+14,7.980280246335e+13,3.267016040413e+14,7.980280246335e+13,3.267016040413e+14,9.650619791407e+13,1.004128656413e+14
625.00000000,6.902887238274e+14,7.250898117874e+13,2.968417114095e+14,7.250898117874e+13,2.968417114095e+14,8.768571869887e+13,9.123532457691e+13
625.50000000,1.015641979332e+15,6.464269746540e+13,2.646382369993e+14,6.464269746540e+13,2.646382369993e+14,7.817295587031e+13,8.133747556381e+13
626.00000000,4.810378319562e+14,5.654601677530e+13,2.314915493240e+14,5.654601677530e+13,2.314915493240e+14,6.838157204661e+13,7.114972669812e+13
626.50000000,7.895609102068e+14,4.853330709470e+13,1.986886273142e+14,4.853330709470e+13,1.986886273142e+14,5.869173506853e+13,6.106763539623e+13
627.00000000,9.467085763634e+14,4.087249977098e+13,1.673263447420e+14,4.087249977098e+13,1.673263447420e+14,4.942745656021e+13,5.142832959799e+13
627.50000000,1.034548354958e+15,3.377377360339e+13,1.382651444581e+14,3.377377360339e+13,1.382651444581e+14,4.084290750529e+13,4.249626938347e+13
628.00000000,2.886669135394e+14,2.738293707098e+13,1.121019461511e+14,2.738293707098e+13,1.121019461511e+14,3.311441531962e+13,3.445492007924e+13
628.50000000,8.453558783215e+14,2.178413420222e+13,8.918122380207e+13,2.178413420222e+13,8.918122380207e+13,2.634373608209e+13,2.741015695238e+13
629.00000000,8.949582289521e+14,1.700407070965e+13,6.961230689392e+13,1.700407070965e+13,6.961230689392e+13,2.056316523475e+13,2.139558279683e+13
629.50000000,1.576632911027e+15,1.302365826029e+13,5.331705043912e+13,1.302365826029e+13,5.331705043913e+13,1.574961909652e+13,1.638717948094e+13
630.00000000,3.523219775771e+14,9.787623784698e+12,4.006917415817e+13,9.787623784698e+12,4.006917415817e+13,1.183625548123e+13,1.231539897978e+13
630.50000000,9.454311365567e+14,7.218156043449e+12,2.955012962983e+13,7.218156043449e+12,2.955012962983e+13,8.728976604847e+12,9.082334336592e+12
631.00000000,4.385266211064e+14,5.224263786513e+12,2.138741129765e+13,5.224263786513e+12,2.138741129765e+13,6.317745986025e+12,6.573494682857e+12
631.50000000,1.293883882643e+15,3.712372622808e+12,1.519793858402e+13,3.712372622808e+12,1.519793858402e+13,4.489403329315e+12,4.671138880818e+12
632.00000000,3.477550450423e+14,2.592267123073e+12,1.061238203509e+13,2.592267123073e+12,1.061238203509e+13,3.134850359927e+12,3.261752248051e+12
632.50000000,-2.487257856432e+14,1.782898064517e+12,7.298937374881e+12,1.782898064518e+12,7.298937374882e+12,2.156073573407e+12,2.243353595094e+12
633.00000000,-5.737883145552e+14,1.214568391604e+12,4.972274525536e+12,1.214568391605e+12,4.972274525539e+12,1.468787736299e+12,1.528245737667e+12
633.50000000,7.460684710920e+14,8.308028741714e+11,3.401191728306e+12,8.308028741717e+11,3.401191728307e+12,1.004696879402e+12,1.045368017208e+12
634.00000000,1.274135746054e+15,5.881118603842e+11,2.407648380914e+12,5.881118603843e+11,2.407648380914e+12,7.112086022284e+11,7.399990400835e+11
634.50000000,7.022867344340e+14,4.558012373833e+11,1.865987042818e+12,4.558012373832e+11,1.865987042817e+12,5.512042568249e+11,5.735175582274e+11
635.00000000,4.673423058443e+14,4.149343780020e+11,1.698683789049e+12,4.149343780020e+11,1.698683789049e+12,5.017836212336e+11,5.220963257181e+11
635.50000000,1.338381341311e+15,4.577212477979e+11,1.873847299135e+12,4.577212477980e+11,1.873847299136e+12,5.535261415119e+11,5.759334351365e+11
636.00000000,4.016055172733e+14,5.867206596023e+11,2.401952997882e+12,5.867206596025e+11,2.401952997883e+12,7.095262114599e+11,7.382485444487e+11
636.50000000,1.131549228958e+15,8.146368968511e+11,3.335010459498e+12,8.146368968512e+11,3.335010459498e+12,9.851472275259e+11,1.025026975807e+12
637.00000000,1.316195324200e+15,1.163954030241e+12,4.765066350706e+12,1.163954030241e+12,4.765066350705e+12,1.407579364859e+12,1.464559589934e+12
637.50000000,5.215112370470e+14,1.667105442843e+12,6.824898443047e+12,1.667105442843e+12,6.824898443046e+12,2.016044585461e+12,2.097656093209e+12
638.00000000,7.411013080471e+14,2.365956540879e+12,9.685897902550e+12,2.365956540879e+12,9.685897902550e+12,2.861171075981e+12,2.976994152077e+12
638.50000000,8.617086477042e+14,3.311642035239e+12,1.355740314283e+13,3.311642035238e+12,1.355740314283e+13,4.004796470904e+12,4.166914650517e+12
639.00000000,9.184034937688e+14,4.562795128245e+12,1.867945036134e+13,4.562795128245e+12,1.867945036134e+13,5.517826393253e+12,5.741193542319e+12
639.50000000,8.873697102203e+14,6.184024186165e+12,2.531653724790e+13,6.184024186165e+12,2.531653724790e+13,7.478392281894e+12,7.781125105392e+12
640.00000000,8.873678137438e+14,8.241736215172e+12,3.374052487466e+13,8.241736215172e+12,3.374052487466e+13,9.966800686007e+12,1.037026677861e+13
640.50000000,7.253239627069e+14,1.080045887257e+13,4.421558052015e+13,1.080045887257e+13,4.421558052015e+13,1.306108544243e+13,1.358981128682e+13
641.00000000,4.547427053998e+14,1.391578650577e+13,5.696929973131e+13,1.391578650577e+13,5.696929973131e+13,1.682847726147e+13,1.750971090695e+13
641.50000000,1.135069678169e+15,1.762871675110e+13,7.216952114459e+13,1.762871675110e+13,7.216952114459e+13,2.131855492837e+13,2.218155142322e+13
642.00000000,5.439884565011e+14,2.195673370499e+13,8.988782222559e+13,2.195673370499e+13,8.988782222559e+13,2.655246210750e+13,2.762733241673e+13
642.50000000,-2.334470385086e+13,2.688785620982e+13,1.100751537769e+14,2.688785620982e+13,1.100751537769e+14,3.251570988452e+13,3.383197844738e+13
643.00000000,1.517442688435e+15,3.237271574880e+13,1.325294079386e+14,3.237271574880e+13,1.325294079386e+14,3.914859649828e+13,4.073337096680e+13
643.50000000,5.768843195936e+14,3.832137946487e+13,1.568824120682e+14,3.832137946487e+13,1.568824120682e+14,4.634236539093e+13,4.821835084255e+13
644.00000000,2.725157947559e+14,4.460043231699e+13,1.825879834933e+14,4.460043231699e+13,1.825879834933e+14,5.393567663507e+13,5.611904694510e+13
644.50000000,1.337407159672e+15,5.103574734357e+13,2.089332705860e+14,5.103574734358e+13,2.089332705860e+14,6.171795703657e+13,6.421636186610e+13
645.00000000,1.458768179080e+15,5.741787581720e+13,2.350608193082e+14,5.741787581720e+13,2.350608193082e+14,6.943591849378e+13,7.224675414741e+13
645.50000000,3.068935789955e+14,6.351204023800e+13,2.600094831409e+14,6.351204023800e+13,2.600094831409e+14,7.680564260822e+13,7.991481208889e+13
646.00000000,1.129541235334e+15,6.907219224560e+13,2.827719742255e+14,6.907219224560e+13,2.827719742255e+14,8.352958103537e+13,8.691094229047e+13
646.50000000,1.266048116454e+15,7.385601623523e+13,3.023562860870e+14,7.385601623523e+13,3.023562860870e+14,8.931469948332e+13,9.293024813807e+13
647.00000000,7.556121385901e+14,7.764391430947e+13,3.178634153932e+14,7.764391430947e+13,3.178634153932e+14,9.389543637410e+13,9.769641785456e+13
647.50000000,1.378218895378e+15,8.025348956716e+13,3.285466545307e+14,8.025348956716e+13,3.285466545307e+14,9.705121760629e+13,1.009799482776e+14
648.00000000,6.488486532340e+14,8.155670485298e+13,3.338818371451e+14,8.155670485298e+13,3.338818371451e+14,9.862720677479e+13,1.026197350690e+14
648.50000000,1.912861519287e+15,8.148735257146e+13,3.335979185243e+14,8.148735257146e+13,3.335979185243e+14,9.854333847945e+13,1.025324717009e+14
649.00000000,1.150233033993e+15,8.004975213738e+13,3.277125817530e+14,8.004975213738e+13,3.277125817530e+14,9.680483622476e+13,1.007235931305e+14
649.50000000,1.127471240451e+15,7.731517219909e+13,3.165175907923e+14,7.731517219909e+13,3.165175907923e+14,9.349788578455e+13,9.728277401824e+13
650.00000000,1.587846264553e+15,7.341898753282e+13,3.005671511985e+14,7.341898753282e+13,3.005671511985e+14,8.878619701040e+13,9.238035135473e+13
650.50000000,3.699748757657e+14,6.854684767975e+13,2.806212864421e+14,6.854684767975e+13,2.806212864421e+14,8.289427744853e+13,8.624992097696e+13
651.00000000,1.140580389162e+15,6.292234404413e+13,2.575953487185e+14,6.292234404413e+13,2.575953487185e+14,7.609251805823e+13,7.917281954156e+13
651.50000000,9.789289090522e+14,5.678825559739e+13,2.324832414613e+14,5.678825559739e+13,2.324832414613e+14,6.867451348458e+13,7.145452669943e+13
652.00000000,4.065572726112e+14,5.039060919975e+13,2.062921645106e+14,5.039060919975e+13,2.062921645106e+14,6.093778607179e+13,6.340460879783e+13
652.50000000,9.020032205629e+14,4.396206526347e+13,1.799745973225e+14,4.396206526348e+13,1.799745973225e+14,5.316369400656e+13,5.531581368517e+13
653.00000000,4.180271829252e+14,3.770883305069e+13,1.543747320133e+14,3.770883305069e+13,1.543747320133e+14,4.560160787799e+13,4.744760672220e+13
653.50000000,5.159892672476e+14,3.180148374654e+13,1.301908633555e+14,3.180148374654e+13,1.301908633555e+14,3.845780084997e+13,4.001461121748e+13
654.00000000,8.285878907147e+14,2.636866265626e+13,1.079496473847e+14,2.636866265626e+13,1.079496473847e+14,3.188784476840e+13,3.317869672135e+13
654.50000000,1.493619578757e+15,2.149673811918e+13,8.800466410208e+13,2.149673811918e+13,8.800466410208e+13,2.599618558996e+13,2.704853726759e+13
655.00000000,1.649480589565e+15,1.723052211163e+13,7.053936752316e+13,1.723052211163e+13,7.053936752315e+13,2.083701481325e+13,2.168051808105e+13
655.50000000,-1.254788645104e+13,1.357952329883e+13,5.559268480431e+13,1.357952329883e+13,5.559268480430e+13,1.642183134681e+13,1.708660355763e+13
656.00000000,9.302216146529e+14,1.052309411425e+13,4.308008767213e+13,1.052309411425e+13,4.308008767213e+13,1.272566591536e+13,1.324081364073e+13
656.50000000,3.412588285571e+14,8.019349134177e+12,3.283010301181e+13,8.019349134176e+12,3.283010301181e+13,9.697866124945e+12,1.009044547666e+13
657.00000000,7.299188536205e+13,6.011376347011e+12,2.460974094195e+13,6.011376347011e+12,2.460974094195e+13,7.269607802896e+12,7.563888821187e+12
657.50000000,2.975369549976e+14,4.435333020691e+12,1.815763817296e+13,4.435333020691e+12,1.815763817295e+13,5.363685398220e+12,5.580812765139e+12
658.00000000,9.889074644953e+14,3.225283501513e+12,1.320386328433e+13,3.225283501513e+12,1.320386328433e+13,3.900362372223e+12,4.058252954731e+12
658.50000000,1.043610570721e+15,2.318656292936e+12,9.492257248368e+12,2.318656292936e+12,9.492257248368e+12,2.803970489678e+12,2.917478028645e+12
659.00000000,5.903474609856e+14,1.658833374444e+12,6.791033742417e+12,1.658833374444e+12,6.791033742417e+12,2.006041103807e+12,2.087247660580e+12
659.50000000,8.322835534506e+14,1.197844347917e+12,4.903808610430e+12,1.197844347917e+12,4.903808610431e+12,1.448563210089e+12,1.507202502343e+12
660.00000000,1.169613758464e+15,8.970604724448e+11,3.672441145214e+12,8.970604724449e+11,3.672441145214e+12,1.084822748354e+12,1.128737461735e+12
660.50000000,1.039540619288e+15,7.279756558345e+11,2.980231359336e+12,7.279756558346e+11,2.980231359336e+12,8.803470623840e+11,9.159843948223e+11
661.00000000,5.125797725308e+14,6.718386465452e+11,2.750414229927e+12,6.718386465454e+11,2.750414229928e+12,8.124601065194e+11,8.453493068655e+11
661.50000000,8.538575926339e+14,7.195232185654e+11,2.945628253572e+12,7.195232185653e+11,2.945628253572e+12,8.701254591490e+11,9.053490108318e+11
662.00000000,5.652658386687e+14,8.707677275224e+11,3.564802294502e+12,8.707677275221e+11,3.564802294500e+12,1.053026711539e+12,1.095654289444e+12
662.50000000,5.982413656554e+14,1.133762060826e+12,4.641464615774e+12,1.133762060826e+12,4.641464615773e+12,1.371067963184e+12,1.426570170083e+12
663.00000000,4.021047039196e+14,1.524189266786e+12,6.239819441807e+12,1.524189266786e+12,6.239819441807e+12,1.843214855853e+12,1.917830042726e+12
663.50000000,4.108480680254e+14,2.064632708494e+12,8.452319928628e+12,2.064632708494e+12,8.452319928627e+12,2.496777639825e+12,2.597849703988e+12
664.00000000,4.978892561047e+14,2.783156917871e+12,1.139385837715e+13,2.783156917870e+12,1.139385837715e+13,3.365694988784e+12,3.501941699117e+12
664.50000000,1.567380703209e+15,3.712255815143e+12,1.519746038964e+13,3.712255815142e+12,1.519746038964e+13,4.489262072825e+12,4.670991906123e+12
665.00000000,8.301091656656e+14,4.886503560779e+12,2.000466778336e+13,4.886503560778e+12,2.000466778336e+13,5.909289713991e+12,6.148503691080e+12
665.50000000,7.227833824229e+14,6.340699202633e+12,2.595794303333e+13,6.340699202633e+12,2.595794303333e+13,7.667860692534e+12,7.978263387410e+12
666.00000000,1.317002819974e+15,8.106299544488e+12,3.318606593096e+13,8.106299544488e+12,3.318606593096e+13,9.803015984937e+12,1.019985190849e+13
666.50000000,1.047576027694e+15,1.020873116367e+13,4.179312935696e+13,1.020873116367e+13,4.179312935696e+13,1.234550416428e+13,1.284526256051e+13
667.00000000,7.256921064063e+14,1.266289748865e+13,5.184014588025e+13,1.266289748865e+13,5.184014588025e+13,1.531334807153e+13,1.593324776710e+13
667.50000000,7.379650053941e+14,1.547024028743e+13,6.333301789907e+13,1.547024028743e+13,6.333301789907e+13,1.870829124882e+13,1.946562165075e+13
668.00000000,6.340250860853e+14,1.861441072328e+13,7.620481554356e+13,1.861441072328e+13,7.620481554356e+13,2.251056291086e+13,2.342181308492e+13
668.50000000,9.753211508757e+14,2.205928878022e+13,9.030766847840e+13,2.205928878022e+13,9.030766847840e+13,2.667648281957e+13,2.775637361167e+13
669.00000000,9.292267979986e+14,2.574652755509e+13,1.054027125752e+14,2.574652755509e+13,1.054027125752e+14,3.113549157591e+13,3.239588751670e+13
669.50000000,8.536481318292e+14,2.959595808872e+13,1.211617472352e+14,2.959595808872e+13,1.211617472352e+14,3.579064018557e+13,3.723948121313e+13
670.00000000,1.018303039334e+15,3.350668150593e+13,1.371717064588e+14,3.350668150593e+13,1.371717064588e+14,4.051991079311e+13,4.216019744028e+13
670.50000000,8.201142746097e+14,3.736074672129e+13,1.529497148629e+14,3.736074672129e+13,1.529497148629e+14,4.518066416224e+13,4.700962278246e+13
671.00000000,1.310386332599e+15,4.102851027759e+13,1.679650301162e+14,4.102851027759e+13,1.679650301162e+14,4.961612137351e+13,5.162463175225e+13
671.50000000,1.178334489953e+15,4.437518440985e+13,1.816658498050e+14,4.437518440985e+13,1.816658498050e+14,5.366328245298e+13,5.583562597319e+13
672.00000000,1.195130228401e+15,4.726953484931e+13,1.935149190362e+14,4.726953484931e+13,1.935149190362e+14,5.716344469943e+13,5.947747829949e+13
672.50000000,1.220885886767e+15,4.959137351980e+13,2.030202044969e+14,4.959137351980e+13,2.030202044969e+14,5.997126366496e+13,6.239896059415e+13
673.00000000,7.750746024055e+14,5.124105967593e+13,2.097737907963e+14,5.124105967594e+13,2.097737907963e+14,6.196624296100e+13,6.447469865388e+13
673.50000000,3.955746962363e+14,5.214509029221e+13,2.134747667436e+14,5.214509029221e+13,2.134747667436e+14,6.305949476271e+13,6.561220638552e+13
674.00000000,9.343650222055e+14,5.226320774737e+13,2.139583232212e+14,5.226320774737e+13,2.139583232212e+14,6.320233519128e+13,6.576082913796e+13
674.50000000,6.373738822930e+14,5.158958414228e+13,2.112006016186e+14,5.158958414228e+13,2.112006016186e+14,6.238771651943e+13,6.491323388487e+13
675.00000000,6.950997365847e+14,5.015511226698e+13,2.053280727331e+14,5.015511226698e+13,2.053280727331e+14,6.065299765710e+13,6.310829186235e+13
675.50000000,2.490370992880e+14,4.802329376359e+13,1.966007034793e+14,4.802329376359e+13,1.966007034793e+14,5.807497167237e+13,6.042590479893e+13
676.00000000,1.273466611822e+15,4.528720711463e+13,1.853995442541e+14,4.528720711463e+13,1.853995442541e+14,5.476619915431e+13,5.698318984927e+13
676.50000000,7.829716647273e+14,4.206134614444e+13,1.721933168931e+14,4.206134614444e+13,1.721933168931e+14,5.086513844437e+13,5.292421028741e+13
677.00000000,6.981166358824e+14,3.847486069593e+13,1.575107429392e+14,3.847486069593e+13,1.575107429391e+14,4.652797153011e+13,4.841147050449e+13
677.50000000,9.746971452401e+14,3.466216550691e+13,1.419020976845e+14,3.466216550691e+13,1.419020976845e+14,4.191724728059e+13,4.361409951088e+13
678.00000000,9.866340437352e+14,3.075528521077e+13,1.259078716655e+14,3.075528521077e+13,1.259078716655e+14,3.719262419157e+13,3.869821893847e+13
678.50000000,1.058435453935e+15,2.687630146283e+13,1.100278502455e+14,2.687630146283e+13,1.100278502455e+14,3.250173663214e+13,3.381743954372e+13
679.00000000,9.804368250884e+14,2.313149190343e+13,9.469711934227e+13,2.313149190343e+13,9.469711934227e+13,2.797310704352e+13,2.910548648526e+13
679.50000000,1.475224677681e+15,1.960760685496e+13,8.027082274297e+13,1.960760685496e+13,8.027082274296e+13,2.371164331833e+13,2.467151443246e+13
680.00000000,7.402963453475e+14,1.636924728455e+13,6.701342784631e+13,1.636924728455e+13,6.701342784631e+13,1.979546803560e+13,2.059680844474e+13
680.50000000,1.810877827626e+15,1.345925550928e+13,5.510032515593e+13,1.345925550928e+13,5.510032515593e+13,1.627639912920e+13,1.693528409793e+13
681.00000000,7.480533481977e+13,1.089940736051e+13,4.462066190487e+13,1.089940736051e+13,4.462066190487e+13,1.318128359444e+13,1.371487518063e+13
681.50000000,1.337024204478e+15,8.700888913982e+12,3.562023233569e+13,8.700888913982e+12,3.562023233569e+13,1.054400522040e+13,1.097083713172e+13
682.00000000,1.060370066231e+15,7.043948110929e+12,2.883694651803e+13,7.043948110930e+12,2.883694651803e+13,9.102161406887e+12,9.470626033878e+12
682.50000000,5.299602166585e+14,9.037286044927e+12,3.699739552898e+13,9.037286044927e+12,3.699739552898e+13,2.108723971348e+13,2.194087233632e+13
683.00000000,1.940767081182e+15,4.679063347682e+13,1.915543632444e+14,4.679063347682e+13,1.915543632444e+14,1.722840069428e+14,1.792582364161e+14
683.50000000,2.913401068563e+15,3.221148587854e+14,1.318693552135e+15,3.221148587854e+14,1.318693552135e+15,1.252823299227e+15,1.303538843481e+15
684.00000000,8.791331893037e+15,1.562995189361e+15,6.398685506161e+15,1.562995189361e+15,6.398685506161e+15,6.112674396674e+15,6.360121589798e+15
684.50000000,2.403876598501e+16,5.008705592805e+15,2.050494595214e+16,5.008705592805e+15,2.050494595214e+16,1.960336419958e+16,2.039692805268e+16
685.00000000,4.351875723054e+16,1.054129690959e+16,4.315460739141e+16,1.054129690959e+16,4.315460739141e+16,4.126324321484e+16,4.293362070431e+16
685.50000000,5.825404279014e+16,1.456360192002e+16,5.962136618041e+16,1.456360192002e+16,5.962136618041e+16,5.701043178891e+16,5.931827127282e+16
686.00000000,5.129208547192e+16,1.320848244390e+16,5.407369501035e+16,1.320848244390e+16,5.407369501035e+16,5.170617459205e+16,5.379929242226e+16
686.50000000,2.893867228340e+16,7.863584420849e+15,3.219242388117e+16,7.863584420849e+15,3.219242388117e+16,3.078279738727e+16,3.202891591341e+16
687.00000000,1.132052856412e+16,3.072478718625e+15,1.257830169835e+16,3.072478718625e+15,1.257830169835e+16,1.202722827800e+16,1.251410254699e+16
687.50000000,3.349750306704e+15,7.876558521528e+14,3.224553804975e+15,7.876558521528e+14,3.224553804975e+15,3.082989850122e+15,3.207792372772e+15
688.00000000,9.913121460610e+14,1.324741718052e+14,5.423308842154e+14,1.324741718052e+14,5.423308842154e+14,5.182907073338e+14,5.392716352271e+14
688.50000000,1.425409048161e+15,1.465340286187e+13,5.998899878028e+13,1.465340286187e+13,5.998899878028e+13,5.716398273006e+13,5.947803811014e+13
689.00000000,1.177494998750e+15,1.098675793594e+12,4.497826304452e+12,1.098675793594e+12,4.497826304450e+12,4.173955991321e+12,4.342921918057e+12
689.50000000,8.495620841777e+14,7.900309758316e+10,3.234277231869e+11,7.900309758282e+10,3.234277231855e+11,2.298477480163e+11,2.391522154886e+11
690.00000000,1.347299015146e+15,1.960534540558e+10,8.026156468290e+10,1.960534540530e+10,8.026156468175e+10,2.785318305785e+10,2.898070785632e+10
690.50000000,1.066371232188e+14,1.098927423474e+10,4.498856442275e+10,1.098927423430e+10,4.498856442095e+10,1.337289162641e+10,1.391423969800e+10
691.00000000,6.505436267245e+14,6.544051802392e+09,2.679044037022e+10,6.544051802015e+09,2.679044036868e+10,7.914871587068e+09,8.235273530809e+09
691.50000000,9.285245447993e+14,3.848546338475e+09,1.575541488765e+10,3.848546337957e+09,1.575541488553e+10,4.654088666378e+09,4.842490845573e+09
692.00000000,3.793179927100e+14,2.229144934059e+09,9.125810161016e+09,2.229144934248e+09,9.125810161790e+09,2.695723704461e+09,2.804849304946e+09
692.50000000,5.705957113986e+14,1.271702506653e+09,5.206173667619e+09,1.271702506621e+09,5.206173667488e+09,1.537880499005e+09,1.600135444736e+09
693.00000000,7.865008724243e+14,7.144926019049e+08,2.925033606748e+09,7.144926017883e+08,2.925033606271e+09,8.640418906405e+08,8.990191733657e+08
693.50000000,1.247622118888e+15,3.953807647722e+08,1.618634008718e+09,3.953807646235e+08,1.618634008109e+09,4.781372712319e+08,4.974927477412e+08
694.00000000,7.934574581787e+14,2.154756228022e+08,8.821273116768e+08,2.154756228245e+08,8.821273117681e+08,2.605764753672e+08,2.711248725562e+08
694.50000000,8.084384324535e+14,1.156608316156e+08,4.734994016146e+08,1.156608314904e+08,4.734994011022e+08,1.398696113461e+08,1.455316735606e+08
695.00000000,1.239521246749e+15,6.114197979384e+07,2.503067844276e+08,6.114197973965e+07,2.503067842057e+08,7.393950678885e+07,7.693265221563e+07
695.50000000,1.229080543766e+15,3.183448192375e+07,1.303259533159e+08,3.183448197745e+07,1.303259535357e+08,3.849770183554e+07,4.005612743499e+07
696.00000000,8.390218382349e+14,1.632381778166e+07,6.682744576290e+07,1.632381775915e+07,6.682744567076e+07,1.974052542895e+07,2.053964170625e+07
696.50000000,-9.067710586649e+13,8.244225981859e+06,3.375071763413e+07,8.244225949249e+06,3.375071750063e+07,9.969808815870e+06,1.037339668059e+07
697.00000000,9.828986294518e+14,4.100576160857e+06,1.678719002206e+07,4.100576468260e+06,1.678719128053e+07,4.958861415952e+06,5.159601101862e+06
697.50000000,7.519953182979e+14,2.008904715799e+06,8.224177256422e+06,2.008904915564e+06,8.224178074231e+06,2.429595010653e+06,2.527947454575e+06
698.00000000,7.995281748887e+14,9.821648651531e+05,4.020846724348e+06,9.821648751709e+05,4.020846765360e+06,1.222844114772e+06,1.272346071557e+06
698.50000000,1.000520331089e+15,1.872657239923e+06,7.666398988727e+06,1.872656981986e+06,7.666397932768e+06,6.084976334889e+06,6.331302282678e+06
699.00000000,1.163657362666e+15,1.000218226638e+08,4.094754682133e+08,1.000218224327e+08,4.094754672670e+08,3.909759236712e+08,4.068030213723e+08
699.50000000,2.199147077968e+14,4.596425046265e+09,1.881712658099e+10,4.596425046056e+09,1.881712658014e+10,1.799352188930e+10,1.872191771034e+10
700.00000000,1.307090597792e+15,1.381957725208e+11,5.657543239165e+11,1.381957725209e+11,5.657543239165e+11,5.409998455733e+11,5.629000621691e+11
700.50000000,7.610228597672e+14,2.715628673534e+12,1.111740711151e+13,2.715628673534e+12,1.111740711151e+13,1.063096931261e+13,1.106132161766e+13
701.00000000,1.684803329951e+15,3.492378948993e+13,1.429731499818e+14,3.492378948993e+13,1.429731499818e+14,1.367174164145e+14,1.422518746152e+14
701.50000000,3.092191638820e+15,2.941703539656e+14,1.204292625514e+15,2.941703539656e+14,1.204292625514e+15,1.151599278715e+15,1.198217173049e+15
702.00000000,9.160031219620e+15,1.624033457867e+15,6.648567710962e+15,1.624033457867e+15,6.648567710962e+15,6.357662264376e+15,6.615026812208e+15
702.50000000,2.973235284227e+16,5.879741363588e+15,2.407084557857e+16,5.879741363588e+15,2.407084557857e+16,2.301763526515e+16,2.394941223691e+16
703.00000000,6.413846332016e+16,1.396652000468e+16,5.717699563871e+16,1.396652000468e+16,5.717699563871e+16,5.467523884333e+16,5.688854737363e+16
703.50000000,8.475572504747e+16,2.177339732435e+16,8.913726851337e+16,2.177339732435e+16,8.913726851337e+16,8.523710263836e+16,8.868758608130e+16
704.00000000,8.308304663783e+16,2.228163860558e+16,9.121793782185e+16,2.228163860558e+16,9.121793782185e+16,8.722673308544e+16,9.075775876531e+16
704.50000000,5.764458613473e+16,1.496769528596e+16,6.127566836980e+16,1.496769528596e+16,6.127566836980e+16,5.859457577262e+16,6.096654299454e+16
705.00000000,2.365131040249e+16,6.599063638912e+15,2.701565119838e+16,6.599063638912e+15,2.701565119838e+16,2.583359208156e+16,2.687936181082e+16
705.50000000,7.097318107186e+15,1.908951669832e+15,7.814983350463e+15,1.908951669832e+15,7.814983350463e+15,7.473041849613e+15,7.775558082243e+15
706.00000000,2.164000031309e+15,3.621589051544e+14,1.482628323562e+15,3.621589051544e+14,1.482628323562e+15,1.417756508559e+15,1.475148714623e+15
706.50000000,1.088380245784e+15,4.503512464123e+13,1.843675535737e+14,4.503512464123e+13,1.843675535737e+14,1.763006242982e+14,1.834374504724e+14
707.00000000,8.592222506219e+14,3.668295856374e+12,1.501749441601e+13,3.668295856375e+12,1.501749441602e+13,1.436040989653e+13,1.494173369858e+13
707.50000000,6.831011586403e+14,1.955709895852e+11,8.006405042074e+11,1.955709895851e+11,8.006405042073e+11,7.656087960939e+11,7.966014083827e+11
708.00000000,1.170942203663e+15,6.862175395451e+09,2.809279423409e+10,6.862175395325e+09,2.809279423358e+10,2.686360515139e+10,2.795107084325e+10
708.50000000,1.215685240687e+15,2.264315843861e+09,9.269794987281e+09,2.264315843502e+09,9.269794985810e+09,8.864198780357e+09,9.223030441451e+09
709.00000000,1.020697874046e+15,6.569586133824e+10,2.689497438130e+11,6.569586133800e+10,2.689497438120e+11,2.571819543252e+11,2.675929378964e+11
709.50000000,3.165126787559e+14,1.337728978846e+12,5.476476886415e+12,1.337728978846e+12,5.476476886414e+12,5.236855809910e+12,5.448848987832e+12
710.00000000,1.308590918811e+15,1.782652547710e+13,7.297932263126e+13,1.782652547710e+13,7.297932263126e+13,6.978614128233e+13,7.261115430586e+13
710.50000000,2.759852854419e+15,1.555841284783e+14,6.369398413117e+14,1.555841284783e+14,6.369398413117e+14,6.090707908967e+14,6.337265876627e+14
711.00000000,6.599782993053e+15,8.899375312784e+14,3.643280812084e+15,8.899375312784e+14,3.643280812084e+15,3.483870503539e+15,3.624901077288e+15
711.50000000,1.704907771539e+16,3.338119014265e+15,1.366579622241e+16,3.338119014265e+15,1.366579622241e+16,1.306785472279e+16,1.359685459444e+16
712.00000000,3.688904835877e+16,8.214784856169e+15,3.363018974926e+16,8.214784856169e+15,3.363018974926e+16,3.215871412032e+16,3.346053113643e+16
712.50000000,5.268582036312e+16,1.326750208850e+16,5.431531324889e+16,1.326750208850e+16,5.431531324889e+16,5.193876823622e+16,5.404130169053e+16
713.00000000,5.228873621907e+16,1.406570384351e+16,5.758304051735e+16,1.406570384351e+16,5.758304051735e+16,5.506351739266e+16,5.729254382824e+16
713.50000000,3.695157495934e+16,9.788656371687e+15,4.007340142608e+16,9.788656371687e+15,4.007340142608e+16,3.832000562288e+16,3.987123790134e+16
714.00000000,1.754249907996e+16,4.471081472508e+15,1.830398737612e+16,4.471081472508e+15,1.830398737612e+16,1.750310366011e+16,1.821164685914e+16
714.50000000,5.833367172366e+15,1.339988276983e+15,5.485726139604e+15,1.339988276983e+15,5.485726139604e+15,5.245700365690e+15,5.458051580105e+15
715.00000000,2.136178169387e+15,2.633900328930e+14,1.078282260503e+15,2.633900328930e+14,1.078282260503e+15,1.031102447386e+15,1.072842509080e+15
715.50000000,6.619113638504e+14,3.393655995143e+13,1.389315691873e+14,3.393655995143e+13,1.389315691873e+14,1.328526734191e+14,1.382306829454e+14
716.00000000,5.723444621267e+14,2.864328709465e+12,1.172616443280e+13,2.864328709465e+12,1.172616443280e+13,1.121309075369e+13,1.166700791878e+13
716.50000000,1.045690539734e+15,1.582464961794e+11,6.478392053897e+11,1.582464961792e+11,6.478392053888e+11,6.194932576170e+11,6.445709662938e+11
717.00000000,1.755704045270e+15,5.717388192556e+09,2.340619421596e+10,5.717388192263e+09,2.340619421476e+10,2.238206546089e+10,2.328811392923e+10
717.50000000,1.087377688034e+15,1.349164973430e+08,5.523294261984e+08,1.349164970213e+08,5.523294248813e+08,5.281624711461e+08,5.495430179439e+08
718.00000000,1.799219926595e+15,2.075425993405e+06,8.496506139944e+06,2.075425744410e+06,8.496505120594e+06,8.124744510263e+06,8.453642320525e+06
718.50000000,9.326774136526e+14,2.074960131664e+04,8.494598966593e+04,2.074935727594e+04,8.494499059714e+04,8.122924326398e+04,8.451748453790e+04
719.00000000,9.610808336737e+14,1.340606132909e+02,5.488255556065e+02,1.338724741512e+02,5.480553400650e+02,5.239434155671e+02,5.451531707617e+02
719.50000000,4.543872941658e+14,9.291041666667e-01,3.803623584659e+00,7.575537037037e-01,3.101319784617e+00,3.444758506944e+00,3.584205787826e+00
720.00000000,1.129301956490e+15,2.388734905478e-01,9.779149367690e-01,-4.562338927469e-02,-1.867758273864e-01,9.960479552469e-01,1.036368975924e+00
720.50000000,1.694535536170e+15,1.200441449653e+00,4.914440784700e+00,8.177339747299e-01,3.347689466746e+00,5.212109519676e+00,5.423100942938e+00
721.00000000,1.224774847308e+15,9.098596305941e-01,3.724839123339e+00,5.415699701003e-01,2.217112337798e+00,3.896466304977e+00,4.054199170773e+00
721.50000000,1.706178283239e+15,6.218166232639e-01,2.545631005041e+00,9.700307581019e-01,3.971171373171e+00,3.875879267940e+00,4.032778749819e+00
722.00000000,9.367721610614e+14,6.611249517747e-01,2.706553849606e+00,1.158486400463e+00,4.742682632795e+00,4.339114805170e+00,4.514766526413e+00
722.50000000,1.755839535144e+15,4.172191695602e-01,1.708037408770e+00,5.753435715664e-01,2.355376777550e+00,2.087979619985e+00,2.172503130110e+00
723.00000000,1.210269135687e+15,-1.245240258488e-01,-5.097840894142e-01,2.585561342593e-01,1.058492949994e+00,1.298177179784e-01,1.350728694631e-01
723.50000000,9.663935425755e+14,-2.756641975309e-01,-1.128530988012e+00,1.063751253858e-01,4.354850083066e-01,-8.408670717593e-01,-8.749062145622e-01
724.00000000,5.708112217788e+14,-1.274409915123e-01,-5.217257422360e-01,1.441010802469e-01,5.899298346368e-01,3.146981095679e-01,3.274374048158e-01
724.50000000,1.328659392150e+15,2.641528549383e-01,1.081405148147e+00,4.788847608025e-01,1.960487785839e+00,1.087935706019e+00,1.131976435049e+00
725.00000000,1.010620294675e+15,1.046037615741e+00,4.282332905627e+00,1.054237866512e+00,4.315903594850e+00,2.714776601080e+00,2.824673481938e+00
725.50000000,4.033932691701e+13,6.438044174383e-01,2.635645984520e+00,3.264863763503e-01,1.336589938684e+00,1.655261390818e+00,1.722268032831e+00
726.00000000,1.118580383284e+15,1.978209587191e-01,8.098515657544e-01,-9.307162905093e-02,-3.810223396057e-01,4.650015817901e-01,4.838253124103e-01
726.50000000,3.787573264863e+14,1.333933690201e-01,5.460939501134e-01,-1.601480999228e-01,-6.556241073488e-01,5.973565682870e-01,6.215381615675e-01
727.00000000,1.067370781097e+15,1.644425733025e-01,6.732050856895e-01,8.501152584877e-02,3.480253950925e-01,5.610651813272e-01,5.837776628482e-01
727.50000000,8.615808225997e+14,3.661385127315e-01,1.498920284981e+00,5.950356867284e-02,2.435993565580e-01,1.563914824460e+00,1.627223665809e+00
728.00000000,1.381999718686e+15,5.870751929012e-01,2.403404408032e+00,4.912228491512e-01,2.010998208154e+00,1.955600713735e+00,2.034765392905e+00
728.50000000,6.705870315981e+14,4.436628665123e-01,1.816294236155e+00,3.326823784722e-01,1.361955511939e+00,1.461395910494e+00,1.520554683336e+00
729.00000000,7.992212922350e+14,5.190091338735e-01,2.124751403642e+00,3.073298225309e-01,1.258165664504e+00,9.974934124228e-01,1.037872946657e+00
729.50000000,1.797240163846e+15,7.407558641975e-01,3.032551759664e+00,6.124961033951e-01,2.507474089524e+00,2.587073649691e+00,2.691800986938e+00
730.00000000,6.792987558425e+14,5.324082465278e-01,2.179605512292e+00,4.406365837191e-01,1.803905054167e+00,1.989155160108e+00,2.069678156936e+00
730.50000000,1.086958061910e+15,5.678877314815e-02,2.324853602423e-01,-3.094014274691e-02,-1.266646527774e-01,1.636791888503e+00,1.703050866530e+00
731.00000000,9.280481322089e+14,1.639469425154e-01,6.711760419951e-01,6.874704861111e-02,2.814408812857e-01,4.913968557099e-01,5.112890935037e-01
731.50000000,1.334627937779e+15,-4.056581404321e-01,-1.660708159121e+00,-5.321956790123e-01,-2.178735290368e+00,-1.886234567901e+00,-1.962591235885e+00
732.00000000,9.030714185060e+14,-4.779626157407e-01,-1.956712651865e+00,-6.348480131173e-01,-2.598979707550e+00,-2.972754137731e+00,-3.093094208131e+00
732.50000000,3.184685999842e+14,-1.125084114583e+00,-4.605938307550e+00,-9.798003279321e-01,-4.011166636944e+00,-4.031205844907e+00,-4.194393102479e+00
733.00000000,1.033893683466e+15,-5.125196807485e-01,-2.098184482684e+00,-6.014507233796e-01,-2.462255835817e+00,-2.457591338735e+00,-2.557077102109e+00
733.50000000,8.216193800574e+14,-6.426702305170e-01,-2.631002780585e+00,-2.319040123457e-01,-9.493828597279e-01,-2.671835407022e+00,-2.779993985256e+00
734.00000000,1.409009445694e+15,-3.322297116127e-01,-1.360102356604e+00,-2.574559558256e-01,-1.053988972090e+00,-1.961478395062e+00,-2.040881008670e+00
734.50000000,1.553281724762e+15,-1.219664400077e-01,-4.993136877371e-01,-2.815351080247e-01,-1.152565681235e+00,-1.235052469136e+00,-1.285048632356e+00
735.00000000,1.490698575064e+15,2.130105854552e-01,8.720357906976e-01,-1.411753327546e-01,-5.779522302264e-01,-5.140833719136e-01,-5.348939826473e-01
735.50000000,7.717851654043e+14,4.801154899691e-01,1.965526220336e+00,2.633788339120e-02,1.078236413428e-01,2.261109567901e-01,2.352641552040e-01
736.00000000,7.402437152668e+14,8.075401548032e-01,3.305957381925e+00,4.957049358603e-01,2.029347249442e+00,2.994342156154e+00,3.115556131201e+00
736.50000000,1.124483373012e+15,7.825437692901e-01,3.203625646819e+00,5.339770375193e-01,2.186027925008e+00,2.534951509452e+00,2.637568890162e+00
737.00000000,1.193623013161e+15,3.800824266975e-01,1.556004734634e+00,4.525159927180e-01,1.852537706846e+00,1.481996117863e+00,1.541988807770e+00
737.50000000,1.121207682570e+15,5.808955475984e-01,2.378105797325e+00,7.579608169367e-01,3.102986449723e+00,2.174691265191e+00,2.262724949723e+00
738.00000000,1.070383130754e+15,3.202599880642e-01,1.311099968687e+00,6.025156020930e-01,2.466615301563e+00,8.157727044753e-01,8.487960021106e-01
738.50000000,6.890326868620e+14,4.420443311150e-01,1.809668176741e+00,5.403259446132e-01,2.212019470010e+00,1.757423085455e+00,1.828565335378e+00
739.00000000,1.104098971843e+15,4.382253912278e-01,1.794033966558e+00,9.095304639275e-01,3.723491560663e+00,1.457968351538e+00,1.516988373355e+00
739.50000000,1.297002536910e+15,8.696452573423e-01,3.560207057279e+00,3.239036807967e-01,1.326016741326e+00,2.097358656744e+00,2.182261839689e+00
740.00000000,1.224339987525e+15,8.095484498577e-01,3.314179063313e+00,3.690691722729e-01,1.510917998640e+00,1.690306871805e+00,1.758732190054e+00
740.50000000,1.437748308628e+15,2.234362759814e-01,9.147171215906e-01,9.652687249831e-02,3.951676270113e-01,1.123576599573e+00,1.169060107737e+00
741.00000000,3.151269365163e+14,2.768819658444e-01,1.133516362574e+00,3.714707438151e-02,1.520749699418e-01,4.551269082152e-01,4.735509021406e-01
741.50000000,1.955439658657e+15,1.509674096378e-01,6.180396347521e-01,1.108014176734e-01,4.536056349721e-01,1.028158385025e+00,1.069779268120e+00
742.00000000,1.544161116395e+15,-1.077673522196e-01,-4.411845918518e-01,-1.066600240825e-01,-4.366513440533e-01,-2.046035804278e-01,-2.128861386657e-01
742.50000000,1.413018569791e+15,5.790612340856e-02,2.370596372237e-01,-2.568495686849e-02,-1.051506507246e-01,5.655669780213e-01,5.884616967897e-01
743.00000000,1.330451385634e+15,4.567979321892e-02,1.870067373104e-01,2.755328489704e-02,1.127993265225e-01,-6.574766378520e-01,-6.840919518738e-01
743.50000000,9.174419771557e+14,-3.465786193094e-02,-1.418844794415e-01,-2.822781795549e-01,-1.155607713010e+00,-4.088906727732e-01,-4.254429774939e-01
744.00000000,1.926086816136e+15,2.370962534963e-01,9.706391747961e-01,-1.992040947808e-01,-8.155139329397e-01,-8.913941559968e-02,-9.274786858693e-02
744.50000000,8.641409713127e+14,5.191757551782e-01,2.125433528152e+00,3.967324386032e-01,1.624167573894e+00,1.444212114499e+00,1.502675270037e+00
745.00000000,7.660951878292e+14,9.450510886863e-01,3.868908071451e+00,7.514789439260e-01,3.076450560701e+00,2.815263692974e+00,2.929228392141e+00
745.50000000,1.084039085040e+15,4.644895471644e-01,1.901555777928e+00,1.092911241319e-01,4.474227027025e-01,1.214324732350e+00,1.263481815986e+00
746.00000000,1.268140865208e+15,4.651874071663e-01,1.904412719977e+00,3.790967038002e-02,1.551969321819e-01,1.713381054688e+00,1.782740439013e+00
746.50000000,7.465639683457e+14,4.067901698736e-01,1.665342530634e+00,-2.299920488522e-02,-9.415555463893e-02,1.028685088735e+00,1.070327293324e+00
747.00000000,6.525519591611e+14,1.503555483218e-01,6.155347593939e-01,-2.043270531925e-01,-8.364866140847e-01,-5.217737316744e-01,-5.428956558879e-01
747.50000000,1.115044857561e+15,2.487064826871e-01,1.018169842678e+00,-2.335541787230e-01,-9.561384119862e-01,-7.361694082755e-01,-7.659702846055e-01
748.00000000,9.012573036069e+14,-7.958205536265e-03,-3.257978960304e-02,-1.596721233603e-01,-6.536755253234e-01,-7.509423707562e-01,-7.813412714308e-01
748.50000000,8.037384385684e+14,1.316636622299e-01,5.390127704379e-01,-3.184366753472e-01,-1.303635579331e+00,-1.222084056713e-02,-1.271555245585e-02
749.00000000,8.981654167620e+14,1.531245418596e-01,6.268706348576e-01,2.446411699460e-01,1.001527016205e+00,5.733255931713e-01,5.965343884660e-01
749.50000000,1.350496083973e+15,-1.600087962963e-01,-6.550538176241e-01,-3.525342206790e-01,-1.443226200335e+00,-3.576298369985e-01,-3.721070516511e-01
750.00000000,1.391229975717e+15,-9.637398726852e-03,-3.945417360868e-02,4.476294849537e-02,1.832533021854e-01,2.644569299769e-01,2.751624118622e-01
750.50000000,1.394872711937e+15,2.179739342207e-01,8.923550520898e-01,2.446997926312e-01,1.001767009347e+00,1.800785802469e+00,1.873683418688e+00
751.00000000,1.336739541046e+15,-7.682387152778e-02,-3.145062739910e-01,3.242586805556e-02,1.327470061098e-01,6.680468460648e-01,6.950900527214e-01
751.50000000,1.430320901991e+15,-4.403158950617e-01,-1.802592199286e+00,-2.737288194444e-01,-1.120607818578e+00,-8.846373746142e-01,-9.204483831965e-01
752.00000000,1.276101420844e+15,-3.305311149691e-01,-1.353148537554e+00,-6.165209104938e-01,-2.523951091515e+00,-1.847983043981e+00,-1.922791251895e+00
752.50000000,1.348548930173e+15,-1.075825327932e-01,-4.404279667561e-01,-3.229192129630e-01,-1.321986466568e+00,-1.331894184028e+00,-1.385810597039e+00
753.00000000,1.147483884654e+15,-5.876101466049e-02,-2.405594434293e-01,-2.470670138889e-01,-1.011458084824e+00,-2.296493518519e+00,-2.389457880483e+00
753.50000000,7.501666392123e+14,9.282832272377e-02,3.800262772507e-01,-4.856367669753e-02,-1.988129562557e-01,-1.154551263503e+00,-1.201288657143e+00
754.00000000,8.283389830662e+14,3.707389081790e-02,1.517753665835e-01,2.554215374228e-01,1.045660345338e+00,5.435490451389e-01,5.655524558911e-01
754.50000000,1.015916286410e+15,3.508614969136e-02,1.436378301259e-01,6.560704089506e-02,2.685861252387e-01,6.214683931327e-01,6.466260572771e-01
755.00000000,6.070411405281e+14,-1.599366608796e-01,-6.547585052340e-01,-7.532908950617e-03,-3.083868437320e-02,4.500132137346e-02,4.682302001763e-02
755.50000000,9.387557901388e+14,2.466720100309e-01,1.009840993820e+00,3.327457175926e-01,1.362214813512e+00,7.988372685185e-01,8.311750027130e-01
756.00000000,4.670180440190e+14,-2.172092978395e-02,-8.892247368061e-02,2.128030381944e-01,8.711861210002e-01,-1.902819830247e-01,-1.979847886292e-01
756.50000000,1.430633503037e+15,-1.017096170910e+00,-4.163850644886e+00,-6.901483989198e-01,-2.825371816450e+00,-2.904199141590e+00,-3.021764036956e+00
757.00000000,1.340604871786e+15,-8.596839120370e-01,-3.519426691312e+00,-5.758678047840e-01,-2.357522915628e+00,-3.327586005015e+00,-3.462290025446e+00
757.50000000,1.245502442480e+15,-4.689220389660e-01,-1.919701784544e+00,-5.764772183642e-01,-2.360017770295e+00,-1.434051543210e+00,-1.492103388627e+00
758.00000000,8.860165762204e+14,-1.970142843364e-01,-8.065491527234e-01,-1.969247588735e-01,-8.061826478958e-01,-1.665225144676e+00,-1.732635129443e+00
758.50000000,1.122685300165e+15,-2.427868923611e-01,-9.939358609745e-01,-3.078839120370e-01,-1.260434030086e+00,-2.681431905864e-01,-2.789978960001e-01
759.00000000,1.848465628513e+15,1.143493827160e-01,4.681305117277e-01,2.330245707948e-01,9.539702705886e-01,2.754161458333e-01,2.865652677732e-01
759.50000000,1.778861976700e+15,8.280363136574e-02,3.389865813304e-01,2.662644772377e-01,1.090049836943e+00,9.359554928627e-01,9.738439103650e-01
760.00000000,1.025321095082e+15,8.624797935957e-02,3.530872642604e-01,4.367358458719e-01,1.787935974482e+00,3.380216435185e-01,3.517050988239e-01
760.50000000,1.168245023049e+15,2.322064091435e-01,9.506208302736e-01,5.211757860725e-01,2.133621377214e+00,1.441545336613e+00,1.499900538306e+00
761.00000000,1.751445179277e+15,1.406274016204e-01,5.757090761648e-01,3.301240065586e-01,1.351481892190e+00,1.318869222608e+00,1.372258372112e+00
761.50000000,1.318809498359e+15,-3.419439621914e-01,-1.399871151035e+00,9.310674672068e-02,3.811661064746e-01,4.868560715664e-01,5.065644938618e-01
762.00000000,1.533194491447e+15,-2.035216097608e-01,-8.331892403962e-01,9.276691743827e-02,3.797748925293e-01,2.534509548611e-02,2.637109038302e-02
762.50000000,1.375479332850e+15,-2.675239703897e-01,-1.095206027206e+00,1.217974826389e-01,4.986219997048e-01,-2.846899667245e-01,-2.962145022396e-01
763.00000000,8.688308718752e+14,2.847000868056e-02,1.165522665358e-01,2.095667028356e-01,8.579370129452e-01,-1.731601562500e-01,-1.801698531264e-01
763.50000000,1.255476627418e+15,1.514565441744e-01,6.200420836982e-01,1.318244381752e-01,5.396709648568e-01,2.928096064815e-03,3.046628331612e-03
764.00000000,1.113865318258e+15,1.403195023148e-01,5.744485791158e-01,-2.696530430170e-02,-1.103922155224e-01,-3.723218098958e-01,-3.873937703535e-01
764.50000000,1.649650751087e+15,-1.628698423032e-01,-6.667665431282e-01,-1.419839120370e-01,-5.812624416526e-01,-9.156422212577e-01,-9.527083371429e-01
765.00000000,1.542904059672e+15,-3.385478298611e-01,-1.385967856344e+00,-3.423703679591e-01,-1.401616797102e+00,-8.480436197917e-01,-8.823732764600e-01
765.50000000,1.601345261350e+15,1.673643301505e-02,6.851663529557e-02,8.338545645255e-02,3.413684925323e-01,-8.023606589988e-01,-8.348410235754e-01
766.00000000,8.840765552194e+14,5.881258499711e-02,2.407705652342e-01,7.999661940586e-02,3.274950637201e-01,-5.186753749518e-01,-5.396718745762e-01
766.50000000,1.922098336708e+15,1.399221516927e-01,5.728218807844e-01,3.189603991850e-01,1.305779632078e+00,5.021632456838e-01,5.224913177470e-01
767.00000000,1.579217311962e+15,1.858683256173e-01,7.609191437548e-01,4.252085738571e-01,1.740744921772e+00,1.490943997758e+00,1.551298906821e+00
767.50000000,1.266010198870e+15,-1.145795777874e-02,-4.690728984201e-02,1.007645727840e-01,4.125161841805e-01,1.726533970812e+00,1.796425798379e+00
768.00000000,1.494441676928e+15,-1.099630773474e-01,-4.501735859615e-01,6.601023808232e-02,2.702367585969e-01,1.108666347174e+00,1.153546273359e+00
768.50000000,1.003118328005e+15,-3.905198989680e-02,-1.598734298354e-01,3.005532285337e-01,1.230423228644e+00,1.285859503852e+00,1.337912386818e+00
769.00000000,2.110333208534e+15,7.786434280961e-02,3.187658190977e-01,-8.167398350092e-02,-3.343619596624e-01,-6.887690101153e-01,-7.166510707655e-01
769.50000000,1.423894015816e+15,2.122630196277e-01,8.689753598926e-01,4.364340232567e-02,1.786700354560e-01,-6.749133014443e-01,-7.022344691046e-01
770.00000000,1.298587912325e+15,1.615575448495e-01,6.613941793781e-01,-2.784161723573e-02,-1.139797191232e-01,-3.051724699797e-01,-3.175261577790e-01
770.50000000,1.369811459324e+15,-1.505917293596e-01,-6.165016518026e-01,-1.382694471571e-01,-5.660559376581e-01,-2.269873761212e-01,-2.361760528690e-01
771.00000000,1.439901637784e+15,-4.621631564670e-01,-1.892031857101e+00,-1.426584774064e-02,-5.840240187077e-02,-1.005537832755e+00,-1.046243013196e+00
771.50000000,1.566192981166e+15,-4.747921887056e-01,-1.943733363345e+00,-3.719976972415e-02,-1.522906973653e-01,-1.409098616536e+00,-1.466140342444e+00
772.00000000,1.110823668423e+15,-4.021204668210e-01,-1.646225414059e+00,-1.628309763214e-01,-6.666074311894e-01,-1.410848177083e+00,-1.467960726957e+00
772.50000000,6.268524017655e+14,-2.409475320698e-01,-9.864057750750e-01,1.289590808256e-01,5.279405893142e-01,8.027320842978e-02,8.352274845432e-02
773.00000000,1.484366142444e+15,-9.526039134838e-02,-3.899828288538e-01,7.597495418596e-02,3.110309241448e-01,5.178368790992e-01,5.387994355701e-01
773.50000000,1.314870726540e+15,-1.991651174286e-01,-8.153543650663e-01,-1.270436547550e-01,-5.200991006650e-01,7.471412037037e-02,7.773862293219e-02
774.00000000,1.227122298790e+15,-3.066970196759e-01,-1.255575057390e+00,-1.293604576582e-01,-5.295837703927e-01,5.151300347222e-01,5.359830154167e-01
774.50000000,1.266342160823e+15,-2.259358277874e-01,-9.249499399781e-01,1.570235243056e-01,6.428325281735e-01,3.166614607446e-01,3.294802344182e-01
775.00000000,1.790302581190e+15,4.308498263889e-01,1.763839427153e+00,4.907095775463e-01,2.008896945398e+00,1.567385949556e+00,1.630835305532e+00
775.50000000,1.087716884056e+15,6.010387996721e-01,2.460569477295e+00,1.015374469522e+00,4.156802238213e+00,3.626420686246e+00,3.773221834428e+00
776.00000000,1.892328243810e+15,9.041646074460e-01,3.701524488512e+00,8.991721185378e-01,3.681085931418e+00,2.105493434124e+00,2.190725921020e+00
776.50000000,1.799773370573e+15,1.097947200521e+00,4.494843545471e+00,9.762168185764e-01,3.996496246701e+00,3.294475795718e+00,3.427839481653e+00
777.00000000,1.412007774592e+15,6.102409505208e-01,2.498241806463e+00,4.349932990934e-01,1.780802229675e+00,7.627698881173e-01,7.936475785626e-01
777.50000000,1.662602245817e+15,1.460794391397e-01,5.980289615306e-01,5.205673466435e-02,2.131130510587e-01,-4.791589023920e-02,-4.985557355558e-02
778.00000000,1.784319880715e+15,7.921662808642e-02,3.243018874489e-01,4.903802565586e-02,2.007548750954e-01,-2.359344955633e-01,-2.454853606838e-01
778.50000000,1.572683604950e+15,5.470656828704e-02,2.239611023583e-01,1.790267746914e-01,7.329107832382e-01,-2.317303771219e-01,-2.411110553094e-01
779.00000000,1.412719660912e+15,-1.908102527006e-01,-7.811507077518e-01,2.597705632716e-01,1.063464653920e+00,-8.418096016590e-01,-8.758868990180e-01
779.50000000,2.031877046649e+15,-2.509333478009e-01,-1.027286319571e+00,1.257909963349e-01,5.149708908460e-01,-7.465712770062e-01,-7.767932314198e-01
780.00000000,1.293511754076e+15,-4.633583670910e-01,-1.896924883611e+00,2.437229938272e-02,9.977681305322e-02,-1.244685378086e+00,-1.295071491127e+00
780.50000000,1.062335522533e+15,-5.840807773920e-01,-2.391145686285e+00,-2.161461226852e-01,-8.848722451946e-01,-1.674005256559e+00,-1.741770669065e+00
781.00000000,6.950983823691e+14,-1.911042872299e-01,-7.823544443301e-01,-2.003704716435e-01,-8.202889180304e-01,-9.200151716821e-01,-9.572583089883e-01
781.50000000,5.374119259656e+14,2.610451051312e-01,1.068682451505e+00,1.609382619599e-01,6.588589211270e-01,1.550144979745e+00,1.612896403963e+00
782.00000000,1.498030511628e+15,4.249008342978e-01,1.739485078702e+00,1.238681086034e-01,5.070988551922e-01,4.827512249228e-01,5.022934789073e-01
782.50000000,1.417465840453e+15,4.073772858796e-01,1.667746102125e+00,9.722815393519e-02,3.980385759409e-01,3.393078028549e-01,3.530433231809e-01
783.00000000,1.182756501589e+15,5.750077160494e-02,2.354001831649e-01,1.819522617670e-01,7.448873215389e-01,4.380391589506e-02,4.557714236398e-02
783.50000000,1.035127777112e+15,3.815160493827e-01,1.561873787053e+00,3.345404996142e-01,1.369562402159e+00,1.193949180170e+00,1.242281441009e+00
784.00000000,1.426040237388e+15,4.296911265432e-01,1.759095870705e+00,5.944383680556e-01,2.433548225786e+00,8.463325327932e-01,8.805929229430e-01
784.50000000,5.895152467020e+14,3.823923225309e-01,1.565461127776e+00,7.753091001157e-01,3.174007914722e+00,5.461624228395e-01,5.682716257433e-01
785.00000000,1.216160776645e+15,4.974170717593e-01,2.036356496326e+00,6.794164158951e-01,2.781436566553e+00,1.734011506559e+00,1.804206032276e+00
785.50000000,1.199808671185e+15,4.645009066358e-01,1.901602282028e+00,5.049027488426e-01,2.067001819986e+00,2.336461930941e+00,2.431044254346e+00
786.00000000,2.213652050954e+15,3.775043402778e-01,1.545450406431e+00,2.387249035494e-01,9.773066422074e-01,1.442245071373e+00,1.500628599032e+00
786.50000000,1.568722377332e+15,3.801746961806e-01,1.556382473099e+00,2.783586612654e-01,1.139561748799e+00,9.075458092207e-01,9.442841742225e-01
787.00000000,1.461749064322e+15,3.697950376157e-01,1.513889590670e+00,2.443161024306e-01,1.000196234886e+00,-4.330655189043e-01,-4.505964456538e-01
787.50000000,1.991792990626e+15,3.264987702546e-01,1.336640677609e+00,3.121792824074e-01,1.278018680582e+00,-2.156031057099e-02,-2.243309357683e-02
788.00000000,1.083887928953e+15,4.026122516397e-01,1.648238712892e+00,3.953691285687e-01,1.618586371715e+00,-1.157410783179e-02,-1.204263933045e-02
788.50000000,1.880419452339e+15,-1.387263382523e-01,-5.679263864277e-01,-1.113433159722e-03,-4.558240914423e-03,-1.477784989873e+00,-1.537607209094e+00
789.00000000,9.043405404473e+14,-9.634292293596e-02,-3.944145630182e-01,5.625500578704e-02,2.303001907035e-01,4.169591905382e-01,4.338381169541e-01
789.50000000,1.357515525706e+15,-2.682428415557e-01,-1.098148986047e+00,3.232626564308e-01,1.323392476488e+00,4.857268940490e-01,5.053896061055e-01
790.00000000,1.126872240312e+15,1.021294456765e-01,4.181037844839e-01,4.024740388470e-01,1.647672888890e+00,1.739880709424e+00,1.810312826363e+00
790.50000000,1.296440609245e+15,2.973131453149e-01,1.217158777370e+00,4.526380527826e-01,1.853037403820e+00,1.653990698318e+00,1.720945901424e+00
791.00000000,1.464756800838e+15,2.518601900077e-01,1.031080683006e+00,2.485578462577e-01,1.017561345753e+00,1.605897472994e+00,1.670905814081e+00
791.50000000,1.483670359416e+15,-6.259976851852e-02,-2.562747692602e-01,-7.260324074074e-02,-2.972275969819e-01,-3.272716049383e-01,-3.405198878952e-01
792.00000000,1.321065267930e+15,-2.480175925926e-01,-1.015349622185e+00,-2.731212962963e-01,-1.118120703077e+00,-6.141401234568e-01,-6.390011318914e-01
792.50000000,1.691696101097e+15,-5.016123456790e-01,-2.053531365838e+00,-3.275080246914e-01,-1.340772425282e+00,-8.497580246914e-01,-8.841570821903e-01
793.00000000,1.012736716158e+15,-4.127209876543e-01,-1.689622475979e+00,-3.714629629630e-01,-1.520717845688e+00,-1.816158024691e+00,-1.889677923890e+00
793.50000000,1.122041480275e+15,-1.190108641975e+00,-4.872139703306e+00,-1.013411111111e+00,-4.148764521213e+00,-3.299397530864e+00,-3.432960453577e+00
794.00000000,1.366846795076e+15,-1.130246913580e+00,-4.627074090525e+00,-1.024344444444e+00,-4.193524071345e+00,-2.731303703704e+00,-2.841869618259e+00
794.50000000,1.458230853010e+15,-7.529086419753e-01,-3.082303546205e+00,-7.822796296296e-01,-3.202544295687e+00,-3.717397530864e+00,-3.867881513004e+00
795.00000000,1.495178396082e+15,-4.789768518519e-01,-1.960864793821e+00,-5.216371913580e-01,-2.135510306453e+00,-2.174490123457e+00,-2.262515665569e+00
795.50000000,1.324594057575e+15,-2.498217592593e-02,-1.022735630267e-01,-1.178221064815e-01,-4.823473611307e-01,-3.009729938272e-01,-3.131566826179e-01
796.00000000,1.635928931591e+15,2.179818748192e-01,8.923875597986e-01,2.692279860508e-01,1.102182030963e+00,-3.433427662037e-01,-3.572416258947e-01
796.50000000,1.946594353307e+15,4.347566454475e-01,1.779833402474e+00,2.860195939429e-01,1.170924544552e+00,-7.525359230324e-01,-7.829993323022e-01
797.00000000,1.746231435787e+15,4.924541039738e-01,2.016038794613e+00,2.776059799383e-01,1.136480375848e+00,6.737818287037e-03,7.010571932120e-03
797.50000000,1.582621000029e+15,-1.292453173225e-01,-5.291124018294e-01,-3.589233217593e-02,-1.469382293942e-01,-6.989661651235e-01,-7.272610168404e-01
798.00000000,1.634926438985e+15,-1.400711226852e-01,-5.734317473642e-01,-1.084225019290e-02,-4.438666838881e-02,-1.779589313272e-01,-1.851628874338e-01
798.50000000,1.410479609272e+15,-1.469774691358e-01,-6.017053717713e-01,1.585150173611e-01,6.489384938618e-01,2.206023871528e-01,2.295325931403e-01
799.00000000,1.543985178033e+15,-2.774844425154e-01,-1.135982818497e+00,-6.867939814815e-02,-2.811639296740e-01,-1.019889756944e-01,-1.061175917678e-01
799.50000000,1.311942276932e+15,7.481398051698e-02,3.062780589797e-01,2.638349344136e-01,1.080103625617e+00,7.912088396991e-01,8.232377674405e-01
800.00000000,1.410584057591e+15,1.236306423611e-01,5.061267013346e-01,-8.542195939429e-02,-3.497056530976e-01,1.662881655093e-01,1.730196773050e-01
800.50000000,1.181942711154e+15,7.780506124614e-02,3.185231285997e-01,9.306368152006e-03,3.809898035167e-02,-1.338083357446e-01,-1.392250314408e-01
801.00000000,1.703558369064e+15,-1.587705680941e-02,-6.499846831160e-02,-1.292102671682e-01,-5.289689113594e-01,5.919153766397e-01,6.158767050225e-01
801.50000000,2.034845403758e+15,9.979850139853e-02,4.085612219295e-01,-9.642543282215e-02,-3.947523470475e-01,5.808832224151e-01,6.043979581251e-01
802.00000000,1.412438983609e+15,-6.647720389660e-02,-2.721484518689e-01,-8.805820794753e-04,-3.604980890073e-03,8.099351719232e-01,8.427221603833e-01
802.50000000,1.518295560506e+15,5.678470172647e-02,2.324686924067e-01,8.825918330440e-02,3.613208542415e-01,5.978675781250e-01,6.220698575965e-01
803.00000000,1.039507155054e+15,-9.566629533179e-02,-3.916445434600e-01,-5.444069673515e-02,-2.228726611032e-01,7.685046308353e-01,7.996144694201e-01
803.50000000,1.169917709204e+15,-1.441835177951e-01,-5.902673225245e-01,-1.623997950424e-01,-6.648422348415e-01,3.172675648630e-01,3.301108742396e-01
804.00000000,1.409167220116e+15,-7.969115728684e-02,-3.262445441747e-01,-7.362084629389e-02,-3.013935329670e-01,-3.081145676601e-01,-3.205873545256e-01
804.50000000,1.969435038665e+15,1.169259422020e-01,4.786785888750e-01,-3.416357298298e-01,-1.398609290500e+00,-8.453765802831e-01,-8.795982725160e-01
805.00000000,1.758118844197e+15,1.974565360364e-01,8.083596698393e-01,-2.176751211661e-01,-8.911317528919e-01,-7.809731626157e-02,-8.125877398782e-02
805.50000000,1.342232920636e+15,-1.115870156371e-01,-4.568217640672e-01,-5.560143385899e-01,-2.276245578853e+00,-2.187263174250e+00,-2.275805782275e+00
806.00000000,1.905753174225e+15,2.534586804953e+00,1.037624681339e+01,1.923596041606e+00,7.874935377225e+00,6.490487367983e-01,6.753228809288e-01
806.50000000,1.675053586967e+15,6.390854776976e+02,2.616327299774e+03,6.387636160874e+02,2.615009642986e+03,6.369699059302e+02,6.627550868671e+02
807.00000000,1.136860720479e+15,9.569318582568e+04,3.917546294121e+05,9.569313939624e+04,3.917544393364e+05,9.569239458819e+04,9.956611874026e+04
807.50000000,1.991550866373e+15,8.392057571487e+06,3.435591965672e+07,8.392057685841e+06,3.435592012487e+07,8.392057190390e+06,8.731776086169e+06
808.00000000,1.772141038620e+15,4.344658291143e+08,1.778642840744e+09,4.344658293137e+08,1.778642841561e+09,4.344658294615e+08,4.520534421874e+08
808.50000000,1.371043071508e+15,1.333392734404e+10,5.458724903138e+10,1.333392734393e+10,5.458724903094e+10,1.333392734482e+10,1.387369810319e+10
809.00000000,1.439416795601e+15,2.431802119487e+11,9.955460568098e+11,2.431802119484e+11,9.955460568085e+11,2.431802119493e+11,2.530243909395e+11
809.50000000,1.136400999078e+15,2.639897237350e+12,1.080737311629e+13,2.639897237350e+12,1.080737311628e+13,2.639897237351e+12,2.746762926430e+12
810.00000000,2.382614076549e+15,1.708105771183e+13,6.992748100219e+13,1.708105771183e+13,6.992748100219e+13,1.708105771183e+13,1.777251606738e+13
810.50000000,1.395747168579e+15,6.594761970271e+13,2.699804076364e+14,6.594761970271e+13,2.699804076364e+14,6.594761970271e+13,6.861724552107e+13
811.00000000,1.358557136067e+15,1.520631036838e+14,6.225252541955e+14,1.520631036838e+14,6.225252541955e+14,1.520631036838e+14,1.582187707033e+14
811.50000000,1.582923590181e+15,2.095281038233e+14,8.577789939426e+14,2.095281038233e+14,8.577789939426e+14,2.095281038233e+14,2.180100117096e+14
812.00000000,1.912888332727e+15,1.725659965801e+14,7.064612538088e+14,1.725659965801e+14,7.064612538088e+14,1.725659965801e+14,1.795516412769e+14
812.50000000,1.923462052913e+15,8.493787633919e+13,3.477238842160e+14,8.493787633919e+13,3.477238842160e+14,8.493787633919e+13,8.837624680130e+13
813.00000000,1.347548831518e+15,2.497257304097e+13,1.022342501477e+14,2.497257304097e+13,1.022342501477e+14,2.497257304097e+13,2.598348785551e+13
813.50000000,1.277945992827e+15,4.382144790146e+12,1.793989293471e+13,4.382144790146e+12,1.793989293471e+13,4.382144790146e+12,4.559538408358e+12
814.00000000,9.256544116063e+14,4.584663516652e+11,1.876897651017e+12,4.584663516650e+11,1.876897651016e+12,4.584663516647e+11,4.770255296119e+11
814.50000000,1.559856467858e+15,2.856072315962e+10,1.169236390303e+11,2.856072315924e+10,1.169236390287e+11,2.856072315841e+10,2.971688989011e+10
815.00000000,2.003574105076e+15,1.057782619417e+09,4.330415321559e+09,1.057782618970e+09,4.330415319729e+09,1.057782619235e+09,1.100602721056e+09
815.50000000,1.886120752048e+15,2.324068935857e+07,9.514415857712e+07,2.324068908707e+07,9.514415746562e+07,2.324068822454e+07,2.418149460391e+07
816.00000000,1.584451272612e+15,3.018263337647e+05,1.235635144870e+06,3.018260624866e+05,1.235634034295e+06,3.018266001360e+05,3.140448437667e+05
816.50000000,1.401387953427e+15,2.301857648640e+03,9.423485928716e+03,2.301912277228e+03,9.423709570578e+03,2.301248725463e+03,2.394405582976e+03
817.00000000,1.420052704401e+15,1.032520728202e+01,4.226996642937e+01,1.039525151427e+01,4.255671780056e+01,1.150554977816e+01,1.197130597802e+01
817.50000000,1.419478322966e+15,4.093625000000e-01,1.675873293370e+00,4.656961612654e-01,1.906495488691e+00,1.054891493056e-01,1.097594559188e-01
818.00000000,7.484751459054e+14,3.014583429784e-01,1.234128641634e+00,2.138643180941e-01,8.755308537021e-01,6.042954089506e-01,6.287578934637e-01
818.50000000,8.214827827361e+14,2.176752724730e-01,8.911323723214e-01,2.629990813079e-01,1.076681758941e+00,1.293689737654e+00,1.346059596342e+00
819.00000000,1.116974612091e+15,2.891419753086e-02,1.183707140766e-01,1.068202160494e-01,4.373071477459e-01,1.061712962963e+00,1.104692169042e+00
819.50000000,9.753536907979e+14,-2.324302469136e-01,-9.515371910562e-01,2.366302469136e-01,9.687314084849e-01,5.184320987654e-01,5.394187503257e-01
820.00000000,1.701761629337e+15,-3.265432098765e-01,-1.336822607257e+00,8.448765432099e-02,3.458807377226e-01,1.576987654321e-01,1.640825696940e-01
