wavelength_nm,measurement,init_raw,init_fit,opt_raw,opt_fit,truth_raw,truth_fit
300.00000000,-2.859938018287e+14,-8.006269290123e-02,-3.277655594453e-01,-3.967116367670e-02,-1.624082414063e-01,-3.944639756944e-01,-4.104322732414e-01
300.50000000,7.271479693460e+13,-2.020314911265e-02,-8.270889013981e-02,7.260326244213e-02,2.972276858243e-01,8.405912422840e-02,8.746192192330e-02
301.00000000,-3.348162634406e+14,-4.081127025463e-02,-1.670756795950e-01,3.612208236883e-02,1.478787948159e-01,1.333309220679e-01,1.387282915794e-01
301.50000000,-1.253185627536e+14,-9.060908564815e-02,-3.709410284879e-01,-6.636525848765e-03,-2.716901628924e-02,-1.647699652778e-01,-1.714400188048e-01
302.00000000,-5.043806011749e+13,-4.751736111111e-02,-1.945294853767e-01,-3.979552469136e-02,-1.629173581505e-01,-1.426263503086e-01,-1.484000080825e-01
302.50000000,-5.981559103506e+13,3.947386188272e-02,1.616005152289e-01,3.631245177469e-03,1.486581407578e-02,-1.830176986883e-01,-1.904264387738e-01
303.00000000,-3.887467630959e+13,1.161860411844e-01,4.756495367389e-01,1.305339445891e-01,5.343878631166e-01,1.695903260031e-03,1.764555125691e-03
303.50000000,-3.108366392885e+14,7.701857277199e-01,3.153033538783e+00,7.703769109279e-01,3.153816216318e+00,6.885376880787e-01,7.164103845808e-01
304.00000000,1.209089609029e+14,1.043272581501e+01,4.271013238980e+01,1.040758258584e+01,4.260719949714e+01,1.204086781443e+01,1.252829422554e+01
304.50000000,-2.157472549712e+14,1.236450186270e+02,5.061855557732e+02,1.236016217568e+02,5.060078950062e+02,1.429688249904e+02,1.487563464829e+02
305.00000000,4.737673245311e+13,1.321369054422e+03,5.409501625066e+03,1.321400248119e+03,5.409629327735e+03,1.529202570409e+03,1.591106224883e+03
305.50000000,-1.185940461631e+12,1.269739683800e+04,5.198138143118e+04,1.269733032923e+04,5.198110915349e+04,1.469613886909e+04,1.529105331682e+04
306.00000000,-1.248321113480e+14,1.096531961019e+05,4.489049751255e+05,1.096531191344e+05,4.489046600314e+05,1.269143768946e+05,1.320519982190e+05
306.50000000,-3.348499915102e+14,8.510096256897e+05,3.483915366195e+06,8.510096048715e+05,3.483915280967e+06,9.849727229249e+05,1.024845407085e+06
307.00000000,3.960969921336e+13,5.935461197215e+06,2.429895484868e+07,5.935461246042e+06,2.429895504857e+07,6.869800666107e+06,7.147897090328e+06
307.50000000,-3.557895321047e+13,3.720364114380e+07,1.523065464203e+08,3.720364108514e+07,1.523065461802e+08,4.306010705781e+07,4.480322339864e+07
308.00000000,-2.033500498975e+14,2.095712088269e+08,8.579554598485e+08,2.095712086250e+08,8.579554590218e+08,2.425611682739e+08,2.523802877550e+08
308.50000000,-2.562727864422e+14,1.060955236511e+09,4.343403575876e+09,1.060955236419e+09,4.343403575497e+09,1.227967060902e+09,1.277676399687e+09
309.00000000,-8.695357456420e+13,4.827092768922e+09,1.976144824222e+10,4.827092768979e+09,1.976144824245e+10,5.586956656273e+09,5.813122267752e+09
309.50000000,-1.292479985455e+14,1.973790400760e+10,8.080424121267e+10,1.973790400767e+10,8.080424121296e+10,2.284497511316e+10,2.376976262872e+10
310.00000000,-2.099084588555e+14,7.253484161746e+10,2.969475804586e+11,7.253484161754e+10,2.969475804589e+11,8.395302008606e+10,8.735152257881e+10
310.50000000,1.581274093160e+14,2.395663265274e+11,9.807513111677e+11,2.395663265274e+11,9.807513111678e+11,2.772780111517e+11,2.885025032679e+11
311.00000000,-4.770521748544e+13,7.111174719870e+11,2.911216293020e+12,7.111174719870e+11,2.911216293020e+12,8.230590717234e+11,8.563773288162e+11
311.50000000,-9.908550059844e+12,1.897125919830e+12,7.766570370277e+12,1.897125919830e+12,7.766570370277e+12,2.195764778715e+12,2.284651540220e+12
312.00000000,-2.327823742108e+14,4.548756828907e+12,1.862197951106e+13,4.548756828907e+12,1.862197951106e+13,5.264806056072e+12,5.477930688004e+12
312.50000000,5.265741632824e+13,9.802420096173e+12,4.012974820499e+13,9.802420096173e+12,4.012974820499e+13,1.134548243127e+13,1.180475894431e+13
313.00000000,-3.620589699053e+14,1.898540847789e+13,7.772362889079e+13,1.898540847789e+13,7.772362889079e+13,2.197402439633e+13,2.286355495295e+13
313.50000000,-1.132849490981e+14,3.304869989377e+13,1.352967932640e+14,3.304869989377e+13,1.352967932640e+14,3.825110945485e+13,3.979955274730e+13
314.00000000,-4.217924491896e+13,5.170566151349e+13,2.116758062755e+14,5.170566151349e+13,2.116758062755e+14,5.984498404915e+13,6.226756905278e+13
314.50000000,-2.111272563430e+13,7.270634567921e+13,2.976496942985e+14,7.270634567921e+13,2.976496942985e+14,8.415152171121e+13,8.755805974893e+13
315.00000000,1.865367459808e+14,9.188782455364e+13,3.761760081963e+14,9.188782455364e+13,3.761760081963e+14,1.063524812131e+14,1.106577363682e+14
315.50000000,-1.982772993017e+14,1.043748134472e+14,4.272960086881e+14,1.043748134472e+14,4.272960086881e+14,1.208051277760e+14,1.256954405660e+14
316.00000000,2.874027793498e+14,1.065579647483e+14,4.362335272953e+14,1.065579647483e+14,4.362335272953e+14,1.233319430408e+14,1.283245438482e+14
316.50000000,3.169927285346e+14,9.777519073031e+13,4.002780687020e+14,9.777519073031e+13,4.002780687020e+14,1.131666157705e+14,1.177477139299e+14
317.00000000,-1.012943721663e+14,8.063503536339e+13,3.301086500972e+14,8.063503536339e+13,3.301086500972e+14,9.332831770977e+13,9.710634165765e+13
317.50000000,-5.091445013713e+13,5.976828081932e+13,2.446830513682e+14,5.976828081932e+13,2.446830513682e+14,6.917679239718e+13,7.197713836641e+13
318.00000000,6.453857369613e+13,3.981702975963e+13,1.630053969171e+14,3.981702975963e+13,1.630053969171e+14,4.608488589259e+13,4.795044831576e+13
318.50000000,1.387738017287e+14,2.384059157236e+13,9.760007502945e+13,2.384059157236e+13,9.760007502945e+13,2.759349325795e+13,2.871050555274e+13
319.00000000,3.600023553399e+13,1.282962469094e+13,5.252270392013e+13,1.282962469094e+13,5.252270392013e+13,1.484921887685e+13,1.545033015691e+13
319.50000000,1.514182956128e+13,6.205232334709e+12,2.540336046632e+13,6.205232334709e+12,2.540336046632e+13,7.182038082911e+12,7.472774191068e+12
320.00000000,3.625460517268e+12,2.697413095559e+12,1.104283506191e+13,2.697413095559e+12,1.104283506191e+13,3.122030333866e+12,3.248413254471e+12
320.50000000,-6.545802652572e+13,1.053853123893e+12,4.314328511935e+12,1.053853123893e+12,4.314328511934e+12,1.219746958911e+12,1.269123539719e+12
321.00000000,-1.143305988162e+14,3.700441674516e+11,1.514909493662e+12,3.700441674515e+11,1.514909493662e+12,4.282952127559e+11,4.456330327258e+11
321.50000000,-2.533754565752e+14,1.167791434580e+11,4.780776151794e+11,1.167791434580e+11,4.780776151791e+11,1.351621035867e+11,1.406336011635e+11
322.00000000,2.283921230722e+14,3.312168422843e+10,1.355955810067e+11,3.312168422841e+10,1.355955810066e+11,3.833558272545e+10,3.988744558065e+10
322.50000000,2.123401640613e+13,8.442904430930e+09,3.456407964644e+10,8.442904430892e+09,3.456407964629e+10,9.771956613530e+09,1.016753522257e+10
323.00000000,-7.836635226919e+13,1.934195526842e+09,7.918328199551e+09,1.934195526803e+09,7.918328199391e+09,2.238669752176e+09,2.329293350058e+09
323.50000000,-7.360114063375e+13,3.982304021567e+08,1.630300028904e+09,3.982304021258e+08,1.630300028777e+09,4.609184247485e+08,4.795768650745e+08
324.00000000,-1.547328564668e+14,7.368695648997e+07,3.016641789398e+08,7.368695632603e+07,3.016641782686e+08,8.528649660329e+07,8.873897956349e+07
324.50000000,-1.562122270174e+14,1.225415072947e+07,5.016679334438e+07,1.225415070292e+07,5.016679323570e+07,1.418315537524e+07,1.475730373642e+07
325.00000000,-2.097146527254e+14,1.835507143878e+06,7.514311648513e+06,1.835507178990e+06,7.514311792257e+06,2.124445538939e+06,2.210445226055e+06
325.50000000,-1.641170579297e+14,2.764059485503e+05,1.131567613799e+06,2.764059072685e+05,1.131567444797e+06,3.199163098418e+05,3.328668430729e+05
326.00000000,-3.007881550660e+14,2.309724253897e+05,9.455690719480e+05,2.309724399855e+05,9.455691317015e+05,2.673309700270e+05,2.781527959375e+05
326.50000000,9.901965035343e+13,1.227771335665e+06,5.026325547176e+06,1.227771328327e+06,5.026325517135e+06,1.421042579117e+06,1.478567808614e+06
327.00000000,-8.669008900941e+13,6.857580145940e+06,2.807398191999e+07,6.857580166787e+06,2.807398200534e+07,7.937075972396e+06,8.258376771936e+06
327.50000000,-2.500981843523e+14,3.534589863836e+07,1.447012062858e+08,3.534589865767e+07,1.447012063649e+08,4.090992478417e+07,4.256599958904e+07
328.00000000,9.391145078461e+13,1.677034131585e+08,6.865545117573e+08,1.677034131591e+08,6.865545117598e+08,1.941026914695e+08,2.019601631856e+08
328.50000000,-7.708724689863e+13,7.324236929813e+08,2.998441006439e+09,7.324236930389e+08,2.998441006675e+09,8.477192425296e+08,8.820357680809e+08
329.00000000,3.323576422173e+13,2.944434074480e+09,1.205410468597e+10,2.944434074525e+09,1.205410468615e+10,3.407936482348e+09,3.545893170726e+09
329.50000000,-9.215669604509e+13,1.089586831502e+10,4.460617354353e+10,1.089586831509e+10,4.460617354380e+10,1.261105740473e+10,1.312156566259e+10
330.00000000,8.897386032401e+13,3.711452745552e+10,1.519417273413e+11,3.711452745561e+10,1.519417273416e+11,4.295696522480e+10,4.469590628074e+10
330.50000000,-9.787508428212e+13,1.163722791338e+11,4.764119690710e+11,1.163722791339e+11,4.764119690713e+11,1.346911921185e+11,1.401436267266e+11
331.00000000,-2.797432412456e+13,3.358768035690e+11,1.375033045195e+12,3.358768035691e+11,1.375033045195e+12,3.887493431804e+11,4.044863066690e+11
331.50000000,-3.352105485780e+14,8.923528520437e+11,3.653168800274e+12,8.923528520437e+11,3.653168800274e+12,1.032823884921e+12,1.074633632133e+12
332.00000000,4.519638023708e+13,2.182330546857e+12,8.934158553317e+12,2.182330546857e+12,8.934158553317e+12,2.525865310370e+12,2.628114872623e+12
332.50000000,5.445687932192e+13,4.912842558196e+12,2.011249598537e+13,4.912842558196e+12,2.011249598537e+13,5.686204874384e+12,5.916388153320e+12
333.00000000,-1.768628849672e+14,1.018062772083e+13,4.167807776013e+13,1.018062772083e+13,4.167807776013e+13,1.178322616383e+13,1.226022298240e+13
333.50000000,1.053627002722e+14,1.941988101109e+13,7.950229917712e+13,1.941988101109e+13,7.950229917712e+13,2.247689006052e+13,2.338677712380e+13
334.00000000,8.284363805716e+13,3.409963080784e+13,1.395991586543e+14,3.409963080784e+13,1.395991586543e+14,3.946747420000e+13,4.106515715785e+13
334.50000000,-9.021155563415e+13,5.511687722023e+13,2.256408502179e+14,5.511687722023e+13,2.256408502179e+14,6.379318127907e+13,6.637559326824e+13
335.00000000,-3.635640609089e+13,8.200719467137e+13,3.357260799754e+14,8.200719467137e+13,3.357260799754e+14,9.491647748756e+13,9.875879173682e+13
335.50000000,1.159274284190e+13,1.123187456306e+14,4.598173651643e+14,1.123187456306e+14,4.598173651643e+14,1.299995656942e+14,1.352620785569e+14
336.00000000,-9.072868330841e+13,1.416073779054e+14,5.797209631459e+14,1.416073779054e+14,5.797209631459e+14,1.638987109716e+14,1.705334952500e+14
336.50000000,3.824748985429e+14,1.643437431313e+14,6.728004886771e+14,1.643437431313e+14,6.728004886771e+14,1.902141544733e+14,1.979142143100e+14
337.00000000,1.544214007180e+14,1.755716258781e+14,7.187658832516e+14,1.755716258781e+14,7.187658832516e+14,2.032094908489e+14,2.114356149418e+14
337.50000000,2.606445150002e+14,1.726590929707e+14,7.068423775187e+14,1.726590929707e+14,7.068423775187e+14,1.998384773025e+14,2.079281393845e+14
338.00000000,1.678725237777e+14,1.562998453055e+14,6.398698867271e+14,1.562998453055e+14,6.398698867271e+14,1.809040146746e+14,1.882271907103e+14
338.50000000,6.582700831418e+13,1.302451345430e+14,5.332055148477e+14,1.302451345430e+14,5.332055148477e+14,1.507478634070e+14,1.568502881803e+14
339.00000000,2.297554867811e+14,9.990750942180e+13,4.090074856565e+14,9.990750942180e+13,4.090074856565e+14,1.156345965360e+14,1.203156010332e+14
339.50000000,-1.529150799910e+14,7.054530475594e+13,2.888026925111e+14,7.054530475594e+13,2.888026925111e+14,8.165029736174e+13,8.495558332803e+13
340.00000000,-3.371689882540e+13,4.585334735384e+13,1.877172438655e+14,4.585334735384e+13,1.877172438655e+14,5.307141927340e+13,5.521980357821e+13
340.50000000,4.438437307976e+13,2.743509185608e+13,1.123154606070e+14,2.743509185608e+13,1.123154606070e+14,3.175382707532e+13,3.303925385758e+13
341.00000000,-1.240679786682e+14,1.511031879031e+13,6.185954921368e+13,1.511031879031e+13,6.185954921368e+13,1.748893178261e+13,1.819690128981e+13
341.50000000,-8.313107609728e+13,7.660761913221e+12,3.136209666794e+13,7.660761913221e+12,3.136209666794e+13,8.866691984619e+12,9.225624573124e+12
342.00000000,1.089041132051e+14,3.575202388620e+12,1.463638267179e+13,3.575202388620e+12,1.463638267179e+13,4.137998115809e+12,4.305508431664e+12
342.50000000,-1.556773079606e+14,1.535885111164e+12,6.287700606390e+12,1.535885111164e+12,6.287700606391e+12,1.777658718377e+12,1.849620127026e+12
343.00000000,-1.532716389954e+14,6.073587206474e+11,2.486442357148e+12,6.073587206475e+11,2.486442357148e+12,7.029669843752e+11,7.314237932699e+11
343.50000000,-1.677729019048e+14,2.210849476795e+11,9.050911096695e+11,2.210849476793e+11,9.050911096687e+11,2.558873589481e+11,2.662459359994e+11
344.00000000,-5.022348016952e+13,7.407970971375e+10,3.032720561601e+11,7.407970971385e+10,3.032720561605e+11,8.574107585892e+10,8.921196064352e+10
344.50000000,-1.416110562371e+14,2.284884832342e+10,9.354001573047e+10,2.284884832334e+10,9.354001573017e+10,2.644563329115e+10,2.751617906270e+10
345.00000000,-2.153578183274e+14,6.487138931145e+09,2.655744696958e+10,6.487138931160e+09,2.655744696964e+10,7.508321419812e+09,7.812265804844e+09
345.50000000,1.055316016013e+14,1.695393381911e+09,6.940705341842e+09,1.695393381946e+09,6.940705341986e+09,1.962276217387e+09,2.041711127643e+09
346.00000000,2.144457924075e+14,4.080062410273e+08,1.670320957259e+09,4.080062410451e+08,1.670320957331e+09,4.722331418925e+08,4.913496133218e+08
346.50000000,-3.262391586771e+14,9.122577869683e+07,3.734656842893e+08,9.122577861967e+07,3.734656839733e+08,1.055862184776e+08,1.098604545483e+08
347.00000000,-8.242370039609e+13,2.321113149657e+07,9.502315279000e+07,2.321113135440e+07,9.502315220797e+07,2.686494578644e+07,2.795246574855e+07
347.50000000,-6.085859954237e+13,2.686414005870e+07,1.099780631438e+08,2.686413990738e+07,1.099780625243e+08,3.109299794419e+07,3.235167370014e+07
348.00000000,2.165343881491e+13,1.064114153958e+08,4.356335745739e+08,1.064114152502e+08,4.356335739778e+08,1.231623241514e+08,1.281480586159e+08
348.50000000,6.429115429388e+12,4.436181494325e+08,1.816111170632e+09,4.436181493782e+08,1.816111170410e+09,5.134509508013e+08,5.342359604938e+08
349.00000000,-5.577057411327e+13,1.723935081311e+09,7.057551100241e+09,1.723935081284e+09,7.057551100129e+09,1.995310850085e+09,2.076083035420e+09
349.50000000,3.930995246299e+12,6.213712021021e+09,2.543807512588e+10,6.213712020966e+09,2.543807512566e+10,7.191852611289e+09,7.482986021403e+09
350.00000000,-1.249375481105e+14,2.076913145062e+10,8.502594332548e+10,2.076913145062e+10,8.502594332549e+10,2.403853473610e+10,2.501163874283e+10
350.50000000,5.305136708455e+13,6.437548266359e+10,2.635442966654e+11,6.437548266362e+10,2.635442966655e+11,7.450924367584e+10,7.752545262349e+10
351.00000000,-1.730699833713e+12,1.850369686981e+11,7.575156838431e+11,1.850369686981e+11,7.575156838431e+11,2.141648344893e+11,2.228344418855e+11
351.50000000,2.446912418973e+13,4.932116230404e+11,2.019139972598e+12,4.932116230404e+11,2.019139972599e+12,5.708512539962e+11,5.939598855583e+11
352.00000000,-8.315469683928e+13,1.219118105724e+12,4.990900424065e+12,1.219118105724e+12,4.990900424065e+12,1.411027370224e+12,1.468147174016e+12
352.50000000,-1.829549533687e+14,2.794452744116e+12,1.144010192298e+13,2.794452744116e+12,1.144010192298e+13,3.234345621013e+12,3.365275177141e+12
353.00000000,4.353867884766e+13,5.940008060951e+12,2.431756907813e+13,5.940008060950e+12,2.431756907813e+13,6.875063141136e+12,7.153372595627e+12
353.50000000,-3.248826880560e+14,1.170893180375e+13,4.793474268842e+13,1.170893180375e+13,4.793474268842e+13,1.355211047528e+13,1.410071350570e+13
354.00000000,1.622745648834e+14,2.140366440774e+13,8.762363323747e+13,2.140366440774e+13,8.762363323747e+13,2.477295362985e+13,2.577578765033e+13
354.50000000,-5.634178618846e+13,3.628274811769e+13,1.485365381062e+14,3.628274811769e+13,1.485365381062e+14,4.199425012281e+13,4.369421950541e+13
355.00000000,1.523979315611e+14,5.703663588849e+13,2.335000759209e+14,5.703663588849e+13,2.335000759209e+14,6.601514157349e+13,6.868750074493e+13
355.50000000,1.676244779342e+14,8.314760669555e+13,3.403947686187e+14,8.314760669555e+13,3.403947686187e+14,9.623640914298e+13,1.001321555501e+14
356.00000000,1.205974825378e+14,1.124056374071e+14,4.601730880447e+14,1.124056374071e+14,4.601730880447e+14,1.301001356671e+14,1.353667197033e+14
356.50000000,1.170135706756e+14,1.409188913470e+14,5.769023946741e+14,1.409188913470e+14,5.769023946741e+14,1.631018452919e+14,1.697043716481e+14
357.00000000,1.826468534630e+14,1.638299713838e+14,6.706971784068e+14,1.638299713838e+14,6.706971784068e+14,1.896195065927e+14,1.972954944865e+14
357.50000000,1.922716513454e+14,1.766284517664e+14,7.230923818488e+14,1.766284517664e+14,7.230923818488e+14,2.044326785343e+14,2.127083184921e+14
358.00000000,-9.632656240495e+13,1.765920809137e+14,7.229434846225e+14,1.765920809137e+14,7.229434846225e+14,2.043905823104e+14,2.126645181708e+14
358.50000000,5.308565304497e+13,1.637287917871e+14,6.702829631725e+14,1.637287917871e+14,6.702829631725e+14,1.895023996614e+14,1.971736469492e+14
359.00000000,5.233796692948e+14,1.407738879979e+14,5.763087710757e+14,1.407738879979e+14,5.763087710757e+14,1.629340160279e+14,1.695297484870e+14
359.50000000,6.280543780829e+13,1.122437696302e+14,4.595104238184e+14,1.122437696302e+14,4.595104238184e+14,1.299127872367e+14,1.351717872204e+14
360.00000000,3.042465335068e+14,8.298357797583e+13,3.397232577922e+14,8.298357797583e+13,3.397232577922e+14,9.604655960179e+13,9.993462070898e+13
360.50000000,1.383756896623e+14,5.681929923664e+13,2.326103298144e+14,5.681929923664e+13,2.326103298144e+14,6.576359255386e+13,6.842576876858e+13
361.00000000,-9.496227223495e+13,3.606848840534e+13,1.476593885632e+14,3.606848840534e+13,1.476593885632e+14,4.174626240362e+13,4.343619299452e+13
361.50000000,-1.247784752289e+14,2.123266142588e+13,8.692357074912e+13,2.123266142588e+13,8.692357074912e+13,2.457503196282e+13,2.556985391562e+13
362.00000000,2.116864666033e+13,1.159110563111e+13,4.745237868100e+13,1.159110563111e+13,4.745237868100e+13,1.341573652287e+13,1.395881899886e+13
362.50000000,-6.901050889271e+13,5.867980664546e+12,2.402269890799e+13,5.867980664546e+12,2.402269890799e+13,6.791697446496e+12,7.066632174017e+12
363.00000000,-4.299493075614e+14,2.754832800053e+12,1.127790336757e+13,2.754832800053e+12,1.127790336757e+13,3.188488845352e+12,3.317562073187e+12
363.50000000,8.124697624709e+13,1.199344342609e+12,4.909949380640e+12,1.199344342609e+12,4.909949380641e+12,1.388140891190e+12,1.444334227346e+12
364.00000000,-8.078031469616e+13,4.842101191686e+11,1.982289064323e+12,4.842101191687e+11,1.982289064324e+12,5.604327651920e+11,5.831196458733e+11
364.50000000,2.839633186747e+13,1.812860321522e+11,7.421598699069e+11,1.812860321522e+11,7.421598699071e+11,2.098234387673e+11,2.183173021085e+11
365.00000000,-3.880359097857e+14,6.294111957841e+10,2.576722131515e+11,6.294111957851e+10,2.576722131519e+11,7.284908822317e+10,7.579809241227e+10
365.50000000,-4.168843743664e+13,2.026484505748e+10,8.296146478025e+10,2.026484505754e+10,8.296146478048e+10,2.345486536204e+10,2.440434184685e+10
366.00000000,-1.219710520746e+14,6.050479972888e+09,2.476982576232e+10,6.050479972936e+09,2.476982576252e+10,7.002925151502e+09,7.286410588471e+09
366.50000000,1.194285356711e+14,1.675225156437e+09,6.858139424236e+09,1.675225156425e+09,6.858139424185e+09,1.938933181375e+09,2.017423142111e+09
367.00000000,-4.047750829108e+13,4.301262447806e+08,1.760877184415e+09,4.301262446905e+08,1.760877184046e+09,4.978351983559e+08,5.179880667204e+08
367.50000000,2.168115578812e+14,1.024345932027e+08,4.193530161301e+08,1.024345931657e+08,4.193530159787e+08,1.185594847846e+08,1.233588916930e+08
368.00000000,6.424789833244e+12,2.274157110603e+07,9.310083768265e+07,2.274157106413e+07,9.310083751109e+07,2.632146874579e+07,2.738698821197e+07
368.50000000,3.206188598566e+13,5.288579387713e+06,2.165071044791e+07,5.288579326102e+06,2.165071019568e+07,6.121088277739e+06,6.368876073210e+06
369.00000000,-1.193633978985e+13,4.005823978016e+06,1.639928772835e+07,4.005824015497e+06,1.639928788179e+07,4.636406308095e+06,4.824092687684e+06
369.50000000,1.137267366399e+14,1.404402872745e+07,5.749430559872e+07,1.404402877721e+07,5.749430580242e+07,1.625479000548e+07,1.691280021519e+07
370.00000000,1.735623026087e+14,5.777717377088e+07,2.365317352933e+08,5.777717382613e+07,2.365317355194e+08,6.687225225293e+07,6.957930812471e+07
370.50000000,1.056093468805e+14,2.247866087887e+08,9.202451968025e+08,2.247866088443e+08,9.202451970300e+08,2.601717226017e+08,2.707037349927e+08
371.00000000,6.562538094495e+13,8.189746103257e+08,3.352768456790e+09,8.189746104420e+08,3.352768457266e+09,9.478947001055e+08,9.862664286970e+08
371.50000000,1.143586068724e+14,2.793112339003e+09,1.143461449038e+10,2.793112339125e+09,1.143461449088e+10,3.232794214682e+09,3.363660968325e+09
372.00000000,6.157133140528e+13,8.916994067641e+09,3.650493685937e+10,8.916994067774e+09,3.650493685991e+10,1.032067576615e+10,1.073846707708e+10
372.50000000,-1.284793339636e+14,2.664778338047e+10,1.090923289134e+11,2.664778338060e+10,1.090923289140e+11,3.084258328145e+10,3.209112200058e+10
373.00000000,1.723774239014e+14,7.454471793440e+10,3.051757353153e+11,7.454471793454e+10,3.051757353159e+11,8.627928403134e+10,8.977195602280e+10
373.50000000,8.149279582540e+13,1.952029824736e+11,7.991339341380e+11,1.952029824736e+11,7.991339341382e+11,2.259311462332e+11,2.350770657353e+11
374.00000000,1.021731903477e+14,4.784872668269e+11,1.958860500638e+12,4.784872668269e+11,1.958860500639e+12,5.538090416568e+11,5.762277873630e+11
374.50000000,1.959542019355e+14,1.097916279292e+12,4.494716958249e+12,1.097916279292e+12,4.494716958249e+12,1.270746380538e+12,1.322187469107e+12
375.00000000,-2.627162870415e+14,2.358215396755e+12,9.654206732258e+12,2.358215396755e+12,9.654206732258e+12,2.729437331857e+12,2.839927693808e+12
375.50000000,-3.988384387494e+13,4.741476348902e+12,1.941094649429e+13,4.741476348902e+12,1.941094649429e+13,5.487862801939e+12,5.710016994762e+12
376.00000000,2.309671803156e+14,8.924009137000e+12,3.653365558028e+13,8.924009137000e+12,3.653365558028e+13,1.032879512273e+13,1.074691511337e+13
376.50000000,1.932203578072e+13,1.572255463334e+13,6.436595783335e+13,1.572255463334e+13,6.436595783335e+13,1.819754362873e+13,1.893419845450e+13
377.00000000,1.643602689812e+13,2.593004419898e+13,1.061540042602e+14,2.593004419898e+13,1.061540042602e+14,3.001186013406e+13,3.122677034662e+13
377.50000000,-9.000148593331e+13,4.003139735431e+13,1.638829881153e+14,4.003139735431e+13,1.638829881153e+14,4.633299847657e+13,4.820860474610e+13
378.00000000,-1.288179363414e+14,5.785166486742e+13,2.368366915100e+14,5.785166486742e+13,2.368366915100e+14,6.695846953442e+13,6.966901556827e+13
378.50000000,1.958436716522e+14,7.826161788706e+13,3.203922081598e+14,7.826161788706e+13,3.203922081598e+14,9.058128524070e+13,9.424810655781e+13
379.00000000,1.659682476024e+14,9.910597063850e+13,4.057260970571e+14,9.910597063850e+13,4.057260970571e+14,1.147068823496e+14,1.193503320457e+14
379.50000000,2.473395192616e+14,1.174813700815e+14,4.809524335718e+14,1.174813700815e+14,4.809524335718e+14,1.359748722442e+14,1.414792715118e+14
380.00000000,-5.172018014086e+12,1.303636401514e+14,5.336906603713e+14,1.303636401514e+14,5.336906603713e+14,1.508850237496e+14,1.569930009112e+14
380.50000000,1.070842912173e+14,1.354136091709e+14,5.543645330685e+14,1.354136091709e+14,5.543645330685e+14,1.567299410483e+14,1.630745263270e+14
381.00000000,1.057148030893e+14,1.316699076915e+14,5.390383384912e+14,1.316699076915e+14,5.390383384912e+14,1.523969193102e+14,1.585660995211e+14
381.50000000,1.190372541830e+14,1.198475373965e+14,4.906391943545e+14,1.198475373965e+14,4.906391943545e+14,1.387135132572e+14,1.443287754610e+14
382.00000000,1.140768982341e+14,1.021151091180e+14,4.180450926022e+14,1.021151091180e+14,4.180450926022e+14,1.181897087759e+14,1.229741467804e+14
382.50000000,-1.114774867093e+14,8.144587710762e+13,3.334281237283e+14,8.144587710762e+13,3.334281237283e+14,9.426679929631e+13,9.808281392049e+13
383.00000000,1.167647191819e+14,6.080877722791e+13,2.489426993403e+14,6.080877722791e+13,2.489426993403e+14,7.038108007386e+13,7.323017681665e+13
383.50000000,-7.664858045280e+13,4.249925542207e+13,1.739860567344e+14,4.249925542207e+13,1.739860567344e+14,4.918933804128e+13,5.118057180248e+13
384.00000000,-8.074696940506e+13,2.780443245515e+13,1.138274897893e+14,2.780443245515e+13,1.138274897893e+14,3.218130796645e+13,3.348403960412e+13
384.50000000,1.065886294504e+14,1.702801983386e+13,6.971035128654e+13,1.702801983386e+13,6.971035128654e+13,1.970851054832e+13,2.050633083112e+13
385.00000000,-2.526340935624e+14,9.761832608946e+12,3.996358866207e+13,9.761832608946e+12,3.996358866207e+13,1.129850580522e+13,1.175588065730e+13
385.50000000,-2.797756475287e+14,5.238600966755e+12,2.144610572489e+13,5.238600966755e+12,2.144610572489e+13,6.063243020565e+12,6.308689181983e+12
386.00000000,-1.554258595680e+14,2.631574398348e+12,1.077330056785e+13,2.631574398347e+12,1.077330056785e+13,3.045827541577e+12,3.169125696688e+12
386.50000000,-1.853478641547e+14,1.237462187477e+12,5.065998550300e+12,1.237462187477e+12,5.065998550300e+12,1.432259112509e+12,1.490238398532e+12
387.00000000,-1.748007257070e+14,5.447079498861e+11,2.229958791780e+12,5.447079498861e+11,2.229958791780e+12,6.304539506543e+11,6.559753591834e+11
387.50000000,-3.492743171913e+13,2.244452845061e+11,9.188478625337e+11,2.244452845062e+11,9.188478625341e+11,2.597766681250e+11,2.702926883143e+11
388.00000000,-4.670129502986e+13,8.657085744069e+10,3.544090823389e+11,8.657085744078e+10,3.544090823393e+11,1.001985359247e+11,1.042546731996e+11
388.50000000,8.228870594852e+13,3.125696772482e+10,1.279616902910e+11,3.125696772470e+10,1.279616902905e+11,3.617732913844e+10,3.764182372281e+10
389.00000000,7.502573576477e+13,1.056416694394e+10,4.324823413980e+10,1.056416694407e+10,4.324823414033e+10,1.222714077606e+10,1.272210770356e+10
389.50000000,5.620166839856e+13,3.342229839322e+09,1.368262536999e+10,3.342229839503e+09,1.368262537073e+10,3.868351850759e+09,4.024946615238e+09
390.00000000,-3.607524024980e+13,9.898043056181e+08,4.052121533965e+09,9.898043057305e+08,4.052121534425e+09,1.145615801971e+09,1.191991479162e+09
390.50000000,-1.495172672399e+14,2.743933776465e+08,1.123328427678e+09,2.743933777117e+08,1.123328427945e+09,3.175874134625e+08,3.304436706313e+08
391.00000000,-2.335054999381e+14,7.120466229764e+07,2.915020108291e+08,7.120466237512e+07,2.915020111462e+08,8.241344837592e+07,8.574962746102e+07
391.50000000,-9.355293294064e+13,1.729629093423e+07,7.080861596022e+07,1.729629107330e+07,7.080861652957e+07,2.001901189572e+07,2.082940158463e+07
392.00000000,1.660099769253e+13,3.932841938791e+06,1.610050938292e+07,3.932841950358e+06,1.610050943027e+07,4.551935882448e+06,4.736202814447e+06
392.50000000,-2.705515131378e+14,8.370822653690e+05,3.426898684870e+06,8.370822828539e+05,3.426898756451e+06,9.688532397040e+05,1.008073391009e+06
393.00000000,1.718501232580e+14,1.667773590364e+05,6.827633746322e+05,1.667773994312e+05,6.827635400028e+05,1.930315404837e+05,2.008456509331e+05
393.50000000,-2.517892346433e+14,3.110373758156e+04,1.273343873386e+05,3.110374454373e+04,1.273344158408e+05,3.600053541886e+04,3.745787321608e+04
394.00000000,3.540906225469e+13,5.429964436428e+03,2.222952122619e+04,5.429995048921e+03,2.222964654949e+04,6.284971442876e+03,6.539393393315e+03
394.50000000,-2.212994018026e+14,8.873626981388e+02,3.632739802359e+03,8.873868736566e+02,3.632838773575e+03,1.027251227808e+03,1.068835388268e+03
395.00000000,-3.827519135829e+13,1.357885211860e+02,5.558993708552e+02,1.358075642826e+02,5.559773306514e+02,1.570549923658e+02,1.634127360480e+02
395.50000000,1.964875390262e+14,1.944835681088e+01,7.961887515166e+01,1.950713551096e+01,7.985950699677e+01,2.257256218998e+01,2.348632215707e+01
396.00000000,7.511476338452e+13,2.617749364459e+00,1.071670279674e+01,2.694923633071e+00,1.103264354779e+01,3.197665147569e+00,3.327109841326e+00
396.50000000,-1.246926612555e+14,4.022617613777e-01,1.646803854375e+00,4.785913538050e-01,1.959286618289e+00,8.401260075645e-01,8.741351513453e-01
397.00000000,-6.139041628470e+12,9.304694217097e-02,3.809212749434e-01,1.160245199859e-01,4.749882913566e-01,3.891011685165e-01,4.048523742477e-01
397.50000000,-9.682136667115e+13,6.927381727431e-02,2.835973991261e-01,1.355496057581e-01,5.549212842328e-01,2.690890196139e-01,2.799820131357e-01
398.00000000,2.456136639402e+14,-9.775730225901e-02,-4.002048357818e-01,3.320200117808e-02,1.359243874580e-01,4.659882347470e-01,4.848519060689e-01
398.50000000,-1.518344326996e+14,-4.357644055886e-02,-1.783959032708e-01,-1.692653563161e-02,-6.929488903915e-02,1.179015583664e-01,1.226743317532e-01
399.00000000,-2.177833774982e+14,-1.026434797660e-01,-4.202081687463e-01,-1.782313122623e-01,-7.296542703902e-01,-6.173830837674e-01,-6.423753704894e-01
399.50000000,-2.062856327701e+14,-1.274783321966e-01,-5.218786098178e-01,-2.693903976521e-01,-1.102846921531e+00,-4.324221152654e-01,-4.499269963899e-01
400.00000000,1.757793061556e+11,-1.238247535342e-01,-5.069213655527e-01,-2.508243685929e-01,-1.026840173810e+00,-8.665127056465e-01,-9.015900094424e-01
400.50000000,-1.996332319023e+13,-2.295703719205e-01,-9.398292595204e-01,-3.221576812583e-01,-1.318868861399e+00,-8.715702814980e-01,-9.068523210393e-01
401.00000000,-3.625052762133e+13,-7.810508122520e-02,-3.197513687789e-01,-2.065065775876e-01,-8.454092846420e-01,-4.543173879795e-01,-4.727086117135e-01
401.50000000,-1.872254194394e+14,-4.920033740493e-02,-2.014193568822e-01,-8.840421678654e-02,-3.619146012002e-01,-4.371058717758e-01,-4.548003560636e-01
402.00000000,-4.327679498385e+13,-2.477573681382e-02,-1.014284299364e-01,-5.283697089947e-02,-2.163072299807e-01,-2.872677899719e-01,-2.988966783586e-01
402.50000000,2.330620986676e+13,-3.521246693122e-02,-1.441549553847e-01,-2.689917121362e-02,-1.101214758330e-01,-7.118110842427e-02,-7.406259111744e-02
403.00000000,1.382125260260e+14,2.671896184689e-02,1.093837236820e-01,7.127765893684e-02,2.918008489448e-01,-9.797275958995e-02,-1.019387952054e-01
403.50000000,5.527679497172e+13,1.037758504878e-01,4.248439374128e-01,1.895167307374e-02,7.758552082557e-02,2.535234581680e-01,2.637863421437e-01
404.00000000,-3.045680825322e+13,1.909812541336e-01,7.818507638993e-01,1.514818948413e-01,6.201458658121e-01,-1.277420221561e-01,-1.329131473912e-01
404.50000000,9.784597909525e+13,1.457630880043e-01,5.967338638627e-01,1.879889374587e-01,7.696006344887e-01,2.155982349537e-02,2.243258678390e-02
405.00000000,-7.915070508413e+13,4.080916211971e-02,1.670670491831e-01,-7.546678654101e-03,-3.089505562930e-02,-1.786459780093e-01,-1.858777464550e-01
405.50000000,1.025034586247e+14,-1.642519221230e-02,-6.724245862056e-02,-4.474790219907e-02,-1.831917047354e-01,3.621244626323e-02,3.767836242405e-02
406.00000000,3.904379472197e+14,3.908623718585e-02,1.600136334864e-01,-1.391803075397e-03,-5.697848737212e-03,-1.560491071429e-02,-1.623661315819e-02
406.50000000,2.093301860520e+14,7.090145502646e-02,2.902607223179e-01,-2.306085689484e-02,-9.440794941471e-02,1.526456886574e-01,1.588249393011e-01
407.00000000,-1.302169026155e+14,7.868800636574e-02,3.221377834483e-01,-2.548962466931e-02,-1.043509877952e-01,1.493568741733e-01,1.554029903067e-01
407.50000000,8.498510600080e+13,8.190481357474e-03,3.353069459667e-02,-1.058271277695e-01,-4.332415820768e-01,1.731511243386e-01,1.801604555942e-01
408.00000000,-1.312553514217e+14,-1.370164775546e-01,-5.609264539015e-01,-2.184364407655e-01,-8.942484897314e-01,-3.826720713459e-01,-3.981630207727e-01
408.50000000,-1.835683539517e+14,-2.115856946511e-01,-8.662024853885e-01,-2.933212787285e-01,-1.200816629266e+00,-4.219252903853e-01,-4.390052495060e-01
409.00000000,-9.471684058674e+12,-1.370791635665e-01,-5.611830817392e-01,-1.591693431713e-01,-6.516172129688e-01,-3.172502118469e-01,-3.300928187559e-01
409.50000000,-7.584004051929e+11,-2.821594432044e-02,-1.155121622860e-01,4.746733940972e-02,1.943247034696e-01,1.015754071594e-01,1.056872815634e-01
410.00000000,2.442664961876e+14,1.201207062252e-01,4.917575096485e-01,1.268789837550e-01,5.194249604319e-01,2.085873377563e-01,2.170311624882e-01
410.50000000,-2.908431235259e+13,8.700226831184e-02,3.561752186055e-01,1.157189101769e-01,4.737371671888e-01,1.662750237682e-01,1.730060035731e-01
411.00000000,-1.181368393929e+14,1.218181139426e-01,4.987064614006e-01,7.092611193783e-02,2.903616642930e-01,1.655090784144e-02,1.722090519828e-02
411.50000000,1.715692549116e+13,-3.226323526372e-02,-1.320812100184e-01,-8.361237185847e-02,-3.422974527293e-01,2.707544074487e-02,2.817148175412e-02
412.00000000,6.332941990818e+13,-2.275538659474e-02,-9.315739637712e-02,-1.576641555060e-02,-6.454551834476e-02,-2.053095470610e-01,-2.136206835366e-01
412.50000000,1.788246514271e+14,-2.007312205481e-02,-8.217657740073e-02,2.593764338418e-02,1.061851142703e-01,2.312325058387e-01,2.405930296971e-01
413.00000000,6.587893143093e+13,5.615713484830e-02,2.298995206557e-01,1.318796968006e-01,5.398971860045e-01,4.102133840732e-01,4.268192334746e-01
413.50000000,6.156780674236e+13,5.996258448041e-02,2.454785036053e-01,2.177046324715e-01,8.912525680828e-01,3.466349697214e-01,3.606671011143e-01
414.00000000,1.147085565478e+14,4.983153586413e-02,2.040033958222e-01,1.705978131975e-01,6.984037840423e-01,3.314527155155e-01,3.448702540240e-01
414.50000000,-1.241631187317e+14,-1.446907616671e-02,-5.923439085777e-02,7.040642696966e-02,2.882341461175e-01,3.732495659722e-01,3.883590829268e-01
415.00000000,9.751029472489e+13,-1.185675113416e-02,-4.853989452346e-02,1.396697093822e-02,5.717884169810e-02,-6.920245781147e-03,-7.200384274242e-03
415.50000000,5.714983442685e+13,7.588458736359e-02,3.106609749086e-01,1.696134662931e-01,6.943740043517e-01,-1.325128474160e-01,-1.378771004447e-01
416.00000000,-2.487614710508e+14,1.289642962097e-01,5.279619403734e-01,2.857434790879e-01,1.169794168635e+00,1.255221651269e-01,1.306034283220e-01
416.50000000,-1.269637987905e+14,-6.646421563688e-03,-2.720952797352e-02,-5.246138864346e-02,-2.147696483206e-01,2.449381901171e-01,2.548535338275e-01
417.00000000,-7.288085923571e+13,5.295209119686e-02,2.167785165101e-01,-5.446205114940e-02,-2.229600831131e-01,1.571364374716e-01,1.634974781334e-01
417.50000000,-1.315911987326e+14,8.811624339270e-02,3.607356780699e-01,4.338003289763e-02,1.775918375489e-01,3.929474188588e-01,4.088543246633e-01
418.00000000,-1.164491346014e+14,7.571872505309e-02,3.099819576157e-01,-5.467184302920e-02,-2.238189419694e-01,9.635117489446e-02,1.002515671344e-01
418.50000000,7.476323527478e+12,-2.716808161660e-02,-1.112223577229e-01,-1.908856185025e-02,-7.814592448909e-02,2.475193546840e-01,2.575391865261e-01
419.00000000,-1.901835563198e+14,-1.841045101105e-02,-7.536983277245e-02,-4.885926503984e-02,-2.000230539288e-01,5.022872916731e-02,5.226203852424e-02
419.50000000,-2.222208232336e+14,-2.356403621290e-02,-9.646789574813e-02,-1.246999011166e-01,-5.105040983654e-01,-2.454357379732e-01,-2.553712229201e-01
420.00000000,6.947813187004e+13,-1.403445478167e-01,-5.745511119265e-01,-1.808722085297e-01,-7.404657333968e-01,-9.130345032707e-01,-9.499950561151e-01
420.50000000,1.933298230309e+14,-1.206998003601e-02,-4.941282407123e-02,-1.641948020975e-01,-6.721907447442e-01,-6.821478856001e-01,-7.097619164862e-01
421.00000000,1.709133381482e+14,-4.809755646236e-02,-1.969047246673e-01,-2.039811042907e-01,-8.350703472662e-01,-4.724019071387e-01,-4.915252103546e-01
421.50000000,-3.475887305608e+14,3.834008950531e-02,1.569590083785e-01,-7.552063989387e-02,-3.091710244498e-01,2.180284126726e-02,2.268544215904e-02
422.00000000,-1.608288397831e+14,6.224377635169e-02,2.548173867080e-01,-3.577805162864e-02,-1.464703806852e-01,4.756373956267e-01,4.948916746631e-01
422.50000000,1.367226931397e+14,2.535950391658e-01,1.038182914823e+00,7.974565843047e-02,3.264676642970e-01,7.357981493107e-01,7.655839967053e-01
423.00000000,-2.455272794127e+14,2.211699774202e-01,9.054392096337e-01,5.567122008309e-02,2.279102530069e-01,4.559308526579e-01,4.743873910611e-01
423.50000000,2.898890777951e+13,1.389429408482e-01,5.688131274109e-01,-3.833783120453e-02,-1.569497632084e-01,5.693738025484e-01,5.924226253934e-01
424.00000000,1.986751918522e+14,1.452715050430e-01,5.947213914053e-01,-1.318392960483e-02,-5.397317909285e-02,2.288215680804e-01,2.380844947591e-01
424.50000000,-1.101267627176e+14,1.167939737310e-01,4.781383282598e-01,-1.357648396164e-01,-5.558024217942e-01,8.823468760334e-02,9.180651629348e-02
425.00000000,2.037435956575e+14,1.129843724165e-01,4.625423488984e-01,-7.775273592510e-02,-3.183089159932e-01,-7.737535393932e-02,-8.050758590633e-02
425.50000000,-2.000020022122e+13,1.091309678819e-01,4.467670452299e-01,-1.130444904307e-01,-4.627884637098e-01,1.265402819114e-03,1.316627594955e-03
426.00000000,-8.773054134046e+13,1.042600653108e-01,4.268262457343e-01,-4.910757688492e-02,-2.010396081799e-01,1.288025225281e-01,1.340165778824e-01
426.50000000,1.477834118309e+14,1.772749410962e-01,7.257390194921e-01,-7.795051566634e-02,-3.191185988203e-01,3.597432415675e-01,3.743060089577e-01
427.00000000,2.325198376603e+14,1.730731698495e-01,7.085375508251e-01,-2.379290674603e-02,-9.740485996472e-02,-3.296560639881e-01,-3.430008722400e-01
427.50000000,-1.749886278402e+14,1.149862712880e-01,4.707378452002e-01,3.108124586640e-03,1.272423093765e-02,1.246432860036e-01,1.296889712899e-01
428.00000000,9.215340793390e+13,-8.978329613095e-03,-3.675603607476e-02,-1.425818349041e-01,-5.837102549340e-01,9.887130559689e-02,1.028737152563e-01
428.50000000,-1.339369646535e+14,-4.401713376323e-02,-1.802000401221e-01,-1.392343905010e-01,-5.700062818631e-01,-2.592140842014e-01,-2.697073304290e-01
429.00000000,1.320875003017e+14,-1.193920304233e-01,-4.887744119882e-01,-7.603049561839e-02,-3.112583030651e-01,-3.242303809110e-01,-3.373555520678e-01
429.50000000,-8.791684611463e+13,-1.522057084987e-01,-6.231090585271e-01,-2.405154441551e-01,-9.846368670858e-01,-7.284463614005e-01,-7.579346010436e-01
430.00000000,-1.697651215130e+13,-1.397339048032e-01,-5.720512241302e-01,-1.424856305804e-01,-5.833164077768e-01,-4.159682384673e-01,-4.328070501490e-01
430.50000000,-2.738118961435e+14,-2.412564070767e-02,-9.876702665099e-02,-3.481449962798e-02,-1.425257324463e-01,1.103779296875e-01,1.148461390361e-01
431.00000000,2.814293663893e+14,1.291019603588e-01,5.285255183046e-01,7.432962859623e-02,3.042951893994e-01,2.532508887235e-01,2.635027388147e-01
431.50000000,2.161700479133e+14,2.127381055721e-01,8.709202958510e-01,2.049074125744e-01,8.388625248939e-01,8.101649202216e-01,8.429612091233e-01
432.00000000,8.914716784186e+13,3.388108310599e-01,1.387044546771e+00,2.996302961723e-01,1.226644871574e+00,6.534539000496e-01,6.799063696087e-01
432.50000000,1.430516458156e+14,1.719695767196e-01,7.040195936276e-01,2.442309234458e-01,9.998475239372e-01,6.462811156581e-01,6.724432237077e-01
433.00000000,-1.575033064593e+14,1.093127480159e-01,4.475112278839e-01,1.109436642278e-01,4.541879726355e-01,-7.111297123016e-03,-7.399169566134e-03
433.50000000,-2.072792789431e+14,1.058802445023e-01,4.334590346132e-01,1.784315889550e-01,7.304741753903e-01,-1.044898675182e-01,-1.087197222020e-01
434.00000000,-1.699740991672e+14,-3.956193679729e-02,-1.619610817125e-01,-9.573176049934e-02,-3.919125487754e-01,-3.522780206267e-01,-3.665385883825e-01
434.50000000,2.333556877179e+12,1.115091300843e-01,4.565029114176e-01,-2.018784102183e-02,-8.264622093931e-02,-5.014601934524e-02,-5.217598052557e-02
435.00000000,1.057898336999e+14,1.463715949487e-01,5.992250068888e-01,-1.609495391038e-02,-6.589050881902e-02,1.769768363509e-01,1.841410362675e-01
435.50000000,-6.821668495607e+13,2.662498553241e-01,1.089989976857e+00,1.041279813575e-01,4.262855123502e-01,7.311886005704e-01,7.607878488067e-01
436.00000000,9.599626111103e+13,2.727795965608e-01,1.116721831757e+00,1.892951078869e-01,7.749479150464e-01,9.254859095982e-01,9.629505078647e-01
436.50000000,3.463381941372e+14,1.761697720321e-01,7.212146106386e-01,1.109401429191e-01,4.541735568861e-01,4.343103401951e-01,4.518916585595e-01
437.00000000,1.129840939131e+13,1.840356729497e-01,7.534165179364e-01,9.818366867146e-02,4.019503207342e-01,-1.695785538608e-02,-1.764432638786e-02
437.50000000,1.249837740232e+14,-8.028202763310e-02,-3.286634854142e-01,-2.709315062831e-02,-1.109156006503e-01,-1.242207057085e-01,-1.292492845204e-01
438.00000000,6.565188791828e+13,-1.318053747106e-01,-5.395929216773e-01,-6.313761522404e-02,-2.584766390693e-01,-3.834016410384e-01,-3.989221241783e-01
438.50000000,-4.970100892070e+13,-9.472166160301e-02,-3.877773440021e-01,-7.727980324074e-02,-3.163727951828e-01,-3.098711867560e-01,-3.224150833251e-01
439.00000000,1.269890344484e+14,1.539749943163e-01,6.303522692514e-01,1.277771267361e-01,5.231018332176e-01,-9.205997721354e-02,-9.578665746546e-02
439.50000000,7.700739325548e+11,2.253798272673e-01,9.226737509700e-01,1.137521791811e-01,4.656856432923e-01,3.138185712219e-01,3.265222618750e-01
440.00000000,-1.035984089604e+13,2.584589740410e-01,1.058095189537e+00,2.572278930018e-01,1.053055314523e+00,7.318138589203e-01,7.614384182420e-01
440.50000000,6.100852102543e+13,2.277457359354e-01,9.323594528883e-01,1.499082095837e-01,6.137034166496e-01,8.527400522383e-01,8.872598252046e-01
441.00000000,3.731964759513e+14,1.488774194465e-01,6.094835048061e-01,1.495746837798e-01,6.123380082706e-01,5.275020693824e-01,5.488558824542e-01
441.50000000,4.106193750477e+13,1.326590608466e-01,5.430877943051e-01,1.908579669932e-02,7.813460434474e-02,5.477361020689e-01,5.699090090869e-01
442.00000000,2.490598657678e+14,1.554389370711e-01,6.363454478299e-01,1.786538873905e-02,7.313842343505e-02,8.582736545139e-03,8.930174332528e-03
442.50000000,1.105740607604e+13,1.626626561079e-01,6.659183515827e-01,1.111993731140e-02,4.552348093469e-02,3.260219594158e-01,3.392196554681e-01
443.00000000,-1.524957166899e+13,1.708957629330e-01,6.996235489314e-01,-1.290454359912e-04,-5.282941153838e-04,1.277045801556e-01,1.328741897009e-01
443.50000000,1.175372466449e+14,1.593001116394e-01,6.521525609388e-01,2.673499310206e-02,1.094493534170e-01,3.179087697186e-01,3.307780357110e-01
444.00000000,-2.589126980839e+14,2.073249642508e-01,8.487596461248e-01,8.170047013217e-02,3.344703922568e-01,2.311884856047e-01,2.405472274799e-01
444.50000000,2.606753343397e+14,1.230505442140e-01,5.037518599843e-01,7.147755892315e-02,2.926192117611e-01,4.589854870347e-01,4.775656801025e-01
445.00000000,-6.418463967141e+13,2.673930247473e-01,1.094669953910e+00,1.383839875075e-01,5.665248499650e-01,3.594682228048e-01,3.740198571595e-01
445.50000000,-1.151015812792e+14,1.378994366681e-01,5.645411660394e-01,6.634274098230e-02,2.715979793488e-01,1.340125818000e-01,1.394375455815e-01
446.00000000,1.976721782423e+14,8.775746485796e-02,3.592668885139e-01,5.125360817884e-02,2.098251626266e-01,2.723826245505e-01,2.834089465049e-01
446.50000000,1.205731499014e+14,-1.075898705538e-01,-4.404580065301e-01,-1.622369704474e-01,-6.641756535342e-01,-3.144691258991e-01,-3.271991516583e-01
447.00000000,-1.081789468363e+13,-1.729608031581e-01,-7.080775371763e-01,-9.570293640460e-02,-3.917945469297e-01,-4.696090678866e-01,-4.886193141672e-01
447.50000000,8.596263020211e+13,-2.539023996182e-01,-1.039441205881e+00,-2.853148080331e-01,-1.168039248797e+00,-5.341083131820e-01,-5.557295536316e-01
448.00000000,-2.494644976531e+14,-2.512055237785e-01,-1.028400570270e+00,-2.007976649047e-01,-8.220377879869e-01,-5.892794951585e-01,-6.131341204141e-01
448.50000000,-4.895551549428e+12,6.177744127708e-02,2.529082755967e-01,-1.189374748109e-01,-4.869135243614e-01,1.007729511564e-01,1.048523413362e-01
449.00000000,6.678470384168e+13,-4.339861059441e-02,-1.776678920627e-01,-1.507105499752e-01,-6.169880869217e-01,-4.831468047288e-02,-5.027050721807e-02
449.50000000,-3.832935596042e+13,3.923806423611e-02,1.606351923706e-01,-1.830341448103e-01,-7.493164006529e-01,-2.645097062045e-01,-2.752173245245e-01
450.00000000,2.475116094080e+14,2.810514581267e-02,1.150585685638e-01,-2.554720504196e-01,-1.045867138540e+00,-5.821413173776e-01,-6.057069820341e-01
450.50000000,9.528720465143e+13,1.881652677021e-01,7.703225060472e-01,-9.042312670511e-02,-3.701797383690e-01,-3.203438391307e-01,-3.333116791763e-01
451.00000000,-2.313431387042e+14,1.506467246404e-01,6.167267948539e-01,-7.587569754464e-02,-3.106245812229e-01,-4.459852675988e-01,-4.640391987392e-01
451.50000000,1.726094581399e+14,2.784017237103e-01,1.139738040476e+00,1.823739924355e-01,7.466138283987e-01,3.788113748863e-01,3.941460394465e-01
452.00000000,-3.975249067290e+13,5.609931317688e-01,2.296628067532e+00,1.950885894614e-01,7.986656250132e-01,1.312694126674e+00,1.365833302098e+00
452.50000000,1.873744810453e+14,2.192421280795e-01,8.975468618400e-01,2.404471390336e-01,9.843572353927e-01,4.298271742725e-01,4.472270095818e-01
453.00000000,2.047722311503e+14,1.282445694858e-01,5.250154789970e-01,1.179987108342e-01,4.830703548542e-01,5.403122209821e-01,5.621846018446e-01
453.50000000,-1.147272242783e+14,1.592848307292e-01,6.520900030117e-01,1.073708767361e-01,4.395614762166e-01,7.174835146949e-01,7.465279673031e-01
454.00000000,1.363225364268e+14,1.200508406705e-01,4.914714897583e-01,1.578993003886e-01,6.464178339807e-01,7.451705264137e-01,7.753357770378e-01
454.50000000,1.007915927219e+14,6.745897662450e-02,2.761676932378e-01,1.124292973917e-01,4.602699487399e-01,5.862661468667e-01,6.099987887598e-01
455.00000000,2.231478081578e+14,-5.826889829282e-02,-2.385447872802e-01,7.988806991981e-02,3.270506771808e-01,2.780578290344e-03,2.893138889609e-03
455.50000000,2.889444139219e+14,-2.414998966601e-01,-9.886670790902e-01,-1.535288783482e-01,-6.285259323576e-01,-1.839570002480e-01,-1.914037642032e-01
456.00000000,1.132268133384e+14,-2.661088686343e-01,-1.089412796905e+00,-1.178363611938e-01,-4.824057179456e-01,-5.374824787120e-01,-5.592403087679e-01
456.50000000,1.079003120403e+14,-4.004645647321e-02,-1.639446380593e-01,6.160904431217e-02,2.522188817803e-01,-4.551329985119e-02,-4.735572389787e-02
457.00000000,-1.753370136942e+14,-1.264552848049e-02,-5.176903957005e-02,1.576736731151e-01,6.454941472192e-01,3.487376973793e-01,3.628549492977e-01
457.50000000,6.322839456090e+13,2.645449942130e-02,1.083010511945e-01,1.707340908151e-01,6.989616857060e-01,1.460155578290e-01,1.519264141241e-01
458.00000000,2.110589723007e+14,9.634961970899e-03,3.944419786781e-02,9.430858341601e-02,3.860862592016e-01,2.332763930225e-01,2.427196554849e-01
458.50000000,-3.290073329483e+13,6.205411913029e-02,2.540409563505e-01,-4.115781043320e-02,-1.684943670184e-01,1.044658874835e-02,1.086947714314e-02
459.00000000,-2.219938403324e+14,-3.012338789683e-02,-1.233209717111e-01,-1.836080109127e-02,-7.516657288767e-02,2.164027416088e-01,2.251629417308e-01
459.50000000,1.711392823831e+14,-7.415380601025e-02,-3.035753961203e-01,2.687545469577e-02,1.100243836986e-01,7.200041645999e-01,7.491506556454e-01
460.00000000,-8.775088628220e+12,-7.485033792163e-02,-3.064269011513e-01,1.274218181630e-01,5.216472492034e-01,9.231090494792e-01,9.604774300630e-01
460.50000000,-2.875061830447e+14,3.767533688823e-02,1.542376033703e-01,1.844682798032e-01,7.551875503889e-01,6.252695105820e-01,6.505810477748e-01
461.00000000,-4.727227615062e+13,9.236951781581e-02,3.781479935972e-01,7.136886677414e-02,2.921742411795e-01,-2.230277157738e-01,-2.320561014976e-01
461.50000000,1.515012247273e+14,1.080054150132e-01,4.421591879079e-01,1.037936972966e-01,4.249169997728e-01,3.855222025876e-01,4.011285281869e-01
462.00000000,1.576046306913e+14,4.609824528770e-03,1.887198220376e-02,2.043184213790e-02,8.364512766373e-02,1.056760499339e-01,1.099539224721e-01
462.50000000,1.998923502528e+14,-1.702445539848e-02,-6.969575898249e-02,1.157924107143e-03,4.740380681937e-03,2.552659453538e-02,2.655993669593e-02
463.00000000,-1.115338378577e+14,4.105722966270e-02,1.680826032953e-01,8.689208209325e-02,3.557241315102e-01,-2.426234912368e-01,-2.524451336140e-01
463.50000000,-1.556440312834e+14,1.290458364335e-02,5.282957547394e-02,8.037631500083e-02,3.290494848193e-01,-7.023026207011e-02,-7.307325354876e-02
464.00000000,-1.685986505799e+13,2.197232504547e-01,8.995165101087e-01,1.353692387979e-01,5.541828869162e-01,-4.535824161913e-01,-4.719438875299e-01
464.50000000,1.540371246016e+14,1.070412662244e-01,4.382120965010e-01,8.941541237806e-02,3.660542956915e-01,-1.242296446139e-01,-1.292585852817e-01
465.00000000,3.027028695106e+14,8.077668108259e-02,3.306885280243e-01,1.312231548652e-01,5.372093943885e-01,2.304912199797e-01,2.398217358427e-01
465.50000000,-1.923930588587e+14,8.789840310717e-02,3.598438701570e-01,1.572399803848e-01,6.437186693378e-01,5.435512225439e-01,5.655547214396e-01
466.00000000,5.827632864238e+13,1.748550568535e-01,7.158323490584e-01,2.417187525028e-01,9.895630445534e-01,5.772483981097e-01,6.006159924846e-01
466.50000000,2.309643463258e+14,7.381022393767e-02,3.021688187725e-01,1.818295278398e-01,7.443848658650e-01,5.651404406028e-01,5.880178927085e-01
467.00000000,2.273513119063e+14,-6.376889603226e-02,-2.610610151348e-01,-6.822479377222e-02,-2.793028424160e-01,8.515225074405e-02,8.859929929716e-02
467.50000000,8.988976225865e+13,-1.653354828042e-01,-6.768605333365e-01,-1.546252273479e-01,-6.330142330905e-01,3.641496362434e-01,3.788907789115e-01
468.00000000,-1.177590774537e+14,-2.464953703704e-01,-1.009117855551e+00,-2.889303902116e-01,-1.182840940727e+00,-1.749272486772e-01,-1.820084792282e-01
468.50000000,-2.030644302107e+14,-3.572182539683e-01,-1.462401982911e+00,-2.157599206349e-01,-8.832911875699e-01,-1.557063492063e-01,-1.620094984602e-01
469.00000000,1.200009999998e+14,-2.690291005291e-01,-1.101367821224e+00,-3.115019841270e-01,-1.275245915368e+00,8.493121693122e-02,8.836931781380e-02
469.50000000,2.158126758340e+14,-2.833584656085e-01,-1.160030254269e+00,-9.918584656085e-02,-4.060530980038e-01,2.549470899471e-01,2.652676039657e-01
470.00000000,1.520971715707e+13,-3.119530423280e-01,-1.277092485078e+00,-2.836375661376e-02,-1.161172853122e-01,5.662698412698e-02,5.891930126478e-02
470.50000000,-9.963412531344e+13,1.560763888889e-01,6.389550871524e-01,-3.191798941799e-02,-1.306678214142e-01,4.252645502645e-02,4.424796859758e-02
471.00000000,-4.776577866377e+12,1.384543650794e-01,5.668129659823e-01,1.216047453704e-01,4.978329600616e-01,-4.617162698413e-02,-4.804070077372e-02
471.50000000,-5.863647478365e+12,-2.530993716931e-02,-1.036153720942e-01,-1.399696180556e-02,-5.730162014900e-02,-1.297220568783e-01,-1.349733359057e-01
472.00000000,1.267515764312e+14,8.719729145999e-03,3.569736163228e-02,1.819397941468e-02,7.448362808313e-02,-3.470514426257e-01,-3.611004332596e-01
472.50000000,3.497214162753e+14,1.990098999669e-02,8.147189263079e-02,2.505900710979e-02,1.025880992364e-01,-3.043147192254e-01,-3.166336844134e-01
473.00000000,1.113643028840e+14,-5.026770729993e-02,-2.057890211802e-01,-1.219059503142e-01,-4.990660513220e-01,-8.586283895503e-01,-8.933865283194e-01
473.50000000,4.203086079841e+13,1.271704747437e-02,5.206182841079e-02,-3.265413928158e-02,-1.336815168462e-01,-5.235698681382e-01,-5.447645017580e-01
474.00000000,-1.337112772027e+14,-4.665638692543e-02,-1.910047764840e-01,-4.070442966683e-02,-1.666382890482e-01,-5.186638919891e-01,-5.396599267716e-01
474.50000000,1.788692999811e+14,-2.938443752067e-02,-1.202958113691e-01,5.316836919229e-02,2.176639286241e-01,-1.547934441138e-01,-1.610596380535e-01
475.00000000,6.476239601906e+12,8.468736824157e-02,3.466983388117e-01,1.677385318494e-01,6.866982828065e-01,-7.908073950066e-03,-8.228200718640e-03
475.50000000,-9.954477118111e+13,1.787133969907e-01,7.316278583996e-01,1.819600384425e-01,7.449191581696e-01,7.293740957755e-02,7.588998910370e-02
476.00000000,3.427085580812e+14,9.237245267030e-02,3.781600084844e-01,1.048830656829e-01,4.293767228426e-01,-1.978531642692e-02,-2.058624588875e-02
476.50000000,1.835256023491e+14,-1.177275080605e-01,-4.819600883167e-01,-1.723798156415e-03,-7.056990548709e-03,-6.110355928613e-01,-6.357709267822e-01
477.00000000,8.129594267443e+13,-1.140842956866e-01,-4.670452821986e-01,-1.217649080791e-01,-4.984886439754e-01,-2.348995393622e-01,-2.444085084172e-01
477.50000000,1.782125289466e+14,-6.784706592055e-02,-2.777564769849e-01,-4.013439876819e-02,-1.643046616167e-01,-1.546425212880e-02,-1.609026057203e-02
478.00000000,6.438070032676e+12,-8.840038029101e-02,-3.618988951196e-01,-5.776760525174e-02,-2.364925631031e-01,3.189669312169e-01,3.318790326486e-01
478.50000000,2.162890681888e+14,-1.223595158007e-02,-5.009228855110e-02,-2.329021990741e-02,-9.534692977380e-02,1.440275336372e-01,1.498579127181e-01
479.00000000,-4.310109701567e+12,1.100466773624e-02,4.505158328269e-02,1.136438569568e-02,4.652421871312e-02,1.576173877211e-01,1.639978977317e-01
479.50000000,-9.177095264102e+13,7.310772931134e-02,2.992929032136e-01,5.672763917307e-02,2.322350862281e-01,3.355790279328e-01,3.491636037083e-01
480.00000000,1.751707289094e+13,-2.939110230138e-02,-1.203230960569e-01,5.012508913070e-02,2.052051621776e-01,-1.704229390785e-01,-1.773218306573e-01
480.50000000,-1.281826821147e+14,-8.487113347129e-02,-3.474506481726e-01,7.109702813688e-02,2.910613715046e-01,6.339929909681e-02,6.596576634002e-02
481.00000000,1.914023629654e+14,-1.492910167553e-01,-6.111767148192e-01,-2.616151194093e-03,-1.071016010894e-02,-5.470989310451e-01,-5.692460447408e-01
481.50000000,1.919428374233e+14,-7.426813115519e-02,-3.040434274059e-01,-2.085692325976e-02,-8.538535081470e-02,-2.308464013155e-01,-2.401912952754e-01
482.00000000,-8.339365057413e+12,-9.151085699172e-02,-3.746327552860e-01,-1.281331317236e-01,-5.245592682557e-01,-3.940526940078e-01,-4.100043424594e-01
482.50000000,8.081766339816e+13,-7.171959633802e-02,-2.936100793652e-01,-8.628353922203e-02,-3.532328414049e-01,-2.323883702515e-02,-2.417956846612e-02
483.00000000,1.674723556343e+14,4.655004697124e-02,1.905694354617e-01,1.336431946124e-01,5.471167014357e-01,5.344212036940e-01,5.560551102655e-01
483.50000000,-7.904393354491e+13,5.913670607471e-02,2.420974719679e-01,1.913870889169e-01,7.835121952099e-01,8.190507296608e-01,8.522067250448e-01
484.00000000,1.524684070011e+13,1.224600199543e-01,5.013343355752e-01,3.161806517303e-01,1.294399731570e+00,8.656141739901e-01,9.006551043230e-01
484.50000000,-1.799548255918e+14,2.033616304549e-01,8.325343073082e-01,2.788216098604e-01,1.141456996133e+00,8.808156331380e-01,9.164719337906e-01
485.00000000,1.482842893493e+14,1.310050791584e-01,5.363166226934e-01,1.574039222677e-01,6.443898246665e-01,7.080088045635e-01,7.366697113985e-01
485.50000000,-1.649419537042e+14,5.848499503968e-02,2.394294573877e-01,5.452070932540e-02,2.232002215493e-01,2.579615575397e-01,2.684041002312e-01
486.00000000,9.064992128654e+13,-9.981167328042e-02,-4.086151457869e-01,-3.629985119048e-02,-1.486065557138e-01,7.258134920635e-02,7.551951505140e-02
486.50000000,7.586502828343e+13,-1.307556216931e-01,-5.352953784321e-01,-1.707228835979e-01,-6.989158049131e-01,-4.140978835979e-01,-4.308609814377e-01
487.00000000,8.891356595156e+12,-6.033895502646e-01,-2.470193124154e+00,-5.707010582011e-01,-2.336370971784e+00,-4.361851851852e-01,-4.538423991560e-01
487.50000000,3.577666661086e+14,-4.364603174603e-01,-1.786807999383e+00,-4.365145502646e-01,-1.787030020961e+00,-1.513074074074e+00,-1.574324830833e+00
488.00000000,1.353758396475e+14,-5.387208994709e-01,-2.205448637829e+00,-4.222341269841e-01,-1.728567948852e+00,-1.776357142857e+00,-1.848265862422e+00
488.50000000,2.648574127852e+14,-5.609742063492e-01,-2.296550589489e+00,-5.318035714286e-01,-2.177130056309e+00,-8.013425925926e-01,-8.337817448195e-01
489.00000000,4.436808570938e+13,-3.134738756614e-01,-1.283318565794e+00,-1.239249338624e-01,-5.073314899206e-01,-3.936415343915e-01,-4.095765386893e-01
489.50000000,-1.522758526530e+14,-5.471345899471e-02,-2.239893119597e-01,1.551215277778e-02,6.350460182099e-02,-1.878487103175e-01,-1.954530146012e-01
490.00000000,1.359363286896e+13,-9.478865947421e-02,-3.880516239937e-01,2.350543568122e-02,9.622799329974e-02,-2.344995866402e-01,-2.439923652077e-01
490.50000000,1.086799591620e+14,8.595856713996e-02,3.519024507769e-01,5.452601583168e-02,2.232219456500e-01,-3.750500888724e-01,-3.902324928006e-01
491.00000000,2.212428265532e+14,1.529726097470e-01,6.262486458630e-01,8.403278976521e-03,3.440185853244e-02,-2.624551917989e-01,-2.730796413143e-01
491.50000000,9.439354498790e+13,1.298109188988e-01,5.314278962296e-01,2.148252521495e-02,8.794647844360e-02,-2.970160590278e-03,-3.090395671274e-03
492.00000000,-6.166424873003e+13,1.200113880622e-01,4.913099762523e-01,1.024374793320e-02,4.193648315432e-02,-4.081664393188e-02,-4.246894263425e-02
492.50000000,5.843939220186e+13,4.614259879299e-02,1.889013991361e-01,2.266357680225e-02,9.278153982135e-02,-1.698100301753e-01,-1.766841105866e-01
493.00000000,-2.001671817072e+13,4.101344452712e-02,1.679033530235e-01,1.282158151455e-01,5.248977627163e-01,1.113157242063e-02,1.158218964180e-02
493.50000000,2.942857449075e+14,1.073728660301e-01,4.395696201102e-01,1.603620101687e-01,6.564998262242e-01,3.871596292163e-01,4.028322394885e-01
494.00000000,1.228463153451e+14,-3.998294890873e-02,-1.636846468993e-01,2.205232618221e-01,9.027916456793e-01,-1.843526666227e-01,-1.918154475498e-01
494.50000000,2.582553749358e+14,-1.638889663938e-02,-6.709386957950e-02,1.708654410549e-01,6.994994153683e-01,-3.089059193122e-01,-3.214107408866e-01
495.00000000,7.626822455580e+13,5.401694775132e-02,2.211378915406e-01,1.744425016534e-01,7.141434052938e-01,2.049937169312e-01,2.132920682862e-01
495.50000000,-1.011928905430e+14,4.047701719577e-02,1.657072939354e-01,8.646461640212e-02,3.539741462634e-01,-4.419378306878e-02,-4.598279175209e-02
496.00000000,3.173318184477e+13,2.209457671958e-02,9.045213240744e-02,3.662698412698e-03,1.499457925801e-02,5.817473544974e-01,6.052970711411e-01
496.50000000,8.208077069293e+13,2.945502645503e-02,1.205847926751e-01,-3.390158730159e-01,-1.387883960098e+00,-4.864523809524e-01,-5.061444614467e-01
497.00000000,-1.468093884036e+14,-3.835330687831e-01,-1.570131184702e+00,-2.581765873016e-01,-1.056939137395e+00,-1.298092592593e+00,-1.350640683266e+00
497.50000000,1.299924265196e+13,-2.509325396825e-01,-1.027283011246e+00,-2.324652777778e-01,-9.516806025552e-01,-1.992693121693e+00,-2.073359338756e+00
498.00000000,1.727579086305e+14,-2.880406746032e-01,-1.179198568437e+00,-2.308007605820e-01,-9.448663000367e-01,-1.248203042328e+00,-1.298731553946e+00
498.50000000,1.251021565236e+14,-1.589020337302e-01,-6.505228851946e-01,2.788277116402e-03,1.141481975973e-02,-9.405170304233e-01,-9.785901035432e-01
499.00000000,2.653599046283e+14,-1.803228507875e-01,-7.382167390001e-01,-4.753435794891e-02,-1.945990680730e-01,-9.911315310847e-01,-1.031253529979e+00
499.50000000,-1.220560716285e+14,-1.374676804315e-01,-5.627736158947e-01,-1.047424613509e-01,-4.288011082102e-01,-7.270563306052e-01,-7.564883004069e-01
500.00000000,1.734675809914e+14,-2.478862944362e-01,-1.014812105745e+00,-7.429423218419e-02,-3.041502813982e-01,-1.280814908027e+00,-1.332663580693e+00
500.50000000,1.093413594335e+14,-2.272696600116e-01,-9.304104640913e-01,-1.743242230903e-01,-7.136591892623e-01,-6.973197337963e-01,-7.255479363211e-01
501.00000000,2.214336173199e+14,-1.441278956887e-01,-5.900396133358e-01,-7.772125723380e-02,-3.181800465974e-01,-2.357475839120e-01,-2.452908826613e-01
501.50000000,-1.241641767609e+14,-5.774865379051e-02,-2.364149784496e-01,4.100691261574e-02,1.678766122844e-01,3.072504492188e-01,3.196882557027e-01
502.00000000,9.742173791744e+13,6.207528139468e-02,2.541275917255e-01,1.804687384259e-01,7.388139827564e-01,5.862440422454e-01,6.099757893212e-01
502.50000000,6.359650384138e+13,1.051751595052e-01,4.305725144356e-01,1.820672102865e-01,7.453579048334e-01,4.713752589699e-01,4.904570024378e-01
503.00000000,-2.568920733677e+13,8.517154984086e-02,3.486805111196e-01,1.453293232784e-01,5.949580912410e-01,4.934596506076e-01,5.134353924088e-01
503.50000000,-3.713459989634e+13,6.677627604167e-02,2.733728117473e-01,1.539933015046e-01,6.304272163410e-01,-9.386005714699e-02,-9.765960644084e-02
504.00000000,-2.745294969698e+13,2.199828161169e-02,9.005791359261e-02,2.095484497975e-01,8.578622875386e-01,-5.708602068866e-03,-5.939692008707e-03
504.50000000,1.415169886758e+14,2.169804705584e-02,8.882879496575e-02,1.428428978588e-01,5.847790104591e-01,1.933421025029e-01,2.011687848145e-01
505.00000000,3.342025272888e+13,-7.832534866898e-02,-3.206531131410e-01,-6.250634946470e-03,-2.558923246118e-02,6.076536498119e-01,6.322520792848e-01
505.50000000,1.328723502189e+14,-5.239564471209e-02,-2.145005017848e-01,-1.826350971137e-01,-7.476827547341e-01,-3.462534114583e-01,-3.602700969898e-01
506.00000000,1.647778361193e+14,5.696626338252e-03,2.332119806426e-02,-8.759993742766e-02,-3.586219930645e-01,-4.761466218171e-02,-4.954215148407e-02
506.50000000,1.144165050623e+14,-4.989466724537e-02,-2.042618469402e-01,-1.122966218171e-01,-4.597267933407e-01,-1.973871466291e-01,-2.053775763857e-01
507.00000000,1.154282079427e+13,-2.333453461372e-01,-9.552834803464e-01,-1.257456488715e-01,-5.147852446211e-01,-4.502701283999e-01,-4.684975150051e-01
507.50000000,6.350273318435e+13,-1.659262612124e-01,-6.792790981941e-01,-1.057573535156e-01,-4.329559359596e-01,-4.519363230613e-01,-4.702311588983e-01
508.00000000,6.407531487300e+13,-7.552810691551e-02,-3.092015934006e-01,-1.458433839699e-01,-5.970625844082e-01,-5.736097967303e-01,-5.968300968703e-01
508.50000000,8.005090302221e+13,-4.063099175347e-02,-1.663376444173e-01,-9.311460069444e-02,-3.811982595538e-01,-5.208532364005e-01,-5.419378980416e-01
509.00000000,1.505664027503e+14,1.423997902199e-02,5.829649892478e-02,-1.663304976852e-02,-6.809339862431e-02,-4.364060763889e-01,-4.540722322573e-01
509.50000000,1.389409652668e+14,1.090780729167e-01,4.465505005790e-01,-4.838657407407e-03,-1.980879226807e-02,-1.722565393519e-01,-1.792296569095e-01
510.00000000,5.075404943892e+13,8.761098958333e-02,3.586672390568e-01,-5.441131944444e-02,-2.227523945499e-01,-4.823282638889e-01,-5.018533959863e-01
510.50000000,-1.340966928259e+14,4.449067708333e-02,1.821386607906e-01,-3.042851851852e-02,-1.245701341525e-01,-7.953041087963e-02,-8.274988171400e-02
511.00000000,-8.672400025093e+12,1.117742708333e-01,4.575883608670e-01,1.069337962963e-01,4.377721295223e-01,-1.149398148148e-03,-1.195926938508e-03
511.50000000,3.322911186656e+14,1.064486111111e-01,4.357858486730e-01,8.133464120370e-02,3.329727393669e-01,1.940169675926e-01,2.018709691202e-01
512.00000000,1.440522071931e+14,1.428306365741e-01,5.847288144602e-01,1.713998148148e-01,7.016870674198e-01,2.262437037037e-01,2.354022758458e-01
512.50000000,-2.474507080741e+14,1.243797453704e-02,5.091934251484e-02,5.665988425926e-02,2.319577070091e-01,-3.118677430556e-01,-3.244924622270e-01
513.00000000,1.920828527617e+14,7.414942129630e-02,3.035574457095e-01,1.132969560185e-01,4.638220228074e-01,-2.257362268519e-02,-2.348742558218e-02
513.50000000,-7.776560007029e+13,1.257045601852e-01,5.146170332385e-01,1.261689930556e-01,5.165183569895e-01,4.465711805556e-02,4.646488300404e-02
514.00000000,-1.132764796041e+14,2.509021064815e-01,1.027158421943e+00,1.942766203704e-01,7.953415361807e-01,6.362353703704e-01,6.619908165707e-01
514.50000000,-4.419293154898e+13,2.352044791667e-01,9.628945130937e-01,9.804068287037e-02,4.013649566977e-01,5.495601736111e-01,5.718069208755e-01
515.00000000,2.388154676957e+13,9.940271990741e-02,4.069409474026e-01,-1.932677083333e-02,-7.912111902447e-02,5.655772685185e-01,5.884724038565e-01
515.50000000,-4.780686855734e+13,-4.578819444444e-04,-1.874505168916e-03,-1.596562037037e-01,-6.536103524573e-01,2.208109953704e-02,2.297496460279e-02
516.00000000,3.873821868499e+14,-1.136196412037e-01,-4.651430511967e-01,-3.164828240741e-01,-1.295636783232e+00,-2.401124537037e-01,-2.498324467619e-01
516.50000000,3.092104832666e+14,-1.531511574074e-01,-6.269795952187e-01,-1.839637962963e-01,-7.531222648871e-01,-3.982882407407e-01,-4.144113483741e-01
517.00000000,3.043054175019e+13,-2.078368750000e-01,-8.508553377260e-01,-2.151927546296e-01,-8.809692886144e-01,-7.614529398148e-01,-7.922773188714e-01
517.50000000,7.696311344485e+13,-2.666474537037e-02,-1.091617689473e-01,-7.447735532407e-02,-3.048999621324e-01,-4.643216782407e-01,-4.831178856830e-01
518.00000000,2.881118892971e+13,-9.238418981481e-02,-3.782080587260e-01,1.103240740741e-02,4.516514564877e-02,-2.746196932870e-01,-2.857365740287e-01
518.50000000,-1.647036072250e+14,-2.389854166667e-02,-9.783731467744e-02,1.904813888889e-01,7.798043849225e-01,4.617988425926e-02,4.804929231164e-02
519.00000000,7.435784662534e+12,2.435191550926e-02,9.969336430269e-02,1.649422280093e-01,6.752506027533e-01,3.424328125000e-02,3.562948363520e-02
519.50000000,7.532825321998e+13,1.481651331019e-02,6.065675033105e-02,1.121991406250e-01,4.593277188615e-01,-6.625736400463e-02,-6.893952858313e-02
520.00000000,2.450835528321e+14,7.061395833333e-02,2.890837507342e-01,3.449236111111e-03,1.412069420413e-02,-2.118201302083e-01,-2.203948216225e-01
520.50000000,-1.389541072942e+14,-1.664670717593e-02,-6.814931015586e-02,-3.225264756944e-02,-1.320378654666e-01,-2.268125491898e-01,-2.359941487680e-01
521.00000000,-1.836231907535e+14,-8.317090567130e-03,-3.404901513936e-02,-1.107500202546e-01,-4.533952210690e-01,-5.634069010417e-01,-5.862141777265e-01
521.50000000,3.281368040096e+14,2.157249131944e-02,8.831478719644e-02,-1.117075853588e-01,-4.573153597841e-01,-8.322587847222e-01,-8.659494554283e-01
522.00000000,1.782586722757e+14,1.652602517361e-01,6.765525477787e-01,1.760887008102e-02,7.208827163014e-02,-3.339692997685e-02,-3.474887121328e-02
522.50000000,-8.429354145253e+13,1.241941051794e-01,5.084334399562e-01,-6.406157335069e-02,-2.622591954799e-01,-1.117481517650e-01,-1.162718290782e-01
523.00000000,1.615990557312e+14,1.803750683594e-01,7.384305104966e-01,-1.080850694444e-02,-4.424852821007e-02,3.839236588542e-01,3.994652737991e-01
523.50000000,1.964340907725e+14,-4.181908709491e-02,-1.712015419474e-01,-2.773311205150e-01,-1.135355139495e+00,-6.525550770399e-01,-6.789711613417e-01
524.00000000,4.007908805978e+14,-3.989289388021e-02,-1.633159741038e-01,-3.942874417679e-01,-1.614158095990e+00,-1.113292771629e+00,-1.158359980119e+00
524.50000000,6.474626933029e+13,3.920933213976e-02,1.605175671535e-01,-1.860850329138e-01,-7.618063133677e-01,-5.411402765119e-01,-5.630461778930e-01
525.00000000,2.748960298541e+14,4.391952763310e-03,1.798004541640e-02,-1.192373059534e-01,-4.881409914700e-01,-5.974555711082e-01,-6.216411721222e-01
525.50000000,1.348629869647e+14,-6.272915870949e-02,-2.568044747547e-01,-1.247314459455e-01,-5.106332385193e-01,-6.709108627206e-01,-6.980700076452e-01
526.00000000,2.850558799946e+14,-1.609358156557e-01,-6.588489062972e-01,-2.121662013075e-01,-8.685789991192e-01,-8.811968991428e-01,-9.168686338258e-01
526.50000000,6.586678873932e+13,-1.002416658981e-01,-4.103754759204e-01,-1.679011301902e-01,-6.873639378604e-01,-6.989144307002e-01,-7.272071881558e-01
527.00000000,2.062038022626e+14,-2.133867433449e-01,-8.735757289220e-01,-1.342982254141e-01,-5.497983066804e-01,-6.694815388545e-01,-6.965828233148e-01
527.50000000,8.756023389403e+13,-1.422928822157e-01,-5.825273227076e-01,6.790559163411e-02,2.779960731383e-01,-6.357787026186e-01,-6.615156624502e-01
528.00000000,1.129509509409e+14,-3.121356336806e-02,-1.277839988749e-01,5.043907452619e-02,2.064905748346e-01,-2.196714427807e-02,-2.285639632059e-02
528.50000000,2.037648528190e+14,1.593330236364e-01,6.522872980894e-01,1.597026878074e-01,6.538006519303e-01,9.977677526403e-02,1.038158392442e-01
529.00000000,2.959468029442e+14,2.239361870660e-02,9.167636882295e-02,1.556131626157e-01,6.370587030431e-01,-3.836570330584e-02,-3.991878547237e-02
529.50000000,6.918975355691e+13,4.635368634259e-02,1.897655622847e-01,1.697696742983e-01,6.950134982579e-01,-1.327806430845e-01,-1.381557367506e-01
530.00000000,4.613812180753e+13,1.431636906829e-01,5.860922917845e-01,1.586226435909e-01,6.493791007178e-01,-3.666970109954e-01,-3.815412739495e-01
530.50000000,2.242786897937e+13,5.763788049769e-02,2.359614879538e-01,1.348095605469e-01,5.518916417879e-01,-5.255123820891e-01,-5.467856506228e-01
531.00000000,3.868181041433e+14,1.361127155671e-01,5.572265776835e-01,4.762705439815e-02,1.949785544785e-01,-6.592183232060e-01,-6.859041423986e-01
531.50000000,1.689614237462e+14,8.893835648148e-02,3.641012950221e-01,7.288480975116e-02,2.983803014548e-01,-3.197500868056e-01,-3.326938911613e-01
532.00000000,1.879059748733e+14,5.024615451389e-02,2.057007870637e-01,-7.786556857639e-02,-3.187708372169e-01,-6.068071325231e-01,-6.313712941267e-01
532.50000000,1.742014059365e+14,-1.385694777199e-01,-5.672842211657e-01,-2.084891898148e-01,-8.535258240970e-01,-7.139448437500e-01,-7.428460474076e-01
533.00000000,2.256185061753e+14,-1.006835604745e-01,-4.121845310223e-01,-3.066672583912e-01,-1.255453218819e+00,-5.913667679398e-01,-6.153058880920e-01
533.50000000,2.265329359002e+14,-2.966683159722e-01,-1.214518935483e+00,-4.845144299769e-01,-1.983534870562e+00,-1.148884730903e+00,-1.195392737617e+00
534.00000000,3.215035270912e+14,-1.590362297454e-01,-6.510722650669e-01,-2.911290798611e-01,-1.191842071178e+00,-9.139288194444e-01,-9.509255751049e-01
534.50000000,1.201799469184e+14,-1.448491261574e-01,-5.929922308348e-01,-1.553494126157e-01,-6.359789471272e-01,-1.833244097222e-01,-1.907455657781e-01
535.00000000,1.749013260303e+14,-1.106985474537e-01,-4.531844985617e-01,-2.035940798611e-01,-8.334859229347e-01,-1.116172858796e-01,-1.161356656104e-01
535.50000000,1.388620289237e+13,5.374028356481e-02,2.200052667364e-01,-3.549289930556e-02,-1.453030066272e-01,-2.348190046296e-01,-2.443247135578e-01
536.00000000,2.649260740375e+14,1.736243287037e-01,7.107939187242e-01,-3.718981481481e-02,-1.522499433473e-01,1.409912094907e-01,1.466986751235e-01
536.50000000,2.050855447470e+13,3.695299652778e-01,1.512804421286e+00,3.236749131944e-01,1.325080198495e+00,4.450329340278e-01,4.630483137497e-01
537.00000000,4.019751455820e+14,3.457394618056e-01,1.415409399991e+00,3.284085358796e-01,1.344458993179e+00,5.528307581019e-01,5.752099019082e-01
537.50000000,2.764217970100e+14,2.998370659722e-01,1.227491358454e+00,2.485357986111e-01,1.017471085746e+00,4.462288425926e-01,4.642926338932e-01
538.00000000,1.774511023292e+14,1.379225983796e-01,5.646359868736e-01,1.839709548611e-01,7.531515710585e-01,2.475822222222e-01,2.576045990054e-01
538.50000000,3.454991644916e+14,1.331072222222e-01,5.449225048138e-01,1.068950231481e-01,4.376133976319e-01,-1.002915509259e-02,-1.043514535414e-02
539.00000000,-1.719331038086e+14,6.243812500000e-02,2.556130231166e-01,1.244176041667e-01,5.093484138091e-01,-3.508571759259e-02,-3.650602264626e-02
539.50000000,1.052689787981e+14,4.739062500000e-02,1.940106453170e-01,6.743724537037e-02,2.760787284976e-01,1.594489583333e-02,1.659036121601e-02
540.00000000,1.543595062090e+14,1.822223263889e-01,7.459929286410e-01,2.282341898148e-01,9.343591153183e-01,2.063634490741e-01,2.147172485607e-01
540.50000000,-9.246199072526e+13,1.457486574074e-01,5.966747870006e-01,1.084018402778e-01,4.437820979539e-01,2.045039467593e-01,2.127824717263e-01
541.00000000,3.042235689917e+14,2.222265856481e-01,9.097648171594e-01,1.525510300926e-01,6.245227572340e-01,7.654860069444e-01,7.964736486053e-01
541.50000000,2.744696291593e+14,1.356713888889e-01,5.554198474781e-01,9.560829861111e-02,3.914071129301e-01,6.201149768519e-01,6.452178533471e-01
542.00000000,1.943561547380e+13,1.087902662037e-01,4.453722598170e-01,1.110707291667e-01,4.547081588702e-01,1.124793402778e+00,1.170326168356e+00
542.50000000,7.255528842702e+13,1.317509143519e-01,5.393699685225e-01,1.258337442130e-01,5.151458947295e-01,5.397496643519e-01,5.615992723574e-01
543.00000000,2.316917006585e+14,1.619795081019e-01,6.631216384037e-01,2.097567997685e-01,8.587152434205e-01,4.945995717593e-01,5.146214587124e-01
543.50000000,-4.604042417460e+13,4.890401041667e-02,2.002062352950e-01,2.615736689815e-02,1.070846318592e-01,8.688068865741e-02,9.039770611160e-02
544.00000000,2.236559992544e+14,3.047228587963e-02,1.247493116580e-01,-1.491835243056e-01,-6.107366556400e-01,-7.959935185185e-02,-8.282161348595e-02
544.50000000,-3.416334716986e+13,1.837089467593e-01,7.520789462320e-01,-3.706040509259e-02,-1.517201578946e-01,-3.265007407407e-01,-3.397178183415e-01
545.00000000,-2.526584923514e+14,-9.661094328704e-02,-3.955118011591e-01,-7.149142650463e-02,-2.926759837161e-01,-2.300440451389e-01,-2.393564589156e-01
545.50000000,2.266867677838e+14,-2.465850694444e-02,-1.009485071118e-01,-5.136314525463e-02,-2.102735922213e-01,-7.042037355324e-01,-7.327106093550e-01
546.00000000,-1.373757809165e+14,3.862838252315e-02,1.581392400051e-01,2.203843171296e-02,9.022228253810e-02,-5.681340277778e-02,-5.911326632961e-02
546.50000000,1.621925431474e+14,1.207440653935e-01,4.943094556191e-01,6.304396412037e-02,2.580932444410e-01,-1.740207118056e-01,-1.810652448343e-01
547.00000000,1.771728327496e+14,1.562691406250e-01,6.397441860240e-01,1.388360749421e-01,5.683756332145e-01,-3.710250405093e-01,-3.860445064410e-01
547.50000000,3.759321897276e+14,1.130877039931e-01,4.629653740400e-01,1.490243431713e-01,6.100849901559e-01,-3.026352141204e-02,-3.148861912565e-02
548.00000000,2.558927328468e+14,-1.530127314815e-03,-6.264128986786e-03,9.870968605324e-02,4.041037629326e-01,-1.568891131366e-01,-1.632401418611e-01
548.50000000,2.409630481928e+13,-7.289475694444e-02,-2.984210238843e-01,4.934160228588e-02,2.019976757103e-01,-2.437689720775e-01,-2.536369846686e-01
549.00000000,1.626135649353e+14,-1.167877669271e-01,-4.781129184656e-01,1.438608940972e-02,5.889465458556e-02,-4.190266420718e-01,-4.359892610002e-01
549.50000000,2.960644477523e+14,-1.402223263889e-01,-5.740507543541e-01,-3.099944299769e-02,-1.269074197787e-01,-3.979131065538e-01,-4.140210283789e-01
550.00000000,3.734985138502e+14,-5.829858543113e-02,-2.386663223067e-01,4.569068287037e-04,1.870513180330e-03,-6.222654040075e-01,-6.474553319518e-01
550.50000000,7.415764201183e+13,-1.134271317998e-01,-4.643549443995e-01,-2.562405164931e-02,-1.049013132053e-01,-6.263036537905e-01,-6.516570541381e-01
551.00000000,2.300128606051e+14,-1.245880551939e-01,-5.100462166716e-01,-1.089778817636e-01,-4.461403318956e-01,-7.538774840856e-01,-7.843952010930e-01
551.50000000,1.240341252430e+14,-3.183909595631e-01,-1.303448425252e+00,-3.039478984013e-01,-1.244320536216e+00,-1.356990374168e+00,-1.411922706138e+00
552.00000000,2.647624262575e+14,-9.996029477720e-02,-4.092235815798e-01,-2.098422933847e-01,-8.590652424265e-01,-1.194179410446e+00,-1.242520991237e+00
552.50000000,8.079274788266e+12,1.779666078921e-01,7.285706074149e-01,-5.214112178096e-02,-2.134585202090e-01,-4.498773912218e-01,-4.680888794319e-01
553.00000000,-6.632106290094e+13,5.241617106120e-01,2.145845338109e+00,2.268830417209e-01,9.288277024362e-01,2.344292091652e-01,2.439191387819e-01
553.50000000,1.292970113963e+14,1.336218992151e+00,5.470295210332e+00,1.183418647642e+00,4.844751794457e+00,1.182020118273e+00,1.229869478716e+00
554.00000000,4.959794676153e+14,3.855791764504e+00,1.578507665682e+01,3.691858273835e+00,1.511395568482e+01,4.122424831633e+00,4.289304725319e+00
554.50000000,2.776998176001e+14,1.193116486274e+01,4.884453400654e+01,1.188342612395e+01,4.864909823166e+01,1.363196580639e+01,1.418380146074e+01
555.00000000,2.333443459077e+14,3.566287672779e+01,1.459988706167e+02,3.578800546152e+01,1.465111302963e+02,4.181895977033e+01,4.351183322358e+01
555.50000000,3.971978145097e+14,1.049377995566e+02,4.296007957295e+02,1.050398519998e+02,4.300185842766e+02,1.222005153483e+02,1.271473148274e+02
556.00000000,3.884243354772e+14,3.017265984324e+02,1.235226842254e+03,3.019011720783e+02,1.235941522545e+03,3.498759256977e+02,3.640392542405e+02
556.50000000,3.094507607893e+14,8.494302116775e+02,3.477449464305e+03,8.496133919625e+02,3.478199378983e+03,9.829347617831e+02,1.022724947231e+03
557.00000000,6.571408039843e+13,2.340950826889e+03,9.583527977951e+03,2.341026959059e+03,9.583839652496e+03,2.709230002932e+03,2.818902351931e+03
557.50000000,1.152002170846e+14,6.314221049207e+03,2.584954514592e+04,6.314331954259e+03,2.584999917582e+04,7.308019016999e+03,7.603854959779e+03
558.00000000,-6.686533539049e+13,1.666875127130e+04,6.823955562466e+04,1.666880814061e+04,6.823978843971e+04,1.929240745180e+04,2.007338346373e+04
558.50000000,6.153312589340e+13,4.307348969141e+04,1.763368921825e+05,4.307351602789e+04,1.763370000004e+05,4.985355566522e+04,5.187167762233e+04
559.00000000,1.726942897537e+14,1.089398016812e+05,4.459844373201e+05,1.089398503805e+05,4.459846366883e+05,1.260879820603e+05,1.311921500926e+05
559.50000000,-5.269892082125e+13,2.697135982502e+05,1.104170059950e+06,2.697136490914e+05,1.104170268086e+06,3.121698986041e+05,3.248068493354e+05
560.00000000,1.300317786342e+14,6.535608128507e+05,2.675587314054e+06,6.535609502126e+05,2.675587876394e+06,7.564415017383e+05,7.870630127530e+05
560.50000000,1.549348615031e+14,1.550287326176e+06,6.346661276956e+06,1.550287342210e+06,6.346661342596e+06,1.794328211422e+06,1.866964417875e+06
561.00000000,2.385503848706e+14,3.599167754402e+06,1.473449355512e+07,3.599167946589e+06,1.473449434191e+07,4.165736240050e+06,4.334369423007e+06
561.50000000,1.741185497624e+14,8.179696421794e+06,3.348654256595e+07,8.179696476775e+06,3.348654279104e+07,9.467315203320e+06,9.850561622391e+06
562.00000000,1.425878555742e+14,1.819427331697e+07,7.448483127834e+07,1.819427327871e+07,7.448483112171e+07,2.105835150766e+07,2.191081470695e+07
562.50000000,9.214464870426e+13,3.961670920704e+07,1.621853123607e+08,3.961670907907e+07,1.621853118368e+08,4.585303127899e+07,4.770920799476e+07
563.00000000,1.711527429188e+14,8.442755257757e+07,3.456346895216e+08,8.442755245414e+07,3.456346890163e+08,9.771783936031e+07,1.016735555491e+08
563.50000000,-1.642799350089e+14,1.761310908522e+08,7.210562552534e+08,1.761310906238e+08,7.210562543187e+08,2.038570247232e+08,2.121093616370e+08
564.00000000,2.523450792707e+14,3.596256535705e+08,1.472257542958e+09,3.596256534573e+08,1.472257542495e+09,4.162366534817e+08,4.330863308725e+08
564.50000000,1.798798415224e+14,7.188035977790e+08,2.942682225890e+09,7.188035975451e+08,2.942682224932e+09,8.319551205344e+08,8.656334986094e+08
565.00000000,3.093394519605e+14,1.406158260817e+09,5.756616875152e+09,1.406158260676e+09,5.756616874575e+09,1.627510725648e+09,1.693393992890e+09
565.50000000,1.857348890695e+14,2.692782092480e+09,1.102387637766e+10,2.692782092444e+09,1.102387637752e+10,3.116670334690e+09,3.242836277151e+09
566.00000000,1.829838304793e+14,5.047018559380e+09,2.066179392300e+10,5.047018559557e+09,2.066179392373e+10,5.841502387669e+09,6.077972265770e+09
566.50000000,2.634083955845e+14,9.259959408472e+09,3.790898939288e+10,9.259959408690e+09,3.790898939378e+10,1.071762949927e+10,1.115148989563e+10
567.00000000,2.636624615254e+14,1.662849107252e+10,6.807473595522e+10,1.662849107262e+10,6.807473595564e+10,1.924608938115e+10,2.002519039110e+10
567.50000000,3.289301131936e+14,2.923034929699e+10,1.196649955545e+11,2.923034929700e+10,1.196649955546e+11,3.383168759865e+10,3.520122825985e+10
568.00000000,1.751474969749e+14,5.029074799409e+10,2.058833465862e+11,5.029074799404e+10,2.058833465859e+11,5.820733984186e+10,6.056363136474e+10
568.50000000,1.888134770422e+14,8.469857709970e+10,3.467442263221e+11,8.469857709971e+10,3.467442263222e+11,9.803152782731e+10,1.019999424400e+11
569.00000000,4.497835302890e+12,1.396177802196e+11,5.715758261920e+11,1.396177802195e+11,5.715758261918e+11,1.615959178473e+11,1.681374827494e+11
569.50000000,-1.267198807872e+13,2.252866927045e+11,9.222924709883e+11,2.252866927046e+11,9.222924709888e+11,2.607505278295e+11,2.713059708369e+11
570.00000000,1.737664754684e+14,3.558039814188e+11,1.456612147264e+12,3.558039814188e+11,1.456612147264e+12,4.118133869554e+11,4.284840060788e+11
570.50000000,5.911752908474e+13,5.500629575958e+11,2.251881450565e+12,5.500629575958e+11,2.251881450564e+12,6.366519247555e+11,6.624242334954e+11
571.00000000,-1.625303200986e+14,8.323354148764e+11,3.407465737377e+12,8.323354148764e+11,3.407465737377e+12,9.633587148637e+11,1.002356442289e+12
571.50000000,-6.396570817778e+13,1.232840249632e+12,5.047076977858e+12,1.232840249632e+12,5.047076977858e+12,1.426909605539e+12,1.484672338153e+12
572.00000000,2.761591570597e+14,1.787324830957e+12,7.317059942661e+12,1.787324830957e+12,7.317059942661e+12,2.068679190409e+12,2.152421399780e+12
572.50000000,3.867682384094e+13,2.536406483367e+12,1.038369632442e+13,2.536406483366e+12,1.038369632441e+13,2.935678629692e+12,3.054517846325e+12
573.00000000,1.916769835804e+13,3.523109921412e+12,1.442312333665e+13,3.523109921412e+12,1.442312333665e+13,4.077705436480e+12,4.242775044177e+12
573.50000000,2.625731183020e+14,4.790144766859e+12,1.961018824673e+13,4.790144766859e+12,1.961018824673e+13,5.544192430282e+12,5.768626902983e+12
574.00000000,7.371035082721e+13,6.374799448623e+12,2.609754471046e+13,6.374799448623e+12,2.609754471045e+13,7.378297852739e+12,7.676978753309e+12
574.50000000,2.232535788247e+14,8.304170090729e+12,3.399612050115e+13,8.304170090729e+12,3.399612050115e+13,9.611383203975e+12,1.000046164027e+13
575.00000000,5.207152556820e+11,1.058825818255e+13,4.334686032901e+13,1.058825818255e+13,4.334686032901e+13,1.225502437248e+13,1.275112005595e+13
575.50000000,1.516867804050e+14,1.321483407271e+13,5.409969769769e+13,1.321483407271e+13,5.409969769769e+13,1.529506655838e+13,1.591422619995e+13
576.00000000,1.726522035887e+14,1.614359344647e+13,6.608963233307e+13,1.614359344647e+13,6.608963233307e+13,1.868486088410e+13,1.944124280134e+13
576.50000000,1.512559607630e+14,1.930390318413e+13,7.902750204054e+13,1.930390318413e+13,7.902750204054e+13,2.234265541384e+13,2.324710852394e+13
577.00000000,-2.320855238861e+13,2.259402580324e+13,9.249680767865e+13,2.259402580324e+13,9.249680767865e+13,2.615069751014e+13,2.720930398534e+13
577.50000000,6.978460830247e+13,2.588490232869e+13,1.059691997048e+14,2.588490232869e+13,1.059691997048e+14,2.995961219006e+13,3.117240735342e+13
578.00000000,1.065616393729e+14,2.902717488160e+13,1.188332276797e+14,2.902717488160e+13,1.188332276797e+14,3.359653018516e+13,3.495655143830e+13
578.50000000,1.100871049136e+14,3.186148019868e+13,1.304364805086e+14,3.186148019868e+13,1.304364805086e+14,3.687700183035e+13,3.836981986736e+13
579.00000000,2.582270446059e+14,3.423211058640e+13,1.401415124918e+14,3.423211058640e+13,1.401415124918e+14,3.962080847718e+13,4.122469856043e+13
579.50000000,2.624105850625e+14,3.600007502797e+13,1.473793136857e+14,3.600007502797e+13,1.473793136857e+14,4.166707963411e+13,4.335380482705e+13
580.00000000,1.417031806508e+14,3.705786157273e+13,1.517097450771e+14,3.705786157273e+13,1.517097450771e+14,4.289137919911e+13,4.462766526691e+13
580.50000000,3.960426239380e+14,3.733867609150e+13,1.528593607659e+14,3.733867609150e+13,1.528593607659e+14,4.321639854718e+13,4.496584172433e+13
581.00000000,2.678745384819e+14,3.682517450696e+13,1.507571565053e+14,3.682517450696e+13,1.507571565053e+14,4.262206335764e+13,4.434744724995e+13
581.50000000,2.064989941228e+14,3.554941647328e+13,1.455343800725e+14,3.554941647328e+13,1.455343800725e+14,4.114548000214e+13,4.281109031859e+13
582.00000000,1.809040994850e+14,3.359131919617e+13,1.375182014227e+14,3.359131919617e+13,1.375182014227e+14,3.887914597051e+13,4.045301281130e+13
582.50000000,5.485693631470e+14,3.106877158883e+13,1.271912414145e+14,3.106877158883e+13,1.271912414145e+14,3.595950783215e+13,3.741518479148e+13
583.00000000,2.901254892767e+14,2.812723916245e+13,1.151490156733e+14,2.812723916245e+13,1.151490156733e+14,3.255492976499e+13,3.387278598796e+13
583.50000000,3.452939939796e+14,2.492491811389e+13,1.020391574863e+14,2.492491811389e+13,1.020391574863e+14,2.884851065223e+13,3.001632731044e+13
584.00000000,3.263547097332e+14,2.161946917353e+13,8.850710801488e+13,2.161946917353e+13,8.850710801488e+13,2.502272961934e+13,2.603567482250e+13
584.50000000,2.224107851835e+14,1.835530543853e+13,7.514407444764e+13,1.835530543853e+13,7.514407444764e+13,2.124473276296e+13,2.210474086248e+13
585.00000000,3.629829035114e+14,1.525391513829e+13,6.244741274443e+13,1.525391513829e+13,6.244741274443e+13,1.765513256029e+13,1.836983004175e+13
585.50000000,2.455740340224e+14,1.240820566409e+13,5.079747287815e+13,1.240820566409e+13,5.079747287815e+13,1.436146155585e+13,1.494282793013e+13
586.00000000,8.518541333279e+13,9.879600750961e+12,4.044571510016e+13,9.879600750961e+12,4.044571510016e+13,1.143481259202e+13,1.189770527960e+13
586.50000000,3.063079768807e+14,7.699891095892e+12,3.152228611429e+13,7.699891095892e+12,3.152228611429e+13,8.911980744965e+12,9.272746667932e+12
587.00000000,2.407539301135e+14,5.874109018962e+12,2.404778754092e+13,5.874109018963e+12,2.404778754092e+13,6.798790504809e+12,7.074012366448e+12
587.50000000,3.762952888125e+14,4.386796912546e+12,1.795893807853e+13,4.386796912546e+12,1.795893807853e+13,5.077350981956e+12,5.282887244393e+12
588.00000000,1.714935728054e+14,3.207326372991e+12,1.313034929095e+13,3.207326372991e+12,1.313034929095e+13,3.712212357674e+12,3.862486438800e+12
588.50000000,1.236351016107e+14,2.296674477117e+12,9.402266743446e+12,2.296674477117e+12,9.402266743447e+12,2.658208858102e+12,2.765815819963e+12
589.00000000,1.479159403319e+14,1.612099078196e+12,6.599710015976e+12,1.612099078197e+12,6.599710015977e+12,1.865870018802e+12,1.941402309404e+12
589.50000000,2.316598480051e+14,1.111931032025e+12,4.552091411987e+12,1.111931032025e+12,4.552091411988e+12,1.286967286125e+12,1.339065013229e+12
590.00000000,1.494226812360e+14,7.582209039286e+11,3.104051209792e+12,7.582209039287e+11,3.104051209792e+12,8.775773594836e+11,9.131025715693e+11
590.50000000,1.268423610304e+14,5.190728197493e+11,2.125012124784e+12,5.190728197492e+11,2.125012124783e+12,6.007834289121e+11,6.251037449492e+11
591.00000000,1.186284537000e+14,3.695027472105e+11,1.512692994294e+12,3.695027472104e+11,1.512692994294e+12,4.276685640538e+11,4.449810166555e+11
591.50000000,1.780413949898e+14,2.921576918463e+11,1.196053065969e+12,2.921576918462e+11,1.196053065968e+12,3.381481233698e+11,3.518366987065e+11
592.00000000,1.448782890519e+14,2.773535521103e+11,1.135446971334e+12,2.773535521102e+11,1.135446971334e+12,3.210135682668e+11,3.340085196199e+11
592.50000000,-8.528622641991e+13,3.233053911922e+11,1.323567426673e+12,3.233053911923e+11,1.323567426673e+12,3.741989834874e+11,3.893469338157e+11
593.00000000,1.440298817170e+14,4.361679419588e+11,1.785611054634e+12,4.361679419588e+11,1.785611054634e+12,5.048279582006e+11,5.252639005002e+11
593.50000000,1.149289494434e+14,6.304644626437e+11,2.581034059942e+12,6.304644626437e+11,2.581034059942e+12,7.297099506327e+11,7.592493416358e+11
594.00000000,4.043845507567e+14,9.293205313224e+11,3.804509351548e+12,9.293205313225e+11,3.804509351549e+12,1.075610885648e+12,1.119152693582e+12
594.50000000,2.341663950491e+14,1.365047497991e+12,5.588315114511e+12,1.365047497991e+12,5.588315114512e+12,1.579928451787e+12,1.643885540838e+12
595.00000000,4.548312913045e+14,1.978991592789e+12,8.101717079992e+12,1.978991592790e+12,8.101717079994e+12,2.290517456643e+12,2.383239901626e+12
595.50000000,-3.880561935008e+13,2.821514685317e+12,1.155088975657e+13,2.821514685317e+12,1.155088975657e+13,3.265667557377e+12,3.397865056917e+12
596.00000000,4.106871329067e+14,3.950267531217e+12,1.617184734125e+13,3.950267531217e+12,1.617184734125e+13,4.572104687878e+12,4.757188073359e+12
596.50000000,1.827507696054e+14,5.428413185863e+12,2.222317062155e+13,5.428413185863e+12,2.222317062155e+13,6.282934808511e+12,6.537274313947e+12
597.00000000,9.721593178507e+13,7.320054924593e+12,2.996728951510e+13,7.320054924594e+12,2.996728951510e+13,8.472352105716e+12,8.815321420235e+12
597.50000000,3.058207107481e+14,9.685852999116e+12,3.965253867837e+13,9.685852999117e+12,3.965253867837e+13,1.121056575368e+13,1.166438070423e+13
598.00000000,3.205738882503e+14,1.257522389848e+13,5.148122236307e+13,1.257522389848e+13,5.148122236307e+13,1.455477121055e+13,1.514396295362e+13
598.50000000,1.419003839388e+14,1.601978989206e+13,6.558279775380e+13,1.601978989206e+13,6.558279775380e+13,1.854156861161e+13,1.929214991388e+13
599.00000000,2.995220455512e+14,2.002390580983e+13,8.197509292042e+13,2.002390580983e+13,8.197509292042e+13,2.317599830878e+13,2.411418597545e+13
599.50000000,1.757463477322e+14,2.455836370902e+13,1.005385345966e+14,2.455836370902e+13,1.005385345966e+14,2.842425454815e+13,2.957489689357e+13
600.00000000,1.948151360506e+14,2.955305299333e+13,1.209860997259e+14,2.955305299333e+13,1.209860997259e+14,3.420519017106e+13,3.558985059117e+13
600.50000000,2.108964225245e+14,3.489487252235e+13,1.428547679276e+14,3.489487252235e+13,1.428547679276e+14,4.038790005525e+13,4.202284277529e+13
601.00000000,3.037748396571e+14,4.042731621902e+13,1.655038250305e+14,4.042731621902e+13,1.655038250305e+14,4.679124148999e+13,4.868539789651e+13
601.50000000,-1.346325891552e+13,4.595606951875e+13,1.881377741603e+14,4.595606951875e+13,1.881377741603e+14,5.319031159854e+13,5.534350878398e+13
602.00000000,2.934581380425e+14,5.125855104700e+13,2.098453980433e+14,5.125855104700e+13,2.098453980433e+14,5.932749103288e+13,6.172912739995e+13
602.50000000,2.082924754855e+14,5.609746635895e+13,2.296552461367e+14,5.609746635895e+13,2.296552461367e+14,6.492813129513e+13,6.755648719978e+13
603.00000000,3.659179095379e+14,6.023886073508e+13,2.466095402703e+14,6.023886073508e+13,2.466095402703e+14,6.972144934050e+13,7.254384356932e+13
603.50000000,5.081457188706e+14,6.346920533890e+13,2.598341230055e+14,6.346920533890e+13,2.598341230055e+14,7.346030337757e+13,7.643405016943e+13
604.00000000,1.814562856514e+14,6.561555970570e+13,2.686210000679e+14,6.561555970570e+13,2.686210000679e+14,7.594452926475e+13,7.901884001322e+13
604.50000000,2.189098940742e+14,6.655851002886e+13,2.724813078966e+14,6.655851002886e+13,2.724813078966e+14,7.703591549590e+13,8.015440665412e+13
605.00000000,1.564385701045e+14,6.624590898230e+13,2.712015625721e+14,6.624590898231e+13,2.712015625721e+14,7.667410589716e+13,7.977795063978e+13
605.50000000,1.439599363181e+14,6.469484154521e+13,2.648517076293e+14,6.469484154521e+13,2.648517076293e+14,7.487887490474e+13,7.791004689543e+13
606.00000000,1.229628770654e+14,6.199302420739e+13,2.537908422105e+14,6.199302420739e+13,2.537908422105e+14,7.175174702837e+13,7.465632974482e+13
606.50000000,4.311455936570e+14,5.828805499482e+13,2.386232121611e+14,5.828805499482e+13,2.386232121611e+14,6.746355465371e+13,7.019454704000e+13
607.00000000,2.208086761831e+14,5.377666408830e+13,2.201542035533e+14,5.377666408830e+13,2.201542035533e+14,6.224199653149e+13,6.476161500561e+13
607.50000000,2.262708953174e+14,4.868587991817e+13,1.993132392905e+14,4.868587991817e+13,1.993132392905e+14,5.634983910537e+13,5.863093713460e+13
608.00000000,5.440425211086e+13,4.325617547874e+13,1.770847824560e+14,4.325617547874e+13,1.770847824560e+14,5.006540977872e+13,5.209210780292e+13
608.50000000,2.591274574468e+14,3.772289784490e+13,1.544323113299e+14,3.772289784490e+13,1.544323113299e+14,4.366110313137e+13,4.542854839631e+13
609.00000000,9.961510279419e+13,3.230144029329e+13,1.322376161102e+14,3.230144029329e+13,1.322376161102e+14,3.738621888848e+13,3.889965054296e+13
609.50000000,1.094859964970e+14,2.717627922374e+13,1.112559175895e+14,2.717627922374e+13,1.112559175895e+14,3.145427307290e+13,3.272757360856e+13
610.00000000,2.886748982988e+14,2.249384872979e+13,9.208669663526e+13,2.249384872979e+13,9.208669663526e+13,2.603475091576e+13,2.708866375648e+13
610.50000000,-7.713137404601e+13,1.836195037305e+13,7.517127788785e+13,1.836195037305e+13,7.517127788785e+13,2.125242371959e+13,2.211274315675e+13
611.00000000,2.698621510738e+14,1.485114937217e+13,6.079854556455e+13,1.485114937217e+13,6.079854556455e+13,1.718896483043e+13,1.788479137442e+13
611.50000000,4.476902617911e+14,1.200226493693e+13,4.913560784815e+13,1.200226493693e+13,4.913560784815e+13,1.389161907380e+13,1.445396575295e+13
612.00000000,9.324096506970e+13,9.832904183859e+12,4.025454583161e+13,9.832904183859e+12,4.025454583161e+13,1.138076521633e+13,1.184147001191e+13
612.50000000,2.614803536831e+14,8.347829175722e+12,3.417485473927e+13,8.347829175722e+12,3.417485473927e+13,9.661914947860e+12,1.005303895985e+13
613.00000000,2.052204031975e+14,7.545526459697e+12,3.089033870523e+13,7.545526459697e+12,3.089033870523e+13,8.733316573181e+12,9.086849991199e+12
613.50000000,1.221508080020e+14,7.426190802939e+12,3.040179507921e+13,7.426190802939e+12,3.040179507921e+13,8.595195519004e+12,8.943137658156e+12
614.00000000,1.151883548720e+14,7.993991272110e+12,3.272629144183e+13,7.993991272110e+12,3.272629144183e+13,9.252377131732e+12,9.626922641994e+12
614.50000000,1.801540391477e+14,9.259370966079e+12,3.790658039135e+13,9.259370966079e+12,3.790658039135e+13,1.071694842596e+13,1.115078125178e+13
615.00000000,1.226106870914e+14,1.123496308754e+13,4.599438050725e+13,1.123496308754e+13,4.599438050725e+13,1.300353127851e+13,1.352992727259e+13
615.50000000,1.771220110536e+14,1.393173016859e+13,5.703457087537e+13,1.393173016859e+13,5.703457087537e+13,1.612481390455e+13,1.677756255127e+13
616.00000000,2.456941820126e+13,1.734943683846e+13,7.102618792041e+13,1.734943683846e+13,7.102618792041e+13,2.008052388206e+13,2.089340363789e+13
616.50000000,1.281153210335e+14,2.146906400636e+13,8.789137012281e+13,2.146906400636e+13,8.789137012281e+13,2.484864820220e+13,2.585454641492e+13
617.00000000,3.021394847027e+14,2.624169848330e+13,1.074298736714e+14,2.624169848330e+13,1.074298736714e+14,3.037257393460e+13,3.160208620376e+13
617.50000000,1.183272314588e+14,3.158195294414e+13,1.292921347010e+14,3.158195294414e+13,1.292921347010e+14,3.655347238310e+13,3.803319362345e+13
618.00000000,3.597274945981e+14,3.736109819777e+13,1.529511537588e+14,3.736109819777e+13,1.529511537588e+14,4.324235026219e+13,4.499284399080e+13
618.50000000,4.498340451484e+14,4.340680331803e+13,1.777014319368e+14,4.340680331803e+13,1.777014319368e+14,5.023974892023e+13,5.227350436781e+13
619.00000000,2.805313588914e+14,4.950590902633e+13,2.026703247152e+14,4.950590902633e+13,2.026703247152e+14,5.729895429820e+13,5.961847346279e+13
619.50000000,2.868845716072e+14,5.541359671239e+13,2.268555786616e+14,5.541359671239e+13,2.268555786616e+14,6.413660930524e+13,6.673292360551e+13
620.00000000,4.814842019553e+14,6.086755878394e+13,2.491833428773e+14,6.086755878394e+13,2.491833428773e+14,7.044911481474e+13,7.330096567210e+13
620.50000000,1.969644617893e+14,6.560490896451e+13,2.685773974108e+14,6.560490896451e+13,2.685773974108e+14,7.593220192151e+13,7.900601364676e+13
621.00000000,3.165821596900e+14,6.938376196300e+13,2.840474974315e+14,6.938376196300e+13,2.840474974315e+14,8.030590860660e+13,8.355677236710e+13
621.50000000,2.716231165282e+14,7.200109118914e+13,2.947624802402e+14,7.200109118914e+13,2.947624802402e+14,8.333524855130e+13,8.670874303245e+13
622.00000000,3.610285741416e+14,7.331304664232e+13,3.001334438876e+14,7.331304664232e+13,3.001334438876e+14,8.485372739618e+13,8.828869142463e+13
622.50000000,2.350905887405e+14,7.324493062806e+13,2.998545863734e+14,7.324493062806e+13,2.998545863734e+14,8.477488879964e+13,8.820666136260e+13
623.00000000,1.787731050631e+14,7.180126076079e+13,2.939444021845e+14,7.180126076079e+13,2.939444021845e+14,8.310396152301e+13,8.646809327317e+13
623.50000000,2.024452583078e+14,6.906205008370e+13,2.827304536215e+14,6.906205008370e+13,2.827304536215e+14,7.993355398002e+13,8.316934445161e+13
624.00000000,2.590595209738e+14,6.517843424659e+13,2.668314690708e+14,6.517843424659e+13,2.668314690708e+14,7.543859306043e+13,7.849242300369e+13
624.50000000,3.765845156567e+14,6.035614698942e+13,2.470896939272e+14,6.035614698942e+13,2.470896939272e+14,6.985719838258e+13,7.268508786883e+13
625.00000000,4.992399032381e+14,5.483971227811e+13,2.245061753897e+14,5.483971227811e+13,2.245061753897e+14,6.347238601111e+13,6.604181188595e+13
625.50000000,1.233380405844e+14,4.889031499622e+13,2.001501681434e+14,4.889031499622e+13,2.001501681434e+14,5.658645563104e+13,5.887713213466e+13
626.00000000,2.959803002579e+14,4.276666476373e+13,1.750807934875e+14,4.276666476373e+13,1.750807934875e+14,4.949884201662e+13,5.150260480931e+13
626.50000000,-2.848862156674e+13,3.670652316046e+13,1.502714143505e+14,3.670652316046e+13,1.502714143505e+14,4.248473433542e+13,4.420455901111e+13
627.00000000,3.614696430901e+14,3.091253098706e+13,1.265516140625e+14,3.091253098706e+13,1.265516140625e+14,3.577867238691e+13,3.722702894596e+13
627.50000000,2.357876005989e+14,2.554364986029e+13,1.045721594334e+14,2.554364986029e+13,1.045721594334e+14,2.956464096388e+13,3.076144729568e+13
628.00000000,2.921512219796e+14,2.071015708524e+13,8.478451045379e+13,2.071015708524e+13,8.478451045379e+13,2.397027683513e+13,2.494061769354e+13
628.50000000,5.868298114315e+14,1.647569214816e+13,6.744919835323e+13,1.647569214816e+13,6.744919835323e+13,1.906923738995e+13,1.984117925385e+13
629.00000000,2.962163419868e+14,1.286045301030e+13,5.264891078345e+13,1.286045301030e+13,5.264891078345e+13,1.488490008131e+13,1.548745577232e+13
629.50000000,2.084396547815e+14,9.850002857467e+12,4.032454542964e+13,9.850002857467e+12,4.032454542964e+13,1.140055550272e+13,1.186206142895e+13
630.00000000,4.679752147926e+12,7.402537775508e+12,3.030496286576e+13,7.402537775508e+12,3.030496286576e+13,8.567819115572e+12,8.914653030444e+12
630.50000000,7.536478639754e+13,5.459207868685e+12,2.234923978157e+13,5.459207868685e+12,2.234923978157e+13,6.318577081491e+12,6.574359421901e+12
631.00000000,4.383853103566e+14,3.951194986606e+12,1.617564421496e+13,3.951194986606e+12,1.617564421496e+13,4.573178140016e+12,4.758304979917e+12
631.50000000,1.075481254218e+13,2.807727307629e+12,1.149444614472e+13,2.807727307629e+12,1.149444614473e+13,3.249709819409e+12,3.381261333704e+12
632.00000000,5.241438728789e+14,1.960573447128e+12,8.026315746389e+12,1.960573447128e+12,8.026315746388e+12,2.269199991571e+12,2.361059484177e+12
632.50000000,1.724441230972e+14,1.348434570310e+12,5.520304092921e+12,1.348434570310e+12,5.520304092921e+12,1.560700375731e+12,1.623879092970e+12
633.00000000,4.460147545192e+14,9.185976696250e+11,3.760611443100e+12,9.185976696251e+11,3.760611443100e+12,1.063200068951e+12,1.106239474573e+12
633.50000000,-3.766453217136e+13,6.283496173679e+11,2.572376176728e+12,6.283496173679e+11,2.572376176728e+12,7.272621938875e+11,7.567024972414e+11
634.00000000,1.079122806892e+14,4.447984882220e+11,1.820943313915e+12,4.447984882219e+11,1.820943313914e+12,5.148170945615e+11,5.356574071242e+11
634.50000000,2.806690642098e+14,3.447298294332e+11,1.411276105102e+12,3.447298294332e+11,1.411276105102e+12,3.989959810942e+11,4.151477387672e+11
635.00000000,3.404311340738e+14,3.138215643639e+11,1.284741955115e+12,3.138215643638e+11,1.284741955115e+12,3.632222461503e+11,3.779258471369e+11
635.50000000,1.420624483723e+14,3.461819642859e+11,1.417220943767e+12,3.461819642859e+11,1.417220943767e+12,4.006767058842e+11,4.168965009832e+11
636.00000000,5.861871320230e+14,4.437463006259e+11,1.816635803843e+12,4.437463006259e+11,1.816635803842e+12,5.135992753110e+11,5.343902893285e+11
636.50000000,2.865700981126e+14,6.161230279092e+11,2.522322215403e+12,6.161230279090e+11,2.522322215403e+12,7.131109379170e+11,7.419783842296e+11
637.00000000,8.814424167425e+13,8.803172115467e+11,3.603896557512e+12,8.803172115467e+11,3.603896557512e+12,1.018893636424e+12,1.060139473199e+12
637.50000000,2.449074597199e+14,1.260858742415e+12,5.161780800938e+12,1.260858742414e+12,5.161780800937e+12,1.459338670454e+12,1.518414164155e+12
638.00000000,2.147669477514e+14,1.789411102667e+12,7.325600849660e+12,1.789411102667e+12,7.325600849660e+12,2.071093875640e+12,2.154933833892e+12
638.50000000,3.070442081742e+14,2.504648299124e+12,1.025368272322e+13,2.504648299124e+12,1.025368272322e+13,2.898921184303e+12,3.016272422663e+12
639.00000000,3.066842010807e+14,3.450915568654e+12,1.412756967035e+13,3.450915568654e+12,1.412756967035e+13,3.994146503806e+12,4.155833562064e+12
639.50000000,7.070911462891e+13,4.677077261011e+12,1.914730556110e+13,4.677077261011e+12,1.914730556110e+13,5.413326237184e+12,5.632463115075e+12
640.00000000,2.137629804017e+14,6.233358066333e+12,2.551850331034e+13,6.233358066334e+12,2.551850331034e+13,7.214591267827e+12,7.506645161574e+12
640.50000000,5.208609116695e+14,8.168561292889e+12,3.344095689274e+13,8.168561292890e+12,3.344095689274e+13,9.454427348348e+12,9.837152054118e+12
641.00000000,-2.144960310185e+14,1.052473384254e+13,4.308680049233e+13,1.052473384254e+13,4.308680049233e+13,1.218150025533e+13,1.267461960876e+13
641.50000000,3.714053451647e+14,1.333288288908e+13,5.458297317766e+13,1.333288288908e+13,5.458297317766e+13,1.543169820230e+13,1.605638882992e+13
642.00000000,1.680479058783e+14,1.660623193671e+13,6.798361014073e+13,1.660623193671e+13,6.798361014073e+13,1.922032629077e+13,1.999838438497e+13
642.50000000,1.882200963247e+14,2.033571944263e+13,8.325161468225e+13,2.033571944263e+13,8.325161468225e+13,2.353689654188e+13,2.448969373116e+13
643.00000000,2.749149776040e+14,2.448400720111e+13,1.002341293670e+14,2.448400720111e+13,1.002341293670e+14,2.833819310150e+13,2.948535159320e+13
643.50000000,2.759955456896e+14,2.898307754144e+13,1.186526992857e+14,2.898307754144e+13,1.186526992857e+14,3.354549119752e+13,3.490344634122e+13
644.00000000,2.706231266101e+14,3.373202651564e+13,1.380942376715e+14,3.373202651564e+13,1.380942376715e+14,3.904200293903e+13,4.062246239331e+13
644.50000000,2.958072888731e+14,3.859915909342e+13,1.580196033374e+14,3.859915909342e+13,1.580196033374e+14,4.467530232940e+13,4.648380339554e+13
645.00000000,4.595604080695e+14,4.342606582313e+13,1.777802899608e+14,4.342606582313e+13,1.777802899608e+14,5.026204366082e+13,5.229670162187e+13
645.50000000,4.621917663970e+14,4.803518069385e+13,1.966493669230e+14,4.803518069385e+13,1.966493669230e+14,5.559670910838e+13,5.784731967963e+13
646.00000000,4.389353980279e+14,5.224041336107e+13,2.138650061654e+14,5.224041336107e+13,2.138650061654e+14,6.046391464306e+13,6.291155457817e+13
646.50000000,-3.268842820520e+13,5.585849662352e+13,2.286769371868e+14,5.585849662352e+13,2.286769371868e+14,6.465154378834e+13,6.726870315318e+13
647.00000000,5.151809917482e+14,5.872334504855e+13,2.404052292630e+14,5.872334504855e+13,2.404052292630e+14,6.796736652961e+13,7.071875372617e+13
647.50000000,1.595263924481e+14,6.069700891712e+13,2.484851353791e+14,6.069700891712e+13,2.484851353791e+14,7.025171759052e+13,7.309557761017e+13
648.00000000,2.501033608501e+14,6.168265166302e+13,2.525202200648e+14,6.168265166302e+13,2.525202200648e+14,7.139251673474e+13,7.428255744845e+13
648.50000000,1.418907124256e+14,6.163019941362e+13,2.523054878312e+14,6.163019941362e+13,2.523054878312e+14,7.133180763758e+13,7.421939078612e+13
649.00000000,5.978557453410e+14,6.054291901201e+13,2.478543126810e+14,6.054291901201e+13,2.478543126810e+14,7.007337139702e+13,7.291001178380e+13
649.50000000,4.919338756829e+14,5.847471208676e+13,2.393873604047e+14,5.847471208676e+13,2.393873604047e+14,6.767959464551e+13,7.041933254744e+13
650.00000000,3.625350996099e+14,5.552796476515e+13,2.273237856059e+14,5.552796476515e+13,2.273237856059e+14,6.426898077275e+13,6.687065360285e+13
650.50000000,3.382666127713e+14,5.184308679035e+13,2.122384062971e+14,5.184308679035e+13,2.122384062971e+14,6.000404232751e+13,6.243306616985e+13
651.00000000,2.176840036450e+14,4.758918394866e+13,1.948235181112e+14,4.758918394866e+13,1.948235181112e+14,5.508050513147e+13,5.731021924776e+13
651.50000000,1.730246583855e+14,4.294987389300e+13,1.758308262503e+14,4.294987389300e+13,1.758308262503e+14,4.971089127966e+13,5.172323803929e+13
652.00000000,2.909079526461e+14,3.811123070701e+13,1.560220922027e+14,3.811123070701e+13,1.560220922027e+14,4.411056598047e+13,4.589620595254e+13
652.50000000,2.557890638987e+14,3.324921921407e+13,1.361176915478e+14,3.324921921407e+13,1.361176915478e+14,3.848319381802e+13,4.004103211837e+13
653.00000000,3.404430170804e+14,2.851979880596e+13,1.167561004029e+14,2.851979880596e+13,1.167561004029e+14,3.300928476049e+13,3.434553372958e+13
653.50000000,-2.201966934993e+14,2.405197522192e+13,9.846545037026e+13,2.405197522192e+13,9.846545037026e+13,2.783815217471e+13,2.896506850794e+13
654.00000000,3.091170603639e+14,1.994304498174e+13,8.164405990625e+13,1.994304498174e+13,8.164405990625e+13,2.308240865486e+13,2.401680771843e+13
654.50000000,1.736044168895e+13,1.625832985389e+13,6.655934727028e+13,1.625832985389e+13,6.655934727028e+13,1.881765869137e+13,1.957941639710e+13
655.00000000,4.103677152479e+14,1.303172185904e+13,5.335006169393e+13,1.303172185904e+13,5.335006169393e+13,1.508312946705e+13,1.569370968250e+13
655.50000000,2.761649975963e+14,1.027041255408e+13,4.204564441363e+13,1.027041255408e+13,4.204564441363e+13,1.188714460827e+13,1.236834814975e+13
656.00000000,2.625734997463e+14,7.958785851347e+12,3.258216533248e+13,7.958785851347e+12,3.258216533248e+13,9.211629798030e+12,9.584525815336e+12
656.50000000,5.060428985316e+14,6.065163129129e+12,2.482993656731e+13,6.065163129129e+12,2.482993656731e+13,7.019919677917e+12,7.304093070368e+12
657.00000000,4.356639988190e+14,4.546500914871e+12,1.861274411191e+13,4.546500914872e+12,1.861274411191e+13,5.262195024020e+12,5.475213958755e+12
657.50000000,4.399148244903e+14,3.354513920320e+12,1.373291469370e+13,3.354513920320e+12,1.373291469370e+13,3.882569648623e+12,4.039739963826e+12
658.00000000,2.830805720497e+14,2.439333946816e+12,9.986294824460e+12,2.439333946816e+12,9.986294824460e+12,2.823325277440e+12,2.937616317636e+12
658.50000000,3.051702599452e+14,1.753637162037e+12,7.179147298832e+12,1.753637162037e+12,7.179147298832e+12,2.029688527682e+12,2.111852355901e+12
659.00000000,3.994512371565e+14,1.254602443628e+12,5.136168381501e+12,1.254602443628e+12,5.136168381501e+12,1.452097527219e+12,1.510879892176e+12
659.50000000,1.954548776283e+14,9.059490055693e+11,3.708829566920e+12,9.059490055693e+11,3.708829566920e+12,1.048560296893e+12,1.091007069852e+12
660.00000000,1.862462153116e+14,6.784613078985e+11,2.777526486895e+12,6.784613078985e+11,2.777526486895e+12,7.852622896735e+11,8.170504951030e+11
660.50000000,3.213860102934e+14,5.505797331922e+11,2.253997058175e+12,5.505797331922e+11,2.253997058176e+12,6.372500493410e+11,6.630465707642e+11
661.00000000,1.337455881729e+14,5.081224073889e+11,2.080182655484e+12,5.081224073888e+11,2.080182655484e+12,5.881092413310e+11,6.119164935374e+11
661.50000000,4.237023572709e+14,5.441870185195e+11,2.227826171022e+12,5.441870185193e+11,2.227826171022e+12,6.298510161129e+11,6.553480172468e+11
662.00000000,1.834456022415e+14,6.585756807240e+11,2.696117487528e+12,6.585756807238e+11,2.696117487527e+12,7.622463373344e+11,7.931028339187e+11
662.50000000,3.806943690481e+14,8.574825379809e+11,3.510414571273e+12,8.574825379808e+11,3.510414571273e+12,9.924644092317e+11,1.032640364371e+12
663.00000000,2.564455311974e+14,1.152768932746e+12,4.719276113016e+12,1.152768932746e+12,4.719276113016e+12,1.334233744879e+12,1.388244865661e+12
663.50000000,3.177935349728e+14,1.561515026872e+12,6.392625926239e+12,1.561515026872e+12,6.392625926239e+12,1.807323204855e+12,1.880485461682e+12
664.00000000,3.193352267940e+14,2.104946478625e+12,8.617358911720e+12,2.104946478625e+12,8.617358911721e+12,2.436299715550e+12,2.534923572654e+12
664.50000000,4.599729662174e+14,2.807638964107e+12,1.149408447860e+13,2.807638964107e+12,1.149408447860e+13,3.249607569163e+12,3.381154944266e+12
665.00000000,4.939836012984e+14,3.695741478679e+12,1.512985298682e+13,3.695741478680e+12,1.512985298682e+13,4.277512043506e+12,4.450670023145e+12
665.50000000,-5.623795446257e+13,4.795573103659e+12,1.963241110464e+13,4.795573103659e+12,1.963241110464e+13,5.550475276680e+12,5.775164085307e+12
666.00000000,3.183403604958e+14,6.130925127248e+12,2.509915706593e+13,6.130925127249e+12,2.509915706594e+13,7.096033697413e+12,7.383288261747e+12
666.50000000,2.365407336577e+14,7.721028080099e+12,3.160881799577e+13,7.721028080099e+12,3.160881799577e+13,8.936445038540e+12,9.298201300658e+12
667.00000000,2.642236337657e+14,9.577153665598e+12,3.920753868435e+13,9.577153665598e+12,3.920753868435e+13,1.108475535517e+13,1.153347737455e+13
667.50000000,2.373008912397e+14,1.170039231615e+13,4.789978321068e+13,1.170039231615e+13,4.789978321068e+13,1.354222673171e+13,1.409042965828e+13
668.00000000,3.072613151308e+14,1.407837914278e+13,5.763493143441e+13,1.407837914278e+13,5.763493143441e+13,1.629454784208e+13,1.695416748891e+13
668.50000000,3.999730350338e+13,1.668379599466e+13,6.830114663526e+13,1.668379599466e+13,6.830114663526e+13,1.931010020865e+13,2.009179244113e+13
669.00000000,2.815299421821e+14,1.947251416761e+13,7.971777201931e+13,1.947251416761e+13,7.971777201931e+13,2.253780854256e+13,2.345016164713e+13
669.50000000,9.844101682225e+13,2.238390058439e+13,9.163658417862e+13,2.238390058439e+13,9.163658417862e+13,2.590749512181e+13,2.695625652030e+13
670.00000000,3.550143615112e+14,2.534164379789e+13,1.037451746337e+14,2.534164379789e+13,1.037451746337e+14,2.933083582092e+13,3.051817748594e+13
670.50000000,2.974977323095e+14,2.825653549924e+13,1.156783369418e+14,2.825653549924e+13,1.156783369418e+14,3.270457947425e+13,3.402849366761e+13
671.00000000,6.432497468067e+14,3.103052425018e+13,1.270346621152e+14,3.103052425018e+13,1.270346621152e+14,3.591523973258e+13,3.736912467483e+13
671.50000000,2.488857419839e+14,3.356166788946e+13,1.373968130859e+14,3.356166788946e+13,1.373968130859e+14,3.884482705988e+13,4.041730463672e+13
672.00000000,5.208638022302e+14,3.575071182239e+13,1.463584553106e+14,3.575071182239e+13,1.463584553106e+14,4.137846255383e+13,4.305350423776e+13
672.50000000,6.057562605409e+14,3.750675586792e+13,1.535474560566e+14,3.750675586792e+13,1.535474560566e+14,4.341093684809e+13,4.516825513087e+13
673.00000000,1.650329603635e+14,3.875444012276e+13,1.586553023328e+14,3.875444012276e+13,1.586553023328e+14,4.485502714970e+13,4.667080365690e+13
673.50000000,3.079088332479e+14,3.943817306289e+13,1.614544101509e+14,3.943817306289e+13,1.614544101509e+14,4.564639091332e+13,4.749420261974e+13
674.00000000,4.677303866444e+14,3.952750719986e+13,1.618201317163e+14,3.952750719986e+13,1.618201317163e+14,4.574978771447e+13,4.760178502715e+13
674.50000000,4.847136457701e+13,3.901803479953e+13,1.597344223770e+14,3.901803479953e+13,1.597344223770e+14,4.516011596908e+13,4.698824277782e+13
675.00000000,2.008499801150e+14,3.793312057740e+13,1.552929340373e+14,3.793312057740e+13,1.552929340373e+14,4.390441838361e+13,4.568171329410e+13
675.50000000,5.326900426209e+14,3.632079184992e+13,1.486922838690e+14,3.632079184992e+13,1.486922838690e+14,4.203828256494e+13,4.374003442499e+13
676.00000000,4.957252338901e+14,3.425144537507e+13,1.402206664347e+14,3.425144537507e+13,1.402206664347e+14,3.964318687997e+13,4.124798286342e+13
676.50000000,2.381031067063e+14,3.181167467938e+13,1.302325836209e+14,3.181167467938e+13,1.302325836209e+14,3.681935610218e+13,3.830984058227e+13
677.00000000,2.003901014544e+14,2.909915787265e+13,1.191279160605e+14,2.909915787265e+13,1.191279160605e+14,3.367984448431e+13,3.504323838388e+13
677.50000000,4.492218792316e+14,2.621555498966e+13,1.073228458348e+14,2.621555498966e+13,1.073228458348e+14,3.034231502457e+13,3.157060238268e+13
678.00000000,3.784523711575e+14,2.326071839062e+13,9.522615465617e+13,2.326071839062e+13,9.522615465617e+13,2.692233848890e+13,2.801218176520e+13
678.50000000,3.769959282048e+14,2.032698040107e+13,8.321583825825e+13,2.032698040107e+13,8.321583825825e+13,2.352678183127e+13,2.447916956691e+13
679.00000000,5.004073753419e+14,1.749472051497e+13,7.162095914014e+13,1.749472051497e+13,7.162095914014e+13,2.024867760158e+13,2.106836438871e+13
679.50000000,2.001803145018e+14,1.482954940067e+13,6.071011827729e+13,1.482954940067e+13,6.071011827729e+13,1.716396466794e+13,1.785877918027e+13
680.00000000,2.590744492844e+14,1.238032579997e+13,5.068333658160e+13,1.238032579997e+13,5.068333658160e+13,1.432919297244e+13,1.490925308208e+13
680.50000000,3.725888157994e+14,1.017945092242e+13,4.167326011067e+13,1.017945092242e+13,4.167326011067e+13,1.178186703787e+13,1.225880883766e+13
681.00000000,1.415700318446e+14,8.243325047335e+12,3.374702933315e+13,8.243325047335e+12,3.374702933315e+13,9.541142522095e+12,9.927377545109e+12
681.50000000,3.494615769416e+14,6.577666707715e+12,2.692805512998e+13,6.577666707716e+12,2.692805512998e+13,7.620526898079e+12,7.929013473460e+12
682.00000000,4.049919385489e+14,5.248815586312e+12,2.148792296051e+13,5.248815586312e+12,2.148792296051e+13,6.272646784077e+12,6.526569819961e+12
682.50000000,6.324219902647e+14,5.466875454694e+12,2.238062981514e+13,5.466875454694e+12,2.238062981514e+13,9.765121153274e+12,1.016042305602e+13
683.00000000,3.824492137167e+14,1.980561981872e+13,8.108146035071e+13,1.980561981872e+13,8.108146035071e+13,6.207699216951e+13,6.458993110149e+13
683.50000000,1.046487409971e+15,1.273497602437e+14,5.213522540766e+14,1.273497602437e+14,5.213522540766e+14,4.395395006727e+14,4.573325007002e+14
684.00000000,3.424817467316e+15,6.134113561048e+14,2.511221007165e+15,6.134113561048e+14,2.511221007165e+15,2.138908448420e+15,2.225493608623e+15
684.50000000,9.258955593311e+15,1.963696585236e+15,8.039101440601e+15,1.963696585236e+15,8.039101440601e+15,6.856981832436e+15,7.134559337408e+15
685.00000000,1.692768934272e+16,4.131964465940e+15,1.691568938928e+16,4.131964465940e+15,1.691568938928e+16,1.443228334159e+16,1.501651665282e+16
685.50000000,2.060382399294e+16,5.708335871282e+15,2.336913526829e+16,5.708335871282e+15,2.336913526829e+16,1.993968361199e+16,2.074686201237e+16
686.00000000,1.734531220765e+16,5.177121095374e+15,2.119441565917e+16,5.177121095374e+15,2.119441565917e+16,1.808441440333e+16,1.881648964454e+16
686.50000000,1.013596621269e+16,3.082184153333e+15,1.261803440183e+16,3.082184153333e+15,1.261803440183e+16,1.076641362314e+16,1.120224884977e+16
687.00000000,3.919079876381e+15,1.204318950898e+15,4.930314736962e+15,1.204318950898e+15,4.930314736962e+15,4.206624270234e+15,4.376912641681e+15
687.50000000,1.275712232016e+15,3.087766060617e+14,1.264088595599e+15,3.087766060617e+14,1.264088595599e+15,1.078350407504e+15,1.122003114032e+15
688.00000000,4.574341022991e+14,5.196357401187e+13,2.127316642695e+14,5.196357401187e+13,2.127316642695e+14,1.813233417931e+14,1.886634926114e+14
688.50000000,2.978624588743e+14,5.770199202945e+12,2.362239516721e+13,5.770199202945e+12,2.362239516721e+13,2.002649798885e+13,2.083719072232e+13
689.00000000,1.486870647593e+14,4.477275822246e+11,1.832934618474e+12,4.477275822245e+11,1.832934618474e+12,1.481084150069e+12,1.541039922605e+12
689.50000000,2.370565196943e+14,4.166210107936e+10,1.705588629749e+11,4.166210107931e+10,1.705588629747e+11,9.367144691842e+10,9.746336108096e+10
690.00000000,3.230246334741e+14,1.426967182630e+10,5.841805714699e+10,1.426967182629e+10,5.841805714699e+10,1.791840654270e+10,1.864376161914e+10
690.50000000,1.178814197728e+14,8.300123304790e+09,3.397955352083e+10,8.300123304773e+09,3.397955352076e+10,9.634946319662e+09,1.002497861453e+10
691.00000000,2.854783137481e+14,4.949224491483e+09,2.026143857380e+10,4.949224491558e+09,2.026143857411e+10,5.728684442166e+09,5.960587336630e+09
691.50000000,1.265674071275e+14,2.910716430067e+09,1.191606932663e+10,2.910716430104e+09,1.191606932678e+10,3.368914280081e+09,3.505291310556e+09
692.00000000,6.083439992874e+14,1.685938270319e+09,6.901997426480e+09,1.685938270458e+09,6.901997427050e+09,1.951332733368e+09,2.030324640410e+09
692.50000000,1.766052820977e+14,9.618091226365e+08,3.937513137978e+09,9.618091227906e+08,3.937513138609e+09,1.113213716175e+09,1.158277724420e+09
693.00000000,2.469494800268e+14,5.403822819599e+08,2.212250107293e+09,5.403822820785e+08,2.212250107778e+09,6.254473514104e+08,6.507660877784e+08
693.50000000,3.995139274821e+14,2.990328511298e+08,1.224199014440e+09,2.990328512977e+08,1.224199015127e+09,3.461055459881e+08,3.601162457770e+08
694.00000000,2.075262512641e+14,1.629676899959e+08,6.671671180099e+08,1.629676901506e+08,6.671671186430e+08,1.886214878116e+08,1.962570749037e+08
694.50000000,2.741370956006e+14,8.747615302471e+07,3.581152368886e+08,8.747615313425e+07,3.581152373371e+08,1.012463398667e+08,1.053448932965e+08
695.00000000,4.289237195617e+14,4.624266603324e+07,1.893110605376e+08,4.624266614246e+07,1.893110609847e+08,5.352202287564e+07,5.568864806642e+07
695.50000000,1.969814322633e+14,2.407693269061e+07,9.856762278531e+07,2.407693272790e+07,9.856762293797e+07,2.786703751422e+07,2.899512315498e+07
696.00000000,4.731905197684e+14,1.234596729305e+07,5.054267762003e+07,1.234596734880e+07,5.054267784829e+07,1.428942482021e+07,1.486787507515e+07
696.50000000,3.771407591894e+14,6.235241669115e+06,2.552621451885e+07,6.235241702604e+06,2.552621465595e+07,7.216770411372e+06,7.508912519036e+06
697.00000000,3.906256933841e+13,3.101332393357e+06,1.269642464048e+07,3.101332367270e+06,1.269642453368e+07,3.589532476910e+06,3.734840353364e+06
697.50000000,4.672842092011e+14,1.519339163422e+06,6.219963791381e+06,1.519339255310e+06,6.219964167560e+06,1.758578686745e+06,1.829767716567e+06
698.00000000,4.067561203739e+14,7.380996952142e+05,3.021677772277e+06,7.380996949229e+05,3.021677771084e+06,8.661674791382e+05,9.012308078187e+05
698.50000000,3.532724663966e+14,9.017804344160e+05,3.691764014830e+06,9.017803968934e+05,3.691763861218e+06,2.336572349004e+06,2.431159142242e+06
699.00000000,4.829906877780e+14,3.928093782031e+07,1.608107108774e+08,3.928093788855e+07,1.608107111568e+08,1.368407434328e+08,1.423801940349e+08
699.50000000,4.613888208431e+14,1.801552102814e+09,7.375304420215e+09,1.801552102955e+09,7.375304420790e+09,6.293251765762e+09,6.548008911979e+09
700.00000000,5.521688811000e+14,5.416425917957e+10,2.217409640946e+11,5.416425917976e+10,2.217409640954e+11,1.892138907459e+11,1.968734589033e+11
700.50000000,2.002459775252e+14,1.064359415753e+12,4.357339813508e+12,1.064359415753e+12,4.357339813509e+12,3.718165301773e+12,3.868680364050e+12
701.00000000,6.099480826163e+14,1.368797740720e+13,5.603668088059e+13,1.368797740720e+13,5.603668088059e+13,4.781670774398e+13,4.975237605343e+13
701.50000000,1.104195102641e+15,1.152966850636e+14,4.720086361408e+14,1.152966850636e+14,4.720086361408e+14,4.027700902217e+14,4.190746276192e+14
702.00000000,4.244033093136e+15,6.365212251957e+14,2.605829605712e+15,6.365212251957e+14,2.605829605712e+15,2.223582674233e+15,2.313595532061e+15
702.50000000,1.074973432916e+16,2.304496966150e+15,9.434290928510e+15,2.304496966150e+15,9.434290928510e+15,8.050382805673e+15,8.376270379517e+15
703.00000000,2.294176850842e+16,5.474016795666e+15,2.240986547452e+16,5.474016795666e+15,2.240986547452e+16,1.912258134295e+16,1.989668262359e+16
703.50000000,3.203310686625e+16,8.533832523225e+15,3.493632664389e+16,8.533832523225e+15,3.493632664389e+16,2.981154656334e+16,3.101834788157e+16
704.00000000,3.056898242465e+16,8.733031844799e+15,3.575182103599e+16,8.733031844799e+15,3.575182103599e+16,3.050741677574e+16,3.174238761841e+16
704.50000000,1.972716481268e+16,5.866415926108e+15,2.401629308586e+16,5.866415926108e+15,2.401629308586e+16,2.049336345249e+16,2.132295536838e+16
705.00000000,8.017793150429e+15,2.586427054339e+15,1.058847360375e+16,2.586427054339e+15,1.058847360375e+16,9.035259404645e+15,9.401015771454e+15
705.50000000,2.669294731760e+15,7.481916396692e+14,3.062992793048e+15,7.481916396692e+14,3.062992793048e+15,2.613684981935e+15,2.719489572613e+15
706.00000000,8.514450453400e+14,1.419440153203e+14,5.810991100281e+14,1.419440153203e+14,5.810991100281e+14,4.958581751624e+14,5.159310116443e+14
706.50000000,2.269737544611e+14,1.765099886002e+13,7.226074100779e+13,1.765099886002e+13,7.226074100779e+13,6.166087428748e+13,6.415696835005e+13
707.00000000,6.451756307047e+14,1.437746347876e+12,5.885934122068e+12,1.437746347876e+12,5.885934122068e+12,5.022531445202e+12,5.225848557784e+12
707.50000000,2.224732839465e+14,7.665179882870e+10,3.138018322288e+11,7.665179882872e+10,3.138018322288e+11,2.677705080016e+11,2.786101268503e+11
708.00000000,5.804220963037e+14,2.689550679678e+09,1.101064742187e+10,2.689550679705e+09,1.101064742198e+10,9.395504904084e+09,9.775844370186e+09
708.50000000,3.066690290529e+14,8.874725382697e+08,3.633189472619e+09,8.874725383526e+08,3.633189472958e+09,3.100239995518e+09,3.225740821362e+09
709.00000000,1.232220396264e+14,2.574873685322e+10,1.054117571353e+11,2.574873685327e+10,1.054117571355e+11,8.994899602332e+10,9.359022163846e+10
709.50000000,2.723393868815e+14,5.243074792768e+11,2.146442094803e+12,5.243074792767e+11,2.146442094803e+12,1.831582327212e+12,1.905726617653e+12
710.00000000,5.825485696972e+14,6.986901521128e+12,2.860340569217e+13,6.986901521129e+12,2.860340569217e+13,2.440759640835e+13,2.539564040189e+13
710.50000000,7.068835404869e+14,6.097940876505e+13,2.496412411855e+14,6.097940876505e+13,2.496412411855e+14,2.130215795738e+14,2.216449068638e+14
711.00000000,2.183579339464e+15,3.488007743846e+14,1.427941989063e+15,3.488007743846e+14,1.427941989063e+15,1.218478391652e+15,1.267803619585e+15
711.50000000,6.367538855682e+15,1.308337334072e+15,5.356151569551e+15,1.308337334072e+15,5.356151569551e+15,4.570462245595e+15,4.755479143365e+15
712.00000000,1.391762253340e+16,3.219690392334e+15,1.318096587116e+16,3.219690392334e+15,1.318096587116e+16,1.124746118409e+16,1.170276969868e+16
712.50000000,2.069083089758e+16,5.200044767156e+15,2.128826199176e+16,5.200044767156e+15,2.128826199176e+16,1.816550492350e+16,1.890086279033e+16
713.00000000,1.922558988780e+16,5.512890759685e+15,2.256901009110e+16,5.512890759685e+15,2.256901009110e+16,1.925838117208e+16,2.003797976607e+16
713.50000000,1.244147703175e+16,3.836551221438e+15,1.570630854231e+16,3.836551221438e+15,1.570630854231e+16,1.340236348396e+16,1.394490460592e+16
714.00000000,6.116893153451e+15,1.752388931959e+15,7.174037218033e+15,1.752388931959e+15,7.174037218033e+15,6.121683792505e+15,6.369495695011e+15
714.50000000,1.994693913928e+15,5.251929851823e+14,2.150067233154e+15,5.251929851823e+14,2.150067233154e+15,1.834675697097e+15,1.908945210256e+15
715.00000000,5.872593221959e+14,1.032326924186e+14,4.226203236179e+14,1.032326924186e+14,4.226203236179e+14,3.606265073412e+14,3.752250302162e+14
715.50000000,4.445831557372e+14,1.330104414633e+13,5.445262978108e+13,1.330104414633e+13,5.445262978108e+13,4.646501977327e+13,4.834597039737e+13
716.00000000,5.024843956377e+14,1.122640676271e+12,4.595935210023e+12,1.122640676271e+12,4.595935210022e+12,3.921761378081e+12,4.080518213818e+12
716.50000000,3.917892072824e+14,6.202289314817e+10,2.539131215109e+11,6.202289314821e+10,2.539131215111e+11,2.166668214026e+11,2.254377117396e+11
717.00000000,3.207211788942e+14,2.240864508953e+09,9.173788475042e+09,2.240864508951e+09,9.173788475033e+09,7.828093236078e+09,8.144982305096e+09
717.50000000,3.956070953342e+14,5.287896858495e+07,2.164791626796e+08,5.287896870898e+07,2.164791631874e+08,1.847240182571e+08,1.922018318709e+08
718.00000000,5.301343576992e+14,8.134393201438e+05,3.330107746571e+06,8.134393934740e+05,3.330108046775e+06,2.841617114386e+06,2.956648626496e+06
718.50000000,4.176771804669e+14,8.132553721451e+03,3.329354688979e+04,8.132598896923e+03,3.329373183191e+04,2.840964953116e+04,2.955970065084e+04
719.00000000,4.443594869601e+14,5.257556103395e+01,2.152370542507e+02,5.259592044271e+01,2.153204028462e+02,1.834541579958e+02,1.908805663920e+02
719.50000000,3.500106841894e+14,3.653486448688e-01,1.495686675512e+00,3.527250337577e-01,1.444007362612e+00,9.159289689429e-01,9.530066926621e-01
720.00000000,2.400448934238e+14,8.962958140432e-02,3.669310739782e-01,1.239074749228e-01,5.072600154436e-01,3.187435185185e-01,3.316465759800e-01
720.50000000,4.290625650791e+14,3.839436294367e-01,1.571811963070e+00,4.809533227238e-01,1.968956191420e+00,1.495164674961e+00,1.555690441274e+00
721.00000000,4.269625058457e+14,3.160745032793e-01,1.293965174536e+00,4.587466001157e-01,1.878044949301e+00,1.553402416088e+00,1.616285704598e+00
721.50000000,2.126611842025e+14,1.100838204090e-01,4.506678913077e-01,4.273451774691e-01,1.749491880597e+00,9.877780285494e-01,1.027764274296e+00
722.00000000,3.239066647927e+14,3.121053674769e-01,1.277716083109e+00,4.532822000386e-01,1.855674453338e+00,1.671861289545e+00,1.739539912115e+00
722.50000000,3.826945334218e+14,1.087430217978e-01,4.451788477726e-01,2.276200376157e-01,9.318448614028e-01,7.046170621142e-01,7.331406678115e-01
723.00000000,3.528358036757e+14,7.186485821759e-02,2.942047613512e-01,1.174136188272e-01,4.806750693342e-01,4.530402584877e-01,4.713797827384e-01
723.50000000,6.024540736105e+14,1.337287808642e-02,5.474670796792e-02,1.487777777778e-02,6.090755856353e-02,7.496247106481e-02,7.799702711194e-02
724.00000000,1.519410032169e+14,9.620704089506e-02,3.938582807906e-01,7.544517746914e-02,3.088620917501e-01,1.677216049383e-01,1.745111438005e-01
724.50000000,3.559582029133e+14,2.518375192901e-01,1.030987872232e+00,1.977033854167e-01,8.093702369624e-01,5.094759259259e-01,5.301000226229e-01
725.00000000,2.605342532832e+14,3.960472993827e-01,1.621362708960e+00,3.438172839506e-01,1.407540270473e+00,1.182453935185e+00,1.230320856973e+00
725.50000000,7.511541107939e+14,2.066660132137e-01,8.460619919803e-01,1.735126663773e-01,7.103367886484e-01,9.753655767747e-01,1.014849354018e+00
726.00000000,1.462209094421e+14,-2.611990258488e-02,-1.069312581573e-01,4.412731481481e-03,1.806511060643e-02,3.578865692515e-01,3.723741766834e-01
726.50000000,3.900854068055e+14,1.885744598765e-03,7.719976820512e-03,1.482603684414e-01,6.069573835806e-01,6.571159095293e-01,6.837166209067e-01
727.00000000,3.091900284412e+14,-1.019226514275e-01,-4.172571975125e-01,3.713865258488e-02,1.520404922745e-01,3.392190200617e-01,3.529509463711e-01
727.50000000,3.238464422216e+14,2.983555652006e-02,1.221426299790e-01,1.936311776620e-01,7.926991832605e-01,5.530622878086e-01,5.754508041698e-01
728.00000000,2.155125956439e+14,2.385127893519e-01,9.764382761045e-01,2.690150077160e-01,1.101310127202e+00,5.685763503086e-01,5.915928914869e-01
728.50000000,2.973070685844e+14,8.395611014660e-02,3.437046696018e-01,1.397450858410e-01,5.720969977481e-01,4.125512152778e-02,4.292517024321e-02
729.00000000,3.631528328481e+14,1.379233314043e-01,5.646389877750e-01,1.298098861883e-01,5.314236684559e-01,9.243346836420e-02,9.617526791266e-02
729.50000000,2.883374282981e+14,2.389319155093e-01,9.781541204570e-01,3.234372781636e-01,1.324107353640e+00,8.483009452160e-01,8.826410186758e-01
730.00000000,4.137054102577e+14,1.513679301698e-01,6.196793102546e-01,2.071828896605e-01,8.481780124587e-01,3.341138117284e-01,3.476390740818e-01
730.50000000,3.304729786647e+14,1.244875000000e-01,5.096345576557e-01,1.321282118056e-01,5.409145719640e-01,1.972653742284e-01,2.052508745161e-01
731.00000000,5.615350300999e+14,1.586682002315e-01,6.495656032855e-01,1.535765817901e-01,6.287212236320e-01,2.017668788580e-01,2.099346045700e-01
731.50000000,2.753420723379e+14,-6.894614679784e-02,-2.822559616458e-01,-1.635591097608e-01,-6.695883084929e-01,-7.654175154321e-01,-7.964023844878e-01
732.00000000,5.939145177780e+13,-6.853832465278e-02,-2.805863943519e-01,-1.637915364583e-01,-6.705398311533e-01,-8.423445312500e-01,-8.764434830957e-01
732.50000000,3.796519112862e+14,-3.741154272762e-01,-1.531576666670e+00,-3.863477864583e-01,-1.581654248442e+00,-1.574965215085e+00,-1.638721387334e+00
733.00000000,3.411049180891e+14,-1.613865499614e-01,-6.606941500245e-01,-2.365494309414e-01,-9.684005591044e-01,-9.003465615355e-01,-9.367934937672e-01
733.50000000,3.874315711998e+14,-6.626401909722e-02,-2.712757028706e-01,-2.400299527392e-01,-9.826493325704e-01,-1.102106375386e+00,-1.146720747331e+00
734.00000000,3.341116990044e+14,-6.368165991512e-02,-2.607038825715e-01,-1.036756317515e-01,-4.244336558078e-01,-4.993350453318e-01,-5.195486290068e-01
734.50000000,3.123520748353e+14,-3.620902295525e-02,-1.482347175174e-01,-5.821839795525e-02,-2.383380459030e-01,-1.815132474923e-01,-1.888610858838e-01
735.00000000,5.289698997037e+14,-2.051365981867e-02,-8.398007790010e-02,-3.343135609568e-02,-1.368633346774e-01,-1.614626012731e-02,-1.679987693866e-02
735.50000000,2.522942571678e+14,2.959186680170e-02,1.211449980736e-01,9.042010995370e-02,3.701673882071e-01,2.853222680363e-01,2.968723997429e-01
736.00000000,4.923620321024e+14,2.097678168403e-01,8.587603457841e-01,3.187695553627e-01,1.304998343941e+00,1.299379622396e+00,1.351979813327e+00
736.50000000,5.992805220768e+14,1.419868332851e-01,5.812744008370e-01,2.436809811439e-01,9.975961364345e-01,1.003300452112e+00,1.043915061140e+00
737.00000000,3.824565220747e+14,5.586638093171e-02,2.287092144509e-01,9.459067322531e-02,3.872410957529e-01,4.405503641011e-01,4.583842848945e-01
737.50000000,4.682051628227e+14,8.052492886767e-02,3.296578893763e-01,2.091148208430e-01,8.560870707466e-01,6.284409312307e-01,6.538808507136e-01
738.00000000,3.822650111018e+14,-4.359717218846e-02,-1.784807756868e-01,7.047092074171e-02,2.884981746745e-01,3.260158287519e-01,3.392132766288e-01
738.50000000,1.503996321817e+14,3.016161506559e-04,1.234774684377e-03,1.358776752990e-01,5.562643554276e-01,2.844517240548e-01,2.959666152675e-01
739.00000000,3.187227006792e+14,9.562080289111e-02,3.914583037180e-01,1.186637240186e-01,4.857928265891e-01,4.350724955994e-01,4.526846667793e-01
739.50000000,4.518431358077e+14,1.798041811343e-02,7.360933773833e-02,6.239660192419e-03,2.554430334038e-02,-1.688590630425e-01,-1.756946473501e-01
740.00000000,3.812504784437e+14,8.236086621697e-02,3.371739622261e-01,7.292306752146e-02,2.985369234598e-01,4.413924449026e-01,4.592604539718e-01
740.50000000,2.840424816520e+14,-9.259439938392e-02,-3.790686275443e-01,-8.638184950087e-02,-3.536353100501e-01,4.082645022545e-01,4.247914589643e-01
741.00000000,2.508701009399e+14,-3.731652734074e-02,-1.527686868524e-01,-3.482374448423e-02,-1.425635796055e-01,4.979706491729e-01,5.181290007224e-01
741.50000000,3.249738206120e+14,-9.259218011550e-02,-3.790595421672e-01,-1.090478713801e-01,-4.464268596774e-01,4.790229352033e-01,4.984142642788e-01
742.00000000,7.191682674859e+14,-4.929395171742e-02,-2.018026008926e-01,-1.551607696156e-01,-6.352066688510e-01,3.110275866096e-01,3.236182954052e-01
742.50000000,3.750566328125e+14,1.941099974079e-02,7.946594048842e-02,-1.028411815502e-01,-4.210175324280e-01,1.270319315592e-01,1.321743116144e-01
743.00000000,4.718890862008e+14,1.389482519833e-02,5.688348704611e-02,-1.063986133717e-01,-4.355811648628e-01,3.370132777838e-02,3.506559134325e-02
743.50000000,3.746006907786e+14,-3.665040659963e-02,-1.500416809343e-01,-9.195842526283e-02,-3.764650377069e-01,7.520197731301e-02,7.824622881339e-02
744.00000000,4.654169445227e+14,-1.835318482952e-02,-7.513539296851e-02,7.531653886960e-03,3.083354631667e-02,3.489045518663e-01,3.630285582217e-01
744.50000000,3.727867719486e+14,1.637434767735e-01,6.703430814697e-01,1.885121083201e-01,7.717424234276e-01,5.431475926529e-01,5.651347522056e-01
745.00000000,3.593023935945e+14,2.697854471089e-01,1.104464199211e+00,2.955000675154e-01,1.209736288346e+00,5.046204017168e-01,5.250479419217e-01
745.50000000,5.914935068419e+14,-1.104810203270e-02,-4.522939726775e-02,1.469027847102e-01,6.013996240920e-01,2.188439365717e-01,2.277029587152e-01
746.00000000,1.992533359916e+14,-3.431141251929e-02,-1.404661636053e-01,1.109197482639e-01,4.540900639964e-01,8.336819540895e-02,8.674302361196e-02
746.50000000,5.640152602851e+14,-7.943834153164e-02,-3.252095515403e-01,-5.628894796489e-02,-2.304391452716e-01,-1.689271478347e-01,-1.757654882830e-01
747.00000000,5.542300511017e+14,-1.447966399016e-01,-5.927773593838e-01,-1.576183195891e-01,-6.452675375619e-01,-3.780811077353e-01,-3.933862103485e-01
747.50000000,3.531249529017e+14,4.359360532407e-03,1.784661734387e-02,-8.924478443287e-02,-3.653557685513e-01,-5.079992657697e-01,-5.285635857818e-01
748.00000000,3.224969528574e+14,-2.534208140432e-02,-1.037469661337e-01,-4.359666763117e-02,-1.784787100992e-01,-2.784504099151e-01,-2.897223619096e-01
748.50000000,4.200411948273e+14,3.293718412423e-02,1.348402631716e-01,1.349256944444e-01,5.523670778559e-01,2.139972825039e-01,2.226601072276e-01
749.00000000,2.681413710645e+14,2.732984543789e-01,1.118845963694e+00,2.089517674576e-01,8.554195528034e-01,4.445668764468e-01,4.625633896901e-01
749.50000000,6.848163099066e+14,6.254260706019e-02,2.560407581786e-01,1.725016468943e-01,7.061978151208e-01,-1.387340036651e-01,-1.443500953412e-01
750.00000000,4.146762156656e+14,1.466434220679e-01,6.003378294101e-01,1.017696952160e-01,4.166310159991e-01,4.495939911265e-02,4.677940070164e-02
750.50000000,4.156425703222e+14,2.081011718750e-01,8.519373324723e-01,2.146136429398e-01,8.785984856834e-01,4.442207175926e-01,4.622032179782e-01
751.00000000,4.057799168369e+14,-6.265335165895e-02,-2.564941312048e-01,1.119897762346e-02,4.584706100875e-02,-3.703682484568e-02,-3.853611267872e-02
751.50000000,2.293941500077e+14,-5.237842881944e-02,-2.144300223083e-01,-2.018156732253e-01,-8.262053728460e-01,-3.756164496528e-01,-3.908217804337e-01
752.00000000,3.923222230882e+14,-2.434559895833e-01,-9.966750521935e-01,-1.198220775463e-01,-4.905349652591e-01,-1.211800009645e-01,-1.260854889973e-01
752.50000000,3.793340135472e+14,-1.048486882716e-01,-4.292359864893e-01,-1.544680796682e-01,-6.323708922875e-01,-1.081278501157e-01,-1.125049739855e-01
753.00000000,5.380751098509e+14,-5.663333333333e-02,-2.318490112011e-01,-9.073623649691e-02,-3.714615664259e-01,-5.711833188657e-01,-5.943053927470e-01
753.50000000,5.067599253602e+14,6.162876157407e-02,2.522996015156e-01,-5.118874903549e-02,-2.095596382902e-01,5.922707851080e-02,6.162465007823e-02
754.00000000,6.361476498010e+13,8.092380883488e-02,3.312908486344e-01,7.262541956019e-02,2.973183939923e-01,1.340789978781e-01,1.395066502490e-01
754.50000000,4.450028312095e+14,5.556475694444e-02,2.274744076845e-01,5.610061246142e-02,2.296681258439e-01,2.589125192901e-03,2.693935578675e-03
755.00000000,4.888914076781e+14,-9.097411747685e-02,-3.724354181619e-01,-9.539081307870e-02,-3.905167573273e-01,-1.191967785494e-01,-1.240219837488e-01
755.50000000,6.129957106729e+14,5.282313850309e-02,2.162506020685e-01,1.455542582948e-01,5.958789439980e-01,5.040255111883e-01,5.244289696276e-01
756.00000000,4.322565862714e+14,-6.703864293981e-02,-2.744469054361e-01,2.170300443673e-02,8.884908979546e-02,1.067277102623e-01,1.110481550659e-01
756.50000000,2.253429763866e+14,-3.419378279321e-01,-1.399846038228e+00,-2.342921103395e-01,-9.591594016676e-01,-1.025357204861e+00,-1.066864693372e+00
757.00000000,4.746804532735e+14,-2.910584490741e-01,-1.191552918533e+00,-2.854456645448e-01,-1.168574957205e+00,-1.014809895833e+00,-1.055890418692e+00
757.50000000,4.005548683761e+14,-1.172287181713e-01,-4.799181116962e-01,-1.304498263889e-01,-5.340434948727e-01,-2.727427903164e-01,-2.837836921424e-01
758.00000000,5.675123023525e+14,-8.071204185957e-02,-3.304239040112e-01,-2.467223861883e-01,-1.010047226821e+00,-6.704513937114e-01,-6.975919388695e-01
758.50000000,5.510630830918e+14,9.829055748457e-03,4.023879087088e-02,-1.004423128858e-01,-4.111968968569e-01,-1.825640432099e-01,-1.899544188664e-01
759.00000000,4.937317212871e+14,1.421693238812e-01,5.820214920244e-01,3.860334201389e-02,1.580367276335e-01,1.763359712577e-01,1.834742283123e-01
759.50000000,3.220861715417e+14,9.847006172840e-02,4.031227741844e-01,8.611436631944e-02,3.525402710072e-01,2.907810329861e-01,3.025521409753e-01
760.00000000,2.983290576916e+14,8.887131558642e-02,3.638268388968e-01,1.814233314043e-01,7.427219540007e-01,4.841362220293e-01,5.037345420863e-01
760.50000000,5.330544469287e+14,7.091758777006e-02,2.903267675325e-01,2.325992693866e-01,9.522291456160e-01,2.171116030093e-01,2.259004985520e-01
761.00000000,4.194771924061e+14,1.129297067901e-01,4.623185554066e-01,2.327159987461e-01,9.527070194228e-01,3.089979528356e-01,3.215065000194e-01
761.50000000,4.536239574887e+14,5.708874662423e-02,2.337134100448e-01,6.965098379630e-02,2.851414665513e-01,-2.228914617091e-01,-2.319143317316e-01
762.00000000,3.183475578724e+14,2.855000964506e-03,1.168797793877e-02,4.017056086034e-02,1.644527042060e-01,-2.093685088735e-01,-2.178439561960e-01
762.50000000,3.495099836579e+14,5.943990885417e-02,2.433387420905e-01,3.806051311728e-02,1.558144614253e-01,-2.539271701389e-01,-2.642063967803e-01
763.00000000,5.898745304997e+14,4.990830680941e-02,2.043176854235e-01,9.172349054784e-02,3.755032475709e-01,-5.554884862076e-02,-5.779752175144e-02
763.50000000,4.543475118840e+14,-3.164690514082e-02,-1.295580399848e-01,1.071562946084e-01,4.386830067499e-01,-2.726634355710e-02,-2.837011250373e-02
764.00000000,7.011828576690e+14,-1.074137056327e-01,-4.397368117786e-01,-2.356454957562e-03,-9.646999738388e-03,5.252002748843e-01,5.464609090051e-01
764.50000000,4.124913877837e+14,-2.007477008584e-01,-8.218332421117e-01,-1.077700074749e-01,-4.411954620989e-01,4.368695746528e-03,4.545544933960e-03
765.00000000,6.451901435682e+14,-2.367669548129e-01,-9.692910716623e-01,-1.747922935957e-01,-7.155754049865e-01,-4.144559003665e-01,-4.312334910844e-01
765.50000000,4.184644432485e+14,-1.181391396605e-01,-4.836452509907e-01,-2.062910517940e-02,-8.445269519378e-02,-1.627660771123e-01,-1.693550112356e-01
766.00000000,6.587987747869e+14,-2.119688404225e-02,-8.677710310312e-02,-6.490679072627e-02,-2.657193981776e-01,-7.329725839120e-02,-7.626440495841e-02
766.50000000,4.246411396168e+14,3.239950719763e-02,1.326390884139e-01,-2.084914068528e-02,-8.535349003430e-02,5.951981065538e-02,6.192923231375e-02
767.00000000,3.748592961702e+14,1.331342803578e-01,5.450332770678e-01,-1.061874487606e-02,-4.347166862352e-02,5.113821548274e-01,5.320834175830e-01
767.50000000,4.057605850141e+14,5.828283857181e-02,2.386018568488e-01,-1.645505582079e-02,-6.736471609142e-02,2.647756397389e-01,2.754940233152e-01
768.00000000,2.593684845834e+14,-2.870057252484e-02,-1.174961629333e-01,-8.899799774547e-02,-3.643454580842e-01,3.521844654225e-01,3.664412459697e-01
768.50000000,4.709132602988e+14,1.117708628713e-01,4.575744091433e-01,-4.130683910229e-02,-1.691044697182e-01,6.135332090025e-01,6.383696489310e-01
769.00000000,3.963221463056e+14,-8.849291359230e-02,-3.622777136201e-01,-1.259008226936e-01,-5.154205047250e-01,1.907662035530e-01,1.984886108904e-01
769.50000000,5.429760494585e+14,-1.036553638600e-02,-4.243506818709e-02,-2.430844078535e-02,-9.951538481327e-02,4.113636672032e-01,4.280160812198e-01
770.00000000,3.699392160540e+14,2.698006712360e-02,1.104526524676e-01,5.662932731723e-02,2.318326111269e-01,3.361889160156e-01,3.497981806728e-01
770.50000000,5.022414552598e+13,1.285160499855e-02,5.261268825066e-02,2.426541130160e-02,9.933922807531e-02,-3.243184558256e-03,-3.374471923433e-03
771.00000000,5.523529794680e+14,-9.622336998457e-02,-3.939251298181e-01,-6.049907166281e-02,-2.476748077153e-01,-3.356998098114e-01,-3.492892749586e-01
771.50000000,4.518089519929e+14,-8.365257914979e-02,-3.424620558029e-01,-7.091902337722e-02,-2.903326447091e-01,-3.415957489390e-01,-3.554238876182e-01
772.00000000,6.424630478733e+14,-1.769375783661e-01,-7.243579032698e-01,-1.447468792197e-01,-5.925736460543e-01,-4.859906653887e-01,-5.056640551737e-01
772.50000000,4.186175296871e+14,-8.806221607350e-02,-3.605144977190e-01,-6.240099886671e-02,-2.554610338766e-01,-5.848216688368e-02,-6.084958368098e-02
773.00000000,4.385604870624e+14,-5.603074604552e-02,-2.293821024282e-01,2.616922260802e-03,1.071331674910e-02,-1.822584876543e-01,-1.896364941154e-01
773.50000000,4.311986479472e+14,-1.620752411265e-01,-6.635135561279e-01,-4.420227744020e-02,-1.809579926548e-01,1.410211684992e-01,1.467298469028e-01
774.00000000,8.554809800638e+14,-9.815539400077e-02,-4.018345681543e-01,-7.290284891011e-02,-2.984541512694e-01,3.561685329861e-01,3.705865925860e-01
774.50000000,7.885454456040e+14,-4.264587311921e-02,-1.745862892495e-01,3.124234423225e-03,1.279018237408e-02,9.054066478588e-02,9.420584174622e-02
775.00000000,4.258709037068e+14,1.398564983603e-01,5.725531051483e-01,2.394133632330e-01,9.801251006577e-01,7.270102852527e-01,7.564403910923e-01
775.50000000,4.680965516746e+14,4.094333912037e-01,1.676163512124e+00,5.100863184799e-01,2.088222635082e+00,1.215823579765e-01,1.265041338248e-01
776.00000000,7.074999797858e+14,6.098252712674e-01,2.496540073257e+00,3.804371708623e-01,1.557457008038e+00,8.528895423418e-01,8.874153668175e-01
776.50000000,4.374677782526e+14,4.077352406443e-01,1.669211519280e+00,4.699170548804e-01,1.923775241682e+00,1.470107455633e+00,1.529618880564e+00
777.00000000,5.177249679652e+14,1.752749951775e-01,7.175515183081e-01,2.172178698881e-01,8.892598295841e-01,1.109748061343e+00,1.154671776403e+00
777.50000000,2.501791781226e+14,1.332112220293e-01,5.453482655985e-01,1.100995177469e-01,4.507321540320e-01,6.398947458526e-01,6.657983272444e-01
778.00000000,3.905858305689e+14,6.103415557485e-02,2.498653670310e-01,1.283742621528e-01,5.255464227863e-01,5.996258342978e-01,6.238992897434e-01
778.50000000,3.644764174688e+14,9.215145399306e-02,3.772552705539e-01,1.162641372492e-01,4.759692511958e-01,3.674763261960e-01,3.823521366115e-01
779.00000000,7.685361700051e+14,-1.405163242670e-02,-5.752543408873e-02,5.909956838349e-02,2.419454354113e-01,-2.694970100309e-02,-2.804065194141e-02
779.50000000,6.426595594115e+14,-9.046475694444e-02,-3.703501667944e-01,-1.737399209105e-02,-7.112671371853e-02,-3.764060474537e-01,-3.916433419459e-01
780.00000000,5.290257024282e+14,-2.283268614969e-01,-9.347385003305e-01,-1.570762249228e-01,-6.430482771907e-01,-5.956566695602e-01,-6.197694492345e-01
780.50000000,5.488513108704e+14,-1.387450665509e-01,-5.680030574844e-01,-1.037090856481e-01,-4.245706114202e-01,-9.780809702932e-01,-1.017674669391e+00
781.00000000,7.484676941852e+14,-1.041872829861e-01,-4.265282849923e-01,4.458834876543e-03,1.825385151093e-02,-5.015156587577e-01,-5.218175158523e-01
781.50000000,3.670540136107e+14,1.599551601080e-01,6.548342385091e-01,1.794100646219e-01,7.344799190487e-01,1.745155140818e-01,1.815800772032e-01
782.00000000,2.251029700352e+14,4.772758487654e-02,1.953901123127e-01,1.151294270833e-01,4.713239051694e-01,6.081189236111e-01,6.327361878342e-01
782.50000000,4.811023634727e+14,7.087308063272e-02,2.901445614857e-01,1.201771315586e-01,4.919885071370e-01,3.896767216435e-01,4.054512263429e-01
783.00000000,4.291919889104e+14,2.376080246914e-02,9.727342950821e-02,1.241852623457e-01,5.083972386215e-01,-2.464840374228e-02,-2.564619585834e-02
783.50000000,5.115681667541e+14,8.985246431327e-02,3.678435256919e-01,2.241218364198e-01,9.175237109330e-01,6.759934413580e-04,7.033583341658e-04
784.00000000,3.778253569981e+14,1.036337721836e-01,4.242622885431e-01,2.126482976466e-01,8.705526346611e-01,3.276270785108e-01,3.408897513947e-01
784.50000000,4.074791134348e+14,3.430213638117e-01,1.404281883825e+00,3.040026379244e-01,1.244544632230e+00,2.699744212963e-01,2.809032567666e-01
785.00000000,4.287903125590e+14,2.891633246528e-01,1.183794542020e+00,2.120368393133e-01,8.680494090582e-01,1.222743287037e+00,1.272241162215e+00
785.50000000,4.663871531785e+14,3.066995949074e-01,1.255585600031e+00,2.180321228781e-01,8.925932683820e-01,1.095121416860e+00,1.139453030675e+00
786.00000000,5.808310255070e+14,1.819553385417e-01,7.448999174277e-01,1.420124083719e-01,5.813791016949e-01,8.935123456790e-01,9.296826219953e-01
786.50000000,4.433116532781e+14,2.393118971836e-01,9.797097127257e-01,1.677870177469e-01,6.868967773457e-01,6.894690731096e-01,7.173794730123e-01
787.00000000,3.087906369743e+14,2.104548032407e-01,8.615727728175e-01,2.378016685957e-01,9.735270463665e-01,5.808948495370e-01,6.044100559246e-01
787.50000000,4.694772820660e+14,2.010533058449e-01,8.230843465367e-01,3.484171223958e-01,1.426371371036e+00,3.800958912037e-01,3.954825542733e-01
788.00000000,2.479904947753e+14,2.793096788194e-01,1.143455082752e+00,4.012500241127e-01,1.642661942348e+00,6.707248529128e-01,6.978764679737e-01
788.50000000,4.680208954271e+14,9.817045958719e-02,4.018962445754e-01,1.828811209973e-01,7.486899423881e-01,-3.765376398534e-02,-3.917802613380e-02
789.00000000,2.757807965269e+14,1.024950412326e-01,4.196004819801e-01,1.608506775656e-01,6.585003627654e-01,3.309165352527e-01,3.443123686462e-01
789.50000000,4.916242362156e+14,4.162006338614e-02,1.703867664898e-01,1.314967006354e-01,5.383292528285e-01,2.242728125301e-01,2.333516010199e-01
790.00000000,4.193456226331e+14,3.517938836180e-02,1.440195363098e-01,1.122997756770e-01,4.597397048054e-01,4.671680011891e-01,4.860794306403e-01
790.50000000,7.518195670421e+14,7.421197675540e-02,3.038135390822e-01,8.270707706404e-02,3.385913014120e-01,3.692922685788e-01,3.842415901641e-01
791.00000000,2.928329891146e+14,1.155742088035e-01,4.731447798373e-01,6.754595540365e-02,2.765237722950e-01,4.197004340278e-01,4.366903287307e-01
791.50000000,5.216764042056e+14,-3.676111111111e-02,-1.504948898487e-01,-1.070412615741e-01,-4.382120774633e-01,-3.239875000000e-01,-3.371028390937e-01
792.00000000,3.445373125471e+14,-1.749725308642e-01,-7.163132713636e-01,-1.262461419753e-01,-5.168341939659e-01,-2.583222222222e-01,-2.687793649820e-01
792.50000000,7.018052071799e+14,-1.799975308642e-01,-7.368849243586e-01,-2.567141975309e-01,-1.050952316518e+00,-7.908074074074e-01,-8.228200847668e-01
793.00000000,4.946380008636e+14,-3.302172839506e-01,-1.351863756895e+00,-3.656055555556e-01,-1.496738432228e+00,-8.726617283951e-01,-9.079879508019e-01
793.50000000,5.832724834288e+14,-4.006185185185e-01,-1.640076646040e+00,-4.831327160494e-01,-1.977878325397e+00,-1.579116049383e+00,-1.643040251570e+00
794.00000000,5.029678135671e+14,-3.296586419753e-01,-1.349576754136e+00,-5.415913580247e-01,-2.217199896994e+00,-1.978002469136e+00,-2.058073993843e+00
794.50000000,6.056602288305e+14,-2.705725308642e-01,-1.107686410931e+00,-2.852666666667e-01,-1.167842164720e+00,-1.376348148148e+00,-1.432064102233e+00
795.00000000,2.792972393975e+14,-2.409700617284e-01,-9.864980083721e-01,-2.754940586420e-01,-1.127834463001e+00,-6.964274691358e-01,-7.246195518918e-01
795.50000000,3.725659158175e+14,3.673804012346e-03,1.504004404254e-02,-2.146822916667e-02,-8.788795240491e-02,-6.163919753086e-02,-6.413441409657e-02
796.00000000,5.168361111998e+14,8.245739535108e-02,3.375691391119e-01,1.220300154321e-01,4.995739567062e-01,2.047864969136e-01,2.130764597944e-01
796.50000000,5.745722199894e+14,2.256863522377e-01,9.239286216814e-01,1.818461419753e-01,7.444528818314e-01,1.447513720100e-01,1.506110527946e-01
797.00000000,5.056209514894e+14,1.065779851466e-01,4.363154880291e-01,2.043098476080e-01,8.364161768083e-01,3.881997685185e-01,4.039144846734e-01
797.50000000,3.085572381681e+14,3.567419704861e-02,1.460452144399e-01,1.134476634838e-01,4.644389982660e-01,-4.369048900463e-01,-4.545912383920e-01
798.00000000,5.612245673857e+14,5.659187162423e-02,2.316792727151e-01,8.411688126929e-02,3.443628442780e-01,-1.919016830633e-01,-1.996700557506e-01
798.50000000,7.758697293409e+14,1.345779562114e-02,5.509434857638e-02,9.864094569830e-02,4.038223494543e-01,-2.309833912037e-01,-2.403338306517e-01
799.00000000,5.908400270017e+14,-2.801629292052e-02,-1.146948171479e-01,-3.154789014275e-02,-1.291526863169e-01,-3.525181471836e-01,-3.667884355034e-01
799.50000000,7.165448377451e+14,-3.762146990741e-02,-1.540170794226e-01,6.006509452160e-02,2.458981654951e-01,2.411303771219e-02,2.508915767415e-02
800.00000000,3.310328879009e+14,-1.024705777392e-01,-4.195003318312e-01,2.108396508488e-02,8.631482855435e-02,2.571150173611e-02,2.675232912568e-02
800.50000000,4.875161037671e+14,-1.612676070602e-01,-6.602072142851e-01,1.379973476080e-02,5.649419998464e-02,8.128355758102e-02,8.457399755299e-02
801.00000000,5.033926461539e+14,-1.769433678144e-01,-7.243816044681e-01,2.355774136767e-02,9.644212552489e-02,4.433454499421e-02,4.612925186150e-02
801.50000000,4.867843684640e+14,-1.603184522087e-01,-6.563215059780e-01,6.400125868056e-02,2.620122755865e-01,-1.063241440008e-01,-1.106282520371e-01
802.00000000,4.710140179937e+14,-1.367233506944e-01,-5.597264331951e-01,2.194903790509e-03,8.985631668827e-03,-2.159324556327e-01,-2.246736181065e-01
802.50000000,4.376123752850e+14,-7.839512864101e-02,-3.209387826675e-01,2.200266444830e-02,9.007585631777e-02,-1.373324532215e-02,-1.428918087292e-02
803.00000000,2.862746440523e+14,-3.870783359857e-02,-1.584645016875e-01,-8.281898027585e-02,-3.390494176394e-01,3.458580608603e-02,3.598587422029e-02
803.50000000,5.651048920514e+14,-2.500033034336e-02,-1.023478846935e-01,-6.907328378183e-02,-2.827764428234e-01,-4.899159673997e-03,-5.097482573488e-03
804.00000000,3.651039781252e+14,1.366029067805e-02,5.592333525178e-02,-1.579026210455e-01,-6.464314282897e-01,-1.176518702378e-01,-1.224145359986e-01
804.50000000,4.743074722378e+14,7.573533649209e-03,3.100499625429e-02,-5.768895971981e-02,-2.361705992041e-01,-1.342315236786e-01,-1.396653504470e-01
805.00000000,7.287864114760e+14,7.797360131535e-02,3.192131082652e-01,1.812458104263e-03,7.419952077403e-03,3.306424495744e-01,3.440271877046e-01
805.50000000,2.538456480769e+14,-4.987178563247e-02,-2.041681727909e-01,-6.380444396219e-02,-2.612065434292e-01,-5.918017300829e-01,-6.157584579391e-01
806.00000000,5.104770901267e+14,1.607088028218e+00,6.579195472434e+00,1.629067945692e+00,6.669178205796e+00,1.734145028272e+00,1.804344959083e+00
806.50000000,3.622766603976e+14,4.387843844531e+02,1.796322407286e+03,4.387883854900e+02,1.796338786976e+03,4.383446653040e+02,4.560892971969e+02
807.00000000,6.113694409632e+14,6.569582499000e+04,2.689495950084e+05,6.569585403876e+04,2.689497139300e+05,6.569559931401e+04,6.835502309416e+04
807.50000000,6.501662491269e+14,5.761359044938e+06,2.358620478653e+07,5.761359158693e+06,2.358620525222e+07,5.761358851288e+06,5.994584438619e+06
808.00000000,3.926690872103e+14,2.982717362692e+08,1.221083115773e+09,2.982717363879e+08,1.221083116259e+09,2.982717362102e+08,3.103460753821e+08
808.50000000,5.535029647709e+14,9.154077012498e+09,3.747552155044e+10,9.154077012633e+09,3.747552155100e+10,9.154077012553e+09,9.524643235355e+09
809.00000000,5.250045507088e+14,1.669493413831e+11,6.834674465042e+11,1.669493413831e+11,6.834674465041e+11,1.669493413831e+11,1.737076182417e+11
809.50000000,2.291754781595e+14,1.812355954307e+12,7.419533889652e+12,1.812355954307e+12,7.419533889651e+12,1.812355954307e+12,1.885721941882e+12
810.00000000,5.534804233463e+14,1.172657640301e+13,4.800697723038e+13,1.172657640301e+13,4.800697723038e+13,1.172657640301e+13,1.220127998242e+13
810.50000000,7.062356491816e+14,4.527470219278e+13,1.853483508385e+14,4.527470219278e+13,1.853483508385e+14,4.527470219278e+13,4.710746756683e+13
811.00000000,6.433888594050e+14,1.043951512554e+14,4.273792688537e+14,1.043951512554e+14,4.273792688537e+14,1.043951512554e+14,1.086211717298e+14
811.50000000,6.264750120180e+14,1.438463214348e+14,5.888868873971e+14,1.438463214348e+14,5.888868873971e+14,1.438463214348e+14,1.496693648640e+14
812.00000000,5.507222615398e+14,1.184709037109e+14,4.850034469951e+14,1.184709037109e+14,4.850034469951e+14,1.184709037109e+14,1.232667247686e+14
812.50000000,4.312297200753e+14,5.831199175163e+13,2.387212059232e+14,5.831199175163e+13,2.387212059232e+14,5.831199175163e+13,6.067251968883e+13
813.00000000,4.895666300211e+14,1.714430046929e+13,7.018638807898e+13,1.714430046929e+13,7.018638807898e+13,1.714430046929e+13,1.783831895512e+13
813.50000000,6.935643219348e+14,3.008452787741e+12,1.231618841818e+13,3.008452787741e+12,1.231618841818e+13,3.008452787742e+12,3.130237975314e+12
814.00000000,5.982227832504e+14,3.147486995076e+11,1.288537517793e+12,3.147486995074e+11,1.288537517792e+12,3.147486995079e+11,3.274900426873e+11
814.50000000,5.761686615547e+14,1.960765591373e+10,8.027102358275e+10,1.960765591367e+10,8.027102358252e+10,1.960765591356e+10,2.040139349955e+10
815.00000000,6.518578125940e+14,7.261944143886e+08,2.972939203928e+09,7.261944143838e+08,2.972939203908e+09,7.261944144984e+08,7.555914930712e+08
815.50000000,4.048466871022e+14,1.595531876322e+07,6.531886189498e+07,1.595531884403e+07,6.531886222580e+07,1.595531883288e+07,1.660120614904e+07
816.00000000,4.317834622787e+14,2.072114050598e+05,8.482947505484e+05,2.072115474626e+05,8.482953335256e+05,2.072113956635e+05,2.155995208789e+05
816.50000000,7.056793475459e+14,1.580277032976e+03,6.469434976800e+03,1.580434848409e+03,6.470081051289e+03,1.580159874392e+03,1.644126331663e+03
817.00000000,6.526180277552e+14,7.102355526620e+00,2.907605837633e+01,7.224835667438e+00,2.957747508393e+01,7.288301967593e+00,7.583339744428e+00
817.50000000,7.162793349124e+14,7.938594232253e-02,3.249950364464e-01,1.668616222994e-01,6.831083367427e-01,4.505253954475e-01,4.687631155189e-01
818.00000000,5.189443385079e+14,6.704419367284e-02,2.744696293671e-01,8.863070023148e-02,3.628417930088e-01,1.633351674021e-01,1.699471388714e-01
818.50000000,3.332292466219e+14,-1.704692081404e-02,-6.978772927769e-02,5.309215856481e-02,2.173519328862e-01,-1.391774691358e-02,-1.448115127391e-02
819.00000000,9.346653753123e+14,-6.503063271605e-02,-2.662263901060e-01,2.168190586420e-02,8.876271516605e-02,2.189722222222e-02,2.278364374977e-02
819.50000000,3.780291236803e+14,-4.508348765432e-02,-1.845655450410e-01,-4.086450617284e-02,-1.672936200600e-01,-1.013919753086e-01,-1.054964242073e-01
820.00000000,6.955099509027e+14,-3.940432098765e-02,-1.613158244504e-01,-9.852592592593e-02,-4.033514744603e-01,8.446666666667e-02,8.788596208841e-02
