wavelength_nm,measurement,init_raw,init_fit,opt_raw,opt_fit,truth_raw,truth_fit
270.00000000,-3.021133282056e+13,1.747302924261e-03,1.984601365661e-03,2.629088677298e-03,2.979794859842e-03,-6.660309516053e-03,-6.243997357738e-03
270.20000000,5.999604434524e+12,1.433063863117e-02,1.627685995560e-02,6.350423177078e-04,7.197535216018e-04,-5.342936197912e-03,-5.008968340272e-03
270.40000000,7.251199376930e+12,6.188962131071e-03,7.029475271175e-03,-6.458843315966e-03,-7.320418013902e-03,5.247382269961e-04,4.919387147057e-04
270.60000000,4.742295009057e+12,-7.906152343752e-03,-8.979874365611e-03,-1.042702907986e-02,-1.181793825514e-02,-4.276008029510e-02,-4.008730040784e-02
270.80000000,-2.779409393059e+13,-3.902723524302e-02,-4.432746221953e-02,-4.588051215272e-02,-5.200072384781e-02,-3.011931423608e-02,-2.823666348443e-02
271.00000000,-5.083408915363e+12,-4.287155558264e-02,-4.869387361283e-02,3.902649264858e-03,4.423241528369e-03,-2.367742648652e-02,-2.219743512873e-02
271.20000000,-1.725958845585e+13,-3.500713416202e-02,-3.976139758090e-02,-8.689511277932e-03,-9.848644994024e-03,-1.375883110893e-02,-1.289881572059e-02
271.40000000,-2.527723581979e+13,-2.067600301104e-02,-2.348397821716e-02,-8.139655558262e-03,-9.225441501013e-03,-4.842563544376e-03,-4.539872194060e-03
271.60000000,2.416400196109e+13,-7.189228312156e-03,-8.165586017309e-03,-1.200930820039e-02,-1.361128483599e-02,-9.460685899497e-03,-8.869332215938e-03
271.80000000,1.728476154678e+13,1.356884697808e-02,1.541161058522e-02,6.993019612631e-03,7.925850533846e-03,2.030463731552e-02,1.903546696176e-02
272.00000000,-5.780372568771e+12,2.449954291446e-02,2.782678701614e-02,2.042000189885e-02,2.314391949635e-02,2.260137464732e-02,2.118864344652e-02
272.20000000,-2.781884248882e+11,-6.591796893909e-06,-7.487018384360e-06,1.527429606118e-02,1.731180438447e-02,4.731677246077e-03,4.435917002200e-03
272.40000000,-1.282666588418e+13,-3.328588460283e-02,-3.780638784654e-02,6.975206163182e-03,7.905660866772e-03,-1.772414482963e-02,-1.661627184407e-02
272.60000000,9.485064583325e+12,-3.523100653750e-02,-4.001567370895e-02,-2.930526394319e-03,-3.321442734824e-03,-1.663154161239e-02,-1.559196335134e-02
272.80000000,-1.692608159936e+13,-2.500888536238e-02,-2.840530245482e-02,-1.120649278427e-02,-1.270137819381e-02,-1.063192003037e-02,-9.967356684750e-03
273.00000000,-1.280425073077e+13,-1.170483466251e-02,-1.329444971076e-02,-3.637627495643e-03,-4.122867291291e-03,-1.278692898218e-02,-1.198766372431e-02
273.20000000,-2.277146698621e+13,1.216717936197e-02,1.381958471122e-02,1.186161499021e-02,1.344389015192e-02,7.980639648420e-03,7.481798369533e-03
273.40000000,-2.241115247946e+13,9.017171902121e-03,1.024177972970e-02,1.790783691410e-03,2.029664531603e-03,-4.011263020833e-03,-3.760533296974e-03
273.60000000,-1.456446809399e+13,1.258066677514e-02,1.428922719478e-02,7.621870252789e-03,8.638586441664e-03,-8.432287597663e-03,-7.905215418681e-03
273.80000000,-1.897832287569e+13,-2.469915771502e-03,-2.805351118646e-03,-1.483991699217e-02,-1.681948150155e-02,-2.140718383783e-02,-2.006909723908e-02
274.00000000,-1.892164355594e+13,-2.024117092555e-02,-2.299009227516e-02,-1.135205485026e-02,-1.286635745060e-02,9.893454318538e-03,9.275049826883e-03
274.20000000,6.824272950692e+12,-2.817239854594e-02,-3.199844735100e-02,-1.740789184566e-02,-1.973001028466e-02,-1.563131035694e-02,-1.465425297901e-02
274.40000000,-1.033690350096e+13,3.176579454209e-03,3.607985676336e-03,6.409806993273e-03,7.264840511489e-03,9.419032796203e-03,8.830282699353e-03
274.60000000,-2.267079265940e+13,5.223150634758e-03,5.932498445956e-03,1.183586018877e-02,1.341469979954e-02,-9.275994194950e-04,-8.696184930151e-04
274.80000000,-1.135652598183e+13,3.605773925775e-03,4.095468368991e-03,5.096428765063e-04,5.776264744825e-04,-6.595893690306e-03,-6.183607935175e-03
275.00000000,-8.292316246576e+12,1.611975775849e-03,1.830895651661e-03,-8.143395996072e-03,-9.229680892957e-03,-1.324924044999e-04,-1.242107775354e-04
275.20000000,2.723251212045e+12,2.014679633242e-02,2.288290081808e-02,2.037030707448e-03,2.308759565171e-03,9.642180718309e-03,9.039482441896e-03
275.40000000,-1.782618579319e+13,3.026746961814e-03,3.437804670571e-03,-8.897580295137e-03,-1.008446929060e-02,1.102267795138e-02,1.033368972384e-02
275.60000000,4.821227061163e+12,1.129809027777e-02,1.283246601565e-02,-1.328559027770e-02,-1.505781602625e-02,1.494105902776e-02,1.400714679495e-02
275.80000000,-2.074820607273e+13,1.529791666667e-02,1.737550248837e-02,2.529374999997e-02,2.866779918336e-02,1.198524305548e-02,1.123608832141e-02
276.00000000,-1.777052103240e+13,2.449340277771e-02,2.781981299715e-02,2.231840277771e-02,2.529555676504e-02,-2.534409722218e-02,-2.375992822978e-02
276.20000000,-4.500619919866e+12,-4.053428819455e-03,-4.603918564435e-03,-3.342252604178e-03,-3.788090989938e-03,-1.758083767362e-02,-1.648192230651e-02
276.40000000,1.361944901123e+13,-1.236477322046e-02,-1.404401347853e-02,-1.166838650173e-02,-1.322488603017e-02,-3.173461371525e-02,-2.975099636275e-02
276.60000000,7.788709135037e+12,-1.253200954835e-03,-1.423396190711e-03,-1.172897406682e-02,-1.329355564812e-02,-3.525346950947e-02,-3.304990105004e-02
276.80000000,-9.381222646391e+12,1.117632378472e-02,1.269416260812e-02,-4.837662760437e-03,-5.482980757428e-03,-1.303682725696e-02,-1.222194175054e-02
277.00000000,1.606864272463e+13,1.515980902778e-02,1.721863866988e-02,-1.752465277768e-02,-1.986234649229e-02,-2.929053819442e-02,-2.745969127288e-02
277.20000000,-2.349348868626e+12,2.226892361100e-02,2.529323083968e-02,2.092552083325e-02,2.371687191720e-02,-3.035850694438e-02,-2.846090511090e-02
277.40000000,-1.138983876338e+13,-2.233142361109e-02,-2.536421886574e-02,-8.622395833299e-03,-9.772576712775e-03,-1.454722222220e-02,-1.363792732139e-02
277.60000000,-2.708214042709e+13,-2.033148871523e-02,-2.309267598074e-02,4.447352430536e-03,5.040605144607e-03,-1.228780381944e-02,-1.151973709270e-02
277.80000000,-2.064356035453e+13,-9.185907660552e-03,-1.043343122411e-02,-2.365596516920e-03,-2.681154273131e-03,-1.426615668398e-02,-1.337443018604e-02
278.00000000,-5.608866795459e+12,3.596729871954e-03,4.085196056552e-03,-4.179646810028e-04,-4.737189045012e-04,-9.661580403896e-04,-9.057669522426e-04
278.20000000,2.816734189142e+13,1.568271213134e-03,1.781255641536e-03,-6.402746581990e-03,-7.256838279600e-03,-1.239305013015e-02,-1.161840483246e-02
278.40000000,2.311656450833e+13,1.365067681198e-02,1.550455359920e-02,9.125217013854e-03,1.034247151403e-02,6.476920572848e-03,6.072071402337e-03
278.60000000,-3.069545561700e+12,-1.738502332896e-02,-1.974605579927e-02,-2.311332194040e-03,-2.619651383636e-03,-2.106903754333e-02,-1.975208726164e-02
278.80000000,-2.568602095323e+13,-9.349313693586e-03,-1.061902917156e-02,-1.472921278209e-02,-1.669400994975e-02,9.323947482343e-04,8.741140828836e-04
279.00000000,-1.222499340786e+12,-1.649488389753e-02,-1.873502794216e-02,-9.894821506009e-03,-1.121473707496e-02,-1.026365288617e-02,-9.622108604343e-03
279.20000000,-1.671890872462e+13,-6.472460937535e-03,-7.351475601318e-03,1.269628634977e-02,1.438990214777e-02,2.951676432283e-02,2.767177681405e-02
279.40000000,7.265138487991e+12,-2.273220757378e-02,-2.581943266333e-02,-3.430357530372e-03,-3.887948635847e-03,7.094911024272e-03,6.651433478004e-03
279.60000000,-5.458922428712e+12,-2.783502332896e-02,-3.161525374040e-02,-9.951334635464e-04,-1.127878874964e-03,-3.321188693626e-03,-3.113593051128e-03
279.80000000,-2.271070149892e+13,-2.706650933152e-02,-3.074236907473e-02,-3.018717447891e-03,-3.421397997037e-03,-2.189893663187e-02,-2.053011232242e-02
280.00000000,-5.072103111812e+12,-8.603122287317e-03,-9.771498692806e-03,4.827324761250e-03,5.471263725171e-03,-3.507128906334e-03,-3.287910805288e-03
280.20000000,-2.582766249826e+13,-8.274427625804e-03,-9.398164530156e-03,-5.780813259494e-03,-6.551942422135e-03,-3.442222222202e-02,-3.227061206146e-02
280.40000000,-1.175593897640e+13,1.146802571604e-02,1.302548011651e-02,1.147093370219e-02,1.300109409717e-02,2.314159884973e-02,2.169510016363e-02
280.60000000,-1.114542281950e+13,-2.138700629334e-02,-2.429154172858e-02,-9.705338541630e-03,-1.099997810994e-02,-2.193524848057e-03,-2.056415444715e-03
280.80000000,-8.932063747635e+12,-7.360232204908e-03,-8.359813677766e-03,-1.024055989604e-03,-1.160659509266e-03,7.814192708277e-03,7.325755433098e-03
281.00000000,-6.721018243339e+12,-2.464119466146e-02,-2.798767626244e-02,-7.840394422754e-03,-8.886260551722e-03,-7.666284179754e-03,-7.187092138387e-03
281.20000000,-5.293485296468e+12,-3.179070638015e-02,-3.610815183866e-02,-1.382107204856e-02,-1.566472816357e-02,-3.151549750428e-02,-2.954557632348e-02
281.40000000,-2.405144324437e+13,-2.358348795567e-02,-2.678632408496e-02,-1.819234212230e-03,-2.061910197727e-03,-2.249546169696e-02,-2.108935073638e-02
281.60000000,-1.017798176619e+13,-1.106382649743e-02,-1.256638724251e-02,7.391438801518e-04,8.377416683505e-04,-2.000762261403e-03,-1.875701758837e-03
281.80000000,9.828161956847e+12,-2.382979058164e-02,-2.706607668028e-02,-1.561312934024e-02,-1.769583618682e-02,-3.731738281238e-02,-3.498480650435e-02
282.00000000,-3.539611333160e+13,-4.220528293181e-02,-4.793711552906e-02,-9.950899251317e-03,-1.127829528761e-02,-1.393969997832e-02,-1.306837912300e-02
282.20000000,1.230809054409e+13,-4.117653130412e-02,-4.676865077295e-02,-1.730307888445e-02,-1.961121584241e-02,-2.525498318148e-02,-2.367638438946e-02
282.40000000,-8.956778558683e+12,-1.282857666009e-02,-1.457080532836e-02,5.331551106802e-03,6.042751132822e-03,-4.795410970039e-02,-4.495666958724e-02
282.60000000,-2.063579944749e+13,4.163126627541e-03,4.728514258013e-03,1.595947672519e-02,1.808838443607e-02,-2.487754991319e-02,-2.332254312665e-02
282.80000000,-1.040660672478e+13,-1.182940266930e-02,-1.343593510116e-02,1.305805121488e-03,1.479992448548e-03,-3.105680881072e-02,-2.911555862179e-02
283.00000000,-1.904871036836e+13,-2.259925401477e-02,-2.566842289214e-02,-9.195595974424e-03,-1.042223864656e-02,-2.822400716138e-02,-2.645982528524e-02
283.20000000,-1.871692776261e+13,-3.103357747384e-02,-3.524819845533e-02,-2.040769585491e-02,-2.312997189284e-02,-1.388447265621e-02,-1.301660386353e-02
283.40000000,6.654040326567e+12,-8.707413736951e-03,-9.889953798957e-03,6.529106987829e-03,7.400054478834e-03,-7.875868055354e-03,-7.383575674523e-03
283.60000000,2.183729543654e+13,-3.528743489511e-03,-4.007976551238e-03,3.511710612013e-03,3.980153777728e-03,4.445402832013e-02,4.167536579233e-02
283.80000000,-2.539147407371e+13,1.383819444437e-02,1.571753770411e-02,1.303464626731e-02,1.477339744473e-02,9.185584852386e-03,8.611426752666e-03
284.00000000,-9.857374848071e+12,-2.157813856335e-03,-2.450863136931e-03,2.402080620684e-03,2.722505158630e-03,3.601874456704e-04,3.376734149723e-04
284.20000000,-4.056952763124e+12,-2.375938585172e-03,-2.698611039555e-03,9.043207465177e-03,1.024952233597e-02,-1.868831380212e-02,-1.752017405794e-02
284.40000000,-1.739592483825e+13,-2.882539062499e-02,-3.274012124958e-02,-1.396206597220e-02,-1.582452991258e-02,-3.263645833330e-02,-3.059646989496e-02
284.60000000,-2.043309196451e+13,-3.305577256940e-02,-3.754502466247e-02,-1.143793402780e-02,-1.296369244505e-02,-3.251115451376e-02,-3.047899836961e-02
284.80000000,-3.537600371128e+13,-2.956888020825e-02,-3.358458297503e-02,-2.056358506936e-02,-2.330665588372e-02,-9.279557291610e-03,-8.699525310368e-03
285.00000000,2.998940586017e+13,-1.800134548606e-02,-2.044607969192e-02,-4.604123263898e-03,-5.218288357598e-03,1.750043402807e-03,1.640654440566e-03
285.20000000,2.921195306824e+13,-1.063603379983e-02,-1.208049669652e-02,-7.776694064672e-03,-8.814062911063e-03,9.111522081151e-03,8.541993380722e-03
285.40000000,3.600237819460e+12,6.657699245787e-03,7.561870830689e-03,-1.009019911018e-02,-1.143617699278e-02,8.553224012557e-03,8.018592530246e-03
285.60000000,2.034804759476e+12,-1.275627034503e-02,-1.448867920724e-02,3.019946289089e-03,3.422790758992e-03,3.673950195192e-03,3.444304691239e-03
285.80000000,6.069003811586e+11,-1.172946234808e-02,-1.332242204328e-02,9.544386121917e-03,1.081755550964e-02,-2.190041910808e-02,-2.053150213434e-02
286.00000000,-1.050200400854e+13,-1.232029351126e-02,-1.399349305051e-02,1.889369710230e-03,2.141401391097e-03,-2.878024631071e-02,-2.698129591215e-02
286.20000000,-8.286843038869e+12,-1.005469428169e-02,-1.142020637960e-02,-1.015115085184e-02,-1.150525936648e-02,-2.403482937280e-02,-2.253249803717e-02
286.40000000,-1.361704553558e+13,-1.269494764532e-02,-1.441902836885e-02,-2.656853908954e-02,-3.011263822941e-02,-2.253915201820e-02,-2.113031013169e-02
286.60000000,-2.011113371898e+13,8.501478405852e-04,9.656050716868e-04,-1.456108398435e-02,-1.650345368147e-02,-2.072675916880e-02,-1.943120348574e-02
286.80000000,-1.637224360871e+13,-2.516712782110e-02,-2.858503557112e-02,-1.175525512692e-02,-1.332334245922e-02,-1.654797905817e-02,-1.551362399391e-02
287.00000000,-3.212175882430e+13,-1.490061848951e-02,-1.692424787532e-02,-6.406975640146e-03,-7.261631471197e-03,-2.294771728508e-02,-2.151333744308e-02
287.20000000,1.444193000348e+13,-3.381418185700e-03,-3.840643231366e-03,1.617030165045e-03,1.832733226390e-03,-1.280990668398e-02,-1.200920517205e-02
287.40000000,-1.655357100667e+13,9.081990559851e-03,1.031540130663e-02,2.556545613602e-02,2.897574944559e-02,-5.908683268181e-03,-5.539352581935e-03
287.60000000,7.651727532295e+12,1.745349121120e-03,1.982382219611e-03,2.176075575083e-02,2.466352264665e-02,2.691238064297e-03,2.523018385559e-03
287.80000000,-1.928427099195e+13,7.239675564211e-03,8.222884430729e-03,1.940275539808e-02,2.199097782482e-02,1.513825954852e-02,1.419202101552e-02
288.00000000,1.347276994851e+12,3.804692925355e-03,4.321402242701e-03,-4.368377685546e-03,-4.951095596598e-03,-4.941514757546e-04,-4.632638320329e-04
288.20000000,-6.525990116614e+12,6.139123535041e-03,6.972868174392e-03,-5.097113715254e-03,-5.777041063655e-03,-1.235023735898e-02,-1.157826813469e-02
288.40000000,-3.325048550725e+13,-1.508831176743e-02,-1.713743147990e-02,-1.557235378564e-03,-1.764962139419e-03,-2.259518636052e-02,-2.118284196743e-02
288.60000000,-4.385182660127e+13,1.121215277789e-02,1.273485748009e-02,2.268232557500e-02,2.570802489139e-02,3.010768636107e-03,2.822576242636e-03
288.80000000,3.113623632134e+13,3.464681396472e-02,3.935214286856e-02,1.137141316740e-02,1.288829806235e-02,1.092978719072e-02,1.024660523284e-02
289.00000000,-2.095666342349e+13,1.905693834086e-02,2.164503093965e-02,2.970225626616e-02,3.366437629580e-02,6.818813069687e-03,6.392593420383e-03
289.20000000,-2.040810946770e+13,9.567991468566e-03,1.086740522865e-02,1.376271192755e-02,1.559858311868e-02,1.287231716576e-02,1.206771459753e-02
289.40000000,9.927714306297e+12,-2.516455077940e-03,-2.858210854546e-03,3.043083360537e-03,3.449014190392e-03,7.493863932454e-03,7.025449264889e-03
289.60000000,-1.804445700071e+13,3.124507208962e-02,3.548841581974e-02,1.790977138980e-02,2.029883784031e-02,3.897191738588e-02,3.653592203139e-02
289.80000000,-1.514512505166e+11,9.282342698880e-02,1.054296295218e-01,8.559849989177e-02,9.701687591983e-02,1.088485317659e-01,1.020447988343e-01
290.00000000,-2.675564757706e+11,1.814824924059e-01,2.061293421257e-01,1.506774142807e-01,1.707769648262e-01,2.100687554269e-01,1.969381078563e-01
290.20000000,-4.208587928959e+12,4.591367049988e-01,5.214913333650e-01,3.870027298921e-01,4.386267968954e-01,5.190476959677e-01,4.866038784460e-01
290.40000000,-2.948463699019e+12,1.844361663135e+00,2.094841498063e+00,1.503556777354e+00,1.704123103693e+00,2.144375599975e+00,2.010338340578e+00
290.60000000,-2.040538115686e+12,7.505931982628e+00,8.525300711425e+00,6.107566083775e+00,6.922282302504e+00,8.770458503269e+00,8.222248468869e+00
290.80000000,-3.059036159519e+12,2.962127202268e+01,3.364409003875e+01,2.407498987047e+01,2.728646305703e+01,3.466624175907e+01,3.249937880884e+01
291.00000000,4.443715036456e+13,1.127257861314e+02,1.280348965227e+02,9.161245078669e+01,1.038330552746e+02,1.319541378485e+02,1.237061560102e+02
291.20000000,-2.813540333607e+13,4.141190538090e+02,4.703599063013e+02,3.365102490497e+02,3.813988927269e+02,4.847491622096e+02,4.544492235244e+02
291.40000000,8.678737402202e+12,1.468623598750e+03,1.668075042542e+03,1.193397724155e+03,1.352590513545e+03,1.719143628660e+03,1.611686100932e+03
291.60000000,-4.517745686823e+11,5.028371850552e+03,5.711267063709e+03,4.086036494630e+03,4.631091620819e+03,5.886076752387e+03,5.518159118696e+03
291.80000000,7.368779406499e+11,1.662138096914e+04,1.887870438062e+04,1.350645993966e+04,1.530814850422e+04,1.945651272625e+04,1.824035561120e+04
292.00000000,1.127504839695e+13,5.304301527653e+04,6.024670313024e+04,4.310247047379e+04,4.885210646309e+04,6.209055992055e+04,5.820950079721e+04
292.20000000,-5.463832197274e+12,1.634215712521e+05,1.856155958890e+05,1.327955050682e+05,1.505097058267e+05,1.912963973590e+05,1.793391428395e+05
292.40000000,-1.671865320872e+13,4.860836830235e+05,5.520979377756e+05,3.949890102773e+05,4.476784038063e+05,5.689950208750e+05,5.334291744770e+05
292.60000000,-1.014282406577e+13,1.395832372718e+06,1.585398155446e+06,1.134245963656e+06,1.285548228738e+06,1.633919665839e+06,1.531789183621e+06
292.80000000,-4.760657084887e+12,3.869689860471e+06,4.395226308581e+06,3.144489360779e+06,3.563947201547e+06,4.529743260485e+06,4.246605188772e+06
293.00000000,-1.265846318527e+13,1.035714000150e+07,1.176372677337e+07,8.416156759980e+06,9.538826464684e+06,1.212375842567e+07,1.136594559056e+07
293.20000000,1.523036008039e+12,2.676236268751e+07,3.039691675695e+07,2.174695324705e+07,2.464787896367e+07,3.132722153750e+07,2.936906881489e+07
293.40000000,-1.359834858942e+13,6.676211654324e+07,7.582897380094e+07,5.425054004329e+07,6.148726810187e+07,7.814973740050e+07,7.326487645364e+07
293.60000000,-5.937566948757e+13,1.607892110367e+08,1.826257390040e+08,1.306564558015e+08,1.480853189793e+08,1.882150426531e+08,1.764503926101e+08
293.80000000,-4.140190514276e+12,3.738565567760e+08,4.246294233455e+08,3.037938452124e+08,3.443182979076e+08,4.376253066101e+08,4.102709118198e+08
294.00000000,-7.829500275199e+11,8.392174844732e+08,9.531902812308e+08,6.819436544456e+08,7.729112425021e+08,9.823628936669e+08,9.209588980230e+08
294.20000000,-4.598501895423e+12,1.818719044363e+09,2.065716395869e+09,1.477881400786e+09,1.675022771025e+09,2.128938131344e+09,1.995865812971e+09
294.40000000,-7.088462432596e+12,3.805208318860e+09,4.321987630980e+09,3.092091996281e+09,3.504560312566e+09,4.454263077544e+09,4.175843002464e+09
294.60000000,1.828140790350e+12,7.686226575807e+09,8.730080827612e+09,6.245786744112e+09,7.078940849914e+09,8.997267001768e+09,8.434879978250e+09
294.80000000,1.039121094869e+13,1.498891097811e+10,1.702453122689e+10,1.217990916250e+10,1.380464304196e+10,1.754557100362e+10,1.644886003008e+10
295.00000000,-1.414098325686e+13,2.821950707368e+10,3.205195361324e+10,2.293102102410e+10,2.598989496572e+10,3.303291118162e+10,3.096814189180e+10
295.20000000,1.442717324268e+13,5.129223200967e+10,5.825814876216e+10,4.167979431797e+10,4.723965301756e+10,6.004115308808e+10,5.628819506569e+10
295.40000000,-3.141846101566e+13,9.000717507044e+10,1.022309068930e+11,7.313935067927e+10,8.289574371839e+10,1.053597078094e+11,9.877404880184e+10
295.60000000,-4.930054990689e+12,1.524848738154e+11,1.731936029035e+11,1.239083956422e+11,1.404371041624e+11,1.784942337983e+11,1.673371967957e+11
295.80000000,1.473880557022e+11,2.494029388310e+11,2.832739567543e+11,2.026634986524e+11,2.296977111410e+11,2.919436227331e+11,2.736952696508e+11
296.00000000,-2.309922121022e+12,3.938248425394e+11,4.473095703570e+11,3.200199677653e+11,3.627088972799e+11,4.609995848171e+11,4.321841473851e+11
296.20000000,-2.155033090344e+12,6.003903963541e+11,6.819284647153e+11,4.878740356981e+11,5.529537882752e+11,7.027990455420e+11,6.588695874881e+11
296.40000000,-1.392358151573e+13,8.836840419367e+11,1.003695771402e+12,7.180769420025e+11,8.138645148131e+11,1.034414116224e+12,9.697565845761e+11
296.60000000,-2.712806007633e+13,1.255736151285e+12,1.426275688175e+12,1.020404502837e+12,1.156520933952e+12,1.469927190600e+12,1.378047292254e+12
296.80000000,-2.361001306420e+12,1.722845643206e+12,1.956822580020e+12,1.399975186045e+12,1.586724289411e+12,2.016711594679e+12,1.890654156259e+12
297.00000000,7.881122297274e+12,2.282202720839e+12,2.592145056019e+12,1.854505765679e+12,2.101886785270e+12,2.671478264275e+12,2.504493700057e+12
297.20000000,-1.107775810945e+13,2.919059784224e+12,3.315492668031e+12,2.372012420621e+12,2.688426023618e+12,3.416964099844e+12,3.203381878798e+12
297.40000000,7.849830195814e+12,3.605340663711e+12,4.094976266293e+12,2.929680605074e+12,3.320484121878e+12,4.220303976707e+12,3.956507849357e+12
297.60000000,-2.386765112395e+12,4.300494328283e+12,4.884537648522e+12,3.494558767390e+12,3.960713969977e+12,5.034030070484e+12,4.719370831507e+12
297.80000000,-9.203510947480e+12,4.955041939900e+12,5.627978334089e+12,4.026440667526e+12,4.563546033329e+12,5.800223932844e+12,5.437672652251e+12
298.00000000,-2.435028269008e+13,5.516676907178e+12,6.265888056316e+12,4.482822248143e+12,5.080806443671e+12,6.457657031945e+12,6.054011956570e+12
298.20000000,2.618184569333e+12,5.938094655704e+12,6.744537881499e+12,4.825264064229e+12,5.468928142334e+12,6.950956047448e+12,6.516476612597e+12
298.40000000,1.487744243770e+13,6.185154866106e+12,7.025150947588e+12,5.026023874248e+12,5.696468223094e+12,7.240157342332e+12,6.787600967518e+12
298.60000000,1.325857454415e+13,6.243713516980e+12,7.091662356047e+12,5.073608321801e+12,5.750400178092e+12,7.308704348068e+12,6.851863344764e+12
298.80000000,-1.703340946727e+12,6.123623382695e+12,6.955262970917e+12,4.976023718821e+12,5.639798317884e+12,7.168130427720e+12,6.720076198070e+12
299.00000000,-6.642468909224e+12,5.858971657277e+12,6.654669314032e+12,4.760969137472e+12,5.396056620761e+12,6.858337031366e+12,6.429646880391e+12
299.20000000,-6.433431946241e+12,5.504444305046e+12,6.251994163872e+12,4.472882100856e+12,5.069540334602e+12,6.443337913659e+12,6.040587875223e+12
299.40000000,1.802663253574e+13,5.128534596121e+12,5.825032753038e+12,4.167419875169e+12,4.723331103306e+12,6.003309248566e+12,5.628063830275e+12
299.60000000,1.895747189607e+13,4.804907994705e+12,5.457454935697e+12,3.904442623950e+12,4.425274111845e+12,5.624481625793e+12,5.272915369091e+12
299.80000000,1.358025814640e+13,4.603448956055e+12,5.228636064236e+12,3.740738083019e+12,4.239732272268e+12,5.388659699028e+12,5.051833828651e+12
300.00000000,-5.061535481333e+12,4.582339037420e+12,5.204659241001e+12,3.723584275663e+12,4.220290239966e+12,5.363949059487e+12,5.028667762925e+12
300.20000000,3.202425664024e+12,4.782071110934e+12,5.431516610927e+12,3.885885493929e+12,4.404241561240e+12,5.597749452502e+12,5.247854128469e+12
300.40000000,2.988023561826e+12,5.221780923027e+12,5.930942715845e+12,4.243191343364e+12,4.809210074753e+12,6.112460610660e+12,5.730392530595e+12
300.60000000,-1.437179177031e+13,5.897851968652e+12,6.698829898886e+12,4.792563071244e+12,5.431865014092e+12,6.903849161292e+12,6.472314209636e+12
300.80000000,1.751610953525e+13,6.784522546056e+12,7.705917802405e+12,5.513066856047e+12,6.248480099384e+12,7.941759226632e+12,7.445348224037e+12
301.00000000,-5.903068043679e+11,7.836193158582e+12,8.900414134360e+12,6.367648789859e+12,7.217058632194e+12,9.172813399377e+12,8.599453597567e+12
301.20000000,-1.083146285684e+13,8.991214866535e+12,1.021229751024e+13,7.306213272901e+12,8.280822531202e+12,1.052484727410e+13,9.866976664025e+12
301.40000000,-6.136633682028e+12,1.017701958725e+13,1.155914449108e+13,8.269791868029e+12,9.372937289296e+12,1.191291482312e+13,1.116828106850e+13
301.60000000,1.977092090219e+12,1.131643901310e+13,1.285330666364e+13,9.195678019798e+12,1.042233163634e+13,1.324668513293e+13,1.241868216026e+13
301.80000000,3.341257557317e+10,1.233491668111e+13,1.401010216989e+13,1.002328754383e+13,1.136033978607e+13,1.443888463734e+13,1.353636153199e+13
302.00000000,2.432927380538e+13,1.316808275514e+13,1.495641920821e+13,1.070031385440e+13,1.212767773767e+13,1.541416393089e+13,1.445067960043e+13
302.20000000,-6.678831111305e+12,1.376891759079e+13,1.563885247082e+13,1.118854903910e+13,1.268104085027e+13,1.611748322378e+13,1.511003691647e+13
302.40000000,1.911380803317e+13,1.411357692276e+13,1.603031944052e+13,1.146861737505e+13,1.299846878455e+13,1.652093113203e+13,1.548826673703e+13
302.60000000,2.520946489670e+13,1.420496523407e+13,1.613411905358e+13,1.154287902968e+13,1.308263654148e+13,1.662790755663e+13,1.558855644742e+13
302.80000000,-1.580461051654e+13,1.407335342537e+13,1.598463325369e+13,1.143593197549e+13,1.296142332980e+13,1.647384670872e+13,1.544412539284e+13
303.00000000,3.389127052946e+12,1.377371536482e+13,1.564430182293e+13,1.119244768470e+13,1.268545955406e+13,1.612309935459e+13,1.511530200300e+13
303.20000000,3.405103204732e+12,1.337993241793e+13,1.519703983801e+13,1.087246176112e+13,1.232278924228e+13,1.566214881157e+13,1.468316383199e+13
303.40000000,2.781706673180e+13,1.297648941420e+13,1.473880587923e+13,1.054462612684e+13,1.195122211093e+13,1.518989049486e+13,1.424042469583e+13
303.60000000,-1.107463182500e+13,1.264866690363e+13,1.436646231297e+13,1.027823930221e+13,1.164930072744e+13,1.480615126630e+13,1.388067163579e+13
303.80000000,2.792324180633e+13,1.247245615157e+13,1.416632065789e+13,1.013505138438e+13,1.148701231730e+13,1.459988422886e+13,1.368729761410e+13
304.00000000,-3.486323568163e+11,1.250545655078e+13,1.420380278902e+13,1.016186733286e+13,1.151740536800e+13,1.463851350942e+13,1.372351231631e+13
304.20000000,-1.031690437189e+13,1.277986992638e+13,1.451548381033e+13,1.038485417911e+13,1.177013745118e+13,1.495973360159e+13,1.402465408787e+13
304.40000000,8.987878268708e+12,1.329842138360e+13,1.510445891927e+13,1.080622632911e+13,1.224771836257e+13,1.556673443207e+13,1.459371346454e+13
304.60000000,1.147856772408e+13,1.403366522322e+13,1.593955505969e+13,1.140368155397e+13,1.292487087683e+13,1.642738888601e+13,1.540057148268e+13
304.80000000,1.851258979166e+13,1.493073133659e+13,1.695845030045e+13,1.213263269589e+13,1.375106015090e+13,1.747746765491e+13,1.638501357845e+13
305.00000000,-2.588494384479e+12,1.591317901636e+13,1.807432264284e+13,1.293096444354e+13,1.465588502753e+13,1.862749153243e+13,1.746315357108e+13
305.20000000,2.044196115347e+13,1.689128749799e+13,1.918526648747e+13,1.372577018191e+13,1.555671354435e+13,1.977243607435e+13,1.853653171924e+13
305.40000000,3.437122434244e+11,1.777185314980e+13,2.018542036511e+13,1.444131313671e+13,1.636770605180e+13,2.080319989633e+13,1.950286617643e+13
305.60000000,1.422125611641e+13,1.846840322654e+13,2.097656780404e+13,1.500732601612e+13,1.700922198210e+13,2.161856058844e+13,2.026726158401e+13
305.80000000,3.543601241279e+13,1.891069129484e+13,2.147892231405e+13,1.536672694280e+13,1.741656504481e+13,2.213628977621e+13,2.075262936950e+13
306.00000000,7.219045620549e+12,1.904921838044e+13,2.163626254365e+13,1.547929331415e+13,1.754414716010e+13,2.229844544049e+13,2.090464926240e+13
306.20000000,2.856617906188e+13,1.885278603920e+13,2.141315303740e+13,1.531967344073e+13,1.736323486055e+13,2.206850761541e+13,2.068908402946e+13
306.40000000,3.998658149239e+12,1.835161286215e+13,2.084391632533e+13,1.491242278856e+13,1.690165917827e+13,2.148184928006e+13,2.013909561121e+13
306.60000000,2.783787373458e+13,1.759152430788e+13,1.998060134892e+13,1.429477888101e+13,1.620162492046e+13,2.059211234604e+13,1.930497295494e+13
306.80000000,-2.207474582470e+12,1.664098879229e+13,1.890097511116e+13,1.352237878787e+13,1.532619084053e+13,1.947944389370e+13,1.826185343329e+13
307.00000000,8.233068913128e+12,1.558549811519e+13,1.770213991771e+13,1.266469268995e+13,1.435409406493e+13,1.824391806759e+13,1.710355591346e+13
307.20000000,1.104830245207e+13,1.451839244867e+13,1.649011232154e+13,1.179756831354e+13,1.337129999565e+13,1.699479608217e+13,1.593251208169e+13
307.40000000,1.408658490507e+13,1.353094353459e+13,1.536855953513e+13,1.099517258955e+13,1.246186903025e+13,1.583891790931e+13,1.484888372482e+13
307.60000000,2.187838788615e+13,1.270276200222e+13,1.442790398117e+13,1.032219669096e+13,1.169912179365e+13,1.486947337119e+13,1.394003570208e+13
307.80000000,1.037857714017e+13,1.209354026986e+13,1.373594481070e+13,9.827146358706e+12,1.113803442974e+13,1.415633662779e+13,1.327147458930e+13
308.00000000,1.564351777229e+13,1.173699426171e+13,1.333097685416e+13,9.537418973051e+12,1.080965898087e+13,1.373897453182e+13,1.288020030720e+13
308.20000000,3.244309687823e+12,1.163764323383e+13,1.321813312062e+13,9.456686857387e+12,1.071815763846e+13,1.362267718931e+13,1.277117229618e+13
308.40000000,2.887865414680e+13,1.177078446620e+13,1.336935605278e+13,9.564876713100e+12,1.084077943465e+13,1.377852833483e+13,1.291728174326e+13
308.60000000,-3.428779410442e+12,1.208569505304e+13,1.372703414742e+13,9.820771377334e+12,1.113080906040e+13,1.414715325156e+13,1.326286523311e+13
308.80000000,1.219070203395e+13,1.251174682835e+13,1.421094733922e+13,1.016697877888e+13,1.152319865322e+13,1.464587672025e+13,1.373041527914e+13
309.00000000,1.263899755437e+13,1.296678163370e+13,1.472777970044e+13,1.053673763615e+13,1.194228133833e+13,1.517852685728e+13,1.422977135864e+13
309.20000000,2.742425751161e+13,1.336680242726e+13,1.518212668411e+13,1.086179240069e+13,1.231069664698e+13,1.564677923710e+13,1.466875495471e+13
309.40000000,2.057433745428e+13,1.363583775203e+13,1.548769927003e+13,1.108040907151e+13,1.255847559701e+13,1.596170394378e+13,1.496399484284e+13
309.60000000,7.624717466686e+12,1.371477624927e+13,1.557735827949e+13,1.114455407358e+13,1.263117719476e+13,1.605410698828e+13,1.505062210308e+13
309.80000000,-3.287644033467e+12,1.356807108190e+13,1.541072931581e+13,1.102534223659e+13,1.249606314472e+13,1.588237830603e+13,1.488962756737e+13
310.00000000,5.229831242326e+12,1.318747991994e+13,1.497845067122e+13,1.071607588712e+13,1.214554234014e+13,1.543686967199e+13,1.447196608676e+13
310.20000000,4.119862812041e+12,1.259240001185e+13,1.430255390377e+13,1.023251712588e+13,1.159747946055e+13,1.474028692523e+13,1.381892423942e+13
310.40000000,1.057488172418e+13,1.182681715990e+13,1.343299845783e+13,9.610408581319e+12,1.089238500735e+13,1.384411853063e+13,1.297877213020e+13
310.60000000,2.597507733768e+12,1.095333540495e+13,1.244089052984e+13,8.900621963337e+12,1.008791670086e+13,1.282164690649e+13,1.202021155518e+13
310.80000000,-2.005441992604e+12,1.004511880149e+13,1.140933046861e+13,8.162609992618e+12,9.251457932522e+12,1.175851570731e+13,1.102353288993e+13
311.00000000,2.511160298822e+13,9.176807147417e+12,1.042309478471e+13,7.457024571047e+12,8.451751239276e+12,1.074209604866e+13,1.007064599366e+13
311.20000000,-2.533494298812e+13,8.415543763416e+12,9.558445426808e+12,6.838426003120e+12,7.750634974567e+12,9.850983894082e+12,9.235234076962e+12
311.40000000,9.965817116169e+12,7.813184513427e+12,8.874280721565e+12,6.348952087453e+12,7.195867891005e+12,9.145880167346e+12,8.574203865669e+12
311.60000000,1.383659824836e+13,7.400571801313e+12,8.405631730838e+12,6.013665197021e+12,6.815855546305e+12,8.662888064186e+12,8.121401873710e+12
311.80000000,-4.294722428357e+12,7.184490203217e+12,8.160204433304e+12,5.838078442230e+12,6.616846469929e+12,8.409949406568e+12,7.884273508123e+12
312.00000000,-1.633518277072e+13,7.147602893361e+12,8.118307516348e+12,5.808104010869e+12,6.582873611855e+12,8.366770224628e+12,7.843793302617e+12
312.20000000,-1.129244726013e+13,7.251324779950e+12,8.236115707998e+12,5.892387863022e+12,6.678400473152e+12,8.488183963653e+12,7.957617902486e+12
312.40000000,2.608005422282e+12,7.441242140288e+12,8.451825444104e+12,6.046713697679e+12,6.853312537862e+12,8.710495546896e+12,8.166033582721e+12
312.60000000,2.754244892326e+12,7.654368523123e+12,8.693896183275e+12,6.219899060301e+12,7.049599889367e+12,8.959974917895e+12,8.399918889338e+12
312.80000000,-2.619925841206e+12,7.827272832705e+12,8.890282353161e+12,6.360400180601e+12,7.208843097742e+12,9.162371532635e+12,8.589664414618e+12
313.00000000,1.915889379847e+13,7.903975657269e+12,8.977402066787e+12,6.422728486978e+12,7.279485662433e+12,9.252157565559e+12,8.673838243325e+12
313.20000000,-3.106426214593e+13,7.842527102908e+12,8.907608281628e+12,6.372795719255e+12,7.222892134081e+12,9.180227725212e+12,8.606404480377e+12
313.40000000,2.210900999104e+13,7.619374236644e+12,8.654149378201e+12,6.191462889645e+12,7.017370487641e+12,8.919011652516e+12,8.361516091364e+12
313.60000000,2.534847694428e+13,7.230981877339e+12,8.213010068018e+12,5.875857328798e+12,6.659664855241e+12,8.464371170135e+12,7.935293561635e+12
313.80000000,2.169724254417e+12,6.692628157611e+12,7.601543382679e+12,5.438393965840e+12,6.163846250275e+12,7.834190403276e+12,7.344503143611e+12
314.00000000,2.243625601578e+13,6.034765578341e+12,6.854337528956e+12,4.903818340660e+12,5.557961133556e+12,7.064116138904e+12,6.622563470926e+12
314.20000000,-2.277109063288e+12,5.297719926334e+12,6.017194874859e+12,4.304898972659e+12,4.879149167402e+12,6.201352537260e+12,5.813728140370e+12
314.40000000,1.025366149660e+13,4.525713318983e+12,5.140343273471e+12,3.677570518704e+12,4.168138497177e+12,5.297664686665e+12,4.966526589491e+12
314.60000000,-2.482436237469e+12,3.761205882998e+12,4.272009294029e+12,3.056335851427e+12,3.464034491751e+12,4.402755141838e+12,4.127554643841e+12
314.80000000,-3.638531635166e+12,3.040367295411e+12,3.453274760091e+12,2.470586257582e+12,2.800149076259e+12,3.558963045192e+12,3.336504977269e+12
315.00000000,-1.965409349490e+12,2.390174163171e+12,2.714779928845e+12,1.942242784176e+12,2.201327446589e+12,2.797866406186e+12,2.622981770655e+12
315.20000000,-4.152802525630e+13,1.827267005008e+12,2.075425241504e+12,1.484827428028e+12,1.682895360660e+12,2.138944118474e+12,2.005246361586e+12
315.40000000,9.028294539269e+12,1.358376257770e+12,1.542855184879e+12,1.103809306243e+12,1.251051486163e+12,1.590074630182e+12,1.490684744535e+12
315.60000000,-1.530569786891e+12,9.819025067208e+11,1.115253130254e+12,7.978887429329e+11,9.043227774882e+11,1.149385714244e+12,1.077541718664e+12
315.80000000,1.733240894336e+13,6.901392104502e+11,7.838659230394e+11,5.608034436267e+11,6.356115840177e+11,8.078563237202e+11,7.573601104547e+11
316.00000000,6.009656152918e+12,4.716483720905e+11,5.357021901387e+11,3.832589530405e+11,4.343836204992e+11,5.520974814880e+11,5.175878399218e+11
316.20000000,3.859679037085e+12,3.134070704731e+11,3.559703880949e+11,2.546729148509e+11,2.886449016218e+11,3.668649454291e+11,3.439335280717e+11
316.40000000,3.427462534692e+13,2.024906854743e+11,2.299906246056e+11,1.645428516404e+11,1.864919763930e+11,2.370295416894e+11,2.222136716690e+11
316.60000000,4.090149568760e+12,1.272052699411e+11,1.444808160847e+11,1.033663242868e+11,1.171548318055e+11,1.489026853950e+11,1.395953103870e+11
316.80000000,1.121733233943e+13,7.769759677373e+10,8.824958427337e+10,6.313665297153e+10,7.155874034098e+10,9.095048352718e+10,8.526549366211e+10
317.00000000,1.737942649375e+12,4.614361002673e+10,5.241030058614e+10,3.749605153936e+10,4.249782162394e+10,5.401433014514e+10,5.063808729809e+10
317.20000000,-1.131889342250e+12,2.664504222496e+10,3.026366318828e+10,2.165161928069e+10,2.453982796280e+10,3.118988970816e+10,2.924032110767e+10
317.40000000,4.623925190483e+12,1.495965837249e+10,1.699130587125e+10,1.215613865103e+10,1.377770167307e+10,1.751132877815e+10,1.641675816383e+10
317.60000000,-4.030425087874e+13,8.166332229751e+09,9.275388869652e+09,6.635918039271e+09,7.521113545730e+09,9.559264324492e+09,8.961748855692e+09
317.80000000,1.065716471649e+13,4.334432984010e+09,4.923085459305e+09,3.522137138120e+09,3.991971145916e+09,5.073757646041e+09,4.756615178217e+09
318.00000000,-2.149635146917e+13,2.236852019444e+09,2.540635347729e+09,1.817654027483e+09,2.060119224899e+09,2.618392089219e+09,2.454725752189e+09
318.20000000,-2.735279135578e+12,1.122384863847e+09,1.274814173695e+09,9.120439574953e+08,1.033705679067e+09,1.313830160862e+09,1.231707330292e+09
318.40000000,8.606497608937e+12,5.475778015236e+08,6.219434750667e+08,4.449588026437e+08,5.043138956886e+08,6.409782011620e+08,6.009129432764e+08
318.60000000,-2.060601163974e+13,2.597462393168e+08,2.950219644893e+08,2.110684094678e+08,2.392237915130e+08,3.040511809461e+08,2.850460276461e+08
318.80000000,-1.575929634504e+13,1.197986802524e+08,1.360683491866e+08,9.734776900057e+07,1.103334338586e+08,1.402327529466e+08,1.314673044483e+08
319.00000000,-2.052906792159e+13,5.372223419611e+07,6.101816569501e+07,4.365440115171e+07,4.947766170254e+07,6.288564101322e+07,5.895488421068e+07
319.20000000,-9.327666530450e+12,2.342368967931e+07,2.660482385790e+07,1.903396538735e+07,2.157299322513e+07,2.741907074877e+07,2.570520257269e+07
319.40000000,-1.980986088350e+13,9.930147464435e+06,1.127874505645e+07,8.069184911964e+06,9.145570452379e+06,1.162393369370e+07,1.089736311730e+07
319.60000000,1.851607952452e+13,4.093126698108e+06,4.649007749085e+06,3.326052916475e+06,3.769730351681e+06,4.791291697462e+06,4.491805167161e+06
319.80000000,-1.418069921880e+13,1.640414986324e+06,1.863197146245e+06,1.332992466792e+06,1.510806438388e+06,1.920220694536e+06,1.800194557634e+06
320.00000000,-2.026591767914e+12,6.392213514428e+05,7.260329902837e+05,5.194278753885e+05,5.887167391903e+05,7.482533748657e+05,7.014827290412e+05
320.20000000,2.747382094004e+13,2.421853060964e+05,2.750761087549e+05,1.967985041258e+05,2.230503581269e+05,2.834948547920e+05,2.657746040161e+05
320.40000000,-1.442311783805e+13,8.921611229770e+04,1.013324111386e+05,7.249657164366e+04,8.216722144265e+04,1.044336986713e+05,9.790592118739e+04
320.60000000,-2.306266862988e+13,3.195304207246e+04,3.629253408412e+04,2.596486824675e+04,2.942844096747e+04,3.740324146838e+04,3.506529844244e+04
320.80000000,-1.488807800878e+13,1.048664328943e+04,1.191081769762e+04,8.521419129034e+03,9.658130263354e+03,1.227535960415e+04,1.150807072087e+04
321.00000000,-4.004459725839e+12,1.061592691817e+03,1.205765913112e+03,8.626454431171e+02,9.777176705610e+02,1.242640572505e+03,1.164967548826e+03
321.20000000,-6.560032294752e+12,2.442777184827e+00,2.774526883518e+00,2.000715039283e+00,2.267599583666e+00,2.839309541007e+00,2.661834443147e+00
321.40000000,-1.619111824858e+13,1.250413477957e-02,1.420230151016e-02,2.653275533582e-02,3.007208111686e-02,-4.597465646255e-03,-4.310094490101e-03
321.60000000,-1.375329877866e+13,9.415549620888e-03,1.069426049519e-02,2.310886155914e-02,2.619145846441e-02,1.735987445667e-03,1.627477071101e-03
321.80000000,-2.446307388895e+13,-2.886296008987e-02,-3.278279296396e-02,1.473957076543e-03,1.670574963194e-03,-1.830106072449e-02,-1.715712678699e-02
322.00000000,4.085463458406e+12,8.210857201116e-04,9.325960706829e-04,5.176678166542e-02,5.867218981586e-02,5.218718868120e-03,4.892515392082e-03
322.20000000,2.179575029820e+13,7.111427908898e-03,8.077219664566e-03,2.727849303305e-02,3.091729618175e-02,-1.307281569879e-02,-1.225568068341e-02
322.40000000,9.618587278348e+12,5.465310473324e-03,6.207545628476e-03,2.688767251002e-02,3.047434231880e-02,-6.510593895802e-04,-6.103639926146e-04
322.60000000,-7.717601959730e+12,-1.819286452869e-02,-2.066360863225e-02,4.326647713762e-03,4.903799072713e-03,-9.820925974812e-03,-9.207054970863e-03
322.80000000,-1.138137480625e+13,-2.760774836547e-02,-3.135711292425e-02,-4.265649567349e-03,-4.834664104115e-03,-1.506912400666e-02,-1.412720688944e-02
323.00000000,1.543854413070e+13,-2.560289196304e-02,-2.907998015066e-02,-1.817052915386e-02,-2.059437927705e-02,-3.682506202972e-02,-3.452325893532e-02
323.20000000,7.184318240238e+12,-2.968998829205e-02,-3.372213855578e-02,-3.267482048754e-02,-3.703346447602e-02,-2.684886639618e-02,-2.517063965750e-02
323.40000000,2.824972525097e+13,-3.290671971224e-02,-3.737572917297e-02,-2.592682776561e-02,-2.938532609229e-02,-4.541734040596e-02,-4.257846468047e-02
323.60000000,4.067909262411e+12,-2.197505159360e-03,-2.495944852925e-03,-2.702182087847e-03,-3.062638535265e-03,-2.548108907963e-02,-2.388835721554e-02
323.80000000,-4.585879465339e+12,-1.468714484199e-02,-1.668178271000e-02,-4.749998375246e-03,-5.383622418305e-03,-2.622968505971e-02,-2.459016113476e-02
324.00000000,5.825473470944e+12,-1.524113520383e-02,-1.731100962503e-02,8.576282269194e-04,9.720311849113e-04,-1.949436203760e-02,-1.827583909729e-02
324.20000000,-1.005315233344e+13,-1.803710766266e-02,-2.048669867306e-02,-5.148047067701e-03,-5.834768649311e-03,-4.154761490194e-02,-3.895062189568e-02
324.40000000,-7.439484737889e+12,-2.080112375650e-02,-2.362609141279e-02,-1.728718415108e-02,-1.959320083774e-02,-3.667832528888e-02,-3.438569418404e-02
324.60000000,2.513911945716e+12,-3.749929962844e-02,-4.259202009027e-02,-2.627851338877e-02,-2.978392467181e-02,-3.177597243058e-02,-2.978976989251e-02
324.80000000,-1.030793155554e+13,-4.290571561924e-02,-4.873267286987e-02,-5.184955613713e-02,-5.876600595354e-02,-1.053968272510e-02,-9.880884803969e-03
325.00000000,-1.493270873423e+13,-3.232585965115e-02,-3.671598342740e-02,-5.618359233030e-02,-6.367817908878e-02,-2.615676067776e-02,-2.452179499545e-02
325.20000000,5.726178422955e+12,-1.400982685614e-02,-1.591247924176e-02,-3.592084050009e-02,-4.071248596809e-02,-3.975586659040e-03,-3.727086937126e-03
325.40000000,-1.095423732281e+12,1.969401990141e-03,2.236863353744e-03,-1.174256365761e-02,-1.330895801668e-02,-3.018479872437e-02,-2.829805477126e-02
325.60000000,3.075128269382e+13,9.319118870318e-03,1.058473363719e-02,-5.312207282732e-03,-6.020826947445e-03,-1.101737856598e-02,-1.032872158409e-02
325.80000000,4.204672377929e+10,7.116051439516e-03,8.082471109552e-03,-3.969594288024e-04,-4.499116654845e-04,2.347340318267e-03,2.200616459287e-03
326.00000000,-5.627624673629e+12,1.259260629563e-03,1.430278820264e-03,5.514983486507e-04,6.250652397965e-04,2.839677372451e-03,2.662179282761e-03
326.20000000,-6.546829414257e+12,-1.403349328978e-02,-1.593935977625e-02,-7.474213713264e-03,-8.471233319916e-03,6.340318461535e-03,5.944007801082e-03
326.40000000,-1.243595561313e+12,-1.059000438158e-02,-1.202821609591e-02,-1.180292498082e-02,-1.337737121331e-02,1.876963499273e-02,1.759641215139e-02
326.60000000,-1.242667950789e+13,-3.391845548983e-02,-3.852486718333e-02,-4.040361306319e-02,-4.579323609900e-02,-1.334076567839e-02,-1.250688206686e-02
326.80000000,1.959909982380e+13,-5.509331508726e-02,-6.257545090940e-02,-4.142471860556e-02,-4.695055158736e-02,-4.756468194663e-02,-4.459158357139e-02
327.00000000,-3.063220739295e+13,-9.640132054318e-03,-1.094934311304e-02,-3.634284469839e-02,-4.119078323960e-02,-1.101269835431e-01,-1.032433391573e-01
327.20000000,3.253328583083e+10,1.755963581843e-02,1.994438213426e-02,1.017195169338e-02,1.152883492756e-02,4.647192369436e-02,4.356712973432e-02
327.40000000,-5.262565749175e+12,-1.614892488155e-03,-1.834208478042e-03,-1.153780873724e-02,-1.307688989951e-02,-2.703581205316e-02,-2.534590000920e-02
327.60000000,5.618017552048e+12,-6.424688136335e-04,-7.297214851682e-04,-1.280563976949e-03,-1.451384272109e-03,-8.994365048180e-03,-8.432159415415e-03
327.80000000,1.684206398122e+13,-6.967709282654e-03,-7.913982839426e-03,-1.882288653427e-02,-2.133375759689e-02,1.421947158885e-02,1.333066320946e-02
328.00000000,1.478707809958e+13,2.299690161992e-02,2.612007438845e-02,8.954205988853e-03,1.014864854500e-02,6.415288028997e-02,6.014291288661e-02
328.20000000,6.093249873788e+12,9.759979007689e-02,1.108546629124e-01,8.983561819066e-02,1.018192028389e-01,7.422074548600e-02,6.958147179000e-02
328.40000000,9.534477453010e+12,9.136408408780e-02,1.037720955739e-01,5.609530377936e-02,6.357811332358e-02,1.041885235823e-01,9.767607111752e-02
328.60000000,1.186598501361e+13,2.915629820746e-02,3.311596886647e-02,2.217106425532e-02,2.512856408218e-02,4.391995392761e-02,4.117467448247e-02
328.80000000,-8.641237351420e+12,1.702767936852e-02,1.934018152181e-02,3.590437312657e-03,4.069382193619e-03,-1.923068030144e-02,-1.802863916464e-02
329.00000000,-1.086352082802e+13,-5.745136551215e-03,-6.525374442596e-03,-2.193806345541e-03,-2.486448223819e-03,-6.286420107834e-03,-5.893478440955e-03
329.20000000,-1.431362165926e+13,-1.571312872995e-02,-1.784710384402e-02,-1.685446853225e-03,-1.910276330023e-03,2.819532163517e-03,2.643293278882e-03
329.40000000,1.135566496055e+13,-4.343656277276e-03,-4.933561353414e-03,4.064806300259e-04,4.607029433569e-04,3.793159998393e-02,3.556063115439e-02
329.60000000,-8.519843079415e+12,5.490921249165e-03,6.236634563201e-03,1.460309319758e-02,1.655106669610e-02,2.842450927083e-02,2.664779472399e-02
329.80000000,-5.155976643123e+13,1.225628829970e-02,1.392079539259e-02,1.646403796707e-02,1.866025141340e-02,2.553754924174e-02,2.394128825458e-02
330.00000000,-2.584482433133e+13,5.293946910950e-02,6.012909452234e-02,4.128298402522e-02,4.678991038206e-02,3.412787512829e-02,3.199466355319e-02
330.20000000,3.170608698087e+12,3.112809051934e-02,3.535554716777e-02,3.286084095456e-02,3.724429906529e-02,-3.024483952878e-03,-2.835434263944e-03
330.40000000,-1.956542147959e+13,-7.963421994982e-03,-9.044921717426e-03,-1.095116240467e-02,-1.241198812520e-02,-2.564814421562e-02,-2.404497033166e-02
330.60000000,6.831420131275e+12,-2.441491763286e-02,-2.773066890915e-02,-2.477136267536e-02,-2.807572822045e-02,-8.606124351261e-03,-8.068186257728e-03
330.80000000,2.405442241040e+13,-2.703875522686e-02,-3.071084572910e-02,-2.586419499199e-02,-2.931433844608e-02,-1.861195687238e-02,-1.744858992714e-02
331.00000000,-1.741400086403e+13,-1.840198957551e-02,-2.090113462030e-02,-2.428047948735e-02,-2.751936387526e-02,-8.878682328435e-03,-8.323707609282e-03
331.20000000,2.393109319035e+12,7.594042561642e-03,8.625377448558e-03,-1.154536970895e-03,-1.308545946387e-03,1.021849817929e-02,9.579776356902e-03
331.40000000,1.203617680130e+13,2.022935845519e-02,2.297667557192e-02,4.007652194692e-03,4.542251280033e-03,2.747766804138e-02,2.576013715784e-02
331.60000000,-2.715776911451e+13,1.981252941231e-02,2.250323763722e-02,2.477354854426e-02,2.807820567242e-02,4.707131823712e-02,4.412905826515e-02
331.80000000,-1.658794260182e+13,-1.470646666677e-02,-1.670372860118e-02,-4.701020892548e-02,-5.328111604823e-02,-1.742870409932e-02,-1.633929805854e-02
332.00000000,-1.771928767701e+13,-4.703948302515e-02,-5.342784067689e-02,-6.092123981956e-02,-6.904780307984e-02,-3.968513047655e-02,-3.720455471924e-02
332.20000000,-2.497957725264e+13,-3.806635137979e-02,-4.323608224144e-02,-4.967622107579e-02,-5.630275977230e-02,-2.094429062312e-02,-1.963513782584e-02
332.40000000,-8.337508340285e+12,-1.041924847430e-02,-1.183427009945e-02,-1.936142689494e-02,-2.194413632332e-02,-1.792749707894e-02,-1.680691327062e-02
332.60000000,1.694070490203e+12,-9.007119418908e-03,-1.023036203467e-02,-1.257405379348e-02,-1.425136443084e-02,-1.494472797378e-02,-1.401058640825e-02
332.80000000,-2.749762459073e+12,-5.249287694674e-03,-5.962185138561e-03,-9.150052720546e-03,-1.037062016941e-02,-2.161536068347e-02,-2.026426169367e-02
333.00000000,-2.105542447515e+13,-3.205486710297e-02,-3.640818781067e-02,-2.272511473837e-02,-2.575652189728e-02,-5.705261287807e-02,-5.348645782964e-02
333.20000000,1.412671081401e+13,-3.617571240740e-02,-4.108867858607e-02,-6.051123177954e-02,-6.858310218911e-02,-2.663806118592e-02,-2.497301112797e-02
333.40000000,-2.156505709078e+13,-2.038723843423e-03,-2.315599698073e-03,-2.906534100640e-02,-3.294249999183e-02,-8.428007189632e-03,-7.901202563668e-03
333.60000000,1.226168849453e+13,-1.266239390303e-02,-1.438205355440e-02,-1.411089648986e-03,-1.599321361479e-03,2.365357263031e-02,2.217507229187e-02
333.80000000,-1.163837816983e+13,4.791712980577e-04,5.442467927613e-04,1.066786656129e-02,1.209090215149e-02,2.537449675775e-02,2.378842759897e-02
334.00000000,-1.809377643232e+13,3.957683236637e-03,4.495169925732e-03,2.882002524942e-02,3.266446044223e-02,3.150003728944e-02,2.953108247144e-02
334.20000000,1.954361765769e+13,1.677874355241e-02,1.905743812697e-02,1.993118975493e-02,2.258990246130e-02,2.951477042409e-02,2.766990754680e-02
334.40000000,3.151689035289e+12,2.243287831274e-02,2.547945196966e-02,1.306726566618e-02,1.481036809465e-02,1.675840332555e-02,1.571089539194e-02
334.60000000,3.580043831241e+12,2.354388937185e-02,2.674134768023e-02,-1.080271506032e-03,-1.224373870954e-03,-1.177158629168e-03,-1.103578647876e-03
334.80000000,-7.562406255955e+12,-2.498300292742e-02,-2.837590496738e-02,-3.199579176461e-02,-3.626385700110e-02,-1.128923349965e-02,-1.058358383688e-02
335.00000000,-6.397234158995e+12,-1.308710725831e-02,-1.486444655747e-02,-5.549851362564e-03,-6.290171459735e-03,-1.631264343016e-02,-1.529299835543e-02
335.20000000,-5.865726620062e+12,-1.301156587376e-02,-1.477864601718e-02,-2.292818676757e-03,-2.598668263472e-03,-6.275020084362e-03,-5.882790992231e-03
335.40000000,-3.928000133946e+12,-1.505390608499e-02,-1.709835321625e-02,-8.525617502811e-03,-9.662888677440e-03,-1.052870667456e-02,-9.870594827145e-03
335.60000000,2.879348442610e+11,9.593198273128e-03,1.089603532940e-02,8.062283791453e-03,9.137748759790e-03,6.661134249393e-03,6.244770539943e-03
335.80000000,-3.199257744217e+13,2.822008512071e-02,3.205261016392e-02,2.142336711603e-02,2.428112819628e-02,3.341721783729e-02,3.132842691110e-02
336.00000000,-6.407242231347e+12,4.114795217829e-02,4.673619036133e-02,2.827771305182e-02,3.204980673626e-02,4.759089005986e-02,4.461615350907e-02
336.20000000,-8.504688331125e+12,1.983133782849e-02,2.252460039460e-02,-4.527564691974e-03,-5.131517287051e-03,1.574974944599e-02,1.476528886364e-02
336.40000000,3.156292225241e+12,-2.355825344677e-02,-2.675766251740e-02,-3.718914099778e-02,-4.214997087927e-02,-7.566919170685e-03,-7.093938081119e-03
336.60000000,-1.268403338943e+13,1.156147691350e-02,1.313162277302e-02,-5.190725987813e-02,-5.883140706089e-02,-1.311536287057e-02,-1.229556838346e-02
336.80000000,4.755235250496e+12,7.042764008058e-03,7.999230628157e-03,-3.019572588518e-02,-3.422367208789e-02,-2.955201554182e-02,-2.770482460526e-02
337.00000000,1.597914152675e+13,-1.601518602686e-02,-1.819018306379e-02,-3.745408377997e-02,-4.245025559287e-02,-2.879997307797e-02,-2.699978962965e-02
337.20000000,-2.809257110808e+13,-9.131066138364e-03,-1.037114176169e-02,-1.514305940905e-02,-1.716306147411e-02,-1.104345310778e-02,-1.035316629941e-02
337.40000000,-3.671238638964e+12,1.779411059014e-02,2.021070055316e-02,8.709536199807e-03,9.871341131964e-03,1.820622843071e-02,1.706822212117e-02
337.60000000,-2.611211146022e+13,2.317285446533e-02,2.631992311098e-02,2.629686690665e-02,2.980472644951e-02,4.726406430078e-02,4.430975646082e-02
337.80000000,-2.358577574999e+13,2.229008928208e-02,2.531727098701e-02,1.516072207070e-02,1.718308023912e-02,5.181836865513e-02,4.857938751721e-02
338.00000000,-2.170678122289e+13,2.108134536198e-02,2.394436947047e-02,1.181515547871e-02,1.339123319334e-02,1.332100315553e-02,1.248835482872e-02
338.20000000,-6.335409129167e+11,9.094823365833e-03,1.032997691566e-02,-1.273472310172e-02,-1.443346615414e-02,-1.286119899954e-02,-1.205729138818e-02
338.40000000,2.713793849210e+13,-1.065284025598e-02,-1.209958561085e-02,-1.368059994983e-02,-1.550551784809e-02,-2.672748463395e-02,-2.505684503567e-02
338.60000000,-1.915786998233e+13,-1.509483892314e-02,-1.714484507829e-02,-2.066181502179e-02,-2.341798917951e-02,-2.213636485738e-02,-2.075269975761e-02
338.80000000,-6.930271128282e+12,-1.208966009217e-02,-1.373153767223e-02,-4.407286481351e-03,-4.995194614917e-03,-4.610543235568e-03,-4.322354646016e-03
339.00000000,-2.352102990550e+13,1.425980728112e-02,1.619640911214e-02,2.557328343202e-02,2.898462086045e-02,1.416509316105e-02,1.327968378294e-02
339.20000000,1.138391212108e+13,2.367754437403e-03,2.689315415647e-03,2.325720506693e-02,2.635959019227e-02,2.570732488960e-02,2.410045183310e-02
339.40000000,-9.200532384671e+12,-2.334397398602e-02,-2.651428210262e-02,-8.528708253373e-03,-9.666391717379e-03,2.467322203911e-02,2.313098705815e-02
339.60000000,1.355129230498e+13,-3.423659977858e-02,-3.888621814382e-02,-5.772038055442e-02,-6.541996653416e-02,-4.331104646677e-03,-4.060382765208e-03
339.80000000,-9.163810990513e+11,1.003893857175e-02,1.140231091166e-02,-9.053389273716e-03,-1.026106234259e-02,3.999228736627e-02,3.749251232890e-02
340.00000000,4.763558340252e+12,2.506765862846e-02,2.847205762504e-02,7.641577621098e-03,8.660922666113e-03,3.396693290667e-02,3.184378125499e-02
340.20000000,-1.486857120882e+13,7.116750060435e-03,8.083264609071e-03,1.016955406153e-02,1.152611746461e-02,-8.039888627034e-03,-7.537343906121e-03
340.40000000,1.008453763883e+13,-1.015465712212e-02,-1.153374501499e-02,2.950767560285e-03,3.344383962644e-03,-2.142805877412e-02,-2.008866735766e-02
340.60000000,1.066911272379e+13,8.916139919157e-03,1.012702675323e-02,-4.946970639354e-03,-5.606869715053e-03,-5.082661260634e-03,-4.764962259664e-03
340.80000000,6.213026589894e+12,-2.153984697900e-03,-2.446513946557e-03,-1.217623098785e-02,-1.380047421874e-02,7.404379649275e-03,6.941558324629e-03
341.00000000,-1.383844555583e+13,-4.678173917341e-02,-5.313509304106e-02,-2.562434490091e-03,-2.904249365259e-03,3.956205675192e-03,3.708917389354e-03
341.20000000,-3.939634076765e+12,9.661833011326e-03,1.097399124263e-02,1.922378094721e-02,2.178812915207e-02,-1.439668568894e-02,-1.349680028913e-02
341.40000000,-1.169273852071e+13,4.024755156298e-02,4.571350776521e-02,3.218393383628e-02,3.647709620559e-02,3.685715356744e-02,3.455334454565e-02
341.60000000,-2.151356883047e+13,5.752451166697e-02,6.533682444417e-02,5.129156901155e-02,5.813358636914e-02,3.560149660734e-02,3.337617421712e-02
341.80000000,-1.820023662536e+12,3.734480147322e-02,4.241653978540e-02,2.368972479612e-02,2.684980570952e-02,3.353554252900e-03,3.143935554898e-03
342.00000000,5.086254754700e+11,1.169752551219e-02,1.328614791632e-02,2.396816397426e-02,2.716538716516e-02,2.407644060212e-03,2.257150829718e-03
342.20000000,-1.643800413612e+13,1.258822224327e-02,1.429780875906e-02,6.897987681029e-03,7.818141857545e-03,-3.648193873618e-04,-3.420158305325e-04
342.40000000,-1.633598166716e+13,1.007066195896e-03,1.143834260183e-03,-6.578317777855e-03,-7.455829721576e-03,-5.518752744593e-03,-5.173795222608e-03
342.60000000,5.083693606935e+11,2.339353732737e-02,2.657057656283e-02,-7.094190157990e-03,-8.040516681713e-03,-1.192832293818e-02,-1.118272607733e-02
342.80000000,2.627916276335e+13,4.230539576541e-02,4.805082452796e-02,-2.380292459788e-02,-2.697810575141e-02,3.336806871432e-02,3.128234992426e-02
343.00000000,-1.234571849513e+13,4.973756904138e-02,5.649234947964e-02,9.836926949797e-03,1.114911969868e-02,3.529608772207e-02,3.308985535040e-02
343.20000000,1.373710773180e+13,8.093944403154e-03,9.193170167030e-03,1.547031062377e-02,1.753396622751e-02,6.709497110496e-03,6.290110411342e-03
343.40000000,4.620772326658e+12,1.281695485469e-02,1.455760518399e-02,1.866002158295e-02,2.114916734362e-02,2.033704211705e-02,1.906584625489e-02
343.60000000,-1.106785772620e+13,7.482505841201e-03,8.498693102852e-03,1.422041389741e-02,1.611734005103e-02,1.220981372260e-02,1.144662187825e-02
343.80000000,-3.294638612099e+13,1.756983755209e-02,1.995596934919e-02,1.951367646528e-02,2.211669516131e-02,1.232040823023e-02,1.155030351823e-02
344.00000000,4.817213377995e+12,3.124501875642e-02,3.548835524344e-02,2.492647001136e-02,2.825152603456e-02,2.182466285916e-02,2.046048113795e-02
344.20000000,-9.161006857301e+12,5.151803920875e-02,5.851462247914e-02,2.185239821371e-02,2.476738971746e-02,3.568350854795e-03,3.345305988426e-03
344.40000000,-1.552564140576e+12,9.981385769996e-03,1.133694195510e-02,-7.832346731480e-03,-8.877139342042e-03,2.683674168030e-03,2.515927281430e-03
344.60000000,-5.856344254677e+12,1.544280217794e-02,1.754006467135e-02,-1.170654926120e-02,-1.326813949496e-02,-5.046269847985e-03,-4.730845544236e-03
344.80000000,-6.215973413084e+12,-1.078491829703e-04,-1.224960096131e-04,8.887413585403e-03,1.007294639688e-02,1.233691889869e-02,1.156578216379e-02
345.00000000,4.381321967420e+12,-9.421421380178e-03,-1.070092968881e-02,2.507148404145e-02,2.841588415043e-02,2.122868364568e-02,1.990175445637e-02
345.20000000,1.700157125516e+13,7.455422880236e-04,8.467932047879e-04,1.767470850740e-02,2.003241884320e-02,1.547210308609e-03,1.450499718600e-03
345.40000000,1.402839062578e+13,1.503157130373e-02,1.707298518373e-02,2.078175375128e-02,2.355392708556e-02,1.940752714365e-02,1.819443194240e-02
345.60000000,3.920584937673e+12,3.184004568207e-02,3.616419183299e-02,2.295541137576e-02,2.601753885812e-02,1.552757484688e-02,1.455700160515e-02
345.80000000,-1.852291768037e+12,1.326716789335e-02,1.506896094204e-02,-9.358765810403e-03,-1.060717445444e-02,-1.284078174095e-02,-1.203815033949e-02
346.00000000,2.208817736989e+13,-7.910275444802e-03,-8.984557418482e-03,-3.252756769676e-02,-3.686656896090e-02,-3.626422130157e-02,-3.399747435786e-02
346.20000000,-5.659352299228e+13,1.750269422434e-03,1.987970739250e-03,-1.806327577634e-02,-2.047281888017e-02,-3.623300980243e-02,-3.396821377805e-02
346.40000000,4.368250570529e+12,-6.657470692278e-03,-7.561611237689e-03,3.653042730793e-02,4.140338835275e-02,2.382801668521e-02,2.233861247198e-02
346.60000000,-5.957937850877e+12,1.437267841223e-02,1.632460909271e-02,3.279558471005e-02,3.717033799140e-02,1.214976778650e-02,1.139032919914e-02
346.80000000,2.372929265773e+13,8.018937097221e-03,9.107976237733e-03,3.145476616271e-03,3.565066151573e-03,1.234326842360e-02,1.157173480258e-02
347.00000000,-9.580554272298e+12,6.397513037738e-03,7.266349146012e-03,-2.670913306607e-02,-3.027198668053e-02,-1.082627797088e-02,-1.014956600461e-02
347.20000000,1.181345413240e+13,9.866210131084e-03,1.120612449517e-02,-1.886257241923e-02,-2.137873736385e-02,-4.868767354650e-03,-4.564438097749e-03
347.40000000,-6.421117359117e+12,-9.484069675658e-03,-1.077208615002e-02,-4.052787327052e-03,-4.593407194462e-03,1.362238133358e-02,1.277089493333e-02
347.60000000,7.428716077761e+12,2.479983964479e-02,2.816786656957e-02,4.123651915944e-02,4.673724735498e-02,9.136943446158e-03,8.565825747002e-03
347.80000000,-2.393342651921e+13,3.403342905885e-02,3.865545513058e-02,3.188423016974e-02,3.613741369403e-02,1.898016802022e-02,1.779378551132e-02
348.00000000,2.808549762685e+13,2.321476731619e-02,2.636752807971e-02,2.640526745067e-02,2.992758703868e-02,1.904738933042e-02,1.785680505752e-02
348.20000000,-1.595243175868e+13,2.227746795991e-02,2.530293558307e-02,3.004113561490e-02,3.404846031329e-02,1.619597481221e-02,1.518362227607e-02
348.40000000,8.148759733619e+11,1.336245283157e-03,1.517718637673e-03,8.781521423624e-04,9.952928794554e-04,5.336132062853e-03,5.002589507393e-03
348.60000000,6.219489947974e+12,3.610311178560e-03,4.100621818887e-03,7.222017158255e-03,8.185395111120e-03,-8.693359932461e-03,-8.149969054339e-03
348.80000000,9.071068591013e+11,2.214929342573e-02,2.515735386851e-02,2.379365852891e-02,2.696760363904e-02,2.578821070274e-02,2.417628176297e-02
349.00000000,1.325800997098e+13,2.424605907371e-02,2.753887793664e-02,9.563862950928e-03,1.083963044209e-02,3.043662801129e-02,2.853414310895e-02
349.20000000,-1.462770198055e+13,3.102596419112e-02,3.523955122474e-02,2.724975293103e-02,3.088472230587e-02,2.884148984113e-02,2.703871132823e-02
349.40000000,6.106486354727e+12,1.151336239651e-02,1.307697389971e-02,2.228005649087e-02,2.525209529133e-02,1.474003878480e-02,1.381869160936e-02
349.60000000,-2.971695184529e+12,9.457262371630e-03,1.074163818852e-02,1.018263474420e-02,1.154094303947e-02,-1.416223056329e-02,-1.327700011594e-02
349.80000000,-7.610488288418e+12,1.557548810671e-02,1.769077046585e-02,3.225411061438e-02,3.655663418561e-02,-5.483816397617e-03,-5.141042621894e-03
350.00000000,-5.565560373316e+11,2.290468792595e-02,2.601533729882e-02,2.035940581879e-02,2.307524022758e-02,8.821863112120e-03,8.270439959230e-03
350.20000000,-8.198642557999e+12,3.386351904822e-02,3.846246991064e-02,1.719385614279e-02,1.948742337889e-02,1.017009797612e-02,9.534401477555e-03
350.40000000,2.110653473608e+13,2.265103706842e-02,2.572723852026e-02,1.259449028233e-02,1.427452703656e-02,2.190131760967e-03,2.053234447381e-03
350.60000000,-1.604220813175e+12,2.039951947574e-02,2.316994589103e-02,-1.085197022228e-02,-1.229956424320e-02,2.375431938292e-02,2.226952172483e-02
350.80000000,3.145460574775e+12,3.147672543977e-02,3.575152964430e-02,-2.503097868177e-03,-2.836997559526e-03,6.493693197418e-02,6.087795630055e-02
351.00000000,-1.091073648123e+13,3.164713660755e-02,3.594508408275e-02,1.604138594101e-02,1.818121989741e-02,3.616591925627e-02,3.390531682230e-02
351.20000000,-1.265178266069e+13,1.346979402742e-02,1.529910541029e-02,1.421313332531e-02,1.610908829007e-02,1.345342681510e-02,1.261250115833e-02
351.40000000,-4.320021671398e+12,1.939588797262e-02,2.203001278381e-02,9.674459589006e-03,1.096498007237e-02,1.851022340114e-02,1.735321545182e-02
351.60000000,-1.489611901548e+13,4.511670766935e-02,5.124393624682e-02,4.729025112505e-04,5.359851435974e-04,1.732612490018e-02,1.624313071874e-02
351.80000000,-3.047548389922e+13,3.683767638764e-02,4.184054284554e-02,9.393490933176e-03,1.064653172042e-02,9.645377410881e-03,9.042479320633e-03
352.00000000,9.784806457696e+11,1.915231007481e-02,2.175335495767e-02,-1.801675590404e-02,-2.042009350900e-02,-5.326769599006e-03,-4.993812257719e-03
352.20000000,-1.922528407438e+13,-6.706223060629e-03,-7.616984587933e-03,-8.622440732460e-03,-9.772627601240e-03,-2.299281609300e-02,-2.155561728560e-02
352.40000000,1.213842324535e+12,-1.916720546181e-02,-2.177027326357e-02,3.833512927366e-03,4.344882778105e-03,-6.899461206872e-02,-6.468200530574e-02
352.60000000,3.755284310312e+12,-1.073800287338e-01,-1.219631402837e-01,-1.533994252861e-01,-1.738620773492e-01,-6.136135057067e-02,-5.752587171918e-02
352.80000000,-3.395518474822e+13,-3.452370689619e-02,-3.921231682412e-02,-1.074127155152e-01,-1.217409896963e-01,1.074102011462e-01,1.006963731242e-01
353.00000000,-2.663862589045e+13,-2.062428160841e-02,-2.342523261278e-02,-2.350601652261e-02,-2.664159174783e-02,-2.494486350530e-02,-2.338564918655e-02
353.20000000,1.462337051270e+13,1.187742456882e-02,1.349047877876e-02,-8.518038344239e-03,-9.654298500187e-03,-7.198275862158e-03,-6.748337349075e-03
353.40000000,-1.798662276162e+13,6.121245284685e-03,6.952561907185e-03,-1.440287131816e-02,-1.632413630298e-02,-1.128159797145e-02,-1.057642557827e-02
353.60000000,2.286183624049e+13,-3.073653017422e-02,-3.491080963263e-02,-1.152478448412e-02,-1.306212828160e-02,-4.995150861816e-02,-4.682921823304e-02
353.80000000,-8.774361816920e+12,-1.076264367808e-01,-1.222430126171e-01,-6.917780172278e-02,-7.840574559871e-02,5.381429597494e-02,5.045055654938e-02
354.00000000,1.025083539805e+13,-7.689439654862e-02,-8.733730269843e-02,-1.537284482812e-02,-1.742349902288e-02,-3.075862068944e-02,-2.883600917489e-02
354.20000000,-7.949972912527e+12,4.999999999868e-02,5.679042076941e-02,-3.846479884962e-02,-4.359579457576e-02,-2.307399425269e-02,-2.163172128848e-02
354.40000000,4.204862962503e+13,-3.367277299004e-03,-3.824581893255e-03,-1.616379491921e-06,-1.831995756526e-06,-1.635389727007e-02,-1.533167356515e-02
354.60000000,5.630595878520e+12,-9.951991289269e-03,-1.130355545652e-02,-7.607309626229e-03,-8.622083506425e-03,-1.503630679744e-02,-1.409644096675e-02
354.80000000,1.231068024047e+12,-3.400255402057e-04,-3.862038700223e-04,6.715561438236e-04,7.611380942534e-04,-1.888078711694e-03,-1.770061655333e-03
355.00000000,1.508553582235e+13,-6.554731645509e-03,-7.444919363777e-03,-3.501840117030e-03,-3.968966612201e-03,-1.002833846782e-02,-9.401502849779e-03
355.20000000,2.300372766988e+12,5.350063236897e-03,6.076646847488e-03,8.950462241569e-03,1.014440540212e-02,-5.658387909115e-03,-5.304702291750e-03
355.40000000,7.273448049785e+10,1.358876923401e-02,1.543423845116e-02,4.333032984285e-02,4.911036103722e-02,1.796880407760e-02,1.684563831633e-02
355.60000000,3.972129920699e+12,1.409157290400e-02,1.600532709085e-02,3.485544633515e-02,3.950497399491e-02,3.844720396646e-02,3.604400657362e-02
355.80000000,2.671938058050e+13,2.026355460549e-02,2.301551584720e-02,2.118322758570e-02,2.400895535391e-02,1.950408090607e-02,1.828495047401e-02
356.00000000,2.482210778628e+13,1.705684558594e-03,1.937330875701e-03,2.877635494038e-02,3.261496475061e-02,1.859727531495e-02,1.743482606143e-02
356.20000000,-3.080591386695e+12,-8.999241784784e-03,-1.022141455154e-02,2.011762589026e-02,2.280120816678e-02,2.111244335149e-02,1.979277992777e-02
356.40000000,-3.834055651637e+12,-4.006853507882e-03,-4.551017933600e-03,2.233341326404e-02,2.531256956889e-02,2.523135275651e-02,2.365423101796e-02
356.60000000,1.447951097099e+13,5.129000483638e-03,5.825561912000e-03,5.114340140409e-03,5.796565400577e-03,-8.094086830315e-03,-7.588154373303e-03
356.80000000,-8.261648188444e+12,-2.469846303543e-03,-2.805272216353e-03,-2.694214811203e-03,-3.053608467091e-03,-3.265936093992e-02,-3.061794094144e-02
357.00000000,-1.586152599751e+13,-8.255868012778e-03,-9.377084365495e-03,-1.637671770407e-02,-1.856128310051e-02,-3.893571261502e-02,-3.650198029143e-02
357.20000000,-3.761460139726e+12,-6.823576266342e-03,-7.750275346559e-03,-1.726466517829e-02,-1.956767795601e-02,-2.214259249067e-02,-2.075853812379e-02
357.40000000,-1.017526011720e+13,3.678546096854e-03,4.178123613311e-03,2.031997475687e-02,2.303054927568e-02,-1.048108102571e-02,-9.825946087497e-03
357.60000000,-1.310845421039e+13,2.211044864040e-04,2.511323363449e-04,1.982541523972e-02,2.247001819895e-02,2.895459194299e-02,2.714474382169e-02
357.80000000,-1.749807902483e+13,-1.329439111577e-02,-1.509988130715e-02,-7.899141282989e-04,-8.952843924759e-04,1.123983621229e-02,1.053727419751e-02
358.00000000,-1.257686227089e+13,1.302409924151e-03,1.479288152176e-03,8.452703016831e-03,9.580247794154e-03,-2.575378501283e-03,-2.414400789997e-03
358.20000000,1.026805932873e+13,-3.494343931763e-04,-3.968905244058e-04,9.052402294536e-03,1.025994370574e-02,-2.072604894657e-03,-1.943053765696e-03
358.40000000,3.927485143668e+12,5.758022910104e-03,6.540010877468e-03,3.738967745053e-04,4.237725780815e-04,-2.764036741310e-02,-2.591266677297e-02
358.60000000,-7.642561616557e+12,1.282859457300e-02,1.457082567400e-02,-2.666363713316e-03,-3.022042183670e-03,-3.616296992672e-02,-3.390255184480e-02
358.80000000,9.053876938963e+09,6.407465928643e-03,7.277653723258e-03,-1.865034316151e-02,-2.113819787321e-02,2.075989945535e-03,1.946227229136e-03
359.00000000,7.930826780431e+12,2.002110916849e-02,2.274014427958e-02,-1.949070815638e-02,-2.209066300446e-02,-3.572039600469e-03,-3.348764163783e-03
359.20000000,2.559453068158e+13,1.659025429411e-02,1.884335044118e-02,-1.297355418975e-02,-1.470415601509e-02,2.039585285835e-02,1.912098094681e-02
359.40000000,4.250077591929e+13,-2.551747335443e-04,-2.898296097613e-04,-9.741868816469e-04,-1.104138132548e-03,2.527442129861e-02,2.369460749932e-02
359.60000000,-1.711851162210e+13,2.133557488839e-02,2.423312550603e-02,1.924304608260e-02,2.180996415213e-02,5.258518783214e-03,4.929827556642e-03
359.80000000,-3.643401232053e+12,1.006983408046e-02,1.143740229045e-02,-5.812364174911e-03,-6.587702058695e-03,3.483571001271e-03,3.265825420726e-03
360.00000000,1.074033410641e+13,-6.854505676143e-03,-7.785405230495e-03,-1.643707896473e-02,-1.862969622624e-02,-1.381747615364e-02,-1.295379507304e-02
360.20000000,8.186617292110e+12,2.570924566659e-02,2.920077758216e-02,-2.030479195777e-02,-2.301334117345e-02,7.885188602005e-02,7.392313627094e-02
360.40000000,-2.993634713433e+11,1.989826537670e-02,2.260061726708e-02,3.131874618262e-03,3.549649720738e-03,7.813996941329e-02,7.325571902842e-02
360.60000000,-4.724714012816e+12,1.468275343092e-02,1.667679490835e-02,2.772720220994e-02,3.142586073128e-02,6.210660068474e-02,5.822453891053e-02
360.80000000,1.814050049087e+13,7.179200595602e-03,8.154196452461e-03,2.134338097303e-02,2.419047233525e-02,4.692990082252e-02,4.399648034801e-02
361.00000000,6.829097085721e+11,1.857179717208e-02,2.109400351749e-02,3.365092447765e-02,3.813977544891e-02,6.039489193400e-02,5.661982295985e-02
361.20000000,-3.768110213727e+13,4.333318657712e-03,4.921819798119e-03,1.484322830537e-02,1.682323452599e-02,3.049332834077e-02,2.858729930336e-02
361.40000000,-5.122065259435e+12,-1.558729055866e-04,-1.770417579005e-04,-2.686808754753e-02,-3.045214482844e-02,3.807407655875e-02,3.569420202742e-02
361.60000000,-9.906324575380e+12,3.340678288862e-03,3.794370513695e-03,-9.846290053574e-03,-1.115973178976e-02,2.626138709600e-02,2.461988158999e-02
361.80000000,-2.485137291749e+13,2.475242073614e-02,2.811400777408e-02,1.748020521848e-02,1.981196986955e-02,6.203070549600e-02,5.815338765895e-02
362.00000000,5.143247689928e+12,4.217185523712e-02,4.789914807212e-02,1.011916090223e-02,1.146900213094e-02,8.410421689416e-02,7.884716270258e-02
362.20000000,1.355632102210e+13,2.422450044558e-02,2.751439146539e-02,7.513033473411e-03,8.515231425703e-03,4.859702038883e-02,4.555939422491e-02
362.40000000,2.573627213306e+12,1.544310177476e-02,1.754040495593e-02,2.385674764953e-02,2.703910850648e-02,7.242128386854e-02,6.789448809087e-02
362.60000000,6.336290137568e+12,1.609506984169e-02,1.828091577294e-02,5.906678059482e-03,6.694596904381e-03,7.118931470207e-02,6.673952491660e-02
362.80000000,1.554900493128e+13,9.302294179659e-03,1.056562401195e-02,2.836012160750e-03,3.214320814670e-03,5.266021589754e-02,4.936861389544e-02
363.00000000,-3.055092874939e+12,2.412413369060e-03,2.740039406046e-03,8.413060322500e-03,9.535316979223e-03,2.552713550715e-02,2.393152544534e-02
363.20000000,1.432251938255e+13,7.361962605053e-03,8.361779080814e-03,1.929466107721e-02,2.186846430732e-02,-8.194383998408e-03,-7.682182323663e-03
363.40000000,-1.469592724805e+13,-1.267369122523e-02,-1.439488514803e-02,1.139020175189e-02,1.290959294219e-02,1.587683569746e-03,1.488443140746e-03
363.60000000,2.493971840748e+13,-1.690289660255e-04,-1.919845220607e-04,-4.401940518712e-03,-4.989135529832e-03,-1.851425051902e-02,-1.735699084894e-02
363.80000000,-1.276223718182e+13,-2.446254270089e-02,-2.778476186220e-02,-8.751926809337e-03,-9.919386419089e-03,-2.429031360609e-02,-2.277201286359e-02
364.00000000,-2.752877753360e+13,1.627814845637e-02,1.848885800417e-02,1.498125210180e-02,1.697966994891e-02,1.914495058783e-02,1.794826810920e-02
364.20000000,2.364331270740e+13,9.784833963570e-03,1.111369675929e-02,1.902076066244e-02,2.155802706147e-02,2.445838934036e-02,2.292958278405e-02
364.40000000,4.245118598682e+12,1.082534544339e-02,1.229551845441e-02,2.019700505920e-02,2.289117608670e-02,2.856209940828e-02,2.677678459340e-02
364.60000000,-1.647583950806e+13,1.126577577178e-02,1.279576292780e-02,2.080550912324e-02,2.358085129542e-02,3.992494511743e-03,3.742937940350e-03
364.80000000,3.236827348160e+12,3.034889251016e-02,3.447052751167e-02,2.039114420299e-02,2.311121234024e-02,1.829329046072e-02,1.714984221465e-02
365.00000000,1.549232771284e+13,3.163151514812e-02,3.592734109767e-02,2.108341647687e-02,2.389582998404e-02,1.047388901438e-02,9.819203623104e-03
365.20000000,-2.433164178229e+13,4.663355284856e-02,5.296678176625e-02,1.436033362933e-02,1.627592431697e-02,1.031833393617e-02,9.673371737216e-03
365.40000000,-3.680503731738e+13,4.440202090092e-02,5.043218900084e-02,2.273095664394e-02,2.576314308139e-02,6.455323120436e-03,6.051823929533e-03
365.60000000,-3.451630594288e+12,3.940365391708e-02,4.475500171725e-02,1.940980394556e-02,2.199896661034e-02,4.445339772192e-02,4.167477461057e-02
365.80000000,-1.481842446259e+11,1.747190815349e-02,1.984474031415e-02,-1.351668331910e-03,-1.531973562708e-03,3.914275646280e-02,3.669608256782e-02
366.00000000,5.965812200424e+12,2.704564351859e-02,3.071866950881e-02,8.110215802888e-03,9.192074641807e-03,6.668397684269e-02,6.251579963448e-02
366.20000000,1.695204313028e+13,2.884824423943e-02,3.276607857719e-02,7.990018978693e-03,9.055844212609e-03,4.529425653816e-02,4.246307434562e-02
366.40000000,-1.926373137035e+13,4.047447732000e-02,4.597125194971e-02,2.677108901114e-02,3.034220721294e-02,4.076558399710e-02,3.821747294943e-02
366.60000000,-1.698394296528e+13,6.883609905468e-02,7.818462059086e-02,1.563750861413e-02,1.772346752374e-02,2.909451335748e-02,2.727591924833e-02
366.80000000,6.354397115878e+12,2.918012248748e-02,3.314302868422e-02,5.320308413037e-03,6.030008724633e-03,8.764974631894e-02,8.217107374706e-02
367.00000000,-9.614861223223e+12,5.782984244747e-02,6.568362171414e-02,1.761547912899e-02,1.996528858667e-02,6.517325975722e-02,6.109951207799e-02
367.20000000,1.152933717637e+13,1.723623809676e-02,1.957706428045e-02,1.782625730243e-02,2.020418342625e-02,4.842711715349e-02,4.540011103394e-02
367.40000000,7.189952194450e+12,2.678389176635e-03,3.042136966587e-03,-2.618793599371e-03,-2.968126474307e-03,1.196626972650e-02,1.121830094745e-02
367.60000000,1.565656324895e+13,2.100477561776e-03,2.385740091062e-03,2.049501244303e-02,2.322893604064e-02,1.901917119602e-02,1.783035073792e-02
367.80000000,1.742848243993e+13,2.547308822711e-02,2.893254797505e-02,2.570965060228e-02,2.913917867226e-02,9.796181734096e-03,9.183857404253e-03
368.00000000,-1.429901477933e+13,1.569656493038e-02,1.782829054109e-02,4.254052077472e-02,4.821519571937e-02,5.612293955650e-03,5.261489506676e-03
368.20000000,-4.396323188228e+12,1.750210976278e-03,1.987904355614e-03,6.697396724845e-03,7.590793154806e-03,-2.197449405141e-02,-2.060094691755e-02
368.40000000,-2.888795232031e+13,-3.185060232472e-02,-3.617618215656e-02,2.341075575523e-03,2.653362371030e-03,-9.167251599951e-03,-8.594239446357e-03
368.60000000,-2.878653090807e+12,5.013710501308e-04,5.694614579861e-04,3.138077586802e-02,3.556680131667e-02,1.470111991139e-02,1.378220541571e-02
368.80000000,1.613885480614e+13,-1.317897554995e-02,-1.496879133622e-02,2.580451166134e-02,2.924669368255e-02,1.561506353742e-02,1.463902169014e-02
369.00000000,1.745662415335e+12,1.098070390982e-02,1.247197590799e-02,1.857446762413e-02,2.105220095031e-02,5.253917663339e-03,4.925514036336e-03
369.20000000,-4.774698058690e+12,1.417046823844e-02,1.609493707564e-02,2.252616231391e-02,2.553103029752e-02,1.819281649903e-03,1.705564852143e-03
369.40000000,8.158928708159e+12,2.556069911766e-02,2.903205716181e-02,1.889832122091e-02,2.141925486195e-02,-1.422548714468e-02,-1.333630275438e-02
369.60000000,-1.673294089624e+13,1.349375561449e-02,1.532632118254e-02,1.124545673734e-02,1.274553972708e-02,3.074302347753e-03,2.882138688899e-03
369.80000000,-6.586830510099e+12,5.273119593729e-03,5.989253610064e-03,-1.820835786995e-02,-2.063725413887e-02,4.039713603071e-03,3.787205534938e-03
370.00000000,-1.532777830304e+13,2.857831289118e-02,3.245948828025e-02,2.756868903578e-02,3.124620275868e-02,4.174025840390e-02,3.913122394043e-02
370.20000000,1.137522372010e+11,3.087938988016e-03,3.507307088888e-03,-3.586481161886e-02,-4.064898313772e-02,4.357099462590e-02,4.084752738028e-02
370.40000000,4.598075690183e+12,-1.692145739306e-03,-1.921953370817e-03,-3.950285060989e-02,-4.477231681565e-02,-3.385844272730e-03,-3.174207240922e-03
370.60000000,-7.393472705813e+12,-2.266215275739e-02,-2.573986381334e-02,-4.215259320305e-02,-4.777552071181e-02,-4.242085808019e-02,-3.976928176194e-02
370.80000000,1.997555034538e+13,-2.401688241997e-02,-2.727857716471e-02,-3.269071703542e-02,-3.705148153724e-02,-5.508336808680e-02,-5.164030349645e-02
371.00000000,-1.093068823232e+13,-9.910934882711e-03,-1.125692324445e-02,-1.733586758596e-02,-1.964837837902e-02,-1.423652069040e-02,-1.334664663256e-02
371.20000000,-7.486817146676e+12,1.418032874943e-02,1.610613672700e-02,1.111995142209e-02,1.260329268288e-02,2.390397273667e-02,2.240982078197e-02
371.40000000,-1.921761964381e+12,1.897030086457e-02,2.154662736500e-02,8.530796201734e-03,9.668758186737e-03,5.300935529478e-02,4.969592983602e-02
371.60000000,1.102703253263e+13,7.770325670570e-02,8.825601287174e-02,1.016690566925e-02,1.152311579116e-02,3.493244751596e-02,3.274894499471e-02
371.80000000,5.015449884376e+11,1.216936033475e-02,1.382206187846e-02,-3.974469030869e-02,-4.504641661975e-02,2.919770319836e-02,2.737265906084e-02
372.00000000,1.250161136975e+13,-3.566651801378e-02,-4.051033130872e-02,-1.459317890149e-02,-1.653982988664e-02,-5.439864018215e-02,-5.099837548739e-02
372.20000000,-3.934662736766e+11,-3.072367077082e-02,-3.489620381404e-02,-2.848313076304e-02,-3.228262605699e-02,-5.267462052407e-02,-4.938211814021e-02
372.40000000,1.511873072127e+12,-2.351584417682e-02,-2.670949371170e-02,-3.760157113359e-03,-4.261741696023e-03,-1.537476558205e-02,-1.441374390166e-02
372.60000000,2.167849971847e+12,-1.036380231951e-02,-1.177129389023e-02,4.693702549265e-03,5.319817034206e-03,1.321353206584e-02,1.238760137298e-02
372.80000000,2.384161862566e+13,9.739897928802e-03,1.106265803285e-02,2.679021148133e-02,3.036388051702e-02,1.452128327640e-02,1.361360972643e-02
373.00000000,-2.089553952264e+13,5.037184575686e-02,5.721276631079e-02,2.678000954288e-02,3.035231769527e-02,1.605787582218e-02,1.505415536063e-02
373.20000000,-2.852688301689e+13,9.819032740581e-02,1.115254001802e-01,2.994172576655e-02,3.393578972987e-02,7.974362758653e-02,7.475913825726e-02
373.40000000,-1.299143779615e+13,5.063554820092e-02,5.751228176592e-02,-2.052947368544e-02,-2.326799422604e-02,1.307813015447e-02,1.226066295145e-02
373.60000000,-7.885476367102e+12,7.619195131738e-03,8.653945949342e-03,-3.640930710764e-02,-4.126611137409e-02,-1.277196723860e-02,-1.197363718588e-02
373.80000000,1.722815280768e+13,-3.818268164237e-03,-4.336821113264e-03,-4.187621514897e-02,-4.746227532300e-02,-3.172280115359e-03,-2.973992216212e-03
374.00000000,6.380482893639e+12,-2.400303444683e-02,-2.726284852028e-02,-3.702144270081e-02,-4.195990253823e-02,-2.577855360533e-02,-2.416722829622e-02
374.20000000,4.254589187637e+12,-2.583763855639e-02,-2.934660730688e-02,-3.104495242592e-02,-3.518618084721e-02,-3.660941001552e-02,-3.432108655825e-02
374.40000000,1.438106371210e+13,-7.130830397177e-03,-8.099257174033e-03,5.974129342007e-03,6.771045822478e-03,-1.320630198415e-02,-1.238082321786e-02
374.60000000,-5.040961723550e+12,-6.492891200964e-03,-7.374680466449e-03,-1.957916324540e-03,-2.219091752302e-03,-2.242101890098e-03,-2.101956109368e-03
374.80000000,-8.584481628451e+12,8.627345361084e-03,9.799011463839e-03,-1.856490323836e-02,-2.104136072731e-02,3.035821742495e-02,2.846063368829e-02
375.00000000,1.380567126519e+12,1.750416045790e-03,1.988137275292e-03,-3.267011089533e-02,-3.702812664973e-02,2.560964235890e-02,2.400887508848e-02
375.20000000,-5.947895476876e+11,-2.342943843348e-02,-2.661135334127e-02,-5.167237124953e-02,-5.856518556209e-02,-3.689572660941e-02,-3.458950652454e-02
375.40000000,1.406917397633e+13,-8.120427380947e-03,-9.223249756072e-03,-3.994975291413e-02,-4.527883346552e-02,-3.633220059197e-02,-3.406120450563e-02
375.60000000,-2.292714916496e+13,-1.184385582141e-02,-1.345235111296e-02,-1.508058834927e-02,-1.709225711349e-02,-4.417333674835e-03,-4.141221924812e-03
375.80000000,1.038621851978e+12,1.830974613595e-02,2.079636374539e-02,4.275279797989e-03,4.845578955338e-03,4.894128285618e-03,4.588213807508e-03
376.00000000,-1.590364091185e+13,3.213889372192e-02,3.650362595159e-02,1.524125468761e-02,1.727435547071e-02,2.472173394732e-02,2.317646666025e-02
376.20000000,1.171756769685e+13,-8.860632913200e-03,-1.006398142874e-02,-4.863323100579e-03,-5.512064047891e-03,5.142256829920e-03,4.820832722780e-03
376.40000000,-1.801177420137e+13,-1.515054102597e-02,-1.720811199543e-02,-1.584469813467e-03,-1.795829500355e-03,2.731008776829e-02,2.560303172905e-02
376.60000000,2.665260343661e+13,-7.184607745816e-04,-8.160337939172e-04,-2.656443974544e-02,-3.010799205502e-02,1.940453463256e-02,1.819162648249e-02
376.80000000,-4.571756415344e+11,-1.469162565246e-03,-1.668687205223e-03,-1.200019477349e-02,-1.360095572733e-02,5.514566985011e-03,5.169871099907e-03
377.00000000,1.131984013259e+13,9.368344795307e-03,1.064064485705e-02,-1.369038074554e-02,-1.551660334894e-02,5.695505707544e-03,5.339499989178e-03
377.20000000,-2.039043398763e+13,3.578308627985e-02,4.064273052629e-02,-9.737242723413e-03,-1.103613813668e-02,1.901591558314e-02,1.782729862177e-02
377.40000000,-2.265795756978e+13,4.675832617153e-02,5.310850035650e-02,3.520882989017e-03,3.990549700119e-03,2.265481816098e-02,2.123874639703e-02
377.60000000,-5.280183840035e+12,2.229033936148e-02,2.531755502930e-02,9.462407691584e-03,1.072464160094e-02,6.262739839686e-03,5.871278341787e-03
377.80000000,7.906426589799e+12,4.752985523333e-03,5.398480955763e-03,-1.273017864607e-02,-1.442831549274e-02,-6.117131019674e-04,-5.734771009020e-04
378.00000000,-1.450232887462e+12,-1.402949767113e-02,-1.593482151896e-02,-4.169452068433e-03,-4.725634380138e-03,7.345571887252e-02,6.886426425758e-02
378.20000000,-3.889302793015e+12,-4.166935605015e-02,-4.732840526682e-02,-5.422514284891e-02,-6.145848305939e-02,-4.404439099662e-03,-4.129133343476e-03
378.40000000,8.847031890495e+12,-4.755093664161e-02,-5.400875399856e-02,-6.517454057422e-03,-7.386847110657e-03,-4.286340709509e-02,-4.018416861863e-02
378.60000000,-5.683910087062e+12,6.967108106713e-03,7.913300018733e-03,-9.916137531457e-03,-1.123889654269e-02,5.041060538520e-03,4.725961850099e-03
378.80000000,-6.431559731575e+12,1.541512369761e-02,1.750862722046e-02,6.091896985194e-04,6.904523031088e-04,-1.944248664441e-03,-1.822720624964e-03
379.00000000,2.600687474634e+13,7.419382487909e-04,8.426997066978e-04,-5.785207027516e-03,-6.556922295002e-03,-3.561039891031e-03,-3.338452006893e-03
379.20000000,-7.339377398608e+12,-1.278184014107e-02,-1.451772159676e-02,-1.604560611921e-02,-1.818600302451e-02,2.156872767416e-02,2.022054354721e-02
379.40000000,-9.004360925449e+12,-6.692292752663e-02,-7.601162426917e-02,-5.514299773310e-02,-6.249877481129e-02,-8.488174792854e-02,-7.957609304921e-02
379.60000000,4.049248002569e+13,-3.050511112422e-03,-3.464796192816e-03,-8.109388119547e-02,-9.191136549992e-02,-5.784126240302e-02,-5.422581168971e-02
379.80000000,-7.177670194572e+12,8.144236903243e-03,9.250292811864e-03,4.816068854613e-02,5.458506341585e-02,-5.699559735913e-02,-5.343300614714e-02
380.00000000,-9.588126973225e+12,6.540774016627e-03,7.429066171434e-03,3.389951112310e-02,3.842152220577e-02,-1.008151793872e-02,-9.451358261896e-03
380.20000000,-1.230778507892e+13,2.092475322801e-02,2.376651080692e-02,3.188828816782e-02,3.614201300706e-02,-1.144830353417e-02,-1.073271097171e-02
380.40000000,2.732281606752e+13,2.048883210696e-02,2.327138792917e-02,3.334603010360e-02,3.779420981758e-02,2.337984457698e-02,2.191845400144e-02
380.60000000,1.078578597759e+13,-6.253673137354e-03,-7.102974576681e-03,-4.609424110294e-03,-5.224296308179e-03,-1.417864846703e-02,-1.329239179516e-02
380.80000000,3.735033358666e+12,-9.966152080526e-03,-1.131963940240e-02,9.612839144600e-03,1.089513979460e-02,-3.776140080767e-03,-3.540107052071e-03
381.00000000,1.975998896376e+13,-1.676294808125e-02,-1.903949749790e-02,8.497483713208e-03,9.631001992763e-03,-2.853366588741e-02,-2.675012835036e-02
381.20000000,2.419160770211e+13,-8.282205454317e-02,-9.406998653236e-02,-5.618482611110e-02,-6.367957744926e-02,-6.810941565011e-02,-6.385213935349e-02
381.40000000,-5.551016726540e+12,-1.415936735946e-02,-1.608232860388e-02,8.036689716996e-03,9.108740574494e-03,-3.219229201365e-02,-3.018006682547e-02
381.60000000,3.254741862471e+13,2.682296116063e-02,3.046574501268e-02,2.579867549656e-02,2.924007900501e-02,8.842848868451e-03,8.290113970890e-03
381.80000000,-2.113098088317e+12,3.309584846567e-02,3.759054320272e-02,2.635229600951e-02,2.986754949432e-02,1.122830352660e-03,1.052646237881e-03
382.00000000,1.303572095279e+13,7.675490608436e-04,8.717886825530e-04,3.153075626947e-02,3.573678829093e-02,-7.197482636252e-03,-6.747593704887e-03
382.20000000,8.967118295990e+12,-1.652270652129e-02,-1.876662911237e-02,6.290629661782e-03,7.129765569798e-03,-2.980926214866e-02,-2.794599164554e-02
382.40000000,-5.946609000917e+12,-4.201238136869e-02,-4.771801631032e-02,-2.540636144989e-02,-2.879543239046e-02,-4.480086041391e-02,-4.200051865076e-02
382.60000000,-6.626995281935e+11,-2.960057467373e-02,-3.362058181563e-02,-3.047476741846e-02,-3.453993624959e-02,-6.752294782972e-02,-6.330232954178e-02
382.80000000,8.022272190805e+12,-5.887907479725e-02,-6.687534864676e-02,-3.591005766127e-02,-4.070026475700e-02,-6.371088619145e-02,-5.972854626046e-02
383.00000000,-1.727624852993e+13,-5.164811165282e-03,-5.866235985573e-03,-3.317879235619e-03,-3.760466346092e-03,-2.377135924327e-02,-2.228549648437e-02
383.20000000,-2.079284098404e+12,9.475790382407e-03,1.076268245908e-02,1.802494304625e-02,2.042937277161e-02,7.460694843180e-03,6.994353456911e-03
383.40000000,-4.908628152727e+12,-5.305725868355e-04,-6.026288091175e-04,2.575937918331e-02,2.919554077651e-02,7.818531656576e-03,7.329823169236e-03
383.60000000,5.441893861942e+12,7.184087000406e-03,8.159746472158e-03,1.137181164480e-02,1.288874969448e-02,1.100651407942e-02,1.031853619778e-02
383.80000000,2.455913502097e+12,1.992985624077e-03,2.263649843634e-03,-1.766414651083e-02,-2.002044793353e-02,-1.102018432468e-02,-1.033135196484e-02
384.00000000,-2.960350716081e+13,-1.410151298809e-02,-1.601661712200e-02,-4.969047405214e-02,-5.631891401846e-02,-5.734138212773e-02,-5.375717714494e-02
384.20000000,-1.378645913750e+13,-2.094338527063e-02,-2.378767323773e-02,-2.315866028339e-02,-2.624790006862e-02,-5.353582672186e-02,-5.018949341467e-02
384.40000000,-1.110889161703e+11,-3.110564025417e-02,-3.533004796765e-02,7.250711709739e-04,8.217917360281e-04,6.786253735470e-03,6.362069253851e-03
384.60000000,-5.459093643508e+12,1.572080107269e-04,1.785581815553e-04,-3.115372488283e-02,-3.530946296045e-02,4.225322467952e-02,3.961212652639e-02
384.80000000,-9.326863393369e+12,-9.091883950305e-03,-1.032663830276e-02,1.800152463848e-03,2.040283047516e-03,6.044187167617e-02,5.666386616614e-02
385.00000000,6.673296334782e+12,-6.099544559855e-03,-6.927914041302e-03,-1.194396111654e-03,-1.353722080526e-03,5.442625173295e-02,5.102426113877e-02
385.20000000,-4.821889756039e+12,6.707837362873e-03,7.618818126008e-03,-1.807385818902e-03,-2.048481292936e-03,7.386937827775e-02,6.925206729092e-02
385.40000000,1.358066568668e+13,2.558375363093e-04,2.905824267204e-04,-3.996973582977e-02,-4.530148199382e-02,2.614285366255e-02,2.450875725809e-02
385.60000000,5.967298485047e+12,-3.898267558553e-02,-4.427685098556e-02,-5.422738635708e-02,-6.146102583940e-02,-3.919243567517e-02,-3.674265651007e-02
385.80000000,-1.411289036598e+13,-7.263449943131e-02,-8.249887570377e-02,-8.853847239626e-02,-1.003490248247e-01,-1.371506280458e-01,-1.285778321662e-01
386.00000000,-2.387336897297e+12,-1.187259992843e-01,-1.348499891161e-01,-1.442817875722e-01,-1.635281961726e-01,-1.229913879726e-01,-1.153036356155e-01
386.20000000,-1.293986868171e+13,-3.498966241614e-02,-3.974155302490e-02,-2.260608350032e-02,-2.562161253710e-02,-2.646004174521e-02,-2.480611904665e-02
386.40000000,7.807025470532e+12,-1.186539236041e-02,-1.347681249519e-02,1.565291540278e-02,1.774092949450e-02,1.661433162532e-02,1.557582909909e-02
386.60000000,-6.084700254893e+12,-5.771416918222e-03,-6.555223904603e-03,3.517802750442e-03,3.987058574410e-03,3.764114232871e-02,3.528832896973e-02
386.80000000,-2.379744602397e+13,-4.704248165165e-03,-5.343124654209e-03,-9.961335428171e-03,-1.129012359390e-02,3.165371312660e-02,2.967515258093e-02
387.00000000,2.272378731311e+13,5.820542697762e-03,6.611021378420e-03,-5.077049694407e-02,-5.754300611154e-02,9.799421452465e-03,9.186894619398e-03
387.20000000,-1.836115205558e+13,-1.961740564551e-02,-2.228161442084e-02,-3.805169702878e-02,-4.312758721061e-02,-8.000648295220e-03,-7.500556347289e-03
387.40000000,5.493499726225e+12,-8.884214586884e-03,-1.009076569216e-02,-1.564176827715e-02,-1.772829540272e-02,-3.358810116030e-02,-3.148862892796e-02
387.60000000,8.333142528029e+12,-9.725557469513e-03,-1.104637001851e-02,1.462541423843e-02,1.657636524285e-02,-1.875608608204e-02,-1.758371013471e-02
387.80000000,1.009112925006e+13,-1.401575550429e-02,-1.591921305022e-02,6.119317436653e-03,6.935601222177e-03,1.511565888472e-02,1.417083303849e-02
388.00000000,3.113541357683e+13,1.258500043454e-02,1.429414940159e-02,1.439266664422e-02,1.631257038082e-02,1.708148839354e-02,1.601378556633e-02
388.20000000,4.453647231684e+12,-6.327499930033e-03,-7.186827669089e-03,1.086510842748e-02,1.231445501378e-02,-1.121578992892e-03,-1.051473096142e-03
388.40000000,-1.256536048596e+13,-8.548336999721e-03,-9.709273102114e-03,4.411347363284e-03,4.999797196495e-03,2.818717890223e-02,2.642529902904e-02
388.60000000,-2.099192605225e+12,-9.939210659588e-03,-1.128903910977e-02,-1.362566427711e-02,-1.544325405432e-02,6.863459438048e-03,6.434449103727e-03
388.80000000,-1.129573408753e+13,-2.917350657538e-02,-3.313551427557e-02,-1.110632329556e-02,-1.258784663812e-02,-9.360720373282e-04,-8.775615177703e-04
389.00000000,-2.734099254460e+12,-2.658837128175e-02,-3.019929585408e-02,-8.648811860576e-03,-9.802516494942e-03,-3.843102599124e-02,-3.602883982585e-02
389.20000000,5.809163505589e+12,-5.687144632386e-02,-6.459506733165e-02,-3.791484588990e-02,-4.297248087140e-02,-3.170683962375e-02,-2.972495833050e-02
389.40000000,6.516036761425e+12,-2.539225139076e-02,-2.884073281604e-02,-4.330664001006e-02,-4.908351110911e-02,-2.415726628944e-02,-2.264728185948e-02
389.60000000,-2.746854832488e+13,5.107390548880e-03,5.801017166246e-03,-1.633689526436e-02,-1.851614856314e-02,1.623686805111e-02,1.522195942467e-02
389.80000000,2.217056111800e+12,9.795614436078e-04,1.112594131069e-03,8.228338181238e-03,9.325953905324e-03,1.793461424478e-02,1.681358556784e-02
390.00000000,-4.958252606005e+12,1.766859891112e-02,2.006814333190e-02,2.039658570456e-02,2.311737970864e-02,2.554023173010e-02,2.394380307017e-02
390.20000000,-4.473625274209e+12,1.239226829253e-02,1.407524261278e-02,1.082961912104e-02,1.227423162618e-02,1.625232190632e-03,1.523644731458e-03
390.40000000,1.084610759670e+12,1.976286866870e-02,2.244683254672e-02,2.147510736537e-02,2.433977031449e-02,1.488899415896e-03,1.395833631514e-03
390.60000000,-1.419146767144e+13,3.199232885400e-02,3.633715634120e-02,2.399974031879e-02,2.720117562294e-02,-6.863182377921e-03,-6.434189361639e-03
390.80000000,2.531188824500e+13,-4.086441331380e-03,-4.641414453294e-03,-1.350267471432e-02,-1.530385835034e-02,-4.766068182323e-02,-4.468158283860e-02
391.00000000,-8.094647817860e+12,-4.851738245060e-02,-5.510645128146e-02,-4.144579887644e-02,-4.697444385214e-02,-4.506769434624e-02,-4.225067374707e-02
391.20000000,6.475619278339e+12,-1.525274286424e-02,-1.732419370341e-02,-5.322042438128e-02,-6.031974059274e-02,-2.772152879409e-02,-2.598875504592e-02
391.40000000,2.349062611899e+13,1.167347769755e-02,1.325883420607e-02,-3.002192647805e-02,-3.402668878168e-02,-9.133935870152e-03,-8.563006163829e-03
391.60000000,-2.487294660046e+13,2.589474338903e-02,2.941146745636e-02,1.841377608827e-02,2.087007403435e-02,3.033078154000e-02,2.843491272251e-02
391.80000000,-1.127633972550e+13,4.573675359800e-02,5.194818963052e-02,3.175229554693e-02,3.598787970748e-02,5.648805870669e-02,5.295719192302e-02
392.00000000,-9.081651109164e+12,4.133026260433e-02,4.694326007744e-02,3.180968284177e-02,3.605292215647e-02,5.414520281083e-02,5.076077958091e-02
392.20000000,1.279695436834e+13,8.341340535604e-03,9.474164776209e-03,-1.955442446872e-02,-2.216287872760e-02,3.627691751395e-02,3.400937697535e-02
392.40000000,2.992676595846e+12,-3.902159746822e-02,-4.432105878746e-02,-5.876964761619e-02,-6.660920013599e-02,2.047752471957e-02,1.919754779171e-02
392.60000000,9.634889576236e+12,-3.596653818643e-02,-4.085109674561e-02,-3.408024968747e-02,-3.862637031521e-02,8.908391464775e-03,8.351559733625e-03
392.80000000,3.139279301328e+13,-1.536301837928e-02,-1.744944556141e-02,-2.868660495769e-02,-3.251324260659e-02,-1.062558776588e-02,-9.961420227494e-03
393.00000000,1.194552146306e+13,-7.012432395097e-03,-7.964779726902e-03,-3.862985206131e-02,-4.378286499147e-02,-1.248182990541e-02,-1.170163530108e-02
393.20000000,-1.164246530652e+13,1.264342054333e-03,1.436050345279e-03,-5.191932745807e-03,-5.884508439060e-03,7.579604913982e-03,7.105830883915e-03
393.40000000,-1.642667064792e+13,6.994671162250e-03,7.944606369167e-03,-3.071294039863e-03,-3.480988021465e-03,1.450775284536e-02,1.360092503431e-02
393.60000000,8.832594533943e+12,8.977644297122e-04,1.019688394331e-03,-5.334467801890e-04,-6.046056899224e-04,2.707566902345e-02,2.538326566264e-02
393.80000000,2.742769244608e+13,1.988476161509e-02,2.258527958100e-02,-3.036399175678e-04,-3.441438371489e-04,2.424996224234e-02,2.273418371946e-02
394.00000000,2.477471911460e+13,-1.886010226153e-02,-2.142146286430e-02,-3.039185715418e-02,-3.444596620534e-02,1.458743106440e-02,1.367562285247e-02
394.20000000,4.749417824496e+12,-1.037744027864e-02,-1.178678399898e-02,-2.075723769854e-02,-2.352614072424e-02,-1.812516415843e-02,-1.699222488700e-02
394.40000000,1.087242926654e+13,-2.245723030219e-02,-2.550711116421e-02,-3.202573245359e-02,-3.629779161574e-02,-3.158189445460e-02,-2.960782303759e-02
394.60000000,-1.733800875049e+12,-2.837086783899e-02,-3.222387044424e-02,-3.720546389989e-02,-4.216847116806e-02,-2.786596923185e-02,-2.612416702784e-02
394.80000000,-1.405465285454e+13,-2.882468035173e-02,-3.273931451523e-02,-2.388889030955e-02,-2.707553882316e-02,-1.515070187874e-03,-1.420368562012e-03
395.00000000,3.027934711674e+13,-9.735513726020e-03,-1.105767841843e-02,-2.153756296752e-02,-2.441055715553e-02,8.350721722728e-05,7.828747935280e-05
395.20000000,1.836575061032e+13,4.471362575060e-03,5.078611241140e-03,-1.131406657640e-03,-1.282330174686e-03,7.084860856709e-03,6.642011510518e-03
395.40000000,2.844154453602e+11,-1.199004984624e-02,-1.361839951664e-02,-3.316257366916e-02,-3.758628128894e-02,-2.002841422152e-02,-1.877650958674e-02
395.60000000,-1.495591743986e+13,7.912269619872e-03,8.986822419310e-03,-2.270822115561e-02,-2.573737480212e-02,-2.230280498273e-02,-2.090873630523e-02
395.80000000,2.808737940948e+13,-1.729390502767e-03,-1.964256286587e-03,-1.343907499081e-02,-1.523177476836e-02,-4.063396793429e-02,-3.809408373659e-02
396.00000000,-5.701970699404e+12,-1.494843113330e-02,-1.697855387850e-02,-9.098947446859e-03,-1.031269772915e-02,-1.846526904920e-02,-1.731107103585e-02
396.20000000,3.198353043438e+13,-2.424466197724e-02,-2.753729110272e-02,-8.454333506046e-03,-9.582095781795e-03,3.339114294722e-03,3.130398186928e-03
396.40000000,2.191686583172e+13,-8.803938417861e-03,-9.999587343829e-03,-1.445017787556e-02,-1.637775329877e-02,3.290527867254e-02,3.084848723498e-02
396.60000000,7.827496496593e+11,4.108474053089e-03,4.666439404026e-03,9.693831690480e-03,1.098693630720e-02,1.432655335606e-02,1.343105167787e-02
396.80000000,-6.153477086217e+12,-8.869413377811e-03,-1.007395435434e-02,-1.621279149874e-03,-1.837549002769e-03,-1.201489881969e-02,-1.126389040972e-02
397.00000000,-4.703938858862e+12,-6.579782798533e-04,-7.473372674193e-04,2.264640573094e-02,2.566731353478e-02,6.659752034377e-03,6.243474722250e-03
397.20000000,-1.036729408556e+13,4.439186854193e-02,5.042065786606e-02,2.848421806068e-02,3.228385839425e-02,3.557529749598e-02,3.335161271863e-02
397.40000000,1.952805409420e+13,-2.312709072347e-04,-2.626794426781e-04,1.133831666265e-02,1.285078666322e-02,1.365897489711e-02,1.280520116391e-02
397.60000000,-5.611070236150e+12,9.638236398289e-04,1.094719001097e-03,-3.029782291720e-02,-3.433938831073e-02,-5.131162564192e-03,-4.810431919975e-03
397.80000000,3.849462402678e+12,1.665434835485e-02,1.891614901474e-02,-4.211973232642e-04,-4.773827637226e-04,3.724780963801e-02,3.491958210060e-02
398.00000000,-1.365936924626e+13,2.113274497362e-02,2.400274958193e-02,7.851872174943e-03,8.899269373856e-03,3.021738184762e-02,2.832860123986e-02
398.20000000,-2.109508936879e+12,1.363533543616e-02,1.548712873544e-02,2.868573899111e-02,3.251226112476e-02,5.490040086099e-03,5.146877289840e-03
398.40000000,2.203936895234e+13,-2.447403999832e-02,-2.779782058938e-02,-2.216602840510e-03,-2.512285647682e-03,-2.434774004159e-02,-2.282584977772e-02
398.60000000,2.598535579665e+13,-4.174239446292e-02,-4.741136291069e-02,-4.921378237574e-03,-5.577863425561e-03,-2.290519698172e-02,-2.147347493200e-02
398.80000000,-2.963688875593e+12,-3.641504652920e-02,-4.136051629571e-02,-4.384708686943e-02,-4.969605065084e-02,-1.061440230759e-01,-9.950933932246e-02
399.00000000,7.813039973894e+12,-8.938637015804e-03,-1.015257914492e-02,-1.462384184918e-02,-1.657458310539e-02,-4.908169310022e-02,-4.601377177628e-02
399.20000000,-1.167708352311e+13,1.856070051426e-03,2.108139984016e-03,-2.176547338799e-02,-2.466886959104e-02,-7.588197921469e-03,-7.113886773196e-03
399.40000000,2.294700708380e+12,1.863503846476e-03,2.116583350993e-03,-3.194092910049e-02,-3.620167595489e-02,-1.769322201900e-02,-1.658728190788e-02
399.60000000,-7.483654017036e+12,1.297693206686e-02,1.473930864786e-02,-3.008919825878e-02,-3.410293425340e-02,-6.723828995548e-03,-6.303546461450e-03
399.80000000,1.983806775272e+13,-2.718240880274e-03,-3.087400866949e-03,-3.376655942977e-02,-3.827083547702e-02,-4.313703601390e-02,-4.044069397109e-02
400.00000000,9.590100164220e+12,-2.332435458365e-03,-2.649199822030e-03,-2.162514380464e-02,-2.450982080172e-02,-2.890359492486e-02,-2.709693444501e-02
400.20000000,-1.238804739162e+13,-1.974516778359e-02,-2.242672773245e-02,-4.993215158372e-02,-5.659283002310e-02,-4.560442775658e-02,-4.275385786905e-02
400.40000000,3.395449747852e+12,-3.904040025251e-02,-4.434241514810e-02,-3.899054744924e-02,-4.419167518954e-02,-6.764470890440e-02,-6.341647976659e-02
400.60000000,1.829298446644e+13,-2.431615702573e-02,-2.761849578045e-02,3.176163378388e-03,3.599846361465e-03,-1.533350605866e-02,-1.437506336370e-02
400.80000000,1.327793692415e+13,1.540216395920e-02,1.749390744051e-02,1.074923319027e-02,1.218312264785e-02,2.951244177501e-02,2.766772445326e-02
401.00000000,3.226120049714e+12,1.250183346052e-03,1.419968765262e-03,-3.243718979438e-02,-3.676413513611e-02,1.871864555115e-02,1.754860987768e-02
401.20000000,2.248610993742e+13,-7.818179612798e-03,-8.879954197466e-03,-2.955457794232e-02,-3.349699848383e-02,-7.161506294042e-03,-6.713866115327e-03
401.40000000,-1.711672902972e+13,-1.430784846487e-02,-1.625097469293e-02,-2.357876007929e-02,-2.672403890078e-02,-3.030949524857e-02,-2.841495696113e-02
401.60000000,-3.999912373318e+10,5.211092472444e-03,5.918802683725e-03,9.479063907598e-03,1.074351966591e-02,-2.083870079956e-02,-1.953614804500e-02
401.80000000,8.700411656147e+12,-2.808916739404e-03,-3.190391270824e-03,3.178726833542e-03,3.602751767645e-03,-1.731309877206e-02,-1.623091880737e-02
402.00000000,1.847507941704e+12,4.902204856051e-02,5.567965529607e-02,4.884542094691e-02,5.536113540833e-02,6.315205880661e-02,5.920464917941e-02
402.20000000,7.976333006105e+11,2.582123940628e-02,2.932798101418e-02,2.466202256828e-02,2.795180273561e-02,5.905811852310e-02,5.536660648013e-02
402.40000000,6.018341668787e+12,-1.764860336815e-02,-2.004543222592e-02,1.205802635518e-03,1.366650172863e-03,2.188041575861e-02,2.051274912280e-02
402.60000000,1.493184621924e+13,-2.203105600534e-02,-2.502305881141e-02,-1.937260770280e-02,-2.195680859037e-02,-1.678127350557e-03,-1.573233603869e-03
402.80000000,4.035312376171e+12,-4.433392357666e-04,-5.035484348683e-04,7.993489723914e-03,9.059777936435e-03,-2.069055835327e-02,-1.939726545389e-02
403.00000000,-7.714141772801e+11,-5.700434470587e-03,-6.474601443232e-03,8.012205516493e-03,9.080990314324e-03,-4.081836891337e-02,-3.826695846912e-02
403.20000000,2.046766515725e+13,-2.576805566785e-03,-2.926757447650e-03,-1.791375768018e-03,-2.030335588022e-03,-3.339800470160e-02,-3.131041471990e-02
403.40000000,8.282354293827e+12,4.898102983111e-02,5.563306587802e-02,3.295255118327e-02,3.734824294154e-02,1.796977173877e-02,1.684654549246e-02
403.60000000,-1.543993707586e+13,8.457583229491e-02,9.606194206155e-02,6.229075967482e-02,7.060000946238e-02,1.227187721500e-01,1.150480600342e-01
403.80000000,1.002441415006e+13,1.843869585595e-02,2.094282592253e-02,4.652507160633e-02,5.273126403966e-02,1.126557364260e-01,1.056140287298e-01
404.00000000,-5.898352887313e+12,-1.040068730894e-02,-1.181318817163e-02,1.575435534050e-02,1.785590097021e-02,-9.811115052485e-03,-9.197857294248e-03
404.20000000,1.373263668773e+13,-1.196556649678e-02,-1.359059112229e-02,9.961978321242e-03,1.129085224542e-02,-1.387256800527e-02,-1.300544332980e-02
404.40000000,-2.560993273468e+13,2.811385317952e-02,3.193195103113e-02,2.842675226885e-02,3.221872697719e-02,-4.258748863649e-03,-3.992549683734e-03
404.60000000,3.672990469880e+13,3.247646714824e-02,3.688704469002e-02,1.799214587679e-02,2.039220063748e-02,7.812571308550e-03,7.324235381277e-03
404.80000000,1.808935478870e+13,2.071581154318e-02,2.352919308297e-02,3.155365234372e-02,3.576273857742e-02,3.067003087268e-02,2.875295679115e-02
405.00000000,5.591065279884e+12,-1.863201657182e-02,-2.116240121848e-02,6.477747161729e-03,7.341843530250e-03,4.178311867441e-02,3.917140516852e-02
405.20000000,1.580040388277e+13,8.022624889983e-03,9.112164863787e-03,4.633547327988e-02,5.251637432391e-02,-1.361709532778e-01,-1.276593933687e-01
405.40000000,-6.516173775894e+12,1.309988051321e-02,1.487895452788e-02,7.998050325550e-03,9.064946897616e-03,-3.109797922290e-02,-2.915415561856e-02
405.60000000,-1.871307178539e+13,2.062542136456e-02,2.342652715741e-02,1.669335117136e-02,1.892015375650e-02,-2.903691677157e-02,-2.722192281929e-02
405.80000000,-2.272132888060e+13,4.016909027285e-02,4.562439077160e-02,9.677566932069e-03,1.096850191816e-02,6.670012054743e-03,6.253093425390e-03
406.00000000,3.300143423031e+13,2.148854489899e-02,2.440687013136e-02,2.591941449188e-03,2.937692392803e-03,1.920309892658e-02,1.800278180300e-02
406.20000000,2.930786635185e+12,9.827295605956e-03,1.116192505005e-02,-2.022785165873e-02,-2.292613745546e-02,1.965721404091e-02,1.842851180356e-02
406.40000000,1.796092005437e+13,-8.803131081723e-03,-9.998670364651e-03,-7.483163944615e-03,-8.481377463628e-03,1.408779796072e-02,1.320722002950e-02
406.60000000,1.983349638021e+12,1.249093680662e-02,1.418731114142e-02,9.049263393787e-03,1.025638609264e-02,5.748501110663e-03,5.389182838939e-03
406.80000000,-2.492861290181e+12,1.187302219719e-04,1.348547852806e-04,-3.806824730834e-02,-4.314634520779e-02,-1.608392810935e-02,-1.507857921238e-02
407.00000000,1.424521131144e+13,4.961760058036e-02,5.635608829203e-02,3.242215462498e-03,3.674709435659e-03,1.292785377738e-03,1.211977981393e-03
407.20000000,-1.422636359094e+13,2.469904655218e-02,2.805338492677e-02,-1.238282842980e-02,-1.403463063990e-02,-4.609429201972e-02,-4.321310246682e-02
407.40000000,2.745070117138e+13,2.176796431920e-02,2.472423706027e-02,-1.207162162090e-02,-1.368191052912e-02,-2.681520333618e-02,-2.513908075515e-02
407.60000000,6.276477844988e+12,1.464860812928e-02,1.663801238740e-02,-2.735691651315e-02,-3.100618092912e-02,-3.158402473771e-02,-2.960982016432e-02
407.80000000,5.180380341436e+12,2.559781635363e-02,2.907421523078e-02,-1.209446633401e-02,-1.370780260316e-02,3.229418921855e-02,3.027559480005e-02
408.00000000,3.903449621117e+13,1.441353512098e-02,1.637101448633e-02,1.475257183281e-02,1.672048497125e-02,4.074847758128e-02,3.820143579456e-02
408.20000000,-7.689756983012e+12,2.875569271765e-02,3.266095777989e-02,6.904815472946e-03,7.825880439905e-03,2.941688459823e-02,2.757814021428e-02
408.40000000,-1.080543637720e+13,-1.318334997808e-02,-1.497375984851e-02,-1.265919462909e-02,-1.434786259255e-02,-7.775268559783e-03,-7.289264294094e-03
408.60000000,3.390802091524e+13,-1.977086159962e-02,-2.245591098492e-02,-2.648788191961e-02,-3.002122183009e-02,-8.025895541386e-02,-7.524225478276e-02
408.80000000,9.184380827969e+12,-1.608785782242e-02,-1.827272430075e-02,-4.540007523296e-02,-5.145619924643e-02,-7.950143141116e-02,-7.453208089972e-02
409.00000000,5.231877179849e+12,1.132892872972e-02,1.286749258889e-02,-1.214952126484e-02,-1.377020156342e-02,-1.481676153847e-02,-1.389061869774e-02
409.20000000,1.965507721451e+13,2.014421855166e-02,2.287997295300e-02,1.078774332922e-02,1.222676983066e-02,6.185436848597e-03,5.798807284557e-03
409.40000000,-1.666327596912e+12,1.705939717949e-02,1.937620687843e-02,6.507919921112e-03,7.376041172229e-03,1.827429422844e-02,1.713203336900e-02
409.60000000,-2.041952931973e+13,1.714074321352e-02,1.946860038844e-02,1.599342383654e-02,1.812685990812e-02,6.597784590713e-03,6.185380642152e-03
409.80000000,1.863822713203e+13,-8.406928664286e-03,-9.548660324717e-03,3.882688232553e-03,4.400617802524e-03,-2.825143478401e-02,-2.648553850515e-02
410.00000000,8.911687906516e+12,-3.737949035226e-02,-4.245593970614e-02,-1.252607882735e-02,-1.419698986421e-02,-6.096417710903e-02,-5.715352415199e-02
410.20000000,9.346374472856e+12,-2.327434899095e-02,-2.643520144730e-02,-6.129141654758e-02,-6.946735937739e-02,-4.483727248863e-02,-4.203465473675e-02
410.40000000,1.130486153341e+13,-3.010042075140e-02,-3.418831119707e-02,-1.810020410915e-02,-2.051467325246e-02,1.454324956406e-02,1.363420297992e-02
410.60000000,1.200056749411e+13,2.139348342711e-03,2.429889851162e-03,4.507923189317e-04,5.109255714381e-04,3.135871060577e-02,2.939858961397e-02
410.80000000,1.714734487792e+13,2.436232084514e-02,2.767092903503e-02,4.142824105413e-02,4.695454391149e-02,6.515883835876e-02,6.108599210964e-02
411.00000000,-1.443026190245e+13,1.283388958261e-02,1.457683979048e-02,2.250108654556e-03,2.550260955755e-03,8.524299794219e-03,7.991476261484e-03
411.20000000,1.548822724153e+13,-1.154667407319e-02,-1.311480958242e-02,2.412370671095e-03,2.734167846004e-03,-3.321371461851e-02,-3.113764395165e-02
411.40000000,1.759611683181e+13,-2.795102871230e-02,-3.174701363103e-02,-3.050334502757e-02,-3.457232595689e-02,-8.397480842879e-02,-7.872584309815e-02
411.60000000,3.261282351713e+13,-2.706042968272e-03,-3.073546375846e-03,-4.553169842717e-02,-5.160538026149e-02,-7.019509041945e-02,-6.580744604268e-02
411.80000000,-6.647679215665e+12,-3.103341527567e-02,-3.524801422927e-02,-6.512456959151e-03,-7.381183426555e-03,-2.330265975249e-02,-2.184609372464e-02
412.00000000,-2.295272647875e+13,8.330258521003e-03,9.461577730765e-03,1.966666414234e-03,2.229009056546e-03,3.493549859737e-02,3.275180536392e-02
412.20000000,-1.659475705244e+12,2.419130345791e-02,2.747668604743e-02,1.357030126755e-02,1.538050591931e-02,3.676190313041e-03,3.446404787322e-03
412.40000000,2.685452546852e+13,2.718946191044e-02,3.088201964857e-02,1.925970828407e-02,2.182884900098e-02,8.677287855237e-04,8.134901585259e-04
412.60000000,-1.044029931133e+13,1.553007357587e-02,1.763918825953e-02,1.034765740828e-02,1.172797883268e-02,-1.075549083830e-02,-1.008320352285e-02
412.80000000,5.577613185120e+13,1.160109446000e-02,1.317662071574e-02,9.820250501642e-03,1.113021870271e-02,-3.354070193502e-02,-3.144419245895e-02
413.00000000,3.515749112372e+12,3.600546863176e-03,4.089531427304e-03,2.347917191198e-02,2.661116621161e-02,-3.981630823706e-02,-3.732753302648e-02
413.20000000,1.772633787895e+13,-1.185051980474e-03,-1.345992012129e-03,3.161302755970e-02,3.583003412545e-02,-4.130812886142e-02,-3.872610527216e-02
413.40000000,1.057699713237e+13,-8.078463177170e-03,-9.175586460276e-03,4.411231181036e-02,4.999665516164e-02,-3.022824069050e-02,-2.833878133525e-02
413.60000000,8.977205744830e+11,-1.750951490554e-02,-1.988745437960e-02,-1.068821216051e-02,-1.211396174340e-02,-1.961420632359e-02,-1.838819234503e-02
413.80000000,3.978415583398e+13,1.498117381064e-02,1.701574328696e-02,9.456527316741e-03,1.071797681596e-02,-6.356961552922e-03,-5.959610592273e-03
414.00000000,3.546531242331e+12,2.039151500948e-02,2.316085435089e-02,1.909942705862e-02,2.164718712861e-02,-1.503213167764e-02,-1.409252681877e-02
414.20000000,1.906816466992e+13,2.579954983494e-02,2.930334581652e-02,2.490410268081e-02,2.822617502333e-02,-1.327393602935e-02,-1.244422970048e-02
414.40000000,7.621951969540e+11,-1.279564579674e-02,-1.453340217665e-02,2.006980295948e-02,2.274700591619e-02,-3.396909019222e-02,-3.184580369632e-02
414.60000000,9.470788518993e+12,-1.142852237340e-03,-1.298061188750e-03,3.476466501409e-03,3.940208293757e-03,-3.471982122395e-02,-3.254960921275e-02
414.80000000,-5.403032948071e+12,-3.604579502202e-02,-4.094111732645e-02,-3.058323364258e-02,-3.466287128023e-02,-2.255147242521e-02,-2.114186043407e-02
415.00000000,1.350953965502e+13,-1.786164496368e-02,-2.028740666296e-02,-1.039069813352e-02,-1.177676095743e-02,-2.973656305777e-03,-2.787783671515e-03
415.20000000,1.491411931090e+13,-1.355873530582e-02,-1.540012566278e-02,-7.319888239647e-03,-8.296321664407e-03,-5.587692670133e-03,-5.238425959645e-03
415.40000000,4.382808217946e+12,-1.274520948946e-02,-1.447611619440e-02,-5.258515889306e-03,-5.959973413088e-03,-1.944979977300e-02,-1.823406226068e-02
415.60000000,2.011285289279e+13,-2.592554571443e-02,-2.944645299676e-02,-2.134590013879e-02,-2.419332754406e-02,-4.104157328137e-02,-3.847621112932e-02
415.80000000,-5.499003527851e+12,-2.026396121500e-02,-2.301597767771e-02,-2.503065358749e-02,-2.836960713517e-02,-2.662375604743e-02,-2.495960015259e-02
416.00000000,-6.253059838415e+12,-3.789665183333e-02,-4.304333606847e-02,-4.350769859433e-03,-4.931138981898e-03,-2.278257472038e-02,-2.135851735023e-02
416.20000000,-3.488159431063e+13,-3.562898714214e-02,-4.046770342887e-02,8.572346268365e-03,9.715850807098e-03,-5.325045619595e-03,-4.992196038104e-03
416.40000000,8.358081973701e+12,-3.119580715126e-02,-3.543246028817e-02,-4.317810393977e-02,-4.893782902357e-02,-5.182644180992e-02,-4.858695604793e-02
416.60000000,1.589364749238e+13,-7.866331195198e-02,-8.934645169972e-02,-7.586111764930e-02,-8.598057965299e-02,-5.539060350842e-02,-5.192833472926e-02
416.80000000,1.474969670774e+13,-4.317174226335e-02,-4.903482817098e-02,-5.004418085843e-02,-5.671980339598e-02,-2.892896351813e-02,-2.712071733812e-02
417.00000000,3.571252565073e+13,-2.333013096166e-02,-2.649855907907e-02,-2.428931821769e-02,-2.752938164433e-02,-2.645334948261e-02,-2.479984509347e-02
417.20000000,1.082820962696e+13,-9.230502893162e-04,-1.048408286459e-03,1.052340542356e-02,1.192717068083e-02,-2.100823588503e-02,-1.969508609783e-02
417.40000000,1.251286758940e+13,1.579895290789e-02,1.794458366758e-02,2.406778016942e-02,2.727829162093e-02,9.954528376616e-03,9.332306363737e-03
417.60000000,-4.937694131575e+12,-5.073666011403e-03,-5.762712552772e-03,2.412115280006e-02,2.733878387128e-02,-7.881026363763e-03,-7.388411555497e-03
417.80000000,1.236211782220e+12,6.492141677599e-03,7.373829151505e-03,6.106056868016e-02,6.920571765542e-02,1.104582765281e-02,1.035539242012e-02
418.00000000,-2.009880784812e+13,4.073917111879e-02,4.627189339389e-02,1.879062337378e-02,2.129719070563e-02,1.740788601715e-02,1.631978124034e-02
418.20000000,7.241955505244e+12,4.088321843563e-02,4.643550354857e-02,1.285387013051e-03,1.456850675092e-03,4.451156321747e-02,4.172930438875e-02
418.40000000,-1.236291419648e+12,2.439472579789e-02,2.770773485306e-02,2.524449635127e-02,2.861197536483e-02,4.211023019751e-02,3.947807011870e-02
418.60000000,-2.200146848262e+12,2.651726586170e-02,3.011853371960e-02,2.790803934140e-02,3.163082055612e-02,1.100317869830e-02,1.031540929942e-02
418.80000000,3.131322161415e+13,-5.770987325821e-03,-6.554735969939e-03,2.268691632486e-02,2.571322802240e-02,-1.162698764447e-02,-1.090022617650e-02
419.00000000,4.284458964743e+12,1.139202746514e-02,1.293916066359e-02,2.668623839175e-02,3.024603798072e-02,-1.314597122213e-02,-1.232426351628e-02
419.20000000,-6.605399487491e+12,-2.278671109681e-03,-2.588133822346e-03,1.517637689189e-02,1.720082332862e-02,-6.005262333067e-05,-5.629894834408e-05
419.40000000,-5.584765533951e+12,1.968751293473e-02,2.236124286993e-02,2.623364154047e-02,2.973306716210e-02,2.951058680575e-03,2.766598543150e-03
419.60000000,2.888705434463e+13,3.765153086751e-02,4.276492561270e-02,5.471210388800e-02,6.201040206226e-02,4.581455583252e-02,4.295085158951e-02
419.80000000,3.923808919219e+12,3.359419775924e-02,3.815657252416e-02,3.222087888562e-02,3.651896952431e-02,2.924217679338e-02,2.741435277028e-02
420.00000000,1.394187677911e+13,2.385237106383e-02,2.709172378198e-02,2.517600875161e-02,2.853435189050e-02,1.461244540270e-02,1.369907363383e-02
420.20000000,2.513101834941e+13,3.554629709166e-02,4.037378337366e-02,6.044546369363e-02,6.850856099693e-02,1.425877131203e-02,1.336750644730e-02
420.40000000,-1.227229863071e+13,-5.490883968275e-04,-6.236592219247e-04,3.426945981462e-02,3.884082004800e-02,-7.438867978355e-03,-6.973890911444e-03
420.60000000,1.997062840502e+13,-7.791023262398e-03,-8.849109786150e-03,1.396830275403e-02,1.583159864731e-02,-8.641733275074e-03,-8.101569394903e-03
420.80000000,1.108485571334e+13,-5.642956647736e-03,-6.409317648338e-03,-1.126761013559e-03,-1.277064826859e-03,6.659296136336e-03,6.243047320768e-03
421.00000000,1.157449925709e+12,-4.907240617656e-02,-5.573685190016e-02,-2.355981389531e-02,-2.670256539853e-02,-4.121410232045e-02,-3.863795599441e-02
421.20000000,-1.684996035469e+13,-3.546583524815e-02,-4.028239413468e-02,-4.100669342581e-02,-4.647676411391e-02,-5.992692107416e-02,-5.618110328695e-02
421.40000000,-1.946300144554e+12,-2.545458165941e-03,-2.891152805970e-03,2.748272752960e-02,3.114877445340e-02,-2.835000718230e-02,-2.657794949491e-02
421.60000000,-1.546398069017e+13,1.749053554406e-02,1.986589746112e-02,3.651738780616e-02,4.138860945210e-02,1.625426261966e-02,1.523826672087e-02
421.80000000,1.636749563121e+12,1.878445369088e-03,2.133554058115e-03,2.017225806917e-02,2.286312798231e-02,2.603238886199e-02,2.440519721765e-02
422.00000000,2.731249140888e+13,-1.387903311682e-02,-1.576392261196e-02,-1.460945769812e-02,-1.655828018653e-02,-5.183776592475e-03,-4.859757233278e-03
422.20000000,-2.188130211488e+13,-2.544594472338e-02,-2.890171815508e-02,-2.240281720285e-02,-2.539123161705e-02,-4.599929883723e-03,-4.312404696886e-03
422.40000000,8.813789323045e+12,-4.138457062363e-03,-4.700494358278e-03,-5.422684814055e-03,-6.146041582769e-03,5.590213259300e-03,5.240788995786e-03
422.60000000,-2.400579450171e+13,-3.123846276262e-02,-3.548090889051e-02,-1.623275994973e-02,-1.839812216184e-02,-4.635490140149e-02,-4.345742208698e-02
422.80000000,1.458695964549e+13,-6.257419831829e-02,-7.107230103796e-02,-5.770409724552e-02,-6.540151112008e-02,-7.110330112140e-02,-6.665888773763e-02
423.00000000,1.807104457767e+13,-1.164263548793e-02,-1.322380336484e-02,-2.320703373094e-02,-2.630272627193e-02,-1.582968050269e-02,-1.484022371549e-02
423.20000000,1.664239462269e+13,-1.881883845381e-02,-2.137459508423e-02,-2.474477045863e-03,-2.804558874612e-03,5.352387970429e-02,5.017829316250e-02
423.40000000,-3.732478628053e+12,1.670355705638e-02,1.897204067205e-02,-1.704465727281e-02,-1.931832218815e-02,2.080984979881e-02,1.950910041726e-02
423.60000000,2.433451318785e+13,-4.841880772722e-03,-5.499448928109e-03,-3.512119365099e-02,-3.980617056260e-02,2.399685627569e-02,2.249689850273e-02
423.80000000,-1.138501851478e+10,-1.444872478664e-02,-1.641098320473e-02,-2.507724118072e-02,-2.842240926088e-02,1.935521874766e-02,1.814539315741e-02
424.00000000,6.124097431217e+12,-2.555445721108e-02,-2.902496755179e-02,-2.259466459818e-02,-2.560867041529e-02,-1.058618100641e-02,-9.924476643804e-03
424.20000000,2.995219192886e+13,9.249573253565e-03,1.050574314043e-02,1.493661070245e-02,1.692907362880e-02,-3.640713026622e-03,-3.413145059357e-03
424.40000000,-1.195113051836e+13,1.219922109281e-02,1.385597797876e-02,4.906523615049e-02,5.561027276889e-02,6.971511414672e-02,6.535747137236e-02
424.60000000,-5.168411673229e+12,2.054116616888e-02,2.333082939712e-02,1.637611913502e-02,1.856060468559e-02,5.134693997281e-02,4.813742615796e-02
424.80000000,2.518157039276e+11,2.747331929761e-02,3.120442725770e-02,1.416918814362e-02,1.605928105927e-02,2.716351159245e-02,2.546561750641e-02
425.00000000,2.512238784172e+13,1.243462388583e-02,1.412335045209e-02,9.141093625292e-03,1.036046597940e-02,1.126598129502e-02,1.056178504450e-02
425.20000000,-1.435068380797e+13,1.398647726739e-02,1.588595858235e-02,-2.797182706241e-03,-3.170311721345e-03,3.759906732848e-02,3.524888392748e-02
425.40000000,8.904095858789e+12,3.694019600633e-02,4.195698549118e-02,3.814037421985e-02,4.322809345843e-02,5.783667303565e-02,5.422150918730e-02
425.60000000,2.445911977046e+13,1.798974634330e-02,2.043290528796e-02,2.654883205224e-02,3.009030238013e-02,2.729781409882e-02,2.559152524282e-02
425.80000000,-2.036256368859e+13,9.195310651173e-04,1.044411121999e-03,1.451256959432e-02,1.644846773472e-02,-8.795368887421e-04,-8.245601793881e-04
426.00000000,2.700550508179e+13,-3.722040195999e-03,-4.227524577141e-03,6.597083137161e-03,7.477098278124e-03,-2.106293146942e-03,-1.974636285660e-03
426.20000000,-1.349227659240e+13,-1.116634282734e-03,-1.268282615273e-03,9.319746071461e-03,1.056294969377e-02,3.321009217848e-02,3.113424793741e-02
426.40000000,-9.134313027686e+12,1.377613284966e-02,1.564704762256e-02,3.456848331648e-02,3.917973166460e-02,4.229831404065e-02,3.965439751261e-02
426.60000000,-9.971974527926e+12,2.421583296803e-02,2.750454687145e-02,7.479110060272e-02,8.476782813082e-02,6.282377187881e-02,5.889688229488e-02
426.80000000,1.882374325394e+13,3.393991058776e-02,3.854923606412e-02,6.538596947680e-02,7.410810347902e-02,6.182772042843e-02,5.796309046293e-02
427.00000000,3.364048999654e+12,2.030999631864e-02,2.306826473583e-02,2.182252461584e-02,2.473353114353e-02,5.538986061835e-03,5.192763827460e-03
427.20000000,3.231507857211e+13,-1.366061966892e-03,-1.551584677978e-03,-2.018929476582e-02,-2.288243728197e-02,-2.615739248275e-02,-2.452238730857e-02
427.40000000,1.071810711730e+13,-8.618376972472e-03,-9.788825092580e-03,-2.221975421566e-02,-2.518374901938e-02,-3.908695287215e-02,-3.664376706029e-02
427.60000000,2.490261412005e+13,-7.823359333468e-03,-8.885837367793e-03,-5.428859234423e-02,-6.153039637355e-02,-2.363908317214e-02,-2.216148851798e-02
427.80000000,3.585255881778e+13,-2.523514457773e-02,-2.866228957568e-02,-1.293983954232e-02,-1.466594401639e-02,3.107179141473e-02,2.912960471674e-02
428.00000000,-1.800332533714e+13,-1.610627778774e-02,-1.829364585238e-02,9.744500741769e-03,1.104436433536e-02,1.628973808275e-02,1.527152473947e-02
428.20000000,-1.679042740692e+13,-7.762710588996e-03,-8.816952013437e-03,2.654938507657e-02,3.009092917491e-02,7.313521214518e-03,6.856379126097e-03
428.40000000,1.930466102514e+13,-2.079120856693e-02,-2.361482965704e-02,6.659384987256e-03,7.547710857409e-03,-4.034067094414e-03,-3.781911969367e-03
428.60000000,-8.072204843025e+12,-2.037784397804e-02,-2.314532667834e-02,-2.158162158841e-02,-2.446049295769e-02,-2.704522046597e-02,-2.535472033573e-02
428.80000000,-3.243075605180e+12,-6.812556407725e-03,-7.737758898404e-03,-3.002110127742e-02,-3.402575350375e-02,-1.999957897535e-02,-1.874947672881e-02
429.00000000,-1.029120170813e+13,-2.496553163961e-02,-2.835606093165e-02,-6.019172898832e-02,-6.822097945693e-02,-1.436740950646e-02,-1.346935405625e-02
429.20000000,9.414619990947e+12,-3.183751178687e-02,-3.616131381350e-02,-1.003939150008e-01,-1.137859192281e-01,-7.093420766114e-02,-6.650036370560e-02
429.40000000,1.479400469395e+13,3.344236975878e-02,3.798412500355e-02,3.366332492515e-02,3.815383004891e-02,8.958414258161e-02,8.398455780870e-02
429.60000000,-1.694943943524e+13,2.934512189510e-02,3.333043639993e-02,1.507857172360e-02,1.708997148088e-02,7.099855927422e-02,6.656069292920e-02
429.80000000,-3.314108465415e+11,-8.776831582127e-03,-9.968799171688e-03,8.667180819860e-03,9.823335773854e-03,-7.055787845420e-03,-6.614755749319e-03
430.00000000,2.343231897096e+12,-1.902904353748e-02,-2.161334778723e-02,-2.858817030969e-02,-3.240167730996e-02,-3.520239884869e-02,-3.300202263385e-02
430.20000000,1.394406743389e+13,-4.317569000250e-02,-4.903931204633e-02,-6.186225472931e-02,-7.011434427920e-02,-3.049456001636e-02,-2.858845399131e-02
430.40000000,-7.344070960598e+12,-5.324786000428e-02,-6.047936749587e-02,-2.917481665172e-02,-3.306657909499e-02,-1.800546809221e-03,-1.688001059434e-03
430.60000000,4.474907171345e+12,-3.399528235151e-02,-3.861212777936e-02,1.664482833900e-02,1.886515824125e-02,1.880802639050e-02,1.763240384002e-02
430.80000000,3.653037967974e+12,9.237268177203e-03,1.049176693114e-02,6.306874896632e-02,7.148177830944e-02,1.099469657291e-01,1.030745736139e-01
431.00000000,-1.215717054122e+12,1.846019381880e-02,2.096724348964e-02,5.751505566070e-02,6.518725241227e-02,1.282296773470e-01,1.202144982314e-01
431.20000000,3.999186413878e+12,3.813466261611e-02,4.331367071851e-02,8.977033061950e-03,1.017452062595e-02,-8.423689627280e-03,-7.897154876716e-03
431.40000000,-5.644421432676e+11,1.185114463814e-02,1.346062981233e-02,-5.426873308909e-03,-6.150788800139e-03,-5.528328372285e-02,-5.182772312015e-02
431.60000000,9.351040373790e+12,1.269077155617e-02,1.441428513165e-02,-1.460415699633e-02,-1.655227239985e-02,-3.052226694319e-02,-2.861442905710e-02
431.80000000,1.320631162954e+13,-1.512043510475e-02,-1.717391743676e-02,1.354897327153e-02,1.535633288419e-02,-1.472822647648e-02,-1.380761764625e-02
432.00000000,4.270877721121e+13,-1.549918134514e-02,-1.760410060390e-02,2.045192324403e-02,2.318009897599e-02,-2.330223690595e-03,-2.184569730872e-03
432.20000000,7.057650004921e+12,-7.134169958734e-03,-8.103050276153e-03,2.142755559136e-02,2.428587539152e-02,3.603345515056e-03,3.378113257470e-03
432.40000000,-2.269945582341e+13,3.178298551865e-02,3.609938241920e-02,3.333355131110e-02,3.778006642178e-02,3.209347681925e-02,3.008742821592e-02
432.60000000,-2.447620045544e+13,3.880592714658e-02,4.407609862119e-02,4.032971151915e-02,4.570947648945e-02,3.311880443222e-02,3.104866626210e-02
432.80000000,-1.305309094258e+13,1.346651718251e-02,1.529538354226e-02,1.481224898136e-02,1.678812272803e-02,6.160228246032e-04,5.775174381700e-04
433.00000000,-3.592601402087e+13,-8.453625254463e-03,-9.601698704811e-03,-3.716941764002e-03,-4.212761653245e-03,-3.345119849216e-02,-3.136028355661e-02
433.20000000,1.492211742650e+13,1.895894078820e-02,2.153372449466e-02,-7.310179248326e-03,-8.285317546256e-03,7.565271530257e-04,7.092393428813e-04
433.40000000,1.370786449244e+13,1.056113039778e-02,1.199542078213e-02,8.187179001423e-03,9.279304313964e-03,1.995811115988e-02,1.871060091838e-02
433.60000000,-5.711361131656e+12,2.526939354053e-02,2.870118983585e-02,4.333510831167e-02,4.911577692788e-02,4.542572350865e-02,4.258632378536e-02
433.80000000,-1.737251926718e+12,4.532723660686e-02,5.148305678573e-02,6.590133182859e-02,7.469221237580e-02,5.503998855921e-02,5.159963546819e-02
434.00000000,-9.780138379072e+12,2.779277808218e-02,3.156727123359e-02,4.988659655653e-02,5.654119820216e-02,8.419966991636e-02,7.893664929730e-02
434.20000000,9.076096753531e+12,4.609652290269e-03,5.235681863440e-03,1.343999546731e-02,1.523281803144e-02,3.777957879966e-04,3.541811227138e-04
434.40000000,6.120782981199e+12,2.333340376068e-03,2.650227635174e-03,-1.637473060504e-02,-1.855903093323e-02,-1.095893424767e-02,-1.027393041136e-02
434.60000000,1.047531415190e+13,1.648733767453e-02,1.872645687857e-02,-2.592538971024e-02,-2.938369620813e-02,7.448245753224e-03,6.982682515102e-03
434.80000000,2.145248171770e+12,4.317684767557e-03,4.904062694114e-03,-2.116708220401e-02,-2.399065626579e-02,3.172860568199e-02,2.974536387019e-02
435.00000000,5.243084301054e+12,2.983310376921e-02,3.388469031912e-02,2.410746182879e-02,2.732326659863e-02,3.051463004635e-02,2.860726951541e-02
435.20000000,-1.026704148618e+13,2.128004823055e-02,2.417005786077e-02,6.083563918418e-02,6.895078378357e-02,2.768047725713e-02,2.595026949391e-02
435.40000000,1.488062485751e+13,1.211071979138e-02,1.375545745583e-02,3.926962337133e-02,4.450797832733e-02,2.171117136885e-02,2.035408359533e-02
435.60000000,-8.959472747546e+12,-1.650583067109e-02,-1.874746137969e-02,3.335228433274e-02,3.780129832699e-02,-8.441055639883e-03,-7.913435401900e-03
435.80000000,3.559080194542e+12,-1.165172522859e-02,-1.323412756877e-02,-6.904606680841e-02,-7.825643796063e-02,-1.037756949555e-01,-9.728904693356e-02
436.00000000,6.804391892034e+12,-5.543812168351e-02,-6.296708514311e-02,-4.692307247067e-02,-5.318235606255e-02,-8.042688705853e-02,-7.539968962015e-02
436.20000000,3.875423027091e+13,-2.512072681443e-02,-2.853233291725e-02,-6.164777237795e-02,-6.987125114445e-02,-5.120790819378e-02,-4.800708475884e-02
436.40000000,1.544730405392e+13,-2.434629872951e-02,-2.765273098126e-02,-9.559146605244e-03,-1.083428496145e-02,3.558632461322e-03,3.336195057017e-03
436.60000000,1.599090822427e+12,-2.956887628177e-03,-3.358457851529e-03,1.609292701921e-02,1.823963627615e-02,2.202696247045e-02,2.065013572312e-02
436.80000000,-8.736323003457e+11,-1.070382607085e-02,-1.215749572844e-02,2.874126025095e-02,3.257518861980e-02,1.661225519049e-02,1.557388245479e-02
437.00000000,9.492466645278e+12,-6.124941106905e-02,-6.956759653164e-02,1.201285193262e-02,1.361530128289e-02,-2.218323477631e-02,-2.079664000532e-02
437.20000000,7.426683173652e+12,-9.017518054373e-02,-1.024217289234e-01,-2.364653453860e-02,-2.680085410569e-02,-7.486727624693e-02,-7.018759022237e-02
437.40000000,1.771134044193e+13,-6.971546953334e-02,-7.918341698080e-02,-7.728411794837e-02,-8.759340048074e-02,-8.533683267943e-02,-8.000273207781e-02
437.60000000,3.000274495432e+12,-2.083855289066e-02,-2.366860373835e-02,-2.806270204708e-02,-3.180611442863e-02,-2.708918709466e-02,-2.539593876751e-02
437.80000000,1.133487648144e+13,-3.335398706999e-03,-3.788373920184e-03,-2.167728537990e-02,-2.456891778056e-02,-1.667362605447e-03,-1.563141724526e-03
438.00000000,1.882151873588e+12,-5.561018318694e-03,-6.316251404667e-03,-4.446479883778e-03,-5.039616204839e-03,4.670950071653e-02,4.378985666542e-02
438.20000000,-4.970868696650e+12,8.979954136253e-08,1.019950752501e-07,2.225053879361e-02,2.521864009321e-02,8.900862070337e-03,8.344500974740e-03
438.40000000,-2.304732735783e+13,1.446731321790e-02,1.643209610138e-02,3.338532686661e-02,3.783874855583e-02,3.783593749988e-02,3.547094819053e-02
438.60000000,1.211027317354e+13,4.452855604647e-03,5.057590868401e-03,8.904992815547e-03,1.009287060107e-02,3.617820581990e-02,3.391683539671e-02
438.80000000,-6.697795625170e+12,2.950900233488e-02,3.351657318256e-02,-2.227415589000e-03,-2.524540758227e-03,5.637055495667e-02,5.284703291270e-02
439.00000000,1.073385019758e+13,3.252883946157e-02,3.694652960424e-02,-6.080224046893e-04,-6.891292986064e-04,5.289274649653e-02,4.958660983724e-02
439.20000000,-3.164032854928e+12,2.214011952927e-02,2.514693407972e-02,1.958642366408e-03,2.219914644222e-03,2.664429903459e-02,2.497885907100e-02
439.40000000,1.617371069145e+11,-6.803271063723e-03,-7.727212526548e-03,-2.403726722385e-02,-2.724370841378e-02,2.379424083631e-03,2.230694783076e-03
439.60000000,3.045086378150e+13,-1.279954562196e-02,-1.453783163096e-02,-1.028394169390e-02,-1.165576378728e-02,-9.248881931855e-03,-8.670767357784e-03
439.80000000,1.525083008884e+13,-3.643929616422e-03,-4.138805923524e-03,-1.488342995373e-02,-1.686879885638e-02,-7.230274997330e-03,-6.778336332603e-03
440.00000000,7.968606405244e+12,1.859244961269e-02,2.111746073334e-02,-7.445578168324e-03,-8.438777948457e-03,4.580984266591e-03,4.294643302611e-03
440.20000000,-1.417298566746e+13,2.284239393897e-02,2.594458326418e-02,-1.307592519125e-02,-1.482018275344e-02,1.019239287015e-02,9.555302797396e-03
440.40000000,9.661338978235e+12,-2.206191997024e-02,-2.505811436248e-02,-7.711448448333e-04,-8.740113883065e-04,-2.618771368237e-02,-2.455081323830e-02
440.60000000,-7.666393736922e+12,3.609898185076e-03,4.100152737412e-03,3.291591998452e-03,3.730672533938e-03,3.158788407573e-02,2.961343826890e-02
440.80000000,-1.772856523764e+12,-2.731359038853e-02,-3.102300581858e-02,3.680639507747e-03,4.171616872729e-03,-1.836729299707e-02,-1.721921911678e-02
441.00000000,1.324060252108e+13,2.737497377554e-02,3.109272558611e-02,2.662269555001e-02,3.017401886824e-02,3.266073179149e-02,3.061922610598e-02
441.20000000,-4.081315524072e+12,8.734754947352e-03,9.921008175819e-03,7.185215583703e-03,8.143684405950e-03,1.814679631068e-02,1.701250489068e-02
441.40000000,2.844178484259e+13,1.674426011279e-02,1.901827154605e-02,-1.125484404665e-02,-1.275617925258e-02,-1.178173683077e-02,-1.104530254391e-02
441.60000000,-1.078057556631e+12,5.907560406204e-03,6.709856823959e-03,-1.876009089511e-02,-2.126258535975e-02,-4.388063486143e-02,-4.113781311067e-02
441.80000000,2.299828431410e+13,1.435551916865e-03,1.630511947946e-03,5.710304605731e-03,6.472028296046e-03,-1.050992847348e-02,-9.852990384347e-03
442.00000000,2.270047556106e+13,-8.711617462895e-02,-9.894728426260e-02,-4.329797956979e-02,-4.907369541304e-02,-1.792718277885e-02,-1.680661861630e-02
442.20000000,-2.528679916474e+12,3.598338560289e-02,4.087023218300e-02,9.992160533483e-02,1.132506060122e-01,1.426255390143e-01,1.337105260055e-01
442.40000000,2.115778528302e+13,6.409100759781e-02,7.279510578223e-02,7.488020533410e-02,8.486881895050e-02,1.297116832813e-01,1.216038692682e-01
442.60000000,1.055728514719e+13,1.554500843633e-02,1.765615139973e-02,1.426734216390e-02,1.617052829396e-02,4.870109508507e-02,4.565696358362e-02
442.80000000,-1.390029029409e+13,-8.464461805879e-03,-9.614006951103e-03,-1.961950147751e-02,-2.223663665670e-02,9.565013175608e-03,8.967138366659e-03
443.00000000,3.060373369153e+12,-1.479344006590e-02,-1.680251371984e-02,-9.458653645825e-03,-1.072038678582e-02,2.311356394521e-02,2.166881762086e-02
443.20000000,3.563304869020e+13,2.562306388908e-02,2.910289159401e-02,2.081327820102e-02,2.358965672607e-02,6.494236896156e-02,6.088305344126e-02
443.40000000,2.864037897421e+13,5.479118260011e-02,6.223228628792e-02,7.775705201881e-02,8.812942139335e-02,1.628344403882e-01,1.526562411374e-01
443.60000000,-4.645876639642e+12,1.652383373709e-01,1.876790941356e-01,1.369038927777e-01,1.551661301933e-01,2.356524559940e-01,2.209226626818e-01
443.80000000,1.925359808308e+13,1.010224497089e-01,1.147421485255e-01,8.979965876005e-02,1.017784466151e-01,1.492891971915e-01,1.399576627116e-01
444.00000000,1.974686566666e+13,2.694683908021e-02,3.060644659622e-02,4.489403735405e-03,5.088265865670e-03,1.571749281696e-02,1.473504848128e-02
444.20000000,1.047761766402e+13,2.246408045870e-02,2.551489162963e-02,-2.693961349177e-07,-3.053321189890e-07,3.369647988421e-02,3.159023328495e-02
444.40000000,1.775987530734e+12,1.404880567628e-03,1.595675171370e-03,8.427913972723e-03,9.552152025894e-03,1.741576867777e-02,1.632717118399e-02
444.60000000,5.028409376748e+12,3.442394037583e-03,3.909900117073e-03,9.061787221052e-03,1.027058053060e-02,9.939363325427e-03,9.318089225730e-03
444.80000000,-2.664160969784e+13,8.081516310074e-03,9.179054234323e-03,-2.231374456826e-03,-2.529027717568e-03,-4.370397809435e-03,-4.097219852711e-03
445.00000000,2.690327814033e+13,1.546379911425e-02,1.756391316830e-02,-2.703945213748e-02,-3.064636852607e-02,-1.505928929568e-02,-1.411798691112e-02
445.20000000,1.840915363890e+13,3.013844763696e-03,3.423150245371e-03,-5.243578367545e-02,-5.943043306871e-02,5.034753413842e-04,4.720048961260e-04
445.40000000,1.087540632917e+13,-4.946320161225e-03,-5.618072064472e-03,1.314551525325e-02,1.489905575260e-02,9.023297351097e-03,8.459283263418e-03
445.60000000,-8.455271409355e+12,-2.252274881523e-02,-2.558152764269e-02,5.842602790205e-03,6.621974341406e-03,-2.021115291182e-02,-1.894782593422e-02
445.80000000,1.434208320132e+13,-5.267201300606e-03,-5.982531562930e-03,4.133037904449e-02,4.684362764007e-02,3.726948310422e-03,3.493990083586e-03
446.00000000,3.384016746164e+13,-5.738074638302e-03,-6.517353462480e-03,1.759055866298e-02,1.993704386554e-02,-2.100681528052e-02,-1.969375429024e-02
446.20000000,9.204492813617e+12,-6.150961153102e-03,-6.986313440603e-03,3.005122526884e-03,3.405989587239e-03,-4.401487468634e-02,-4.126366208361e-02
446.40000000,1.285095065231e+13,-2.413615905033e-02,-2.741405256523e-02,-2.080842763899e-02,-2.358415912535e-02,-4.145530769553e-02,-3.886408448304e-02
446.60000000,1.586926408841e+13,-5.855452547477e-03,-6.650672279506e-03,9.488726547425e-03,1.075447124953e-02,4.958072730081e-03,4.648161313147e-03
446.80000000,-6.019158228151e+12,-5.119813308357e-02,-5.815127041002e-02,-5.589543621806e-03,-6.335158451267e-03,-3.625330450261e-02,-3.398723992901e-02
447.00000000,-1.600894733936e+13,-4.768126847953e-02,-5.415678599687e-02,8.010871219707e-03,9.079478029577e-03,-4.043870318460e-02,-3.791102428894e-02
447.20000000,2.574476000956e+13,-5.002359457878e-02,-5.681721969205e-02,-1.897854779789e-02,-2.151018322955e-02,-5.239605073110e-02,-4.912096075000e-02
447.40000000,4.573748370099e+13,-1.136786387617e-02,-1.291171545589e-02,1.172228075888e-02,1.328596948918e-02,-1.236091249453e-02,-1.158827600565e-02
447.60000000,1.643516647719e+13,-2.939211806351e-02,-3.338381504350e-02,-1.402465297362e-02,-1.589546568083e-02,-1.049198781006e-02,-9.836171127709e-03
447.80000000,2.406655611316e+13,-1.763747253502e-02,-2.003278973199e-02,-7.815038837979e-04,-8.857522669335e-04,-1.543594474988e-03,-1.447109897822e-03
448.00000000,-4.563520018794e+12,-6.264689088020e-03,-7.115486586151e-03,6.578339531992e-03,7.455854377597e-03,-3.214959182853e-03,-3.014003567640e-03
448.20000000,1.621441164310e+13,8.209321820435e-03,9.324216808528e-03,6.430660979269e-04,7.288476306214e-04,6.830681797957e-03,6.403720276842e-03
448.40000000,-6.494522572143e+11,1.112454785333e-02,1.263535506954e-02,-1.019170157204e-02,-1.155121933301e-02,2.540885972847e-02,2.382064266312e-02
448.60000000,2.163207982482e+13,4.194924515770e-02,4.764630567056e-02,1.925721759578e-03,2.182602606837e-03,7.694041461130e-02,7.213114411249e-02
448.80000000,-1.186774753276e+13,2.471813015745e-02,2.807506024624e-02,9.646601852623e-03,1.093340626491e-02,3.943195974686e-02,3.696720878758e-02
449.00000000,2.953042468751e+13,-4.541541117795e-03,-5.158320620559e-03,7.551869410952e-03,8.559247866861e-03,5.120887524576e-02,4.800799136385e-02
449.20000000,1.628171402816e+13,8.032001720131e-03,9.122815146379e-03,1.221522914701e-02,1.384467452100e-02,4.740804627931e-02,4.444473864016e-02
449.40000000,1.375303743835e+13,6.138996447168e-03,6.972723826917e-03,-3.857001550855e-03,-4.371504656681e-03,1.385227492541e-02,1.298641869788e-02
449.60000000,1.621402338093e+13,-1.185833464423e-03,-1.346879628175e-03,-1.829162649511e-02,-2.073163034739e-02,-3.297222021380e-03,-3.091124449959e-03
449.80000000,2.384300082767e+13,1.893043768011e-02,2.150135042462e-02,-7.264944746445e-03,-8.234049006950e-03,-5.079821977708e-03,-4.762300450172e-03
450.00000000,8.589685277990e+12,8.256446492318e-03,9.377741407425e-03,2.176761264870e-02,2.467129421754e-02,2.808220204636e-04,2.632688390149e-04
450.20000000,3.474009584592e+12,-2.230177223215e-03,-2.533054058002e-03,-7.804147237694e-03,-8.845178188598e-03,2.843060994506e-02,2.665351406687e-02
450.40000000,1.316857872551e+12,3.777698359273e-02,4.290741587373e-02,2.035978671501e-02,2.307567193329e-02,6.220393642679e-02,5.831579054301e-02
450.60000000,-1.727715817031e+13,-2.680341827914e-04,-3.044354804337e-04,8.574650584209e-04,9.718462506193e-04,1.760504565851e-02,1.650461713673e-02
450.80000000,-1.063756871684e+11,-3.156156546602e-02,-3.584789166008e-02,-2.726033734422e-02,-3.089671862241e-02,-1.819993790000e-02,-1.706232478907e-02
451.00000000,-5.754290604277e+12,-2.121205945599e-02,-2.409283563847e-02,-3.162312589618e-02,-3.584147952529e-02,-3.345406117519e-02,-3.136296730355e-02
451.20000000,1.715789819634e+13,-3.104894154943e-02,-3.526564910167e-02,-3.215985566024e-02,-3.644980613135e-02,-1.249657163587e-02,-1.171545557862e-02
451.40000000,-2.665005808164e+13,-4.723446314019e-02,-5.364930073239e-02,-4.667444375074e-02,-5.290056161869e-02,-5.570354424266e-02,-5.222171465598e-02
451.60000000,-9.689323494348e+12,8.933600478417e-03,1.014685860337e-02,-1.253859690794e-02,-1.421117778892e-02,4.141680992175e-03,3.882799306759e-03
451.80000000,4.748693566477e+12,4.298614985028e-02,4.882403074638e-02,2.850424304596e-02,3.230655460405e-02,2.872393875173e-02,2.692850793756e-02
452.00000000,2.396969291082e+13,2.398554808301e-02,2.724298736111e-02,1.657630800888e-02,1.878749767040e-02,4.210572280332e-02,3.947384446562e-02
452.20000000,1.424998819964e+13,-8.882958407646e-03,-1.008933891321e-02,-1.694798314432e-02,-1.920875225480e-02,-4.194338689527e-02,-3.932165559534e-02
452.40000000,1.150241737574e+13,-2.614165305473e-02,-2.969190953251e-02,-1.976632706362e-02,-2.240304798035e-02,-5.896954554127e-02,-5.528356987903e-02
452.60000000,1.960361718905e+13,-1.409669646829e-02,-1.601114647829e-02,-3.490124050236e-03,-3.955687685586e-03,-4.127890905493e-02,-3.869871189140e-02
452.80000000,1.869440993582e+13,4.608347134963e-03,5.234199457060e-03,2.447315740243e-02,2.773774398009e-02,-1.070484323600e-02,-1.003572172126e-02
453.00000000,2.465359778544e+13,2.404283840462e-02,2.730805819050e-02,2.574616053333e-02,2.918055883026e-02,7.761604813239e-03,7.276454619543e-03
453.20000000,1.353114879966e+13,6.343747086783e-02,7.205281326453e-02,7.466174281031e-02,8.462121470989e-02,8.498564967469e-02,7.967350026833e-02
453.40000000,1.872923522865e+12,4.837576463936e-02,5.494560057968e-02,4.461408578146e-02,5.056536306138e-02,6.466114776995e-02,6.061941038186e-02
453.60000000,2.435158011602e+13,-1.136716880895e-02,-1.291092599268e-02,2.746216547775e-03,3.112546953526e-03,-5.294966607391e-03,-4.963997157515e-03
453.80000000,2.495478382250e+13,-3.525382549206e-02,-4.004159166956e-02,-2.317835501165e-02,-2.627022196691e-02,-3.393107826852e-02,-3.181016776220e-02
454.00000000,3.595543697216e+13,-6.392677863308e-03,-7.260857314203e-03,1.965958128046e-02,2.228206288818e-02,-2.263627766618e-02,-2.122136480234e-02
454.20000000,1.708370138144e+13,-3.568870245551e-02,-4.053552858432e-02,-7.584348190228e-03,-8.596059139289e-03,-7.059014832857e-02,-6.617781029298e-02
454.40000000,-1.840539676806e+13,-1.441812813033e-02,-1.637623126500e-02,2.992191604715e-03,3.391333750125e-03,-4.395706329036e-02,-4.120946427150e-02
454.60000000,-5.565362233749e+12,3.961163659124e-02,4.499123018882e-02,6.924114942801e-02,7.847754354454e-02,3.822059488716e-02,3.583156201846e-02
454.80000000,2.802037505137e+13,1.996988673963e-01,2.268196541383e-01,1.868033961982e-01,2.117219569651e-01,2.249475934765e-01,2.108869228842e-01
455.00000000,-2.083327586502e+12,1.866820394686e-01,2.120350314359e-01,8.696765646593e-02,9.856867056153e-02,1.979479947764e-01,1.855749726607e-01
455.20000000,-1.999800987049e+13,6.244104674769e-02,7.092106636355e-02,8.968890036669e-02,1.016529136523e-01,1.458962842098e-01,1.367768286014e-01
455.40000000,-1.684803052560e+13,-1.182748498906e-02,-1.343375698381e-02,-1.330066455038e-02,-1.507490112522e-02,-2.384281365831e-02,-2.235248453914e-02
455.60000000,1.495915240000e+13,-2.719312015278e-03,-3.088617471101e-03,-3.610402756930e-04,-4.092010919959e-04,-3.079006142571e-02,-2.886548466304e-02
455.80000000,-7.991799319713e+12,-2.658716400353e-03,-3.019792461731e-03,-1.302014103112e-02,-1.475695728864e-02,-3.732467592679e-02,-3.499164375223e-02
456.00000000,4.438182505012e+11,6.604568975106e-02,7.501525022135e-02,4.474804445640e-02,5.071719109763e-02,5.034632634351e-02,4.719935731259e-02
456.20000000,-2.401288844730e+13,2.117979586680e-01,2.405619038236e-01,2.249407712548e-01,2.549466511882e-01,1.826216308014e-01,1.712066049545e-01
456.40000000,1.424468073198e+13,1.920503194221e-01,2.181323689833e-01,2.131536620200e-02,2.415872054557e-02,2.076344449257e-01,1.946559574096e-01
456.60000000,6.708996514829e+12,1.029387198796e-01,1.169186643116e-01,7.624716198782e-02,8.641812021431e-02,1.030902959187e-01,9.664648974248e-02
456.80000000,-1.331849571312e+13,-2.502509595188e-02,-2.842371457880e-02,-2.324948288733e-04,-2.635083791571e-04,-2.252122285623e-02,-2.111350165760e-02
457.00000000,3.851713262683e+13,-3.394246999066e-02,-3.855214305547e-02,-2.873858862131e-02,-3.257216060923e-02,-2.273387596893e-02,-2.131286258379e-02
457.20000000,-3.152200081049e+12,1.596256793888e-02,1.813041899667e-02,2.493821145146e-02,2.826483371914e-02,5.894187228262e-02,5.525762637694e-02
457.40000000,1.958096614195e+13,9.163869224231e-03,1.040839978267e-02,2.246630615089e-02,2.546318964671e-02,3.462431116659e-02,3.246006914792e-02
457.60000000,1.916536080861e+13,-8.310330872862e-04,-9.438943740301e-04,-6.469653879328e-03,-7.332670647833e-03,-9.248120167790e-03,-8.670053208870e-03
457.80000000,-3.681306354526e+12,6.797914928125e-03,7.721128982662e-03,4.183980033172e-03,4.742100296647e-03,-1.766230952899e-02,-1.655830164721e-02
458.00000000,2.023624848028e+13,-5.882154917933e-02,-6.681001056582e-02,-4.106521765838e-02,-4.654309516196e-02,-4.100994228335e-02,-3.844655727201e-02
458.20000000,-7.048920388273e+12,-6.143550291572e-02,-6.977896121712e-02,-9.929031866791e-02,-1.125351091249e-01,-6.947035874112e-02,-6.512801475294e-02
458.40000000,1.005944977603e+12,-1.006251109362e-02,-1.142908478037e-02,-1.857435916049e-02,-2.105207801822e-02,5.181340276719e-03,4.857473202919e-03
458.60000000,1.843162112087e+13,3.485502058415e-03,3.958862569906e-03,1.248672997642e-02,1.415239208980e-02,3.376597927881e-02,3.165538852063e-02
458.80000000,2.205574365382e+13,9.790770578460e-03,1.112043961644e-02,1.321355220232e-02,1.497616846199e-02,8.840961594262e-03,8.288344663470e-03
459.00000000,5.028317928248e+12,-2.413803817580e-02,-2.741618689176e-02,-2.175894683592e-02,-2.466147243229e-02,-4.725935822591e-02,-4.430534454588e-02
459.20000000,4.228053812233e+11,-4.016995945823e-02,-4.562537799967e-02,-3.926950283888e-02,-4.450784171651e-02,-7.210353884478e-02,-6.759660417361e-02
459.40000000,2.408842689374e+13,-6.736138061609e-02,-7.650962297794e-02,-4.586399775467e-02,-5.198200651855e-02,-1.086087381781e-01,-1.018199938872e-01
459.60000000,1.151115351835e+13,-7.920045378773e-02,-8.995654191705e-02,-9.471840917514e-02,-1.073533316809e-01,-9.745007558499e-02,-9.135881943586e-02
459.80000000,3.934216432351e+12,-3.232777727202e-02,-3.671816147732e-02,-3.410857462345e-02,-3.865847364416e-02,-3.234890999553e-02,-3.032689517671e-02
460.00000000,-8.382104843271e+12,8.946472614856e-03,1.016147888426e-02,1.153805251011e-02,1.307716619035e-02,1.326071183032e-02,1.243183209890e-02
460.20000000,4.965921662983e+12,6.839039767248e-03,7.767838921021e-03,2.701522609670e-02,3.061891086274e-02,-4.194950405957e-06,-3.932739039439e-06
460.40000000,6.828677582245e+12,8.001220620356e-03,9.087853714219e-03,1.297972035294e-03,1.471114471104e-03,-3.431511081419e-05,-3.217019580483e-05
460.60000000,2.099096393599e+13,7.649282892032e-03,8.688119880685e-03,8.910501108916e-03,1.009911367092e-02,-9.476704971815e-03,-8.884349993263e-03
460.80000000,7.871499232429e+12,2.058399275158e-02,2.337947219016e-02,1.771386820470e-02,2.007680223192e-02,1.216897782006e-02,1.140833848212e-02
461.00000000,9.644889085204e+12,2.712319138632e-02,3.080674902958e-02,2.129760075819e-02,2.413858528783e-02,7.269284427006e-03,6.814907422166e-03
461.20000000,3.298965062709e+13,1.914144428468e-02,2.174101350180e-02,4.477920288668e-02,5.075250589366e-02,2.606442628165e-02,2.443523209264e-02
461.40000000,3.079860357058e+13,4.258266234434e-02,4.836574624161e-02,1.052683210443e-01,1.193105446235e-01,7.939319526419e-02,7.443061020770e-02
461.60000000,6.036234693374e+12,4.169938730376e-02,4.736251501739e-02,3.787553781859e-02,4.292792931639e-02,3.814493389860e-02,3.576063032805e-02
461.80000000,-7.572263668363e+12,1.369647289519e-02,1.555656917591e-02,2.150912572817e-03,2.437832654256e-03,2.193936815600e-03,2.056801661639e-03
462.00000000,2.802707117490e+12,-2.237913698550e-02,-2.541841211793e-02,-3.420966580106e-02,-3.877304983705e-02,-1.032660319688e-02,-9.681124115976e-03
462.20000000,1.677312502806e+13,-1.013501248518e-02,-1.151143247104e-02,-1.970199621242e-02,-2.233013574222e-02,-2.369510868566e-02,-2.221401207676e-02
462.40000000,1.252385025316e+13,2.474712964487e-02,2.810799810808e-02,1.233174856236e-02,1.397673699494e-02,1.542182519488e-02,1.445786198618e-02
462.60000000,5.839635191036e+12,8.402551588949e-02,9.543688805715e-02,5.711331183558e-02,6.473191813793e-02,7.278483873333e-02,6.823531843962e-02
462.80000000,5.609122895445e+12,9.750254075611e-02,1.107442063154e-01,1.121222619089e-01,1.270787640580e-01,1.529228552097e-01,1.433641937459e-01
463.00000000,-5.820424826432e+12,-1.269574859976e-02,-1.441993809964e-02,-1.957075431985e-02,-2.218138689238e-02,-7.346799470090e-03,-6.887577276777e-03
463.20000000,1.236495983179e+13,-5.210611709474e-02,-5.918256629097e-02,-4.360675581483e-02,-4.942366073591e-02,-8.333691521419e-02,-7.812782230994e-02
463.40000000,-1.423189252279e+12,-2.761358306297e-02,-3.136374002277e-02,-5.236304921379e-02,-5.934799622402e-02,-7.428727359857e-02,-6.964384146788e-02
463.60000000,1.082298288685e+13,-5.138125429069e-03,-5.835926101810e-03,-3.481511949689e-02,-3.945926777495e-02,-2.982968449375e-02,-2.796513746279e-02
463.80000000,-3.655797081911e+12,1.767169046740e-03,2.007165474754e-03,-3.218941103169e-02,-3.648330402919e-02,-4.004248998962e-02,-3.753957696557e-02
464.00000000,6.842254597986e+12,3.127985895121e-02,3.552792702988e-02,2.163119278410e-02,2.451667668226e-02,1.307946017711e-02,1.226190983912e-02
464.20000000,1.514519861567e+13,-7.232023396998e-03,-8.214193034812e-03,1.340347880286e-02,1.519143024183e-02,1.803148763460e-02,1.690440374808e-02
464.40000000,9.788991718465e+12,-1.935447645722e-02,-2.198297723612e-02,3.404622636546e-03,3.858780846642e-03,-7.612893330641e-03,-7.137038560549e-03
464.60000000,1.342283052848e+13,-8.156357002662e-03,-9.264058922779e-03,-1.454987408190e-02,-1.649074843879e-02,-3.128889419648e-02,-2.933313717905e-02
464.80000000,1.890340854764e+13,1.050034242213e-03,1.192637728783e-03,-6.354883228158e-03,-7.202590213739e-03,-1.713737275257e-02,-1.606617679369e-02
465.00000000,-7.150714203395e+11,-3.487774189757e-03,-3.961443275804e-03,-1.781464621428e-02,-2.019102348186e-02,1.005756497566e-03,9.428902513004e-04
465.20000000,3.393937505264e+13,1.290919002714e-02,1.466236666905e-02,-2.423592016289e-02,-2.746886057839e-02,-2.408577538624e-02,-2.258025959729e-02
465.40000000,3.808802647947e+12,3.783135213936e-02,4.296916812654e-02,1.994483437182e-02,2.260536719614e-02,2.593562561891e-03,2.431448229927e-03
465.60000000,4.386038701464e+12,2.908498738305e-02,3.303497343200e-02,2.934492947057e-02,3.325938404204e-02,8.924061619858e-04,8.366250403288e-04
465.80000000,3.781580826348e+13,-4.667538391596e-02,-5.301429384463e-02,-3.703337675714e-02,-4.197342853301e-02,-8.596013464210e-02,-8.058707366112e-02
466.00000000,1.697981197545e+13,-1.058436458453e-01,-1.202181036696e-01,-1.051994449900e-01,-1.192324808769e-01,-1.445360876097e-01,-1.355016530325e-01
466.20000000,-8.519514263948e+12,-6.887921030184e-02,-7.823358670819e-02,-1.900640669019e-02,-2.154175834712e-02,-2.963409125026e-02,-2.778177005432e-02
466.40000000,1.644167758191e+13,-5.811523658099e-02,-6.600777477271e-02,-3.653220691155e-02,-4.140540534584e-02,-3.269522105636e-02,-3.065155957009e-02
466.60000000,-3.359661276307e+13,-2.314042229313e-02,-2.628308637687e-02,-1.824876439147e-02,-2.068305067140e-02,-2.659232222012e-02,-2.493013114156e-02
466.80000000,5.965057183396e+12,5.186880692820e-03,5.891302740676e-03,-1.034508053106e-02,-1.172505821401e-02,-1.816387267999e-02,-1.702851387714e-02
467.00000000,2.402671060808e+13,2.974773942072e-02,3.378773277372e-02,7.630773625774e-03,8.648677476359e-03,-1.654344963871e-02,-1.550937769229e-02
467.20000000,9.351882364736e+12,4.909404336955e-03,5.576142760604e-03,-6.625438904984e-03,-7.509236551714e-03,-4.968815092476e-02,-4.658232208838e-02
467.40000000,1.678056985573e+13,-4.413289717420e-02,-5.012651600724e-02,-1.337165264874e-02,-1.515535865122e-02,-8.789394080562e-02,-8.240000450860e-02
467.60000000,-3.400390637354e+12,-1.464747273176e-02,-1.663672279335e-02,-3.008481101535e-02,-3.409796177547e-02,-7.410125218866e-02,-6.946944759187e-02
467.80000000,-5.169134726111e+12,4.191055617908e-03,4.760236240306e-03,-3.730362818217e-02,-4.227973003365e-02,-3.344235201270e-02,-3.135199003898e-02
468.00000000,2.137636695824e+13,-5.115067570374e-02,-5.809736791864e-02,-6.634873425346e-02,-7.519929585967e-02,-7.683817780768e-02,-7.203529776629e-02
468.20000000,1.504715628865e+12,4.690441615081e-03,5.327443058437e-03,-2.563899884139e-02,-2.905910234932e-02,1.705853485495e-02,1.599226677145e-02
468.40000000,6.191936145823e+12,1.330469543501e-02,1.511158503966e-02,-1.105847086676e-02,-1.253361095463e-02,8.996319930421e-03,8.433992104950e-03
468.60000000,-2.166467580883e+12,5.322069747112e-02,6.044851606212e-02,8.529175395354e-03,9.666921173570e-03,-1.234414719237e-02,-1.157255864264e-02
468.80000000,2.084091197423e+13,3.507193760532e-02,3.983500187714e-02,-1.837320974438e-02,-2.082409636002e-02,-4.550682571478e-02,-4.266235658226e-02
469.00000000,1.350744807070e+13,-2.534713339573e-02,-2.878948741760e-02,-3.253211875048e-02,-3.687172710054e-02,-1.250998426328e-01,-1.172802983060e-01
469.20000000,9.182090435688e+12,-9.751718758788e-02,-1.107608423102e-01,-1.063639278224e-01,-1.205522994088e-01,-8.777645835217e-02,-8.228986546369e-02
469.40000000,6.126466190699e+12,-2.810170477487e-03,-3.191815277089e-03,-9.193528524606e-02,-1.041989541014e-01,-2.444211643674e-02,-2.291432704151e-02
469.60000000,-1.239667385699e+13,-1.991156107787e-02,-2.261571863636e-02,-6.506091032692e-02,-7.373968320004e-02,-2.355328189872e-02,-2.208105037569e-02
469.80000000,3.430740177266e+12,2.441379549595e-02,2.772939437659e-02,2.899273001393e-03,3.286020308645e-03,2.763700586483e-02,2.590951534307e-02
470.00000000,2.394310230997e+13,1.350542611192e-02,1.533957663173e-02,1.541224513714e-02,1.746815511961e-02,2.618289194379e-02,2.454629288938e-02
470.20000000,1.885545977237e+11,2.508298458308e-02,2.848946497327e-02,8.900566775256e-03,1.008785415098e-02,-5.138041873523e-04,-4.816881228249e-04
470.40000000,1.219370999114e+13,-9.119488405778e-03,-1.035799167559e-02,-3.631618768828e-03,-4.116057032879e-03,-5.534783013714e-02,-5.188823496864e-02
470.60000000,1.535906572274e+13,-2.042820529268e-02,-2.320252748332e-02,-9.197264718135e-03,-1.042412999164e-02,-5.084275759111e-02,-4.766475841608e-02
470.80000000,9.077863706440e+12,2.879157960053e-04,3.270171840351e-04,1.930296998299e-02,2.187788157610e-02,1.099261487406e-02,1.030550578210e-02
471.00000000,1.009249905576e+13,9.012677457357e-02,1.023667490152e-01,9.217418330320e-02,1.044697198648e-01,1.060501422557e-01,9.942132665697e-02
471.20000000,4.911028457195e+12,6.458232890354e-02,7.335315265595e-02,3.637121668171e-02,4.122293989175e-02,5.851239607435e-02,5.485499519242e-02
471.40000000,6.040096826580e+12,5.237535063433e-02,5.948836401096e-02,4.945342399536e-02,5.605024276868e-02,6.142038449566e-02,5.758121564438e-02
471.60000000,2.377356313164e+13,3.129017456303e-02,3.553964358860e-02,3.072317714929e-02,3.482148249239e-02,2.009373828704e-02,1.883775047825e-02
471.80000000,1.888699315402e+13,1.405604928086e-02,1.596497906074e-02,2.218972212158e-02,2.514971080669e-02,2.802234537345e-03,2.627076865539e-03
472.00000000,1.216684149943e+13,-4.244850249347e-03,-4.821336635398e-03,1.711983469383e-02,1.940352786975e-02,6.057717215189e-03,5.679070949240e-03
472.20000000,1.681761159263e+12,3.043198356678e-02,3.456490303302e-02,6.724365780795e-02,7.621359736675e-02,7.857643418880e-02,7.366490194979e-02
472.40000000,7.045615750344e+12,6.499136744056e-02,7.381774206853e-02,9.353626857056e-02,1.060134999257e-01,1.332808972806e-01,1.249499844491e-01
472.60000000,-1.864363954448e+12,3.695081582908e-02,4.196904757524e-02,4.856905950923e-02,5.504790885246e-02,9.573203748273e-02,8.974816975882e-02
472.80000000,1.209432812787e+13,1.313943150803e-02,1.492387688063e-02,1.893756434055e-03,2.146373280109e-03,2.012863594233e-02,1.887046680576e-02
473.00000000,8.866057679901e+12,-1.675520535560e-02,-1.903070324495e-02,1.545569756701e-03,1.751740386817e-03,-2.365837176639e-02,-2.217957145110e-02
473.20000000,3.512274298537e+13,-4.081111977638e-03,-4.635361328465e-03,2.410289125748e-02,2.731808633788e-02,-2.864875326572e-02,-2.685802202773e-02
473.40000000,3.344253129206e+13,-2.603571224433e-02,-2.957158106852e-02,-1.278188985073e-02,-1.448692469187e-02,-5.337713377901e-02,-5.004071980085e-02
473.60000000,5.029509252828e+13,-4.653712490712e-02,-5.285725809887e-02,-5.183722124651e-02,-5.875202565536e-02,-1.020955291338e-01,-9.571390227613e-02
473.80000000,-1.839039738542e+13,4.436797301602e-03,5.039351712665e-03,1.625036194867e-03,1.841807217206e-03,-1.566747893147e-02,-1.468816078513e-02
474.00000000,2.002810948889e+12,3.636442228173e-02,4.130301684942e-02,5.018664270077e-02,5.688126887609e-02,6.474537478898e-02,6.069837267078e-02
474.20000000,6.211405312277e+12,-2.485038371755e-02,-2.822527495277e-02,2.525994871611e-02,2.862948899140e-02,-2.655116533934e-03,-2.489154683038e-03
474.40000000,6.175431092292e+12,-2.237445157638e-02,-2.541309039082e-02,2.521433061957e-02,2.857778568799e-02,1.177925956381e-02,1.104298012206e-02
474.60000000,2.258457610148e+13,-3.815108100924e-02,-4.333231886760e-02,-3.961536417668e-02,-4.489983908255e-02,-8.194894790363e-02,-7.682661187838e-02
474.80000000,2.627735890113e+13,-2.106798146737e-02,-2.392919064651e-02,-1.813078373418e-02,-2.054933203377e-02,-7.000280479793e-02,-6.562717950855e-02
475.00000000,1.738177898408e+13,-4.388702674343e-03,-4.984725430286e-03,-3.263456796988e-02,-3.698784249063e-02,-3.118363778642e-02,-2.923445997123e-02
475.20000000,-1.993387672184e+13,2.838296967230e-02,3.223761580836e-02,-2.016752579544e-02,-2.285776444891e-02,-5.916502419028e-03,-5.546682985590e-03
475.40000000,3.670571517267e+13,1.055136659904e-01,1.198433097736e-01,3.461602847369e-02,3.923361908813e-02,4.447897730526e-02,4.169875530552e-02
475.60000000,2.619746447587e+12,1.423851172749e-01,1.617222144312e-01,8.758712493851e-02,9.927077277146e-02,1.318678015304e-01,1.236252162669e-01
475.80000000,1.318185208011e+13,-1.615156319361e-02,-1.834508139746e-02,-3.471235314023e-02,-3.934279294320e-02,-2.621996336482e-02,-2.458104710829e-02
476.00000000,2.177333219291e+13,-3.883478836959e-02,-4.410887944116e-02,-4.647132315830e-02,-5.267034583993e-02,-2.433990670332e-02,-2.281850607345e-02
476.20000000,1.458515369699e+13,-5.007571422625e-02,-5.687641762625e-02,-6.664790330850e-02,-7.553837244546e-02,-7.744824185547e-02,-7.260722888950e-02
476.40000000,7.948983484236e+11,-7.815489687091e-02,-8.876898957212e-02,-9.474149273050e-02,-1.073794944574e-01,-9.838610819192e-02,-9.223634398789e-02
476.60000000,-3.999059054972e+11,-2.639850262088e-02,-2.998364143123e-02,-3.493559027505e-02,-3.959580870209e-02,-1.734295251148e-02,-1.625890649617e-02
476.80000000,-1.099653136323e+13,-1.710969377638e-02,-1.943333417645e-02,-1.781028093336e-02,-2.018607589612e-02,-1.007440989792e-02,-9.444694519340e-03
477.00000000,7.821605724527e+12,2.469403927887e-02,2.804769762361e-02,-7.775414419176e-03,-8.812612567792e-03,2.916600063280e-02,2.734293810941e-02
477.20000000,2.990970603584e+13,3.123217522152e-02,3.547376744842e-02,1.327339903015e-02,1.504399853234e-02,4.495023195365e-02,4.214055350908e-02
477.40000000,1.278399003123e+13,-9.753407824394e-04,-1.107800268595e-03,-2.995630469465e-02,-3.395231340797e-02,-4.810982826630e-02,-4.510265474179e-02
477.60000000,2.076913733507e+13,-1.365750731120e-02,-1.551231173769e-02,-3.052147691084e-02,-3.459287653514e-02,-4.566747915690e-02,-4.281296815155e-02
477.80000000,2.209228995112e+13,-9.565269064354e-03,-1.086431309903e-02,-3.152115390160e-02,-3.572590501922e-02,-3.888252839354e-02,-3.645212042568e-02
478.00000000,-1.077287475099e+13,-8.713361341931e-03,-9.896709138745e-03,9.786279218644e-04,1.109171583466e-03,-1.835928839649e-02,-1.721171485520e-02
478.20000000,1.981075580775e+13,3.925110878811e-02,4.458173967603e-02,2.873517715922e-02,3.256829407659e-02,2.828030286809e-02,2.651260214841e-02
478.40000000,3.402269563640e+13,1.497796621309e-02,1.701210007068e-02,4.333689934070e-02,4.911780687048e-02,-1.399828042242e-03,-1.312329791277e-03
478.60000000,1.284824975003e+13,1.144187003608e-02,1.299577227510e-02,-7.909880009926e-03,-8.965015139681e-03,2.931931101188e-02,2.748666560430e-02
478.80000000,3.134980004373e+13,8.042173024297e-01,9.134367799246e-01,7.545566450132e-01,8.552104125223e-01,1.003508427977e+00,9.407827005115e-01
479.00000000,-1.449312050519e+13,1.770071250006e+03,2.010461821646e+03,1.770028486969e+03,2.006140695362e+03,2.144843113653e+03,2.010776631646e+03
479.20000000,2.311097355901e+13,1.499293587767e+06,1.702910274168e+06,1.499293555084e+06,1.699291190674e+06,1.816721473447e+06,1.703164703173e+06
479.40000000,4.780023317078e+13,5.037525311899e+08,5.721663642137e+08,5.037525311642e+08,5.709503889911e+08,6.104061579020e+08,5.722518492423e+08
479.60000000,4.724259960662e+13,6.750841791309e+10,7.667662917726e+10,6.750841791309e+10,7.651367503518e+10,8.180118501771e+10,7.668808512267e+10
479.80000000,7.580455307295e+12,3.629999075364e+12,4.122983497759e+12,3.629999075364e+12,4.114221281085e+12,4.398536288621e+12,4.123599496069e+12
480.00000000,8.377091311295e+13,7.883898857460e+13,8.954598668609e+13,7.883898857460e+13,8.935568242268e+13,9.553064477538e+13,8.955936539026e+13
480.20000000,6.728053327882e+14,6.964057604378e+14,7.909835232510e+14,6.964057604378e+14,7.893025150636e+14,8.438476003146e+14,7.911017009042e+14
480.40000000,2.480323277861e+15,2.518434546061e+15,2.860459151096e+15,2.518434546061e+15,2.854380067131e+15,3.051633212952e+15,2.860886520743e+15
480.60000000,3.988673998413e+15,3.745598468861e+15,4.254282261710e+15,3.745598468861e+15,4.245241007242e+15,4.538610188613e+15,4.254917876894e+15
480.80000000,3.007955190880e+15,2.294575700450e+15,2.606198390385e+15,2.294575700450e+15,2.600659664605e+15,2.780379373016e+15,2.606587789468e+15
481.00000000,1.100062618130e+15,5.780237489947e+14,6.565242384198e+14,5.780237489947e+14,6.551289848051e+14,7.004042766700e+14,6.566245070646e+14
481.20000000,2.109560744633e+14,6.571602713462e+13,7.464081664736e+13,6.571602713462e+13,7.448218903982e+13,7.974554364204e+13,7.476093454698e+13
481.40000000,1.396631559891e+14,1.270375167465e+14,1.442902805945e+14,1.270375167465e+14,1.439836330653e+14,1.562817724040e+14,1.465131570238e+14
481.60000000,9.749535829857e+14,1.024076427191e+15,1.163154624035e+15,1.024076427191e+15,1.160682673117e+15,1.260198907548e+15,1.181428375061e+15
481.80000000,3.423400598766e+15,3.448694342496e+15,3.917056056412e+15,3.448694342496e+15,3.908731479341e+15,4.243866438310e+15,3.978597505646e+15
482.00000000,5.226732339531e+15,4.777750767428e+15,5.426609528416e+15,4.777750767428e+15,5.415076829215e+15,5.879365970001e+15,5.511867803347e+15
482.20000000,3.772329327418e+15,2.726286294291e+15,3.096538915895e+15,2.726286294291e+15,3.089958112228e+15,3.354891379526e+15,3.145189102514e+15
482.40000000,1.235323689090e+15,6.393865134395e+14,7.262205826695e+14,6.393865134395e+14,7.246772095026e+14,7.868110941305e+14,7.376303429966e+14
482.60000000,2.367485235222e+14,6.132457014726e+13,6.965296284516e+13,6.132457014726e+13,6.950493548760e+13,7.546429447672e+13,7.074729097506e+13
482.80000000,2.180978087045e+13,2.389521837080e+12,2.714039011381e+12,2.389521837080e+12,2.708271101349e+12,2.940478492372e+12,2.756679684721e+12
483.00000000,6.608322521075e+12,3.756183161284e+10,4.266304444439e+10,3.756183161285e+10,4.257237640277e+10,4.622253552057e+10,4.333332992450e+10
483.20000000,1.425259945095e+13,2.366391212036e+08,2.687767052802e+08,2.366391211935e+08,2.682054976155e+08,2.912014594312e+08,2.729994963261e+08
483.40000000,2.970000696358e+13,5.940024481465e+05,6.746729793839e+05,5.940024450057e+05,6.732391522755e+05,7.309627360936e+05,6.852728663394e+05
483.60000000,8.241512826823e+12,5.909223698290e+02,6.711746005107e+02,5.909006393936e+02,6.697235826035e+02,7.271720617707e+02,6.817191335287e+02
483.80000000,-1.024944598844e+13,2.535463354583e-01,2.879800615120e-01,2.265997244259e-01,2.568268997225e-01,3.400472400312e-01,3.187921016498e-01
484.00000000,4.477041919176e+12,-1.703138162187e-02,-1.934438657231e-02,-3.069191647874e-02,-3.478605181778e-02,-4.829143710965e-02,-4.527291186502e-02
484.20000000,2.358278368364e+13,1.073627037509e-02,1.219434624223e-02,2.325458499642e-02,2.635662061855e-02,-1.152236680373e-02,-1.080214481083e-02
484.40000000,1.404401819329e+13,1.700742741938e-02,1.931717918754e-02,3.529948766926e-02,4.000824803674e-02,-1.576821938951e-02,-1.478260431696e-02
484.60000000,1.758223651658e+13,9.959095166816e-03,1.131162410042e-02,2.424332383328e-02,2.747725185828e-02,-2.475874099392e-02,-2.321116052855e-02
484.80000000,3.241906085544e+13,-4.040472917563e-02,-4.589203142037e-02,-3.155974428654e-02,-3.576964315240e-02,-6.005826119930e-02,-5.630423380999e-02
485.00000000,1.506688031216e+13,9.110176862792e-03,1.034741554671e-02,1.278201449547e-02,1.448706596354e-02,3.326712707919e-02,3.118771779019e-02
485.20000000,-1.519008803560e+13,6.390258412181e-03,7.258109281253e-03,4.645868030310e-03,5.265601649636e-03,2.913049441718e-02,2.730965126051e-02
485.40000000,1.524771297149e+10,6.984706583515e-03,7.933288516783e-03,-8.781095289307e-03,-9.952445816224e-03,2.810803795283e-02,2.635110489770e-02
485.60000000,-2.018116451189e+13,2.452219699298e-02,2.785251770917e-02,1.463633340761e-02,1.658874097003e-02,2.128353867391e-02,1.995318069272e-02
485.80000000,-1.830402544715e+12,-8.869296929005e-03,-1.007382209081e-02,-2.255926085565e-02,-2.556854400536e-02,1.318972251526e-03,1.236528007236e-03
486.00000000,2.914822366043e+13,-7.824217987453e-02,-8.886812634215e-02,-9.193660220978e-02,-1.042004467409e-01,-8.791236558840e-02,-8.241727762402e-02
486.20000000,8.697077171651e+12,-6.080822188176e-02,-6.906649013992e-02,-5.519059538783e-02,-6.255272173523e-02,-4.714871892941e-02,-4.420162091663e-02
486.40000000,7.385116790558e+12,-3.486916849571e-02,-3.960469501606e-02,-4.381826332555e-02,-4.966338220240e-02,-2.979038664674e-02,-2.792829598383e-02
486.60000000,2.639000472317e+13,-6.427748016646e-02,-7.300690289494e-02,-1.196501001669e-01,-1.356107751464e-01,-9.367677997058e-02,-8.782137905271e-02
486.80000000,-9.351629987624e+12,-1.760882195987e-02,-2.000024816763e-02,-4.265718177334e-02,-4.834741866301e-02,-2.711955133037e-02,-2.542440504330e-02
487.00000000,1.387361660211e+12,-3.417359369154e-02,-3.881465529993e-02,-1.455392405665e-02,-1.649533865822e-02,-4.272688282250e-02,-4.005617799069e-02
487.20000000,-7.325178464945e+11,-2.508407167855e-03,-2.849069970545e-03,-6.496990842936e-02,-7.363654214249e-02,-2.528336651967e-02,-2.370299358656e-02
487.40000000,-7.011811046896e+12,-1.411878814005e-02,-1.603623838497e-02,-6.952040657957e-02,-7.879405208683e-02,-1.185412942914e-02,-1.111317013953e-02
487.60000000,-6.835102071001e+12,-2.424211637986e-02,-2.753439979179e-02,-5.635927985471e-02,-6.387730237690e-02,-4.945832185097e-02,-4.636685880908e-02
487.80000000,2.265520042065e+13,-1.111221535543e-02,-1.262134771464e-02,-3.655906357869e-02,-4.143584454684e-02,-6.328571060917e-02,-5.932994688517e-02
488.00000000,-1.302765983782e+13,1.384581435852e-02,1.572619246673e-02,3.183421905166e-03,3.608073136381e-03,-3.319206438309e-02,-3.111734699511e-02
488.20000000,1.630083348738e+13,8.380774801799e-02,9.518954547609e-02,3.861260863436e-02,4.376332138481e-02,-1.381607516648e-02,-1.295248165658e-02
488.40000000,6.800720495085e+12,1.367644599618e-01,1.553382245547e-01,1.059790019368e-01,1.201160264959e-01,5.868298620628e-02,5.501492234453e-02
488.60000000,-1.387013561323e+13,2.275808409226e-03,2.584882343079e-03,-9.256991505401e-03,-1.049182400867e-02,1.578568611016e-02,1.479897925529e-02
488.80000000,7.917869430677e+11,-1.313361742265e-02,-1.491727319353e-02,-1.228448022715e-02,-1.392316331996e-02,-1.986417308927e-02,-1.862253458103e-02
489.00000000,-2.030890750147e+12,-3.675395097232e-02,-4.174544681422e-02,-2.986360251501e-02,-3.384724525992e-02,-5.505810542487e-02,-5.161661991328e-02
489.20000000,-6.943562024382e+12,-2.450024176306e-02,-2.782758077427e-02,1.156870229339e-02,1.311190448864e-02,-5.984187525488e-02,-5.610137337806e-02
489.40000000,2.644447069678e+13,8.857083099036e-03,1.005994951994e-02,4.430327928160e-02,5.021309665870e-02,-2.113490933425e-02,-1.981384164220e-02
489.60000000,-5.926995461225e+11,8.441255894924e-03,9.587649482154e-03,5.102773088832e-02,5.783455367001e-02,-1.474995879091e-02,-1.382799155132e-02
489.80000000,1.908006693720e+13,1.559147285038e-02,1.770892607222e-02,4.244046847104e-02,4.810179698056e-02,-3.323041335413e-03,-3.115329890894e-03
490.00000000,-1.047563554202e+13,2.201907854508e-02,2.500945471126e-02,4.163104365269e-02,4.718439927771e-02,3.091915835252e-02,2.898651220207e-02
490.20000000,4.513995926539e+13,2.903864825742e-02,3.298234106314e-02,4.385992062883e-02,4.971059636420e-02,7.857905308420e-02,7.366735714739e-02
490.40000000,-5.317110012060e+11,-2.388913400827e-02,-2.713347944365e-02,-5.026667105278e-03,-5.697197257658e-03,1.790052648278e-03,1.678162851009e-03
490.60000000,-9.752550053167e+12,-1.643682485588e-02,-1.866908399407e-02,5.286460248266e-03,5.991645398105e-03,-1.782272069039e-02,-1.670868607987e-02
490.80000000,1.021222160366e+13,1.903882251094e-02,2.162445482758e-02,2.988122913897e-02,3.386722317999e-02,1.094255841245e-02,1.025857817111e-02
491.00000000,2.814179030263e+12,5.048977804020e-03,5.734671479066e-03,3.634927941759e-02,4.119807631548e-02,-2.189953367411e-02,-2.053067204569e-02
491.20000000,-4.343281645437e+11,2.757284067458e-02,3.131746447518e-02,2.515720431793e-02,2.851303904727e-02,-1.356912164199e-02,-1.272096431483e-02
491.40000000,7.268063821742e+12,1.177948274289e-01,1.337923562865e-01,8.868941383483e-02,1.005201010333e-01,1.165600774276e-01,1.092743233211e-01
491.60000000,-6.820478190154e+12,9.701327844020e-02,1.101884980597e-01,4.913531333401e-02,5.568969786895e-02,9.982814629473e-02,9.358824543961e-02
491.80000000,-1.647970974849e+13,8.252473089551e-02,9.373228383125e-02,5.618334875883e-02,6.367790302619e-02,1.057619799898e-01,9.915117638508e-02
492.00000000,6.994917149275e+12,3.696690485181e-02,4.198732162265e-02,1.745374619458e-02,1.978198135525e-02,3.178123660987e-02,2.979470502675e-02
492.20000000,-1.223506256148e+13,2.636356339219e-02,2.994395716126e-02,1.918656611581e-02,2.174595006382e-02,3.600677523570e-03,3.375612032602e-03
492.40000000,1.388063810340e+13,4.905207838353e-03,5.571376342177e-03,1.744030748717e-02,1.976674999709e-02,-2.556643013713e-02,-2.396836390836e-02
492.60000000,1.251412877176e+13,3.510495183688e-02,3.987249971918e-02,2.879894977970e-02,3.264057361906e-02,1.045525677228e-03,9.801736015911e-04
492.80000000,-1.012074020134e+13,-4.742585734099e-03,-5.386668787631e-03,-1.334341314700e-02,-1.512335215297e-02,-4.842381020564e-02,-4.539701079159e-02
493.00000000,1.801035846291e+13,1.344057541667e-02,1.526591866632e-02,3.990569782920e-03,4.522890167100e-03,2.234612555551e-02,2.094934906373e-02
493.20000000,3.253420841018e+13,2.985428441719e-02,3.390874747733e-02,6.075069566608e-03,6.885450926046e-03,2.883422806040e-02,2.703190345548e-02
493.40000000,1.213300902484e+13,4.886244908646e-02,5.549838087034e-02,-1.015998883701e-02,-1.151527629098e-02,6.797965388632e-02,6.373048853406e-02
493.60000000,8.910025666140e+12,1.400000613867e-02,1.590132478821e-02,-2.507244553941e-02,-2.841697390700e-02,4.385676186430e-03,4.111543232933e-03
493.80000000,1.745490591476e+13,3.039640907212e-02,3.452449722261e-02,-2.171005035246e-02,-2.460605342291e-02,-8.023162478356e-03,-7.521663249254e-03
494.00000000,2.286018733506e+12,1.721428981443e-02,1.955213523668e-02,-1.925786017104e-02,-2.182675435968e-02,-2.396753025344e-02,-2.246940554539e-02
494.20000000,1.835039339764e+13,2.621808698853e-02,2.977872383774e-02,-1.536311706272e-02,-1.741247362629e-02,-2.967525284509e-03,-2.782035878488e-03
494.40000000,-2.176165084577e+12,-5.725600553047e-02,-6.503185291474e-02,-8.072021970045e-02,-9.148785958634e-02,-1.036668093557e-01,-9.718696738373e-02
494.60000000,-5.081161237425e+10,-2.188801162734e-02,-2.486058780310e-02,-7.955326395740e-02,-9.016523827090e-02,-1.131261590145e-01,-1.060550468826e-01
494.80000000,1.736843053994e+13,-5.140131591709e-02,-5.838204718220e-02,-1.236766226217e-01,-1.401744138769e-01,-1.102613628205e-01,-1.033693188661e-01
495.00000000,-8.585862695911e+12,-3.134682540157e-02,-3.560398808774e-02,-1.148522352121e-01,-1.301729010062e-01,-7.739183637448e-02,-7.255434911366e-02
495.20000000,6.851626852850e+12,-3.467532612245e-03,-3.938452721724e-03,-7.540229620759e-02,-8.546055391732e-02,-6.926750890676e-02,-6.493784433718e-02
495.40000000,3.378092922261e+13,4.716299326151e-02,5.356812464273e-02,-2.034163261446e-02,-2.305509617410e-02,-5.388577872438e-03,-5.051757116748e-03
495.60000000,3.221776830492e+13,4.725485873908e-02,5.367246622525e-02,-5.162226811214e-03,-5.850839893769e-03,2.219383978983e-02,2.080658213733e-02
495.80000000,-4.273356194302e+12,3.830926196120e-02,4.351198212399e-02,5.883040929917e-03,6.667806709822e-03,2.071105955916e-02,1.941648520262e-02
496.00000000,8.078620442517e+12,-3.051409602456e-02,-3.465816705358e-02,-4.003147007448e-02,-4.537145125224e-02,-3.623692837266e-02,-3.397188741245e-02
496.20000000,1.975417812367e+13,-4.050627865601e-02,-4.600737217478e-02,-2.010419471164e-02,-2.278598534173e-02,-3.758663218276e-02,-3.523722605830e-02
496.40000000,-1.292195863124e+13,-3.006639311929e-02,-3.414966232617e-02,-3.949820956877e-02,-4.476705668480e-02,-7.350025599189e-02,-6.890601752070e-02
496.60000000,1.335698000511e+13,-4.422962226477e-02,-5.023637717909e-02,-3.971071896655e-02,-4.500791368465e-02,-4.169348312827e-02,-3.908737242021e-02
496.80000000,1.522109381059e+13,-5.973438022046e-03,-6.784681174419e-03,-1.075288361485e-02,-1.218726001929e-02,-4.373350839857e-02,-4.099988299750e-02
497.00000000,1.014880298421e+13,1.469831508129e-02,1.669446996180e-02,2.853382570433e-02,3.234008342875e-02,1.437668686732e-02,1.347805152241e-02
497.20000000,7.474426499329e+11,4.944869380936e-03,5.616424256012e-03,6.895518201572e-03,7.815342962911e-03,-4.105876401286e-03,-3.849232732958e-03
497.40000000,1.263437290434e+13,1.640603872436e-02,1.863411684681e-02,2.580000068886e-03,2.924158097079e-03,-1.313227094640e-02,-1.231141959586e-02
497.60000000,1.086457558189e+13,-7.395006295366e-03,-8.399310382347e-03,-3.849945485033e-02,-4.363507349917e-02,-1.987823604081e-02,-1.863571850770e-02
497.80000000,-1.195287163540e+13,-5.410640641975e-02,-6.145451173959e-02,-4.833277820571e-02,-5.478010890346e-02,-5.649450060985e-02,-5.296323116582e-02
498.00000000,2.012138190500e+13,-4.536610210627e-02,-5.152720054703e-02,-3.038330563350e-02,-3.443627395815e-02,-6.208589751876e-02,-5.820512982551e-02
498.20000000,3.469151957471e+13,5.203024678555e-03,5.909639215532e-03,-7.036945237643e-03,-7.975635599201e-03,-1.095728402054e-02,-1.027238333404e-02
498.40000000,1.085548335786e+13,2.312355229151e-02,2.626392528706e-02,3.017796598748e-02,3.420354311608e-02,-8.329143218291e-03,-7.808518226048e-03
498.60000000,4.352135156881e+12,2.079861419722e-02,2.362324103424e-02,1.913652650612e-02,2.168923544137e-02,-6.657529225957e-03,-6.241390853645e-03
498.80000000,1.768533727655e+13,1.325671508621e-02,1.505708855572e-02,-3.080166612042e-03,-3.491044146693e-03,-1.001691098465e-02,-9.390789657760e-03
499.00000000,2.128830642395e+13,-1.328908474688e-02,-1.509385428871e-02,-3.340552466194e-02,-3.786164062760e-02,-3.386209544957e-02,-3.174549681287e-02
499.20000000,7.944194753690e+12,-2.546571165777e-02,-2.892416960551e-02,-6.120913710861e-02,-6.937410430713e-02,-3.554689013577e-02,-3.332498100105e-02
499.40000000,2.295889143529e+13,-5.696407425716e-02,-6.470027491779e-02,-5.598223822315e-02,-6.344996543487e-02,-4.701851431055e-02,-4.407955492342e-02
499.60000000,2.637049942149e+13,-5.605941833098e-02,-6.367275910378e-02,-2.760603341764e-02,-3.128852867870e-02,-4.668625614916e-02,-4.376806503292e-02
499.80000000,2.400623925819e+13,1.050946813711e-02,1.193674235170e-02,-1.398454701957e-02,-1.585000980984e-02,-1.331839763130e-02,-1.248591216650e-02
500.00000000,2.679235828285e+13,3.587660322856e-02,4.074894786362e-02,2.395302855826e-02,2.714823276668e-02,2.817579478849e-02,2.641462649558e-02
500.20000000,-3.018139107488e+12,1.744016023816e-02,1.980868076475e-02,8.329273455751e-03,9.440353398490e-03,1.639273537555e-03,1.536808403939e-03
500.40000000,6.343492590456e+12,-1.442713860938e-02,-1.638646544294e-02,-2.392789277720e-02,-2.711974400864e-02,-2.005864489632e-05,-1.880485064972e-05
500.60000000,3.560214998554e+13,-5.749841612803e-03,-6.530718491143e-03,-2.797519578091e-02,-3.170693530075e-02,-1.307600074642e-02,-1.225866664509e-02
500.80000000,1.104879024708e+13,1.604337892754e-04,1.822220479769e-04,-2.657992021698e-02,-3.012553753757e-02,-8.219758396796e-03,-7.705970659041e-03
501.00000000,1.290902849666e+13,1.002778124209e-01,1.138963832274e-01,5.111582645148e-02,5.793440070391e-02,4.049819728007e-02,3.796679962101e-02
501.20000000,1.054576997485e+13,1.024530451511e-01,1.163670308679e-01,9.885020678487e-02,1.120362887016e-01,6.141753161402e-02,5.757854108617e-02
501.40000000,2.705948501498e+13,9.420760530502e-02,1.070017909018e-01,5.188172046965e-02,5.880246083372e-02,3.956991713886e-02,3.709654295576e-02
501.60000000,1.692725074908e+13,3.091748946660e-02,3.511634471977e-02,9.936073454450e-03,1.126149180978e-02,2.240022535154e-02,2.100006727475e-02
501.80000000,2.689734369155e+13,1.058560586869e-02,1.202322022796e-02,1.008848453142e-02,1.143423369851e-02,2.724529677521e-02,2.554229058952e-02
502.00000000,3.266733321937e+13,3.752193496473e-02,4.261772949572e-02,1.459925457894e-02,1.654671602654e-02,4.985588800857e-02,4.673957452621e-02
502.20000000,1.078636354448e+12,4.573661925026e-02,5.194803703722e-02,1.630066861604e-02,1.847508947624e-02,2.119151020753e-02,1.986690459706e-02
502.40000000,-4.264572874370e+12,3.054221902637e-02,3.469010939570e-02,-2.090333307537e-03,-2.369172443265e-03,-2.160270883456e-02,-2.025240066665e-02
502.60000000,1.249233577125e+13,2.624501259536e-02,2.980930616857e-02,1.725577853722e-02,1.955760588518e-02,1.246490049071e-02,1.168576408362e-02
502.80000000,1.806777436756e+13,1.196722704888e-02,1.359247719134e-02,5.480655908175e-03,6.211745706701e-03,-6.355914371425e-03,-5.958628866351e-03
503.00000000,1.843955788259e+13,-2.340662168873e-02,-2.658543789057e-02,-6.891154989147e-03,-7.810397721591e-03,-1.056795195240e-02,-9.907387022848e-03
503.20000000,1.875142023207e+13,-1.536669073437e-02,-1.745361665323e-02,-5.473923278087e-03,-6.204114980242e-03,9.089629538603e-03,8.521469262811e-03
503.40000000,1.293736625543e+13,-3.846115912402e-02,-4.368450819980e-02,-3.241228091391e-02,-3.673590354597e-02,-6.547750818128e-03,-6.138474301979e-03
503.60000000,-6.500271659046e+12,-1.984299424635e-02,-2.253783985209e-02,-3.085863593346e-02,-3.497501074431e-02,-5.891167336590e-03,-5.522931508663e-03
503.80000000,1.479029596217e+13,-2.460374095920e-02,-2.794513603223e-02,2.198242765220e-03,2.491476437843e-03,1.463841629084e-02,1.372342117452e-02
504.00000000,1.468707188894e+12,-5.863899967546e-03,-6.660266930308e-03,2.997995223086e-02,3.397911539737e-02,2.370914250069e-02,2.222716868814e-02
504.20000000,-1.263271068574e+13,-1.619235634319e-02,-1.839141460004e-02,3.858777833797e-02,4.373517886143e-02,-2.844613887432e-03,-2.666807233823e-03
504.40000000,2.094603439809e+13,-4.570954487988e-02,-5.191728573951e-02,-1.190372498864e-02,-1.349161739594e-02,-8.176847020980e-03,-7.665741520055e-03
504.60000000,2.261689456838e+13,-4.814092169232e-02,-5.467886398413e-02,-4.445003830921e-02,-5.037943254530e-02,-2.893562936393e-02,-2.712696652571e-02
504.80000000,6.084766669465e+11,-5.292354519376e-03,-6.011100800483e-03,-3.036395179196e-02,-3.441433841902e-02,-6.602173821308e-03,-6.189495517620e-03
505.00000000,-3.567737872558e+12,2.645371331536e-02,3.004635020265e-02,-5.779858062598e-03,-6.550859807149e-03,4.534035695821e-02,4.250629319307e-02
505.20000000,-1.057565343439e+13,4.994899764055e-02,5.673249186184e-02,1.828487930537e-02,2.072398311911e-02,5.887918450029e-02,5.519885698397e-02
505.40000000,1.020597401557e+13,1.900762666131e-02,2.158902231905e-02,-5.149693856982e-03,-5.836635111358e-03,3.414052460514e-02,3.200652235643e-02
505.60000000,1.044659252710e+13,-4.628509606640e-03,-5.257100162065e-03,-2.339275644711e-02,-2.651322339202e-02,1.677432147512e-02,1.572581855483e-02
505.80000000,9.554837326777e+12,-5.142255837846e-02,-5.840617454859e-02,-4.171017581514e-02,-4.727408724181e-02,-4.525964285367e-02,-4.243062423891e-02
506.00000000,-2.897769046787e+12,-7.681974523373e-02,-8.725251310676e-02,-7.842291743613e-02,-8.888410964903e-02,-8.340527818918e-02,-7.819191215954e-02
506.20000000,-2.698461218096e+12,-3.112331410799e-02,-3.535012207956e-02,-1.056770618952e-01,-1.197738092889e-01,-1.151411531260e-01,-1.079440909094e-01
506.40000000,5.746062175204e+11,-3.935594406513e-02,-4.470081246591e-02,-6.153108703611e-02,-6.973900061032e-02,-4.173870821862e-02,-3.912977065170e-02
506.60000000,1.621442650324e+13,1.262197132006e-02,1.433614124449e-02,-1.790141820806e-02,-2.028937038939e-02,3.400222047137e-03,3.187686312007e-03
506.80000000,1.141434990860e+12,2.975903839295e-02,3.380056624147e-02,1.076030396859e-02,1.219567020801e-02,3.455480023573e-02,3.239490309707e-02
507.00000000,2.620180892876e+13,1.168308197895e-02,1.326974282971e-02,-1.883500741777e-03,-2.134749534056e-03,-4.244558829942e-03,-3.979246618350e-03
507.20000000,3.477439000724e+13,-4.241088844254e-02,-4.817064399841e-02,-4.623884906296e-02,-5.240686096005e-02,-4.683948984606e-02,-4.391172063876e-02
507.40000000,2.397976786629e+13,-1.285094492302e-01,-1.459621138964e-01,-1.005785272157e-01,-1.139951577121e-01,-6.009503457585e-02,-5.633870861412e-02
507.60000000,9.520797887946e+12,-1.271477580160e-01,-1.444154935561e-01,-1.447928850840e-01,-1.641074713229e-01,-1.559382374362e-01,-1.461910951999e-01
507.80000000,-4.742261728279e+12,6.404911674978e-02,7.274752580451e-02,-2.571463292418e-02,-2.914482560890e-02,-4.928626520171e-02,-4.620555680641e-02
508.00000000,1.720874932806e+13,2.520703882839e-02,2.863036682906e-02,-5.832979388769e-03,-6.611067230367e-03,-6.690421901656e-03,-6.272227525673e-03
508.20000000,7.263341631847e+12,-1.370922780501e-02,-1.557105630981e-02,-9.217759358970e-04,-1.044735850650e-03,-4.177301656946e-02,-3.916193451007e-02
508.40000000,4.447188099325e+13,-1.385264816386e-02,-1.573395436034e-02,-3.046666177188e-02,-3.453074935368e-02,-8.818907201329e-02,-8.267668811864e-02
508.60000000,7.342477653774e+12,-2.507766833534e-02,-2.848342673435e-02,-3.221360504435e-02,-3.651072539203e-02,-9.088864948564e-02,-8.520752464564e-02
508.80000000,4.169591018036e+13,-3.783285489786e-02,-4.297087497229e-02,-2.968525703540e-02,-3.364510945978e-02,-7.311369364510e-02,-6.854361780547e-02
509.00000000,-1.265964880764e+13,-9.960927613221e-04,-1.131370540846e-03,-2.494087046277e-02,-2.826784742815e-02,-3.911310354480e-02,-3.666828314780e-02
509.20000000,2.381703157544e+13,3.861862399983e-02,4.386335813088e-02,-2.968489808890e-03,-3.364470263176e-03,2.866151952297e-02,2.686999031184e-02
509.40000000,3.520155544124e+13,5.105019571541e-02,5.798324190231e-02,7.057227513987e-03,7.998623421301e-03,2.540114334631e-02,2.381340860445e-02
509.60000000,5.707375549233e+12,9.110065455116e-03,1.034728900893e-02,-7.700051565532e-03,-8.727196717863e-03,-2.866183943313e-02,-2.687029022556e-02
509.80000000,2.724706193545e+13,-2.517956627230e-02,-2.859916326866e-02,-3.770638500026e-02,-4.273621242874e-02,-6.605520767231e-02,-6.192633257908e-02
510.00000000,1.339905557450e+13,-1.113416230714e-02,-1.264627524708e-02,-3.361034398153e-02,-3.809378173452e-02,-6.538525638280e-02,-6.129825755173e-02
510.20000000,1.556414417310e+13,-2.389279268449e-02,-2.713763499888e-02,-3.257863395320e-02,-3.692444717923e-02,-6.871834809162e-02,-6.442300960308e-02
510.40000000,-2.318554273676e+12,-1.993761115005e-03,-2.264530652756e-03,1.339054291241e-02,1.517676877370e-02,-1.405692630474e-02,-1.317827805046e-02
510.60000000,1.324094421222e+13,1.024804242563e-01,1.163981282859e-01,8.170356589380e-02,9.260237883314e-02,1.003038177333e-01,9.403418435558e-02
510.80000000,2.386343522050e+13,1.112034628896e-01,1.263058289737e-01,8.819719438906e-02,9.996222218075e-02,1.312196811690e-01,1.230176075943e-01
511.00000000,2.869664319997e+13,4.789381867077e-02,5.439820229278e-02,2.334372470915e-02,2.645765108592e-02,3.947531545647e-02,3.700785448664e-02
511.20000000,1.580701609892e+13,1.643968268627e-02,1.867232994187e-02,7.335423031350e-03,8.313928713141e-03,1.375901812082e-02,1.289899104305e-02
511.40000000,1.281762735994e+13,-1.320301735413e-02,-1.499609821974e-02,-2.373856888613e-02,-2.690516533645e-02,-8.263778615873e-03,-7.747239331456e-03
511.60000000,2.124353586545e+13,-2.527395686171e-02,-2.870637289445e-02,-2.048274387193e-02,-2.321503090864e-02,-3.045474484714e-02,-2.855112752610e-02
511.80000000,-1.213846660038e+13,-1.988401583935e-02,-2.258443252264e-02,-1.510328115001e-02,-1.711797701088e-02,9.699005947041e-03,9.092755728551e-03
512.00000000,3.093342191109e+13,2.998384672284e-02,3.405590543441e-02,2.673857513618e-02,3.030535616325e-02,5.909752435799e-02,5.540354919704e-02
512.20000000,3.092834025170e+13,4.130477766509e-02,4.691431406899e-02,-6.031315374129e-03,-6.835860161394e-03,5.751526171677e-02,5.392018814194e-02
512.40000000,1.638819193189e+13,2.722395909957e-02,3.092120184630e-02,2.705054002125e-03,3.065893547346e-03,8.007964490966e-02,7.507415233772e-02
512.60000000,1.415803191389e+13,-2.319368479611e-02,-2.634358237598e-02,-5.453769327909e-02,-6.181272602325e-02,2.998166566363e-02,2.810761883258e-02
512.80000000,8.854079398251e+12,-1.182247070325e-02,-1.342806171579e-02,-5.978777710822e-02,-6.776314258503e-02,-3.176668535007e-02,-2.978106331423e-02
513.00000000,3.205303516404e+12,1.070639932881e-02,1.216041845649e-02,-1.647511049353e-02,-1.867280095489e-02,1.041862700676e-03,9.767395846201e-04
513.20000000,4.145996983480e+12,1.037894067373e-02,1.178848816035e-02,-2.279066729047e-03,-2.583081880459e-03,2.357768781097e-02,2.210393076154e-02
513.40000000,3.897521180277e+12,8.684979658720e-03,9.864472984111e-03,-4.737830089654e-03,-5.369830949354e-03,3.065425166930e-02,2.873816388941e-02
513.60000000,3.794314742073e+13,5.151020093531e-02,5.850571970221e-02,3.230439693853e-02,3.661362843289e-02,5.761525364904e-02,5.401392993568e-02
513.80000000,3.374564101931e+13,3.664328674903e-02,4.161975345813e-02,3.349338577680e-02,3.796122193907e-02,6.180266437815e-02,5.793960057686e-02
514.00000000,1.789499346865e+13,1.639310448929e-02,1.861942603377e-02,1.010726998607e-03,1.145552503102e-03,2.329924940709e-02,2.184289654775e-02
514.20000000,9.787305689549e+12,-1.719712485841e-02,-1.953263913518e-02,-9.584522543919e-03,-1.086304591284e-02,-3.257991835755e-02,-3.054346403114e-02
514.40000000,2.238465181535e+13,2.328074438285e-02,2.644246538725e-02,-6.142980238557e-04,-6.962420513621e-04,-4.105512803005e-03,-3.848891861907e-03
514.60000000,4.773436970519e+12,2.940470720507e-02,3.339811389643e-02,1.707241499212e-02,1.934978263681e-02,9.946419757275e-03,9.324704585228e-03
514.80000000,-2.765416764569e+12,5.563141918225e-03,6.318663406886e-03,1.532711981469e-02,1.737167454045e-02,3.614226944071e-02,3.388314527223e-02
515.00000000,-2.474966745291e+13,-9.098390224098e-03,-1.033402818329e-02,1.016153886777e-02,1.151703308745e-02,1.071327347090e-02,1.004362501229e-02
515.20000000,7.609963501668e+11,-1.921104772888e-02,-2.182006967946e-02,-7.771676653439e-03,-8.808376204361e-03,4.618401344423e-03,4.329721572555e-03
515.40000000,2.760533794469e+13,-4.763802610203e-02,-5.410767094060e-02,-2.196041170912e-02,-2.488981162785e-02,-4.282905071442e-02,-4.015195973261e-02
515.60000000,9.951305755444e+12,-9.941631353068e-02,-1.129178855380e-01,-9.725113245600e-02,-1.102239065226e-01,-1.324920982733e-01,-1.242104904503e-01
515.80000000,1.180868021481e+13,-3.808868027004e-02,-4.326144358289e-02,-1.071737069118e-02,-1.214700986404e-02,-4.099104330011e-02,-3.842883959671e-02
516.00000000,1.568654881110e+13,5.490298808905e-03,6.235927590315e-03,1.421470849165e-02,1.611087357506e-02,-2.951741811487e-02,-2.767238973988e-02
516.20000000,2.136728954279e+13,-4.664140968008e-03,-5.297570562160e-03,2.715491524070e-03,3.077723378157e-03,-2.135359575204e-02,-2.001885875312e-02
516.40000000,5.716284028824e+11,-9.680728077803e-03,-1.099545241814e-02,-6.715448961459e-03,-7.611253461960e-03,-1.060113512243e-02,-9.938496031440e-03
516.60000000,2.649748217987e+13,-2.269030122935e-02,-2.577183508466e-02,-7.803431812401e-03,-8.844367329447e-03,-2.053223725755e-02,-1.924884044436e-02
516.80000000,-2.034916618280e+13,-3.282102939776e-02,-3.727840139266e-02,-2.032203531662e-02,-2.303288470293e-02,-1.526042031060e-02,-1.430654594470e-02
517.00000000,3.545609356739e+13,-2.320670769553e-02,-2.635837389473e-02,4.771797676549e-03,5.408329628272e-03,2.249495030523e-02,2.108887130992e-02
517.20000000,-2.848694568355e+12,-5.756280084148e-02,-6.538031361080e-02,-6.344041730198e-02,-7.190302518700e-02,-4.938066425346e-02,-4.629405531061e-02
517.40000000,1.565009704638e+12,4.124351630467e-03,4.684473290028e-03,1.515069863748e-02,1.717171973422e-02,3.867521286869e-02,3.625776345379e-02
517.60000000,7.121284883295e+12,3.575010923021e-02,4.060527491580e-02,2.491907685761e-02,2.824314667416e-02,7.969070019647e-03,7.470951916931e-03
517.80000000,3.235954729752e+13,2.151283765775e-02,2.443446205119e-02,5.490599925656e-03,6.223016202228e-03,-6.409228086789e-03,-6.008610131795e-03
518.00000000,5.661367695947e+13,1.847246215012e-02,2.098117796360e-02,6.013585788504e-03,6.815765545123e-03,4.667891838142e-03,4.376118592284e-03
518.20000000,-1.231973956142e+13,1.768059312927e-02,2.008176646581e-02,1.265568655049e-02,1.434388655528e-02,-2.772577449013e-03,-2.599273535867e-03
518.40000000,1.832917950694e+13,-1.628448035569e-02,-1.849604982871e-02,-2.584740746505e-02,-2.929531155402e-02,-1.803787538545e-02,-1.691039222344e-02
518.60000000,2.516597514518e+13,2.141291777765e-02,2.432097221051e-02,-1.968043170066e-02,-2.230569464144e-02,4.076224548477e-02,3.821434311557e-02
518.80000000,2.636377455160e+13,7.986447135688e-02,9.071073866007e-02,1.105886477850e-02,1.253405741207e-02,1.153235109578e-01,1.081150502045e-01
519.00000000,-1.140692432066e+12,9.427413264940e-02,1.070773532194e-01,6.903904654310e-02,7.824848122997e-02,9.917610708178e-02,9.297696286889e-02
519.20000000,-3.574155739499e+12,8.434905521961e-02,9.580436675101e-02,3.182571171084e-02,3.607108918982e-02,2.943275235586e-02,2.759301613506e-02
519.40000000,-8.315637444545e+12,4.129602364858e-02,4.690437118337e-02,1.069016044346e-03,1.211616991674e-03,1.473513356984e-02,1.381409300187e-02
519.60000000,2.600381817820e+13,-9.768267266025e-03,-1.109488016481e-02,-2.893535839860e-02,-3.279517840852e-02,9.813402780760e-04,9.200002024803e-04
519.80000000,1.278311246766e+13,7.864010645965e-03,8.932009470626e-03,-2.267571845570e-02,-2.570053641818e-02,2.612096945552e-03,2.448824095468e-03
520.00000000,-6.982099891782e+12,3.458250751009e-02,3.927910305623e-02,1.014984778850e-02,1.150378248155e-02,2.901900501246e-02,2.720513066026e-02
520.20000000,3.826136635394e+13,9.620527868862e-02,1.092707651422e-01,9.564185642488e-02,1.083999617896e-01,1.326641018141e-01,1.243717426641e-01
520.40000000,5.029969596501e+13,1.257064168845e-01,1.427784061695e-01,1.081657924305e-01,1.225945229913e-01,1.989659642382e-01,1.865293124875e-01
520.60000000,3.179712891511e+13,9.950968758525e-02,1.130239405750e-01,6.160795854541e-02,6.982612636239e-02,6.375822930840e-02,5.977293012827e-02
520.80000000,9.150005280475e+12,3.144285677276e-02,3.571306132729e-02,-1.536441816760e-02,-1.741394829151e-02,-2.818673610948e-02,-2.642488391367e-02
521.00000000,1.708087713104e+13,3.893197121028e-02,4.421926052946e-02,-2.559127249703e-02,-2.900500956925e-02,-8.681459023232e-03,-8.138812028438e-03
521.20000000,1.440794333171e+13,4.018261830419e-02,4.563975602344e-02,-1.049450140049e-02,-1.189441101771e-02,1.389044446414e-02,1.302220239507e-02
521.40000000,1.575745909878e+13,5.871489806963e-02,6.668887533791e-02,1.077595345101e-02,1.221340724658e-02,3.770609082763e-02,3.534921776997e-02
521.60000000,5.032034081864e+12,3.548414692054e-02,4.030319268629e-02,-2.290528989065e-03,-2.596073143850e-03,2.538343469478e-02,2.379680685747e-02
521.80000000,-3.355893530563e+13,7.343687649755e-03,8.341022232795e-03,6.448402746340e-03,7.308584728865e-03,-1.191187880160e-03,-1.116730980499e-03
522.00000000,3.605144353307e+13,-7.044986652640e-02,-8.001755126578e-02,-5.888540363091e-02,-6.674039737580e-02,-7.662432700563e-02,-7.183481401403e-02
522.20000000,1.045488205942e+13,4.549520085056e-03,5.167383198722e-03,5.234078585959e-06,5.932276306372e-06,-3.437466237881e-02,-3.222602501416e-02
522.40000000,2.441838409969e+13,3.451444135386e-03,3.920179294318e-03,-1.384740711118e-02,-1.569457618084e-02,-4.513998230185e-02,-4.231844324078e-02
522.60000000,1.915082351194e+13,7.006996374472e-03,7.958605448930e-03,-2.569312060942e-02,-2.912044366793e-02,-2.690795782578e-02,-2.522603749290e-02
522.80000000,1.001679914595e+13,1.010644456599e-02,1.147898478801e-02,-1.777835821619e-02,-2.014989486146e-02,-1.433540022312e-03,-1.343934555887e-03
523.00000000,2.446434990548e+13,-1.882809588189e-02,-2.138510974895e-02,-3.264138671306e-02,-3.699557081720e-02,-6.467227956197e-03,-6.062984636533e-03
523.20000000,2.445672850259e+13,-2.260422725838e-02,-2.567407154410e-02,-3.958830781577e-02,-4.486917354971e-02,-2.737018934950e-02,-2.565937657509e-02
523.40000000,2.190643653186e+13,-2.247793557787e-02,-2.553062839057e-02,-3.043080368088e-03,-3.449010798766e-03,-6.656724253930e-03,-6.240636197544e-03
523.60000000,1.251598054283e+13,3.387775567501e-02,3.847863999116e-02,3.216399457673e-02,3.645449715686e-02,1.342694475678e-02,1.258767439888e-02
523.80000000,3.004561293595e+13,8.158229165472e-03,9.266185341054e-03,2.037497892089e-02,2.309289069710e-02,8.025011317047e-03,7.523396523643e-03
524.00000000,1.365546383986e+13,-7.047533529343e-03,-8.004647890569e-03,3.330317230157e-02,3.774563501700e-02,-5.354185658341e-03,-5.019514637111e-03
524.20000000,1.822870604558e+13,-3.214832019988e-02,-3.651433262458e-02,1.058225235211e-02,1.199386747075e-02,-1.789935117339e-02,-1.678052666509e-02
524.40000000,1.161969101979e+12,-3.108037203947e-02,-3.530134811676e-02,-1.581201259353e-02,-1.792124938835e-02,-1.814771055940e-02,-1.701336199297e-02
524.60000000,1.290283402321e+13,-1.825576613822e-02,-2.073505280969e-02,-2.894535484524e-02,-3.280650832697e-02,-4.619339487434e-02,-4.330601075598e-02
524.80000000,2.191508286234e+13,-1.868916122335e-02,-2.122730659459e-02,-4.803590253116e-02,-5.444363162269e-02,-5.062991020950e-02,-4.746521536404e-02
525.00000000,2.674858681958e+13,4.267855465632e-04,4.847466153658e-04,-2.937134447255e-02,-3.328932266213e-02,-2.395942743719e-02,-2.246180920723e-02
525.20000000,7.061620237845e+12,1.246564301111e-02,1.415858223562e-02,3.418469675353e-02,3.874475005388e-02,1.824746425596e-02,1.710688044227e-02
525.40000000,2.842782513731e+13,-2.336483178582e-03,-2.653797256716e-03,1.591790792730e-02,1.804127058580e-02,-4.071503354745e-02,-3.817008222782e-02
525.60000000,7.786037928430e+12,-1.696116419253e-02,-1.926463302517e-02,5.050986357930e-02,5.724760566828e-02,1.341215384750e-02,1.257380801651e-02
525.80000000,2.866210718568e+13,-1.231876579450e-02,-1.399175785696e-02,3.688833601719e-02,4.180904014432e-02,2.591884329659e-02,2.429874897997e-02
526.00000000,1.444847684477e+12,-3.011566211430e-02,-3.420562246531e-02,1.090490719663e-02,1.235956272306e-02,1.417971206475e-02,1.329338891119e-02
526.20000000,1.066045011849e+13,7.857089065283e-03,8.924147881039e-03,-1.698806329523e-02,-1.925417888065e-02,-3.675811164251e-03,-3.446049337768e-03
526.40000000,2.441659439197e+13,-3.572327754460e-02,-4.057479926148e-02,-3.601071560895e-02,-4.081434992944e-02,-4.090584219164e-02,-3.834896410520e-02
526.60000000,9.750974795205e+12,-5.738222624251e-02,-6.517521546167e-02,-9.427354744182e-02,-1.068491278030e-01,-1.536881800071e-01,-1.440816808238e-01
526.80000000,3.083602137435e+13,-9.535489446172e-02,-1.083048915809e-01,-7.019111577338e-02,-7.955423025252e-02,-6.874489970560e-02,-6.444790157051e-02
527.00000000,2.860711994148e+13,-2.626445450079e-02,-2.983138844837e-02,-2.199164531327e-02,-2.492521162553e-02,-2.928822602779e-02,-2.745752363153e-02
527.20000000,1.661407302578e+13,2.457587416319e-02,2.791348469081e-02,6.024589052847e-02,6.828236585303e-02,5.221448660311e-02,4.895074554714e-02
527.40000000,2.130544403764e+13,2.860796231151e-02,3.249316434138e-02,3.613379814330e-02,4.095385100689e-02,4.763295718980e-02,4.465559117298e-02
527.60000000,-3.799611162189e+12,1.280274084583e-02,1.454146079312e-02,2.169464932639e-02,2.458859798342e-02,3.618955091159e-02,3.392747134724e-02
527.80000000,2.965759240132e+13,2.229711019441e-02,2.532524539832e-02,-1.969598116153e-02,-2.232331831614e-02,-8.676865756581e-04,-8.134505870475e-04
528.00000000,8.522325764147e+12,-9.068891646614e-03,-1.030052345074e-02,-3.768483357129e-02,-4.271178615592e-02,-1.017366374338e-02,-9.537744361441e-03
528.20000000,3.371901126272e+13,-1.586450352935e-02,-1.801903661507e-02,-1.100826777394e-02,-1.247671104128e-02,7.800486599382e-03,7.312906044114e-03
528.40000000,2.716420598038e+13,-1.104726322629e-02,-1.254757453976e-02,-3.225860195951e-03,-3.656172465183e-03,4.631118109174e-02,4.341643457764e-02
528.60000000,6.779901045721e+12,2.961148283313e-02,3.363297139488e-02,2.747142929142e-02,3.113596909147e-02,5.797788392148e-02,5.435389348504e-02
528.80000000,2.245376800648e+13,3.043901524537e-02,3.457288967274e-02,3.299086192283e-02,3.739166412615e-02,3.807582593026e-02,3.569584205196e-02
529.00000000,-9.639018901772e+11,4.360226946935e-02,4.952382459462e-02,1.076725498397e-02,1.220354845118e-02,3.236285786685e-02,3.033997121642e-02
529.20000000,2.072265990983e+13,4.391529038347e-02,4.987935638308e-02,-7.316552164431e-03,-8.292540574835e-03,2.893267122130e-02,2.712419328601e-02
529.40000000,1.712872366582e+13,1.204896258547e-02,1.368531310163e-02,-8.949784141943e-03,-1.014363684768e-02,2.035684358030e-02,1.908440999941e-02
529.60000000,2.166423054592e+13,-2.147538955375e-02,-2.439192817954e-02,4.865094779311e-03,5.514072058966e-03,2.828241363446e-02,2.651458097832e-02
529.80000000,-1.445647724628e+13,-2.422971815531e-02,-2.752031778401e-02,4.736892476905e-02,5.368768264146e-02,2.865468976065e-02,2.686358745357e-02
530.00000000,3.053040523744e+13,2.971643100720e-02,3.375217241418e-02,3.524704532037e-02,3.994881016269e-02,5.439438248091e-02,5.099438391984e-02
530.20000000,1.767019723345e+13,3.288200404671e-02,3.734765691208e-02,2.592304292534e-02,2.938103637484e-02,1.947322200232e-02,1.825602045011e-02
530.40000000,2.119859095549e+13,2.153721758481e-02,2.446215297752e-02,7.823938421338e-03,8.867609408892e-03,-1.311607852624e-02,-1.229623930605e-02
530.60000000,4.449239871468e+12,1.433641541697e-02,1.628342127752e-02,2.510137646794e-02,2.844976406462e-02,-2.832912214418e-03,-2.655836990593e-03
530.80000000,2.239541302923e+13,1.843738823516e-02,2.094134071582e-02,2.874443204867e-03,3.257878351815e-03,1.107265504947e-02,1.038054293203e-02
531.00000000,-8.156081771415e+12,-2.082187329085e-02,-2.364965890852e-02,-1.979694212963e-02,-2.243774693027e-02,-3.353382136467e-02,-3.143774196848e-02
531.20000000,-2.840366271623e+12,-3.201034919027e-02,-3.635762399079e-02,-3.208989760253e-02,-3.637051604784e-02,-3.202713474969e-02,-3.002523295216e-02
531.40000000,2.854980364744e+13,-1.774033032026e-02,-2.014961647005e-02,-3.028541557387e-03,-3.432532589502e-03,-2.450976459843e-03,-2.297774675823e-03
531.60000000,1.067493376020e+13,4.954746806354e-02,5.627643118923e-02,5.531766896034e-02,6.269674623369e-02,4.231687987374e-02,3.967180286179e-02
531.80000000,2.431488634007e+13,5.829168179466e-02,6.620818273126e-02,6.164052690888e-02,6.986303916906e-02,8.443850220379e-02,7.916055303151e-02
532.00000000,5.108835512179e+12,-1.269148441903e-02,-1.441509480728e-02,9.590204036300e-02,1.086948528551e-01,3.998433240010e-02,3.748505459925e-02
532.20000000,1.060200255315e+13,-2.598791228819e-02,-2.951728947608e-02,1.306761695857e-02,1.481076624754e-02,2.454594392433e-02,2.301166464370e-02
532.40000000,1.373158540723e+12,-2.369259518568e-02,-2.691024899499e-02,-1.128073616117e-02,-1.278552523486e-02,2.949608083586e-02,2.765238617797e-02
532.60000000,2.995752082376e+13,-3.025499908373e-02,-3.436388256777e-02,1.998898712101e-04,2.265540968286e-04,1.516796051837e-02,1.421986548383e-02
532.80000000,1.883899510125e+13,-3.215806682552e-03,-3.652540292400e-03,3.955344606946e-02,4.482966143535e-02,4.975631911086e-02,4.664622932465e-02
533.00000000,1.498030973732e+13,9.673802397821e-02,1.098758617254e-01,1.218701544102e-01,1.381269725952e-01,1.581652569380e-01,1.482789116672e-01
533.20000000,2.282003468373e+13,3.891970829453e-02,4.420533220655e-02,1.420588582752e-01,1.610087401534e-01,2.994903222006e-01,2.807702518901e-01
533.40000000,4.880713264195e+13,-6.227279775277e-02,-7.072996773923e-02,-2.387977749169e-02,-2.706521040478e-02,-4.157573459331e-02,-3.897698392559e-02
533.60000000,1.720397661656e+13,-6.095318388008e-02,-6.923113919753e-02,-3.551464329509e-02,-4.025210425712e-02,1.784822206115e-02,1.673259345103e-02
533.80000000,-1.951122769115e+13,-1.115757074069e-02,-1.267286274290e-02,-7.392648625220e-03,-8.378787891127e-03,2.943377197822e-03,2.759397202447e-03
534.00000000,-2.093871282983e+13,-9.236010019802e-03,-1.049033790538e-02,-1.970622171409e-03,-2.233492490291e-03,-2.791833854787e-03,-2.617326292497e-03
534.20000000,1.966864841198e+13,-5.598363841850e-03,-6.358668764145e-03,1.217239631906e-03,1.379612802592e-03,5.590571437863e-03,5.241124785887e-03
534.40000000,2.058569216929e+13,-1.030678465868e-02,-1.170653275123e-02,-1.686014584044e-02,-1.910919793058e-02,4.498399213049e-04,4.217220345789e-04
534.60000000,3.964905082623e+13,2.147565871570e-02,2.439223389594e-02,-1.343177310885e-02,-1.522349885491e-02,2.045582301276e-02,1.917720258108e-02
534.80000000,1.293411853335e+13,1.192567762763e-02,1.354528500903e-02,-1.858211805745e-02,-2.106087190998e-02,2.130208435790e-02,1.997056715224e-02
535.00000000,3.935991502561e+12,2.434705774350e-02,2.765359307574e-02,-3.163455473374e-02,-3.585443290785e-02,3.796351174379e-02,3.559054822412e-02
535.20000000,-7.128937247576e+12,1.231891765669e-02,1.399193034331e-02,-7.720315840758e-03,-8.750164137592e-03,2.167781256251e-02,2.032280992882e-02
535.40000000,2.224681363113e+13,1.038556468133e-02,1.179601176393e-02,-1.717604654139e-02,-1.946723807316e-02,-2.322090529059e-02,-2.176944944214e-02
535.60000000,2.471949007128e+13,8.318268328091e-03,9.447959168753e-03,-1.001167740518e-03,-1.134718091784e-03,-1.417343391347e-02,-1.328750318472e-02
535.80000000,2.029056645451e+13,2.604777265830e-02,2.958527938820e-02,8.189533433194e-03,9.281972814174e-03,3.074366823323e-02,2.882199134331e-02
536.00000000,1.109804149658e+13,1.421924581650e-02,1.615033905929e-02,6.817966393437e-03,7.727446163823e-03,1.954392306880e-02,1.832230224546e-02
536.20000000,3.250767205604e+13,-1.120635904282e-02,-1.272827690703e-02,-8.015557171156e-03,-9.084789061555e-03,1.210339792314e-02,1.134685775032e-02
536.40000000,-3.967026689116e+12,-3.550287563705e-02,-4.032446492010e-02,-3.828861191842e-02,-4.339610526269e-02,-1.038469306844e-02,-9.735582997150e-03
536.60000000,2.743583416040e+12,-4.030822096271e-02,-4.578241657998e-02,-2.649063610315e-02,-3.002434340678e-02,-1.487601240083e-02,-1.394616600033e-02
536.80000000,1.530072754203e+12,-2.144788019588e-02,-2.436068281936e-02,-3.746866401675e-03,-4.246678075422e-03,-7.130789277101e-03,-6.685069109399e-03
537.00000000,-1.397034160260e+13,1.621741813214e-02,1.841987999085e-02,2.926206646169e-02,3.316546755680e-02,2.753857070486e-02,2.581723301336e-02
537.20000000,2.181478019392e+13,1.420793002911e-02,1.613748649273e-02,2.544920804364e-02,2.884399448764e-02,2.778958228228e-02,2.605255475365e-02
537.40000000,2.928718547991e+13,1.438427722274e-02,1.633778311929e-02,-1.344900358481e-03,-1.524302778299e-03,1.508421285764e-02,1.414135259024e-02
537.60000000,2.133119738353e+13,2.395263419144e-02,2.720560348607e-02,-8.977322162454e-03,-1.017484829090e-02,1.051032110567e-02,9.853358474498e-03
537.80000000,5.242305653592e+12,-1.347628828457e-02,-1.530648164222e-02,-2.030489490840e-02,-2.301345785713e-02,-1.042652568908e-02,-9.774800810097e-03
538.00000000,-2.052964891878e+12,-2.214387280762e-02,-2.515119708485e-02,-2.017691602218e-02,-2.286840728101e-02,-3.887445820486e-02,-3.644455467566e-02
538.20000000,6.709005891470e+12,1.877465663811e-02,2.132441300615e-02,4.795451830063e-02,5.435139117683e-02,2.905975580541e-02,2.724333426669e-02
538.40000000,2.945599369571e+13,2.774646133849e-02,3.151466428634e-02,4.747860200264e-02,5.381199022367e-02,5.145058102809e-02,4.823458898106e-02
538.60000000,-1.227506722707e+13,-4.773155714853e-04,-5.421390429027e-04,1.814983515306e-02,2.057092480868e-02,2.475641194580e-02,2.320897706091e-02
538.80000000,5.132514533000e+12,3.553348698617e-04,4.035923354809e-04,-1.418319622892e-02,-1.607515774724e-02,1.958809468520e-02,1.836371285189e-02
539.00000000,2.177108998644e+13,2.636064510634e-02,2.994064254764e-02,-3.411038179007e-03,-3.866052187701e-03,5.163225798444e-02,4.840490995979e-02
539.20000000,1.539809793539e+13,5.126083075727e-02,5.822248295543e-02,2.179090505419e-02,2.469769370370e-02,1.010900212837e-01,9.477124513025e-02
539.40000000,2.369805905045e+13,6.276385028435e-02,7.128770933701e-02,6.161982714951e-02,6.983957817396e-02,4.591519590680e-02,4.304520101222e-02
539.60000000,1.780384243068e+13,5.239655803848e-02,5.951245155906e-02,4.296802317226e-02,4.869972462010e-02,1.162511608254e-01,1.089847159923e-01
539.80000000,4.856916398175e+13,-2.275091618298e-02,-2.584068205911e-02,1.092265359859e-02,1.237967639888e-02,-5.380452616118e-03,-5.044139741178e-03
540.00000000,2.383229078713e+11,-5.278973127678e-02,-5.995902103183e-02,-3.475985582428e-02,-3.939663222789e-02,-4.216873425324e-02,-3.953291729487e-02
540.20000000,1.183085125755e+13,-3.340998862203e-02,-3.794734623593e-02,-4.929807626406e-02,-5.587417249185e-02,-2.438344210693e-02,-2.285932023449e-02
540.40000000,1.558265239246e+13,-1.058777943187e-02,-1.202568897931e-02,-4.276407974147e-02,-4.846857624082e-02,-1.303568074269e-02,-1.222086690078e-02
540.60000000,-2.750153547575e+11,-2.242303820486e-02,-2.546827549233e-02,-1.490334269863e-02,-1.689136785355e-02,2.699317832999e-02,2.530593116779e-02
540.80000000,2.540888987856e+13,-5.234865190885e-03,-5.945803937387e-03,4.385740358768e-03,4.970774356340e-03,6.481041433499e-02,6.075934682709e-02
541.00000000,3.232281848144e+13,4.010410444115e-02,4.555057931707e-02,6.149101462360e-02,6.969358275513e-02,1.046435326328e-01,9.810263917742e-02
541.20000000,1.232384131705e+13,2.379688884422e-02,2.702870661004e-02,2.124623358840e-02,2.408036601595e-02,4.521522127944e-02,4.238897929862e-02
541.40000000,4.132803220666e+13,-3.850062352925e-02,-4.372933220337e-02,-1.200144513539e-02,-1.360237288072e-02,-5.254999882418e-04,-4.926528609763e-04
541.60000000,5.732470072058e+12,-1.552295118693e-02,-1.763109859024e-02,-3.250264812985e-02,-3.683832525881e-02,1.566919062871e-03,1.468976549030e-03
541.80000000,2.059680884944e+13,-5.344689721864e-02,-6.070543563892e-02,-3.209614740983e-02,-3.637759954557e-02,-2.548328487715e-02,-2.389041576159e-02
542.00000000,4.023120380709e+13,-1.503975548715e-02,-1.708228084814e-02,1.517585744664e-02,1.720023459218e-02,1.718054878405e-02,1.610665404566e-02
542.20000000,1.830838535695e+13,1.272397067638e-02,1.445199297177e-02,2.638858123862e-02,2.990867497637e-02,6.051949525939e-02,5.673663777643e-02
542.40000000,-1.022110612581e+13,1.434506085199e-02,1.629324083538e-02,-1.509148559512e-03,-1.710460799288e-03,2.933717636770e-02,2.750341426054e-02
542.60000000,2.511504710696e+13,1.685060499909e-02,1.913905896286e-02,3.119826801201e-02,3.535994790168e-02,3.770082382775e-02,3.534427999144e-02
542.80000000,1.834536945697e+13,2.997272717776e-02,3.404327576154e-02,3.545264300503e-02,4.018183346435e-02,2.678135106802e-02,2.510734447136e-02
543.00000000,3.409468018058e+13,5.807309695568e-03,6.595991223166e-03,-1.179142078970e-03,-1.336433242544e-03,-2.153872833582e-02,-2.019241936035e-02
543.20000000,1.507630032498e+13,8.449350727192e-03,9.596843660765e-03,2.497994794246e-03,2.831213763187e-03,3.348155367726e-02,3.138874134751e-02
543.40000000,1.785285828082e+13,-1.365616420903e-02,-1.551078623095e-02,1.278626133701e-02,1.449187931074e-02,9.045220076398e-03,8.479835677465e-03
543.60000000,2.217054025300e+13,-2.292257800769e-02,-2.603565700421e-02,9.279553158394e-03,1.051739526391e-02,-2.690402054636e-03,-2.522234631876e-03
543.80000000,-5.800377844939e+11,-4.790450168604e-03,-5.441033615141e-03,1.443914470463e-02,1.636524836263e-02,-2.013468527909e-02,-1.887613802009e-02
544.00000000,2.612271115111e+13,-6.079147175493e-04,-6.904746520486e-04,2.750036972886e-03,3.116877002644e-03,-3.615021499600e-02,-3.389059417924e-02
544.20000000,4.949370777556e+13,-7.718047676234e-04,-8.766223501261e-04,-8.416530313545e-03,-9.539249848270e-03,-4.737594504026e-02,-4.441464393490e-02
544.40000000,1.187987938171e+13,-3.735243955903e-02,-4.242521518755e-02,-4.571623744082e-02,-5.181453577954e-02,-1.126788726741e-01,-1.056357188137e-01
544.60000000,9.220871955333e+12,-3.079235859916e-02,-3.497422002750e-02,-4.989320510268e-02,-5.654868829255e-02,-1.128623557497e-01,-1.058077330176e-01
544.80000000,1.754367085696e+13,-2.341586289948e-02,-2.659593413550e-02,-2.095167161456e-02,-2.374651107103e-02,-1.161818064972e-02,-1.089196967554e-02
545.00000000,1.107507551253e+13,-1.068741208870e-02,-1.213885258938e-02,3.163225126586e-02,3.585182216983e-02,1.584888081841e-02,1.485822388805e-02
545.20000000,1.294278474191e+13,-5.201970694529e-03,-5.908442091605e-03,4.761797121780e-02,5.396995053690e-02,9.859884453226e-03,9.243578293945e-03
545.40000000,1.266658624197e+13,2.869351837095e-02,3.259033963369e-02,3.572085617824e-02,4.048582482142e-02,-1.522152373347e-02,-1.427008065367e-02
545.60000000,1.024280484405e+13,1.321087715558e-02,1.500502544836e-02,2.860152352683e-02,3.241681177391e-02,-2.555369691834e-02,-2.395642659759e-02
545.80000000,8.661497998245e+12,-2.827770535080e-02,-3.211805570616e-02,1.343678131613e-02,1.522917512990e-02,1.245857484333e-02,1.167983382986e-02
546.00000000,2.352588478390e+13,-5.330599069040e-02,-6.054539281836e-02,-1.196262803527e-01,-1.355837778980e-01,-8.991758509798e-02,-8.429715802437e-02
546.20000000,2.724050744480e+13,-4.408803003436e-03,-5.007555553223e-03,7.408911351050e-03,8.397219976456e-03,2.120851783692e-02,1.988284914029e-02
546.40000000,2.470326874027e+13,7.071707419899e-03,8.032104798897e-03,1.680035669594e-02,1.904143323819e-02,3.036087173114e-02,2.846312208328e-02
546.60000000,2.108906369422e+13,-7.715010988514e-03,-8.762774405798e-03,3.984243643132e-03,4.515720154545e-03,3.524060804052e-02,3.303784350558e-02
546.80000000,1.294216437822e+13,-2.606374103834e-02,-2.960341640863e-02,7.700911150366e-03,8.728170966656e-03,-3.059325344883e-02,-2.868097844982e-02
547.00000000,1.814931351350e+13,-1.505318302518e-02,-1.709753195883e-02,-4.754554388278e-03,-5.388786178786e-03,-5.007384282225e-02,-4.694390576299e-02
547.20000000,2.053458423348e+13,-2.723542935333e-02,-3.093422985704e-02,-1.292284305135e-02,-1.464668028563e-02,-3.704752190713e-02,-3.473181364038e-02
547.40000000,2.376342824296e+13,-3.028534043416e-02,-3.439834452892e-02,-1.078082037229e-02,-1.221892338879e-02,2.822224564848e-02,2.645817387823e-02
547.60000000,7.854444308620e+12,-6.750678361533e-02,-7.667477292811e-02,-6.051655351203e-02,-6.858913381188e-02,-1.091766946119e-02,-1.023524493930e-02
547.80000000,1.651738646797e+13,-3.512522890458e-02,-3.989553058331e-02,-9.120602739339e-03,-1.033724172030e-02,1.030926421858e-02,9.664868935274e-03
548.00000000,2.765544711705e+13,-4.072466252471e-02,-4.625541441064e-02,4.984496463239e-03,5.649401280494e-03,4.866172957062e-02,4.562005866688e-02
548.20000000,1.492290069716e+13,-1.992674665150e-02,-2.263296653868e-02,1.809327617721e-02,2.050682117195e-02,2.031469093601e-02,1.904489216634e-02
548.40000000,3.987321224494e+13,-4.631929318843e-03,-5.260984299964e-03,2.690110657499e-02,3.048956841524e-02,-2.144030006110e-03,-2.010014348551e-03
548.60000000,1.740356167533e+13,-1.213357690882e-03,-1.378141876215e-03,2.395969689189e-02,2.715579061989e-02,-7.960653237868e-03,-7.463061238116e-03
548.80000000,4.350449092074e+13,-1.334784746785e-02,-1.516059748171e-02,-1.875223332158e-03,-2.125367962849e-03,-1.343104760916e-02,-1.259152079661e-02
549.00000000,1.221143483739e+13,-2.738785839397e-02,-3.110736004416e-02,-3.036051564510e-02,-3.441044390880e-02,-3.207748545577e-02,-3.007243641544e-02
549.20000000,2.817286474970e+13,-7.289249456172e-02,-8.279190874403e-02,-4.797527338799e-02,-5.437491488037e-02,-5.816508323652e-02,-5.452939163954e-02
549.40000000,1.554512472188e+13,-1.990235790763e-02,-2.260526559815e-02,1.146285308903e-02,1.299193557400e-02,-1.039521417221e-02,-9.745446464305e-03
549.60000000,3.646304806491e+13,9.600881774100e-04,1.090476231446e-03,1.822311748658e-02,2.065398260838e-02,6.351838339982e-03,5.954807613075e-03
549.80000000,5.166691993155e+12,-1.117032386918e-02,-1.268734785356e-02,1.093236442260e-02,1.239068259419e-02,4.775166526313e-03,4.476687922866e-03
550.00000000,9.181540995844e+12,2.191581525183e-02,2.489216739378e-02,2.807644314919e-02,3.182168851930e-02,-3.745088033761e-03,-3.510995957611e-03
550.20000000,1.055025671185e+11,3.593743343916e-02,4.081803932873e-02,3.750488637432e-02,4.250783497801e-02,1.577874852016e-02,1.479247530927e-02
550.40000000,3.273892023187e+13,1.311158718468e-02,1.489225106385e-02,1.798119796708e-02,2.037979233593e-02,1.905352164612e-02,1.786255406408e-02
550.60000000,2.502319261435e+13,2.252853485531e-02,2.558809947570e-02,-1.746713763960e-03,-1.979715914645e-03,1.485424491992e-02,1.392575912691e-02
550.80000000,1.698603980878e+13,2.171401311295e-02,2.466295882620e-02,-2.423580566298e-02,-2.746873080481e-02,-5.597037459691e-03,-5.247186639786e-03
551.00000000,1.649641062674e+13,-1.078567903937e-02,-1.225046501891e-02,-2.255860048309e-04,-2.556779554264e-04,1.265858641410e-02,1.186734339175e-02
551.20000000,3.106329784262e+13,-4.740969390846e-03,-5.384832931362e-03,-3.530821379038e-02,-4.001813817512e-02,-3.059851995981e-02,-2.868591577002e-02
551.40000000,-5.883030951782e+12,2.640072903319e-02,2.998617020907e-02,-1.000798215611e-02,-1.134299274257e-02,-3.370202009274e-04,-3.159542719480e-04
551.60000000,1.168907379286e+13,5.492969030959e-02,6.238960450995e-02,3.962584987429e-02,4.491172351539e-02,2.799616318869e-02,2.624622302547e-02
551.80000000,1.656946515177e+13,4.577933130264e-02,5.199654974576e-02,-1.557354544985e-03,-1.765097201996e-03,5.121361770483e-02,4.801243738874e-02
552.00000000,2.256304686006e+13,2.307545380880e-02,2.620929462563e-02,-1.145174759674e-02,-1.297934866922e-02,7.472553261398e-02,7.005470647762e-02
552.20000000,2.469847186356e+13,-4.046905097174e-02,-4.596508865769e-02,-9.189061436771e-02,-1.041483243699e-01,-3.555353452932e-02,-3.333121007728e-02
552.40000000,2.843739784595e+13,-6.101344646320e-02,-6.929958594657e-02,-7.828918570060e-02,-8.873253882466e-02,-1.165988326183e-01,-1.093106560632e-01
552.60000000,6.668393378089e+12,-2.125477070643e-02,-2.414134743615e-02,2.039668170036e-03,2.311748850975e-03,-7.303428093840e-02,-6.846916890342e-02
552.80000000,2.229297619196e+13,-2.920053369083e-03,-3.316621190075e-03,-1.520178428989e-02,-1.722961993582e-02,-5.447449856741e-02,-5.106949223594e-02
553.00000000,-1.839346728537e+13,-6.995991505240e-03,-7.946106025845e-03,-1.926109151770e-02,-2.183041675048e-02,-2.736337743346e-02,-2.565299044759e-02
553.20000000,-2.671109245510e+12,2.240576480176e-02,2.544865621572e-02,6.937611242827e-04,7.863050987772e-04,-2.538919460975e-02,-2.380220674073e-02
553.40000000,1.822639487176e+13,1.266571814318e-02,1.438582925433e-02,-8.117108893355e-03,-9.199887233188e-03,2.723053082888e-03,2.552844760976e-03
553.60000000,2.854369041565e+13,-8.226799319174e-03,-9.344067898674e-03,-2.738078251668e-03,-3.103323052819e-03,-2.390373248396e-02,-2.240959554660e-02
553.80000000,6.304446329781e+12,-9.396212535181e-03,-1.067229727052e-02,3.074064135124e-02,3.484127632424e-02,-5.693831056676e-03,-5.337930014754e-03
554.00000000,2.603061771738e+13,1.185824249592e-02,1.346869161894e-02,6.401437405259e-02,7.255354465788e-02,2.064996555216e-02,1.935920996379e-02
554.20000000,1.906759142109e+13,2.543914635683e-03,2.889399651315e-03,-7.487423799607e-03,-8.486205560192e-03,7.032284547508e-03,6.592721558611e-03
554.40000000,7.367194687037e+12,-3.367577695810e-02,-3.824923086476e-02,-3.259382123821e-02,-3.694166036576e-02,-4.114559311446e-02,-3.857372905419e-02
554.60000000,1.924315290318e+12,-9.678674981758e-03,-1.099312049438e-02,-2.076793018986e-02,-2.353825953596e-02,-4.509665364618e-02,-4.227782290461e-02
554.80000000,2.910839796055e+13,-3.533658940231e-03,-4.013559561532e-03,-4.595884758621e-02,-5.208950880363e-02,-6.214842582787e-02,-5.826374971335e-02
555.00000000,1.873440393427e+13,1.142755008427e-02,1.297950755332e-02,-3.100552197243e-02,-3.514149058491e-02,-4.226213176826e-02,-3.962047686483e-02
555.20000000,1.541904112209e+13,-4.492916740666e-04,-5.103092643817e-04,-1.485558864852e-02,-1.683724367193e-02,-5.890400370117e-02,-5.522212482525e-02
555.40000000,5.793970424508e+12,7.478687015870e-02,8.494355648904e-02,5.497257055781e-02,6.230561357436e-02,3.331283104418e-02,3.123056496357e-02
555.60000000,2.394489471813e+13,5.605534870576e-02,6.366813678920e-02,3.636097459904e-02,4.121133157076e-02,7.582764519916e-02,7.108792994167e-02
555.80000000,1.523680668140e+13,4.015423299892e-02,4.560751575484e-02,-1.273719305421e-02,-1.443626558491e-02,3.918316641601e-03,3.673396663919e-03
556.00000000,1.896802659059e+13,-9.315470409121e-03,-1.058058968426e-02,-7.181914001072e-03,-8.139942410087e-03,8.802485874060e-03,8.252273923108e-03
556.20000000,2.755316475611e+13,1.336818712974e-02,1.518369944084e-02,1.779744034473e-02,2.017152244255e-02,3.236964799966e-02,3.034633692228e-02
556.40000000,2.868997479364e+13,7.468546366424e-03,8.482837813926e-03,-8.269387648708e-03,-9.372479149307e-03,3.692457256714e-02,3.461654942448e-02
556.60000000,3.013027199602e+13,3.381699851610e-02,3.840963149878e-02,1.065250243475e-02,1.207348853373e-02,4.392073853441e-02,4.117541004630e-02
556.80000000,9.501873758952e+12,2.554468512088e-02,2.901386832951e-02,3.915887453846e-03,4.438245620030e-03,1.140100497095e-02,1.068836887274e-02
557.00000000,2.593032480306e+13,2.249515557590e-02,2.555018700925e-02,-1.348071850078e-03,-1.527897329689e-03,-5.336730017632e-02,-5.003150086154e-02
557.20000000,9.028747361036e+12,-3.433202627151e-02,-3.899460435755e-02,-6.446679584244e-02,-7.306631706284e-02,-1.017607822405e-02,-9.540007921547e-03
557.40000000,1.251392034680e+13,-2.504837059589e-03,-2.845015011532e-03,3.022415215510e-02,3.425589026818e-02,-7.824477047674e-02,-7.335396935172e-02
557.60000000,1.617376479224e+13,-1.517035793846e-02,-1.723062021140e-02,3.995299670093e-03,4.528250995591e-03,3.641212010512e-02,3.413612853547e-02
557.80000000,2.243155669515e+12,1.963218415835e-02,2.229839998009e-02,6.964293785259e-03,7.893292836767e-03,8.921494037513e-02,8.363843311342e-02
558.00000000,2.183617794406e+13,3.904653587697e-02,4.434938404200e-02,2.320628790372e-02,2.630188095541e-02,6.776699290682e-02,6.353112023280e-02
558.20000000,7.690827067177e+12,3.664326659870e-02,4.161973057122e-02,-3.446178960657e-04,-3.905880559191e-04,2.068700223298e-02,1.939393161397e-02
558.40000000,1.475222464640e+12,-1.014568299005e-02,-1.152355212026e-02,-3.323873674428e-02,-3.767260410555e-02,-6.989105061357e-02,-6.552241067908e-02
558.60000000,-9.684834791641e+12,-1.453788967124e-01,-1.651225743102e-01,-1.430735808975e-01,-1.621588212748e-01,-5.934790257512e-02,-5.563827716612e-02
558.80000000,1.519246261495e+13,-6.319243623512e-02,-7.177450086663e-02,-2.294684492524e-02,-2.600782968952e-02,-5.527496859765e-02,-5.181992774374e-02
559.00000000,2.528128521246e+13,-4.899768879909e-02,-5.565198727405e-02,-1.303835594870e-01,-1.477760197752e-01,-2.070950867294e-02,-1.941503125676e-02
559.20000000,3.594353742323e+13,2.169726454149e-02,2.464393565777e-02,-2.007941861774e-03,-2.275790425115e-03,-1.966686066251e-03,-1.843755544929e-03
559.40000000,6.418184194739e+12,2.524195982704e-02,2.867003039320e-02,-1.318198047768e-02,-1.494038524036e-02,-1.869480200083e-02,-1.752625670252e-02
559.60000000,3.473366440099e+13,1.507429149250e-02,1.712150713365e-02,-1.577749069673e-02,-1.788212245760e-02,-2.999751617817e-02,-2.812247858808e-02
559.80000000,1.409701633816e+13,-1.650079582224e-02,-1.874174275600e-02,-2.503558245185e-02,-2.837519348332e-02,-2.183829642336e-02,-2.047326251674e-02
560.00000000,1.725095177788e+13,-3.412145330174e-02,-3.875543380642e-02,-3.248295708503e-02,-3.681600753531e-02,-1.639727113977e-02,-1.537233628919e-02
560.20000000,7.488657243470e+12,-2.960964948985e-02,-3.363088906815e-02,-1.170047804058e-02,-1.326125840641e-02,2.167503751891e-02,2.032020834328e-02
560.40000000,2.005752972549e+11,2.005893335161e-02,2.278310530507e-02,2.215490273380e-02,2.511024670127e-02,2.500638277079e-02,2.344332310248e-02
560.60000000,2.824982443239e+13,1.912361338106e-02,2.172076101141e-02,2.634704046646e-02,2.986159289031e-02,7.401990590384e-03,6.939318597276e-03
560.80000000,2.318543307593e+13,1.501162190002e-02,1.705032648312e-02,1.201392231067e-02,1.361651444358e-02,-5.860988089678e-03,-5.494638658680e-03
561.00000000,-3.767328132648e+11,-9.882298979381e-03,-1.122439834446e-02,-3.101105423380e-02,-3.514776081997e-02,-4.148075225488e-02,-3.888793859387e-02
561.20000000,1.350781691892e+13,2.205549454730e-02,2.505081631304e-02,5.381394868171e-03,6.099243781855e-03,-5.426075880095e-03,-5.086911257883e-03
561.40000000,1.812845541538e+13,-2.834618512686e-04,-3.219583561204e-04,1.031092818334e-02,1.168635012817e-02,-5.317797599887e-03,-4.985401066219e-03
561.60000000,1.663529155495e+13,1.475560351070e-04,1.675953864208e-04,5.751100390658e-04,6.518266017615e-04,1.210923409878e-02,1.135232912747e-02
561.80000000,2.791308510692e+13,-3.232249488876e-02,-3.671216170196e-02,9.331342950747e-03,1.057609353391e-02,1.716486875182e-02,1.609195411624e-02
562.00000000,2.280098390416e+13,-8.684700232273e-03,-9.864155609200e-03,-1.636591331711e-02,-1.854903746687e-02,2.407626717848e-02,2.257134571363e-02
562.20000000,1.334222715030e+13,-4.048180381520e-02,-4.597957344462e-02,-4.046982685225e-02,-4.586828244871e-02,-4.560792630589e-02,-4.275713773654e-02
562.40000000,1.622092551485e+13,-2.796522914356e-02,-3.176314260036e-02,-2.744861945016e-02,-3.111011654099e-02,-3.099255609093e-02,-2.905532211001e-02
562.60000000,1.184886143922e+13,-1.769525027415e-02,-2.009841417431e-02,-3.409041578129e-02,-3.863789251086e-02,-4.952928483298e-02,-4.643338614856e-02
562.80000000,3.873420412617e+13,2.568100754087e-03,2.916870448135e-03,-1.470523203976e-02,-1.666683030635e-02,-8.688510133537e-03,-8.145422399022e-03
563.00000000,-6.771142046977e+12,-5.981930249289e-03,-6.794326717587e-03,-2.484550959205e-02,-2.815976593403e-02,-2.796701113468e-03,-2.621889316222e-03
563.20000000,4.619190523531e+12,5.108506562701e-03,5.802284744136e-03,-2.903712168733e-02,-3.291051636852e-02,4.363307650884e-03,4.090572874646e-03
563.40000000,3.393822097515e+13,-1.314805563354e-02,-1.493367223497e-02,-5.230730282723e-02,-5.928481357157e-02,-2.106782766531e-02,-1.975095300877e-02
563.60000000,3.929408817692e+12,-9.135305024036e-03,-1.037595632371e-02,-6.855498177853e-02,-7.769984484895e-02,-2.525756037426e-02,-2.367880049113e-02
563.80000000,2.306322418251e+13,-1.275230830636e-02,-1.448417909037e-02,-4.210036309932e-02,-4.771632339528e-02,-2.255445195927e-02,-2.114465372810e-02
564.00000000,1.475798200463e+13,-2.806798044511e-02,-3.187984839335e-02,-7.257543686213e-02,-8.225660685389e-02,-7.315978459201e-02,-6.858682777192e-02
564.20000000,2.262145839521e+13,-2.179166139075e-02,-2.475115239355e-02,-2.473678488151e-02,-2.803653793628e-02,-4.494952363571e-02,-4.213988946557e-02
564.40000000,4.683955437994e+12,-7.616026874186e-03,-8.650347415751e-03,-1.381763465468e-02,-1.566083223998e-02,-3.068619683522e-02,-2.876811227711e-02
564.60000000,9.268607601322e+12,1.887260484937e-02,2.143566340877e-02,2.633414464468e-03,2.984697683579e-03,-1.959893622085e-02,-1.837387672187e-02
564.80000000,3.157680829722e+13,-7.860966037833e-04,-8.928551379083e-04,-3.589465810182e-03,-4.068281097977e-03,-7.657140114960e-03,-7.178519636422e-03
565.00000000,1.322050915897e+13,-1.454699482997e-02,-1.652259914693e-02,7.068816594577e-03,8.011758422440e-03,-3.139556734939e-02,-2.943314257420e-02
565.20000000,2.554896824499e+13,-1.997797305296e-02,-2.269114991656e-02,-3.008651621041e-03,-3.409989443431e-03,-2.405697881541e-02,-2.255326299724e-02
565.40000000,5.120123301366e+12,2.027816288432e-02,2.303210805323e-02,-1.100713930600e-02,-1.247543204183e-02,-1.400878594523e-02,-1.313314677288e-02
565.60000000,2.784271494499e+13,-1.167227708663e-02,-1.325747054209e-02,-2.511783976116e-02,-2.846842347195e-02,-4.176548339712e-02,-3.915487220942e-02
565.80000000,1.840254677634e+13,-1.878966543667e-02,-2.134146012586e-02,-1.101713469235e-02,-1.248676075855e-02,-2.656204137445e-02,-2.490174304339e-02
566.00000000,8.592801592947e+12,-1.599811197933e-02,-1.817079021693e-02,-1.244214994623e-07,-1.410186527801e-07,7.244369208436e-03,6.791549564916e-03
566.20000000,-6.223650055096e+12,-1.811201967705e-02,-2.057178436942e-02,-2.415078126318e-03,-2.737236461082e-03,-4.648732060189e-02,-4.358156423615e-02
566.40000000,1.976177411294e+13,-3.169688657182e-02,-3.600159051083e-02,-1.811249999862e-02,-2.052860934697e-02,-4.739441840213e-02,-4.443196259290e-02
566.60000000,2.102215599639e+13,-5.283088829265e-03,-6.000576751681e-03,-1.962322046322e-03,-2.224085173496e-03,-4.015093460329e-02,-3.764124309379e-02
566.80000000,4.468378082761e+13,1.535911105441e-02,1.744500758894e-02,2.503883354477e-02,2.837887825443e-02,-2.858307567123e-03,-2.679644970508e-03
567.00000000,2.130944202840e+13,-1.362260906755e-02,-1.547267401887e-02,-4.096732884373e-02,-4.643214850989e-02,-5.268101350900e-02,-4.938811152249e-02
567.20000000,2.023294268063e+13,-2.701006474226e-02,-3.067825883525e-02,-3.313219493490e-02,-3.755185019615e-02,-2.499092248765e-02,-2.342882918643e-02
567.40000000,2.011699871937e+13,-2.470140805286e-02,-2.805606713912e-02,-5.824583820839e-03,-6.601551739170e-03,9.585589460373e-04,8.986428501362e-04
567.60000000,3.122833094470e+13,-2.569576044956e-02,-2.918546095918e-02,-6.733523644569e-03,-7.631739209850e-03,3.387674054325e-03,3.175922649406e-03
567.80000000,1.173879473526e+13,-2.480050312849e-02,-2.816862015994e-02,-1.575396848526e-02,-1.785546251058e-02,-5.159206612240e-02,-4.836723034748e-02
568.00000000,3.311159671960e+13,-1.203264287363e-02,-1.366677703559e-02,-1.274561294779e-02,-1.444580864666e-02,-2.503169998782e-02,-2.346705783071e-02
568.20000000,9.912219551128e+12,-3.271987229754e-02,-3.716350630695e-02,-3.755819680110e-02,-4.256825672684e-02,-3.044033164849e-02,-2.853761524502e-02
568.40000000,1.108588466197e+13,2.277074509138e-02,2.586320390014e-02,-1.048973588995e-02,-1.188900981389e-02,2.398720657862e-02,2.248785197376e-02
568.60000000,1.306544840746e+13,2.627042065908e-02,2.983816486115e-02,3.059607922694e-03,3.467743039593e-03,2.411639690493e-02,2.260896707422e-02
568.80000000,1.420299002104e+13,9.502527548836e-03,1.079305075771e-02,3.430048505882e-03,3.887598389166e-03,4.470427887888e-02,4.190997408251e-02
569.00000000,9.734688962766e+12,-4.618824562914e-03,-5.246099807897e-03,-1.666246289561e-02,-1.888514515215e-02,1.151887699199e-02,1.079887313476e-02
569.20000000,2.060367119995e+13,-2.701484001519e-02,-3.068368263043e-02,-2.647289082623e-02,-3.000423100609e-02,4.181849378609e-03,3.920456910832e-03
569.40000000,2.744277896134e+13,-2.749431436891e-02,-3.122827363636e-02,-3.203709306068e-02,-3.631066766625e-02,-1.537850635261e-02,-1.441725085001e-02
569.60000000,-4.937444885309e+12,-2.006631825315e-02,-2.279149313839e-02,-5.120999872985e-02,-5.804113505389e-02,-1.753800632673e-02,-1.644176819413e-02
569.80000000,4.472281341186e+13,-8.443259357942e-03,-9.589925032309e-03,-2.141647252942e-02,-2.427331390917e-02,-3.233487035745e-02,-3.031373310626e-02
570.00000000,3.311638311989e+13,9.794177163491e-03,1.112430884439e-02,-3.916105911815e-02,-4.438493219108e-02,-8.607848022676e-03,-8.069802188600e-03
570.20000000,2.281267685629e+12,-2.621392794083e-02,-2.977399995637e-02,-4.031148969318e-02,-4.568882397065e-02,-5.915476797355e-02,-5.545721471865e-02
570.40000000,1.230348945744e+13,6.023998165773e-03,6.842107811149e-03,-3.016678340779e-02,-3.419086884086e-02,-1.328606313595e-02,-1.245559878496e-02
570.60000000,2.852938449311e+13,2.995104871025e-02,3.401865317570e-02,1.130085527929e-02,1.280832813432e-02,4.973725212149e-02,4.662835414468e-02
570.80000000,1.735790006887e+13,-7.299828672637e-03,-8.291206837492e-03,1.473482081910e-02,1.670036606851e-02,5.843435778831e-02,5.478183480090e-02
571.00000000,1.667393429884e+13,-1.193005072730e-02,-1.355025201243e-02,-2.797739416976e-02,-3.170942694275e-02,2.215693116117e-02,2.077198053521e-02
571.20000000,-1.239967016756e+13,-3.145472813255e-03,-3.572654491763e-03,-4.550949642305e-02,-5.158021663033e-02,9.897562316690e-03,9.278901048744e-03
571.40000000,1.298515909286e+13,-6.780317963877e-02,-7.701142202583e-02,-1.427353151206e-01,-1.617754326763e-01,-3.846478939010e-02,-3.606049279524e-02
571.60000000,2.964545710598e+13,-8.022826388139e-02,-9.112393727087e-02,-1.254785818051e-01,-1.422167446505e-01,-1.157337811002e-01,-1.084996758257e-01
571.80000000,1.886970679261e+13,6.346655096065e-03,7.208584267868e-03,-1.994377458876e-02,-2.260416604376e-02,-5.771724536272e-02,-5.410954651163e-02
572.00000000,8.602703092648e+12,4.714306134047e-02,5.354548579909e-02,5.197828413992e-02,5.891190557433e-02,3.142892650406e-02,2.946441656726e-02
572.20000000,3.832192100873e+12,2.296788338775e-02,2.608711523615e-02,1.057734230380e-02,1.198830244860e-02,2.508333767372e-02,2.351546782930e-02
572.40000000,3.789090668421e+13,-1.677323350568e-02,-1.905117976953e-02,1.715123263847e-02,1.943911413006e-02,2.659575448609e-02,2.493334886883e-02
572.60000000,2.800114411228e+13,-2.238322119581e-03,-2.542305099836e-03,1.241056903096e-02,1.406607168693e-02,4.007455476100e-02,3.756963748263e-02
572.80000000,1.688948016411e+13,1.367787243631e-02,1.553544261818e-02,4.116266679331e-02,4.665354348341e-02,5.404823724587e-02,5.066987498707e-02
573.00000000,2.793654121113e+13,-1.501350628684e-02,-1.705246678553e-02,1.583627018250e-02,1.794874280824e-02,-3.804808939610e-02,-3.566983922949e-02
573.20000000,2.155920633810e+13,-7.228881544853e-02,-8.210624492705e-02,-4.568517141441e-02,-5.177932571356e-02,-9.249861926883e-02,-8.671686096823e-02
573.40000000,3.129969352968e+13,-5.744180037098e-02,-6.524288025813e-02,-2.520681560192e-02,-2.856926820771e-02,-4.599296362746e-02,-4.311810775043e-02
573.60000000,3.837068538951e+12,-7.312625582133e-02,-8.305741674989e-02,-1.806510166411e-02,-2.047488833148e-02,-2.128632859380e-02,-1.995579622468e-02
573.80000000,1.686130435547e+13,-5.334335676825e-02,-6.058783352403e-02,1.760345616853e-03,1.995166182844e-03,2.020591883561e-02,1.894291902142e-02
574.00000000,1.738801556688e+13,-2.485251790306e-02,-2.822769897862e-02,1.883207271974e-02,2.134416916972e-02,4.228912604183e-02,3.964578382278e-02
574.20000000,3.693120551036e+13,5.401546569863e-03,6.135122050324e-03,3.077697304216e-02,3.488245446585e-02,4.271481670961e-02,4.004486608741e-02
574.40000000,2.244842732935e+13,2.187365158257e-02,2.484427754340e-02,3.659639883351e-02,4.147816012234e-02,3.224390209360e-02,3.022845094366e-02
574.60000000,3.479256212090e+13,-3.096427445273e-03,-3.516948350073e-03,3.596526120314e-02,4.076283215221e-02,-1.887773255120e-02,-1.769775291759e-02
574.80000000,1.955083902837e+13,-2.464018091453e-02,-2.798652484015e-02,-2.262376704127e-03,-2.564165496658e-03,8.924384948752e-03,8.366553522045e-03
575.00000000,3.169918353286e+13,-6.191733050331e-02,-7.032622504589e-02,-2.862687778726e-02,-3.244554815528e-02,-1.137517341524e-02,-1.066415195530e-02
575.20000000,-5.169961856162e+11,-5.168202749490e-02,-5.870088175458e-02,-2.047479842997e-02,-2.320602558778e-02,1.083034128925e-02,1.015337533946e-02
575.40000000,2.950613541624e+13,-1.630488300750e-02,-1.851922333233e-02,-1.005653758419e-02,-1.139802520163e-02,2.633790202137e-02,2.469161384068e-02
575.60000000,1.607643840635e+13,-4.020711037645e-03,-4.566757432522e-03,-6.740394113818e-04,-7.639526162461e-04,2.967313611345e-02,2.781837436258e-02
575.80000000,3.145914715113e+13,-7.017755513491e-03,-7.970825769571e-03,4.621182742244e-03,5.237623477912e-03,1.495880065230e-02,1.402377945391e-02
576.00000000,3.501717622321e+13,-5.307414859993e-04,-6.028206462091e-04,1.936373448326e-02,2.194675173143e-02,-6.448715722592e-04,-6.045629536524e-04
576.20000000,4.552558386394e+13,-1.496395222785e-02,-1.699618286831e-02,3.207370053537e-02,3.635215837970e-02,1.900111751417e-02,1.781342552723e-02
576.40000000,4.090659515124e+13,2.181846199014e-02,2.478159273988e-02,1.902480949244e-02,2.156261598346e-02,6.262326068619e-02,5.870890434071e-02
576.60000000,2.568485119464e+13,-3.130435476474e-02,-3.555574958103e-02,-7.499892503570e-02,-8.500337521696e-02,-3.446115983003e-02,-3.230711581866e-02
576.80000000,-2.201856536757e+12,-7.281641580695e-02,-8.270549785412e-02,-8.838844402138e-02,-1.001789834776e-01,-7.354748938166e-02,-6.895029851998e-02
577.00000000,-3.305071299677e+12,-2.311335532818e-02,-2.625234349030e-02,-2.382231208690e-02,-2.700007942640e-02,-3.981713704714e-03,-3.732831003061e-03
577.20000000,5.217245823641e+13,-4.679083815743e-03,-5.314542774368e-03,6.285380887237e-03,7.123816637172e-03,3.180478096895e-02,2.981677771204e-02
577.40000000,1.731868216613e+13,-2.108358515057e-02,-2.394691344121e-02,-6.237874353417e-03,-7.069972989177e-03,2.974675685990e-02,2.788739333912e-02
577.60000000,2.142647068855e+13,-1.713225344557e-02,-1.945895763855e-02,-5.844567859298e-03,-6.624201540067e-03,5.003822066798e-03,4.691051022234e-03
577.80000000,1.778076035417e+13,-3.526015068544e-02,-4.004877587744e-02,-5.128168649696e-02,-5.812238558066e-02,-9.269679400076e-02,-8.690264850552e-02
578.00000000,2.857785687310e+13,-1.369468900227e-01,-1.555454301531e-01,-1.068220353589e-01,-1.210715160081e-01,-1.733638132082e-01,-1.625274604717e-01
578.20000000,1.665128548230e+13,-4.160893088461e-02,-4.725977385530e-02,-9.465941070423e-02,-1.072864631337e-01,-1.182096602418e-01,-1.108207966056e-01
578.40000000,2.502692160606e+13,-1.942558560195e-02,-2.206374360113e-02,-2.292877527020e-02,-2.598734964042e-02,-5.744115743960e-02,-5.385071585845e-02
578.60000000,8.196358472443e+12,-6.775326876754e-03,-7.695473283826e-03,-5.775554665641e-03,-6.545982360358e-03,1.947605264340e-02,1.825867415793e-02
578.80000000,2.105235927406e+13,2.334365079334e-02,2.651391501766e-02,2.398842598091e-02,2.718835201370e-02,3.952136946060e-02,3.705102981947e-02
579.00000000,1.351218654044e+13,-1.076638041815e-02,-1.222854548252e-02,1.427567778364e-02,1.617997584020e-02,1.933627847591e-02,1.812763677439e-02
579.20000000,2.443902255389e+13,-9.444041408405e-04,-1.072662170722e-03,2.156734469394e-02,2.444431160287e-02,2.047619674506e-02,1.919630282415e-02
579.40000000,1.832543848621e+13,-2.076482966257e-02,-2.358486827548e-02,-1.375514353036e-02,-1.559000513831e-02,-4.686558810648e-02,-4.393618759014e-02
579.60000000,8.046743671637e+12,-5.284650057057e-02,-6.002350007345e-02,-4.701596409101e-02,-5.328763892166e-02,-8.251852828878e-02,-7.736058982810e-02
579.80000000,2.329659579713e+13,-4.626565458099e-02,-5.254891981792e-02,-5.247369300178e-02,-5.947339929375e-02,-8.829992577305e-02,-8.278061280583e-02
580.00000000,-2.590055415184e+12,-1.539073453622e-02,-1.748092580571e-02,-5.722062778968e-02,-6.485354945875e-02,-8.434858742311e-02,-7.907625850261e-02
580.20000000,1.894370721745e+13,-1.142193518466e-02,-1.297313010310e-02,-2.440014940245e-02,-2.765499710854e-02,-2.708349052153e-02,-2.539059826682e-02
580.40000000,2.292390528323e+13,-3.601228899561e-02,-4.090306089968e-02,-2.184269958636e-02,-2.475639734579e-02,-3.142716361874e-02,-2.946276387361e-02
580.60000000,1.880597240145e+13,-7.138169105115e-03,-8.107592540267e-03,-9.016102569931e-05,-1.021880179453e-04,-1.152987428016e-03,-1.080918302172e-03
580.80000000,3.333313376973e+13,3.764743201474e-02,4.276027010123e-02,2.779028637372e-02,3.149735998066e-02,4.104314985494e-02,3.847768915691e-02
581.00000000,2.288250210283e+13,5.673964291734e-02,6.444536391334e-02,2.544973405526e-02,2.884459066635e-02,1.374787445945e-02,1.288854393215e-02
581.20000000,3.847576291280e+13,-6.462142353531e-03,-7.339755666770e-03,5.576188434501e-03,6.320021754349e-03,-6.210602329203e-03,-5.822399760857e-03
581.40000000,-1.621672335271e+13,-1.339182657066e-02,-1.521054931678e-02,-9.365488386003e-03,-1.061479378520e-02,-4.261668434050e-02,-3.995286762219e-02
581.60000000,1.838292528844e+13,-4.172614093276e-02,-4.739290201435e-02,-3.426101052652e-02,-3.883124367065e-02,-8.042089722587e-02,-7.539407419053e-02
581.80000000,2.211679636781e+12,-1.033261670050e-02,-1.173587300171e-02,-5.177290505373e-03,-5.867913003099e-03,-3.128611535918e-02,-2.933053203695e-02
582.00000000,1.844221952959e+13,-3.455500127398e-03,-3.924786124176e-03,3.606526612817e-02,4.087617719232e-02,-4.109382099367e-03,-3.852519302374e-03
582.20000000,2.026467555736e+13,3.983171514488e-02,4.524119726210e-02,6.548801703188e-02,7.422376362495e-02,7.420840727717e-03,6.956990479853e-03
582.40000000,1.621574620703e+13,4.339485484397e-02,4.928824131763e-02,7.967920711397e-02,9.030798156206e-02,3.015197555707e-02,2.826728326291e-02
582.60000000,-1.062392801158e+13,3.604800680663e-02,4.094362949003e-02,6.925973834139e-02,7.849861211823e-02,1.604973961153e-02,1.504652771545e-02
582.80000000,2.773536510006e+13,9.628949814448e-02,1.093664223089e-01,4.105798687849e-02,4.653489983522e-02,5.146406919792e-02,4.824723405357e-02
583.00000000,1.288016887101e+13,6.085049093886e-02,6.911449969069e-02,1.153275746597e-01,1.307116481602e-01,8.015789004145e-02,7.514750664580e-02
583.20000000,2.365269912283e+13,4.277657308197e-02,4.858599168926e-02,7.608653928928e-02,8.623607131819e-02,5.523915331648e-02,5.178635114787e-02
583.40000000,1.400671232290e+13,2.326349382870e-02,2.642287206267e-02,3.123033747621e-02,3.539629525862e-02,3.614997301204e-02,3.389036732083e-02
583.60000000,1.899022628661e+13,9.472199882448e-03,1.075860433901e-02,1.302928356439e-02,1.476731938631e-02,2.306893620124e-02,2.162697939776e-02
583.80000000,4.028352570898e+13,2.239515046119e-02,2.543660035837e-02,1.403067393467e-02,1.590228980546e-02,-3.002572298823e-02,-2.814892229119e-02
584.00000000,1.925427540884e+13,1.739630230446e-02,1.975886655456e-02,2.345622403298e-02,2.658515720992e-02,-2.946368583567e-03,-2.762201607353e-03
584.20000000,8.309876849815e+12,5.558678585460e-02,6.313593915971e-02,-2.113679520006e-02,-2.395632913964e-02,6.866504321326e-03,6.437303662228e-03
584.40000000,4.913084695725e+13,1.197805186940e-01,1.360477211359e-01,2.854866672574e-02,3.235690416199e-02,-1.210888840260e-02,-1.135200503952e-02
584.60000000,2.801109093504e+13,6.273421984086e-02,7.125405482995e-02,1.118013144345e-01,1.267150039298e-01,9.758509758819e-02,9.148540169592e-02
584.80000000,2.561653442998e+13,3.156372315947e-02,3.585034238646e-02,3.214799193050e-02,3.643635984435e-02,3.270166127418e-02,3.065759723291e-02
585.00000000,3.974504506396e+13,4.466714882108e-03,5.073332352372e-03,-1.087457360792e-02,-1.232518279800e-02,-1.451100148258e-02,-1.360397061082e-02
585.20000000,1.644847398792e+13,2.196665012084e-02,2.494990606580e-02,-1.739167812887e-02,-1.971163374591e-02,8.336812479377e-03,7.815708109018e-03
585.40000000,4.075978735250e+13,1.108628819119e-02,1.259189942331e-02,-3.594413648579e-02,-4.073888951204e-02,-3.482257467125e-02,-3.264593990908e-02
585.60000000,1.514165984827e+13,-3.328572386335e-03,-3.780620527728e-03,-1.206966524470e-02,-1.367969318294e-02,-3.562625654794e-02,-3.339938650227e-02
585.80000000,2.475658529154e+13,-1.518366084014e-02,-1.724572975908e-02,-3.168828327089e-02,-3.591532854070e-02,-4.491269940692e-02,-4.210536698779e-02
586.00000000,1.614581535020e+13,-4.268623927106e-03,-4.848338978662e-03,-1.064664406603e-03,-1.206684869037e-03,1.309434937280e-02,1.227586836438e-02
586.20000000,3.451425637732e+13,5.943098212291e-03,6.750220963178e-03,1.301882482375e-03,1.475546550635e-03,-3.310142450962e-03,-3.103237269638e-03
586.40000000,1.027154850099e+13,-3.599930002407e-03,-4.088830791650e-03,-2.100033224668e-03,-2.380166276777e-03,9.291410855195e-03,8.710637950033e-03
586.60000000,3.985204138442e+13,1.111640456475e-02,1.262610585384e-02,1.679747207742e-02,1.903816382719e-02,-1.402885117989e-02,-1.315195780139e-02
586.80000000,3.649012572937e+13,1.590876781974e-02,1.806931236860e-02,2.253349154881e-02,2.553933721263e-02,6.107465616564e-03,5.725709755739e-03
587.00000000,-5.057135935171e+12,1.340949943820e-02,1.523062230846e-02,-3.427347462587e-04,-3.884537041326e-04,-4.569210358695e-02,-4.283605339643e-02
587.20000000,2.695607872424e+13,-3.358594198293e-03,-3.814719554396e-03,-1.499305087403e-02,-1.699304261342e-02,-5.577914560822e-02,-5.229259045021e-02
587.40000000,-1.497886407092e+13,-3.324721866241e-02,-3.776247074601e-02,-1.877002315130e-02,-2.127384252509e-02,-1.929344608156e-03,-1.808748168003e-03
587.60000000,4.669891131158e+13,-1.834992304801e-02,-2.084199702020e-02,5.106779183266e-03,5.787995852724e-03,-1.034232047827e-02,-9.695858966248e-03
587.80000000,4.340440932172e+12,1.058918782270e-02,1.202728864146e-02,-1.385583684726e-02,-1.570413039803e-02,-3.657536336974e-02,-3.428916804669e-02
588.00000000,3.653482821763e+13,8.443488077108e-03,9.590184813464e-03,1.579215935779e-02,1.789874783855e-02,1.092733163054e-03,1.024430316096e-03
588.20000000,1.753146727093e+13,-2.243674787280e-03,-2.548384704854e-03,1.661958534917e-02,1.883654797336e-02,-2.575271094420e-02,-2.414300096754e-02
588.40000000,3.082225036261e+13,1.597853419256e-02,1.814855360196e-02,1.467018108289e-02,1.662710374177e-02,3.169239198734e-03,2.971141376425e-03
588.60000000,5.474386566817e+12,-4.708437363812e-03,-5.347882781287e-03,-6.397035808289e-03,-7.250365719634e-03,6.212458217246e-03,5.824139643968e-03
588.80000000,3.306415736919e+13,-2.214973680524e-02,-2.515785746269e-02,-1.457418301880e-02,-1.651830005614e-02,-1.637429049743e-02,-1.535079208472e-02
589.00000000,1.568738447682e+13,-2.426495936790e-03,-2.756034504984e-03,-1.670720751386e-02,-1.893585846000e-02,1.479929377921e-03,1.387424278572e-03
589.20000000,2.299331673747e+13,-2.618375191987e-04,-2.973972577777e-04,-2.620156487562e-02,-2.969671164399e-02,-3.126517821310e-03,-2.931090359708e-03
589.40000000,3.005082480630e+13,9.648772553698e-03,1.095915706495e-02,-5.815033759681e-03,-6.590727751606e-03,5.217789349732e-02,4.891643974568e-02
589.60000000,2.427934484953e+13,9.943901840776e-03,1.129436739285e-02,3.802560411174e-02,4.309801363984e-02,1.419064811693e-02,1.330364138981e-02
589.80000000,1.388381680883e+13,8.543745070972e-03,9.704057550798e-03,-4.097730135135e-03,-4.644345129598e-03,-1.401664748149e-02,-1.314051691258e-02
590.00000000,8.465431199260e+12,5.226031886877e-03,5.935770996360e-03,-8.985904764471e-03,-1.018457576551e-02,9.634475869141e-04,9.032259195332e-04
590.20000000,3.269518082693e+13,-6.869693723889e-03,-7.802655942939e-03,-1.421151721420e-02,-1.610725659848e-02,-2.302555292547e-03,-2.158630785560e-03
590.40000000,-1.531534397284e+13,-1.638939836650e-02,-1.861521658831e-02,-2.094236393496e-03,-2.373596179739e-03,-2.466573371708e-02,-2.312396680438e-02
590.60000000,-1.556254669794e+13,7.859444483662e-03,8.926823185056e-03,-1.780661113185e-02,-2.018191656297e-02,2.448650873589e-02,2.295594453660e-02
590.80000000,2.133957469724e+13,7.630373862397e-02,8.666642845698e-02,-1.076400967159e-03,-1.219987023171e-03,6.333748010436e-02,5.937848045412e-02
591.00000000,3.489987814121e+13,6.344151051954e-02,7.205740153494e-02,1.386168592342e-02,1.571075970925e-02,6.645340620958e-02,6.229964114808e-02
591.20000000,1.247893962642e+13,6.638191260334e-02,7.539713496643e-02,4.588817981314e-02,5.200941433258e-02,5.826016960768e-02,5.461853450128e-02
591.40000000,2.688472330036e+13,3.932702130616e-02,4.466796175287e-02,1.550647406013e-02,1.757495367031e-02,2.148883336129e-02,2.014564314246e-02
591.60000000,2.400759740091e+13,1.790651351221e-02,2.033836873797e-02,8.470113277552e-03,9.599980489310e-03,6.117606988611e-03,5.735217226842e-03
591.80000000,4.682378291639e+13,-3.289907691693e-02,-3.736704842174e-02,-3.670569565658e-02,-4.160203654933e-02,-4.423333566993e-02,-4.146846785142e-02
592.00000000,3.081743958424e+13,-7.619018058310e-03,-8.653744827851e-03,-1.163924530492e-02,-1.319185755563e-02,-6.484690519281e-03,-6.079355677172e-03
592.20000000,2.010488552223e+13,-5.744787779688e-03,-6.524978304961e-03,-2.072376954036e-02,-2.348820809512e-02,4.398175828200e-03,4.123261566742e-03
592.40000000,4.420217559881e+13,-1.561654354509e-03,-1.773740157826e-03,2.264600944862e-02,2.566686439055e-02,8.421326623406e-03,7.894939575775e-03
592.60000000,4.755252151978e+13,-5.006280095161e-03,-5.686175062025e-03,4.790629859403e-02,5.429673922267e-02,1.052595887296e-03,9.868018780811e-04
592.80000000,8.526887251622e+12,-8.544801615027e-03,-9.705257582427e-03,1.546255184467e-02,1.752517246931e-02,-3.803407778943e-02,-3.565670343830e-02
593.00000000,1.153242433910e+13,7.244989124579e-03,8.228919617311e-03,3.535088116742e-03,4.006649714905e-03,-4.770471519027e-02,-4.472286383715e-02
593.20000000,4.197574633951e+13,3.445706951807e-02,3.913662952928e-02,1.497272066616e-02,1.697000046599e-02,-3.520586393670e-02,-3.300527113159e-02
593.40000000,1.600542983273e+13,3.952272690743e-02,4.489024582173e-02,3.023800369653e-02,3.427158953017e-02,-1.565076267551e-02,-1.467248940262e-02
593.60000000,3.179560590310e+13,3.098784985672e-02,3.519626064298e-02,3.174019448353e-02,3.597416442781e-02,1.773807294021e-02,1.662932935820e-02
593.80000000,4.275270751154e+13,2.721303620849e-02,3.090879553468e-02,4.428297390626e-02,5.019008265631e-02,-7.941002812808e-03,-7.444639090939e-03
594.00000000,3.463462352501e+13,1.748159516736e-04,1.985574290606e-04,6.889722970739e-02,7.808774679688e-02,1.675807223129e-02,1.571058499319e-02
594.20000000,2.461910678908e+13,-2.480788633599e-02,-2.817700606915e-02,-1.028600014925e-02,-1.165809682942e-02,-2.605748691937e-02,-2.442872648511e-02
594.40000000,3.053386105555e+12,7.411830217453e-04,8.418419134638e-04,-1.921115340908e-03,-2.177381716878e-03,-4.556194890379e-02,-4.271403421762e-02
594.60000000,2.980140103994e+13,5.791096997303e-02,6.577576704040e-02,4.167676726727e-02,4.723622217470e-02,-5.873737081826e-03,-5.506590756866e-03
594.80000000,4.066333607595e+13,1.610891610840e-02,1.829664247919e-02,1.843395462588e-02,2.089294427954e-02,-1.775878987074e-02,-1.664875134741e-02
595.00000000,1.336669100944e+13,4.434658735391e-03,5.036922711166e-03,1.455728245918e-02,1.649914505345e-02,-1.993409089143e-03,-1.868808207111e-03
595.20000000,2.652021244368e+13,-1.600432508078e-02,-1.817784710984e-02,6.468167484620e-03,7.330985976127e-03,-9.778101109548e-03,-9.166906934964e-03
595.40000000,2.444480237461e+13,-1.717872713763e-02,-1.951174284909e-02,-7.574640616302e-03,-8.585056627607e-03,-6.881981596662e-03,-6.451813508364e-03
595.60000000,2.862024620755e+13,5.936267590360e-02,6.742462685306e-02,3.807783185047e-02,4.315720827589e-02,4.903374186823e-02,4.596881780453e-02
595.80000000,3.151435669228e+13,6.422130920283e-02,7.294310344175e-02,6.625662293087e-02,7.509489738581e-02,6.100072065849e-02,5.718778349470e-02
596.00000000,2.012063346036e+13,6.667057276502e-02,7.572499760727e-02,7.411865008439e-02,8.400567635734e-02,7.269832459598e-02,6.815421199198e-02
596.20000000,2.918234986847e+13,2.425302083488e-02,2.754678516357e-02,1.169063019933e-02,1.325009691650e-02,3.559183586921e-02,3.336711733723e-02
596.40000000,5.875540882623e+12,-2.203059912014e-03,-2.502253987736e-03,4.849087961389e-03,5.495930018274e-03,8.562476639776e-03,8.027266808787e-03
596.60000000,1.898763324217e+13,-1.147916233909e-02,-1.303812918668e-02,1.859711852758e-02,2.107787336154e-02,3.558292365342e-03,3.335876219222e-03
596.80000000,3.009749758547e+13,3.729918388010e-02,4.236472693925e-02,5.747412020721e-02,6.514085639111e-02,4.767152783147e-02,4.469175090161e-02
597.00000000,3.748054612225e+13,8.077860142317e-02,9.174901528215e-02,6.255002160825e-02,7.089385553279e-02,5.655091272106e-02,5.301611715746e-02
597.20000000,2.063236540372e+13,1.347575701449e-01,1.530587822119e-01,8.569720199516e-02,9.712874434894e-02,1.563422475855e-01,1.465698521178e-01
597.40000000,1.662888422620e+13,2.611694200221e-02,2.966384251110e-02,4.641596006824e-02,5.260759761367e-02,8.961705383189e-02,8.401541189427e-02
597.60000000,1.275496493429e+13,2.485190696745e-02,2.822700507282e-02,3.674148159409e-02,4.164259613699e-02,3.899823914235e-02,3.656059850888e-02
597.80000000,1.538072210642e+13,-7.018319471208e-03,-7.971466317491e-03,1.225756470808e-02,1.389265741650e-02,1.035774833791e-02,9.710322485485e-03
598.00000000,1.892164351292e+13,1.221470150798e-02,1.387356076458e-02,1.999693364395e-02,2.266441622885e-02,1.960964418891e-02,1.838391537309e-02
598.20000000,2.466467743729e+13,8.453917447553e-03,9.602030580183e-03,7.535010705510e-02,8.540140301469e-02,5.017303915643e-02,4.703690168862e-02
598.40000000,-6.384176585586e+12,-2.979136504421e-03,-3.383728312401e-03,4.996856794014e-02,5.663410412413e-02,8.155982378361e-02,7.646181051721e-02
598.60000000,2.989430996338e+13,-2.826914209403e-02,-3.210832948705e-02,3.537198933709e-02,4.009042103416e-02,4.902573784499e-02,4.596131408420e-02
598.80000000,3.929388402189e+13,-4.996617961783e-02,-5.675200729623e-02,-2.363130235916e-04,-2.678359003601e-04,4.745868536693e-02,4.449221245928e-02
599.00000000,-1.569429046714e+13,-2.082710497579e-02,-2.365560110030e-02,2.841411844929e-02,3.220440787457e-02,1.972378285088e-02,1.849091963499e-02
599.20000000,4.133449270890e+13,1.735275508393e-02,1.970940525502e-02,4.531836887503e-02,5.136359370312e-02,3.173685036009e-03,2.975309320291e-03
599.40000000,2.060930378101e+13,6.097462129081e-03,6.925548798905e-03,4.068734692096e-02,4.611481851585e-02,-2.418853890002e-03,-2.267659973087e-03
599.60000000,-9.192242578311e+12,-1.845015061719e-02,-2.095583633673e-02,2.002726663185e-02,2.269879547295e-02,-1.380501929804e-02,-1.294211685099e-02
599.80000000,1.386672339956e+13,-7.950751829257e-03,-9.030530836572e-03,3.013769946572e-02,3.415790525852e-02,3.333648029415e-02,3.125273598340e-02
600.00000000,1.371945662580e+13,2.419020719197e-02,2.747544089935e-02,7.722196000073e-02,8.752295099971e-02,8.896117418107e-02,8.340052893774e-02
600.20000000,6.132375408167e+12,8.310272389383e-03,9.438877314280e-03,7.086805636460e-02,8.032147105027e-02,3.933702048002e-02,3.687820383520e-02
600.40000000,1.514120981642e+13,-2.022609804252e-02,-2.297297236777e-02,6.505810485904e-02,7.373650349795e-02,3.720719220550e-03,3.488150351873e-03
600.60000000,2.673051195033e+13,2.753492511505e-02,3.127439966359e-02,1.097531166663e-01,1.243935876785e-01,3.190646249780e-02,2.991210349172e-02
600.80000000,3.508971465546e+13,1.437709537323e-02,1.632962591418e-02,5.797968013900e-02,6.571385527818e-02,2.071393465405e-02,1.941918058560e-02
601.00000000,2.864668712197e+13,2.543233837811e-02,2.888626395362e-02,4.012905788096e-02,4.548205674327e-02,3.113960299589e-02,2.919317763818e-02
601.20000000,2.036402588604e+13,9.238968088410e-03,1.049369770460e-02,1.922697063882e-02,2.179174433125e-02,1.636688605854e-02,1.534385047086e-02
601.40000000,2.685235392811e+13,2.548791224033e-02,2.894938521401e-02,2.037112281800e-02,2.308852021099e-02,3.947232838126e-02,3.700505412284e-02
601.60000000,6.127084122354e+12,3.771336386227e-02,4.283515604849e-02,7.019650719779e-02,7.956034086373e-02,4.949421482291e-02,4.640050823955e-02
601.80000000,2.572413880662e+13,1.603063573296e-02,1.820773097000e-02,8.718921919597e-02,9.881978855911e-02,3.071934657345e-02,2.879918994361e-02
602.00000000,2.241261498886e+13,5.326643481951e-02,6.050046492732e-02,5.807348173241e-02,6.582016949584e-02,6.373719700838e-02,5.975321248220e-02
602.20000000,3.697351492049e+13,1.252541123866e-02,1.422646749145e-02,1.004157509159e-01,1.138106679361e-01,9.775341915345e-02,9.164320208135e-02
602.40000000,4.490142231681e+13,3.018549315097e-03,3.428493714443e-03,2.770688197324e-02,3.140282988513e-02,2.928211966964e-02,2.745179896002e-02
602.60000000,-4.920379168583e+12,-1.682180187054e-03,-1.910634412705e-03,2.271971131062e-02,2.575039768155e-02,3.905644525430e-02,3.661516636467e-02
602.80000000,3.394342302084e+12,-2.001651472252e-02,-2.273492586918e-02,-3.884923882132e-03,-4.403151675640e-03,-6.643878779089e-03,-6.228593647453e-03
603.00000000,2.337942116577e+13,-1.677359350096e-02,-1.905158865520e-02,1.303411107111e-03,1.477279085627e-03,4.747402434024e-03,4.450659264816e-03
603.20000000,3.081688607287e+13,-5.078959727471e-02,-5.768725200032e-02,-1.038181497118e-02,-1.176669282938e-02,-2.835467638153e-02,-2.658232683917e-02
603.40000000,1.844660807958e+13,-3.848236229277e-02,-4.370859093730e-02,-8.053309766008e-03,-9.127577647979e-03,-1.020362345346e-02,-9.565831397058e-03
603.60000000,4.895408669929e+13,-2.937242665536e-02,-3.336144937642e-02,1.298353650183e-02,1.471546991350e-02,-2.425446145123e-02,-2.273840169887e-02
603.80000000,3.012908220020e+13,-7.506548603686e-02,-8.526001074813e-02,-1.434290567461e-02,-1.625617156753e-02,-9.892399458296e-02,-9.274060902186e-02
604.00000000,4.003532170291e+13,-5.192531391570e-02,-5.897720851868e-02,-1.303105244008e-02,-1.476932422043e-02,-5.160322120291e-02,-4.837768816376e-02
604.20000000,3.040013412328e+13,-2.951299854242e-02,-3.352111210871e-02,3.258244719868e-03,3.692876909100e-03,-2.673325121465e-02,-2.506225116801e-02
604.40000000,3.115968520176e+13,-7.565745141596e-03,-8.593237000734e-03,3.602743500037e-02,4.083329959707e-02,-7.532646158283e-03,-7.061807352305e-03
604.60000000,8.054534847158e+12,-1.305700546067e-02,-1.483025668239e-02,2.741756668810e-02,3.107492150874e-02,-2.244530481484e-03,-2.104232898181e-03
604.80000000,4.708061420931e+13,-3.917595805119e-02,-4.449638283661e-02,1.883100078036e-02,2.134295423943e-02,-6.271434443290e-03,-5.879429476775e-03
605.00000000,4.869555171583e+12,3.677845541184e-03,4.177327916285e-03,6.392818040874e-03,7.245585324904e-03,-2.807729222511e-02,-2.632228097560e-02
605.20000000,8.756262301855e+12,-5.231589949493e-04,-5.942083890647e-04,-6.682102393761e-03,-7.573458642835e-03,-3.048938864725e-02,-2.858360586601e-02
605.40000000,1.556220141607e+13,-2.114825517073e-03,-2.402036619432e-03,-3.230357942662e-02,-3.661270186932e-02,-4.200617849087e-02,-3.938052231259e-02
605.60000000,4.588794003309e+13,8.869947719466e-03,1.007456126409e-02,-3.070633709301e-05,-3.480239606338e-05,-1.291947713732e-02,-1.211192676772e-02
605.80000000,3.531492210256e+13,-1.367387268153e-03,-1.553089966303e-03,5.151789984549e-03,5.839010850984e-03,6.572745665725e-03,6.161906810930e-03
606.00000000,7.180548167884e+12,-5.498308604203e-03,-6.245025183220e-03,3.847033127857e-02,4.360206500075e-02,2.122169032479e-02,1.989519826298e-02
606.20000000,1.085739334048e+13,-5.409701215579e-03,-6.144384165553e-03,1.859140789846e-02,2.107140096545e-02,2.639036581124e-02,2.474079830644e-02
606.40000000,9.975669037231e+12,1.122173328071e-02,1.274573909581e-02,8.600817361311e-03,9.748119789558e-03,3.159798563493e-05,2.962290841603e-05
606.60000000,1.040181126203e+12,4.337737968335e-02,4.926839288314e-02,7.319861770883e-03,8.296291664853e-03,4.039329953906e-02,3.786845866312e-02
606.80000000,3.716879471781e+13,4.476442897721e-02,5.084381514371e-02,5.316057604973e-02,6.025190881807e-02,6.331490297107e-02,5.935731453679e-02
607.00000000,3.356011753019e+13,1.370995744702e-02,1.557188504335e-02,2.588185038626e-02,2.933434897427e-02,5.723862582785e-02,5.366084377434e-02
607.20000000,2.809942812030e+13,-5.163490876920e-03,-5.864736390940e-03,3.136764430241e-02,3.555191807136e-02,1.687388727531e-02,1.581916085249e-02
607.40000000,4.788829370609e+13,-8.427649426613e-03,-9.572195140941e-03,5.668674597355e-03,6.424845070145e-03,8.380061714163e-03,7.856253988617e-03
607.60000000,2.914451936618e+13,-1.111225726543e-03,-1.262139531637e-03,-2.374563995854e-02,-2.691317965160e-02,9.105486750877e-03,8.536335297385e-03
607.80000000,2.165994276694e+13,-1.381450858129e-02,-1.569063510150e-02,-6.122508541276e-02,-6.939218002863e-02,-1.277649451210e-02,-1.197788147569e-02
608.00000000,2.780378461108e+13,-4.221821289384e-03,-4.795180148874e-03,-3.512570194674e-02,-3.981128024058e-02,-2.656770914456e-02,-2.490705654143e-02
608.20000000,5.517077825365e+13,-7.607588256513e-03,-8.640762762784e-03,-6.694464695833e-03,-7.587470009013e-03,2.893236221597e-08,2.712390391215e-08
608.40000000,-2.807151481283e+13,-5.112415510260e-02,-5.806724559668e-02,2.677871526723e-02,3.035085077026e-02,-2.921300925830e-02,-2.738700839364e-02
608.60000000,3.226344530668e+13,-1.558106018436e-01,-1.769709927854e-01,-8.277391203544e-02,-9.381550334988e-02,-1.947682871187e-02,-1.825940171713e-02
608.80000000,1.882986616339e+13,-7.182182869797e-02,-8.157583744588e-02,-6.695303240489e-02,-7.588420410982e-02,-1.046891898096e-01,-9.814544248722e-02
609.00000000,1.017425788305e+13,-1.278205439511e-02,-1.451796494830e-02,-4.139039062343e-02,-4.691164443844e-02,-5.143374999506e-02,-4.821880999579e-02
609.20000000,3.300634269034e+13,1.856561306319e-02,2.108697955457e-02,-2.552743851060e-02,-2.893266047495e-02,-7.989062514846e-04,-7.489694752661e-04
609.40000000,3.864166718276e+13,7.951576421304e-03,9.031467415159e-03,-3.728392291628e-03,-4.225739619206e-03,-1.616955602945e-02,-1.515885483705e-02
609.60000000,3.936688081823e+13,-3.104629341575e-02,-3.526264132915e-02,-3.348150753847e-02,-3.794775920811e-02,-5.478779515119e-02,-5.136320576931e-02
609.80000000,2.011373014713e+13,-1.655873611143e-01,-1.880755182405e-01,-1.923734837714e-01,-2.180350640363e-01,-1.826329513814e-01,-1.712172179255e-01
610.00000000,4.012819917072e+13,-1.996869212853e-01,-2.268060856448e-01,6.331648146895e-02,7.176255698546e-02,-1.071487037125e-01,-1.004512209611e-01
610.20000000,2.292668816362e+12,-8.766960647687e-02,-9.957587681283e-02,-6.575259258989e-02,-7.452363212866e-02,-1.996928009110e-01,-1.872107171960e-01
610.40000000,3.423482738161e+13,-4.079226272876e-02,-4.633219529127e-02,-3.835703992799e-02,-4.347366119793e-02,-4.748984953295e-02,-4.452142866460e-02
610.60000000,1.841589153314e+13,-1.297642903368e-02,-1.473873729853e-02,-1.219629665530e-02,-1.382321653750e-02,-5.689074253252e-03,-5.333470542121e-03
610.80000000,3.072358009294e+13,1.548092456861e-02,1.758336440349e-02,1.528681715154e-02,1.732599572043e-02,1.140924446377e-02,1.069609334429e-02
611.00000000,1.730666821984e+13,5.527444074146e-03,6.278117495169e-03,8.252413978734e-03,9.353241283740e-03,1.032326797725e-02,9.677997369013e-03
611.20000000,2.973671539705e+13,2.514074149499e-02,2.855506575987e-02,1.178367991438e-02,1.335555895931e-02,1.557664527557e-02,1.460300481662e-02
611.40000000,1.784453727927e+13,1.544616301902e-02,1.754388194293e-02,2.781322770585e-02,3.152336156217e-02,3.826113431013e-02,3.586956746690e-02
611.60000000,3.152227603031e+13,4.471062346820e-03,5.078270239378e-03,-2.557866265372e-03,-2.899071764118e-03,-2.061621134063e-02,-1.932756560745e-02
611.80000000,2.842179031113e+13,-3.817304020951e-02,-4.335726031205e-02,-1.435296604918e-02,-1.626757394155e-02,-4.027383181991e-02,-3.775645844437e-02
612.00000000,1.791584219866e+13,-2.285629059257e-02,-2.596036720028e-02,-1.304930484110e-02,-1.479001139284e-02,-4.247256836639e-02,-3.981775982285e-02
612.20000000,3.608034075815e+13,2.753193064820e-03,3.127099852294e-03,4.316256751679e-02,4.892022012597e-02,3.959193618811e-03,3.711718567289e-03
612.40000000,-2.028614685381e+12,2.947350946992e-02,3.347626008785e-02,6.249143443356e-02,7.082745314647e-02,4.398789196353e-02,4.123836595443e-02
612.60000000,1.709451644556e+13,2.682852303442e-02,3.047206223573e-02,4.981806224641e-02,5.646352178645e-02,5.676435655204e-02,5.321621937695e-02
612.80000000,1.644358460195e+11,1.335691535274e-02,1.517089686168e-02,7.216574789463e-03,8.179226759823e-03,3.442939656963e-02,3.227733796622e-02
613.00000000,2.627952583620e+13,4.581245042174e-02,5.203416671994e-02,-1.009942040664e-02,-1.144662836022e-02,2.118659773383e-02,1.986229918454e-02
613.20000000,2.686668532547e+13,6.164497150260e-02,7.001687740087e-02,3.883530919551e-02,4.401572899400e-02,6.986381223920e-02,6.549687487820e-02
613.40000000,2.328719986747e+13,3.768479053386e-02,4.280270222163e-02,2.739666617777e-02,3.105123298360e-02,3.941777491222e-02,3.695391059628e-02
613.60000000,1.134268780618e+13,5.709398391088e-02,6.484782739573e-02,4.596496776886e-02,5.209644538548e-02,4.576373245155e-02,4.290320499655e-02
613.80000000,2.765590124674e+13,1.982961927497e-02,2.252264844705e-02,4.581524459791e-02,5.192674995488e-02,3.794677557096e-02,3.557485816968e-02
614.00000000,3.551178232631e+12,4.219124422696e-03,4.792117024995e-03,2.419315771390e-02,2.742039385043e-02,2.898955961602e-02,2.717752579037e-02
614.20000000,2.138430610656e+13,-4.896095052752e-03,-5.561025963603e-03,5.437008734464e-03,6.162276236540e-03,-1.154871050921e-02,-1.082684186538e-02
614.40000000,2.281797073370e+13,2.024659988996e-02,2.299625853862e-02,6.001490696890e-03,6.802057033831e-03,-7.580235190466e-04,-7.106421764064e-04
614.60000000,1.204954852368e+13,7.164685014956e-02,8.137709533808e-02,3.881346374641e-02,4.399096948037e-02,4.212220227646e-02,3.948929386576e-02
614.80000000,2.970652529634e+13,7.512502163878e-02,8.532763178580e-02,1.882261013584e-02,2.133344432841e-02,-2.458672463256e-03,-2.304989629553e-03
615.00000000,4.374875962970e+13,1.946599813609e-02,2.210964449749e-02,-4.339912387646e-02,-4.918833182211e-02,-1.650414047723e-02,-1.547252560608e-02
615.20000000,3.624520845064e+13,2.313683750027e-02,2.627901473898e-02,-2.376538237891e-02,-2.693555560387e-02,9.958527291514e-03,9.336055320748e-03
615.40000000,9.520207115810e+12,-1.065130641348e-02,-1.209784345963e-02,-2.641999733584e-02,-2.994428181071e-02,1.167348382097e-03,1.094381604310e-03
615.60000000,2.796923015346e+13,2.262487154257e-02,2.569751949580e-02,-1.703353224135e-02,-1.930571313778e-02,2.315927010021e-02,2.171166684736e-02
615.80000000,2.422131937481e+13,4.768893637094e-02,5.416549525246e-02,1.855907105478e-02,2.103475056205e-02,1.377935471303e-02,1.291805646751e-02
616.00000000,1.970987345488e+13,3.134688051110e-02,3.560405068162e-02,2.218961713531e-02,2.514959181583e-02,-9.665366386180e-03,-9.061218856483e-03
616.20000000,2.197682863451e+13,-1.456300021811e-02,-1.654077820146e-02,-7.258459183111e-03,-8.226698304613e-03,-2.453363642903e-02,-2.300012644598e-02
616.40000000,3.085142119586e+13,-6.532152282933e-02,-7.419273533749e-02,-3.908233320943e-02,-4.429570467275e-02,-8.174359613514e-02,-7.663409591545e-02
616.60000000,1.609914130845e+13,-4.281367669722e-02,-4.862813428770e-02,-2.586292773709e-02,-2.931290214625e-02,-2.079066496095e-02,-1.949111475508e-02
616.80000000,3.675335256089e+13,-8.002633540107e-03,-9.089458520361e-03,2.030291728783e-03,2.301121643271e-03,1.889741463403e-02,1.771620474372e-02
617.00000000,5.053098493047e+13,2.147089638952e-02,2.438682480579e-02,7.882771068194e-03,8.934290012025e-03,1.075415028725e-02,1.008194676485e-02
617.20000000,1.767879583747e+13,3.102766264380e-02,3.524148034158e-02,2.068692876977e-02,2.344645296538e-02,-1.275953101061e-02,-1.196197830209e-02
617.40000000,2.088153566893e+13,-1.670547181898e-02,-1.897421547553e-02,2.439581926077e-02,2.765008934943e-02,-4.858989776232e-02,-4.555271680834e-02
617.60000000,1.779807786522e+13,-1.427329809677e-02,-1.621173209409e-02,1.918637131404e-02,2.174572927656e-02,-5.100682236597e-02,-4.781856808787e-02
617.80000000,3.085942631507e+13,-4.058892208657e-03,-4.610123927868e-03,1.167317663670e-02,1.323031514320e-02,-5.675283778849e-02,-5.320542061016e-02
618.00000000,1.548333508130e+13,-2.915128801250e-03,-3.311027824487e-03,6.016868805150e-03,6.819486498400e-03,-3.689593227949e-02,-3.458969933892e-02
618.20000000,3.226864870470e+13,3.208222106158e-02,3.643925666705e-02,2.042361168856e-02,2.314801081245e-02,1.836861873646e-02,1.722046198894e-02
618.40000000,3.298178364897e+13,2.129238832582e-02,2.418407384482e-02,6.020575729764e-02,6.823687906668e-02,1.976451474341e-02,1.852910552241e-02
618.60000000,1.418734880990e+13,2.114430769536e-02,2.401588261858e-02,6.318140563838e-02,7.160946277107e-02,6.928731046329e-03,6.495640816915e-03
618.80000000,2.561870879225e+13,1.257369969158e-02,1.428131392264e-02,2.742732990133e-02,3.108598708172e-02,-1.697295425710e-02,-1.591203551110e-02
619.00000000,3.432297801132e+13,8.502123161513e-03,9.656783035769e-03,2.877135741500e-02,3.260930058244e-02,7.660543099075e-03,7.181709912156e-03
619.20000000,2.391062014040e+13,8.678069220221e-03,9.856624049910e-03,-6.133534576524e-03,-6.951714851463e-03,2.055202772696e-02,1.926739388222e-02
619.40000000,2.082902660023e+13,5.737099334722e-02,6.516245704467e-02,-7.792731923144e-03,-8.832240132946e-03,3.132148957607e-02,2.936369513790e-02
619.60000000,2.091063724524e+13,2.198775844200e-02,2.497388107461e-02,-2.832714544427e-02,-3.210583314199e-02,-7.538951726147e-03,-7.067718781645e-03
619.80000000,4.529872567867e+13,4.533283999595e-02,5.148942116221e-02,1.560788799769e-02,1.768989567757e-02,-4.358549500329e-03,-4.086112139087e-03
620.00000000,1.464147395317e+13,2.012121788576e-02,2.285384860311e-02,-3.657195292938e-03,-4.145045326707e-03,-3.544634982714e-02,-3.323072510799e-02
620.20000000,1.145672122638e+13,-8.367811393048e-03,-9.504230598856e-03,-8.360196780758e-03,-9.475401727479e-03,-7.474741518400e-02,-7.007522124636e-02
620.40000000,6.712050892385e+12,2.540886796806e-02,2.885960606437e-02,5.274483277396e-03,5.978070764223e-03,-2.569257507151e-02,-2.408662397346e-02
620.60000000,4.150206891154e+13,4.082914239633e-02,4.637408352806e-02,3.275576575154e-02,3.712520739960e-02,8.952248579056e-03,8.392675496343e-03
620.80000000,2.993240799563e+13,4.174606345636e-02,4.741553018432e-02,2.513576014382e-02,2.848873433654e-02,4.032512836865e-02,3.780454862907e-02
621.00000000,2.420227725008e+13,7.601757187758e-02,8.634139785821e-02,4.116509475597e-02,4.665629532314e-02,4.580971020717e-02,4.294630884690e-02
621.20000000,1.832933944134e+13,1.956805519270e-02,2.222556176124e-02,-1.767044176915e-02,-2.002758294519e-02,-6.362344379579e-03,-5.964656957662e-03
621.40000000,2.650851882289e+13,-5.202134187282e-02,-5.908627788050e-02,3.440861864708e-03,3.899854191461e-03,-1.922976086769e-02,-1.802777720140e-02
621.60000000,4.555443555084e+13,-3.671604865891e-02,-4.170239704770e-02,-4.573325770452e-02,-5.183382645418e-02,-8.332548078404e-02,-7.811710260519e-02
621.80000000,2.020898512264e+13,7.515302875873e-03,8.535944250833e-03,1.919511799886e-02,2.175564272173e-02,-4.438371309099e-02,-4.160944571702e-02
622.00000000,1.690700509576e+13,3.933490845275e-02,4.467692004034e-02,4.106133690376e-02,4.653869673571e-02,3.151849318312e-02,2.954838475313e-02
622.20000000,1.973302209144e+13,9.969536864051e-03,1.132348386801e-02,4.783567429099e-02,5.421669402032e-02,1.043736013038e-02,9.784958029169e-03
622.40000000,2.535282486783e+13,9.663396825910e-03,1.097576743639e-02,2.077230737609e-02,2.354322061511e-02,1.382538154727e-02,1.296120632875e-02
622.60000000,1.848714258589e+13,-5.019572359751e-02,-5.701272528006e-02,-3.414845556366e-02,-3.870367448567e-02,-9.213998978053e-03,-8.638064812828e-03
622.80000000,1.113650236794e+13,-7.870851603218e-02,-8.939779487443e-02,-2.081968375933e-03,-2.359691675115e-03,-3.706404596763e-02,-3.474730484089e-02
623.00000000,2.240652283368e+13,-3.630315186502e-02,-4.123342539450e-02,-4.297055659666e-02,-4.870259598959e-02,1.346635382994e-02,1.262462015164e-02
623.20000000,4.275608367163e+13,-1.083454767662e-03,-1.230597042835e-03,-1.336593639885e-02,-1.514887988456e-02,-1.761000431238e-04,-1.650926584283e-04
623.40000000,1.763512300090e+13,9.723260640316e-03,1.104376126058e-02,-3.054240173230e-03,-3.461659261438e-03,6.323137452148e-03,5.927900715224e-03
623.60000000,3.202085908882e+13,-2.071417521171e-02,-2.352733452391e-02,2.022415777177e-03,2.292195082399e-03,3.789744134827e-03,3.552860765304e-03
623.80000000,3.913707641290e+13,-2.175598676389e-02,-2.471063285216e-02,-1.702150852755e-02,-1.929208552572e-02,-1.119909194415e-02,-1.049907670804e-02
624.00000000,3.346056572091e+13,-1.561233730534e-02,-1.773262409575e-02,-3.582154130876e-02,-4.059994080273e-02,-2.460276598234e-02,-2.306493495782e-02
624.20000000,4.001131832791e+13,-7.567672948308e-03,-8.595426619821e-03,-6.324631757149e-02,-7.168303360430e-02,-8.883982930952e-03,-8.328676890068e-03
624.40000000,1.675557862520e+13,2.253409586974e-03,2.559441572270e-03,-1.906920370582e-02,-2.161293214433e-02,-7.582838630405e-03,-7.108862472274e-03
624.60000000,4.971967766408e+13,1.511041859527e-02,1.716254060100e-02,-3.528952522405e-02,-3.999695665531e-02,1.911783684137e-02,1.792284914620e-02
624.80000000,3.311653733963e+13,1.221287540978e-02,1.387148666688e-02,-1.069654005818e-02,-1.212340053749e-02,1.367182938617e-02,1.281725216478e-02
625.00000000,1.795879567473e+13,1.531508290428e-02,1.739500004551e-02,-1.550346178301e-02,-1.757153957174e-02,6.406031746369e-03,6.005613583198e-03
625.20000000,1.875526268351e+13,6.010385663403e-03,6.826646616402e-03,-1.822463014758e-02,-2.065569705016e-02,-3.922667561768e-02,-3.677475623607e-02
625.40000000,2.773947613246e+13,2.122453388365e-02,2.410700419838e-02,-8.476763300869e-03,-9.607517589700e-03,-1.838307228212e-02,-1.723401209508e-02
625.60000000,5.886881479925e+12,2.173347402532e-02,2.468506269423e-02,-1.956603196800e-02,-2.217603460438e-02,-3.323220185445e-02,-3.115497561650e-02
625.80000000,8.134020044158e+12,5.247766902515e-02,5.960457810030e-02,-8.822549494947e-03,-9.999429788256e-03,2.922750092742e-02,2.740059424029e-02
626.00000000,3.283970510577e+13,4.302619401639e-02,4.886951324723e-02,7.612475789178e-02,8.627938807516e-02,7.563524936119e-02,7.090756008032e-02
626.20000000,3.037558639007e+13,-5.099388190633e-03,-5.791928020404e-03,3.201522661150e-02,3.628588435125e-02,2.916007769660e-02,2.733738539480e-02
626.40000000,2.694509420491e+13,2.195206333474e-02,2.493333827139e-02,1.355128382289e-02,1.535895165058e-02,3.851214523067e-02,3.610488859136e-02
626.60000000,3.487501001331e+13,3.063613069578e-02,3.479677506012e-02,1.423012420539e-02,1.612834566148e-02,2.408943523715e-02,2.258369068399e-02
626.80000000,3.147237613517e+13,1.651753936988e-02,1.876076021831e-02,-6.933144371211e-03,-7.857988259683e-03,-1.960875833019e-02,-1.838308488623e-02
627.00000000,1.694803074298e+13,1.597141205554e-03,1.814046421880e-03,5.073088846871e-04,5.749811408025e-04,-3.592969268193e-02,-3.368385592735e-02
627.20000000,2.508843409811e+13,-2.479037163862e-02,-2.815711272849e-02,-2.820330714426e-03,-3.196547548383e-03,-3.430423253665e-02,-3.215999748988e-02
627.40000000,2.779975362722e+13,-1.400399987878e-02,-1.590586091183e-02,1.658638729257e-02,1.879892147592e-02,1.834964197237e-02,1.720267139459e-02
627.60000000,3.024851362731e+13,4.089125675843e-02,4.644463354325e-02,7.385348088350e-02,8.370513502201e-02,1.053534626836e-01,9.876819403657e-02
627.80000000,1.316847355659e+13,2.275981484954e-02,2.585078923947e-02,1.699425673631e-02,1.926119849321e-02,-1.297942656435e-02,-1.216812897019e-02
628.00000000,4.955976124599e+13,1.788615980968e-02,2.031525083136e-02,-3.332472127900e-02,-3.777005851125e-02,4.687572885722e-02,4.394569447877e-02
628.20000000,4.028013796828e+13,1.982373864173e-02,2.251596917433e-02,1.064130911929e-02,1.206080209064e-02,2.584069357432e-02,2.422548411770e-02
628.40000000,1.805584144101e+13,1.787109037383e-03,2.029813483930e-03,4.094402565160e-02,4.640573679822e-02,-1.525468418232e-02,-1.430116836131e-02
628.60000000,2.275947286823e+13,6.473571656707e-03,7.352737165502e-03,3.816469033860e-02,4.325565321566e-02,-1.008975787784e-02,-9.459083151855e-03
628.80000000,2.165089217631e+13,-2.055661004382e-03,-2.334837068023e-03,5.368723405504e-02,6.084882014734e-02,1.426890149066e-02,1.337700342466e-02
629.00000000,-4.874803651723e+12,1.964326575675e-02,2.231098655281e-02,5.909346697463e-02,6.697621524208e-02,3.565694316101e-02,3.342815500476e-02
629.20000000,6.322285523459e+12,-1.173954189406e-02,-1.333387047643e-02,2.329058420688e-02,2.639742192862e-02,-2.845970095481e-03,-2.668078670150e-03
629.40000000,2.239570151108e+13,-4.928788847493e-03,-5.598159850802e-03,2.780756159379e-02,3.151693962148e-02,9.812722548315e-03,9.199364311256e-03
629.60000000,9.788438209115e+12,-1.944760063708e-03,-2.208874846329e-03,2.098056339010e-02,2.377925685286e-02,1.248479566308e-04,1.170441567985e-04
629.80000000,2.164646365865e+13,8.069035709194e-04,9.164878662817e-04,3.146292360806e-02,3.565990712008e-02,7.244540277748e-03,6.791709941296e-03
630.00000000,3.440503924332e+13,-1.122074795098e-02,-1.274461995001e-02,1.943699828564e-02,2.202978852803e-02,1.327490571516e-02,1.244513877469e-02
630.20000000,2.908213584394e+13,-1.739581186380e-02,-1.975830950794e-02,1.349347943191e-02,1.529343646708e-02,-9.451659031529e-03,-8.860869585244e-03
630.40000000,4.069291757581e+13,-4.400629110335e-02,-4.998271576652e-02,-1.750840491756e-02,-1.984393125567e-02,-5.735848805965e-02,-5.377321384615e-02
630.60000000,2.116218473422e+12,-4.671070210965e-02,-5.305440854624e-02,-3.580917088417e-02,-4.058592023054e-02,-6.417521208327e-02,-6.016384879928e-02
630.80000000,-5.571401239548e+12,-4.609796659541e-02,-5.235845839273e-02,-5.283775163999e-02,-5.988602138146e-02,-7.568216545493e-02,-7.095154361662e-02
631.00000000,2.828426833744e+13,1.913155113857e-02,2.172977678320e-02,7.225912097849e-03,8.189809614550e-03,-8.109045572411e-03,-7.602178097860e-03
631.20000000,3.350844551826e+13,3.921956927788e-02,4.454591683489e-02,2.005355748413e-02,2.272859338246e-02,1.605076808640e-02,1.504749190403e-02
631.40000000,1.361479749506e+13,-2.146012404607e-02,-2.437458948744e-02,-7.064407225114e-03,-8.006760866984e-03,-2.332945771340e-02,-2.187121664073e-02
631.60000000,4.289806957554e+13,-3.779173368245e-02,-4.292416914977e-02,-4.500474307868e-03,-5.100813192507e-03,-3.679838698144e-02,-3.449825124904e-02
631.80000000,1.301773040482e+13,-6.720440326710e-02,-7.633132678393e-02,-2.058228331137e-02,-2.332784836989e-02,-4.105381172453e-02,-3.848768459111e-02
632.00000000,7.755887441505e+12,-7.150706322789e-02,-8.121832417608e-02,-2.565699286336e-02,-2.907949667632e-02,-4.238601931961e-02,-3.973662064785e-02
632.20000000,4.247678228464e+13,-3.991783487663e-02,-4.533901277815e-02,-2.746988852375e-02,-3.113422279373e-02,-1.856176185277e-02,-1.740153241892e-02
632.40000000,3.000887733900e+13,-5.201929549075e-02,-5.908395358252e-02,-7.452623584612e-02,-8.446763185099e-02,-6.346577392005e-02,-5.949875508165e-02
632.60000000,2.871764730365e+13,1.338371189058e-02,1.520133259485e-02,-2.151539217087e-03,-2.438542889474e-03,-1.965127178354e-02,-1.842294097547e-02
632.80000000,1.382240797558e+13,2.837774849458e-02,3.223168555077e-02,4.268537217769e-02,4.837936951455e-02,6.448623225853e-03,6.045542821430e-03
633.00000000,1.234976734878e+13,-3.598445961573e-03,-4.087145205582e-03,5.094333530617e-02,5.773890017454e-02,2.450737667347e-02,2.297550809395e-02
633.20000000,3.001617780356e+13,-3.781597436701e-02,-4.295170192328e-02,3.190507932967e-02,3.616104401891e-02,1.250158576113e-02,1.172015628882e-02
633.40000000,3.844501077943e+13,-5.639047163632e-02,-6.404877223394e-02,8.387129990399e-03,9.505927681336e-03,2.399589854387e-02,2.249600063531e-02
633.60000000,3.756906996774e+13,-3.343463042550e-02,-3.797533460368e-02,-3.425358662262e-03,-3.882282945819e-03,-3.276612454423e-03,-3.071803113419e-03
633.80000000,1.511375168065e+13,-2.259893267597e-02,-2.566805791283e-02,-2.427724299212e-02,-2.751569564911e-02,-2.031874940102e-02,-1.904869695120e-02
634.00000000,2.119775721940e+13,-4.418478750008e-02,-5.018545347605e-02,1.438288526824e-02,1.630148422230e-02,-9.297989663056e-02,-8.716805540113e-02
634.20000000,2.899359021946e+13,7.768135272148e-02,8.823113414213e-02,1.413493018636e-01,1.602045327616e-01,7.056310215504e-02,6.615245467916e-02
634.40000000,3.681178130252e+13,8.585741787306e-02,9.751757774630e-02,6.334630969117e-02,7.179636413089e-02,1.151364030641e-01,1.079396377569e-01
634.60000000,2.417847608609e+13,1.949491366237e-02,2.214248699557e-02,1.377856154156e-02,1.561654698530e-02,4.041455049815e-02,3.788838130066e-02
634.80000000,1.820220414088e+13,3.478715972575e-03,3.951154876501e-03,-5.441529278307e-03,-6.167399796434e-03,1.993592749630e-02,1.868980387637e-02
635.00000000,3.892750199046e+13,9.319672499125e-03,1.058536245345e-02,-2.670477045204e-03,-3.026704211743e-03,-8.670914778652e-03,-8.128926866923e-03
635.20000000,-3.058412601593e+11,4.557622149851e-02,5.176585592098e-02,4.194129417447e-02,4.753603553784e-02,-5.027358169845e-03,-4.713115967547e-03
635.40000000,3.948144688920e+13,1.675937338340e-01,1.903543732601e-01,1.205974928014e-01,1.366845448243e-01,5.379573139655e-02,5.043315237648e-02
635.60000000,-1.334329066663e+13,1.686166521423e-01,1.915162124829e-01,1.812143906902e-01,2.053874084092e-01,2.193016016892e-01,2.055938418770e-01
635.80000000,1.609047143109e+13,1.341759707091e-02,1.523981966783e-02,5.270693605475e-02,5.973775570604e-02,8.237707992873e-02,7.722798289981e-02
636.00000000,4.111983887983e+13,-8.855574378156e-04,-1.005823590207e-03,-1.680243118654e-03,-1.904378445460e-03,-1.389039187570e-02,-1.302215309375e-02
636.20000000,2.168670264961e+13,-1.845941856608e-02,-2.096636295108e-02,-3.181270489409e-02,-3.605634733420e-02,-3.225533996314e-03,-3.023917387283e-03
636.40000000,4.490736164775e+13,1.192031587371e-03,1.353919508381e-03,-1.151101831183e-02,-1.304652577652e-02,-5.232995795589e-03,-4.905899919809e-03
636.60000000,3.679374018798e+13,1.125844421216e-02,1.278743568068e-02,-1.077587081686e-02,-1.221331358948e-02,-1.643179172264e-02,-1.540469911372e-02
636.80000000,4.321509262903e+13,8.710758997425e-03,9.893753373956e-03,-4.363694962717e-02,-4.945788223920e-02,-4.510977114813e-02,-4.229012047837e-02
637.00000000,2.076001183952e+13,2.485906501738e-02,2.823513524617e-02,-1.983759809660e-02,-2.248382618292e-02,-3.491553620958e-02,-3.273309075368e-02
637.20000000,3.742422706427e+13,1.704258300458e-02,1.935710919707e-02,1.884277715132e-02,2.135630151446e-02,7.566564315769e-03,7.093605406918e-03
637.40000000,2.976941321718e+13,3.353116743777e-03,3.808498215462e-03,-4.757740726320e-02,-5.392397557057e-02,-4.483158295805e-02,-4.202932083841e-02
637.60000000,4.531991543977e+13,-2.084471411540e-02,-2.367560170926e-02,-4.976373168504e-02,-5.640194382260e-02,-4.164080945710e-03,-3.903799119207e-03
637.80000000,2.482020882815e+13,-3.185713155587e-02,-3.618359811224e-02,-2.772254713375e-02,-3.142058469315e-02,2.953312359246e-02,2.768711352417e-02
638.00000000,2.770896702260e+13,-1.211480944844e-02,-1.376010252273e-02,-3.744694096873e-02,-4.244215996932e-02,4.177339345367e-02,3.916228783659e-02
638.20000000,1.455087371326e+13,-3.760055839764e-02,-4.270703065246e-02,-2.767189614295e-02,-3.136317713466e-02,-2.308693934025e-02,-2.164385722485e-02
638.40000000,3.401991470507e+13,-4.714648124551e-02,-5.354937015601e-02,-4.105872981744e-02,-4.653574187819e-02,-5.673343385396e-02,-5.318722954627e-02
638.60000000,1.905530181029e+13,-4.935382692004e-02,-5.605649194888e-02,-4.641874554699e-02,-5.261075466019e-02,-5.320571460447e-02,-4.988001542663e-02
638.80000000,1.863297104228e+13,-3.844276170655e-03,-4.366361225821e-03,-1.559598332976e-02,-1.767640299146e-02,-1.170019768388e-02,-1.096886011785e-02
639.00000000,2.270994279950e+13,1.463614774463e-02,1.662385977766e-02,-2.370620001819e-02,-2.686847863693e-02,2.748337943351e-02,2.576549155124e-02
639.20000000,3.681464253454e+13,1.585114384594e-02,1.800386257422e-02,-2.453467729998e-02,-2.780747029859e-02,6.763197021396e-02,6.340453732619e-02
639.40000000,3.084019191137e+13,-1.070565012449e-02,-1.215956750391e-02,-2.130504601520e-02,-2.414702370178e-02,1.689137536431e-02,1.583555582351e-02
639.60000000,2.809921450245e+13,-1.735005185849e-02,-1.970633490882e-02,-3.492931531549e-02,-3.958869669693e-02,1.442439737511e-02,1.352277981678e-02
639.80000000,3.795535440701e+13,-5.448065749594e-02,-6.187958926141e-02,-3.591486628497e-02,-4.070571482504e-02,-3.244612615163e-02,-3.041803469813e-02
640.00000000,3.136957702374e+13,-4.037696835393e-02,-4.586050044547e-02,-2.889645020652e-02,-3.275108007446e-02,-4.090939646570e-02,-3.835229621429e-02
640.20000000,4.104613618861e+13,-1.237904942887e-03,-1.406022851618e-03,-4.774136805537e-02,-5.410980784391e-02,1.554935313602e-02,1.457741861122e-02
640.40000000,8.406800972607e+12,9.141015893406e-03,1.038244277720e-02,-4.491758829230e-03,-5.090935116248e-03,1.989221257913e-02,1.864882142253e-02
640.60000000,9.545984645157e+12,3.925248631719e-02,4.458330428516e-02,-1.888368283394e-03,-2.140266379347e-03,7.726860989624e-03,7.243882508243e-03
640.80000000,2.133398155233e+13,6.691648081107e-02,7.600430203538e-02,2.609454614301e-02,2.957541719237e-02,3.495367048799e-02,3.276884139457e-02
641.00000000,1.853267637665e+13,3.292927504320e-02,3.740134770769e-02,3.535460565111e-03,4.007071845868e-03,1.461085260085e-02,1.369758039234e-02
641.20000000,1.350735512972e+13,3.214097737111e-02,3.650599257787e-02,9.603066825746e-03,1.088406390137e-02,5.142208422862e-03,4.820787341474e-03
641.40000000,1.884062653840e+13,4.345030726270e-02,4.935122464149e-02,3.442986980136e-03,3.902262785771e-03,-9.415171751404e-04,-8.826662994670e-04
641.60000000,1.798705837083e+13,1.494187592294e-02,1.697110841541e-02,-2.729148992088e-02,-3.093202678398e-02,-4.377278816102e-02,-4.103670752229e-02
641.80000000,4.511349380282e+12,-4.665824770610e-03,-5.299483039325e-03,-5.030105327808e-02,-5.701094120442e-02,-6.870274237285e-02,-6.440837934205e-02
642.00000000,6.505129035437e+12,-2.476272060953e-03,-2.812570645695e-03,2.760448192892e-02,3.128677022980e-02,-6.218878577307e-03,-5.830158690253e-03
642.20000000,4.995809060033e+13,4.765266283797e-02,5.412429546845e-02,3.260696637732e-02,3.695655899520e-02,1.591490374507e-02,1.492011995739e-02
642.40000000,2.899876014730e+13,7.612612139021e-02,8.646468930815e-02,5.515568143800e-02,6.251315045369e-02,3.941647674034e-02,3.695269356849e-02
642.60000000,1.511534846476e+13,6.357142388809e-02,7.220495823221e-02,3.913400452837e-02,4.435426866564e-02,1.524156168333e-02,1.428886610286e-02
642.80000000,4.354071175370e+13,3.607580901078e-02,4.097520746747e-02,-2.546353657365e-02,-2.886023436590e-02,-2.444890730875e-02,-2.292069344037e-02
643.00000000,2.547859379255e+12,4.513401508295e-02,5.126359415283e-02,-1.109597004512e-02,-1.257611232018e-02,9.561214000962e-03,8.963576664850e-03
643.20000000,2.652239274241e+13,5.592270911194e-02,6.351748362233e-02,3.926730439754e-02,4.450535001500e-02,3.437968273967e-02,3.223073157020e-02
643.40000000,3.530056092050e+13,8.787069849099e-02,9.980427881475e-02,8.655943475392e-02,9.810599428529e-02,8.657341070494e-02,8.116201602780e-02
643.60000000,3.239483002602e+13,8.116588608704e-02,9.218889646254e-02,9.056352175027e-02,1.026442047888e-01,7.899473932957e-02,7.405706033033e-02
643.80000000,4.487194390499e+13,7.133204824517e-02,8.101954068588e-02,4.347349891944e-02,4.927262809279e-02,8.054856568849e-02,7.551376255357e-02
644.00000000,-1.263281864276e+13,5.141848104325e-02,5.840154347695e-02,3.183586519160e-02,3.608259708989e-02,1.968287712734e-02,1.845257078212e-02
644.20000000,3.973143175000e+13,3.366043875511e-02,3.823180960472e-02,2.850084148681e-02,3.230269929534e-02,4.706181123879e-03,4.412014551533e-03
644.40000000,3.320404183156e+13,2.965097647917e-02,3.367782861041e-02,8.929866825765e-03,1.012106266945e-02,-2.046011230987e-02,-1.918122376955e-02
644.60000000,1.049773767537e+13,2.696566274533e-02,3.062782667347e-02,3.884414395355e-02,4.402574226089e-02,1.114979348815e-02,1.045285972244e-02
644.80000000,3.226040568857e+12,4.045481453606e-02,4.594891879424e-02,4.590941669120e-02,5.203348409509e-02,2.635725427351e-02,2.470975645267e-02
645.00000000,1.674192236386e+13,3.486893046739e-02,3.960442466149e-02,2.995194166078e-02,3.394736836902e-02,3.196708974888e-02,2.996894114988e-02
645.20000000,5.567932322167e+13,2.862072301840e-02,3.250765805965e-02,-7.312729795345e-03,-8.288208322426e-03,2.526600542356e-02,2.368671767056e-02
645.40000000,3.203892895009e+13,-8.455735329491e-03,-9.604095345785e-03,-3.502653656496e-02,-3.969888673424e-02,-2.025311064151e-03,-1.898716103610e-03
645.60000000,8.798420474120e+12,-9.693505444364e-03,-1.100996505861e-02,-6.986030807564e-03,-7.917929460054e-03,-2.843688170888e-02,-2.665939380513e-02
645.80000000,3.064236791495e+13,2.287730032296e-02,2.598423022887e-02,3.261326963900e-02,3.696370307782e-02,-1.820748537481e-02,-1.706940049818e-02
646.00000000,-3.213608568554e+12,2.741474695676e-02,3.113790030005e-02,3.328695389886e-02,3.772725316726e-02,-4.778793057254e-02,-4.480087772310e-02
646.20000000,2.794745960365e+13,2.569203178964e-02,2.918122591587e-02,1.339579636983e-03,1.518272301387e-03,-6.272817489478e-02,-5.880726073686e-02
646.40000000,2.763441511787e+13,4.468676203356e-03,5.075560037551e-03,3.928829496328e-03,4.452914060847e-03,-1.961706750891e-02,-1.839087468787e-02
646.60000000,1.131097377736e+13,-1.687806785566e-02,-1.917025150646e-02,1.283319930602e-02,1.454507855045e-02,-3.961584839212e-03,-3.713960321044e-03
646.80000000,2.660782374833e+13,-4.225715992627e-02,-4.799603785593e-02,3.633998846568e-03,4.118754600094e-03,2.931261073661e-02,2.748038413930e-02
647.00000000,3.296389960062e+13,-3.228582342419e-02,-3.667050994390e-02,-2.956681098211e-02,-3.351086334484e-02,2.271649878799e-02,2.129657158836e-02
647.20000000,1.409814576436e+13,-3.224818771861e-02,-3.662776299278e-02,-2.962582237219e-02,-3.357774653458e-02,-5.663488946193e-03,-5.309484481220e-03
647.40000000,2.786483907447e+13,-1.441866801995e-02,-1.637684447619e-02,-9.802291375194e-03,-1.110986392612e-02,-2.152613198220e-02,-2.018061035980e-02
647.60000000,4.421081915674e+13,-3.444344942943e-02,-3.912115971798e-02,-1.841992230242e-02,-2.087704012017e-02,-4.443495095030e-02,-4.165748088075e-02
647.80000000,5.131022591188e+13,-1.556144120733e-02,-1.767481587932e-02,1.299560237762e-02,1.472914531174e-02,-4.337564230536e-02,-4.066438583553e-02
648.00000000,-1.063956325022e+12,-9.787423841882e-03,-1.111663836487e-02,2.107278680347e-02,2.388378236981e-02,-1.953192172113e-02,-1.831105105916e-02
648.20000000,2.265702741478e+13,-2.851416966308e-02,-3.238663386199e-02,-2.234140626169e-02,-2.532162878912e-02,-3.404959492927e-02,-3.192127636981e-02
648.40000000,1.405204756825e+12,2.423051464797e-02,2.752122244708e-02,-2.133941276920e-02,-2.418597479452e-02,-8.644090550812e-02,-8.103779325755e-02
648.60000000,2.533129929807e+13,-3.178435437210e-02,-3.610093717447e-02,-5.380506732825e-02,-6.098237174066e-02,-2.850252402405e-02,-2.672093305365e-02
648.80000000,-6.927294910155e+11,-6.461322545304e-02,-7.338824521687e-02,-5.682497139706e-02,-6.440511464742e-02,-3.516496317972e-02,-3.296692693484e-02
649.00000000,4.399950330245e+13,-3.269336949435e-02,-3.713340420006e-02,-2.709662780726e-02,-3.071117112037e-02,-4.780704218002e-02,-4.481879473226e-02
649.20000000,3.523802450288e+13,-3.915674358660e-02,-4.447455888604e-02,-1.629516810672e-02,-1.846885522878e-02,-7.211022351400e-02,-6.760287100803e-02
649.40000000,4.054312639637e+13,-2.679942991892e-02,-3.043901803032e-02,1.597198506437e-03,1.810256131991e-03,-5.417300693540e-02,-5.078684576897e-02
649.60000000,3.557008606177e+13,-8.687620094908e-03,-9.867472013752e-03,1.264747135763e-02,1.433457550021e-02,-6.258110576092e-03,-5.866938436925e-03
649.80000000,2.869443466973e+13,1.580338559114e-03,1.794961834652e-03,9.664229370574e-03,1.095338519824e-02,5.838593783795e-03,5.473644140869e-03
650.00000000,4.076861087936e+13,3.975042832744e-02,4.514887101079e-02,7.785947931404e-03,8.824551193471e-03,-2.026881138028e-03,-1.900188037776e-03
650.20000000,-2.347291176884e+12,1.535560181005e-02,1.744102175967e-02,2.403043756292e-02,2.723596771309e-02,4.755379900685e-02,4.458138088530e-02
650.40000000,4.128908939188e+13,9.583352187909e-03,1.088485206294e-02,6.356236504791e-04,7.204124010146e-04,6.351345421808e-03,5.954345505455e-03
650.60000000,4.642858605345e+13,-3.082976641283e-02,-3.501670813707e-02,-1.619830598465e-02,-1.835907222453e-02,-3.816225544490e-02,-3.577686916636e-02
650.80000000,3.855217642475e+13,-3.673287335812e-02,-4.172150668265e-02,-2.024160576862e-02,-2.294172628907e-02,-5.830016238817e-02,-5.465602747591e-02
651.00000000,2.847312218447e+13,-4.562736261500e-02,-5.182394243145e-02,-1.599945498045e-02,-1.813369557394e-02,-1.924342446901e-02,-1.804058673980e-02
651.20000000,4.221895818456e+13,-2.339443394109e-02,-2.657159494424e-02,-1.410769817419e-03,-1.598958866114e-03,-1.726169415784e-02,-1.618272731197e-02
651.40000000,3.893377020962e+13,-1.078887431769e-02,-1.225409424292e-02,1.239291528486e-03,1.404606302677e-03,-1.071945367604e-02,-1.004941891488e-02
651.60000000,3.026121058516e+13,1.708810023358e-02,1.940880804881e-02,-4.021132730079e-02,-4.557530045790e-02,-3.531567480364e-02,-3.310821811346e-02
651.80000000,6.103791575282e+13,1.253304588026e-03,1.423513898163e-03,-3.811791030751e-02,-4.320263298192e-02,-4.832916595553e-02,-4.530828241551e-02
652.00000000,5.528819854128e+13,-5.238768489979e-03,-5.950237337346e-03,-4.888795062056e-02,-5.540933830997e-02,-4.960338991962e-02,-4.650285919092e-02
652.20000000,3.893199604684e+13,-7.166102287795e-03,-8.139319284225e-03,-1.744455245765e-02,-1.977156122363e-02,-2.269497976215e-02,-2.127639763997e-02
652.40000000,2.911314666841e+13,1.313687956671e-02,1.492097836420e-02,1.686177538015e-02,1.911104484205e-02,1.845412685368e-02,1.730062529917e-02
652.60000000,1.091597180558e+13,-1.025907016015e-02,-1.165233822226e-02,-8.660330607267e-03,-9.815571780022e-03,5.168150284683e-03,4.845107670173e-03
652.80000000,8.525481570167e+12,-9.133088280879e-03,-1.037343852818e-02,-8.626346430052e-03,-9.777054297726e-03,2.498530203663e-03,2.342356004972e-03
653.00000000,2.992477120438e+13,4.169153964698e-03,4.735360158279e-03,1.132380805490e-02,1.283434268581e-02,1.765303857244e-02,1.654961018504e-02
653.20000000,6.492105125312e+12,7.320560085642e-04,8.314753750851e-04,-3.575092088445e-02,-4.051989999651e-02,-7.705054894192e-04,-7.223439433945e-04
653.40000000,3.899203621937e+13,2.922884728946e-02,3.319837072434e-02,2.704613360316e-02,3.065394126307e-02,1.328400272707e-02,1.245366716488e-02
653.60000000,1.111743117639e+13,3.098120201437e-02,3.518870996769e-02,4.255844272572e-02,4.823550836151e-02,1.656844735021e-02,1.553281288613e-02
653.80000000,1.378549560303e+13,3.173815154626e-03,3.604845961607e-03,3.315017562686e-02,3.757222941498e-02,9.922566249085e-03,9.302342074634e-03
654.00000000,2.147709263596e+13,8.364131514944e-03,9.500050962338e-03,2.529720378249e-02,2.867171368176e-02,7.852651743270e-03,7.361810531183e-03
654.20000000,3.347264028054e+13,1.843874347442e-03,2.094288000799e-03,1.424163341829e-02,1.614139014100e-02,4.033048946441e-02,3.780957462189e-02
654.40000000,4.786095593670e+13,-7.730220222690e-03,-8.780049181967e-03,1.278597666825e-02,1.449155666870e-02,6.693400548556e-02,6.275019987995e-02
654.60000000,5.091732292702e+13,1.204848885364e-02,1.368477503303e-02,8.101629621655e-02,9.182343110525e-02,1.066331839611e-01,9.996792450794e-02
654.80000000,2.695199022741e+13,5.587571751362e-02,6.346411016950e-02,2.682275055190e-02,3.040076012328e-02,8.369491130382e-02,7.846344134271e-02
655.00000000,3.979903857099e+13,3.416812277523e-02,3.880844138715e-02,5.038595392817e-02,5.710716714116e-02,9.989314049813e-02,9.364917708751e-02
655.20000000,1.757949956779e+13,2.047216492333e-02,2.325245720174e-02,3.365594218326e-02,3.814546248926e-02,4.561126908395e-02,4.276027156948e-02
655.40000000,8.554302072764e+12,-5.209101304948e-03,-5.916541098926e-03,1.734758652755e-02,1.966166056391e-02,3.467885747018e-02,3.251120595691e-02
655.60000000,2.766771157626e+13,-3.612338117217e-03,-4.102924032871e-03,8.437200822605e-03,9.562677691225e-03,9.135658957465e-03,8.564621547110e-03
655.80000000,3.389065243972e+13,-1.958627507392e-02,-2.224625605566e-02,1.661617231442e-02,1.883267965828e-02,5.636465369167e-03,5.284150051471e-03
656.00000000,-1.289312550612e+12,-1.519569108652e-02,-1.725939381416e-02,2.012604551803e-02,2.281075092728e-02,1.442251776680e-02,1.352101769607e-02
656.20000000,3.242914467993e+13,1.612779052692e-02,1.831808020257e-02,3.500888136692e-02,3.967887642845e-02,2.386888484838e-02,2.237692611225e-02
656.40000000,5.814251323981e+13,4.051776279368e-02,4.602041595498e-02,5.231310805103e-02,5.929139318078e-02,2.609033895532e-02,2.445952505764e-02
656.60000000,4.819485582125e+13,1.932596586590e-02,2.195059466658e-02,7.306895125616e-05,8.281595339421e-05,1.710245119926e-02,1.603343806195e-02
656.80000000,9.511465877477e+12,1.546297778128e-02,1.756298029140e-02,-2.106607019149e-02,-2.387616979819e-02,-1.812095939192e-02,-1.698828294543e-02
657.00000000,5.358223533343e+13,9.737299869093e-04,1.105970713477e-03,-2.177412890554e-02,-2.467867970773e-02,-2.768952422355e-02,-2.595875096678e-02
657.20000000,6.468997401839e+12,2.950122993652e-05,3.350774522756e-05,4.196479549652e-03,4.756267180891e-03,-1.821091219013e-02,-1.707261311552e-02
657.40000000,2.510819545906e+13,-2.215371752185e-02,-2.516237879411e-02,-3.028195514639e-03,-3.432140386527e-03,-2.066787085132e-02,-1.937599606665e-02
657.60000000,4.407471472680e+13,-3.020014195185e-02,-3.430157537574e-02,9.680542937532e-03,1.097187490662e-02,-2.178184179876e-02,-2.042033666909e-02
657.80000000,1.079913853275e+13,-9.366991489827e-03,-1.063910776130e-02,-1.656106910072e-02,-1.877022597447e-02,1.229065428573e-02,1.152240938653e-02
658.00000000,3.488674566255e+13,-6.370310777622e-03,-7.235452590052e-03,-1.356635184846e-02,-1.537602966910e-02,-3.749263219064e-02,-3.514910166994e-02
658.20000000,4.120308665964e+13,3.380164076074e-03,3.839218803100e-03,-1.079307604633e-02,-1.223281390333e-02,-9.449111637071e-03,-8.858481419314e-03
658.40000000,1.875115979665e+13,2.081975400140e-02,2.364725180173e-02,-4.151962062999e-03,-4.705811302757e-03,-4.104723988456e-02,-3.848152353338e-02
658.60000000,2.164241323286e+13,4.941505493553e-03,5.612603524414e-03,-3.490795290173e-02,-3.956448465293e-02,-2.717509172345e-02,-2.547647380479e-02
658.80000000,2.062969742913e+12,-1.609281266919e-02,-1.827835205742e-02,-1.831800137786e-02,-2.076152349658e-02,-2.361767521008e-02,-2.214141869116e-02
659.00000000,1.963778734199e+13,-2.089422534314e-02,-2.373183697838e-02,8.643399933413e-05,9.796382646070e-05,1.397703531178e-02,1.310338075812e-02
659.20000000,3.994076571422e+13,-2.806933049925e-02,-3.188138179621e-02,-1.842451403207e-02,-2.088224436168e-02,-3.506388452278e-03,-3.287216634370e-03
659.40000000,2.392198630898e+13,-5.099566500513e-02,-5.792130546267e-02,-3.548787269622e-02,-4.022176260543e-02,-5.889696050253e-02,-5.521552187180e-02
659.60000000,4.082378543202e+13,-7.309027400312e-02,-8.301654829797e-02,-1.278161760250e-01,-1.448661612720e-01,-1.524919601274e-01,-1.429602323761e-01
659.80000000,4.575871378549e+13,-1.160656607937e-01,-1.318283542706e-01,-1.879003132116e-01,-2.129651967640e-01,-1.519057852074e-01,-1.424106971566e-01
660.00000000,2.078598429846e+13,-2.671663467154e-02,-3.034497849159e-02,-1.235452114102e-01,-1.400254731220e-01,-1.124591500560e-01,-1.054297302717e-01
660.20000000,3.528082135389e+13,1.451928775386e-02,1.649112921671e-02,-8.807253482240e-03,-9.982093370342e-03,-6.034490602093e-03,-5.657296148766e-03
660.40000000,1.505739492061e+13,-9.977653646167e-03,-1.133270297744e-02,2.594162046719e-02,2.940209206011e-02,4.684405960512e-02,4.391600475850e-02
660.60000000,8.804413758073e+12,-1.929049335660e-02,-2.191030469199e-02,2.081442024942e-02,2.359095111753e-02,1.677652394589e-02,1.572788335703e-02
660.80000000,5.341393443176e+13,-8.871560315734e-02,-1.007639286450e-01,-2.777813785207e-02,-3.148359091206e-02,-7.818833818105e-02,-7.330106443727e-02
661.00000000,2.267400078506e+13,-7.815529685600e-02,-8.876944387855e-02,-1.875115623753e-01,-2.125245886727e-01,-1.348448285770e-01,-1.264161599863e-01
661.20000000,5.351884143536e+13,-9.922771973423e-02,-1.127036791169e-01,-1.399583479842e-01,-1.586280331722e-01,-1.783264202951e-01,-1.671798727152e-01
661.40000000,1.553667219355e+13,-1.674570391767e-02,-1.901991143180e-02,-2.583286321057e-02,-2.927882717480e-02,-1.017089047999e-02,-9.535144444840e-03
661.60000000,1.908817215971e+13,1.593317814514e-02,1.809703782160e-02,-2.090713486785e-03,-2.369603336365e-03,3.149023200858e-02,2.952189008367e-02
661.80000000,1.281291534547e+12,1.782899318669e-02,2.025032049988e-02,3.273781737830e-02,3.710486481063e-02,2.772853262014e-02,2.599532108782e-02
662.00000000,2.863685844242e+13,4.841114688701e-03,5.498578803432e-03,1.678951576733e-02,1.902914618846e-02,3.373029513328e-02,3.162193486358e-02
662.20000000,4.609144136902e+13,-1.559795299640e-02,-1.771628627660e-02,-1.029555036736e-02,-1.166892099487e-02,-1.996114021541e-02,-1.871344063847e-02
662.40000000,1.197610089641e+13,1.420284649624e-02,1.613171257333e-02,2.234725633063e-02,2.532825922555e-02,-6.077812085980e-03,-5.697909761433e-03
662.60000000,1.252261030581e+13,-5.554357214399e-03,-6.308685666353e-03,2.205831777145e-05,2.500077782881e-05,-9.382254350864e-03,-8.795803143265e-03
662.80000000,1.692991579381e+13,-5.112287892028e-03,-5.806579609806e-03,2.950514839816e-03,3.344097530634e-03,5.737769277975e-03,5.379121814780e-03
663.00000000,3.489575521397e+13,-2.616448085698e-02,-2.971783754241e-02,1.358098124453e-02,1.539261054734e-02,1.248444276854e-02,1.170408484346e-02
663.20000000,2.150405180080e+13,2.408142799383e-02,2.735188857068e-02,-5.524237857157e-03,-6.261141251506e-03,3.666790295590e-02,3.437592331387e-02
663.40000000,3.245792884783e+13,1.330003502073e-02,1.510629170191e-02,-9.017798257119e-03,-1.022072367725e-02,4.540446957271e-03,4.256639835704e-03
663.60000000,2.624217135448e+13,2.250833350609e-02,2.556515461326e-02,-8.800708919276e-04,-9.974675798140e-04,7.985689483734e-03,7.486532557679e-03
663.80000000,4.095095686944e+13,-3.969455878057e-03,-4.508541390928e-03,-2.031857487070e-02,-2.302896265228e-02,-2.690837866431e-02,-2.522643202632e-02
664.00000000,2.476110992974e+13,1.359792723503e-03,1.544464018579e-03,-2.819505751859e-02,-3.195612540281e-02,-9.071607760982e-03,-8.504573962138e-03
664.20000000,2.259542441817e+13,-1.756390712808e-02,-1.994923352369e-02,-4.623820315229e-02,-5.240612888839e-02,-3.464518449007e-02,-3.247963775451e-02
664.40000000,1.543948790411e+13,-5.532775808627e-02,-6.284173324061e-02,-5.945267474225e-02,-6.738333937935e-02,-9.159744887816e-03,-8.587201951985e-03
664.60000000,3.585185420224e+13,-1.665301411555e-02,-1.891463357452e-02,-1.270162054392e-02,-1.439594789451e-02,4.628494721245e-02,4.339184048444e-02
664.80000000,3.670293869865e+13,1.313344505300e-02,1.491707741463e-02,-3.478480829232e-02,-3.942491321995e-02,3.587420948911e-02,3.363184079074e-02
665.00000000,2.431141226575e+13,-4.102361485865e-03,-4.659496698733e-03,-3.330963239832e-02,-3.775295685565e-02,1.350364045534e-03,1.265957612327e-03
665.20000000,5.227825736492e+13,-4.522943978992e-02,-5.137197833805e-02,-5.906811537729e-02,-6.694748187903e-02,-3.489141397437e-02,-3.271047631324e-02
665.40000000,6.162994332990e+13,-1.357139917046e-03,-1.541450938681e-03,-3.509525639874e-02,-3.977677342145e-02,5.366084655216e-02,5.030669870193e-02
665.60000000,4.301449067158e+13,1.917408494557e-02,2.177808703912e-02,-7.209958356048e-03,-8.171727730044e-03,8.292468252734e-02,7.774135681592e-02
665.80000000,6.151880500729e+13,8.377278163754e-03,9.514983036692e-03,3.596743927313e-03,4.076530076494e-03,5.757701875596e-02,5.397808496919e-02
666.00000000,3.957866743638e+13,-6.323871675773e-03,-7.182706667368e-03,-1.333558891426e-02,-1.511448420999e-02,-1.761432113264e-02,-1.651331283410e-02
666.20000000,8.423115547501e+12,-4.282942559641e-02,-4.864602201993e-02,-1.559534539831e-04,-1.767567996336e-04,-1.702501917740e-02,-1.596084603920e-02
666.40000000,3.034318512593e+13,-6.706900809500e-02,-7.617754380805e-02,-1.736486507841e-02,-1.968124397982e-02,-5.367096676030e-02,-5.031618633201e-02
666.60000000,3.582185331509e+13,-4.282822391526e-02,-4.864465714037e-02,-6.199659548264e-03,-7.026660536102e-03,-4.196751115832e-02,-3.934427193688e-02
666.80000000,2.680439371472e+13,-1.753452714828e-02,-1.991586349540e-02,-3.167635322986e-03,-3.590180709685e-03,2.180048628033e-03,2.043781575071e-03
667.00000000,1.424089141742e+13,2.805120620364e-02,3.186079606872e-02,2.873421755339e-02,3.256720646455e-02,3.841529641423e-02,3.601409344851e-02
667.20000000,-4.050752818405e+12,2.628485478135e-02,2.985455925870e-02,1.075816294065e-02,1.219324357854e-02,1.998651297826e-02,1.873722744053e-02
667.40000000,3.262968805184e+13,-4.286593896822e-02,-4.868749421491e-02,-2.627067704375e-02,-2.977504300082e-02,-5.222893462072e-02,-4.896429047076e-02
667.60000000,2.075206689259e+13,-1.122750794283e-01,-1.275229800564e-01,-1.169415842308e-02,-1.325409578618e-02,-7.750663469709e-02,-7.266197180316e-02
667.80000000,6.813617942399e+13,-5.869592409350e-02,-6.666732453615e-02,1.729800671906e-02,1.960546707764e-02,-4.412038474130e-02,-4.136257708190e-02
668.00000000,2.702603824858e+13,-2.864835276215e-02,-3.253904015512e-02,3.111864794674e-02,3.526970695117e-02,-3.939290635301e-02,-3.693059648188e-02
668.20000000,3.528886836214e+13,-6.292949077349e-03,-7.147584519851e-03,2.452527971992e-02,2.779681913228e-02,-3.105777796258e-02,-2.911646719543e-02
668.40000000,2.634480434147e+13,7.970319116936e-03,9.052755526585e-03,1.471929557149e-02,1.668276983700e-02,-7.437184661442e-03,-6.972312812659e-03
668.60000000,2.998679881663e+13,8.467450163037e-03,9.617401152312e-03,3.667097894000e-02,4.156268881088e-02,6.240574492925e-03,5.850498471681e-03
668.80000000,4.065010725258e+13,1.026043784438e-02,1.165389164952e-02,-2.801645336342e-02,-3.175369642119e-02,-2.141221149583e-02,-2.007381063613e-02
669.00000000,3.815768629839e+13,3.255830422691e-02,3.697999593267e-02,4.857655379665e-04,5.505640283726e-04,4.191256287239e-02,3.929275827204e-02
669.20000000,4.632042042966e+13,6.948306982673e-02,7.891945543830e-02,2.809035020462e-02,3.183745070056e-02,9.090993943153e-02,8.522748383306e-02
669.40000000,1.922176930613e+13,2.747215751809e-02,3.120310769874e-02,1.614405622438e-02,1.829758584022e-02,6.200183905150e-02,5.812632555279e-02
669.60000000,3.648063210137e+13,2.257674429371e-02,2.564285616154e-02,1.876801707513e-02,2.127156884924e-02,5.442118993783e-02,5.101951573838e-02
669.80000000,1.926724504923e+13,2.185001708126e-02,2.481743327792e-02,2.061438647345e-02,2.336423391983e-02,4.016337765788e-02,3.765290837748e-02
670.00000000,6.490802884553e+13,8.506043156351e-03,9.661235398895e-03,-8.521762948335e-03,-9.658519946285e-03,-2.625113209658e-02,-2.461026759396e-02
670.20000000,3.075027623617e+13,1.239836151963e-02,1.408216335140e-02,1.599804313198e-02,1.813209539253e-02,-7.363371253678e-03,-6.903113217365e-03
670.40000000,2.774231452104e+13,3.371143534245e-02,3.828973195778e-02,2.309938982599e-03,2.618072325339e-03,-2.397172941940e-02,-2.247334223648e-02
670.60000000,4.334356195719e+13,2.417866764936e-02,2.746233418974e-02,1.168874219286e-02,1.324795706020e-02,5.211000212321e-02,4.885279201887e-02
670.80000000,4.325071543047e+13,4.666335624842e-02,5.300063271861e-02,2.866700894687e-03,3.249103259413e-03,4.322520039953e-02,4.052334751588e-02
671.00000000,4.928192254610e+12,3.803260230488e-02,4.319774975814e-02,2.025392740965e-02,2.295569157024e-02,4.039790889232e-02,3.787277990217e-02
671.20000000,4.236263438861e+13,5.420684385250e-02,6.156858942093e-02,3.081667426221e-02,3.492745161351e-02,5.725747109145e-02,5.367851108782e-02
671.40000000,3.368600644691e+13,2.864006146729e-02,3.252962283265e-02,4.275616075905e-02,4.845960090905e-02,3.892509311626e-02,3.649202457961e-02
671.60000000,6.508264891371e+12,2.676412129488e-02,3.039891419800e-02,4.305004281454e-02,4.879268523820e-02,-2.090636610610e-03,-1.959958383491e-03
671.80000000,2.405985554009e+13,2.387167552008e-03,2.711364994585e-03,2.294720168306e-02,2.600823403690e-02,-8.039461812913e-03,-7.536943770626e-03
672.00000000,3.369721111576e+13,-5.455849568408e-03,-6.196799853053e-03,5.811941373653e-03,6.587222858041e-03,-6.089614554349e-03,-5.708974499660e-03
672.20000000,1.333298313873e+13,-3.189959848967e-02,-3.623183241303e-02,-1.427974092384e-02,-1.618458098129e-02,-2.080044365288e-02,-1.950028221591e-02
672.40000000,9.595345315320e+12,4.947539435098e-03,5.619456925999e-03,3.025414986623e-04,3.428988951146e-04,-6.290770934178e-03,-5.897557312684e-03
672.60000000,5.070727148806e+13,4.883531692730e-02,5.546756393565e-02,7.698973600484e-02,8.725974958120e-02,5.112695089610e-02,4.793118781267e-02
672.80000000,-1.051936386860e+13,6.016106440669e-02,6.833144323363e-02,5.856287359732e-02,6.637484358352e-02,9.480042560128e-02,8.887478960852e-02
673.00000000,5.613905272475e+13,5.490208060116e-04,6.235824517081e-04,2.279146953419e-02,2.583172806329e-02,2.806202350457e-02,2.630796664824e-02
673.20000000,1.922898335825e+13,-1.909202925290e-04,-2.168488749281e-04,5.307794847044e-03,6.015825916748e-03,3.291291708125e-02,3.085564819404e-02
673.40000000,1.710007034338e+13,2.385672381431e-02,2.709666767261e-02,-1.259261113528e-02,-1.427239722147e-02,2.976410185626e-02,2.790365416172e-02
673.60000000,6.992412898311e+12,6.165172538103e-02,7.002454851283e-02,1.279787968589e-02,1.450504748440e-02,3.988442192295e-02,3.739138916916e-02
673.80000000,3.559973320498e+13,1.344730598610e-01,1.527356330372e-01,8.075749217405e-02,9.153010400595e-02,8.598103715279e-02,8.060666963053e-02
674.00000000,4.226554140988e+13,1.429214755392e-01,1.623314146614e-01,6.942925507399e-02,7.869074146435e-02,1.736616326987e-01,1.628066643295e-01
674.20000000,3.211617959786e+13,4.746067542341e-02,5.390623454734e-02,5.193460102950e-02,5.886239537370e-02,3.500708940302e-02,3.281892128402e-02
674.40000000,2.865594364234e+13,2.548048829601e-03,2.894095303558e-03,6.075519929544e-03,6.885961364958e-03,5.010475895720e-02,4.697288944076e-02
674.60000000,5.105420558226e+12,-1.896908604478e-03,-2.154524756245e-03,-1.875434962168e-02,-2.125607823155e-02,5.399864580061e-02,5.062338332592e-02
674.80000000,5.259282749138e+13,1.296022363093e-02,1.472033106571e-02,1.385520874328e-02,1.570341850838e-02,5.278316470050e-02,4.948387760788e-02
675.00000000,2.628359956227e+13,3.819295232443e-02,4.337987665976e-02,2.145189532220e-02,2.431346191056e-02,5.449980080112e-02,5.109321291739e-02
675.20000000,3.087312316969e+13,2.599776935048e-02,2.952848521038e-02,8.865574095045e-03,1.004819363686e-02,1.586900941618e-02,1.487709431907e-02
675.40000000,4.978392853496e+13,2.731680160360e-03,3.102665314368e-03,-9.533186466291e-03,-1.080486188064e-02,-1.263236033563e-02,-1.184275661177e-02
675.60000000,3.941181238449e+13,-2.483130111641e-02,-2.820360077380e-02,-1.392377011994e-02,-1.578112560115e-02,-2.564898609512e-02,-2.404575958829e-02
675.80000000,7.477831923268e+12,-5.691643690286e-03,-6.464616800988e-03,-2.619615384345e-02,-2.969057880945e-02,-4.743274878166e-02,-4.446789707732e-02
676.00000000,-8.899576611904e+11,-1.381359209080e-02,-1.568959414389e-02,-2.803228760641e-02,-3.177164286639e-02,-1.103362621299e-02,-1.034395364872e-02
676.20000000,5.208377010017e+13,-5.551688693268e-03,-6.305654737595e-03,-8.466599874118e-03,-9.595998416896e-03,-3.423778849590e-03,-3.209770662878e-03
676.40000000,1.892869762317e+13,-9.593650417687e-03,-1.089654887899e-02,-2.264222151593e-02,-2.566257116816e-02,-1.249791551701e-02,-1.171671545855e-02
676.60000000,2.578489809846e+13,-4.168278479854e-03,-4.734365775224e-03,-1.314765125076e-02,-1.490147668061e-02,-2.160213337593e-02,-2.025186117788e-02
676.80000000,3.439522612068e+13,1.350846891832e-02,1.534303267684e-02,-1.165748438029e-02,-1.321252962481e-02,3.022508789750e-03,2.833582561209e-03
677.00000000,3.265004935121e+13,2.219946138999e-02,2.521433506450e-02,-1.724562517668e-02,-1.954609812136e-02,4.415880881638e-03,4.139859940530e-03
677.20000000,-9.807791133613e+11,3.071976998832e-02,3.489177327245e-02,2.023418015770e-02,2.293331014190e-02,2.074201638296e-02,1.944550702594e-02
677.40000000,3.785152955150e+13,1.273006507724e-02,1.445891504355e-02,-2.779386046464e-02,-3.150141083594e-02,5.573208735695e-03,5.224847364215e-03
677.60000000,3.655722497775e+13,-2.196895576371e-02,-2.495252483438e-02,-7.059340612046e-02,-8.001018395189e-02,-4.924092619167e-03,-4.616305177594e-03
677.80000000,1.658635856306e+13,-4.110852655263e-03,-4.669141040391e-03,-3.810999919387e-02,-4.319366656858e-02,-2.709262252311e-02,-2.539915945960e-02
678.00000000,2.939810516833e+13,2.875483563074e-03,3.265998429337e-03,-2.687726289750e-02,-3.046254412038e-02,-2.938908637849e-02,-2.755207956197e-02
678.20000000,4.129962583892e+13,3.384651246094e-03,3.844315368570e-03,-1.040441812977e-02,-1.179231112683e-02,-3.646526854818e-02,-3.418595485920e-02
678.40000000,4.792248829981e+13,4.221058384433e-03,4.794313635011e-03,7.454017331271e-04,8.448342850014e-04,-1.942866753520e-02,-1.821425092359e-02
678.60000000,4.851721829577e+13,8.904705156519e-03,1.011403905359e-02,1.271317568254e-02,1.440904442601e-02,8.863702440457e-03,8.309664060596e-03
678.80000000,2.344352671128e+13,-3.858235044188e-02,-4.382215831851e-02,-1.420715020153e-03,-1.610230704999e-03,1.330939578331e-02,1.247747299188e-02
679.00000000,4.209702023787e+13,-1.129266368558e-03,-1.282630244656e-03,6.293626646566e-02,7.133162336112e-02,1.022282910760e-01,9.583836574350e-02
679.20000000,4.157381189491e+13,1.717410402845e-02,1.950649188278e-02,2.735709173507e-04,3.100637952474e-04,4.110262608517e-02,3.853344774042e-02
679.40000000,2.201541077724e+13,9.143111538215e-03,1.038482302821e-02,-1.212152276640e-02,-1.373846821702e-02,3.099058912427e-02,2.905347809142e-02
679.60000000,6.416213931711e+13,-3.779824202828e-02,-4.293156138374e-02,-3.533352818774e-02,-4.004682937591e-02,-3.712219652636e-02,-3.480182061589e-02
679.80000000,2.783340598120e+13,-3.547808217246e-02,-4.029630429437e-02,-4.216453774292e-03,-4.778905858857e-03,-5.096652644066e-02,-4.778079091693e-02
680.00000000,1.054855018943e+13,-1.280291640235e-02,-1.454166019169e-02,1.602306679844e-02,1.816045708050e-02,-4.565750300977e-02,-4.280361557774e-02
680.20000000,5.304888158258e+13,1.148148378916e-02,1.304076590921e-02,2.718370784235e-02,3.080986716025e-02,2.712598688183e-02,2.543043833142e-02
680.40000000,1.370177010190e+13,1.738232597748e-03,1.974299212477e-03,-8.477854071176e-03,-9.608753862855e-03,3.506686413863e-02,3.287495971441e-02
680.60000000,2.820011206455e+13,-2.535793693172e-02,-2.880175816470e-02,-4.092521089331e-02,-4.638441225312e-02,8.661119359147e-03,8.119743724105e-03
680.80000000,5.427546407968e+13,-3.537233748414e-02,-4.017619858750e-02,-4.524130686961e-02,-5.127625204378e-02,1.671298348138e-02,1.566831457999e-02
681.00000000,4.501182598864e+13,-3.011293783035e-02,-3.420252820067e-02,-3.683749193872e-02,-4.175141374131e-02,9.998405369663e-03,9.373440762669e-03
681.20000000,1.861315008710e+13,-3.170154687297e-02,-3.600688372010e-02,-8.664897519057e-03,-9.820747893097e-03,-8.424822761764e-03,-7.898217183011e-03
681.40000000,-1.946795450408e+12,-2.541502625044e-02,-2.886660069332e-02,-6.897644195535e-03,-7.817752552946e-03,-1.790815581527e-02,-1.678878096025e-02
681.60000000,5.528750340335e+13,-7.287165404199e-03,-8.276823790633e-03,8.648527381534e-03,9.802194067939e-03,-3.951128580311e-02,-3.704157645539e-02
681.80000000,2.353056307157e+13,-2.614575546254e-02,-2.969656908182e-02,8.345363454954e-03,9.458589716396e-03,-2.461646957428e-02,-2.307778198718e-02
682.00000000,3.167580839105e+13,-3.855651725475e-04,-4.379281676711e-04,-3.378766681916e-02,-3.829475847777e-02,1.138552892902e-04,1.067386018294e-04
682.20000000,3.560622858011e+13,-2.912492224980e-02,-3.308033178972e-02,-2.345595119638e-02,-2.658484797838e-02,-3.698316740305e-02,-3.467148170650e-02
682.40000000,4.327102479618e+13,-5.246065599189e-03,-5.958525455394e-03,2.604696720842e-02,2.952149148575e-02,3.127954880449e-02,2.932437593414e-02
682.60000000,1.875270318817e+13,-2.227408362601e-02,-2.529909162815e-02,-2.155643737510e-03,-2.443194930679e-03,-1.246705976066e-02,-1.168778838531e-02
682.80000000,3.421005777261e+13,-3.268002471571e-02,-3.711824708818e-02,-1.015920559801e-03,-1.151438857213e-03,-1.428626321949e-02,-1.339327993383e-02
683.00000000,3.204274847598e+13,-4.268655055508e-02,-4.848374334563e-02,3.529099737124e-03,3.999862517897e-03,3.411800933781e-03,3.198541443804e-03
683.20000000,3.788240736916e+13,3.238068412178e-03,3.677825352252e-03,1.666760827918e-02,1.889097690200e-02,5.223150525793e-02,4.896670042663e-02
683.40000000,4.523190439552e+13,-2.257412316156e-02,-2.563987905759e-02,-1.693850650711e-03,-1.919801148554e-03,-1.063616106304e-02,-9.971332625616e-03
683.60000000,2.878662988414e+13,-3.042613674813e-02,-3.455826216719e-02,-3.023340879363e-02,-3.426638169213e-02,-3.123950181214e-02,-2.928683213624e-02
683.80000000,3.157763038167e+13,-4.627320263280e-02,-5.255749295868e-02,-3.913405119850e-02,-4.435432156130e-02,-7.958093683285e-02,-7.460661672149e-02
684.00000000,3.426515429549e+13,-1.893129230128e-02,-2.150232111053e-02,-4.969350310309e-03,-5.632234712839e-03,-2.696090729096e-02,-2.527567727614e-02
684.20000000,3.000621641389e+13,-2.324708909969e-02,-2.640423943341e-02,-2.012577248383e-02,-2.281044147179e-02,-9.396174268240e-03,-8.808852976325e-03
684.40000000,2.149263444553e+13,-2.391715163697e-02,-2.716530210211e-02,2.728046528444e-04,3.091953152084e-04,1.524554943121e-02,1.429260459087e-02
684.60000000,4.653814068647e+13,-1.463968627835e-02,-1.662787887404e-02,-6.110067307700e-03,-6.925117176147e-03,1.664607569195e-02,1.560558895750e-02
684.80000000,-7.533829332409e+12,1.014691596359e-03,1.152495254199e-03,1.622038177384e-03,1.838409280437e-03,2.212389762049e-02,2.074101180316e-02
685.00000000,2.446478058639e+13,-4.249885309166e-02,-4.827055498713e-02,-1.972892356540e-02,-2.236065505817e-02,-3.107347391272e-02,-2.913118204779e-02
685.20000000,1.686149195562e+13,-2.036070095357e-02,-2.312585548688e-02,1.970018430996e-02,2.232808214178e-02,6.567266912130e-03,6.156770514653e-03
685.40000000,4.985725088726e+13,2.433435081291e-02,2.763916043704e-02,3.302335425321e-02,3.742849075732e-02,-1.099443933972e-02,-1.030721620693e-02
685.60000000,1.446046713917e+13,7.903475130894e-02,8.976833564718e-02,8.875036973762e-03,1.005891881232e-02,9.515668644195e-02,8.920878185654e-02
685.80000000,2.876191647599e+13,-1.494262063551e-02,-1.697195426622e-02,-2.647313206008e-02,-3.000450441923e-02,-4.561946897493e-03,-4.276795891457e-03
686.00000000,1.998171929126e+13,-1.680816467180e-02,-1.909085488196e-02,-3.338802227261e-02,-3.784180351438e-02,-1.794095742798e-02,-1.681953226131e-02
686.20000000,3.445106767888e+13,-2.696726946217e-02,-3.062965159598e-02,-2.734898637951e-03,-3.099719295862e-03,-9.460852443836e-03,-8.869488350185e-03
686.40000000,2.492726529087e+13,-3.330332399058e-02,-3.782619564990e-02,3.621738520759e-02,4.104858813259e-02,-6.554231076646e-04,-6.144549502681e-04
686.60000000,3.115757885747e+13,7.444568627276e-02,8.455603696019e-02,6.880265867903e-02,7.798056050583e-02,2.807078125413e-02,2.631617698216e-02
686.80000000,2.966293637907e+13,3.895731764073e-02,4.424804921846e-02,9.605041391016e-02,1.088630186294e-01,1.239165122892e-02,1.161709337155e-02
687.00000000,4.728036416525e+13,2.159357961190e-02,2.452616944221e-02,1.290223738510e-02,1.462332593516e-02,-3.368078600198e-02,-3.157552037124e-02
687.20000000,3.345909173704e+13,-1.682507061008e-02,-1.911005678894e-02,-1.411958642388e-02,-1.600306273891e-02,9.339559807130e-04,8.755777282965e-04
687.40000000,2.564947778425e+13,-3.547603710152e-02,-4.029398148560e-02,-1.950535651460e-02,-2.210726537429e-02,-4.166255685109e-03,-3.905837923414e-03
687.60000000,4.623602125173e+13,-2.691249092410e-02,-3.056743367146e-02,-1.684754279685e-02,-1.909491370926e-02,-2.810896769866e-02,-2.635197652844e-02
687.80000000,3.776615098763e+13,-1.433149447246e-02,-1.627783202733e-02,-8.761833258213e-04,-9.930614334558e-04,-4.731280810574e-03,-4.435545346463e-03
688.00000000,2.961554831100e+13,-3.847542737347e-03,-4.370071419759e-03,1.273823523929e-02,1.443744679183e-02,5.293169291469e-03,4.962312185392e-03
688.20000000,4.010653073995e+13,-3.492311807729e-02,-3.966597140483e-02,-2.137593620320e-02,-2.422737025670e-02,-1.911836896756e-02,-1.792334801108e-02
688.40000000,4.210092833890e+13,-2.371817935670e-02,-2.693930771174e-02,-3.513377334102e-02,-3.982042831511e-02,1.446367607054e-02,1.355960334125e-02
688.60000000,1.277795158488e+13,-5.948604657915e-02,-6.756475230456e-02,-2.815260482853e-02,-3.190800975394e-02,3.976240675793e-02,3.727700073629e-02
688.80000000,4.559634872607e+13,-2.511261406848e-02,-2.852311839212e-02,1.194421785049e-02,1.353751178613e-02,4.168958687694e-02,3.908371970963e-02
689.00000000,4.240108181412e+13,-3.753345712593e-02,-4.263081646337e-02,-9.551940343357e-03,-1.082611742328e-02,2.929127556091e-02,2.746038254923e-02
689.20000000,4.730086011255e+13,1.880640441156e-02,2.136047239441e-02,3.604449681178e-02,4.085263736166e-02,2.432993873238e-02,2.280916116477e-02
689.40000000,1.217873182549e+13,1.125966901387e-02,1.278882682078e-02,3.084094650896e-02,3.495496164645e-02,-1.061920027857e-02,-9.955431999202e-03
689.60000000,1.058850105894e+13,5.024525455275e-03,5.706898295584e-03,1.872355849636e-02,2.122117973697e-02,-2.982110974551e-03,-2.795709869143e-03
689.80000000,2.682514090944e+13,-3.270419226653e-02,-3.714569679578e-02,8.980629560813e-03,1.017859687828e-02,-1.356941180508e-02,-1.272123634086e-02
690.00000000,4.016109592950e+13,-2.864906006868e-02,-3.253984351983e-02,1.506805973187e-02,1.707805724642e-02,6.193724113408e-02,5.806576542046e-02
690.20000000,6.263895411830e+13,-2.427205445466e-02,-2.756840370910e-02,-1.362267781820e-02,-1.543986921798e-02,4.085645644992e-02,3.830266528980e-02
690.40000000,3.398650791799e+13,-2.871135794602e-03,-3.261060197317e-03,3.360857597844e-02,3.809177788940e-02,2.456796828606e-02,2.303231234125e-02
690.60000000,2.492586030193e+13,-4.740890478618e-03,-5.384743302190e-03,4.736743016483e-02,5.368598866514e-02,1.628504397007e-02,1.526712403901e-02
690.80000000,2.570331725674e+13,4.596087388627e-04,5.220274734005e-04,5.965029957394e-02,6.760732629266e-02,6.506461973600e-03,6.099766275645e-03
691.00000000,4.487644605378e+13,-2.062055547323e-03,-2.342100043708e-03,2.441233279166e-02,2.766880569585e-02,-9.807214596959e-03,-9.194200642265e-03
691.20000000,4.906255469487e+13,-4.317595835990e-02,-4.903961684892e-02,-1.468932320943e-03,-1.664879932426e-03,-2.152293599500e-03,-2.017761414235e-03
691.40000000,1.346409313820e+13,-4.761687439854e-02,-5.408364665777e-02,-2.650658068665e-02,-3.004241491132e-02,2.900361866583e-02,2.719070605920e-02
691.60000000,4.286253267340e+13,-6.832289955400e-05,-7.760172427874e-05,-3.482432318331e-02,-3.946969918327e-02,3.260117721523e-02,3.056339407357e-02
691.80000000,1.721879750370e+13,-1.197424354892e-02,-1.360044659112e-02,1.813261198952e-02,2.055140416847e-02,5.564437924892e-02,5.216624785467e-02
692.00000000,2.963346541139e+13,5.893733849075e-02,6.694152504015e-02,2.466232925764e-02,2.795215033567e-02,6.935198875735e-02,6.501704365406e-02
692.20000000,2.703544412924e+13,2.232637721700e-02,2.535848712888e-02,1.537350929639e-02,1.742425212762e-02,6.635292593261e-03,6.220544153434e-03
692.40000000,3.144856398686e+13,-1.090148597394e-02,-1.238199950977e-02,5.963745013452e-03,6.759276280766e-03,-3.464486044440e-02,-3.247933396378e-02
692.60000000,2.426205047452e+13,-1.489167094140e-02,-1.691408517488e-02,-2.028269775706e-02,-2.298829972610e-02,-2.726290925832e-02,-2.555880217922e-02
692.80000000,1.189572939416e+13,-7.653099116396e-02,-8.692454380433e-02,-4.583168011982e-02,-5.194537788633e-02,-5.345196507214e-02,-5.011087365713e-02
693.00000000,4.195731359466e+13,-9.849597012605e-02,-1.118725517539e-01,-1.056850224716e-01,-1.197828317631e-01,-1.015639053024e-01,-9.521550835155e-02
693.20000000,2.956172337774e+13,-1.268328215695e-01,-1.440577860898e-01,-1.257437197916e-01,-1.425172506077e-01,-7.059041592671e-02,-6.617806116452e-02
693.40000000,4.881276168024e+13,-7.233901212527e-02,-8.216325873492e-02,-6.637693123777e-02,-7.523125416890e-02,-2.737857381308e-02,-2.566723695580e-02
693.60000000,5.859446915562e+13,5.667942825434e-03,6.437697159238e-03,-2.527036362861e-02,-2.864129319679e-02,-3.784296748501e-02,-3.547753875639e-02
693.80000000,1.331598092861e+13,3.950636175434e-02,4.487165814313e-02,1.840009330986e-02,2.085456604746e-02,-4.576882378736e-02,-4.290797809115e-02
694.00000000,1.403970908923e+13,-2.505015480512e-02,-2.845217663518e-02,-3.216299478925e-02,-3.645336400316e-02,-6.803726851331e-02,-6.378450187651e-02
694.20000000,4.444728197319e+13,-4.082385995654e-02,-4.636808368849e-02,-1.237089988499e-02,-1.402111089186e-02,-2.536013310209e-02,-2.377496176411e-02
694.40000000,1.925433348738e+13,-6.464017360630e-02,-7.341885315613e-02,-1.855679397917e-02,-2.103216973689e-02,-2.752621237902e-02,-2.580564716232e-02
694.60000000,1.156763620153e+13,-2.520737702103e-02,-2.863075095111e-02,4.640379099396e-04,5.259380525087e-04,1.577402488662e-02,1.478804693319e-02
694.80000000,2.098751393675e+13,1.117390417236e-02,1.269141439205e-02,4.049998661808e-02,4.590246536386e-02,3.542542941372e-02,3.321111235490e-02
695.00000000,5.088899184956e+13,2.851650678159e-02,3.238928838086e-02,4.579652784892e-02,5.190553649299e-02,1.488813796478e-02,1.395753363859e-02
695.20000000,3.738410842317e+13,1.858644929229e-02,2.111064551893e-02,3.399005557774e-03,3.852414480001e-03,1.883767017823e-02,1.766019470046e-02
695.40000000,2.419435390214e+13,2.867157714059e-02,3.256541859960e-02,1.428116594320e-02,1.618619609051e-02,4.518702083864e-02,4.236254156665e-02
695.60000000,4.868002758523e+13,1.078112711150e-02,1.224529490094e-02,2.066500024513e-02,2.342159929438e-02,1.002459708538e-02,9.397995327789e-03
695.80000000,2.998369658481e+13,9.306339594482e-04,1.057021882816e-03,4.274568855572e-02,4.844773177055e-02,3.978706030476e-02,3.730011327796e-02
696.00000000,5.881429202412e+13,-8.583359532543e-05,-9.749051989575e-05,2.454393271884e-02,2.781796034018e-02,1.707932720901e-03,1.601175946973e-03
696.20000000,6.561321813322e+13,-6.582106515026e-03,-7.476011970945e-03,3.053220547278e-02,3.460503622910e-02,4.518708407466e-02,4.236260085000e-02
696.40000000,5.888336472605e+13,-1.188101317781e-02,-1.349455475105e-02,1.118991289224e-04,1.268258663407e-04,3.796206214166e-02,3.558918923144e-02
696.60000000,8.571313640494e+12,2.669066527375e-02,3.031548223104e-02,1.889188084209e-02,2.141195537149e-02,4.734639330792e-02,4.438693937580e-02
696.80000000,2.548729792408e+13,6.239854134655e-02,7.087278837123e-02,7.861831804948e-02,8.910557564532e-02,9.993695203759e-02,9.369025012412e-02
697.00000000,2.710354697771e+13,7.002255897938e-02,7.953221175790e-02,8.698377735356e-02,9.858694188822e-02,8.392947961463e-02,7.868334762626e-02
697.20000000,1.652402480161e+13,3.452366436108e-02,3.921226851239e-02,4.802891493483e-02,5.443571191888e-02,1.637088496572e-02,1.534759942063e-02
697.40000000,4.182709185001e+13,6.661317611568e-03,7.565980600993e-03,1.277308334031e-03,1.447694344069e-03,5.814373506132e-03,5.450937786253e-03
697.60000000,4.342719963192e+13,4.678866665955e-03,5.314296133812e-03,-5.497595529901e-04,-6.230944982164e-04,9.303062789469e-03,8.721561563514e-03
697.80000000,2.064866622938e+13,4.762405554297e-03,5.409180306205e-03,1.399191156360e-02,1.585835674414e-02,3.239267957894e-02,3.036792887980e-02
698.00000000,3.600981618073e+13,7.335769366868e-03,8.332028580456e-03,-1.475547679550e-02,-1.672377744023e-02,4.932353183682e-02,4.624049403727e-02
698.20000000,2.853650818760e+13,8.831228250205e-02,1.003058336506e-01,1.739125581634e-02,1.971115509918e-02,9.143960958815e-02,8.572404620008e-02
698.40000000,3.691918303746e+13,4.569133998259e-02,5.189660846396e-02,6.348500650342e-03,7.195356234630e-03,4.231948228922e-02,3.967424260957e-02
698.60000000,1.652963880683e+13,4.435540419908e-02,5.037924135860e-02,1.529284098423e-02,1.733282309976e-02,2.707407990096e-03,2.538177587053e-03
698.80000000,5.739120982291e+13,3.586914186349e-02,4.074047318238e-02,3.901666587595e-03,4.422127767284e-03,-1.236254863384e-02,-1.158980987574e-02
699.00000000,1.131005694560e+13,4.140717841394e-02,4.703062170128e-02,8.455401119798e-03,9.583305809436e-03,5.134964006526e-02,4.813995747727e-02
699.20000000,8.158785196817e+13,4.453195925840e-02,5.057977408075e-02,-7.739012847198e-03,-8.771355223372e-03,6.592415951523e-02,6.180347577422e-02
699.40000000,1.234629078183e+13,1.195236361218e-02,1.357559517486e-02,-1.129928232555e-02,-1.280654535707e-02,2.359082548393e-02,2.211624724549e-02
699.60000000,3.563713839092e+13,-5.464156683472e-02,-6.206235144251e-02,-8.149839372724e-02,-9.236983781138e-02,-1.919473741700e-02,-1.799494294152e-02
699.80000000,9.575047328900e+12,-9.597447917449e-03,-1.090086211118e-02,-1.424112991980e-02,-1.614081947854e-02,-5.046406827904e-02,-4.730973962030e-02
700.00000000,5.180766313163e+13,-1.609942707984e-02,-1.828586476069e-02,-2.105320890600e-02,-2.386159288691e-02,1.486116030163e-02,1.393224225280e-02
700.20000000,2.561953111787e+13,1.238471209818e-02,1.406666022365e-02,2.817523582332e-02,3.193365960080e-02,2.074457610613e-02,1.944790674996e-02
700.40000000,3.354289249459e+13,3.916823640272e-02,4.448761252331e-02,4.110337963050e-02,4.658634773436e-02,7.462099464758e-02,6.995670280612e-02
700.60000000,3.103815906135e+13,5.797065356815e-02,6.584355617000e-02,4.851698901961e-02,5.498889244170e-02,8.003249963194e-02,7.502995394291e-02
700.80000000,7.797995408150e+12,1.470711252441e-02,1.670446217173e-02,2.347844840317e-02,2.661034619066e-02,2.851020995786e-02,2.672813856719e-02
701.00000000,2.836773829956e+13,-1.851121825469e-02,-2.102519747332e-02,-9.353537347174e-03,-1.060124854255e-02,4.979806617328e-02,4.668536692732e-02
701.20000000,5.589571914418e+13,4.797794640499e-03,5.449375528127e-03,4.316012309359e-02,4.891744962996e-02,4.747420594356e-02,4.450676290010e-02
701.40000000,1.792253280155e+13,-8.887776374983e-03,-1.009481120106e-02,3.578719369140e-03,4.056101139936e-03,6.344285260516e-04,5.947726649631e-04
701.60000000,5.443261370684e+13,-3.164082588211e-02,-3.593791630769e-02,-2.011475731466e-02,-2.279795693874e-02,2.669335577530e-02,2.502484945008e-02
701.80000000,5.371543035013e+13,1.900533232652e-02,2.158641639428e-02,3.348603453716e-02,3.795289008389e-02,7.703529241466e-02,7.222009144325e-02
702.00000000,4.584318601077e+13,3.744917784852e-02,4.253509135084e-02,4.522606894669e-02,5.125898146452e-02,8.439375754302e-02,7.911860519966e-02
702.20000000,3.043103700704e+13,1.759229241737e-02,1.998147377415e-02,8.617974232591e-03,9.767565294494e-03,3.805630331241e-02,3.567753972323e-02
702.40000000,3.340388069256e+13,1.531862875394e-02,1.739902745139e-02,4.580507169292e-03,5.191522003948e-03,3.222549869916e-02,3.021119787967e-02
702.60000000,4.636303878072e+13,-1.768683033266e-03,-2.008885073391e-03,-3.121865899474e-02,-3.538305893100e-02,2.475124103413e-02,2.320412936446e-02
702.80000000,3.761455642530e+13,2.684138795879e-02,3.048667432511e-02,3.106555392249e-02,3.520953047180e-02,4.372896286709e-02,4.099562159096e-02
703.00000000,2.000272304722e+13,1.353760280083e-02,1.537612318577e-02,3.696433677501e-03,4.189517899140e-03,2.815992931931e-02,2.639975272021e-02
703.20000000,4.397655593236e+13,-2.569164558668e-02,-2.918078726329e-02,-1.176793754357e-02,-1.333771664153e-02,1.469070760471e-02,1.377244394513e-02
703.40000000,3.507973069328e+13,-3.294879310190e-02,-3.742351648301e-02,1.303558401297e-02,1.477446028058e-02,1.526740990224e-02,1.431309864193e-02
703.60000000,3.561816296362e+13,-2.192984221025e-03,-2.490809933119e-03,2.595698561499e-02,2.941950683535e-02,4.052755258568e-02,3.799432003132e-02
703.80000000,4.517604119028e+13,2.287842082557e-02,2.598550290516e-02,1.756239450084e-02,1.990512275679e-02,5.884040814560e-02,5.516250440071e-02
704.00000000,4.259135412263e+13,2.148669196805e-02,2.440476555681e-02,1.495940450599e-02,1.695490800221e-02,3.849361931095e-02,3.608752066072e-02
704.20000000,5.602988588747e+13,3.661480620302e-02,4.158740501430e-02,3.129563273247e-02,3.547030054822e-02,3.377784352193e-02,3.166651117229e-02
704.40000000,3.582440516166e+13,2.690859259676e-02,3.056300591846e-02,4.065208464860e-02,4.607485244744e-02,5.113820503044e-02,4.794173849127e-02
704.60000000,4.081392656022e+13,-4.928784032135e-02,-5.598154381478e-02,3.142377895387e-02,3.561554078114e-02,-3.907910653839e-02,-3.663641117284e-02
704.80000000,2.576889796288e+13,-2.930799097689e-02,-3.328826279056e-02,-5.236432504059e-03,-5.934944223919e-03,-2.604457164076e-02,-2.441661849443e-02
705.00000000,4.641115651458e+13,5.317606698518e-03,6.039782438062e-03,2.412085684063e-02,2.733844843246e-02,-2.033615562161e-03,-1.906501517112e-03
705.20000000,4.577658307390e+13,1.616720990145e-02,1.836285305989e-02,4.108466156609e-02,4.656513278159e-02,4.061707119687e-02,3.807824315387e-02
705.40000000,1.181232880509e+13,3.746842702270e-02,4.255695472486e-02,3.010825568421e-02,3.412453383611e-02,4.451709611949e-02,4.173449144883e-02
705.60000000,4.409511923942e+13,3.522314326805e-02,4.000674254134e-02,2.560644925120e-02,2.902221082019e-02,2.388638840959e-02,2.239333558837e-02
705.80000000,3.010392923601e+13,1.113987670353e-02,1.265276570659e-02,1.090555199718e-03,1.236029353651e-03,-4.580906264862e-02,-4.294570176491e-02
706.00000000,4.732152191606e+13,6.470406701123e-03,7.349142382315e-03,-6.994674240172e-02,-7.927725879733e-02,-3.209305193733e-02,-3.008702989184e-02
706.20000000,3.237797161779e+13,-3.772830412151e-03,-4.285212532066e-03,-3.029676589008e-02,-3.433819028191e-02,-1.137802170324e-02,-1.066682220700e-02
706.40000000,4.457467028085e+13,2.189079477821e-02,2.486374892928e-02,1.381069724901e-02,1.565296942198e-02,3.295780412470e-02,3.089772950873e-02
706.60000000,1.057701203883e+13,1.897735563275e-02,2.155464023006e-02,3.168156929248e-02,3.590771895396e-02,3.421819522432e-02,3.207933806263e-02
706.80000000,2.583717445926e+13,3.647175937059e-02,4.142493121822e-02,2.543663469046e-02,2.882974391727e-02,5.765114990902e-02,5.404758244866e-02
707.00000000,2.938933946392e+13,2.593753377199e-02,2.946006913343e-02,5.332557944631e-03,6.043892277361e-03,9.526827391128e-03,8.931339439174e-03
707.20000000,1.047134943179e+13,5.031220632313e-03,5.714502734008e-03,-2.178985067675e-02,-2.469649867802e-02,-1.187294388744e-03,-1.113080857324e-03
707.40000000,2.900761687004e+13,-1.931780672024e-02,-2.194132744027e-02,-1.979014497479e-02,-2.243004307181e-02,9.610231163624e-03,9.009529939756e-03
707.60000000,5.121098761006e+13,-2.243042773106e-02,-2.547666857836e-02,-2.553845212307e-03,-2.894514324364e-03,2.399549547993e-02,2.249562276545e-02
707.80000000,5.890661610974e+13,-6.631758971450e-03,-7.532407648798e-03,-5.293608044241e-03,-5.999746671328e-03,1.877623055666e-02,1.760259545018e-02
708.00000000,3.977635546700e+13,6.597720077922e-04,7.493745987082e-04,4.975259731120e-03,5.638932418364e-03,1.109601482150e-02,1.040244256816e-02
708.20000000,3.445948526513e+13,4.934001533008e-03,5.604080462877e-03,8.353211225023e-03,9.467484336465e-03,-3.906988100190e-04,-3.662776229164e-04
708.40000000,3.551926147852e+13,-2.591865896112e-03,-2.943863096439e-03,-1.749504021123e-02,-1.982878376995e-02,7.671325530811e-03,7.191818372597e-03
708.60000000,1.568238660657e+13,-1.218737584771e-02,-1.384252404969e-02,-1.911518850932e-02,-2.166505107143e-02,-8.750591116379e-03,-8.203622921370e-03
708.80000000,3.935140852428e+13,-3.613999325519e-02,-4.104810847240e-02,-2.803100607815e-02,-3.177019038920e-02,2.656995728278e-02,2.490916415656e-02
709.00000000,1.912337991902e+13,-2.896925851473e-02,-3.290352760946e-02,-1.212531962511e-02,-1.374277155610e-02,6.111990217399e-02,5.729951539936e-02
709.20000000,4.252649931100e+13,-5.147412239585e-02,-5.846474139347e-02,-1.566958659335e-03,-1.775982453155e-03,2.257348929504e-02,2.116250110801e-02
709.40000000,5.022584567317e+13,-9.111233742252e-03,-1.034861595929e-02,4.445835764655e-02,5.038886163716e-02,4.132282916408e-02,3.873988671140e-02
709.60000000,-6.374212289360e+12,1.112246712978e-02,1.263299176622e-02,3.475515028547e-02,3.939129899570e-02,5.059912286430e-02,4.743635242582e-02
709.80000000,3.029942722131e+12,-9.649058516430e-03,-1.095948186382e-02,2.527915907888e-02,2.865126191247e-02,3.642012514614e-02,3.414363320996e-02
710.00000000,2.892032655967e+13,-2.594820207241e-02,-2.947218627882e-02,2.329438999134e-02,2.640173538409e-02,5.032989593054e-02,4.718395390605e-02
710.20000000,4.862542161788e+13,-5.165674633010e-03,-5.867216719485e-03,2.099064735718e-02,2.379068596650e-02,7.960538913084e-02,7.462954059366e-02
710.40000000,4.709554701249e+13,-1.453999095737e-02,-1.651464408949e-02,2.037130097660e-02,2.308872213499e-02,7.372544205554e-02,6.911712800783e-02
710.60000000,3.087159452407e+13,-2.418568414247e-02,-2.747030358166e-02,1.603066124000e-02,1.816906457940e-02,5.044528523590e-02,4.729213063809e-02
710.80000000,4.579354290046e+13,-7.982007897183e-02,-9.066031741556e-02,-5.968418414094e-02,-6.764573087729e-02,-4.930637404036e-02,-4.622440871338e-02
711.00000000,3.627385467473e+13,-1.623817107730e-01,-1.844345136060e-01,-6.753178619245e-02,-7.654016051638e-02,-2.221167908843e-01,-2.082330636508e-01
711.20000000,2.591606680131e+13,-1.202127750249e-01,-1.365386815141e-01,-5.100233504775e-03,-5.780577016192e-03,-7.978385739244e-02,-7.479685344169e-02
711.40000000,3.659224961450e+13,-4.925877680921e-02,-5.594853323311e-02,1.360255101647e-02,1.541705760997e-02,2.127556283879e-02,1.994570339856e-02
711.60000000,4.295817362602e+13,-2.593314986450e-02,-2.945508985440e-02,4.938870246003e-03,5.597688773126e-03,3.280332615142e-02,3.075290740180e-02
711.80000000,4.174475927169e+13,6.078434886881e-05,6.903937497138e-05,-3.030430831861e-03,-3.434673882954e-03,5.333436193834e-02,5.000062147516e-02
712.00000000,1.801599439716e+13,-2.515307898183e-03,-2.856907878124e-03,-3.141208089934e-02,-3.560228226953e-02,5.001577556662e-03,4.688946808410e-03
712.20000000,4.107353394718e+13,-1.268038572676e-02,-1.440248881921e-02,5.622266470346e-03,6.372246350479e-03,-1.436202959407e-01,-1.346431042295e-01
712.40000000,2.652189813436e+13,-1.702929677304e-02,-1.934201858347e-02,1.806552634098e-01,2.047536965794e-01,4.416912628631e-02,4.140827196703e-02
712.60000000,3.513338057125e+13,-1.716961651339e-02,-1.950139492541e-02,-8.488765552813e-02,-9.621120877014e-02,6.234762802007e-02,5.845050048804e-02
712.80000000,3.233455093365e+13,1.611359466204e-02,1.830195641979e-02,2.397717870887e-02,2.717560441652e-02,8.030755753978e-02,7.528781896340e-02
713.00000000,4.360776984079e+13,5.188147744109e-03,5.892741868193e-03,-1.287468868134e-03,-1.459210238360e-03,1.695792027496e-02,1.589794124948e-02
713.20000000,1.569712746329e+13,2.416609140652e-02,2.744804998730e-02,1.002124143876e-02,1.135802074168e-02,3.648986283862e-02,3.420901184839e-02
713.40000000,2.247165459308e+13,6.967452010075e-03,7.913690627067e-03,1.618525794577e-02,1.834428364797e-02,1.468374451270e-02,1.376591609114e-02
713.60000000,3.497552659288e+13,1.728019569304e-02,1.962699168823e-02,1.958907386422e-02,2.220215016470e-02,1.398647597520e-02,1.311223131939e-02
713.80000000,2.498729848588e+13,2.148567359721e-02,2.440360888264e-02,-1.262680615005e-03,-1.431115366592e-03,8.838398500307e-03,8.285941779363e-03
714.00000000,3.299566662499e+13,-4.144852389471e-03,-4.707758224627e-03,1.221312084020e-02,1.384228497749e-02,-2.042639133287e-02,-1.914961057037e-02
714.20000000,2.577520480555e+13,-4.583832057079e-02,-5.206355025295e-02,-8.251845065658e-03,-9.352596480742e-03,8.821833714533e-03,8.270412399181e-03
714.40000000,3.691148866065e+13,-8.055820940030e-03,-9.149869216788e-03,3.033159130014e-02,3.437766121295e-02,5.625162582161e-02,5.273553761309e-02
714.60000000,6.389108153480e+13,-4.028777208686e-02,-4.575919057471e-02,-1.306650085042e-02,-1.480950125661e-02,-1.783111777537e-02,-1.671655829306e-02
714.80000000,1.989106872721e+13,-2.868876228225e-02,-3.258493762811e-02,-5.053889455900e-03,-5.728050922335e-03,-1.748074255429e-02,-1.638808377556e-02
715.00000000,4.957868740767e+13,-3.840075688684e-02,-4.361590283051e-02,-7.363677603524e-03,-8.345952292131e-03,-2.808049426850e-02,-2.632528287069e-02
715.20000000,5.013596219762e+13,-6.303486354322e-03,-7.159552847712e-03,-8.565729500256e-04,-9.708351397974e-04,-2.731039515719e-02,-2.560331990417e-02
715.40000000,4.073752664375e+13,-2.628636036702e-02,-2.985626931558e-02,-2.652924189779e-02,-3.006809900523e-02,-4.422378815643e-02,-4.145951711889e-02
715.60000000,5.590941046960e+13,-2.966473267149e-02,-3.369345300942e-02,-9.157818567787e-03,-1.037942193859e-02,-4.653554269409e-02,-4.362677213761e-02
715.80000000,3.336761260444e+13,-3.369876645382e-02,-3.827534252747e-02,-1.011545219970e-02,-1.146479870759e-02,-3.533200860044e-02,-3.312353094296e-02
716.00000000,3.749410120469e+13,-4.051965761964e-04,-4.602256811421e-04,-5.561072852962e-03,-6.302889836143e-03,5.534541018463e-03,5.188596627872e-03
716.20000000,4.745916014221e+13,-3.720151510927e-02,-4.225379392741e-02,-3.678513111871e-02,-4.169206827165e-02,-2.463367827012e-02,-2.309391502891e-02
716.40000000,4.977238428592e+13,-2.493696796025e-02,-2.832361806427e-02,-4.042518588655e-02,-4.581768662010e-02,-4.886715517333e-02,-4.581264384891e-02
716.60000000,1.100001962329e+13,-4.534786512860e-02,-5.150648683431e-02,-1.745524457333e-02,-1.978367960960e-02,-6.346945931953e-02,-5.950221011997e-02
716.80000000,2.184290426621e+13,-2.331390140171e-02,-2.648012540829e-02,-6.136307380466e-03,-6.954857532425e-03,-4.650580506757e-02,-4.359889330390e-02
717.00000000,4.199529180111e+13,9.789917898165e-04,1.111947113499e-03,-1.154573449545e-02,-1.308587291091e-02,-3.394539899565e-02,-3.182359335183e-02
717.20000000,3.521077771511e+13,9.997776275648e-03,1.135555842935e-02,-1.595416757811e-02,-1.808236707753e-02,-6.400670656356e-02,-6.000587595773e-02
717.40000000,4.854542796017e+13,3.586325257645e-02,4.073378408060e-02,-1.111868508589e-02,-1.260185742430e-02,-2.768489242478e-02,-2.595440868520e-02
717.60000000,3.778000600449e+13,3.502319909465e-04,3.977964426661e-04,-4.470730066094e-02,-5.067101230065e-02,-2.992860324314e-02,-2.805787315448e-02
717.80000000,3.560925751194e+13,-1.197952242697e-02,-1.360644238525e-02,-4.883658065865e-02,-5.535111587352e-02,-3.398417586260e-02,-3.185994641533e-02
718.00000000,2.834844524849e+13,-3.925900387907e-02,-4.459070698679e-02,-3.810870206944e-02,-4.319219641479e-02,-6.794939676659e-02,-6.370212267881e-02
718.20000000,2.076084248732e+13,-2.237346445121e-02,-2.541196920575e-02,1.014130544717e-02,1.149410063818e-02,-2.739140225469e-02,-2.567926353734e-02
718.40000000,4.706414251856e+13,-2.651996008991e-02,-3.012159384667e-02,3.451352092023e-02,3.911743758253e-02,2.600637719397e-03,2.438081144609e-03
718.60000000,1.338522684227e+13,-5.282131409123e-02,-5.999489305827e-02,-1.391941424635e-02,-1.577618867763e-02,-4.324868607490e-03,-4.054536518556e-03
718.80000000,3.538369118096e+13,-4.961920744933e-02,-5.635791338733e-02,-2.287711870899e-02,-2.592880237387e-02,-6.074208538382e-02,-5.694531458724e-02
719.00000000,5.945165973619e+13,-8.394189334972e-03,-9.534190887275e-03,-2.441281396983e-02,-2.766935106058e-02,-2.272908502848e-02,-2.130837110791e-02
719.20000000,1.910090053142e+13,-1.123251858588e-04,-1.275798913614e-04,-6.385105277952e-03,-7.236843721202e-03,-4.444422881394e-03,-4.166617881828e-03
719.40000000,5.620910155909e+13,-1.192985247285e-04,-1.355002683332e-04,3.256835532355e-03,3.691279743609e-03,9.713749268462e-03,9.106577497610e-03
719.60000000,2.396532727110e+13,4.389189142239e-03,4.985277964618e-03,2.672677957819e-02,3.029198714174e-02,1.741425953833e-02,1.632575637547e-02
719.80000000,6.645822667199e+13,-2.484030878099e-03,-2.821383175503e-03,2.606405214850e-02,2.954085546425e-02,2.149145503319e-02,2.014810094302e-02
720.00000000,3.123361511263e+13,6.272265826651e-03,7.124092309650e-03,4.118437695776e-02,4.667814966615e-02,5.564839290865e-02,5.217001063487e-02
720.20000000,4.233994386770e+13,-2.333837034107e-02,-2.650791743553e-02,1.340487131395e-02,1.519300850636e-02,2.247476005369e-02,2.106994307889e-02
720.40000000,3.159326048777e+13,2.979692531830e-03,3.384359853011e-03,4.068620563161e-02,4.611352498468e-02,4.274771814578e-02,4.007571097233e-02
720.60000000,3.697378989605e+13,4.117957976605e-02,4.677211324167e-02,2.473622572073e-02,2.803590418649e-02,3.514492237313e-02,3.294813880748e-02
720.80000000,3.254105481585e+13,3.360714053453e-02,3.817127303726e-02,2.492759733805e-02,2.825280374052e-02,4.154113193091e-02,3.894454415202e-02
721.00000000,4.854363672533e+13,9.640899141882e-03,1.095021437755e-02,3.243560517230e-02,3.676233913403e-02,3.286082530950e-02,3.080681249289e-02
721.20000000,7.955118071813e+13,1.599438334413e-02,1.816655520169e-02,2.635245881803e-02,2.986773402062e-02,4.761850752490e-03,4.464204470502e-03
721.40000000,3.267559874544e+13,1.730363323016e-02,1.965361224013e-02,2.676526882307e-02,3.033561064331e-02,2.184372940982e-02,2.047835590663e-02
721.60000000,6.451321346700e+13,4.010169007311e-02,4.554783705754e-02,6.668774851132e-02,7.558353278242e-02,7.575115911677e-02,7.101622473110e-02
721.80000000,3.722419549885e+13,4.441665835934e-02,5.044881434929e-02,2.620729989509e-02,2.970321168397e-02,6.145582255063e-02,5.761443859311e-02
722.00000000,4.877895264725e+13,3.519131933603e-02,3.997059665153e-02,5.108555416646e-02,5.790009026011e-02,4.592740230444e-02,4.305664443154e-02
722.20000000,4.970028269567e+13,7.306696413006e-02,8.299007274799e-02,1.324408277131e-02,1.501077164343e-02,5.464538572956e-02,5.122969785196e-02
722.40000000,3.926971509905e+13,1.035771428159e-02,1.176437904553e-02,-2.000306974734e-02,-2.267137085518e-02,-4.436573435790e-02,-4.159259077031e-02
722.60000000,2.585039591928e+13,-9.774191335107e-03,-1.110160877232e-02,-2.391924264628e-02,-2.710993999714e-02,-5.355578179124e-02,-5.020820116394e-02
722.80000000,1.547063851262e+13,-1.611373229232e-02,-1.830211274141e-02,-1.353771831639e-02,-1.534357657902e-02,-1.776849365374e-02,-1.665784858159e-02
723.00000000,4.273120129288e+13,-7.404087249827e-03,-8.409624606843e-03,3.504271630538e-04,3.971722476439e-04,3.749532042650e-02,3.515162187377e-02
723.20000000,6.142237533411e+13,-1.671389369548e-02,-1.898378111374e-02,4.605664281836e-03,5.220034938980e-03,2.546701375481e-02,2.387516168899e-02
723.40000000,3.993879852833e+13,2.183705460804e-02,2.480271039176e-02,2.996418941263e-02,3.396124990460e-02,1.825259233905e-02,1.711168798720e-02
723.60000000,5.376426630696e+13,1.445704369755e-02,1.642043189375e-02,6.151453739693e-02,6.972024333895e-02,-1.076026205036e-03,-1.008767650348e-03
723.80000000,4.191827472211e+13,6.928469424528e-02,7.869413878347e-02,4.980621570754e-02,5.645009498349e-02,-9.233252476123e-03,-8.656114843504e-03
724.00000000,3.138749556867e+13,2.382693060558e-02,2.706282829541e-02,2.056831321594e-03,2.331201473944e-03,-2.023243444687e-02,-1.896777723653e-02
724.20000000,4.419022544798e+13,-1.350983171722e-02,-1.534458055530e-02,-3.045967543719e-02,-3.452283107980e-02,-2.226647492321e-02,-2.087467710796e-02
724.40000000,4.170305452867e+13,-1.697456861456e-02,-1.927985788051e-02,-3.710146260872e-02,-4.205059666823e-02,-1.074904802145e-02,-1.007716342347e-02
724.60000000,4.855257936127e+13,-2.742795412168e-02,-3.115290110911e-02,1.335086787351e-02,1.513180129960e-02,-8.311322517874e-03,-7.791811433962e-03
724.80000000,5.713882474225e+13,8.468069063463e-03,9.618104104625e-03,3.744436329676e-02,4.243923844988e-02,-1.671497931149e-02,-1.567018565790e-02
725.00000000,4.766159636966e+13,6.289250177127e-02,7.143383277852e-02,6.381915629715e-02,7.233228591175e-02,3.594342248138e-02,3.369672752608e-02
725.20000000,3.356249892377e+13,1.000740336536e-01,1.136649295886e-01,7.453608238922e-02,8.447879186958e-02,1.897582961736e-02,1.778971828653e-02
725.40000000,3.164540884292e+13,2.830930574036e-02,3.215394769455e-02,1.748041813954e-02,1.981221119312e-02,-2.333780054796e-02,-2.187903799450e-02
725.60000000,4.983746993117e+13,2.892080010216e-02,3.284848813666e-02,-1.520882759574e-02,-1.723760278051e-02,3.056413833728e-03,2.865368321991e-03
725.80000000,2.555181966999e+13,-4.225308755788e-03,-4.799141242564e-03,-1.495346138713e-02,-1.694817210350e-02,-3.621203553423e-02,-3.394855053644e-02
726.00000000,3.142737470594e+13,-1.628303930348e-02,-1.849441306948e-02,-3.845546640432e-02,-4.358521723283e-02,-5.520121671081e-02,-5.175078582391e-02
726.20000000,3.030304587952e+13,-2.208687681950e-02,-2.508646056189e-02,-3.364657634462e-02,-3.813484729850e-02,-4.992166624781e-02,-4.680124120267e-02
726.40000000,4.210348693082e+13,-3.575030766080e-02,-4.060550029493e-02,-4.258086957272e-02,-4.826092682837e-02,-4.660340474701e-02,-4.369039237600e-02
726.60000000,3.253648798853e+13,-2.982062524721e-02,-3.387051710882e-02,-3.002425495215e-02,-3.402932786160e-02,-3.365865444641e-03,-3.155477218015e-03
726.80000000,3.006540951919e+13,1.386471238114e-02,1.574765699985e-02,9.668484077756e-03,1.095820746030e-02,-1.046742461903e-02,-9.813143294016e-03
727.00000000,2.870309139519e+13,-5.588526806411e-03,-6.347495776511e-03,-4.529058726402e-03,-5.133210617574e-03,1.744165975403e-02,1.635144390156e-02
727.20000000,4.365475800519e+13,3.163229311577e-02,3.592822471987e-02,1.648702463052e-02,1.868630437320e-02,4.396081438727e-03,4.121298090074e-03
727.40000000,5.236072486561e+13,-1.371378663201e-02,-1.557623426389e-02,-1.682623890592e-02,-1.907076799473e-02,-3.354548349574e-02,-3.144867514138e-02
727.60000000,3.062754792354e+13,-3.964119785470e-02,-4.502480612062e-02,-5.158444085683e-02,-5.846552573151e-02,-4.104759143272e-02,-3.848185310753e-02
727.80000000,2.704590203352e+13,-2.133666190281e-02,-2.423436014615e-02,-3.207067922361e-02,-3.634873404131e-02,-4.650602262859e-02,-4.359909726597e-02
728.00000000,3.541426344569e+13,-3.559380740536e-02,-4.042774598778e-02,-2.637928143701e-02,-2.989813463162e-02,-2.945574103627e-02,-2.761456787517e-02
728.20000000,2.244758587609e+13,-1.770806278432e-02,-2.011296673119e-02,1.561889761773e-02,1.770237392126e-02,-5.101634721410e-03,-4.782749757177e-03
728.40000000,3.415719275537e+13,-1.369471058870e-02,-1.555456753336e-02,-1.877313465638e-03,-2.127736908809e-03,-6.010693324257e-03,-5.634986353768e-03
728.60000000,4.231775201603e+13,-2.998320519592e-02,-3.405517678274e-02,-8.152481208705e-03,-9.239978023723e-03,1.206583079843e-02,1.131163881238e-02
728.80000000,4.576877045121e+13,9.263235254898e-04,1.052126055652e-03,-3.511654586099e-02,-3.980090278259e-02,1.227568301932e-02,1.150837392051e-02
729.00000000,4.996049184490e+13,1.762894351006e-02,2.002310239366e-02,-3.058959612035e-02,-3.467008247806e-02,1.357132201861e-02,1.272302715377e-02
729.20000000,6.656195295691e+13,-1.066702187081e-02,-1.211569320831e-02,-2.669206053455e-02,-3.025263676582e-02,-1.073650771490e-02,-1.006540696668e-02
729.40000000,4.990767901552e+13,-5.122134978770e-03,-5.817764013794e-03,-4.430925626418e-03,-5.021987093835e-03,-2.209712746370e-02,-2.071591495326e-02
729.60000000,3.743429083734e+13,-4.699376062909e-02,-5.337590879467e-02,-1.753091907231e-02,-1.986944867666e-02,-6.311382393993e-02,-5.916880423767e-02
729.80000000,6.191178021091e+13,-5.044813914260e-02,-5.729942098036e-02,-8.234772948352e-03,-9.333247035501e-03,-8.161682778478e-02,-7.651525140188e-02
730.00000000,5.170550095104e+13,-1.646978841554e-02,-1.870652428253e-02,-2.910007082863e-02,-3.298186258415e-02,-8.376539253714e-02,-7.852951704589e-02
730.20000000,4.462956889860e+13,-2.265403419519e-02,-2.573064268207e-02,-2.290606318048e-02,-2.596160788101e-02,-1.231292963408e-02,-1.154329238242e-02
730.40000000,4.146009162616e+13,1.457856134769e-02,1.655845266340e-02,1.167394119618e-03,1.323118169077e-03,2.049506621984e-02,1.921399283546e-02
730.60000000,3.763614203286e+13,1.366234880931e-02,1.551781075200e-02,8.683093840786e-03,9.841371505539e-03,3.940538354420e-02,3.694229376842e-02
730.80000000,2.450987866231e+13,2.388403693482e-02,2.712769014473e-02,-8.663288764737e-03,-9.818924539668e-03,3.552697459603e-02,3.330631031056e-02
731.00000000,5.375690456865e+13,1.370311080364e-02,1.556410856818e-02,1.519286353665e-02,1.721950920245e-02,2.010516057028e-02,1.884845879536e-02
731.20000000,5.215289238684e+13,5.523735711161e-02,6.273905505283e-02,3.729585046107e-02,4.227091480669e-02,3.862422501934e-02,3.620996267277e-02
731.40000000,3.020784488550e+13,4.473285093494e-02,5.080794853756e-02,6.623713305048e-02,7.507280766098e-02,6.017819542061e-02,5.641667137151e-02
731.60000000,4.168114263510e+13,6.651739133317e-02,7.555101284789e-02,7.916306010020e-02,8.972298333366e-02,7.266952371959e-02,6.812721135550e-02
731.80000000,3.215585763161e+13,1.399508293186e-02,1.589573296849e-02,9.682897877914e-03,1.097454398329e-02,4.684176907838e-02,4.391385740441e-02
732.00000000,1.578634000505e+13,-1.078896343774e-02,-1.225419546622e-02,-7.571359191314e-03,-8.581337478307e-03,2.558758462105e-02,2.398819610105e-02
732.20000000,4.327163045631e+13,-9.974837158254e-03,-1.132950398677e-02,-8.835958862454e-04,-1.001462789272e-03,9.048415219144e-03,8.482831103251e-03
732.40000000,3.121746658932e+13,1.613042356137e-02,1.832107082527e-02,-1.028485873041e-03,-1.165680315149e-03,4.907552531365e-02,4.600798951602e-02
732.60000000,2.667141309172e+13,-1.784056232610e-03,-2.026346082577e-03,-8.420603823643e-03,-9.543866742540e-03,2.674306359321e-02,2.507145020983e-02
732.80000000,2.419032618075e+13,1.755829183858e-02,1.994285563063e-02,-2.667681887121e-03,-3.023536194719e-03,2.110995062021e-02,1.979044300822e-02
733.00000000,1.887173534055e+13,1.323468567132e-02,1.503206736090e-02,-1.960871398571e-02,-2.222441017196e-02,3.170714837582e-02,2.972524778358e-02
733.20000000,5.844041342003e+13,-4.507841114245e-03,-5.120043872927e-03,4.786800767900e-03,5.425334050708e-03,-2.048440188322e-02,-1.920399508842e-02
733.40000000,4.271316614268e+13,8.074303265125e-03,9.170861597168e-03,2.899404462482e-02,3.286169305930e-02,3.524075888544e-02,3.303798492172e-02
733.60000000,5.567176313569e+13,-3.839683012217e-03,-4.361144277815e-03,2.407870477382e-02,2.729067350837e-02,-6.069219339383e-03,-5.689854116734e-03
733.80000000,3.376656819969e+13,7.207514440335e-04,8.186355555586e-04,-3.410426625802e-04,-3.865359056608e-04,-2.232711331288e-03,-2.093152520848e-03
734.00000000,5.508125152238e+13,2.733694360455e-02,3.104953059786e-02,4.452469332320e-03,5.046404613361e-03,5.622904059197e-04,5.271436410551e-04
734.20000000,5.166394530897e+13,4.310118853074e-02,4.895469264774e-02,-1.559901645228e-02,-1.767984071608e-02,-5.221472078852e-03,-4.895096509445e-03
734.40000000,3.170790321703e+13,5.695791801046e-02,6.469328260098e-02,-8.311892622815e-06,-9.420654056155e-06,-4.269549076646e-03,-4.002674813994e-03
734.60000000,4.485109278289e+13,6.741723510306e-02,7.657306297428e-02,3.801757117626e-02,4.308890915429e-02,3.079708839542e-02,2.887207240197e-02
734.80000000,4.295016878388e+13,5.229646513348e-02,5.939876519523e-02,-1.130690044628e-02,-1.281517969382e-02,2.268852767483e-02,2.127034884958e-02
735.00000000,2.004753359719e+13,5.086050010957e-02,5.776778403683e-02,5.509049071609e-03,6.243926364274e-03,5.793949623350e-02,5.431790527432e-02
735.20000000,3.625248258053e+13,1.922341137977e-02,2.183411241819e-02,-7.221813748928e-03,-8.185164568090e-03,-1.600832727578e-02,-1.500770391689e-02
735.40000000,4.512637133536e+13,3.410405912041e-02,3.873567734888e-02,-3.242127538794e-02,-3.674609783409e-02,-1.868268360702e-02,-1.751489578623e-02
735.60000000,3.572365288225e+13,4.550522887474e-02,5.168522190146e-02,-2.667007216973e-02,-3.022771527229e-02,-2.067857910381e-02,-1.938603498452e-02
735.80000000,4.358347060153e+13,1.593085317003e-02,1.809439709531e-02,-5.127125702144e-02,-5.811056486962e-02,-3.043183855725e-02,-2.852965302658e-02
736.00000000,4.390384510857e+13,-2.474057346040e-02,-2.810055153860e-02,-6.979928050757e-02,-7.911012628560e-02,-3.313653872290e-02,-3.106529204561e-02
736.20000000,2.667268104347e+13,-3.397527922297e-02,-3.858940805763e-02,-6.296370659310e-02,-7.136272385286e-02,-6.358730323886e-02,-5.961268803681e-02
736.40000000,6.485816903913e+13,-2.244290510017e-02,-2.549084047920e-02,-3.241776621061e-02,-3.674212055152e-02,-4.987486115995e-02,-4.675736173366e-02
736.60000000,2.362235727895e+13,-7.980273147662e-02,-9.064061398450e-02,-8.479085648850e-02,-9.610149726318e-02,-4.189589583035e-01,-3.927713302727e-01
736.80000000,6.657815611901e+13,-4.364275462769e-02,-4.956980797816e-02,-1.384111805505e-01,-1.568744819870e-01,-1.970170601680e-01,-1.847022274496e-01
737.00000000,4.642596407452e+13,-2.930470486529e-02,-3.328453039735e-02,-1.010060734903e-01,-1.144797363429e-01,-6.889609953080e-02,-6.458965043470e-02
737.20000000,2.533692982210e+13,-6.094910047863e-02,-6.922650123580e-02,-6.371599609039e-02,-7.221536469243e-02,-2.248570746758e-02,-2.108020620904e-02
737.40000000,2.953881224431e+13,-7.042132866731e-02,-7.998513772526e-02,-3.889354347150e-02,-4.408173140683e-02,-3.994564254571e-02,-3.744878310946e-02
737.60000000,3.078523545371e+13,-6.921607351530e-02,-7.861619878088e-02,-1.184779226070e-02,-1.342822354520e-02,-6.859266784773e-02,-6.430518518233e-02
737.80000000,2.632738365104e+13,-2.195044444316e-01,-2.493149952072e-01,-1.272124189956e-01,-1.441818663267e-01,-2.469410069419e-01,-2.315056066307e-01
738.00000000,2.451763834614e+13,-1.247230324119e-01,-1.416614698100e-01,-2.344786110873e-01,-2.657567871689e-01,-2.294890740666e-01,-2.151445317440e-01
738.20000000,3.245161476660e+13,-1.596512731345e-01,-1.813332595584e-01,-5.737500000318e-02,-6.502851408899e-02,-1.746188194272e-01,-1.637040207346e-01
738.40000000,5.867891028964e+13,-5.800013309661e-02,-6.587703926650e-02,-8.169914640582e-02,-9.259736980942e-02,-4.615047453149e-02,-4.326577321045e-02
738.60000000,3.417542540755e+13,-1.898322156945e-02,-2.156130281033e-02,-3.556921621698e-02,-4.031395691106e-02,-4.736119973424e-03,-4.440082030528e-03
738.80000000,3.975987299822e+13,-6.132893269290e-03,-6.965791786121e-03,-2.690548685545e-02,-3.049453300137e-02,-1.159612181478e-02,-1.087128965958e-02
739.00000000,3.094709429377e+13,-1.916626344513e-03,-2.176920331309e-03,-1.470167240273e-02,-1.666279583302e-02,-1.100040769576e-02,-1.031281150235e-02
739.20000000,6.296555077410e+13,1.905123097670e-02,2.163854846741e-02,-8.629704210781e-03,-9.780859988209e-03,-2.264023878642e-02,-2.122507832710e-02
739.40000000,4.810986895121e+13,3.393779787592e-02,3.854683642824e-02,-2.122997430476e-04,-2.406193783193e-04,3.648620120572e-02,3.420557909108e-02
739.60000000,3.440201819921e+13,3.304506376653e-02,3.753286151406e-02,1.659469366596e-02,1.880833587450e-02,3.453205820868e-02,3.237358259290e-02
739.80000000,2.359337821129e+13,1.223561449042e-02,1.389731390604e-02,1.442353308472e-02,1.634755423723e-02,3.656388915445e-02,3.427841104362e-02
740.00000000,1.553123948902e+13,1.908685679835e-02,2.167901257545e-02,-2.572786733561e-02,-2.915982541910e-02,-2.997403853034e-02,-2.810046844416e-02
740.20000000,5.227438420201e+13,2.723835614004e-02,3.093755412602e-02,-3.419523534980e-02,-3.875669444178e-02,-2.911266054121e-02,-2.729293211643e-02
740.40000000,3.533782506286e+13,1.245670579222e-03,1.414843126720e-03,-4.204703151109e-02,-4.765587766218e-02,-4.318711375696e-02,-4.048764153330e-02
740.60000000,6.089501339050e+13,9.067155882580e-03,1.029855195534e-02,-3.835746688120e-02,-4.347414510438e-02,-5.848032654147e-02,-5.482493021150e-02
740.80000000,5.736581110787e+13,2.567020135699e-02,2.915643072675e-02,2.612003111967e-02,2.960430172682e-02,-2.490904553065e-02,-2.335207006555e-02
741.00000000,3.667643543043e+13,2.946061402585e-02,3.346161333395e-02,1.173354798049e-02,1.329873969710e-02,7.072302293566e-03,6.630237938299e-03
741.20000000,5.161973487463e+13,8.903867207532e-04,1.011308730409e-03,-7.908004362259e-03,-8.962889290779e-03,1.560148748592e-02,1.462629422913e-02
741.40000000,5.325851121317e+13,-3.357907389906e-03,-3.813939471650e-03,-2.245535628149e-02,-2.545077912406e-02,-8.638161818024e-05,-8.098221176845e-05
741.60000000,1.876044184957e+13,-5.370851118925e-03,-6.100257898833e-03,-2.694173108698e-02,-3.053561201699e-02,-3.231615363878e-02,-3.029618630282e-02
741.80000000,2.537234231621e+13,-1.898227909173e-02,-2.156023233621e-02,-4.212202670985e-02,-4.774087681406e-02,-5.539106437486e-02,-5.192876678858e-02
742.00000000,5.262573035069e+13,9.683486198994e-03,1.099858511540e-02,1.290154819867e-02,1.462254481500e-02,-3.498817271980e-02,-3.280118701510e-02
742.20000000,2.888025439648e+13,-1.692444354390e-03,-1.922292540342e-03,1.118448307162e-03,1.267643250476e-03,-6.999400086204e-02,-6.561892587524e-02
742.40000000,5.774063324541e+13,3.918161195680e-03,4.450280459019e-03,2.759499087107e-02,3.127601311626e-02,-1.530005112860e-02,-1.434369958183e-02
742.60000000,4.696552134212e+13,1.558576710003e-02,1.770244543297e-02,1.127635724196e-02,1.278056219156e-02,1.851234665539e-02,1.735520598903e-02
742.80000000,6.901132628009e+13,-2.370548794629e-02,-2.692489270099e-02,5.773154742901e-03,6.543262300931e-03,3.563386711469e-02,3.340652135968e-02
743.00000000,3.784183439905e+13,7.974024010439e-03,9.056963575804e-03,-2.485222193873e-04,-2.816737367135e-04,-5.067103036302e-02,-4.750376524363e-02
743.20000000,4.777323611444e+13,3.788101768548e-02,4.302557867178e-02,1.864304015442e-02,2.112992068455e-02,-9.198168369245e-03,-8.623223718832e-03
743.40000000,2.958397870921e+13,2.481217871269e-03,2.818188138674e-03,-8.717736614917e-03,-9.880635438010e-03,-5.853314920327e-02,-5.487445111738e-02
743.60000000,3.908093594367e+13,2.274082644383e-03,2.582922204847e-03,2.469311353075e-02,2.798704106399e-02,-2.841795319637e-02,-2.664164844633e-02
743.80000000,3.361483976273e+13,-7.108142183289e-03,-8.073487709769e-03,2.606335771171e-02,2.954006839335e-02,-2.032723252114e-02,-1.905664982178e-02
744.00000000,3.998885542085e+13,-2.051249881833e-03,-2.329826877911e-03,1.633414337532e-02,1.851302958701e-02,-3.315701824140e-03,-3.108449146256e-03
744.20000000,4.634674545053e+13,5.635281164118e-03,6.400599769454e-03,3.177860187408e-02,3.601769515612e-02,-3.324289064801e-02,-3.116499629176e-02
744.40000000,1.453662105966e+13,-2.522695983001e-03,-2.865299327034e-03,3.520600354642e-02,3.990229363850e-02,-3.341237715710e-02,-3.132388880454e-02
744.60000000,3.808437248921e+13,2.871148994748e-02,3.261075190155e-02,9.455338169998e-03,1.071662904348e-02,-5.330495728651e-02,-4.997305480309e-02
744.80000000,5.826720577910e+13,-1.071388528024e-02,-1.216892106312e-02,-1.115166490545e-02,-1.263923657306e-02,-3.212063868277e-02,-3.011289228837e-02
745.00000000,2.146344966555e+13,-1.663982126219e-02,-1.889964902065e-02,2.260486341804e-02,2.562022970245e-02,-1.726395793575e-02,-1.618484958921e-02
745.20000000,5.576870972123e+13,6.756990188834e-03,7.674646319377e-03,3.282402243632e-02,3.720256915625e-02,-1.223710298854e-02,-1.147220538965e-02
745.40000000,4.137346880467e+13,-7.836962090001e-03,-8.901287493136e-03,2.288271508091e-02,2.593514527148e-02,-3.834655865751e-02,-3.594965224345e-02
745.60000000,3.424177675597e+13,-2.990388907608e-02,-3.396508886634e-02,-1.018840844525e-02,-1.154748692095e-02,-5.768615990797e-02,-5.408040409762e-02
745.80000000,4.971635462631e+13,-4.332475878279e-04,-4.920862562141e-04,2.261983241017e-02,2.563719547701e-02,-6.972055768470e-03,-6.536257465422e-03
746.00000000,5.666062667027e+13,1.027247316218e-02,1.166756146476e-02,3.136018349806e-02,3.554346203615e-02,3.227876574204e-02,3.026113538997e-02
746.20000000,2.504177063028e+13,1.899628207488e-02,2.157613704231e-02,5.381073072465e-02,6.098879060345e-02,3.453337359524e-02,3.237481575934e-02
746.40000000,1.490953462144e+13,9.321590348119e-04,1.058754076248e-03,2.757046678830e-02,3.124821765375e-02,1.306105816397e-02,1.224465807010e-02
746.60000000,5.368631154408e+13,1.690468876922e-02,1.920048776410e-02,3.030323699745e-02,3.434552459994e-02,3.883606770415e-03,3.640856382803e-03
746.80000000,5.941842264363e+13,-1.930327511121e-02,-2.192482231644e-02,7.485614131648e-03,8.484154492335e-03,-5.425701860669e-02,-5.086560617076e-02
747.00000000,4.147176897798e+13,-2.664714529080e-02,-3.026605186817e-02,-1.303590164992e-02,-1.477482028859e-02,-5.379828654967e-02,-5.043554781610e-02
747.20000000,2.418385286446e+13,-4.224906061390e-02,-4.798683858879e-02,4.835241415297e-03,5.480236417968e-03,-2.058882469010e-02,-1.930189079863e-02
747.40000000,6.216446988982e+13,-1.045806992206e-03,-1.187836382650e-03,3.746471470905e-02,4.246230463028e-02,2.472448230747e-02,2.317904323022e-02
747.60000000,4.401408836172e+13,8.212000137020e-03,9.327258863044e-03,4.520427335948e-02,5.123427846408e-02,4.425982559092e-02,4.149330198207e-02
747.80000000,5.361778855687e+13,-5.182528296996e-03,-5.886359252871e-03,4.672939171172e-02,5.296283933991e-02,5.657300113525e-02,5.303682490376e-02
748.00000000,4.137937355057e+13,-1.170279759593e-02,-1.329213599339e-02,1.469081454589e-02,1.665048959692e-02,2.061477432948e-02,1.932621841874e-02
748.20000000,3.401364696774e+13,7.908342171087e-03,8.982361589928e-03,-1.010609412504e-02,-1.145419231649e-02,1.194876305142e-03,1.120188855210e-03
748.40000000,3.969060485351e+13,8.750041259542e-03,9.938370497845e-03,-7.932155576793e-03,-8.990262146457e-03,1.014914972590e-02,9.514762627632e-03
748.60000000,3.241848144672e+13,-1.708063256168e-02,-1.940032620422e-02,7.437323465755e-03,8.429422113298e-03,1.547271236623e-02,1.450556838221e-02
748.80000000,3.375882931501e+13,-2.085544041899e-02,-2.368778473514e-02,3.832900463090e-02,4.344188614412e-02,1.762306409958e-02,1.652150930941e-02
749.00000000,2.991565335289e+13,-3.049925128149e-02,-3.464130626947e-02,1.355666726847e-02,1.536505321863e-02,-2.164927399203e-02,-2.029605520244e-02
749.20000000,3.549718645591e+13,-1.049067477096e-01,-1.191539668827e-01,-4.547089192321e-02,-5.153646249941e-02,-4.717923464816e-02,-4.423022920679e-02
749.40000000,3.048315147476e+13,-8.838919603189e-02,-1.003931926851e-01,-1.005652140672e-01,-1.139800686617e-01,-8.020351369028e-02,-7.519027852330e-02
749.60000000,3.862875286314e+13,4.219386696698e-03,4.792414918014e-03,-3.067957567694e-02,-3.477206481990e-02,6.930662910284e-04,6.497451926957e-04
749.80000000,4.876616935095e+13,8.539815757976e-03,9.699594604031e-03,1.957599495496e-02,2.218732659981e-02,1.653657297259e-02,1.550293086200e-02
750.00000000,6.485719768641e+13,2.708304079121e-02,3.076114564577e-02,2.315527925532e-02,2.624406802973e-02,2.665310380372e-02,2.498711348546e-02
750.20000000,5.242213878677e+13,2.362102760048e+00,2.682896192945e+00,2.419159663303e+00,2.741862452983e+00,4.333624628489e+00,4.062745231959e+00
750.40000000,3.898658846507e+13,1.222873899840e+01,1.388950466433e+01,1.240057615818e+01,1.405474581908e+01,2.247180230915e+01,2.106717021239e+01
750.60000000,4.721013360442e+13,6.448064921158e-01,7.323766400614e-01,6.920538696545e-01,7.843701056327e-01,1.171066565150e+00,1.097867377020e+00
750.80000000,5.402170692629e+13,-2.363366047165e-02,-2.684331045083e-02,-1.276206085650e-03,-1.446445061726e-03,-1.126140242258e-01,-1.055749238102e-01
751.00000000,6.235522773139e+13,-1.705755722861e-03,-1.937411704672e-03,-2.271541742843e-02,-2.574553101873e-02,-2.945821495856e-02,-2.761688716141e-02
751.20000000,5.002539580634e+13,2.603526090043e-02,2.957106842832e-02,-2.293755612565e-03,-2.599730181440e-03,-2.780664989575e-02,-2.606855553156e-02
751.40000000,3.923446584374e+13,2.620905582317e-02,2.976846616413e-02,4.485141302812e-03,5.083434847667e-03,2.206513982069e-02,2.068592674356e-02
751.60000000,5.578945104327e+13,2.800178878615e-02,3.180466735008e-02,-1.482684603959e-02,-1.680466695473e-02,3.990050690114e-03,3.740646873282e-03
751.80000000,2.711627935994e+13,2.282633195216e-02,2.592633992440e-02,-8.885952518956e-04,-1.007129043208e-03,1.302288912961e-02,1.220887484575e-02
752.00000000,4.849747254475e+13,1.847576111416e-02,2.098492495473e-02,-1.337267800116e-02,-1.515652078009e-02,-1.392302404610e-02,-1.305274554373e-02
752.20000000,2.979143801584e+13,8.441792582254e-03,9.588259056140e-03,1.063121950177e-02,1.204936657282e-02,-2.946121996820e-02,-2.761970433863e-02
752.40000000,6.652606632777e+13,3.614379933542e-02,4.105243145036e-02,2.244563695767e-02,2.543976329512e-02,-4.212140162105e-02,-3.948854325645e-02
752.60000000,2.639936520049e+13,4.121869605742e-02,4.681654185458e-02,2.578615363948e-02,2.922588680005e-02,-2.854579775930e-02,-2.676150190228e-02
752.80000000,5.311852736812e+13,4.804338043728e-02,5.456807580580e-02,2.478254128762e-02,2.808839799902e-02,5.710569259350e-03,5.353621972165e-03
753.00000000,3.435706062679e+13,9.584045382311e-03,1.088563939898e-02,2.924295931502e-02,3.314381162031e-02,2.975504895816e-02,2.789516712794e-02
753.20000000,3.286928374405e+13,-5.622027806649e-03,-6.385546494507e-03,-3.215516005295e-02,-3.644448415549e-02,1.303473918223e-02,1.221998419390e-02
753.40000000,2.875656510748e+13,2.362741075833e-02,2.683621197386e-02,2.832578293322e-02,3.210428887935e-02,3.178301504051e-02,2.979637229405e-02
753.60000000,5.132443373608e+13,2.294117091124e-02,2.605677498053e-02,8.394732926427e-03,9.514544807830e-03,8.227697223296e-03,7.713413257853e-03
753.80000000,5.906343068413e+13,3.401824376189e-02,3.863820754250e-02,1.521612304984e-02,1.724587140865e-02,3.065486437154e-02,2.873873829382e-02
754.00000000,5.797798821634e+13,3.764888763114e-02,4.276192340259e-02,4.338217729056e-02,4.916912465350e-02,2.622448251242e-02,2.458528378012e-02
754.20000000,3.776437967438e+13,2.660725960747e-02,3.022074937338e-02,2.902186285115e-02,3.289322208628e-02,-1.950124566011e-02,-1.828229244915e-02
754.40000000,3.328239054620e+13,-9.484942480182e-03,-1.077307748875e-02,-1.859012127642e-02,-2.106994271499e-02,-3.660337142320e-03,-3.431542541677e-03
754.60000000,3.465983080214e+13,-1.709737313132e-02,-1.941934028410e-02,-1.434902322184e-02,-1.626310516241e-02,2.486267354983e-02,2.330859663162e-02
754.80000000,7.761553812795e+13,-1.012581214462e-02,-1.150098264680e-02,-3.481049900593e-02,-3.945403093554e-02,1.010618346661e-02,9.474482035740e-03
755.00000000,4.193935487281e+13,2.862203818849e-02,3.250915184091e-02,8.452827018131e-03,9.580388336556e-03,4.234903799784e-02,3.970195089641e-02
755.20000000,6.417489547329e+13,4.184655954558e-02,4.752967448817e-02,-8.449999131578e-03,-9.577183225260e-03,4.256934969492e-02,3.990849169623e-02
755.40000000,3.534208668452e+13,4.185575703593e-02,4.754012107511e-02,-2.134396708005e-02,-2.419113662576e-02,5.483648183179e-03,5.140884921941e-03
755.60000000,4.148265079189e+13,-1.677471836783e-02,-1.905286628845e-02,-5.710252406784e-02,-6.471969134042e-02,-2.304534053022e-02,-2.160485860785e-02
755.80000000,3.019487235108e+13,-5.553058004033e-03,-6.307210012285e-03,-1.869836278716e-02,-2.119262305671e-02,3.491160223451e-03,3.272940267736e-03
756.00000000,5.703765352685e+13,-1.403283376517e-02,-1.593861068264e-02,-2.625614025304e-02,-2.975856708101e-02,-8.925884979605e-03,-8.367959791327e-03
756.20000000,4.569228687748e+13,-3.196611144474e-02,-3.630737838713e-02,-2.147193044321e-02,-2.433616960814e-02,-8.840038932637e-03,-8.287479674127e-03
756.40000000,3.334678168101e+13,1.978517172919e-03,2.247216455052e-03,-3.102726220113e-02,-3.516613084231e-02,1.055893663006e-03,9.898935216105e-04
756.60000000,2.795088048658e+13,2.325336725205e-02,2.641137021169e-02,-5.149532956335e-03,-5.836452747437e-03,2.577502739419e-02,2.416392249595e-02
756.80000000,3.420798842486e+13,3.016436389556e-02,3.426093835832e-02,-1.021946912298e-03,-1.158269092476e-03,1.625891370086e-02,1.524262707960e-02
757.00000000,4.470750201338e+13,1.938277552554e-02,2.201511955607e-02,-2.856804421562e-02,-3.237886650400e-02,-4.020099532262e-02,-3.768817469637e-02
757.20000000,4.048715358611e+13,-5.112549395096e-02,-5.806876627192e-02,-4.013021348040e-02,-4.548336649341e-02,-5.607823280709e-02,-5.257298277657e-02
757.40000000,4.914426127885e+13,-6.212874696980e-02,-7.056635364769e-02,-5.770662174838e-02,-6.540437237795e-02,-4.935434969442e-02,-4.626938558066e-02
757.60000000,3.672918236656e+13,-3.976181300106e-02,-4.516180181889e-02,-2.808811321034e-02,-3.183491530336e-02,-2.322919542353e-02,-2.177722138848e-02
757.80000000,3.752919324043e+13,-1.915749401208e-02,-2.175924291724e-02,9.909648105624e-04,1.123154146262e-03,-1.372404952885e-02,-1.286620821286e-02
758.00000000,6.596684273892e+13,2.811470980748e-02,3.193292399638e-02,4.558377807628e-02,5.166440705358e-02,-1.960824811825e-02,-1.838260656582e-02
758.20000000,4.907699204306e+13,2.402371806444e-02,2.728634114723e-02,3.690718110000e-02,4.183039905905e-02,1.514572668226e-02,1.419902140541e-02
758.40000000,2.673864068670e+13,4.178782756881e-02,4.746296621470e-02,4.451825225293e-02,5.045674585946e-02,1.499507236047e-02,1.405778394715e-02
758.60000000,1.727845835828e+13,2.413620896485e-02,2.741410925857e-02,1.586176623599e-02,1.797763989710e-02,1.323435309919e-02,1.240712095790e-02
758.80000000,2.299950056578e+13,3.834345405694e-02,4.355081779408e-02,7.675237679629e-03,8.699072794048e-03,-3.495919000091e-03,-3.277401590244e-03
759.00000000,4.108509893282e+13,-3.060412952906e-02,-3.476042786565e-02,-3.320858306006e-02,-3.763842808326e-02,-4.704295105121e-02,-4.410246421070e-02
759.20000000,3.323069386291e+13,-2.377651733271e-02,-2.700556847583e-02,-2.343877277108e-03,-2.656537804424e-03,-5.065586872929e-02,-4.748955130947e-02
759.40000000,3.683597060184e+13,-3.794764536542e-03,-4.310125495134e-03,3.574466597535e-03,4.051281071644e-03,-2.885862978201e-02,-2.705477991263e-02
759.60000000,5.179333073608e+13,3.477415870201e-02,3.949678209283e-02,2.579724274408e-02,2.923845513111e-02,-1.777027737609e-02,-1.665952080983e-02
759.80000000,1.591649837797e+13,1.089246793857e-02,1.237175674930e-02,1.683686982823e-02,1.908281702447e-02,-3.285624521806e-03,-3.080251868660e-03
760.00000000,5.271798385091e+13,2.663658399904e-02,3.025405626410e-02,2.263927523924e-02,2.565923187413e-02,-1.431306840120e-02,-1.341840961937e-02
760.20000000,2.625670092673e+13,1.824337617863e-02,2.072098018933e-02,5.932728935531e-02,6.724122826126e-02,7.878183035055e-03,7.385745953112e-03
760.40000000,5.017531014091e+13,7.395304118679e-02,8.399648652572e-02,7.021991706872e-02,7.958687348458e-02,8.432872380795e-02,7.905763649109e-02
760.60000000,4.695876675743e+13,2.689798035360e-02,3.055095244338e-02,2.854490344575e-02,3.235263888083e-02,4.796966982283e-02,4.497125710200e-02
760.80000000,3.936452716767e+13,3.559497751617e-02,4.042907500949e-02,2.555619193681e-03,2.896524945240e-03,4.263507093242e-02,3.997010493392e-02
761.00000000,5.975882409338e+13,2.631036849527e-02,2.988353794968e-02,-1.590702191547e-02,-1.802893243899e-02,4.397332103254e-02,4.122470580029e-02
761.20000000,4.731869129410e+13,2.509389478793e-02,2.850185687575e-02,-7.856771900171e-03,-8.904822695877e-03,2.451502032767e-03,2.298267397062e-03
761.40000000,4.651062330747e+13,4.047090023777e-03,4.596718906962e-03,2.811120482878e-02,3.186108721857e-02,7.821062023641e-03,7.332195372095e-03
761.60000000,8.510531860146e+13,4.533540284214e-02,5.149233206448e-02,4.393918450608e-02,4.980043361314e-02,4.143186656594e-02,3.884210857473e-02
761.80000000,4.440906081063e+13,6.659059877719e-02,7.563416247887e-02,6.157127165908e-02,6.978454564423e-02,4.712154689562e-02,4.417614730961e-02
762.00000000,5.753410037392e+13,7.054526552226e-02,8.012590624810e-02,9.002881071084e-02,1.020381661944e-01,1.315596945181e-01,1.233363679234e-01
762.20000000,2.148985188109e+13,4.730526279339e-02,5.372971557431e-02,-1.906885886350e-03,-2.161254130191e-03,2.257760109140e-02,2.116635589066e-02
762.40000000,2.745198593606e+13,4.397846379990e-05,4.995110928156e-05,-7.933460083181e-02,-8.991740666928e-02,-3.001699307183e-02,-2.814073805068e-02
762.60000000,5.522127468571e+13,1.807402866794e-02,2.052863386156e-02,3.404965020786e-03,3.859168903084e-03,3.676117652890e-02,3.446336668897e-02
762.80000000,5.922741403583e+13,-3.000869429185e-02,-3.408412751240e-02,-5.270234595803e-03,-5.973255331529e-03,2.149005185070e-02,2.014678546845e-02
763.00000000,3.196928345716e+13,1.110382048757e-02,1.261181275307e-02,1.163347505504e-02,1.318531758569e-02,4.311406857610e-02,4.041916214579e-02
763.20000000,2.754324119502e+13,-6.343894981760e-04,-7.205449306808e-04,1.609247107209e-02,1.823911950815e-02,1.254535762327e-03,1.176119212820e-03
763.40000000,3.848758929418e+13,-5.150485830615e-02,-5.849965149905e-02,-1.949107380038e-02,-2.209107742340e-02,-1.666319859432e-02,-1.562164156841e-02
763.60000000,2.351583585325e+13,-3.628653880235e-02,-4.121455613811e-02,-5.856343389293e-02,-6.637547861953e-02,-1.687191264771e-01,-1.581730965181e-01
763.80000000,3.951165385947e+13,-4.155100664340e-02,-4.719398301467e-02,-1.592577505338e-03,-1.805018714387e-03,-3.190829235498e-03,-2.991381897106e-03
764.00000000,6.505973804441e+13,-2.962997577664e-02,-3.365397583574e-02,-2.620217578980e-03,-2.969740405080e-03,-7.735668594714e-03,-7.252139581398e-03
764.20000000,6.418467011774e+13,-3.337208296262e-02,-3.790429266898e-02,-1.929275156407e-02,-2.186630007547e-02,5.928131519030e-03,5.557585192090e-03
764.40000000,5.061514034573e+13,-2.838422318262e-02,-3.223903955593e-02,-1.247060724121e-03,-1.413411866908e-03,-9.863478578810e-03,-9.246947763576e-03
764.60000000,8.180397022746e+13,-3.891624510884e-04,-4.420139869105e-04,1.436697481628e-02,1.628345140227e-02,2.149567825332e-02,2.015206018474e-02
764.80000000,4.391095202519e+13,-3.898693397917e-03,-4.428168770489e-03,1.003590502537e-02,1.137464037127e-02,1.813409383570e-02,1.700059640204e-02
765.00000000,4.211638377859e+13,-1.168870746400e-02,-1.327613230298e-02,1.306727302306e-02,1.481037643290e-02,2.477313786928e-02,2.322465750666e-02
765.20000000,3.240125682713e+13,8.501157475400e-03,9.655686201356e-03,2.349753363762e-02,2.663197729195e-02,1.152413727599e-02,1.080380461720e-02
765.40000000,3.612010452096e+13,-4.782752847600e-02,-5.432290933169e-02,-1.885482041037e-02,-2.136995127901e-02,-1.416344425279e-02,-1.327813794204e-02
765.60000000,5.867033417280e+13,-2.776770542592e-02,-3.153879349961e-02,1.128833820724e-02,1.279414135269e-02,-3.567433481771e-02,-3.344445957113e-02
765.80000000,5.413137816146e+13,-1.351666553158e-02,-1.535234245916e-02,2.443081078140e-03,2.768974854930e-03,-6.601926114777e-03,-6.189263294340e-03
766.00000000,3.457919319759e+13,1.053053581365e-02,1.196067119600e-02,3.385939831225e-02,3.837605856333e-02,8.830896005904e-03,8.278908239088e-03
766.20000000,5.861047077603e+13,8.325202331045e-03,9.455834867661e-03,1.788612820697e-02,2.027204078501e-02,-4.737813610182e-03,-4.441669804102e-03
766.40000000,2.450814581085e+13,1.287694623523e-02,1.462574389886e-02,3.166613601694e-02,3.589022696309e-02,1.115461317125e-02,1.045737814436e-02
766.60000000,4.531796089083e+13,2.455845993736e-02,2.789370546656e-02,1.188757104499e-02,1.347330860375e-02,-3.335233642638e-03,-3.126760100544e-03
766.80000000,3.842964431409e+13,2.603304253472e-02,2.956854878988e-02,1.719012488074e-02,1.948319438670e-02,1.074700794654e-02,1.007525086636e-02
767.00000000,4.440918819864e+13,-6.388030541098e-03,-7.255578846528e-03,2.443808958271e-02,2.769799830326e-02,9.362454339907e-03,8.777240760271e-03
767.20000000,5.118218587700e+13,-1.808552765396e-03,-2.054169450664e-03,4.507884569178e-02,5.109211942521e-02,-2.606705137011e-03,-2.443769309620e-03
767.40000000,4.223532725929e+13,1.224203426865e-02,1.390460554417e-02,1.377849028291e-02,1.561646622114e-02,-3.023269649470e-03,-2.834295862305e-03
767.60000000,4.808846659888e+13,2.920165023115e-02,3.316748007665e-02,2.275631337905e-02,2.579188226755e-02,-4.662048354153e-03,-4.370640363607e-03
767.80000000,5.269109376123e+13,2.452839655236e-02,2.785955922089e-02,9.468022939981e-03,1.073100589304e-02,-1.249828857561e-02,-1.171706519858e-02
768.00000000,3.584234318678e+13,2.167250256279e-02,2.461581079399e-02,-1.509244014862e-03,-1.710568987864e-03,-2.935862561980e-02,-2.752352279650e-02
768.20000000,2.282408718120e+13,-2.693788093142e-02,-3.059627185544e-02,-3.230487574893e-02,-3.661417111400e-02,-4.537281844664e-02,-4.253672562980e-02
768.40000000,2.440847443756e+13,-4.899766992761e-02,-5.565196583966e-02,-4.559247135271e-02,-5.167425996597e-02,-5.517181718069e-02,-5.172322395341e-02
768.60000000,4.969090103350e+13,-4.731339200835e-02,-5.373894880507e-02,9.905198960408e-03,1.122649882554e-02,-2.581451955217e-02,-2.420094614020e-02
768.80000000,3.547895241073e+13,-8.444230116567e-03,-9.591027628125e-03,-1.708148580966e-02,-1.936006345225e-02,-6.502823257089e-03,-6.096355002306e-03
769.00000000,3.539807532972e+13,2.604302038442e-02,2.957988171553e-02,2.101788094021e-03,2.382155236192e-03,-1.801062405315e-03,-1.688484427458e-03
769.20000000,6.655617867196e+13,4.515669647106e-02,5.128935586432e-02,1.023984014166e-02,1.160577932695e-02,-7.929375757474e-03,-7.433738801304e-03
769.40000000,6.746768593517e+13,3.936567524680e-02,4.471186522394e-02,5.428752788359e-03,6.152918991964e-03,-2.381779965066e-03,-2.232903406776e-03
769.60000000,4.011714148847e+13,-6.032398094475e-03,-6.851648520857e-03,-2.220843278065e-02,-2.517091736629e-02,-2.738335191605e-02,-2.567171639662e-02
769.80000000,4.182178132060e+13,-5.681660333181e-02,-6.453277619975e-02,-7.648699710133e-03,-8.668994803229e-03,-3.840445881524e-02,-3.600393326913e-02
770.00000000,1.558246192781e+13,-4.171907019241e-02,-4.738487100797e-02,-1.902563607723e-03,-2.156355283017e-03,-3.498395310844e-02,-3.279723115657e-02
770.20000000,7.397824621225e+13,-2.435171986603e-02,-2.765888835374e-02,-2.501077315019e-02,-2.834707475526e-02,1.628119851839e-02,1.526351895278e-02
770.40000000,2.330533654720e+13,-2.720916414436e-02,-3.090439761166e-02,-1.278943416213e-02,-1.449547537353e-02,1.438107734966e-02,1.348216757138e-02
770.60000000,2.711879901281e+13,7.642036212811e-03,8.679889041442e-03,8.572169952159e-03,9.715650971265e-03,1.937046286379e-02,1.815968441829e-02
770.80000000,4.371680119809e+13,7.605196277209e-03,8.638045932562e-03,1.413238676586e-02,1.601757057715e-02,-5.663540675564e-03,-5.309532977172e-03
771.00000000,3.233043070680e+13,3.668345197893e-03,4.166537346426e-03,6.663852400375e-03,7.552774199229e-03,-7.200566126396e-03,-6.750484457076e-03
771.20000000,5.535394059906e+13,-1.611556671511e-03,-1.830419629425e-03,-1.489425165441e-03,-1.688106411329e-03,-1.615807395972e-02,-1.514809047048e-02
771.40000000,5.033681371963e+13,6.017234435024e-03,6.834425508845e-03,4.708619438719e-03,5.336723755879e-03,1.104891955264e-02,1.035829105634e-02
771.60000000,5.983821827139e+13,-4.863660415085e-02,-5.524186429190e-02,-2.064747043374e-02,-2.340173110115e-02,-7.914387490115e-03,-7.419687397001e-03
771.80000000,6.595862671957e+13,-3.759226727983e-03,-4.269761353108e-03,-7.476195714529e-03,-8.473479709409e-03,4.182526358545e-03,3.921091575171e-03
772.00000000,2.590189688700e+13,6.214205646942e-03,7.058147068937e-03,7.270338147143e-03,8.240161858075e-03,4.565304173826e-03,4.279943316438e-03
772.20000000,3.751311805628e+13,-7.409819636282e-04,-8.416135499615e-04,1.446039808538e-02,1.638933682921e-02,1.223845775052e-02,1.147347547029e-02
772.40000000,3.531432969819e+13,1.301356838487e-02,1.478092048615e-02,2.552307328478e-02,2.892771295167e-02,-6.719368045510e-03,-6.299364349465e-03
772.60000000,5.953506523863e+13,-4.401283753629e-03,-4.999015126015e-03,8.180187993005e-03,9.271380742907e-03,-2.250306093329e-02,-2.109647497159e-02
772.80000000,5.612444557642e+13,-2.150110592989e-02,-2.442113705597e-02,5.731839976318e-03,6.496436368370e-03,-2.879122896725e-02,-2.699159208206e-02
773.00000000,7.071771541332e+13,-4.744035501346e-02,-5.388315445471e-02,-5.981385207678e-04,-6.779269581305e-04,-1.046329917843e-02,-9.809275719977e-03
773.20000000,5.347574755671e+13,-3.537474383164e-02,-4.017893173724e-02,-3.111124922294e-02,-3.526132127769e-02,9.733889517192e-03,9.125458851330e-03
773.40000000,5.684777926494e+13,-1.196764225604e-02,-1.359294878712e-02,2.390732876900e-03,2.709643687319e-03,1.674006912571e-02,1.569370719745e-02
773.60000000,2.551151953439e+13,1.460194196204e-02,1.658500856193e-02,5.394696356552e-02,6.114319616704e-02,3.595482397702e-02,3.370741635495e-02
773.80000000,4.851154677171e+13,-6.761844973748e-03,-7.680160424936e-03,4.335671131845e-02,4.914026165870e-02,8.413871144192e-03,7.887950111937e-03
774.00000000,6.339257558570e+13,-1.386963450604e-02,-1.575324759074e-02,2.112701277864e-02,2.394524179621e-02,-7.357464014419e-04,-6.897575218529e-04
774.20000000,2.691335054448e+13,-3.504684020058e-02,-3.980649603364e-02,-5.251061285758e-03,-5.951524405824e-03,-3.623026098125e-02,-3.396563677587e-02
774.40000000,4.659826849210e+13,-7.278447532251e-02,-8.266921958310e-02,-1.377098443634e-02,-1.560795913530e-02,-1.430646077003e-02,-1.341221500763e-02
774.60000000,5.759940598298e+13,-3.957950769473e-02,-4.495473791778e-02,-2.398585642551e-02,-2.718543969353e-02,-2.131260614249e-02,-1.998043125766e-02
774.80000000,3.563357000463e+13,2.374163336302e-02,2.696594696949e-02,1.734923266409e-02,1.966352628615e-02,3.985445935149e-02,3.736329945102e-02
775.00000000,7.294598877147e+13,5.985945441324e-02,6.798887206491e-02,7.797761239574e-02,8.837940332934e-02,1.096135733725e-01,1.027620204227e-01
775.20000000,8.133381376139e+13,3.633520962534e-02,4.126983686845e-02,6.768560259754e-02,7.671449519638e-02,6.981268572497e-02,6.544894409976e-02
775.40000000,3.276414835348e+13,-3.313613103000e-02,-3.763629647828e-02,1.398198046067e-02,1.584710088589e-02,-1.462092010746e-03,-1.370701861507e-03
775.60000000,4.138406453724e+13,-3.811373005736e-02,-4.328989534213e-02,-1.812536023194e-03,-2.054318506572e-03,-6.502860278057e-03,-6.096389709226e-03
775.80000000,2.314823548978e+13,-2.090177145555e-02,-2.374040791636e-02,-5.688179656239e-03,-6.446951998186e-03,-1.654534749037e-02,-1.551115691602e-02
776.00000000,5.432356647685e+13,-1.353093651430e-02,-1.536855156144e-02,1.521422335348e-03,1.724371830310e-03,-2.094020151843e-03,-1.963130431648e-03
776.20000000,4.575191521278e+13,-9.981797780604e-03,-1.133740992021e-02,-9.389784515916e-03,-1.064233088718e-02,3.013012983596e-02,2.824680303980e-02
776.40000000,4.182917244185e+13,4.388345556634e-02,4.984319812988e-02,5.616522215030e-02,6.365735842632e-02,-4.507157495755e-02,-4.225431179522e-02
776.60000000,1.465159272020e+13,8.594500921470e-03,9.761706472926e-03,6.455541970951e-04,7.316676287357e-04,-4.709223888586e-02,-4.414867123885e-02
776.80000000,5.144115642737e+13,4.561317974916e-04,5.180783341313e-04,1.215237117296e-02,1.377343163384e-02,1.493967471912e-02,1.400584901450e-02
777.00000000,2.552617413709e+13,-5.768590688023e-03,-6.552013848559e-03,2.619058283912e-02,2.968426466332e-02,4.339964821803e-03,4.068689122435e-03
777.20000000,3.427231876052e+13,2.220737341408e-02,2.522332160804e-02,2.952992124762e-02,3.346905271967e-02,2.875853778025e-02,2.696094430439e-02
777.40000000,3.010307266029e+13,1.591768529896e-02,1.807944091654e-02,3.863963865740e-02,4.379395706644e-02,2.252795530892e-02,2.111981328872e-02
777.60000000,3.317684274883e+13,-1.183034613156e-02,-1.343700669354e-02,1.615162528174e-02,1.830616456881e-02,-6.299842055976e-04,-5.906061431056e-04
777.80000000,6.044081059089e+13,-2.635185781727e-02,-2.993066187076e-02,4.473988867281e-03,5.070794737672e-03,-7.344636984557e-02,-6.885549960491e-02
778.00000000,2.669205537448e+13,-4.302507715341e-02,-4.886824470487e-02,-1.431100062311e-02,-1.622001055505e-02,-1.023457887565e-01,-9.594851906372e-02
778.20000000,3.455641541612e+13,-7.692163190881e-02,-8.736823684973e-02,3.861700828979e-03,4.376830793043e-03,-8.795160455141e-02,-8.245406389960e-02
778.40000000,3.935609086021e+13,-3.717322672758e-02,-4.222166374543e-02,3.832135232897e-02,4.343321306659e-02,1.284801620850e-02,1.204493260631e-02
778.60000000,4.939924607539e+13,-2.061747029371e-02,-2.341749626423e-02,3.499598549642e-02,3.966426031871e-02,1.784463900153e-02,1.672923435567e-02
778.80000000,3.101587700677e+13,-1.598676515952e-02,-1.815790240349e-02,1.722536858720e-02,1.952313941261e-02,2.677611520419e-02,2.510243588267e-02
779.00000000,4.653129470668e+13,-3.789553274371e-02,-4.304206499706e-02,1.725173546322e-02,1.955302348701e-02,-8.980436034124e-03,-8.419101054276e-03
779.20000000,3.916511531187e+13,-3.821956520776e-02,-4.341010379660e-02,1.353713594630e-02,1.534291652391e-02,-2.762933257964e-02,-2.590232168753e-02
779.40000000,5.179584658254e+13,-4.937685628658e-02,-5.608264889719e-02,-7.799213453057e-03,-8.839586263826e-03,-5.122477030944e-02,-4.802289288388e-02
779.60000000,2.853406277416e+13,-5.356013625648e-02,-6.083405349105e-02,-1.455137981262e-02,-1.649245502583e-02,-4.428890986933e-02,-4.152056830612e-02
779.80000000,3.246876570046e+13,-5.329187949166e-02,-6.052936520008e-02,-2.846750966835e-02,-3.226492119293e-02,-2.796819526958e-02,-2.622000328109e-02
780.00000000,4.068336312086e+13,-5.368841094215e-02,-6.097974895852e-02,-3.476995543361e-02,-3.940807907038e-02,-1.915346082736e-02,-1.795624640406e-02
780.20000000,3.091471173441e+13,-6.159795681317e-02,-6.996347772096e-02,-5.965792032287e-02,-6.761596360820e-02,-4.538577326198e-02,-4.254887068591e-02
780.40000000,6.089394372779e+13,-4.868681613273e-02,-5.529889548348e-02,-3.503641737530e-02,-3.971008559114e-02,-4.321270720326e-02,-4.051163522469e-02
780.60000000,5.138483197305e+13,-5.125743931995e-02,-5.821863093239e-02,-2.707598585755e-02,-3.068777564642e-02,-5.188475277618e-02,-4.864162220397e-02
780.80000000,4.658655507509e+13,-4.304818858932e-02,-4.889449486826e-02,-8.162675855200e-03,-9.251532580816e-03,-3.887753150211e-02,-3.644743587208e-02
781.00000000,7.075524280803e+13,1.768953468943e-02,2.009192236509e-02,3.953763876682e-03,4.481174552420e-03,2.610096175557e-02,2.446948386459e-02
781.20000000,5.705174702953e+13,-1.196029284817e-03,-1.358460126781e-03,3.559877134960e-02,4.034745453821e-02,1.689327688638e-02,1.583733848823e-02
781.40000000,3.324098629056e+13,-4.975705841294e-02,-5.651448567187e-02,1.946902536636e-02,2.206608784775e-02,-7.197179317366e-02,-6.747309345382e-02
781.60000000,2.385701286384e+13,-3.333997420936e-02,-3.786782327682e-02,-1.251830739022e-02,-1.418818175948e-02,-6.799968941413e-02,-6.374927171259e-02
781.80000000,3.948005331336e+13,-5.236640520918e-02,-5.947820372178e-02,-8.300158088011e-03,-9.407354198468e-03,-9.254462763522e-02,-8.675999351597e-02
782.00000000,4.187278445670e+13,-6.214567047366e-02,-7.058557550579e-02,-2.428450821747e-02,-2.752393001615e-02,-1.153388414414e-01,-1.081294224343e-01
782.20000000,5.039401232800e+13,-5.218030058559e-03,-5.926682452416e-03,2.615684826360e-02,2.964603007824e-02,-4.720142084594e-02,-4.425102862460e-02
782.40000000,4.734609243696e+13,1.034402752218e-03,1.174883350901e-03,1.861138559876e-02,2.109404358270e-02,-1.916907872305e-02,-1.797088808088e-02
782.60000000,4.970136662816e+13,-5.192527527491e-03,-5.897716463015e-03,-2.171640476281e-02,-2.461325547716e-02,-3.629649603393e-02,-3.402773171198e-02
782.80000000,4.078860508266e+13,4.129147406000e-03,4.689920372238e-03,2.617679920584e-02,2.966864236806e-02,-4.234737738878e-02,-3.970039408610e-02
783.00000000,3.292966610133e+13,-3.847646110175e-02,-4.370188831488e-02,3.299723165586e-02,3.739888354705e-02,-5.203545804142e-02,-4.878290742138e-02
783.20000000,6.602141882690e+13,-1.759505797057e-02,-1.998461491275e-02,3.901828340722e-02,4.422311097402e-02,-5.861564033474e-02,-5.495178602287e-02
783.40000000,4.930027193757e+13,-8.426224504648e-03,-9.570576702581e-03,5.364678922180e-02,6.080298019251e-02,-2.261973566062e-02,-2.120585677846e-02
783.60000000,4.241008797179e+13,-2.437216780442e-03,-2.768211329424e-03,2.509485795963e-02,2.844237602263e-02,-1.481249534285e-02,-1.388661916678e-02
783.80000000,4.793297315298e+13,1.580131832655e-03,1.794727033001e-03,1.094220148996e-02,1.240183187303e-02,-1.043949354247e-03,-9.786958089286e-04
784.00000000,5.325800062861e+13,-8.711142176115e-03,-9.894188591536e-03,1.878615483045e-02,2.129212608283e-02,4.665515732739e-03,4.373891008742e-03
784.20000000,3.418408570584e+13,-7.720467559915e-03,-8.768972025514e-03,1.190069256634e-02,1.348818046494e-02,1.820479167489e-02,1.706687517183e-02
784.40000000,4.808405177230e+13,-9.394860220535e-03,-1.067076130016e-02,1.370916514174e-02,1.553789348181e-02,2.128520319432e-02,1.995474116989e-02
784.60000000,6.736249568456e+13,-1.232354958716e-02,-1.399719132892e-02,3.689479933724e-02,4.181636563624e-02,8.904183052990e-03,8.347614374629e-03
784.80000000,5.769236259162e+13,1.537491291303e-02,1.746295547294e-02,3.614201541216e-02,4.096316441488e-02,1.395680561456e-02,1.308441554701e-02
785.00000000,3.824066245417e+13,1.203559087876e-02,1.367012540463e-02,2.664178345759e-02,3.019565299924e-02,4.155847760176e-02,3.896080560694e-02
785.20000000,4.266260693588e+13,-9.772661948152e-03,-1.109987168175e-02,1.634272018799e-02,1.852275050002e-02,1.533211036075e-02,1.437375490588e-02
785.40000000,2.219077942089e+13,9.175008520765e-03,1.042105188942e-02,6.568851562801e-03,7.445100764731e-03,3.758549463096e-02,3.523615961080e-02
785.60000000,7.186246268290e+13,2.037450395399e-02,2.314153305091e-02,1.577166454557e-02,1.787551912944e-02,2.831405625704e-02,2.654424573358e-02
785.80000000,2.915237689101e+13,3.878485381376e-02,4.405216335243e-02,4.996089677981e-03,5.662540967258e-03,1.279829245665e-02,1.199831690859e-02
786.00000000,5.956320803795e+13,-2.181920901293e-02,-2.478244121465e-02,1.988327906908e-03,2.253560074958e-03,2.081483002802e-02,1.951376935013e-02
786.20000000,3.393995517892e+13,9.381657623600e-04,1.065576567946e-03,2.449966611586e-02,2.776778881224e-02,2.400296886442e-02,2.250262901537e-02
786.40000000,4.196930977091e+13,2.321017667270e-03,2.636231398820e-03,3.353690100955e-02,3.801054186806e-02,2.418617688050e-02,2.267438535275e-02
786.60000000,4.277836034331e+13,5.900480104558e-03,6.701814957765e-03,-1.126407944325e-03,-1.276664660102e-03,2.083859079612e-02,1.953604491748e-02
786.80000000,3.242679409156e+13,1.325697717379e-02,1.505738623700e-02,1.264588762098e-02,1.433278050166e-02,7.509470259182e-03,7.040080095877e-03
787.00000000,6.697222135555e+13,2.139090322565e-02,2.429596789709e-02,2.464420435609e-02,2.793160767047e-02,2.818156474786e-02,2.642003579539e-02
787.20000000,3.752434823253e+13,3.034732373986e-02,3.446874568916e-02,1.773291383286e-02,2.009838844366e-02,1.637700580423e-02,1.535333766738e-02
787.40000000,4.714839757149e+13,8.017923683232e-03,9.106825193597e-03,-3.094405085154e-02,-3.507181954960e-02,-1.891018290957e-02,-1.772817491996e-02
787.60000000,3.984106782756e+13,-3.548052473443e-02,-4.029907857682e-02,4.305608364759e-03,4.879953188565e-03,-7.014010180554e-02,-6.575589457062e-02
787.80000000,5.426557302151e+13,-1.173778335250e-02,-1.333187311012e-02,-7.344274332665e-02,-8.323960730085e-02,-7.493862058705e-02,-7.025447508262e-02
788.00000000,4.324967641091e+13,2.018475505139e-02,2.292601465052e-02,-1.863302390174e-02,-2.111856831804e-02,2.475099197942e-02,2.320389587727e-02
788.20000000,5.869842466636e+13,2.277224832528e-02,2.586491128585e-02,1.499845264279e-02,1.699916494886e-02,6.225384304266e-04,5.836257767461e-04
788.40000000,5.086277967178e+13,3.574265250837e-02,4.059680550838e-02,2.266373185195e-02,2.568695086644e-02,1.785848695068e-03,1.674221671899e-03
788.60000000,5.253519631919e+13,-5.418294142030e-03,-6.154144083728e-03,-7.258672516726e-03,-8.226940095775e-03,-1.602900359793e-02,-1.502708783600e-02
788.80000000,5.143171033328e+13,-1.760705874974e-02,-1.999824549871e-02,-6.077027566574e-02,-6.887670112596e-02,9.642208284170e-03,9.039508284714e-03
789.00000000,4.326345627172e+13,-5.654490264621e-02,-6.422417627457e-02,-4.731305831522e-02,-5.362436390543e-02,-1.306675227431e-02,-1.224999626194e-02
789.20000000,4.133424493576e+13,-2.695465931338e-02,-3.061532888287e-02,-7.185998738844e-02,-8.144572029742e-02,1.776884639376e-02,1.665817927309e-02
789.40000000,5.853281812172e+13,4.352928312132e-02,4.944092608631e-02,4.803149174081e-02,5.443863245681e-02,6.204944393595e-02,5.817095482595e-02
789.60000000,6.087826153273e+13,5.632569108456e-02,6.397519393809e-02,3.635331077019e-02,4.120264542867e-02,2.811662813421e-02,2.635915813753e-02
789.80000000,5.668276376433e+13,5.495003650906e-02,6.241271389453e-02,1.942102910722e-02,2.201168914774e-02,3.313751761275e-02,3.106620974855e-02
790.00000000,2.792729388227e+13,3.071410033424e-02,3.488533363163e-02,-9.459091551713e-03,-1.072088310598e-02,1.037742900608e-02,9.728772985382e-03
790.20000000,5.347840164381e+13,1.312998610765e-02,1.491314871540e-02,-1.254223682939e-02,-1.421530325617e-02,-2.425837505591e-03,-2.274207067810e-03
790.40000000,3.929662653857e+13,1.663939905295e-03,1.889916947185e-03,-2.320010990498e-02,-2.629487884512e-02,-6.854230534605e-03,-6.425797066074e-03
790.60000000,5.091769418495e+13,1.268175458228e-02,1.440404357683e-02,-3.515842403295e-02,-3.984836727577e-02,-1.896086614029e-02,-1.777569012297e-02
790.80000000,5.269407015435e+13,2.202016567008e-02,2.501068947698e-02,-8.408099480728e-03,-9.529694388041e-03,3.196505495910e-02,2.996703354755e-02
791.00000000,3.879012887469e+13,2.648582264985e-02,3.008282025497e-02,-9.264791334762e-03,-1.050066429300e-02,2.461073480804e-02,2.307240568070e-02
791.20000000,5.253311376912e+13,2.276968076249e-02,2.586199502643e-02,-7.207692910408e-03,-8.169160086232e-03,5.748282383961e-03,5.388977784062e-03
791.40000000,2.948860436333e+13,3.364312000212e-02,3.821213881933e-02,5.527086954760e-03,6.264370403291e-03,2.016654941087e-03,1.890601043880e-03
791.60000000,7.640973269478e+13,5.619911775393e-03,6.383143088400e-03,-1.698840051615e-02,-1.925456108502e-02,2.890415143529e-03,2.709745616996e-03
791.80000000,2.232233074211e+13,1.938664143306e-03,2.201951048637e-03,-3.297901320694e-02,-3.737823485577e-02,-1.694101097257e-02,-1.588208888719e-02
792.00000000,5.694445826748e+13,-6.440169957620e-03,-7.314799234588e-03,-2.667485805479e-02,-3.023313956848e-02,-1.779406349060e-02,-1.668182013928e-02
792.20000000,5.208590717234e+13,1.162786978584e-02,1.320703235614e-02,2.683100656129e-02,3.041011743959e-02,2.038827802743e-02,1.911387959152e-02
792.40000000,3.715640480030e+13,2.179715870757e-02,2.475739629227e-02,6.354994132785e-02,7.202715912442e-02,8.382517158069e-03,7.858555951495e-03
792.60000000,4.206542773510e+13,1.758226631832e-03,1.997008604647e-03,4.448492376411e-02,5.041897153084e-02,-4.507468138910e-03,-4.225722405483e-03
792.80000000,4.644365319650e+13,-1.635054700988e-02,-1.857108889051e-02,2.132934827583e-02,2.417456775228e-02,-1.537470442889e-02,-1.441368657096e-02
793.00000000,7.376755661386e+13,-9.524085194751e-03,-1.081753611336e-02,6.792166329295e-03,7.698204510935e-03,-4.874793616845e-03,-4.570087679819e-03
793.20000000,4.777215798410e+13,-4.019945899927e-02,-4.565888382663e-02,-3.589047471554e-02,-4.067806955243e-02,-3.436197391975e-02,-3.221412966536e-02
793.40000000,4.783701350989e+13,-1.713160313359e-02,-1.945821900874e-02,-2.586612056213e-02,-2.931652087684e-02,-2.474351891420e-02,-2.319688992666e-02
793.60000000,9.013003242675e+13,-1.135312917544e-02,-1.289497965879e-02,-4.620390063773e-03,-5.236725060428e-03,-1.211614365266e-02,-1.135880678981e-02
793.80000000,4.800162672312e+13,3.497795369204e-03,3.972825415754e-03,2.593797644645e-02,2.939796194674e-02,3.082726861913e-02,2.890036616770e-02
794.00000000,7.332547236254e+13,1.022695199666e-02,1.161585814188e-02,1.131384647733e-02,1.282305228777e-02,5.001940676610e-03,4.689287231027e-03
794.20000000,4.932510681639e+13,-3.636177047719e-02,-4.130000490750e-02,4.984622553013e-03,5.649544189960e-03,3.180400318432e-03,2.981604854396e-03
794.40000000,4.460214493267e+13,-4.282026399032e-02,-4.863561619064e-02,-2.436507918103e-02,-2.761524870963e-02,-2.608409339965e-02,-2.445366988935e-02
794.60000000,4.074110465968e+13,-7.843149491037e-03,-8.908315195302e-03,8.480911797594e-03,9.612219473409e-03,-9.583867795078e-03,-8.984814451211e-03
794.80000000,8.359452952711e+13,-1.426284783940e-02,-1.619986260382e-02,1.684306522527e-03,1.908983885390e-03,-2.044477015146e-02,-1.916684059466e-02
795.00000000,3.463190958437e+13,3.441968531103e-03,3.909416823232e-03,1.091637052598e-02,1.237255519843e-02,8.689049550223e-03,8.145928098699e-03
795.20000000,5.844862389999e+13,1.476336988729e-02,1.676835975792e-02,-4.883416062807e-03,-5.534837302397e-03,1.823098159484e-02,1.709142805342e-02
795.40000000,1.437130241767e+13,1.062668024480e-03,1.206987285001e-03,-2.130718166818e-02,-2.414944423929e-02,1.658693737215e-02,1.555014716284e-02
795.60000000,3.741034916009e+13,-1.825328635010e-03,-2.073223624548e-03,-3.599994738274e-02,-4.080214528020e-02,-3.819093456799e-02,-3.580375565990e-02
795.80000000,3.986950241193e+13,3.841937321088e-03,4.363704740801e-03,1.045997173050e-02,1.185527527686e-02,-2.397550335164e-02,-2.247688027369e-02
796.00000000,4.803824996085e+13,3.413989113606e-03,3.877637565380e-03,5.867947880426e-03,6.650700329319e-03,-2.335393289043e-02,-2.189416196187e-02
796.20000000,5.553028985954e+13,-1.420654912905e-03,-1.613591805482e-03,1.303769768361e-02,1.477685590343e-02,-3.474692721235e-02,-3.257502090263e-02
796.40000000,4.100612476284e+13,1.687894757959e-02,1.917125070430e-02,2.974661887511e-02,3.371465663639e-02,-1.518819782507e-02,-1.423883782878e-02
796.60000000,4.583636977762e+13,3.260596308743e-03,3.703412726752e-03,1.187976970408e-02,1.346446660623e-02,1.024597957564e-02,9.605539989324e-03
796.80000000,2.897235362610e+13,2.488755332114e-02,2.826749250133e-02,3.372541546034e-02,3.822420312502e-02,1.514714478815e-02,1.420035087056e-02
797.00000000,6.278020869293e+13,3.662944992886e-03,4.160403748134e-03,2.537157775657e-02,2.875600874095e-02,1.425727363547e-02,1.336610238516e-02
797.20000000,3.408885077312e+13,-1.264763985869e-02,-1.436529578668e-02,1.954760814997e-03,2.215515314887e-03,9.253780522308e-03,8.675359754845e-03
797.40000000,9.103546342053e+12,-2.441538000799e-02,-2.773119407871e-02,4.979854426334e-03,5.644140021021e-03,-2.395699769815e-02,-2.245953134251e-02
797.60000000,2.534640952865e+13,-7.102617438988e-03,-8.067212658698e-03,1.706472917979e-02,1.934107157877e-02,-3.886449150448e-02,-3.643521095813e-02
797.80000000,1.811260001662e+13,1.318186125794e-02,1.497206894764e-02,1.701793547212e-02,1.928803584406e-02,-2.538836331386e-02,-2.380142740618e-02
798.00000000,2.132178238230e+13,1.760488739476e-02,1.999577925546e-02,1.733035364035e-02,1.964212890294e-02,-1.941745094762e-02,-1.820373544483e-02
798.20000000,2.655615868008e+13,5.887816190499e-04,6.687431177609e-04,-1.478796893751e-03,-1.676060385789e-03,-2.837008432768e-02,-2.659677168964e-02
798.40000000,4.907421030206e+13,7.184888651741e-03,8.160656994490e-03,6.384703801472e-03,7.236388689937e-03,-2.794290096722e-02,-2.619629003522e-02
798.60000000,4.860843739521e+13,9.703340594534e-03,1.102113590494e-02,-9.296606315518e-03,-1.053672321978e-02,-2.366399289685e-03,-2.218484122477e-03
798.80000000,6.336660871373e+13,-2.135708618048e-03,-2.425755821260e-03,-1.478807497075e-02,-1.676072403540e-02,3.079567729374e-02,2.887074950321e-02
799.00000000,3.351246013363e+13,-2.207584316760e-02,-2.507392844722e-02,1.916527411528e-02,2.172181782581e-02,1.351644852428e-03,1.267158360557e-03
799.20000000,3.409205629900e+13,-1.490736281726e-02,-1.693190813954e-02,7.064783128011e-03,8.007186913292e-03,-1.353337659070e-02,-1.268745355902e-02
799.40000000,3.131413768868e+13,6.128699512712e-03,6.961028482108e-03,2.218669934122e-04,2.514628480386e-04,-1.802499351572e-02,-1.689831555337e-02
799.60000000,4.528034813429e+13,1.625717172649e-02,1.846503245785e-02,-5.378049193196e-03,-6.095451811968e-03,-1.489023563189e-02,-1.395950018802e-02
799.80000000,6.074741042846e+13,-1.275691459505e-02,-1.448941095183e-02,-3.109361260799e-02,-3.524133203388e-02,-3.174005626209e-02,-2.975609871542e-02
800.00000000,9.135906049232e+13,-3.359176307530e-02,-3.815380718966e-02,-2.826843224837e-02,-3.203928792393e-02,-5.333750498809e-02,-5.000356806410e-02
800.20000000,5.659580464693e+13,-4.082869781680e-02,-4.637357857089e-02,-1.811885768037e-02,-2.053581510900e-02,1.710833447255e-02,1.603895359284e-02
800.40000000,3.834679257588e+13,-4.703908464924e-03,-5.342738819818e-03,6.139252151090e-03,6.958195119493e-03,-2.295577008131e-02,-2.152088688777e-02
800.60000000,5.179133242264e+13,-3.361494525411e-02,-3.818013770344e-02,-9.268389101494e-03,-1.050474198232e-02,4.424685772607e-02,4.148114469213e-02
800.80000000,6.665723930518e+13,-9.874706200859e-03,-1.121577440272e-02,1.049295966904e-02,1.189266362764e-02,-1.317467506248e-02,-1.235117318210e-02
801.00000000,5.205213830184e+13,-8.883687223486e-03,-1.009016670838e-02,-3.768299656471e-03,-4.270970410262e-03,7.417977210936e-04,6.954305951281e-04
801.20000000,2.386032309539e+13,-2.330940244760e-03,-2.647501545835e-03,-2.916512469191e-02,-3.305559428026e-02,-1.623222433712e-02,-1.521760597265e-02
801.40000000,4.844974326936e+13,-1.875969569135e-02,-2.130742023692e-02,-3.446213662176e-02,-3.905919889710e-02,-3.191355211500e-02,-2.991874996227e-02
801.60000000,4.886405841914e+13,-2.094477669747e-02,-2.378925363204e-02,-1.325149362728e-02,-1.501917106743e-02,-4.584972630383e-02,-4.298382368028e-02
801.80000000,2.503482007931e+13,4.369741817433e-02,4.963189529445e-02,8.300795667209e-02,9.408076827277e-02,4.904864944597e-02,4.598279356283e-02
802.00000000,3.493193694647e+13,1.712952054276e-02,1.945585358454e-02,6.781635952688e-02,7.686269439152e-02,4.233684012149e-02,3.969051546574e-02
802.20000000,3.523541079412e+13,7.670348203451e-03,8.712046038669e-03,7.735384220991e-03,8.767242558094e-03,2.291354439550e-02,2.148130057876e-02
802.40000000,2.086925065977e+13,-4.803153132840e-02,-5.455461748822e-02,-2.847597473661e-02,-3.227451545542e-02,-5.397100702359e-02,-5.059747215013e-02
802.60000000,3.752250728851e+13,-2.035055254238e-02,-2.311432883605e-02,-3.300546080535e-02,-3.740821042049e-02,-6.440483471271e-02,-6.037911853833e-02
802.80000000,6.602708161780e+13,-9.676458447511e-03,-1.099060293613e-02,-2.848741169414e-03,-3.228747804111e-03,-3.141146264646e-02,-2.944804431302e-02
803.00000000,4.477592858528e+13,3.459570125527e-03,3.929408862304e-03,5.831594175554e-03,6.609497237217e-03,-1.558506840287e-02,-1.461090144431e-02
803.20000000,4.355529523974e+13,6.821658800102e-03,7.748097472269e-03,1.368111640257e-02,1.550610319283e-02,3.330876843601e-02,3.122675629454e-02
803.40000000,6.907056462506e+13,-3.140517865220e-02,-3.567026620089e-02,2.252753412585e-02,2.553258510173e-02,1.473859833489e-02,1.381734119683e-02
803.60000000,3.009188188097e+13,-5.766513207474e-02,-6.549654228669e-02,-3.364804396818e-02,-3.813651069509e-02,-4.221500888179e-02,-3.957629946168e-02
803.80000000,3.164203413008e+13,-5.761224205835e-02,-6.543646936099e-02,-4.458125519033e-02,-5.052815304729e-02,-6.109506825455e-02,-5.727623375952e-02
804.00000000,4.311296181092e+13,-3.849361677815e-02,-4.372137387650e-02,-1.329319037171e-02,-1.506642993162e-02,-7.789166283207e-02,-7.302293320468e-02
804.20000000,3.816475057020e+13,6.442610993303e-03,7.317571783460e-03,-1.445951165660e-02,-1.638833215563e-02,-6.664153577142e-02,-6.247601140299e-02
804.40000000,5.204660602731e+13,-1.741191503356e-02,-1.977659962367e-02,1.201868252135e-03,1.362190964056e-03,-2.661473043851e-02,-2.495113870225e-02
804.60000000,3.323990892827e+13,-1.355195849453e-02,-1.539242850349e-02,-1.414995167511e-03,-1.603747855010e-03,-9.946908608530e-03,-9.325162880137e-03
804.80000000,5.264593963866e+13,-8.763028485150e-03,-9.953121497983e-03,-7.087456715289e-03,-8.032885034243e-03,1.711988194698e-02,1.604977927589e-02
805.00000000,4.486745438615e+13,-2.893544690990e-02,-3.286512410415e-02,-1.660025526492e-02,-1.881463936062e-02,-2.392125097111e-02,-2.242601901569e-02
805.20000000,4.124489139583e+13,-1.369616746554e-02,-1.555622226634e-02,-4.117125208103e-02,-4.666327400199e-02,-2.309030920249e-02,-2.164701644904e-02
805.40000000,4.899229385745e+13,2.019123191611e-02,2.293337112798e-02,-1.669936461582e-02,-1.892696936186e-02,-2.161758898615e-02,-2.026635071311e-02
805.60000000,5.522053691770e+13,2.285657484844e-02,2.596069006050e-02,1.361026674592e-02,1.542580257591e-02,-8.695591981979e-03,-8.152061586414e-03
805.80000000,3.519231350761e+13,1.044741731911e-02,1.186626451043e-02,-4.967503868325e-04,-5.630141965496e-04,-8.775459771662e-03,-8.226937125838e-03
806.00000000,5.275695955743e+13,-6.486358375747e-03,-7.367260428591e-03,-1.706803944689e-03,-1.934482341755e-03,-7.182450244560e-03,-6.733500934306e-03
806.20000000,5.080881453482e+13,-1.647157891033e-02,-1.870855794158e-02,-2.180918300448e-02,-2.471840983351e-02,-1.787640688008e-02,-1.675901653760e-02
806.40000000,4.590502206639e+13,-9.554078818376e-03,-1.085160312348e-02,-1.050589936733e-02,-1.190732941156e-02,-1.993362394496e-02,-1.868764431180e-02
806.60000000,5.137017410083e+13,7.057747908877e-03,8.016249468804e-03,2.365530414660e-02,2.681079353187e-02,1.146116861516e-02,1.074477190244e-02
806.80000000,5.864708175535e+13,2.924085091564e-02,3.321200454397e-02,-1.386082764078e-02,-1.570978693635e-02,7.401397607161e-02,6.938762679315e-02
807.00000000,4.480654932347e+13,2.144879381587e-02,2.436172051663e-02,1.345391042590e-02,1.524858917009e-02,3.363294810520e-02,3.153067265052e-02
807.20000000,3.133371303160e+13,3.118581247016e-02,3.542110824527e-02,1.176253394062e-02,1.333159222724e-02,-9.568517747351e-03,-8.970423880140e-03
807.40000000,3.468730165379e+13,6.962928693397e-04,7.908553005922e-04,6.832862983364e-03,7.744329878122e-03,-1.245891013322e-02,-1.168014816198e-02
807.60000000,4.290334017904e+13,4.696507275227e-03,5.334332486276e-03,-9.891735179789e-03,-1.121123904955e-02,-1.466485913614e-02,-1.374821117201e-02
807.80000000,4.481448891119e+13,7.949064948801e-03,9.028614863554e-03,-1.299203481759e-02,-1.472510185854e-02,-1.307731956013e-02,-1.225990302447e-02
808.00000000,4.370024439140e+13,-3.051997678312e-02,-3.466484646864e-02,-4.123654512372e-02,-4.673727678276e-02,-2.580475749764e-02,-2.419179427683e-02
808.20000000,5.741247116719e+13,-6.000333518614e-02,-6.815229305758e-02,-1.869763426351e-02,-2.119179735195e-02,2.358743826219e-02,2.211307174688e-02
808.40000000,4.647276813517e+13,-4.595675720366e-02,-5.219807157725e-02,-1.621841511095e-02,-1.838186379931e-02,-1.503523592063e-02,-1.409543702663e-02
808.60000000,5.901489490740e+13,-9.335085754319e-03,-1.060286895841e-02,3.011741193783e-03,3.413491148436e-03,-1.729897682187e-02,-1.621767956984e-02
808.80000000,5.924097712091e+13,9.837742864713e-03,1.117379113446e-02,-1.272170069365e-03,-1.441870662739e-03,-6.393420842743e-03,-5.993790942113e-03
809.00000000,5.316005918959e+13,2.906417559401e-03,3.301133522688e-03,-3.430814490808e-03,-3.888466552328e-03,1.465130464776e-02,1.373550392628e-02
809.20000000,5.172976263847e+13,-2.464261733746e-02,-2.798929214982e-02,-2.519360100223e-02,-2.855429085203e-02,-2.951919466267e-03,-2.767405524203e-03
809.40000000,4.554983606049e+13,-1.653934288853e-02,-1.878552483829e-02,-1.748228365463e-03,-1.981432555781e-03,-1.172269008719e-02,-1.098994660137e-02
809.60000000,3.493737704402e+13,-4.724838938341e-02,-5.366511827664e-02,-2.869511491813e-03,-3.252288774963e-03,-1.045382848445e-02,-9.800397005246e-03
809.80000000,6.452493688557e+13,-3.587726785118e-02,-4.074970274758e-02,-2.034462379711e-03,-2.305848636431e-03,-1.177011818974e-02,-1.103441014263e-02
810.00000000,7.272738891112e+13,-3.819101701879e-02,-4.337767852332e-02,-9.339843828314e-03,-1.058572838248e-02,-1.479834605957e-02,-1.387335430465e-02
810.20000000,4.435905787874e+13,-9.066576961792e-03,-1.029789441224e-02,-4.229821857606e-03,-4.794057172044e-03,-1.183863215679e-02,-1.109864154632e-02
810.40000000,8.213239555926e+13,7.393875482223e-03,8.398025995264e-03,-1.303758353593e-02,-1.477672652908e-02,1.122268004826e-02,1.052119040402e-02
810.60000000,4.012245593299e+13,-9.898094357937e-03,-1.124233886835e-02,-4.140871863707e-02,-4.693241730978e-02,-1.646999496521e-02,-1.544051440806e-02
810.80000000,6.247637827107e+13,-3.453380694426e-02,-3.922378854372e-02,-5.746427418513e-02,-6.512969696303e-02,-2.741415443521e-02,-2.570059356033e-02
811.00000000,5.840243566294e+13,-1.547932106446e-02,-1.758154312997e-02,-2.409953611324e-02,-2.731428363557e-02,-2.949315935372e-02,-2.764964730724e-02
811.20000000,4.335985274112e+13,-1.012178692281e-02,-1.149641076600e-02,7.765789946390e-03,8.801704242493e-03,-1.381397801996e-02,-1.295051559519e-02
811.40000000,5.368670505943e+13,-2.096336459708e-02,-2.381036592485e-02,5.337357474976e-03,6.049332039046e-03,-6.043766617155e-03,-5.665992353259e-03
811.60000000,3.945756422676e+13,-8.973871478716e-03,-1.019259874441e-02,-8.869012428960e-03,-1.005209062588e-02,-3.929544035316e-02,-3.683922273356e-02
811.80000000,3.610206768343e+13,3.360561190810e-02,3.816953681050e-02,-1.153210052299e-02,-1.307042024040e-02,6.259015843668e-04,5.867787119462e-04
812.00000000,3.636951992786e+13,3.250401750914e-03,3.691833662179e-03,-3.056140409187e-02,-3.463812978575e-02,6.404609695078e-03,6.004280419255e-03
812.20000000,3.519591503068e+13,-1.343371858973e-02,-1.525813062457e-02,-4.244725665067e-02,-4.810949066657e-02,-2.634288737262e-02,-2.469628757543e-02
812.40000000,5.904203378968e+13,-5.651517224568e-04,-6.419040823540e-04,-5.926945778313e-03,-6.717568227074e-03,2.135833920560e-03,2.002330571035e-03
812.60000000,4.070220645850e+13,2.041462840062e-02,2.318710673506e-02,2.720724961589e-02,3.083654927881e-02,1.077740781999e-02,1.010375055230e-02
812.80000000,6.606501436386e+13,2.858310990966e-02,3.246493677422e-02,4.694543021276e-02,5.320769620627e-02,3.954404307630e-02,3.707228618844e-02
813.00000000,5.757229304940e+13,2.164291505044e-02,2.458220504847e-02,-2.598150106611e-03,-2.944729251481e-03,6.990429858815e-03,6.553483057010e-03
813.20000000,4.390120743503e+13,-3.033249634568e-02,-3.445190461006e-02,-5.993256988456e-02,-6.792724993310e-02,-2.623163502540e-02,-2.459198921506e-02
813.40000000,5.150548630505e+13,3.583293386340e-02,4.069934783117e-02,-1.416133863327e-02,-1.605038446679e-02,-1.209744633856e-01,-1.134127817803e-01
813.60000000,6.781747046214e+13,-2.343994674018e-02,-2.662328876445e-02,-3.102568657567e-02,-3.516434503694e-02,-5.672014102106e-02,-5.317476760087e-02
813.80000000,2.926076058243e+13,-1.562497026834e-02,-1.774697272144e-02,-5.662573125382e-02,-6.417929694874e-02,-3.295063091523e-02,-3.089100467097e-02
814.00000000,5.943210828236e+13,1.003720121227e-04,1.140033760418e-04,-1.571840038809e-02,-1.781514982199e-02,-1.008800769859e-02,-9.457442370057e-03
814.20000000,2.773974108792e+13,2.881739566279e-03,3.273104050423e-03,-2.402957485515e-03,-2.723498992477e-03,-1.426749499978e-02,-1.337568484849e-02
814.40000000,2.728705687406e+13,3.532441786549e-02,4.012177108137e-02,-5.167042092264e-04,-5.856297507212e-04,3.522465593625e-02,3.302288851037e-02
814.60000000,3.287552266303e+13,-3.747777925051e-02,-4.256757706391e-02,7.728983328276e-02,8.759987820977e-02,-2.104730358137e-02,-1.973171181201e-02
814.80000000,3.818943627594e+13,-5.925202575582e-03,-6.729894948404e-03,5.712469611923e-02,6.474482102332e-02,9.906363370136e-02,9.287151979774e-02
815.00000000,5.213032967170e+13,-1.991769559124e-02,-2.262268626827e-02,-1.110973718441e-02,-1.259171592124e-02,-1.005546273092e-01,-9.426931672072e-02
815.20000000,4.568589804224e+13,-3.067212296431e-02,-3.483765538161e-02,-3.184014510706e-02,-3.608744792288e-02,-2.763433205627e-02,-2.590700866474e-02
815.40000000,5.211195680231e+13,1.277845671820e-02,1.451387867659e-02,4.341522689140e-04,4.920658289203e-04,1.073931868967e-02,1.006804223746e-02
815.60000000,5.572312148877e+13,4.528147395821e-02,5.143107918427e-02,7.893498661792e-03,8.946448608477e-03,2.131335246970e-02,1.998113093462e-02
815.80000000,6.034090979909e+13,2.925699508843e-02,3.323034123129e-02,5.892090164068e-03,6.678063062772e-03,4.564286396386e-03,4.278989156630e-03
816.00000000,4.770350385858e+13,-7.562422715649e-03,-8.589463361384e-03,-1.030604042446e-02,-1.168081036874e-02,-1.442634557325e-02,-1.352460624001e-02
816.20000000,5.629906594780e+13,-1.796873008555e-02,-2.040903484555e-02,-1.118122351168e-03,-1.267273813718e-03,-8.994617096444e-03,-8.432395709042e-03
816.40000000,5.634365937774e+13,1.072491906292e-03,1.218145332635e-03,1.529534007635e-02,1.733565555722e-02,1.941393887035e-02,1.820044289497e-02
816.60000000,2.223960391051e+13,6.229161273369e-03,7.075133795290e-03,7.823101424964e-04,8.866660761742e-04,-9.338020367429e-04,-8.754334068135e-04
816.80000000,5.843410917491e+13,3.531735977871e-02,4.011375444701e-02,1.991985795393e-02,2.257705905946e-02,3.828914474094e-02,3.589582706573e-02
817.00000000,5.704643407334e+13,3.443105277019e-02,3.910707948809e-02,2.570829584627e-02,2.913764319914e-02,4.343631092570e-02,4.072126227711e-02
817.20000000,4.986327602592e+13,-1.079046520484e-02,-1.225590118593e-02,-2.688737858466e-02,-3.047400918538e-02,-2.568369011807e-03,-2.407829438671e-03
817.40000000,5.265889218510e+13,6.676694021876e-03,7.583445257220e-03,-1.444474518518e-02,-1.637159591693e-02,1.048134830773e-02,9.826196662667e-03
817.60000000,4.565263004581e+13,-3.095314855920e-03,-3.515684661723e-03,-4.547429234435e-03,-5.154031651830e-03,-1.249883940980e-02,-1.171758160210e-02
817.80000000,4.947714394686e+13,1.698781216084e-02,1.929490001183e-02,-1.220586931466e-03,-1.383406613773e-03,8.128882396735e-03,7.620774993150e-03
818.00000000,4.417819640356e+13,-2.205250666192e-02,-2.504742264767e-02,-5.898990367509e-03,-6.685883715958e-03,-4.936946436677e-03,-4.628355548883e-03
818.20000000,2.782726153600e+13,-2.265968472024e-02,-2.573706059597e-02,-1.971279193003e-02,-2.234237155006e-02,1.515442151827e-02,1.420717275827e-02
818.40000000,4.603020484029e+13,-4.341910240394e-02,-4.931578190031e-02,-4.190035943533e-02,-4.748964032633e-02,6.319223529946e-04,5.924231438322e-04
818.60000000,3.959507852516e+13,-2.776919072214e-02,-3.154048051156e-02,-2.339949794332e-02,-2.652086416728e-02,5.885830250591e-03,5.517928024847e-03
818.80000000,4.331752118710e+13,-2.966726036932e-03,-3.369632398987e-03,-1.157978503785e-02,-1.312446561114e-02,1.006025030623e-02,9.431419993152e-03
819.00000000,4.941688503546e+13,3.319543054486e-02,3.770364936629e-02,1.433329906942e-02,1.624528349326e-02,2.543465193389e-02,2.384482268991e-02
819.20000000,3.347136274880e+13,2.525482342894e-02,2.868464098049e-02,3.568897966348e-02,4.044969615233e-02,1.495339697321e-02,1.401871353949e-02
819.40000000,3.608894082297e+13,1.633373001836e+00,1.855198801002e+00,1.351281707421e+00,1.531535364608e+00,1.926821914082e+00,1.806383158525e+00
819.60000000,6.408367862767e+13,1.269095897930e+02,1.441449800842e+02,1.032042851018e+02,1.169711774713e+02,1.486230462959e+02,1.393331505291e+02
819.80000000,6.797720057695e+13,7.125578866988e+03,8.093292441851e+03,5.790266723791e+03,6.562656927341e+03,8.341041447122e+03,7.819672739094e+03
820.00000000,4.157772584098e+13,2.888488084966e+05,3.280769074739e+05,2.347183538888e+05,2.660285103609e+05,3.381179692347e+05,3.169834226797e+05
820.20000000,5.919101014770e+13,8.459387488587e+06,9.608243498821e+06,6.874475259894e+06,7.791493006844e+06,9.902353468979e+06,9.283392723216e+06
820.40000000,7.939940417262e+13,1.791191913707e+08,2.034450849218e+08,1.456264921815e+08,1.650522770898e+08,2.096800129953e+08,1.965736643256e+08
820.60000000,6.408150106581e+13,2.749604792686e+09,3.123024262607e+09,2.242003868563e+09,2.541075035231e+09,3.219468645108e+09,3.018231159517e+09
820.80000000,5.204414599809e+13,3.094426417436e+10,3.514675565816e+10,2.559718445263e+10,2.901171014770e+10,3.627319105733e+10,3.400588344622e+10
821.00000000,2.852806951611e+13,2.643886171710e+11,3.002948163237e+11,2.301383144525e+11,2.608375184829e+11,3.112032062338e+11,2.917510053789e+11
821.20000000,5.889670910149e+13,1.832276573838e+12,2.081115151939e+12,1.787375068503e+12,2.025801216872e+12,2.178324852157e+12,2.042165546268e+12
821.40000000,5.188493740002e+13,1.071222166358e+13,1.216703151332e+13,1.206764564492e+13,1.367740417948e+13,1.291704020839e+13,1.210964216251e+13
821.60000000,8.725119485934e+13,4.931968741105e+13,5.601771600727e+13,6.198962768773e+13,7.025870810004e+13,6.019278213517e+13,5.643034632265e+13
821.80000000,2.056055507621e+14,1.579631709468e+14,1.794158988875e+14,2.110414084281e+14,2.391931886809e+14,1.941914537643e+14,1.820532396096e+14
822.00000000,3.805262828445e+14,3.221152511778e+14,3.658612130223e+14,4.425928715917e+14,5.016323622553e+14,3.973658558611e+14,3.725279355369e+14
822.20000000,5.046760080675e+14,4.013688392238e+14,4.558781052770e+14,5.555889648644e+14,6.297015220457e+14,4.955945903488e+14,4.646167426886e+14
822.40000000,4.460672685028e+14,3.024457667485e+14,3.435204470805e+14,4.146492407581e+14,4.699612024947e+14,3.729982934921e+14,3.496835024546e+14
822.60000000,2.771219949720e+14,1.396999601819e+14,1.586723904082e+14,1.856217945128e+14,2.103827360180e+14,1.716251412466e+14,1.608974666841e+14
822.80000000,9.691415920535e+13,4.142000242632e+13,4.704518732246e+13,5.149985588168e+13,5.836965757903e+13,5.048855758978e+13,4.733269819169e+13
823.00000000,4.616258699511e+13,8.669195832106e+12,9.846545581015e+12,9.600870556027e+12,1.088157466117e+13,1.043495761698e+13,9.782705688297e+12
823.20000000,7.193383447572e+13,1.449060221280e+12,1.645854793778e+12,1.389272779464e+12,1.574594239788e+12,1.720007192823e+12,1.612495686783e+12
823.40000000,3.751965294003e+13,2.043811914282e+11,2.321378771774e+11,1.762080504558e+11,1.997132495168e+11,2.403799191802e+11,2.253546290299e+11
823.60000000,6.122237358292e+13,2.317531687050e+10,2.632271993149e+10,1.911140536504e+10,2.166076327620e+10,2.715969244909e+10,2.546203708407e+10
823.80000000,5.698330173316e+13,1.982610080497e+09,2.251865213921e+09,1.615490016206e+09,1.830987630041e+09,2.321281716394e+09,2.176186687539e+09
824.00000000,6.690624047319e+13,1.240597487754e+08,1.409081066738e+08,1.008507076168e+08,1.143036455038e+08,1.452251709391e+08,1.361476642242e+08
824.20000000,3.964462142129e+13,5.624583011467e+06,6.388448717643e+06,4.570717734039e+06,5.180426711082e+06,6.583992466455e+06,6.172450614318e+06
824.40000000,5.031024022127e+13,1.843415146818e+05,2.093766436865e+05,1.497955148221e+05,1.697774247589e+05,2.157846909613e+05,2.022967606768e+05
824.60000000,2.778245878257e+13,4.364682797039e+03,4.957443451508e+03,3.546671622851e+03,4.019778397958e+03,5.109121916871e+03,4.789768954793e+03
824.80000000,4.811236508923e+13,7.462516073243e+01,8.475988556183e+01,6.063246940316e+01,6.872051225473e+01,8.734954478300e+01,8.188963673686e+01
825.00000000,3.906941422926e+13,9.281904395567e-01,1.054246512359e+00,7.525115989734e-01,8.528925684229e-01,1.111678875752e+00,1.042191799963e+00
825.20000000,3.783675839884e+13,4.760276775047e-02,5.406762420819e-02,1.247751947471e-02,1.414195295707e-02,5.535033111721e-02,5.189057962138e-02
825.40000000,5.316082983780e+13,2.204188076881e-02,2.503535366886e-02,-3.932819185437e-03,-4.457435952862e-03,3.655946208709e-02,3.427426069643e-02
825.60000000,2.593363229287e+13,1.052866816553e-02,1.195854990555e-02,-2.497039262665e-02,-2.830130768871e-02,2.643045021433e-02,2.477837717666e-02
825.80000000,4.529683456290e+13,1.511428886606e-02,1.716693648714e-02,-1.367327938781e-02,-1.549722076276e-02,1.260420907745e-03,1.181636498819e-03
826.00000000,6.545714866406e+13,5.352760163188e+00,6.079710039064e+00,5.297298958523e+00,6.003929933574e+00,5.353045450042e+00,5.018445699160e+00
826.20000000,5.488720283207e+13,2.337080257220e+03,2.654475423659e+03,2.337036431739e+03,2.648784427354e+03,2.337102981874e+03,2.191019022226e+03
826.40000000,4.125845360318e+13,5.410677571600e+05,6.145493118938e+05,5.410677111998e+05,6.132432118328e+05,5.410677927317e+05,5.072475776134e+05
826.60000000,5.516001479705e+13,6.545508885216e+07,7.434444075023e+07,6.545508881567e+07,7.418644296313e+07,6.545508888186e+07,6.136372507070e+07
826.80000000,5.186078089964e+13,4.146454806193e+09,4.709578263025e+09,4.146454806160e+09,4.699569407701e+09,4.146454806208e+09,3.887274726729e+09
827.00000000,4.817108288094e+13,1.378687044123e+11,1.565924346943e+11,1.378687044123e+11,1.562596424716e+11,1.378687044123e+11,1.292510241439e+11
827.20000000,4.471291158411e+13,2.412012021668e+12,2.739583552300e+12,2.412012021668e+12,2.733761354687e+12,2.412012021668e+12,2.261245765505e+12
827.40000000,5.605771032864e+13,2.225826816420e+13,2.528112829353e+13,2.225826816420e+13,2.522740051995e+13,2.225826816420e+13,2.086698332414e+13
827.60000000,1.364638796925e+14,1.085916090596e+14,1.233392634137e+14,1.085916090596e+14,1.230771412512e+14,1.085916090596e+14,1.018039354487e+14
827.80000000,3.023949974614e+14,2.806149907151e+14,3.187248679467e+14,2.806149907151e+14,3.180475098264e+14,2.806149907151e+14,2.630747499562e+14
828.00000000,4.092475627485e+14,3.845692625328e+14,4.367970046960e+14,3.845692625328e+14,4.358687181773e+14,3.845692625328e+14,3.605312115502e+14
828.20000000,3.318214365266e+14,2.796247402173e+14,3.176001330979e+14,2.796247402173e+14,3.169251652783e+14,2.796247402173e+14,2.621463964800e+14
828.40000000,1.660084740677e+14,1.078260350050e+14,1.224697179599e+14,1.078260350050e+14,1.222094437664e+14,1.078260350050e+14,1.010862146938e+14
828.60000000,7.845172823843e+13,2.202305219703e+13,2.501396801859e+13,2.202305219703e+13,2.496080801740e+13,2.202305219703e+13,2.064646986693e+13
828.80000000,5.762101122514e+13,2.378040382457e+12,2.700998278599e+12,2.378040382457e+12,2.695258082897e+12,2.378040382457e+12,2.229397572120e+12
829.00000000,6.393366969148e+13,1.354419559747e+11,1.538361133967e+11,1.354419559747e+11,1.535091789430e+11,1.354419559746e+11,1.269759630831e+11
829.20000000,6.076412893811e+13,4.058879767410e+09,4.610109796995e+09,4.058879767430e+09,4.600312333372e+09,4.058879767367e+09,3.805173690761e+09
829.40000000,8.534633484138e+13,6.384230482987e+07,7.251262708546e+07,6.384230483423e+07,7.235852233824e+07,6.384230479979e+07,5.985175036100e+07
829.60000000,6.765450525770e+13,5.258323283122e+05,5.972447835960e+05,5.258323449176e+05,5.959755302488e+05,5.258323301414e+05,4.929644293711e+05
829.80000000,6.944084787281e+13,2.263033305791e+03,2.570372273089e+03,2.263016189354e+03,2.564890285749e+03,2.263009662471e+03,2.121557011569e+03
830.00000000,8.883966290024e+13,5.084335250698e+00,5.774830764550e+00,5.075036937087e+00,5.752019362915e+00,5.058189528282e+00,4.742020167893e+00
830.20000000,4.603206759689e+13,1.620844906194e-02,1.840969284543e-02,1.756816605651e-02,1.991166420671e-02,-1.167305736163e-02,-1.094341624020e-02
830.40000000,5.473416720739e+13,1.246772394272e-02,1.416094577525e-02,3.479758514972e-02,3.943939444089e-02,-1.936022224597e-02,-1.815008390491e-02
830.60000000,4.731743087006e+13,2.683669289661e-03,3.048134163397e-03,9.544829359968e-03,1.081805787324e-02,9.823938394213e-03,9.209879094688e-03
830.80000000,7.311542506616e+13,-9.443193446011e-03,-1.072565858440e-02,-2.016875674747e-02,-2.285915960327e-02,-3.918341040065e-02,-3.673419537322e-02
831.00000000,2.012693572921e+13,-9.213997811687e-03,-1.046533625416e-02,-3.223604682088e-03,-3.653616077993e-03,-2.800854577955e-02,-2.625783162480e-02
831.20000000,5.231690798751e+13,-9.692272225856e-03,-1.100856435865e-02,-2.504089252530e-02,-2.838121189180e-02,-5.656464958971e-02,-5.302899538351e-02
831.40000000,3.831498507399e+13,-1.069193059064e-02,-1.214398474191e-02,-2.470101824860e-02,-2.799600022836e-02,-6.435492514994e-02,-6.033232864406e-02
831.60000000,4.234907640017e+13,-1.007405375376e-02,-1.144219503090e-02,-5.373008415684e-03,-6.089738622051e-03,-2.690162136990e-02,-2.522009710625e-02
831.80000000,6.075868658394e+13,2.768814111237e-02,3.144842368272e-02,2.735415034329e-02,3.100304576718e-02,1.549533936300e-02,1.452678104623e-02
832.00000000,4.318352131077e+13,5.670952240734e-03,6.441115278461e-03,2.523672583897e-02,2.860316830830e-02,1.819886613624e-02,1.706132001743e-02
832.20000000,5.306148469390e+13,-3.946526738420e-03,-4.482498281170e-03,2.290761668468e-02,2.596336861424e-02,2.995882804918e-02,2.808620871585e-02
832.40000000,6.652459249323e+13,-1.781232971671e-03,-2.023139399044e-03,7.910849578629e-03,8.966114043595e-03,1.623801668674e-02,1.522303626318e-02
832.60000000,3.268992772795e+13,-2.614540092032e-02,-2.969616638978e-02,3.195690220863e-02,3.621977978909e-02,-3.154160316993e-03,-2.957005021721e-03
832.80000000,3.701475837731e+13,1.674641563037e-03,1.902071980107e-03,-2.521901739346e-02,-2.858309765212e-02,-2.119313264872e-02,-1.986842562525e-02
833.00000000,7.792598353578e+13,1.455416809096e-02,1.653074659713e-02,-2.330501967889e-03,-2.641378301435e-03,-8.991957261245e-03,-8.429902130640e-03
833.20000000,6.252891812457e+13,3.396560360444e-02,3.857841840868e-02,1.996206288184e-02,2.262489389604e-02,-4.178790284289e-03,-3.917589029572e-03
833.40000000,6.187091657853e+13,2.310377163559e-02,2.624145825160e-02,1.949956782679e-02,2.210070450690e-02,-7.387611099965e-03,-6.925837917441e-03
833.60000000,4.085691359863e+13,1.097833938410e-02,1.246929025978e-02,7.115607385979e-04,8.064790851861e-04,8.212583846386e-03,7.699244564152e-03
833.80000000,6.022542307356e+13,6.461038108158e-03,7.338501455584e-03,4.437895815887e-02,5.029887068808e-02,5.106451541393e-02,4.787265494948e-02
834.00000000,5.836089900591e+13,-1.628235325556e-02,-1.849363385048e-02,-3.398525846331e-02,-3.851870777651e-02,1.939737746507e-02,1.818491668398e-02
834.20000000,3.461821565417e+13,-3.220462966480e-02,-3.657828938871e-02,-6.079838720256e-02,-6.890856258947e-02,-3.608771390038e-02,-3.383199980386e-02
834.40000000,5.774923465073e+13,-8.487942988294e-04,-9.640677075689e-04,-3.641437966625e-02,-4.127186058452e-02,-2.228762769925e-02,-2.089450769952e-02
834.60000000,4.540215080626e+13,-6.241248209119e-03,-7.088862238631e-03,-3.471355213847e-02,-3.934415188131e-02,-2.726055190679e-02,-2.555659217731e-02
834.80000000,7.449604304311e+13,1.391266437334e-02,1.580212127613e-02,-8.919632998290e-04,-1.010946370485e-03,-1.248697738918e-02,-1.170646103402e-02
835.00000000,5.966288528508e+13,-6.972013303606e-04,-7.918871382638e-04,-9.466873675254e-04,-1.072970332262e-03,1.043668560137e-02,9.784325662559e-03
835.20000000,3.224886325058e+13,-5.441468466643e-03,-6.180465676645e-03,-1.776681962285e-03,-2.013681708229e-03,3.760324254164e-02,3.525279816298e-02
835.40000000,3.923042191974e+13,-8.228341040323e-03,-9.345818998529e-03,-1.391977166838e-02,-1.577659377782e-02,3.796232646657e-02,3.558943703435e-02
835.60000000,5.434517215804e+13,-2.780198825796e-02,-3.157773222875e-02,-1.353387884229e-02,-1.533922493988e-02,-1.511182184458e-03,-1.416723583802e-03
835.80000000,6.975446271535e+13,-1.853483950917e-02,-2.105202669294e-02,-1.070764275983e-02,-1.213598427938e-02,-2.233976064694e-02,-2.094338200286e-02
836.00000000,6.147803371336e+13,-1.947613487030e-02,-2.212115788551e-02,8.373261613862e-04,9.490209338526e-04,-1.374388534072e-02,-1.288480415897e-02
836.20000000,3.055806938315e+13,-3.818627718354e-02,-4.337229497856e-02,-1.951812586399e-02,-2.212173808570e-02,-2.024761409461e-02,-1.898200805872e-02
836.40000000,7.166256962412e+13,-1.139445319126e-02,-1.294191582372e-02,7.464573100118e-03,8.460306701219e-03,3.073718574509e-04,2.881591405238e-04
836.60000000,3.912188675795e+13,-1.925664372929e-02,-2.187185800044e-02,-2.016412657586e-02,-2.285391179186e-02,9.254619984528e-03,8.676146745280e-03
836.80000000,3.389979909750e+13,-5.491225859763e-03,-6.236980542481e-03,3.018997163630e-03,3.421715025340e-03,2.914313160566e-02,2.732149854348e-02
837.00000000,4.855564944491e+13,-8.214641011791e-03,-9.330258390831e-03,-4.964830395191e-03,-5.627111865538e-03,2.288055973397e-02,2.145037767061e-02
837.20000000,6.179417194458e+13,2.324747292877e-02,2.640467538970e-02,4.264745599318e-02,4.833639551649e-02,2.193125564281e-02,2.056041118742e-02
837.40000000,6.389326294077e+13,2.609473110653e-02,2.963861518887e-02,5.688974298875e-02,6.447852641844e-02,3.928507341295e-02,3.682950379374e-02
837.60000000,5.059004644352e+13,1.132622792106e-02,1.286442498768e-02,3.828190876698e-02,4.338850794717e-02,6.449645427332e-02,6.046501128746e-02
837.80000000,8.578722180804e+13,9.174001961132e-03,1.041990863052e-02,1.744092643565e-02,1.976745150994e-02,3.944901437176e-02,3.698319738879e-02
838.00000000,6.808145438225e+13,2.921483723022e-02,3.318245798116e-02,1.269791091084e-02,1.439174341648e-02,1.904034232477e-02,1.785019853503e-02
838.20000000,6.585100635766e+13,1.110207223927e-02,1.260982707794e-02,-2.021376029484e-02,-2.291016637999e-02,-2.691559742702e-03,-2.523319956995e-03
838.40000000,5.671582157064e+13,1.797403830639e-02,2.041506396744e-02,-1.242099969643e-02,-1.407789374665e-02,2.242172442143e-02,2.102022251457e-02
838.60000000,6.520320412617e+13,3.999317862500e-02,4.542458884160e-02,3.145272901970e-02,3.564835262887e-02,8.319846885164e-02,7.799802973501e-02
838.80000000,4.681663888021e+13,3.498606832084e-02,3.973747082121e-02,5.303630355621e-02,6.011105904736e-02,8.341628838931e-02,7.820223415140e-02
839.00000000,5.632392353528e+13,1.010565729629e-01,1.147809060046e-01,9.544383733339e-02,1.081755280244e-01,1.383865797832e-01,1.297365289752e-01
839.20000000,4.623361616944e+13,-8.407157229486e-03,-9.548919930994e-03,-2.683184799656e-02,-3.041107111775e-02,2.318645745564e-02,2.173715481831e-02
839.40000000,4.842042910823e+13,1.018252386832e-02,1.156539629984e-02,-2.851416301916e-03,-3.231779784792e-03,-4.642534909803e-03,-4.352346634964e-03
839.60000000,6.914375917035e+13,8.703722200342e-03,9.885760920611e-03,1.383007982324e-03,1.567493752658e-03,9.479427094047e-04,8.886901965360e-04
839.80000000,4.765050841051e+13,-5.924142879625e-03,-6.728691336818e-03,3.256047572033e-03,3.690386673650e-03,5.568964913345e-02,5.220868808042e-02
840.00000000,5.873339478456e+13,-2.321296748742e-02,-2.636548381904e-02,-5.085692638764e-04,-5.764096477447e-04,1.352998388941e-02,1.268427292336e-02
840.20000000,3.751345379583e+13,-1.995263424914e-02,-2.266236988994e-02,-9.400642822207e-02,-1.065463763269e-01,1.027719180406e-01,9.634801252836e-02
840.40000000,5.007425028740e+13,-3.756152977665e-02,-4.266270161631e-02,-1.023073410254e-01,-1.159545859157e-01,-8.477461853878e-04,-7.947565993493e-04
840.60000000,3.714646702656e+13,4.637240581438e-02,5.267016876716e-02,1.762170970664e-02,1.997235028962e-02,1.278812130775e-01,1.198878152188e-01
840.80000000,6.660554433473e+13,5.081646648785e-02,5.771777027872e-02,1.055678331249e-02,1.196500099926e-02,4.478072612177e-02,4.198164288131e-02
841.00000000,6.247306724959e+13,1.639188626803e-02,1.861804236781e-02,4.012839870149e-03,4.548130963285e-03,4.417161353088e-02,4.141060374282e-02
841.20000000,4.383874516052e+13,1.725736740295e-02,1.960106312423e-02,8.728297160607e-03,9.892604703268e-03,5.033113205713e-02,4.718511276679e-02
841.40000000,2.314503228204e+13,1.957663513327e-02,2.223530692994e-02,6.481594290959e-03,7.346203845672e-03,4.726534699203e-02,4.431095897563e-02
841.60000000,7.263307322650e+13,2.170237592587e-02,2.464974121117e-02,1.845022072834e-02,2.091138019192e-02,4.026640583696e-02,3.774949663309e-02
841.80000000,7.203879766352e+13,6.310181817365e-02,7.167157610983e-02,6.280308780790e-02,7.118067939210e-02,7.894837321309e-02,7.401359239418e-02
842.00000000,6.949796551093e+13,6.985749128060e-02,7.934472647651e-02,7.844010376875e-02,8.890358854529e-02,1.214289056181e-01,1.138388184520e-01
842.20000000,4.451117831322e+13,3.088308093544e-02,3.507726322051e-02,2.434506691585e-02,2.759256691673e-02,7.380467681366e-02,6.919141008424e-02
842.40000000,5.694428387781e+13,3.472043851437e-02,3.943576625164e-02,3.845734107612e-02,4.358734197569e-02,5.307498164982e-02,4.975745412202e-02
842.60000000,5.314529539379e+13,2.478354768683e-02,2.814936202662e-02,1.106056477734e-02,1.253598418153e-02,3.070604718045e-02,2.878672184817e-02
842.80000000,7.044877618457e+13,1.084781713753e-02,1.232104199372e-02,9.700841424146e-03,1.099488110135e-02,4.287483863934e-04,4.019488561792e-04
843.00000000,4.687290931025e+13,2.394765812977e-03,2.719995163336e-03,1.275251829230e-02,1.445363512671e-02,9.409543854336e-03,8.821386877349e-03
843.20000000,5.814946683565e+13,-1.470495493184e-02,-1.670201155993e-02,1.316001237176e-02,1.491548670816e-02,-7.037245227761e-03,-6.597372164459e-03
843.40000000,3.994640329156e+13,-2.342898875092e-02,-2.661084258803e-02,1.803364462349e-02,2.043923509210e-02,-6.317159017763e-03,-5.922295971418e-03
843.60000000,6.789514376215e+13,-3.140649817257e-02,-3.567176492322e-02,-8.699801404463e-03,-9.860307767672e-03,7.197678861060e-03,6.747777664384e-03
843.80000000,3.530074284689e+13,-6.612808500227e-02,-7.510883544107e-02,-1.952873726786e-02,-2.213376499334e-02,-3.141706204510e-02,-2.945329371325e-02
844.00000000,7.397399342098e+13,-3.388796667001e-02,-3.849023772520e-02,1.146580790645e-02,1.299528454806e-02,-1.564829784274e-02,-1.467017863774e-02
844.20000000,6.641145690864e+13,-2.364716753380e-02,-2.685865188570e-02,2.147659022925e-02,2.434145098438e-02,2.884185914588e-03,2.703905754907e-03
844.40000000,6.275527875957e+13,-1.499116791151e-03,-1.702709467083e-03,4.217524713838e-02,4.780119655935e-02,-1.377771054994e-02,-1.291651507519e-02
844.60000000,5.294145633341e+13,-2.283531189621e-02,-2.593653942041e-02,3.144797370168e-02,3.564296297720e-02,1.938480601590e-03,1.817313103120e-03
844.80000000,4.696692424680e+13,-2.774292405406e-02,-3.151064660890e-02,1.585234062943e-02,1.796695696571e-02,4.503138030998e-03,4.221662957151e-03
845.00000000,6.061285558628e+13,-4.677740243663e-02,-5.313016733892e-02,-4.166149647988e-02,-4.721891434702e-02,-2.150867553999e-02,-2.016424505745e-02
845.20000000,6.736501272048e+13,-3.793795966987e-02,-4.309025385683e-02,-1.221665874125e-02,-1.384629481537e-02,-5.302147216571e-02,-4.970728932463e-02
845.40000000,5.161966620904e+13,-5.001059447696e-02,-5.680245406700e-02,-6.830736336573e-02,-7.741919548172e-02,-6.715825424665e-02,-6.296043165196e-02
845.60000000,5.648446601718e+13,-3.025532085003e-02,-3.436424803264e-02,-3.198164276221e-02,-3.624782059846e-02,-2.569761972620e-02,-2.409135330479e-02
845.80000000,7.970900930576e+13,-1.228036676807e-02,-1.394814391959e-02,2.342501034616e-03,2.654977978642e-03,-3.460951118708e-03,-3.244619426227e-03
846.00000000,3.961563869513e+13,-3.328620116124e-03,-3.780674739624e-03,1.660356482621e-02,1.881839039946e-02,-4.469084611850e-03,-4.189738095600e-03
846.20000000,5.762969365562e+13,-4.827655275889e-03,-5.483291489093e-03,1.543800832532e-02,1.749735497749e-02,2.268380135190e-02,2.126591795222e-02
846.40000000,5.063906789830e+13,-2.593640107047e-02,-2.945878260150e-02,-5.621026708708e-03,-6.370841211356e-03,-2.811630596679e-04,-2.635885610761e-04
846.60000000,7.906962563880e+13,-1.949740976265e-03,-2.214532208727e-03,-5.589087688082e-02,-6.334641698456e-02,-1.033644605236e-02,-9.690351729715e-03
846.80000000,5.313894895316e+13,-2.559447004985e-02,-2.907041447079e-02,-9.199250815982e-02,-1.042638102418e-01,-3.661926551863e-02,-3.433032602907e-02
847.00000000,3.830707578160e+13,-3.639240807688e-03,-4.133480335105e-03,-3.114301211237e-02,-3.529732116446e-02,-1.354753086494e-02,-1.270072310013e-02
847.20000000,4.044843177659e+13,1.397758382330e-02,1.587585733372e-02,-9.586119843889e-03,-1.086485628397e-02,3.947105750846e-02,3.700386268775e-02
847.40000000,3.068474880136e+13,1.956513154462e-02,2.222224105714e-02,2.082229404707e-02,2.359987523713e-02,6.581872940149e-02,6.170463572031e-02
847.60000000,6.032726346608e+13,-1.210679283251e-03,-1.375099718288e-03,-1.488838277890e-02,-1.687441236159e-02,4.405896262532e-02,4.130499424300e-02
847.80000000,7.684511005920e+13,1.070965278232e-02,1.216411375637e-02,-9.703013866947e-03,-1.099734333625e-02,3.237736369977e-02,3.035357034153e-02
848.00000000,4.779132103020e+13,-7.769542963919e-04,-8.824712282368e-04,-1.050932384035e-02,-1.191121069072e-02,3.488296151707e-03,3.270255218886e-03
848.20000000,4.533809321418e+13,2.643402551675e-02,3.002398863531e-02,1.237904244481e-02,1.403033962503e-02,2.051084470542e-02,1.922878506426e-02
848.40000000,6.375703771576e+13,2.511280674249e-02,2.852333723289e-02,-1.205780763350e-02,-1.366625383065e-02,5.553931753891e-02,5.206775317689e-02
848.60000000,5.574693922711e+13,5.005908809601e-03,5.685753352761e-03,6.308395037016e-03,7.149900749819e-03,2.540198651472e-02,2.381419906942e-02
848.80000000,5.829169343126e+13,2.685688438918e-02,3.050427530114e-02,4.305095179626e-03,4.879371547316e-03,4.339366591758e-02,4.068128285613e-02
849.00000000,5.050908759618e+13,1.792975202733e-02,2.036476323901e-02,-4.396269783349e-03,-4.982708349101e-03,1.384602190959e-02,1.298055653574e-02
849.20000000,3.388653563331e+13,7.749647762335e-03,8.802115144987e-03,-3.480831726139e-02,-3.945155815810e-02,-2.329335550887e-02,-2.183737105606e-02
849.40000000,4.281945699753e+13,1.666518474366e-02,1.892845707635e-02,-5.190335925063e-03,-5.882698611082e-03,-1.369491617575e-02,-1.283889588160e-02
849.60000000,6.258515769464e+13,4.480381652379e-03,5.088855185058e-03,1.537242315179e-02,1.742302109722e-02,-1.237904966192e-02,-1.160527948349e-02
849.80000000,5.225041499981e+13,9.832576837662e-03,1.116792351746e-02,3.430603283364e-02,3.888227170956e-02,2.050500431961e-03,1.922330974011e-03
850.00000000,5.177031288843e+13,5.349998109339e-02,6.076572875059e-02,5.678064390423e-02,6.435487410725e-02,6.477941962816e-02,6.073028948867e-02
850.20000000,6.826878254554e+13,8.483776923270e-03,9.635945223981e-03,1.728144718260e-02,1.958669858875e-02,-5.669083940102e-03,-5.314729752044e-03
850.40000000,6.857048174244e+13,-1.977017204414e-02,-2.245512778199e-02,-1.592628289968e-02,-1.805076273411e-02,-5.398338275143e-02,-5.060907431543e-02
850.60000000,8.786881082938e+13,-1.273008012013e-04,-1.445893212935e-04,-1.350870894091e-02,-1.531069751005e-02,-4.709974248926e-02,-4.415570581881e-02
850.80000000,5.064421434189e+13,3.525570053518e-03,4.004372135933e-03,-2.544424443612e-02,-2.883836876176e-02,-3.092150704519e-02,-2.898871408634e-02
851.00000000,5.694295007701e+13,8.234657024625e-03,9.352992746652e-03,-7.895326546964e-03,-8.948520323625e-03,-2.056948257311e-02,-1.928375768828e-02
851.20000000,5.402958155791e+13,3.356530277608e-02,3.812375335914e-02,2.629968528542e-03,2.980792078474e-03,-6.405505488954e-03,-6.005120220254e-03
851.40000000,3.445532864189e+13,1.199752534416e-02,1.362689025009e-02,1.319137943133e-02,1.495103796350e-02,-1.567854644638e-03,-1.469853650921e-03
851.60000000,4.866642267721e+13,-3.723525412540e-02,-4.229211498587e-02,-1.141271472976e-02,-1.293510902931e-02,1.713314823974e-02,1.606221634007e-02
851.80000000,3.059336758187e+13,-4.089678752394e-02,-4.645091543326e-02,-5.664337913284e-03,-6.419929895919e-03,-4.169901380621e-03,-3.909255739522e-03
852.00000000,6.546948706408e+13,1.622186303499e-02,1.842492854890e-02,2.847434294161e-02,3.227266598781e-02,-2.090861992895e-02,-1.960169677935e-02
852.20000000,6.826556259945e+13,-1.511151092300e-04,-1.716378127598e-04,2.382812504549e-02,2.700666780216e-02,1.064905046487e-02,9.983416356973e-03
852.40000000,3.977940270961e+13,2.004026417900e-02,2.276190070171e-02,1.446192841371e-02,1.639107129503e-02,2.377612223422e-02,2.228996175777e-02
852.60000000,6.235048274125e+13,2.665358710053e-02,3.027336852986e-02,2.071922551241e-02,2.348305791846e-02,4.992984052829e-02,4.680890453807e-02
852.80000000,6.659656823923e+13,1.891394564942e-02,2.148261863738e-02,-1.009661459937e-02,-1.144344827347e-02,2.382134002480e-02,2.233235314577e-02
853.00000000,4.087362850318e+13,-1.316562641832e-02,-1.495362928018e-02,-4.229713773289e-02,-4.793934669865e-02,-5.236039378729e-02,-4.908753259439e-02
853.20000000,5.863131910569e+13,-2.463956098173e-02,-2.798582071526e-02,-8.423194590576e-02,-9.546803103743e-02,-4.684162227604e-02,-4.391371977816e-02
853.40000000,4.772670204967e+13,-4.846128442896e-02,-5.504273467639e-02,-5.681904955236e-02,-6.439840286072e-02,-2.192072127451e-02,-2.055053528486e-02
853.60000000,6.074482876796e+13,-6.164909786858e-03,-7.002156416207e-03,5.790453503157e-04,6.562868622067e-04,3.032372311328e-03,2.842829549284e-03
853.80000000,5.658385454707e+13,-1.726534576857e-02,-1.961012501904e-02,1.188676618947e-02,1.347239638487e-02,2.083921902674e-02,1.953663387965e-02
854.00000000,6.425617091030e+13,-6.768902155992e-03,-7.688176031918e-03,-1.651271116177e-02,-1.871541734851e-02,6.542679037848e-03,6.133719540569e-03
854.20000000,6.484964393223e+13,1.685694239765e-02,1.914625703347e-02,-2.899249633095e-02,-3.285993823141e-02,-2.225509711101e-03,-2.086401048215e-03
854.40000000,8.287462724812e+13,3.546330036100e-02,4.027951498853e-02,-8.529401596253e-03,-9.667177548441e-03,-1.522105834716e-03,-1.426964435700e-03
854.60000000,5.560073497703e+13,8.012873088108e-03,9.101088685152e-03,-2.414970229197e-02,-2.737114171070e-02,-1.483935134296e-02,-1.391179649424e-02
854.80000000,5.365715175419e+13,2.786511024190e-02,3.164942670931e-02,-8.617263724347e-03,-9.766760008300e-03,2.724443836818e-02,2.554148583845e-02
855.00000000,6.152475019160e+13,2.964877156479e-02,3.367532425010e-02,2.010906788025e-02,2.279150856462e-02,8.025134961690e-03,7.523512439701e-03
855.20000000,1.045047759527e+14,-3.201577359608e-03,-3.636378507655e-03,-7.359179243474e-04,-8.340853875222e-04,1.606100814487e-03,1.505709189302e-03
855.40000000,5.624505514734e+13,1.368307834045e-02,1.554135552791e-02,-6.544775553420e-03,-7.417813146166e-03,-7.399554450247e-03,-6.937034731556e-03
855.60000000,3.816612238137e+13,5.372652210287e-03,6.102303593559e-03,-1.561515541026e-02,-1.769813252360e-02,-2.022682631832e-03,-1.896251965207e-03
855.80000000,7.415034100575e+13,2.734375345805e-02,3.105726528677e-02,-1.345472250656e-02,-1.524950957791e-02,-3.749265339772e-03,-3.514912155143e-03
856.00000000,5.211343482518e+13,2.220845097361e-02,2.522454550923e-02,1.413248137021e-02,1.601767780120e-02,1.978662792553e-02,1.854983648850e-02
856.20000000,2.989332673029e+13,4.287035628479e-02,4.869251144024e-02,4.439246678761e-02,5.031418129470e-02,4.285383453145e-02,4.017519440175e-02
856.40000000,4.246995014653e+13,4.307537998424e-02,4.892537908344e-02,1.864574042272e-02,2.113298115401e-02,2.447462432677e-02,2.294480297945e-02
856.60000000,5.074222320809e+13,3.918917679317e-02,4.451139679499e-02,1.314816103512e-02,1.490205446744e-02,5.275689744916e-03,4.945925222860e-03
856.80000000,4.382123292649e+13,-1.221421286866e-02,-1.387300576393e-02,-2.762772008786e-02,-3.131310823321e-02,-3.571772601763e-02,-3.348513854213e-02
857.00000000,3.347884809178e+13,2.375632813537e-03,2.698263741559e-03,-2.585100862454e-02,-2.929939308867e-02,-1.846401616547e-02,-1.730989646541e-02
857.20000000,6.028888166740e+13,-2.144585505566e-03,-2.435838264805e-03,-2.208754314458e-02,-2.503390170787e-02,-2.397280513520e-02,-2.247435071313e-02
857.40000000,4.707435858731e+13,1.727470092759e-02,1.962075068739e-02,7.689098942808e-03,8.714783074621e-03,1.090951888654e-02,1.022760382796e-02
857.60000000,8.950376906323e+13,-7.073572888290e-03,-8.034223613594e-03,-1.824342776704e-02,-2.067700217019e-02,-1.565620279593e-02,-1.467758948054e-02
857.80000000,7.181325862379e+13,3.095303411875e-02,3.515671663480e-02,-2.664660175344e-03,-3.020111402965e-03,1.871178875391e-02,1.754218167435e-02
858.00000000,4.843039659330e+13,3.401579145597e-02,3.863542219281e-02,1.823954242347e-02,2.067259854285e-02,5.621697780319e-03,5.270305531854e-03
858.20000000,4.730857586976e+13,2.143507455049e-02,2.434613805956e-02,1.058867257653e-02,1.200114411832e-02,-3.287790587775e-02,-3.082282541582e-02
858.40000000,6.532791643578e+13,1.612553727219e-02,1.831552093690e-02,3.677004572898e-03,4.167497057268e-03,-3.359906000031e-02,-3.149890277002e-02
858.60000000,3.084343311185e+13,7.424917828448e-03,8.433284153340e-03,-1.035693505717e-02,-1.173849406966e-02,-2.615171015680e-02,-2.451706016452e-02
858.80000000,5.035267688345e+13,7.813911331108e-03,8.875106247205e-03,6.478073980186e-03,7.342213944519e-03,-3.909356510262e-03,-3.664996598386e-03
859.00000000,4.217260175502e+13,8.075564617929e-04,9.172294252302e-04,2.002412531237e-02,2.269523511849e-02,-1.125812297142e-02,-1.055441791665e-02
859.20000000,8.261971687951e+13,9.110334812908e-03,1.034759494778e-02,2.527769643704e-03,2.864960416213e-03,-3.795698900331e-04,-3.558443319682e-04
859.40000000,7.577139054828e+13,-5.985213586933e-03,-6.798055960113e-03,-2.690147728021e-02,-3.048998857052e-02,-7.118959101404e-02,-6.673978395730e-02
859.60000000,4.654142700751e+13,-6.081064367730e-03,-6.906924083567e-03,6.418838190498e-03,7.275076421484e-03,-7.772706979071e-02,-7.286862828643e-02
859.80000000,2.555115758857e+13,2.265893946018e-02,2.573621412332e-02,-2.110760122601e-04,-2.392324084761e-04,-6.083014419729e-02,-5.702786915882e-02
860.00000000,1.823875663248e+13,1.283155263500e-02,1.457418546571e-02,3.055014347012e-02,3.462536705808e-02,-1.059981009516e-02,-9.937253826896e-03
860.20000000,4.315090616268e+13,1.931073542690e-02,2.193329580579e-02,1.685785889607e-02,1.910660592022e-02,-2.072133614182e-02,-1.942611943281e-02
860.40000000,3.106888563423e+13,5.578090409110e-03,6.335642028631e-03,1.128880106531e-02,1.279466595351e-02,7.773885783499e-03,7.287967950218e-03
860.60000000,2.655974002271e+13,-8.887786334532e-03,-1.009482251320e-02,-3.035447850364e-02,-3.440360144538e-02,-3.779711225647e-02,-3.543454977441e-02
860.80000000,5.194775943770e+13,2.331784772613e-02,2.648460767678e-02,-4.285110408834e-03,-4.856720916397e-03,-7.337075611533e-03,-6.878461221886e-03
861.00000000,5.975342030669e+13,1.118022971409e-02,1.269859899557e-02,-4.149878210743e-02,-4.703449475904e-02,-3.810506006180e-02,-3.572324886236e-02
861.20000000,4.926874518891e+13,1.764222713364e-02,2.003819004511e-02,-5.639914631025e-03,-6.392248680156e-03,-1.511747317571e-03,-1.417253392463e-03
861.40000000,4.701658099849e+13,3.359668451476e-02,3.815939700201e-02,4.550675347339e-02,5.157710778605e-02,1.617627303183e-02,1.516515198360e-02
861.60000000,4.397173466914e+13,-2.373253955314e-03,-2.695561814370e-03,2.685771979430e-02,3.044039407311e-02,7.365033480867e-03,6.904671544670e-03
861.80000000,9.615860645225e+13,-8.639617828775e-03,-9.812950635919e-03,-4.019178086363e-03,-4.555314663193e-03,-1.349843811284e-03,-1.265469896061e-03
862.00000000,5.058697123276e+13,7.198529455162e-03,8.176150333809e-03,1.790502452948e-02,2.029345777455e-02,4.419365832653e-02,4.143127059704e-02
862.20000000,5.815637781750e+13,2.075825706059e-02,2.357740305884e-02,-1.112220927199e-02,-1.260585171772e-02,6.116436263452e-05,5.734119679563e-05
862.40000000,4.529651611373e+13,1.820637524294e-02,2.067895421519e-02,-1.618370874831e-02,-1.834252779596e-02,-2.976393619682e-02,-2.790349885705e-02
862.60000000,4.189681321558e+13,1.813249435377e-03,2.059503967954e-03,-6.543632969587e-03,-7.416518147841e-03,1.930214479645e-02,1.809563666932e-02
862.80000000,7.030039222538e+13,1.029455429923e-03,1.169264140606e-03,3.099715068070e-02,3.513200260823e-02,6.273166220443e-02,5.881053006724e-02
863.00000000,3.685938693878e+13,1.385151302977e-02,1.573266506549e-02,5.995069720986e-02,6.794779534537e-02,6.298249237301e-02,5.904568173791e-02
863.20000000,6.030646852520e+13,4.165798093747e-02,4.731548531811e-02,3.156213141337e-02,3.577234870900e-02,3.505717652523e-02,3.286587763912e-02
863.40000000,6.935985583174e+13,1.560878329239e-02,1.772858741794e-02,3.506833101920e-03,3.974625634219e-03,2.538662271264e-02,2.379979560372e-02
863.60000000,5.953186859662e+13,2.495193207720e-02,2.834061443423e-02,1.722334482821e-02,1.952084569514e-02,3.181502119723e-02,2.982637786023e-02
863.80000000,3.312129227362e+13,9.947425724705e-03,1.129836984987e-02,9.264733398943e-03,1.050059862886e-02,1.817687483654e-02,1.704070331532e-02
864.00000000,5.250403275943e+13,-3.650541662067e-03,-4.146315940611e-03,1.228596701447e-02,1.392484843665e-02,1.404119445800e-02,1.316352954527e-02
864.20000000,2.669732297659e+13,2.358519447392e-02,2.678826236275e-02,1.572238891209e-02,1.781967039348e-02,9.433977777546e-02,8.844293523293e-02
864.40000000,5.409836514530e+13,1.976244444535e-01,2.244635071026e-01,1.527117777762e-01,1.730827013878e-01,8.085399998632e-02,7.580010524441e-02
864.60000000,5.639713912442e+13,2.514737777368e-01,2.856260330104e-01,1.437013333136e-01,1.628703124614e-01,-4.444596053816e-07,-4.166780226693e-07
864.80000000,5.594147128653e+13,8.979111110350e-03,1.019854996211e-02,2.693644443837e-02,3.052962015810e-02,-8.980311109175e-02,-8.418983937939e-02
865.00000000,8.004859579083e+13,4.489444439097e-03,5.099148774480e-03,-8.977722223407e-03,-1.017530171781e-02,2.469055554851e-02,2.314723711179e-02
865.20000000,4.904945467138e+13,-2.706797222186e-02,-3.074403063789e-02,-1.598791666897e-02,-1.812061811423e-02,-1.683065277568e-02,-1.577862878700e-02
865.40000000,7.590027809437e+13,-2.495932638391e-02,-2.834901295001e-02,-2.958643402656e-02,-3.353310399708e-02,-4.487319433082e-03,-4.206833123289e-03
865.60000000,6.739378061548e+13,4.485666697815e-03,5.094857984141e-03,-2.243122221842e-02,-2.542342570776e-02,6.280466666209e-02,5.887897127701e-02
865.80000000,5.322806277480e+13,1.883784444489e-01,2.139618224885e-01,8.888949668741e-07,1.007468739013e-06,3.588622228298e-02,3.364310270777e-02
866.00000000,5.478490699227e+13,2.152479999787e-01,2.444804897777e-01,3.588177779143e-02,4.066821250578e-02,3.946311110745e-01,3.699641298789e-01
866.20000000,7.571157714934e+13,8.967155554527e-02,1.018497074120e-01,1.165715555354e-01,1.321215693436e-01,1.793471110883e-01,1.681367637726e-01
866.40000000,6.504234339707e+13,2.913872221540e-02,3.309600590679e-02,-2.241111114705e-03,-2.540063192845e-03,4.482622221128e-02,4.202429517277e-02
866.60000000,3.396269756605e+13,-1.106343055719e-02,-1.256593753026e-02,-2.345898611277e-02,-2.658828773618e-02,-1.967800000159e-02,-1.844799850808e-02
866.80000000,4.434995808789e+13,-2.072388628321e-02,-2.353836444064e-02,-3.325559179345e-02,-3.769170752695e-02,-2.906206716681e-02,-2.724550115315e-02
867.00000000,5.969791499058e+13,-1.181824637029e-02,-1.342326368287e-02,-1.312167879674e-02,-1.487203964196e-02,-3.506207051644e-02,-3.287046572443e-02
867.20000000,5.470209140878e+13,-2.960438451102e-03,-3.362490906089e-03,5.806683836185e-03,6.581263993565e-03,-1.802086752758e-02,-1.689444746602e-02
867.40000000,7.087502239140e+13,2.461930496178e-02,2.796281375734e-02,4.330270024348e-02,4.907904579901e-02,2.645806748729e-03,2.480426819254e-03
867.60000000,6.280145162513e+13,2.924764802411e-02,3.321972475697e-02,2.169870505928e-02,2.459319472910e-02,5.056554585537e-02,4.740487419579e-02
867.80000000,7.124163990200e+13,4.926308848513e-02,5.595343047090e-02,2.819661445886e-02,3.195789003047e-02,8.474743751932e-02,7.945017790393e-02
868.00000000,4.475449782063e+13,3.631437133679e-02,4.124616856495e-02,-4.468699211768e-03,-5.064799470776e-03,-2.242987074057e-05,-2.102785963608e-05
868.20000000,4.293233029889e+13,1.965169281671e-02,2.232055807844e-02,-2.060347569758e-02,-2.335186770558e-02,-1.208870669334e-03,-1.133308481681e-03
868.40000000,6.773193329017e+13,-3.627647976531e-03,-4.120313099919e-03,-1.199642785470e-02,-1.359668632199e-02,-9.555504864286e-03,-8.958224385916e-03
868.60000000,6.647142585151e+13,-1.348594808779e-02,-1.531745332800e-02,1.309516351837e-02,1.484198736915e-02,-1.547882472697e-02,-1.451129868111e-02
868.80000000,8.306400887708e+13,-2.435372342012e-02,-2.766116400734e-02,1.768989257088e-02,2.004962837846e-02,-9.093489785575e-03,-8.525088219533e-03
869.00000000,5.582147484183e+13,1.807265417252e-02,2.052707269809e-02,4.307005792360e-02,4.881537025435e-02,3.276697058536e-02,3.071882429232e-02
869.20000000,7.233913370477e+13,1.946669048997e-02,2.211043087885e-02,2.425997088790e-02,2.749611953978e-02,2.858713566259e-02,2.680025592089e-02
869.40000000,6.666955758053e+13,3.671866097704e-02,4.170536414061e-02,1.607676782377e-02,1.822132153160e-02,3.786879916001e-02,3.550175578565e-02
869.60000000,4.170827540030e+13,1.167856129016e-02,1.326460819334e-02,2.911475282207e-03,3.299850307595e-03,3.536373562957e-03,3.315327482883e-03
869.80000000,5.092841985433e+13,-7.425623406624e-03,-8.434085554969e-03,-2.439667329535e-03,-2.765105730759e-03,-4.854824629914e-03,-4.551366882935e-03
870.00000000,5.989365685697e+13,-1.345205529590e-02,-1.527895760975e-02,1.117967014514e-02,1.267097755997e-02,2.246881683297e-02,2.106437134767e-02
870.20000000,7.113171614736e+13,-7.256994113059e-03,-8.242554984252e-03,-9.818100293028e-04,-1.112778166792e-03,2.649831024750e-02,2.484199552155e-02
870.40000000,6.239823762560e+13,1.738472212049e-04,1.974571368421e-04,-2.120999054771e-02,-2.403928835002e-02,2.104849078547e-02,1.973282480823e-02
870.60000000,4.921022868025e+13,1.675896959928e-02,1.903497870460e-02,-2.179114413822e-02,-2.469796468024e-02,1.812471441325e-02,1.699180325379e-02
870.80000000,3.819396774796e+13,2.580346559967e-02,2.930779337506e-02,2.408659883321e-02,2.729962059249e-02,1.015451029182e-02,9.519788123721e-03
871.00000000,5.383276186534e+13,3.296713192851e-02,3.744434587661e-02,2.631280592258e-02,2.982279164379e-02,7.380343073084e-03,6.919024188961e-03
871.20000000,8.114460087721e+13,1.741043240567e-02,1.977491564243e-02,1.704599096734e-02,1.931983379031e-02,9.334221010317e-03,8.750772195269e-03
871.40000000,5.349990578783e+13,-1.610741982630e-03,-1.829494298938e-03,1.032289865329e-03,1.169991739395e-03,8.276725108922e-03,7.759376585468e-03
871.60000000,6.813083606433e+13,2.134813754698e-02,2.424739427937e-02,-6.066413045261e-03,-6.875639671661e-03,2.139684457390e-02,2.005940424560e-02
871.80000000,4.575327107329e+13,7.904375136922e-03,8.977855799139e-03,-1.108449521720e-02,-1.256310681239e-02,2.666143416802e-02,2.499492314845e-02
872.00000000,5.093493486358e+13,3.818836110595e-02,4.337466191517e-02,6.386074680853e-03,7.237942437197e-03,4.182651466330e-02,3.921208862915e-02
872.20000000,5.902300062579e+13,2.555165422789e-03,2.902178389990e-03,5.102870050726e-02,5.783565263086e-02,4.714844081989e-02,4.420136019074e-02
872.40000000,5.097083023813e+13,3.562538708404e-02,4.046361445258e-02,2.637274629045e-02,2.989072773192e-02,5.394026982070e-02,5.056865622001e-02
872.60000000,4.944867702127e+13,1.179550373777e-02,1.339743240946e-02,1.603366952215e-02,1.817247415009e-02,3.694798742109e-02,3.463850069955e-02
872.80000000,4.676080462697e+13,1.068047001107e-02,1.213096771920e-02,1.872593742538e-03,2.122387600224e-03,2.474987767336e-02,2.320285122251e-02
873.00000000,5.108718447726e+13,-6.219822316538e-03,-7.064526529530e-03,9.192971894381e-04,1.041926452846e-03,2.510355484192e-02,2.353442129453e-02
873.20000000,4.671511043860e+13,1.075637778934e-02,1.221718441255e-02,-1.435722695741e-02,-1.627240323184e-02,7.878422285259e-03,7.385970248640e-03
873.40000000,3.666349499500e+13,2.629552218587e-02,2.986667538652e-02,-1.168364282304e-02,-1.324217746208e-02,2.211760866769e-02,2.073511595035e-02
873.60000000,6.580978020839e+13,1.335424091437e-02,1.516785921206e-02,-9.100302893556e-03,-1.031423398510e-02,9.431804661706e-03,8.842256241162e-03
873.80000000,7.583428167115e+13,-7.447328376409e-04,-8.458738242304e-04,-3.479343826092e-02,-3.943469437959e-02,-2.113757381075e-02,-1.981633957179e-02
874.00000000,4.431261560267e+13,-8.588513820679e-03,-9.754906273462e-03,-3.033908248003e-02,-3.438615167565e-02,-2.516483501695e-02,-2.359187106470e-02
874.20000000,5.357699847366e+13,6.252174950549e-03,7.101272923501e-03,2.570420546429e-03,2.913300718237e-03,4.898708128269e-02,4.592507380553e-02
874.40000000,7.120106930787e+13,2.053059034561e-02,2.331881728805e-02,-4.698380086780e-03,-5.325118529876e-03,-3.558299250764e-03,-3.335882674259e-03
874.60000000,3.835964086436e+13,1.827827216858e-02,2.076061534838e-02,2.287784844627e-03,2.592962945416e-03,-1.668829246715e-02,-1.564516691287e-02
874.80000000,7.540664980180e+13,-4.771779837448e-03,-5.419827695896e-03,-2.172420748245e-02,-2.462209903732e-02,-3.692599473443e-02,-3.461788269718e-02
875.00000000,9.403313501053e+13,2.934033491926e-02,3.332499931249e-02,-9.887350738464e-03,-1.120626974751e-02,-1.820503521761e-02,-1.706710349155e-02
875.20000000,8.523474123830e+13,1.910277708238e-02,2.169709496803e-02,6.785047980237e-03,7.690136612687e-03,-7.562628844972e-03,-7.089915928342e-03
875.40000000,6.539288290061e+13,4.904501865304e-02,5.570574492047e-02,6.559906312713e-02,7.434962266755e-02,2.496682051280e-02,2.340623373994e-02
875.60000000,8.182830371602e+13,8.941946973412e-02,1.015633862262e-01,8.589071340162e-02,9.734806912839e-02,5.838839376543e-02,5.473874382492e-02
875.80000000,5.153870689361e+13,3.323720663377e-02,3.775109899963e-02,1.035612714855e-02,1.173757839041e-02,1.298485851510e-02,1.217322138911e-02
876.00000000,5.998440766489e+13,-7.592790039804e-03,-8.623954823713e-03,-2.588378488529e-02,-2.933654152499e-02,-3.439523268915e-02,-3.224530954788e-02
876.20000000,5.418684572361e+13,-1.192694308883e-02,-1.354672233051e-02,-1.165154331508e-02,-1.320579605370e-02,-4.609509887283e-02,-4.321385888642e-02
876.40000000,2.436638251589e+13,-1.832245916232e-02,-2.081080330772e-02,-2.542605274868e-02,-2.881775040180e-02,-4.702250576969e-02,-4.408329689070e-02
876.60000000,5.393176353582e+13,-1.333374950120e-02,-1.514458489254e-02,-1.782333301508e-02,-2.020086905481e-02,-3.420474679189e-02,-3.206673024368e-02
876.80000000,4.884128053295e+13,-1.812058823267e-02,-2.058151660700e-02,-2.288237140943e-02,-2.593475575608e-02,-4.209330841011e-02,-3.946220605179e-02
877.00000000,7.320300778660e+13,-1.279766242676e-02,-1.453569268199e-02,-1.541711559999e-02,-1.747367527581e-02,-1.482575128356e-02,-1.389904652597e-02
877.20000000,4.485889783037e+13,1.675071481877e-02,1.902560285543e-02,-8.699545143733e-03,-9.860017323149e-03,-3.565520514687e-02,-3.342652562768e-02
877.40000000,6.054277874063e+13,2.024567192415e-03,2.299520454725e-03,1.426903053699e-02,1.617244188688e-02,-1.563593407190e-02,-1.465858768206e-02
877.60000000,6.855851650101e+13,3.718420098125e-03,4.223412839511e-03,-2.846373774132e-03,-3.226064611127e-03,-2.380836935942e-02,-2.232019323035e-02
877.80000000,5.807929058310e+13,5.626084271428e-03,6.390153861340e-03,3.488432991921e-02,3.953771049256e-02,-7.897038529401e-03,-7.403422857854e-03
878.00000000,5.911853609692e+13,-4.658971675392e-03,-5.291699236105e-03,1.850423098761e-03,2.097259512710e-03,-7.005540782713e-03,-6.567649451028e-03
878.20000000,6.103508409482e+13,-3.377756198395e-03,-3.836483915368e-03,-7.894822152479e-03,-8.947948645648e-03,-1.372777181712e-02,-1.286969783418e-02
878.40000000,1.626077158278e+13,1.396568954002e-02,1.586234770667e-02,-1.730656760160e-02,-1.961516993552e-02,-4.798061628838e-02,-4.498151934308e-02
878.60000000,5.640553678786e+13,3.236096443000e-02,3.675585573064e-02,5.141324854890e-02,5.827149729739e-02,5.463933334076e-03,5.122402377637e-03
878.80000000,4.759717119820e+13,8.090464380696e-02,9.189217528236e-02,9.858097410282e-02,1.117311418387e-01,1.836494886494e-02,1.721702150798e-02
879.00000000,6.378207136144e+13,4.817978068188e-02,5.472300035149e-02,3.465242868768e-02,3.927487489341e-02,2.707682690523e-02,2.538435116937e-02
879.20000000,8.341036796272e+13,1.328803789611e-02,1.509266526679e-02,2.164120612926e-02,2.452802575340e-02,3.716671891176e-02,3.484356006601e-02
879.40000000,4.479269273973e+13,1.466424716610e-02,1.665577533703e-02,2.875088285199e-02,3.258609482367e-02,3.490877948115e-02,3.272675636421e-02
879.60000000,7.456019636005e+13,3.710921406300e-03,4.214895762231e-03,-1.687906973703e-02,-1.913064617242e-02,-1.707786907124e-02,-1.601039247494e-02
879.80000000,5.625530844679e+13,1.918033153204e-02,2.178518196461e-02,-1.110053952596e-02,-1.258129134500e-02,-4.149688618035e-02,-3.890306404529e-02
880.00000000,4.359894889458e+13,1.140396243233e-02,1.295271649976e-02,-2.999822676747e-02,-3.399982765813e-02,-8.394179411087e-02,-7.869489238733e-02
880.20000000,9.356740530407e+13,3.773704884844e-02,4.286205765511e-02,-1.334704273246e-02,-1.512746590547e-02,-3.549159497309e-03,-3.327314214147e-03
880.40000000,6.498745762185e+13,3.512069832123e-02,3.989038470862e-02,1.567889128849e-02,1.777037042261e-02,2.778511042077e-02,2.604836241223e-02
880.60000000,6.977431906442e+13,3.260399527024e-02,3.703189220419e-02,9.645123129143e-03,1.093173028774e-02,4.153227127727e-02,3.893623734619e-02
880.80000000,3.983298960349e+13,1.361715813644e-02,1.546648280545e-02,1.399715676224e-02,1.586430162385e-02,3.913841158184e-02,3.669200926985e-02
881.00000000,5.271430273892e+13,2.875336365951e-02,3.265831241605e-02,1.087691563256e-02,1.232783723604e-02,2.084594320976e-02,1.954293775801e-02
881.20000000,6.289910826616e+13,2.267335050900e-02,2.575258231385e-02,6.241503277870e-03,7.074085992488e-03,-1.875302891820e-03,-1.758084406327e-03
881.40000000,4.660949156622e+13,2.898738467290e-02,3.292411545245e-02,-1.795950604782e-03,-2.035520683219e-03,3.254571615536e-03,3.051139968645e-03
881.60000000,6.504714933625e+13,2.479630020139e-02,2.816384643998e-02,-8.112439418062e-04,-9.194594875190e-04,-6.389064730833e-03,-5.989707115200e-03
881.80000000,6.417606089250e+13,3.852533785448e-02,4.375740294195e-02,-2.695193271069e-02,-3.054717448201e-02,3.405710862790e-02,3.192832041398e-02
882.00000000,8.881796985875e+13,7.980679704199e-03,9.064523168787e-03,6.228034174997e-03,7.058820184280e-03,-9.377984647018e-03,-8.791800323356e-03
882.20000000,7.845008075538e+13,1.193095322235e-02,1.355127707391e-02,-1.486560801773e-02,-1.684859957070e-02,-9.147204515043e-03,-8.575445433122e-03
882.40000000,4.445915569842e+13,2.295338897999e-02,2.607065236584e-02,2.752748386177e-02,3.119950103775e-02,6.118891930976e-02,5.736421852049e-02
882.60000000,5.396459811210e+13,1.164257400783e-02,1.322373353522e-02,2.087085931518e-02,2.365491884883e-02,3.644855776150e-02,3.417028860410e-02
882.80000000,7.009755095307e+13,4.761335981704e-03,5.407965476654e-03,2.239873925791e-02,2.538660969635e-02,1.720080479979e-02,1.612564393021e-02
883.00000000,5.523478986023e+13,2.373837963976e-02,2.696225136324e-02,1.015266678125e-02,1.150697751266e-02,1.765798113352e-02,1.655424380427e-02
883.20000000,5.570836968512e+13,2.895648782384e-02,3.288902255127e-02,2.443705101368e-02,2.769682119474e-02,2.232538058112e-02,2.092990078359e-02
883.40000000,6.959133788210e+13,5.071578026359e-03,5.760341001789e-03,6.923680382564e-03,7.847261826236e-03,4.767178477690e-04,4.469199178632e-04
883.60000000,6.510723334769e+13,-1.529906044418e-03,-1.737680160049e-03,-4.110440869464e-02,-4.658751407008e-02,-6.461031588069e-03,-6.057175581243e-03
883.80000000,5.636157632496e+13,-1.035796405253e-02,-1.176466273746e-02,-5.015215503088e-03,-5.684218073791e-03,-2.406721112926e-02,-2.256285572570e-02
884.00000000,3.343665598872e+13,-9.621308056640e-03,-1.092796265806e-02,-6.797782279301e-03,-7.704569598238e-03,-4.495201605802e-03,-4.214222609546e-03
884.20000000,5.524036094312e+13,-6.355165915339e-03,-7.218250928021e-03,6.654358293545e-03,7.542013629997e-03,1.061371740219e-03,9.950291837838e-04
884.40000000,6.681439796861e+13,-2.708140116873e-02,-3.075928334876e-02,-1.733874629208e-03,-1.965164108893e-03,-2.224867578756e-02,-2.085799053270e-02
884.60000000,7.227539952962e+13,-1.531858994329e-02,-1.739898336993e-02,-3.849531726488e-03,-4.363038398224e-03,-5.008664082783e-02,-4.695590381095e-02
884.80000000,5.972594086612e+13,-1.370275335697e-02,-1.556370257725e-02,4.074562143197e-04,4.618086653088e-04,-6.171326606365e-02,-5.785579023168e-02
885.00000000,5.755044224600e+13,0.000000000000e+00,4.698214110269e-16,0.000000000000e+00,4.714848216764e-16,0.000000000000e+00,3.166522489141e-16
