wavelength_nm,measurement,init_raw,init_fit,opt_raw,opt_fit,truth_raw,truth_fit
270.00000000,-4.186378821922e+12,-1.843326958549e-02,-2.093666271887e-02,7.027730305983e-03,7.973887951666e-03,-6.104672580290e-03,-5.723091302185e-03
270.20000000,1.436617403645e+13,-5.695982530377e-03,-6.469544892077e-03,1.161510314940e-02,1.317886814489e-02,1.923119778102e-03,1.802912429841e-03
270.40000000,-9.409173216356e+12,-3.750756835934e-03,-4.260141178441e-03,1.593986816405e-02,1.808588508245e-02,-4.115173339840e-03,-3.857948553091e-03
270.60000000,-8.071650145629e+12,-1.120187717024e-03,-1.272318635843e-03,-2.610203450518e-02,-2.961620457712e-02,-1.368810763888e-02,-1.283251292205e-02
270.80000000,-1.735665062467e+13,-3.902324218746e-02,-4.432292687342e-02,-2.176440972220e-02,-2.469459653442e-02,-3.546046006941e-02,-3.324395336941e-02
271.00000000,7.138461257223e+12,-1.663166469996e-02,-1.889038472863e-02,-1.240710144042e-02,-1.407749477902e-02,-1.472122226290e-02,-1.380105124104e-02
271.20000000,-2.444097516778e+13,-1.983606143526e-02,-2.252996550692e-02,-4.144724358447e-03,-4.702737041097e-03,-1.629268781872e-02,-1.527429009798e-02
271.40000000,4.534313120179e+12,-1.779137878416e-02,-2.020759774494e-02,2.915880499946e-03,3.308451430929e-03,-1.224779256184e-02,-1.148222679590e-02
271.60000000,-4.300444078988e+12,-1.492444356280e-02,-1.695130859406e-02,1.165770568847e-02,1.322720635057e-02,-8.753112792950e-03,-8.205986976945e-03
271.80000000,-2.239873671749e+13,1.126148037380e-02,1.279088417863e-02,2.261105414495e-02,2.565522642031e-02,1.085129326714e-02,1.017301768405e-02
272.00000000,8.104237801819e+12,1.755234781899e-02,1.993610436316e-02,2.833475918236e-02,3.214952552536e-02,1.947469278970e-02,1.825739930382e-02
272.20000000,9.187779590973e+12,1.346308186847e-02,1.529148168367e-02,9.799946424686e-03,1.111933317308e-02,2.709724799258e-02,2.540349580749e-02
272.40000000,1.006936854451e+13,-1.142232937286e-03,-1.297357782537e-03,7.853403049027e-03,8.910722697895e-03,-5.722968207534e-04,-5.365245906382e-04
272.60000000,3.771008986020e+12,-7.808308241097e-03,-8.868742210417e-03,-1.162570461696e-02,-1.319089690962e-02,-1.356707492403e-02,-1.271904552990e-02
272.80000000,6.183136745491e+12,-1.022540283202e-02,-1.161409858765e-02,-1.385862698023e-02,-1.572444215882e-02,-1.525186292858e-02,-1.429852345407e-02
273.00000000,-5.785421389967e+12,-5.741872829850e-03,-6.521667480404e-03,1.580874972881e-03,1.793711390520e-03,-1.112814466686e-02,-1.043256409164e-02
273.20000000,-6.705857201014e+12,1.118239339188e-03,1.270105651902e-03,1.226729600692e-02,1.391886705525e-02,8.140197753902e-03,7.631383067757e-03
273.40000000,-3.488115740294e+13,-2.959673394092e-03,-3.361621947899e-03,-5.675367567283e-04,-6.439453862859e-04,1.193162095811e-02,1.118581794981e-02
273.60000000,1.363854969678e+13,-3.917826334632e-04,-4.449900121018e-04,-2.238962131088e-03,-2.540398163275e-03,2.108953247067e-02,1.977130112428e-02
273.80000000,1.008708443471e+12,-4.213663737083e-04,-4.785914732317e-04,-1.443127983939e-02,-1.637419243884e-02,1.070521308049e-02,1.003606844809e-02
274.00000000,-9.949488855323e+12,-9.917605929888e-03,-1.126450027597e-02,-9.499278428815e-03,-1.077818563250e-02,3.980699327025e-04,3.731880030501e-04
274.20000000,-1.449287399454e+13,-3.211008707665e-03,-3.647090712147e-03,-1.322252604164e-02,-1.500270165522e-02,-1.965242919917e-02,-1.842402604519e-02
274.40000000,-3.032005126173e+13,8.927404106983e-03,1.013982071255e-02,-1.239974636493e-03,-1.406914947473e-03,3.384801567934e-03,3.173229711879e-03
274.60000000,1.335246201233e+13,1.189999728732e-02,1.351611706239e-02,5.558648681629e-03,6.307020875893e-03,1.403484293618e-02,1.315757503439e-02
274.80000000,4.561930789856e+12,1.180157199435e-02,1.340432478634e-02,8.976772732253e-04,1.018533392974e-03,8.968638780382e-03,8.408041204727e-03
275.00000000,1.161300884675e+12,1.287137654621e-02,1.461941779921e-02,4.910177951390e-03,5.571245210390e-03,1.493070882161e-02,1.399744354321e-02
275.20000000,-2.009010676684e+13,1.360977511932e-02,1.545809711248e-02,8.875339084187e-03,1.007024406302e-02,2.146962483719e-02,2.012763527460e-02
275.40000000,-5.308893163288e+12,-1.820052083330e-03,-2.067230472746e-03,4.391080729154e-03,4.982260871790e-03,4.222092013911e-03,3.958184122742e-03
275.60000000,-7.974608861004e+12,-9.967013888732e-04,-1.132061825141e-03,-1.330121527755e-03,-1.509198498323e-03,2.241419270832e-02,2.101316158195e-02
275.80000000,-2.399800763180e+12,7.661458333367e-03,8.701948849415e-03,1.130208333330e-02,1.282370583336e-02,2.861041666661e-02,2.682208171249e-02
276.00000000,-1.643182034965e+13,3.183480902771e-02,3.615824399690e-02,-8.335937500078e-04,-9.458221744947e-04,9.668489583299e-03,9.064146833707e-03
276.20000000,-5.525914646833e+12,7.913932291637e-03,8.988710895892e-03,-5.868446180574e-03,-6.658527043138e-03,-4.929752604183e-03,-4.621611377163e-03
276.40000000,-1.265719954014e+13,-4.758203124998e-03,-5.404407151641e-03,-1.986473795569e-02,-2.253916808859e-02,-1.708833007809e-02,-1.602019960162e-02
276.60000000,-2.542921234329e+13,-6.213772243879e-03,-7.057654806090e-03,-7.336892361090e-03,-8.324673123974e-03,-5.324278428800e-03,-4.991476801665e-03
276.80000000,5.130604495122e+12,1.315265842014e-02,1.493890011871e-02,-2.514973957736e-04,-2.853570024342e-04,1.971777343719e-03,1.848528584829e-03
277.00000000,-3.589090281905e+12,1.819635416664e-02,2.066757219240e-02,2.963732638886e-02,3.362746000804e-02,-1.246067708323e-02,-1.168180466626e-02
277.20000000,-7.785934244527e+12,1.485677083322e-02,1.687444533832e-02,3.037482638875e-02,3.446425113510e-02,3.173315972202e-02,2.974963325343e-02
277.40000000,2.146286273894e+11,-3.281302083328e-02,-3.726930519774e-02,-2.637873263884e-02,-2.993015514411e-02,-5.664583333317e-02,-5.310510462114e-02
277.60000000,-1.049353395360e+13,-2.321599392356e-02,-2.636892127068e-02,-1.518515625000e-02,-1.722956476615e-02,-3.895855034726e-03,-3.652339051860e-03
277.80000000,-7.597229623137e+12,-1.007323133681e-02,-1.144126092280e-02,-2.027919650603e-02,-2.300942603776e-02,-7.319680446994e-03,-6.862153366950e-03
278.00000000,5.173691631514e+12,-1.566370307072e-02,-1.779096576433e-02,-6.662041558128e-03,-7.558965782825e-03,1.368699951168e-02,1.283147405992e-02
278.20000000,-5.586288876359e+12,-9.254332139739e-03,-1.051114832339e-02,4.275469292562e-03,4.851084432004e-03,1.145297580302e-03,1.073709119373e-03
278.40000000,-1.722618861892e+13,-5.302635362419e-03,-6.022777868529e-03,1.802429741748e-02,2.045094529198e-02,4.770437282927e-03,4.472254287591e-03
278.60000000,-1.353925050627e+13,-9.994852701833e-03,-1.135223780961e-02,1.018843587199e-03,1.156012574598e-03,-1.929566786020e-02,-1.808956458322e-02
278.80000000,-2.082287082781e+13,-1.775283745656e-02,-2.016382218072e-02,-1.463234320744e-02,-1.660232537766e-02,-8.661073133693e-03,-8.119700388038e-03
279.00000000,-1.163067153120e+13,-1.166967502170e-02,-1.325451509484e-02,-9.040562608480e-03,-1.025771196693e-02,-1.687103542744e-02,-1.581648726344e-02
279.20000000,6.365066637338e+12,-1.528102756075e-02,-1.735631969974e-02,-1.817523871541e-03,-2.062220812430e-03,5.891563585034e-03,5.523302989033e-03
279.40000000,-2.354946269271e+12,-1.752835015191e-02,-1.990884761093e-02,-7.757619900139e-03,-8.802044068573e-03,-5.704212782076e-03,-5.347662815581e-03
279.60000000,-8.718994894133e+12,-2.248476833763e-02,-2.553838909661e-02,2.855444335955e-03,3.239878623080e-03,8.539898003446e-03,8.006099482366e-03
279.80000000,9.963585293306e+11,-1.446725802947e-02,-1.643203341790e-02,9.924007161473e-03,1.126009645956e-02,2.352199978316e-03,2.205172359344e-03
280.00000000,-5.236144938187e+12,-5.479421657994e-03,-6.223573230773e-03,1.853385145391e-02,2.102910162624e-02,9.135034179611e-03,8.564035821887e-03
280.20000000,-2.504522815558e+13,-9.990112304675e-03,-1.134685362662e-02,-2.508553059892e-03,-2.846284667947e-03,-1.468740776901e-02,-1.376935037038e-02
280.40000000,-1.853583319136e+13,-8.927213541633e-03,-1.013960426682e-02,-2.183604600755e-03,-2.477587735877e-03,1.180425075947e-02,1.106640920734e-02
280.60000000,-1.990084146937e+13,-9.821506077816e-05,-1.115534925522e-04,-2.422103678376e-02,-2.748196430111e-02,-1.241260036885e-02,-1.163673305556e-02
280.80000000,-8.780352828562e+12,-4.692838541666e-03,-5.330165507822e-03,-9.294759114421e-04,-1.054613146623e-03,7.857326931397e-03,7.366193489999e-03
281.00000000,4.256261223217e+12,-5.832975260432e-03,-6.625142387725e-03,3.962604437920e-03,4.496097944716e-03,1.794715711772e-03,1.682534443060e-03
281.20000000,-3.298422210028e+12,-1.265673014320e-02,-1.437562060833e-02,8.588460286633e-04,9.744742188622e-04,-8.242792426168e-03,-7.727564913510e-03
281.40000000,2.768295328201e+12,-7.799357096339e-03,-8.858575424874e-03,6.730858018660e-03,7.637047143609e-03,4.350979275188e-03,4.079015101681e-03
281.60000000,-3.459978260556e+12,-5.533131239193e-03,-6.284577025089e-03,7.796219889213e-03,8.845840852801e-03,1.050431315096e-02,9.847726055576e-03
281.80000000,-4.328417265241e+12,-2.008917371958e-02,-2.281745256950e-02,-2.211989067926e-02,-2.509793661679e-02,-1.070606282546e-02,-1.003686507854e-02
282.00000000,-1.509773308123e+13,-1.580759684242e-02,-1.795440152115e-02,-3.055094129769e-02,-3.466407675296e-02,4.689472113670e-03,4.396349961870e-03
282.20000000,-9.053050427648e+12,-1.087015245228e-02,-1.234641063218e-02,-2.420096028641e-02,-2.745918486403e-02,-7.198236762131e-03,-6.748300693051e-03
282.40000000,-1.768489555131e+13,-2.209905870216e-02,-2.510029684674e-02,-1.679491644959e-02,-1.905605026030e-02,-2.872676595033e-03,-2.693115841806e-03
282.60000000,-2.087175434376e+13,-1.453511556019e-03,-1.650910657233e-03,-4.517799207979e-03,-5.126039717528e-03,2.018592664879e-03,1.892417647479e-03
282.80000000,1.984424829026e+11,-9.751531304274e-03,-1.107587131861e-02,-2.739769558369e-02,-3.108630314572e-02,-1.149053276907e-02,-1.077230060797e-02
283.00000000,4.887937119717e+12,-1.794865993923e-02,-2.038623900446e-02,-1.472662760415e-02,-1.670930347475e-02,-6.630164930570e-03,-6.215737002622e-03
283.20000000,6.235581879205e+12,-2.078432888450e-02,-2.360701565583e-02,-1.474102783188e-02,-1.672564243447e-02,-1.245120985226e-02,-1.167292919808e-02
283.40000000,-5.478100162570e+12,-1.218364393445e-02,-1.383828531121e-02,2.187658148865e-02,2.482187021426e-02,2.894825303811e-02,2.713880113911e-02
283.60000000,-1.654014532184e+13,-1.306351725256e-02,-1.483765283042e-02,1.016869032120e-02,1.153772181147e-02,1.508380669484e-02,1.414097181523e-02
283.80000000,-6.588808981338e+12,-5.171535915803e-03,-5.873874013806e-03,1.880954182928e-02,2.134190875839e-02,8.529364691760e-03,7.996224570370e-03
284.00000000,-2.875981665198e+13,-7.526829698341e-03,-8.549036512795e-03,-1.334476250538e-02,-1.514139506305e-02,-9.515512424044e-03,-8.920731730266e-03
284.20000000,-1.261986724273e+13,-7.101790364602e-03,-8.066273260651e-03,-4.772639974021e-03,-5.415190214979e-03,-1.167063802091e-02,-1.094114812383e-02
284.40000000,-8.719663964074e+12,-1.368797743058e-02,-1.554691995571e-02,-2.166371527772e-02,-2.458034539177e-02,-3.390407986104e-02,-3.178485692874e-02
284.60000000,-7.297383390794e+12,-2.315898437491e-02,-2.630416934556e-02,-1.253103298607e-02,-1.421811148109e-02,-2.578832465275e-02,-2.417638859037e-02
284.80000000,-1.105916295127e+13,-6.959548611103e-03,-7.904713880002e-03,-4.864496527721e-03,-5.519413603605e-03,-2.584088541653e-02,-2.422566396855e-02
285.00000000,-2.189047187541e+12,-6.633767361132e-03,-7.534688794700e-03,7.246408420127e-03,8.222007145736e-03,9.366319448651e-05,8.780864274905e-05
285.20000000,-4.959246316132e+12,-1.307530653213e-02,-1.485104319336e-02,6.244117567325e-03,7.084775833883e-03,9.983965386248e-03,9.359903371041e-03
285.40000000,6.462313418636e+12,-1.791909179681e-02,-2.035265525947e-02,1.968261650925e-02,2.233252726086e-02,3.877252875403e-03,3.634899647073e-03
285.60000000,-1.298546492362e+13,-7.128088378878e-03,-8.096142766574e-03,5.915310329880e-03,6.711700608323e-03,-2.478811306411e-03,-2.323869665554e-03
285.80000000,7.427967852919e+11,-2.485738118452e-03,-2.823322273463e-03,1.143732435438e-02,1.297715462858e-02,-2.359836154426e-04,-2.212331225357e-04
286.00000000,-8.128339315667e+11,5.214012993705e-03,5.922119836350e-03,1.313402981231e-02,1.490229099828e-02,1.642599826363e-03,1.539926778314e-03
286.20000000,-1.814395127877e+13,5.956100124743e-03,6.764988644757e-03,2.123014933262e-02,2.408840758037e-02,-3.780950249660e-03,-3.544616554488e-03
286.40000000,6.120616763606e+12,-1.420829264380e-03,-1.613789835355e-03,1.296545071068e-02,1.471101574882e-02,-2.532667778858e-02,-2.374359762275e-02
286.60000000,-6.777015746877e+12,-1.429734429260e-02,-1.623904396567e-02,6.582754177443e-03,7.469003780580e-03,-2.004239773218e-02,-1.878961903810e-02
286.80000000,2.858396110657e+12,-3.074581705722e-02,-3.492135775250e-02,-7.497728813993e-03,-8.507163316134e-03,-1.884544270825e-02,-1.766748139739e-02
287.00000000,-7.375207942126e+10,-2.331686333537e-02,-2.648348959747e-02,-3.701081678514e-03,-4.199365843521e-03,-5.996447753834e-03,-5.621631223070e-03
287.20000000,1.353658048338e+13,-7.798875596110e-04,-8.858028532857e-04,1.387108561207e-02,1.573857812165e-02,7.621803114195e-03,7.145391425358e-03
287.40000000,-1.618706109248e+13,1.308917304147e-02,1.486679289137e-02,3.632799886066e-02,4.121891134276e-02,1.880977918835e-02,1.763404707674e-02
287.60000000,-2.072356515530e+13,2.016018880202e-02,2.289811209776e-02,4.115130004878e-02,4.669158339428e-02,1.963000217002e-02,1.840300084952e-02
287.80000000,2.515894674811e+12,1.213394165035e-02,1.378183303866e-02,4.054460042306e-02,4.600320256218e-02,5.487603076232e-05,5.144592608786e-05
288.00000000,8.416828855798e+12,6.510708957187e-03,7.394918023912e-03,2.669419962553e-02,3.028809409379e-02,-1.042275526251e-02,-9.771266059425e-03
288.20000000,1.191213089673e+13,-4.198473442916e-03,-4.768661468373e-03,9.281327989433e-03,1.053089208153e-02,2.051073540514e-03,1.922868259595e-03
288.40000000,3.013616538729e+12,-3.195253499201e-03,-3.629195813787e-03,2.418984442811e-02,2.744657245508e-02,-1.077085774721e-02,-1.009760990117e-02
288.60000000,-1.202466328580e+13,2.497682562926e-02,2.836888874015e-02,1.772340291337e-02,2.010954074790e-02,2.243451063361e-02,2.103220950630e-02
288.80000000,-1.002085193822e+13,1.509083184133e-02,1.714029380104e-02,1.327658487956e-02,1.506403854460e-02,1.405020751951e-02,1.317197923250e-02
289.00000000,-9.901176498882e+12,1.191476609971e-02,1.353289160379e-02,1.635091586651e-02,1.855227297434e-02,1.222784356007e-02,1.146352473499e-02
289.20000000,1.975385953966e+12,1.218420342333e-02,1.383892078339e-02,3.383613993313e-02,3.839156837221e-02,7.529293823214e-03,7.058664559728e-03
289.40000000,-1.114142590750e+12,3.506294081096e-03,3.982478324241e-03,1.453729790590e-02,1.649448393359e-02,3.841838921576e-03,3.601699293008e-03
289.60000000,-7.222782942812e+12,3.200564490446e-02,3.635228082337e-02,3.268642595105e-02,3.708706605491e-02,2.968932495155e-02,2.783355129422e-02
289.80000000,-1.136650426762e+13,7.544941609734e-02,8.569608174175e-02,8.385829433870e-02,9.514830731414e-02,1.008707902699e-01,9.456571746409e-02
290.00000000,-1.319848129255e+13,1.487468967026e-01,1.689479770422e-01,1.084726182738e-01,1.230765078168e-01,1.729828721802e-01,1.621703307067e-01
290.20000000,-7.087544667413e+12,3.938795680873e-01,4.473717280949e-01,3.448208414807e-01,3.912447737252e-01,4.541847373381e-01,4.257952716805e-01
290.40000000,-7.817175947471e+12,1.521590058730e+00,1.728234793522e+00,1.363700366910e+00,1.547298124991e+00,1.751892478932e+00,1.642387937546e+00
290.60000000,-1.388093102928e+13,6.167607556822e+00,7.005220566035e+00,5.563376737635e+00,6.312385479710e+00,7.156357662390e+00,6.709039306250e+00
290.80000000,-9.715336139215e+12,2.432508722902e+01,2.762863878051e+01,2.193563014564e+01,2.488886871222e+01,2.823148112979e+01,2.646683208259e+01
291.00000000,-1.256107231412e+13,9.257408956235e+01,1.051464299746e+02,8.345322501935e+01,9.468870268725e+01,1.074323341521e+02,1.007171226749e+02
291.20000000,-1.642817818074e+13,3.400542066052e+02,3.862364295606e+02,3.065323844136e+02,3.478014636944e+02,3.946608307170e+02,3.699919918526e+02
291.40000000,9.588006238481e+12,1.205966510381e+03,1.369746911204e+03,1.087082839505e+03,1.233439016437e+03,1.399589153688e+03,1.312105834794e+03
291.60000000,-3.346224607184e+13,4.129050611892e+03,4.689810432675e+03,3.722059949930e+03,4.223168462348e+03,4.791937928273e+03,4.492411004393e+03
291.80000000,1.036277490200e+13,1.364863666487e+04,1.550223638294e+04,1.230331889516e+04,1.395973977831e+04,1.583976173574e+04,1.484967480667e+04
292.00000000,-9.413282900493e+12,4.355620241340e+04,4.947150124480e+04,3.926294080860e+04,4.454899050325e+04,5.054857460684e+04,4.738896375938e+04
292.20000000,-1.991293883255e+13,1.341934105584e+05,1.524180050060e+05,1.209661695615e+05,1.372520913622e+05,1.557363571473e+05,1.460018337268e+05
292.40000000,2.335545589557e+13,3.991469867256e+05,4.533545065118e+05,3.598036305071e+05,4.082447261562e+05,4.632246747475e+05,4.342701548916e+05
292.60000000,-6.994317272878e+12,1.146185967688e+06,1.301847667734e+06,1.033208006757e+06,1.172310905219e+06,1.330190671817e+06,1.247045204144e+06
292.80000000,-9.615324947265e+11,3.177590881501e+06,3.609134463965e+06,2.864380147764e+06,3.250017481434e+06,3.687710252222e+06,3.457204656252e+06
293.00000000,-9.952522025154e+12,8.504752265670e+06,9.659769194395e+06,7.666450605713e+06,8.698600466339e+06,9.870075504517e+06,9.253132339021e+06
293.20000000,-2.176774185275e+13,2.197587985600e+07,2.496038927667e+07,1.980974785533e+07,2.247677455902e+07,2.550381086524e+07,2.390965874349e+07
293.40000000,3.898130767399e+12,5.482162653281e+07,6.226686476288e+07,4.941793485096e+07,5.607117207795e+07,6.362249902751e+07,5.964568386243e+07
293.60000000,1.143146858678e+13,1.320318547658e+08,1.499628917463e+08,1.190176579928e+08,1.350412477121e+08,1.532277876968e+08,1.436500659924e+08
293.80000000,-1.712824825491e+13,3.069918329251e+08,3.486839073010e+08,2.767320737880e+08,3.139890765499e+08,3.562752297886e+08,3.340057377312e+08
294.00000000,5.499179606842e+12,6.891223628613e+08,7.827109789907e+08,6.211965274395e+08,7.048294812265e+08,7.997516606417e+08,7.497620409167e+08
294.20000000,4.243932712917e+12,1.493438814638e+09,1.696260373578e+09,1.346232622247e+09,1.527478662284e+09,1.733190266988e+09,1.624854734070e+09
294.40000000,-1.310270544414e+12,3.124641938948e+09,3.548994609426e+09,2.816650317282e+09,3.195861686654e+09,3.626261044875e+09,3.399596419369e+09
294.60000000,8.806798573725e+10,6.311535111480e+09,7.168694693827e+09,5.689415850408e+09,6.455393494960e+09,7.324766918974e+09,6.866921901735e+09
294.80000000,-6.250670192038e+12,1.230812505822e+10,1.397967201914e+10,1.109493024414e+10,1.258866330186e+10,1.428402847627e+10,1.339118487642e+10
295.00000000,-7.504759804674e+12,2.317241210195e+10,2.631942067094e+10,2.088833958410e+10,2.370057928918e+10,2.689243022491e+10,2.521148046690e+10
295.20000000,-1.133341941636e+13,4.211855064134e+10,4.783860426366e+10,3.796698352833e+10,4.307855585464e+10,4.888011568730e+10,4.582479424744e+10
295.40000000,-1.711162998399e+12,7.390927656599e+10,8.394677830113e+10,6.662414169631e+10,7.559388559773e+10,8.577441374168e+10,8.041296151083e+10
295.60000000,-4.210463677711e+12,1.252127588954e+11,1.422177052712e+11,1.128707109369e+11,1.280667246535e+11,1.453139779774e+11,1.362309202517e+11
295.80000000,1.744276607717e+13,2.047969038913e+11,2.326100468914e+11,1.846103571537e+11,2.094648255650e+11,2.376742837106e+11,2.228181131694e+11
296.00000000,-2.633019532808e+13,3.233887652071e+11,3.673076809739e+11,2.915127832013e+11,3.307597429779e+11,3.753044683304e+11,3.518455265411e+11
296.20000000,3.471379834124e+12,4.930098052403e+11,5.599646856756e+11,4.444145126040e+11,5.042469436514e+11,5.721558778299e+11,5.363924575537e+11
296.40000000,1.073500421340e+13,7.256360195878e+11,8.241834975784e+11,6.541110836850e+11,7.421753912221e+11,8.421270923200e+11,7.894887357190e+11
296.60000000,-7.164993598920e+12,1.031146132813e+12,1.171184455175e+12,9.295074888300e+11,1.054648975339e+12,1.196682732309e+12,1.121882369067e+12
296.80000000,1.068903034260e+12,1.414712494027e+12,1.606842356113e+12,1.275266245874e+12,1.446957938110e+12,1.641825497775e+12,1.539200850241e+12
297.00000000,-2.942190401231e+12,1.874027842138e+12,2.128536593828e+12,1.689307517249e+12,1.916742429200e+12,2.174877727986e+12,2.038933889517e+12
297.20000000,2.382051440743e+13,2.396982204319e+12,2.722512559274e+12,2.160714993354e+12,2.451616454009e+12,2.781785357365e+12,2.607905890758e+12
297.40000000,9.253156305614e+12,2.960520869812e+12,3.362584517954e+12,2.668706434288e+12,3.027999817349e+12,3.435792552393e+12,3.221033432030e+12
297.60000000,-1.401282700395e+13,3.531345411416e+12,4.010931836035e+12,3.183265592631e+12,3.611835123272e+12,4.098255272641e+12,3.842087973844e+12
297.80000000,-7.791183807170e+12,4.068826344629e+12,4.621407203105e+12,3.667767775810e+12,4.161566822241e+12,4.722021518038e+12,4.426864819232e+12
298.00000000,2.076606458274e+12,4.530012178904e+12,5.145225954746e+12,4.083495162124e+12,4.633264433357e+12,5.257244515731e+12,4.928632939068e+12
298.20000000,6.466441552350e+12,4.876058823533e+12,5.538268645843e+12,4.395432469001e+12,4.987198495237e+12,5.658844280327e+12,5.305130136827e+12
298.40000000,-6.962686195641e+12,5.078931998974e+12,5.768693705772e+12,4.578308716950e+12,5.194695744942e+12,5.894286006939e+12,5.525855242068e+12
298.60000000,1.711532946593e+12,5.127017360163e+12,5.823309463668e+12,4.621654370786e+12,5.243877112444e+12,5.950090824103e+12,5.578171899437e+12
298.80000000,-2.996460293778e+12,5.028405500155e+12,5.711305283211e+12,4.532762545033e+12,5.143017599127e+12,5.835648160433e+12,5.470882637902e+12
299.00000000,-7.392434605405e+12,4.811087074682e+12,5.464473186733e+12,4.336864895310e+12,4.920745849805e+12,5.583442193790e+12,5.234441165396e+12
299.20000000,1.789932507965e+13,4.519967393326e+12,5.133817002755e+12,4.074440477126e+12,4.622990697675e+12,5.245587175351e+12,4.917704257397e+12
299.40000000,-7.524791378671e+12,4.211289617148e+12,4.783218186920e+12,3.796188641172e+12,4.307277250283e+12,4.887355346860e+12,4.581864220959e+12
299.60000000,-5.993129251008e+12,3.945544047760e+12,4.481382132849e+12,3.556637243936e+12,4.035474560502e+12,4.578947911720e+12,4.292734233010e+12
299.80000000,5.405818205426e+12,3.780116216116e+12,4.293487809523e+12,3.407515404187e+12,3.866276143726e+12,4.386962873642e+12,4.112749493923e+12
300.00000000,-5.570330786286e+12,3.762781833457e+12,4.273799271823e+12,3.391889647583e+12,3.848546659682e+12,4.366845689722e+12,4.093889763314e+12
300.20000000,-2.916853922541e+12,3.926791569891e+12,4.460082910675e+12,3.539733171798e+12,4.016294658701e+12,4.557184976536e+12,4.272331621170e+12
300.40000000,1.288743315086e+13,4.287858719097e+12,4.870186017275e+12,3.865210432952e+12,4.385591586480e+12,4.976216585063e+12,4.665171060560e+12
300.60000000,1.622645607537e+12,4.843013592586e+12,5.500735594444e+12,4.365644460631e+12,4.953400066625e+12,5.620494083394e+12,5.269177073724e+12
300.80000000,5.984877628703e+12,5.571102001949e+12,6.327704536967e+12,5.021966205432e+12,5.698083744772e+12,6.465467263580e+12,6.061333998522e+12
301.00000000,1.680308863152e+13,6.434679978890e+12,7.308563670546e+12,5.800422499077e+12,6.581345194846e+12,7.467681033406e+12,7.000902965340e+12
301.20000000,2.166510672919e+13,7.383124575512e+12,8.385815024948e+12,6.655380227422e+12,7.551407623598e+12,8.568385613692e+12,8.032806433848e+12
301.40000000,4.902458586768e+12,8.356846603654e+12,9.491776698789e+12,7.533123825924e+12,8.547323630617e+12,9.698425576086e+12,9.092211634510e+12
301.60000000,1.806483391362e+13,9.292479406300e+12,1.055447630978e+13,8.376532601053e+12,9.504282247057e+12,1.078426160173e+13,1.011017592862e+13
301.80000000,2.095697271128e+13,1.012880103935e+13,1.150437745859e+13,9.130419170818e+12,1.035966610128e+13,1.175484338939e+13,1.102009011550e+13
302.00000000,3.345171069722e+13,1.081295429428e+13,1.228144448297e+13,9.747136388412e+12,1.105941321405e+13,1.254882821887e+13,1.176444578926e+13
302.20000000,6.864900135303e+12,1.130632905028e+13,1.284182368279e+13,1.019187987909e+13,1.156403342676e+13,1.312140763538e+13,1.230123531161e+13
302.40000000,1.410421921223e+13,1.158934561943e+13,1.316327628374e+13,1.044699989759e+13,1.185350077301e+13,1.344985869627e+13,1.260915606986e+13
302.60000000,2.989719657632e+13,1.166438901425e+13,1.324851120310e+13,1.051464636908e+13,1.193025462674e+13,1.353694929565e+13,1.269080294695e+13
302.80000000,2.961979288407e+13,1.155631614605e+13,1.312576112992e+13,1.041722609359e+13,1.181971846113e+13,1.341152678657e+13,1.257322015092e+13
303.00000000,2.472028247657e+13,1.131026873627e+13,1.284629841130e+13,1.019543123570e+13,1.156806290975e+13,1.312597978481e+13,1.230552167230e+13
303.20000000,9.637797083825e+12,1.098691437363e+13,1.247902980505e+13,9.903949464045e+12,1.123733835347e+13,1.275071524190e+13,1.195371357560e+13
303.40000000,5.716682349971e+12,1.065562766767e+13,1.210275157651e+13,9.605317229161e+12,1.089850065253e+13,1.236624492500e+13,1.159327512494e+13
303.60000000,1.282619723457e+13,1.038643663286e+13,1.179700213381e+13,9.362659981247e+12,1.062317396506e+13,1.205383890144e+13,1.130039648605e+13
303.80000000,2.056961007917e+13,1.024174139942e+13,1.163265607000e+13,9.232227156256e+12,1.047518070317e+13,1.188591480049e+13,1.114296872085e+13
304.00000000,1.097768375469e+13,1.026883963497e+13,1.166343447398e+13,9.256654356320e+12,1.050289658693e+13,1.191736329215e+13,1.117245147963e+13
304.20000000,-1.096726555867e+13,1.049417382700e+13,1.191937094556e+13,9.459777669601e+12,1.073336680562e+13,1.217887184852e+13,1.141761407020e+13
304.40000000,1.299720897390e+13,1.091998169215e+13,1.240300710216e+13,9.843614244137e+12,1.116888008001e+13,1.267303742146e+13,1.188089111826e+13
304.60000000,-2.960844354230e+12,1.152372622967e+13,1.308874522863e+13,1.038784852006e+13,1.178638572503e+13,1.337370499881e+13,1.253776246802e+13
304.80000000,-4.543301549342e+12,1.226035092008e+13,1.392540975101e+13,1.105186513653e+13,1.253980025109e+13,1.422858484480e+13,1.333920682832e+13
305.00000000,1.639416401460e+12,1.306708657442e+13,1.484170689622e+13,1.177908197646e+13,1.336492377544e+13,1.516483102404e+13,1.421693160302e+13
305.20000000,2.114608931469e+13,1.387025910176e+13,1.575395701182e+13,1.250308690189e+13,1.418640295868e+13,1.609694206433e+13,1.509077971152e+13
305.40000000,4.395234830354e+12,1.459333445929e+13,1.657523208787e+13,1.315488972442e+13,1.492595932284e+13,1.693609741484e+13,1.587748245840e+13
305.60000000,2.554615817801e+13,1.516530566296e+13,1.722488179438e+13,1.367048251994e+13,1.551096742662e+13,1.759989087827e+13,1.649978456340e+13
305.80000000,-3.436697696607e+12,1.552848994394e+13,1.763738955707e+13,1.399786823013e+13,1.588242974182e+13,1.802137949553e+13,1.689492743267e+13
306.00000000,3.464735421274e+12,1.564224128293e+13,1.776658928515e+13,1.410040725741e+13,1.599877380721e+13,1.815339207726e+13,1.701868837945e+13
306.20000000,1.238336957580e+13,1.548094111742e+13,1.758338319976e+13,1.395500622548e+13,1.583379713818e+13,1.796619734643e+13,1.684319452261e+13
306.40000000,1.167551122735e+13,1.506940340477e+13,1.711595520247e+13,1.358403321431e+13,1.541287927489e+13,1.748859280644e+13,1.639544333650e+13
306.60000000,2.738990595652e+13,1.444525766163e+13,1.640704521497e+13,1.302140865131e+13,1.477450742098e+13,1.676424888516e+13,1.571637556650e+13
306.80000000,-1.680653579940e+12,1.366472664005e+13,1.552051151216e+13,1.231781348983e+13,1.397618580978e+13,1.585841413891e+13,1.486716131475e+13
307.00000000,9.120493558467e+12,1.279801182198e+13,1.453608952802e+13,1.153652954913e+13,1.308971602076e+13,1.485255995043e+13,1.392417947883e+13
307.20000000,2.681256332253e+11,1.192175937021e+13,1.354083461928e+13,1.074664808606e+13,1.219349120744e+13,1.383563698985e+13,1.297082074024e+13
307.40000000,1.903299813312e+13,1.111091695872e+13,1.261987298473e+13,1.001572928633e+13,1.136416732091e+13,1.289462476900e+13,1.208862783218e+13
307.60000000,1.404592643425e+13,1.043085675380e+13,1.184745488099e+13,9.402701672480e+12,1.066860655075e+13,1.210539007349e+13,1.134872537846e+13
307.80000000,1.164817274813e+13,9.930595108306e+12,1.127925349412e+13,8.951750123459e+12,1.015694247615e+13,1.152481817029e+13,1.080444295123e+13
308.00000000,8.987723538778e+12,9.637817810227e+12,1.094671457512e+13,8.687831477533e+12,9.857491925354e+12,1.118503942713e+13,1.048590256367e+13
308.20000000,1.297674429830e+12,9.556235840891e+12,1.085405308781e+13,8.614290929750e+12,9.774050463830e+12,1.109036057332e+13,1.039714174683e+13
308.40000000,2.447266509142e+12,9.665564593379e+12,1.097822960493e+13,8.712843298758e+12,9.885871139017e+12,1.121724058196e+13,1.051609093933e+13
308.60000000,9.580384390086e+12,9.924153018557e+12,1.127193651438e+13,8.945943021560e+12,1.015035355229e+13,1.151734188995e+13,1.079743398647e+13
308.80000000,-4.381667811929e+12,1.027400488835e+13,1.166930121223e+13,9.261310477834e+12,1.050817957157e+13,1.192335775727e+13,1.117807125214e+13
309.00000000,1.625768124120e+12,1.064765613615e+13,1.209369744391e+13,9.598131440437e+12,1.089034742643e+13,1.235699367163e+13,1.158460213437e+13
309.20000000,-7.030960608213e+12,1.097613269860e+13,1.246678388782e+13,9.894230523768e+12,1.122631093246e+13,1.273820271441e+13,1.194198316151e+13
309.40000000,1.511957737835e+13,1.119705071107e+13,1.271770442550e+13,1.009337295419e+13,1.145226431392e+13,1.299458613318e+13,1.218234096853e+13
309.60000000,-3.603220753067e+12,1.126187095700e+13,1.279132780632e+13,1.015180395840e+13,1.151856200324e+13,1.306981239505e+13,1.225286510546e+13
309.80000000,1.437460671764e+13,1.114140419666e+13,1.265450064614e+13,1.004321143951e+13,1.139534945235e+13,1.293000632166e+13,1.212179781035e+13
310.00000000,1.973602961770e+13,1.082888225131e+13,1.229953559061e+13,9.761494348815e+12,1.107570421591e+13,1.256731319450e+13,1.178177533510e+13
310.20000000,1.239911641946e+13,1.034023314671e+13,1.174452382542e+13,9.321010708640e+12,1.057591736605e+13,1.200021806897e+13,1.125012730029e+13
310.40000000,1.814015554621e+13,9.711575768068e+12,1.103048948434e+13,8.754319215781e+12,9.932931043230e+12,1.127063822997e+13,1.056615089109e+13
310.60000000,9.135105508099e+12,8.994317343376e+12,1.021582132955e+13,8.107759959083e+12,9.199324196844e+12,1.043823364238e+13,9.785776941049e+12
310.80000000,9.005341505849e+12,8.248536442310e+12,9.368757106060e+12,7.435489646944e+12,8.436544763253e+12,9.572727679649e+12,8.974370664607e+12
311.00000000,5.504348382193e+12,7.535523439331e+12,8.558910936973e+12,6.792757346630e+12,7.707280104185e+12,8.745250058945e+12,8.198615714360e+12
311.20000000,6.910309283562e+12,6.910412986262e+12,7.848905223812e+12,6.229263163814e+12,7.067921551770e+12,8.019786556568e+12,7.518498344279e+12
311.40000000,9.027937048274e+12,6.415786459380e+12,7.287104252091e+12,5.783391287578e+12,6.562021036653e+12,7.445754414249e+12,6.980346900828e+12
311.60000000,1.045030579340e+13,6.076970059128e+12,6.902273733402e+12,5.477971549918e+12,6.215482017610e+12,7.052545612215e+12,6.611716176532e+12
311.80000000,-1.698730736240e+12,5.899534931518e+12,6.700741422272e+12,5.318025956711e+12,6.034002623402e+12,6.846625668805e+12,6.418667553272e+12
312.00000000,1.211198996626e+12,5.869244964259e+12,6.666337822557e+12,5.290721629510e+12,6.003022259013e+12,6.811473055972e+12,6.385712204708e+12
312.20000000,-2.341140340942e+13,5.954416058628e+12,6.763075868291e+12,5.367497527249e+12,6.090134652249e+12,6.910317220422e+12,6.478377973493e+12
312.40000000,-3.325236311981e+11,6.110366455904e+12,6.940205641905e+12,5.508076110189e+12,6.249639616150e+12,7.091303349913e+12,6.648051306482e+12
312.60000000,-5.022599600763e+12,6.285374912287e+12,7.138981719434e+12,5.665834225784e+12,6.428637028181e+12,7.294407052770e+12,6.838459722327e+12
312.80000000,9.957599364125e+12,6.427355064717e+12,7.300243971387e+12,5.793819591534e+12,6.573853324411e+12,7.459180203091e+12,6.992933491564e+12
313.00000000,6.502744083519e+12,6.490339490900e+12,7.371782212685e+12,5.850595730195e+12,6.638273350266e+12,7.532275929117e+12,7.061460264842e+12
313.20000000,7.985193380222e+12,6.439881089163e+12,7.314471135364e+12,5.805110943126e+12,6.586664853667e+12,7.473717111761e+12,7.006561749997e+12
313.40000000,-1.822261685157e+12,6.256639398750e+12,7.106343681338e+12,5.639931131958e+12,6.399246548071e+12,7.261058440232e+12,6.807195612443e+12
313.60000000,5.145836991275e+12,5.937711510196e+12,6.744102701606e+12,5.352439522985e+12,6.073049358199e+12,6.890930982115e+12,6.460203499698e+12
313.80000000,-3.940642299556e+12,5.495643042537e+12,6.241997615848e+12,4.953945130979e+12,5.620904854514e+12,6.377894386319e+12,5.979234989023e+12
314.00000000,3.122967985428e+13,4.955440027881e+12,5.628430485768e+12,4.466989178149e+12,5.068389029888e+12,5.750969066029e+12,5.391496531230e+12
314.20000000,-7.655143664968e+12,4.350215934432e+12,4.941011867214e+12,3.921421184069e+12,4.449370105513e+12,5.048584410003e+12,4.733015431249e+12
314.40000000,7.158519257385e+12,3.716283697264e+12,4.220986297435e+12,3.349974768176e+12,3.800988694685e+12,4.312882905112e+12,4.043299999624e+12
314.60000000,1.825778809029e+13,3.088509395063e+12,3.507954962011e+12,2.784079308141e+12,3.158905576209e+12,3.584327908563e+12,3.360284373631e+12
314.80000000,-3.324433400868e+13,2.496593711811e+12,2.835652147756e+12,2.250507932726e+12,2.553498399706e+12,2.897388148436e+12,2.716282764273e+12
315.00000000,2.683711863028e+12,1.962688453764e+12,2.229238062630e+12,1.769228975371e+12,2.007423876018e+12,2.277771604609e+12,2.135396237431e+12
315.20000000,-6.330309248634e+10,1.500457961572e+12,1.704232779735e+12,1.352559901623e+12,1.534657796170e+12,1.741336243265e+12,1.632491534466e+12
315.40000000,1.068490310892e+13,1.115428924834e+12,1.266913559627e+12,1.005482642953e+12,1.140852819213e+12,1.294495989455e+12,1.213581668881e+12
315.60000000,-6.849890295581e+12,8.062879861886e+11,9.157886799636e+11,7.268132978124e+11,8.246656525226e+11,9.357266440099e+11,8.772377137549e+11
315.80000000,1.584094246815e+13,5.667069290229e+11,6.436704990601e+11,5.108474131226e+11,5.796238408821e+11,6.576840805212e+11,6.165745977875e+11
316.00000000,1.557404427097e+13,3.872934568545e+11,4.398911675318e+11,3.491184780369e+11,3.961210098447e+11,4.494681960258e+11,4.213735445189e+11
316.20000000,-3.918449362226e+12,2.573538146398e+11,2.923046284079e+11,2.319868061127e+11,2.632196623471e+11,2.986684973869e+11,2.799997964101e+11
316.40000000,-2.732610255580e+12,1.662749671129e+11,1.888565069202e+11,1.498854742488e+11,1.700648609444e+11,1.929681697167e+11,1.809064186784e+11
316.60000000,3.759226664551e+12,1.044544445415e+11,1.186402371380e+11,9.415851483441e+10,1.068352674754e+11,1.212231963231e+11,1.136459673103e+11
316.80000000,1.716895081750e+13,6.380128210856e+10,7.246603313337e+10,5.751247823148e+10,6.525550032135e+10,7.404371715021e+10,6.941550886317e+10
317.00000000,5.056825258381e+12,3.789076629225e+10,4.303665122138e+10,3.415592601806e+10,3.875440790912e+10,4.397361760183e+10,4.122498383209e+10
317.20000000,-2.157276722458e+13,2.187954230733e+10,2.485096827817e+10,1.972290617180e+10,2.237824120274e+10,2.539200762807e+10,2.380484392733e+10
317.40000000,4.197242489389e+12,1.228410431854e+10,1.395238906087e+10,1.107327719550e+10,1.256409505918e+10,1.425615153093e+10,1.336505041937e+10
317.60000000,-1.046363582575e+13,6.705773254464e+09,7.616473694307e+09,6.044794486549e+09,6.858617480746e+09,7.782294676818e+09,7.295851233650e+09
317.80000000,2.471637291400e+12,3.559214095101e+09,4.042585321491e+09,3.208387298831e+09,3.640339015947e+09,4.130597897489e+09,3.872408976736e+09
318.00000000,-5.040614847881e+12,1.836788171749e+09,2.086239462813e+09,1.655738509514e+09,1.878653957577e+09,2.131659730949e+09,1.998417295106e+09
318.20000000,-1.311162696329e+13,9.216448938785e+08,1.046812026494e+09,8.307996351116e+08,9.426518822193e+08,1.069602546835e+09,1.002745512078e+09
318.40000000,1.645027290535e+13,4.496428106078e+08,5.107080882206e+08,4.053221424731e+08,4.598914881036e+08,5.218268973157e+08,4.892093618446e+08
318.60000000,-3.841693250154e+12,2.132902918187e+08,2.422569083747e+08,1.922665636259e+08,2.181518027093e+08,2.475311704730e+08,2.320588811474e+08
318.80000000,5.128816343400e+12,9.837253288266e+07,1.117323506941e+08,8.867608879295e+07,1.006147312490e+08,1.141649157967e+08,1.070288746886e+08
319.00000000,-1.244386250697e+13,4.411394382593e+07,5.010498863478e+07,3.976569359110e+07,4.511942991690e+07,5.119584233288e+07,4.799577309180e+07
319.20000000,5.597629835041e+12,1.923433279209e+07,2.184651705021e+07,1.733843129322e+07,1.967273961439e+07,2.232214539782e+07,2.092686782004e+07
319.40000000,-7.812572336914e+12,8.154127885943e+06,9.261527073250e+06,7.350386804139e+06,8.339984351378e+06,9.463163072380e+06,8.871654549592e+06
319.60000000,-3.658524761827e+12,3.361065735345e+06,3.817526746979e+06,3.029770151404e+06,3.437674278141e+06,3.900639471073e+06,3.656824430181e+06
319.80000000,-3.784320139127e+11,1.347024645157e+06,1.529961927745e+06,1.214250280570e+06,1.377727269116e+06,1.563271258973e+06,1.465556756323e+06
320.00000000,-7.157733439759e+12,5.248957675815e+05,5.961810300364e+05,4.731575180009e+05,5.368596784107e+05,6.091606920075e+05,5.710842329722e+05
320.20000000,-1.509743237419e+13,1.988701327966e+05,2.258783704057e+05,1.792677794320e+05,2.034029657225e+05,2.307960402919e+05,2.163698041788e+05
320.40000000,1.137708936628e+13,7.325969456910e+04,8.320897760255e+04,6.603859997540e+04,7.492951120227e+04,8.502054096943e+04,7.970621063286e+04
320.60000000,1.733210997608e+12,2.623816764464e+04,2.980153161594e+04,2.365194080392e+04,2.683624977033e+04,3.045035790248e+04,2.854701479368e+04
320.80000000,1.228442525204e+13,8.611067698945e+03,9.780523158198e+03,7.762312254181e+03,8.807368163798e+03,9.993451735666e+03,9.368796762640e+03
321.00000000,-3.291965905557e+12,8.717002497601e+02,9.900844793997e+02,7.857991118946e+02,8.915928469012e+02,1.011612561971e+03,9.483802740366e+02
321.20000000,-8.594799448950e+12,1.992180752788e+00,2.262735664051e+00,1.809312680717e+00,2.052904132260e+00,2.282872963931e+00,2.140178729003e+00
321.40000000,2.081360913342e+12,1.260556707939e-02,1.431750916989e-02,1.197787333763e-02,1.359047882247e-02,-2.201598785513e-02,-2.063984709180e-02
321.60000000,-7.796181955688e+12,1.103880310344e-02,1.253796546103e-02,8.974867982795e-03,1.018317273998e-02,-2.347830645123e-03,-2.201076137562e-03
321.80000000,-3.582193867567e+12,7.883199260169e-04,8.953804060123e-04,1.262956604404e-02,1.432991024536e-02,-7.110686551606e-03,-6.666222933471e-03
322.00000000,-8.992838879170e+11,2.680674456821e-02,3.044732607054e-02,4.703213653269e-02,5.336416887253e-02,1.905963775186e-02,1.786828787389e-02
322.20000000,-3.958073647432e+13,1.427277052748e-02,1.621113287645e-02,1.309906199465e-02,1.486261539210e-02,2.349060449256e-03,2.202229071032e-03
322.40000000,3.634663330259e+12,4.941116944432e-04,5.612162207056e-04,7.747599714146e-03,8.790674844531e-03,-4.116851836790e-03,-3.859522133191e-03
322.60000000,4.737019057968e+12,2.426281825814e-03,2.755791315936e-03,1.161935888446e-02,1.318369683823e-02,-3.757378386961e-03,-3.522518084731e-03
322.80000000,-3.375373183692e+12,-4.440800057328e-03,-5.043898076302e-03,1.334223118217e-02,1.513852294265e-02,-1.002839906991e-02,-9.401559663846e-03
323.00000000,-8.789716799747e+11,-1.922216049748e-03,-2.183269165555e-03,1.134271862583e-02,1.286981193810e-02,-1.533019812071e-02,-1.437196219313e-02
323.20000000,-2.128892983271e+12,-9.586677055986e-03,-1.088862847609e-02,-1.034171956650e-02,-1.173404633649e-02,-2.028656941037e-02,-1.901852841682e-02
323.40000000,-2.741260447686e+12,-2.265612608289e-02,-2.573301866572e-02,-1.066588740971e-02,-1.210185755673e-02,-1.021759085479e-02,-9.578925746017e-03
323.60000000,-1.671522444227e+13,3.844023668359e-03,4.366074431590e-03,1.803422126321e-02,2.046220520527e-02,6.012191028587e-03,5.636390441950e-03
323.80000000,-2.177169270832e+12,-8.803974768560e-03,-9.999628631259e-03,5.229687443891e-03,5.933770916666e-03,6.187279621023e-03,5.800534871861e-03
324.00000000,3.938219147204e+12,-1.382951892135e-02,-1.570768397205e-02,3.197097881128e-04,3.627529680948e-04,2.781433906824e-02,2.607576408134e-02
324.20000000,2.398621803496e+13,-2.745916959929e-02,-3.118835591127e-02,-5.165850467584e-03,-5.861339438211e-03,2.023942477486e-02,1.897433062409e-02
324.40000000,6.003519804356e+12,-3.514844532453e-02,-3.992189998847e-02,-8.150063872799e-03,-9.247323572630e-03,7.642192493672e-03,7.164506337551e-03
324.60000000,1.013279255160e+13,-3.664199462537e-02,-4.161828585321e-02,-2.318294539411e-03,-2.630411255320e-03,6.754431172729e-03,6.332235805842e-03
324.80000000,-1.933443793437e+13,-3.100383575065e-02,-3.521441755584e-02,-6.530188337895e-03,-7.409360894983e-03,-1.099747785865e-02,-1.031006479890e-02
325.00000000,-2.050919636283e+13,-3.699477012904e-02,-4.201897123902e-02,-1.718173552317e-02,-1.949494757365e-02,-6.546258499107e-03,-6.137075262489e-03
325.20000000,6.824785034999e+12,-3.938333587195e-02,-4.473192431061e-02,-1.141220009969e-02,-1.294864784430e-02,-7.794806666147e-03,-7.307581143216e-03
325.40000000,-1.341067718304e+13,-3.838283062403e-02,-4.359554203035e-02,-6.831352468355e-03,-7.751071365760e-03,5.548387461110e-03,5.201577578846e-03
325.60000000,-5.784645262901e+12,-2.938514652388e-02,-3.337589671013e-02,2.568917860129e-03,2.914776504195e-03,1.580011732248e-02,1.481250842408e-02
325.80000000,6.292256570653e+12,-2.575067280770e-02,-2.924783087767e-02,6.439940913537e-03,7.306963276062e-03,1.409776794096e-02,1.321656682189e-02
326.00000000,1.790480239664e+12,-2.801604096132e-02,-3.182085509057e-02,3.030330325949e-03,3.438309870127e-03,-6.209167796630e-03,-5.821054895792e-03
326.20000000,-2.308762798102e+13,-1.316774934992e-02,-1.495604052375e-02,3.275401281100e-03,3.716375227148e-03,1.297890908407e-02,1.216764383576e-02
326.40000000,1.818778972614e+12,-2.541924688170e-02,-2.887139452183e-02,3.785981165994e-03,4.295695521932e-03,-5.268548874163e-03,-4.939230702432e-03
326.60000000,-7.142307833843e+12,-2.807893586576e-02,-3.189229165231e-02,2.582387568739e-03,2.930059667112e-03,-5.773196680482e-04,-5.412334776893e-04
326.80000000,3.683054185147e+12,-6.621146975022e-02,-7.520354453951e-02,-3.082068831414e-02,-3.497014035967e-02,-5.700339042429e-02,-5.344031209563e-02
327.00000000,-6.283638151765e+12,-3.536578004112e-02,-4.016875058853e-02,-4.914721495032e-02,-5.576400460567e-02,1.277971127665e-02,1.198089717178e-02
327.20000000,8.809894741164e+12,-1.980468512750e-02,-2.249432803252e-02,-5.204031306550e-03,-5.904660641296e-03,2.368767639781e-02,2.220704435468e-02
327.40000000,-1.303013373188e+13,-8.860761576252e-03,-1.006412756532e-02,-9.825027328710e-03,-1.114779077030e-02,-5.427491291739e-03,-5.088238197201e-03
327.60000000,1.917350484627e+12,-1.112600566644e-02,-1.263701086594e-02,-3.229735431685e-03,-3.664561291410e-03,7.531697289133e-03,7.060917793577e-03
327.80000000,-6.990102071644e+12,2.205952949380e-03,2.505539923923e-03,9.444160987887e-03,1.071564761823e-02,9.074624012879e-03,8.507401678903e-03
328.00000000,1.108905339396e+13,1.843169925117e-02,2.093487911994e-02,4.277641041173e-02,4.853548567554e-02,5.055985745579e-02,4.739954135775e-02
328.20000000,-3.546053365811e+12,4.692425757569e-02,5.329696664172e-02,5.949981584242e-02,6.751039724280e-02,1.060394751589e-01,9.941132632231e-02
328.40000000,-6.173753463581e+12,4.546369469400e-02,5.163804702945e-02,3.048718137597e-02,3.459173270310e-02,1.233340494736e-01,1.156248785700e-01
328.60000000,1.021791595972e+12,3.726635833813e-02,4.232744341244e-02,3.213179092836e-02,3.645775938940e-02,3.556832447728e-02,3.334507555843e-02
328.80000000,7.745984084212e+12,1.239046704583e-02,1.407319674162e-02,-1.454216760609e-02,-1.650000925143e-02,4.321575789020e-03,4.051449522408e-03
329.00000000,5.813436036778e+12,9.428896860526e-03,1.070942040230e-02,-1.253147207906e-03,-1.421860969007e-03,4.675636769555e-03,4.383379415698e-03
329.20000000,-5.011767270714e+12,7.581916411129e-03,8.611604464758e-03,7.123561161460e-03,8.082620710410e-03,-5.100740115755e-03,-4.781911070126e-03
329.40000000,-1.417987186384e+13,1.279124345174e-02,1.452840195616e-02,1.960682579680e-02,2.224653269042e-02,-6.226305356507e-03,-5.837121248013e-03
329.60000000,-1.996167279284e+12,1.095572464669e-02,1.244360425071e-02,1.211764727227e-02,1.374907080663e-02,1.038696928030e-02,9.737716931140e-03
329.80000000,-4.849269201966e+12,2.026623240704e-02,2.301855731674e-02,1.784692559710e-02,2.024969354214e-02,1.776572822972e-02,1.665525601435e-02
330.00000000,-9.102257302227e+12,4.102577183147e-02,4.659741689521e-02,3.631677244359e-02,4.120617349028e-02,4.682685519478e-02,4.389987573440e-02
330.20000000,-6.585706341091e+12,2.968001705561e-02,3.371081314152e-02,1.179771717173e-02,1.338606786500e-02,2.065956370290e-02,1.936820816841e-02
330.40000000,6.335708602000e+12,-9.050462729628e-03,-1.027959173174e-02,-1.635426471736e-02,-1.855607268781e-02,-8.292990044867e-03,-7.774624858362e-03
330.60000000,-9.787092588320e+12,-1.325032755970e-02,-1.504983354935e-02,-1.187307239102e-02,-1.347156831095e-02,-2.709883615306e-02,-2.540498469773e-02
330.80000000,-2.931216770600e+13,-2.149138230841e-03,-2.441009288486e-03,-1.466549081330e-02,-1.663993571322e-02,-5.136351804263e-02,-4.815296799185e-02
331.00000000,-1.898798178079e+13,5.800606971790e-03,6.588378213093e-03,6.790982336828e-04,7.705266121202e-04,-2.929236219684e-02,-2.746140126343e-02
331.20000000,-1.036227813887e+13,1.101504060750e-02,1.251097581817e-02,9.127153541419e-03,1.035596081354e-02,5.532652317006e-03,5.186825982397e-03
331.40000000,-1.052519103075e+13,1.673821455865e-02,1.901140495479e-02,1.025181133941e-02,1.163203358166e-02,2.934391655692e-02,2.750973314460e-02
331.60000000,-1.179478457944e+13,2.726291992023e-02,3.096545387427e-02,6.892591103325e-03,7.820554682892e-03,2.859443365623e-02,2.680709774301e-02
331.80000000,2.355038799931e+11,-1.118790378019e-02,-1.270731526443e-02,-1.484442064070e-02,-1.684295522774e-02,-2.913261460542e-02,-2.731163892336e-02
332.00000000,5.047701189230e+12,-2.419685711851e-02,-2.748299394188e-02,-3.582770270244e-02,-4.065125929372e-02,-6.876002546905e-02,-6.446208187651e-02
332.20000000,7.435312938984e+12,-7.813680496562e-03,-8.874844063384e-03,-1.790061623589e-02,-2.031061266099e-02,-3.910814677748e-02,-3.666363621030e-02
332.40000000,-1.744364543095e+12,1.429659937115e-02,1.623819787762e-02,-4.129865710861e-03,-4.685877943522e-03,-1.255470055618e-02,-1.176995106774e-02
332.60000000,-2.401964129455e+12,1.473601877779e-02,1.673729413758e-02,-1.093305231923e-02,-1.240499142219e-02,1.007602640950e-02,9.446209988554e-03
332.80000000,-8.938768568280e+11,1.598101554480e-02,1.815137194272e-02,-1.772255094046e-02,-2.010857407214e-02,-1.306918760450e-02,-1.225227936833e-02
333.00000000,-4.513856272195e+12,-1.167648967754e-02,-1.326225523830e-02,-3.259976163359e-02,-3.698873394386e-02,-3.755542203761e-02,-3.520796674785e-02
333.20000000,2.917390576958e+12,-2.965801400426e-02,-3.368582189063e-02,-3.733617237115e-02,-4.236281730648e-02,-4.345966469202e-02,-4.074315628291e-02
333.40000000,-1.155662140268e+13,-1.716471452131e-02,-1.949582720156e-02,-1.005161134161e-03,-1.140488025037e-03,-1.713871951217e-02,-1.606743937216e-02
333.60000000,-1.363660290287e+13,1.763026355289e-03,2.002460170941e-03,6.823915408299e-03,7.742633039162e-03,-1.975245182328e-02,-1.851779661232e-02
333.80000000,4.862946054957e+11,1.028499247151e-02,1.168178100165e-02,2.196992029267e-03,2.492777541159e-03,2.095104680832e-02,1.964147170603e-02
334.00000000,-1.127954736291e+13,2.875707900505e-02,3.266253233678e-02,-1.028114642075e-03,-1.166531810475e-03,3.119268784444e-02,2.924294434245e-02
334.20000000,-4.188062800876e+12,4.511794589868e-02,5.124534263810e-02,-8.608428737450e-03,-9.767399032640e-03,2.840964907808e-02,2.663386338882e-02
334.40000000,3.406489433904e+12,2.814831846336e-02,3.197109699055e-02,2.325263668213e-03,2.638318652130e-03,1.510730343909e-02,1.416299986192e-02
334.60000000,-1.032867321709e+13,-5.279855300255e-03,-5.996904082219e-03,8.276026887371e-03,9.390245244426e-03,1.077825759629e-02,1.010454721211e-02
334.80000000,-1.398979047806e+13,-3.012283692798e-02,-3.421377167907e-02,-3.607038630170e-02,-4.092661588025e-02,-3.036262193209e-02,-2.846476288542e-02
335.00000000,1.597761153567e+12,-2.875776180627e-02,-3.266330786815e-02,-2.560502099756e-02,-2.905227712861e-02,-1.123410510689e-02,-1.053190132304e-02
335.20000000,-7.235188434983e+12,-1.658643926041e-02,-1.883901729379e-02,-1.541800766783e-02,-1.749376544466e-02,-2.202031856094e-03,-2.064390710066e-03
335.40000000,-1.448274502720e+13,-2.933305347635e-03,-3.331672898835e-03,-1.734043879425e-02,-1.967501738937e-02,2.296846478079e-03,2.153278808694e-03
335.60000000,8.313124515466e+11,5.746348461901e-03,6.526750940954e-03,1.337610311762e-03,1.517695512576e-03,2.513855418670e-02,2.356723295528e-02
335.80000000,-7.819767647918e+12,1.556752483551e-02,1.768172571540e-02,2.051563745450e-03,2.327769951273e-03,4.145020803156e-02,3.885930358085e-02
336.00000000,1.084402405867e+13,2.122470018372e-02,2.410719308339e-02,2.710531509350e-02,3.075455887459e-02,3.986980283522e-02,3.737768386839e-02
336.20000000,-4.965621009596e+12,1.315070810199e-02,1.493668493095e-02,4.741967840895e-03,5.380388630097e-03,4.306360245676e-02,4.037185048331e-02
336.40000000,-1.660975999304e+13,7.426602738302e-03,8.435197888132e-03,-1.323887731545e-02,-1.502125433432e-02,-1.098607155847e-03,-1.029937146580e-03
336.60000000,-1.369529866813e+13,-2.474142922148e-03,-2.810152351923e-03,-5.802461001575e-05,-6.583658145041e-05,-1.483087815640e-02,-1.390385293631e-02
336.80000000,4.449809962813e+12,-2.442168976541e-02,-2.773836075429e-02,-1.269564850329e-02,-1.440488952070e-02,-1.864922770307e-02,-1.748353109134e-02
337.00000000,-8.254597061524e+12,-1.808475615875e-02,-2.054081823589e-02,-4.995934465140e-03,-5.668547298261e-03,-2.697510326907e-02,-2.528898591436e-02
337.20000000,-1.983338151314e+12,-1.695886559144e-02,-1.926202225471e-02,1.583024100705e-02,1.796149859800e-02,-1.588136444503e-02,-1.488867707920e-02
337.40000000,1.307505694671e+13,3.684481822092e-03,4.184865459988e-03,1.795404519097e-02,2.037123486513e-02,1.047663805683e-02,9.821780832731e-03
337.60000000,1.180773008314e+13,2.295096300716e-02,2.606789692549e-02,2.870275639602e-02,3.256706695346e-02,3.167203990888e-02,2.969233382150e-02
337.80000000,-3.640098189581e+12,1.698396122463e-02,1.929052608607e-02,1.710090941639e-02,1.940323968348e-02,3.598386391355e-02,3.373464110877e-02
338.00000000,4.903630714181e+12,4.908678891806e-03,5.575318793900e-03,1.224369970665e-02,1.389209393701e-02,-1.170536642405e-02,-1.097370577853e-02
338.20000000,4.271802872953e+12,-1.885409620155e-02,-2.141464113083e-02,3.353330112263e-03,3.804795775582e-03,-1.077262709559e-02,-1.009926865391e-02
338.40000000,1.441680874185e+13,-1.360576907256e-02,-1.545354701085e-02,9.211033289177e-03,1.045113346260e-02,-1.784824429706e-02,-1.673261429705e-02
338.60000000,1.435513518538e+12,-7.305629802168e-03,-8.297795809232e-03,4.701275657831e-03,5.334217975542e-03,-1.968427654951e-02,-1.845388273141e-02
338.80000000,8.866371166110e+11,1.209017817405e-02,1.373212611399e-02,1.802191740141e-02,2.044824484950e-02,1.057126951622e-02,9.910497217607e-03
339.00000000,-1.407195552424e+12,1.644318387279e-02,1.867630661899e-02,2.437386795170e-02,2.765537144049e-02,1.651472181433e-02,1.548244554160e-02
339.20000000,9.254289648306e+12,1.486982552123e-02,1.688927296281e-02,2.198724880034e-02,2.494743689154e-02,2.504143192456e-02,2.347618145885e-02
339.40000000,-5.579974171561e+12,-1.726649608152e-03,-1.961143155417e-03,2.061050314999e-03,2.338533717004e-03,-2.396126962268e-03,-2.246353624429e-03
339.60000000,-8.069800606992e+11,-1.714911649396e-02,-1.947811083083e-02,-1.059762041713e-02,-1.202439963989e-02,-2.022925428861e-02,-1.896479585861e-02
339.80000000,-2.281628285069e+13,7.067668132318e-03,8.027516942071e-03,9.770642107011e-03,1.108608355543e-02,-5.071450600977e-03,-4.754452338300e-03
340.00000000,-1.769504331647e+13,4.627352755941e-02,5.255786201307e-02,3.173551581033e-02,3.600813294506e-02,5.163097926802e-02,4.840371117137e-02
340.20000000,6.339457469976e+12,3.332568485249e-02,3.785159330504e-02,1.620897422948e-02,1.839122144560e-02,3.530763508920e-02,3.310068093286e-02
340.40000000,-4.442107587669e+12,2.386039152740e-02,2.710083349200e-02,2.969505790104e-04,3.369296403134e-04,9.330157363486e-03,8.746962552487e-03
340.60000000,-2.585149183133e+12,1.054378227527e-02,1.197571663858e-02,1.032161971551e-02,1.171124040163e-02,-7.547130756343e-03,-7.075386569877e-03
340.80000000,2.341512294309e+13,2.454638435685e-03,2.787998992061e-03,4.520592490569e-03,5.129209065443e-03,4.128619588962e-03,3.870554325208e-03
341.00000000,1.054985332106e+13,-6.705070185485e-03,-7.615675142644e-03,-3.324554488504e-02,-3.772146030983e-02,-9.449309771261e-04,-8.858667168841e-04
341.20000000,1.261949548204e+12,-7.460654642371e-03,-8.473874327333e-03,-9.955921315054e-03,-1.129630728064e-02,-1.157522034267e-03,-1.085169466383e-03
341.40000000,5.827260422220e+12,5.294997015700e-02,6.014102170046e-02,4.944422865898e-02,5.610100587490e-02,5.180618102964e-02,4.856796169666e-02
341.60000000,1.838164130993e+12,2.969605021965e-02,3.372902374417e-02,1.858086352917e-02,2.108244303294e-02,4.635125468088e-02,4.345400330986e-02
341.80000000,1.043644730408e+13,2.769813848938e-02,3.145977878766e-02,2.978007721071e-02,3.378942966379e-02,3.646225906871e-02,3.418313349154e-02
342.00000000,-1.080378799083e+13,1.921541027047e-02,2.182502469092e-02,2.114711529205e-02,2.399419449779e-02,1.525872251282e-02,1.430495427020e-02
342.20000000,1.449834601074e+13,-3.624775679079e-04,-4.117050720297e-04,1.756041772771e-02,1.992461253471e-02,2.305850276867e-03,2.161719812179e-03
342.40000000,-6.143434896146e+11,-6.881264551922e-03,-7.815798186791e-03,5.516915702995e-03,6.259669301341e-03,7.852486851929e-03,7.361655946610e-03
342.60000000,1.188721382954e+13,-3.915290345198e-04,-4.447019722876e-04,5.058897710260e-03,5.739987413320e-03,2.596139107429e-03,2.433863724807e-03
342.80000000,9.127846621305e+12,8.767648480490e-03,9.958368927569e-03,2.877977149640e-02,3.265445075367e-02,9.753992029355e-03,9.144304827260e-03
343.00000000,-6.167800024910e+11,9.169210907895e-03,1.041446691193e-02,3.806648791990e-02,4.319145672513e-02,1.380602451928e-02,1.294305923944e-02
343.20000000,1.176013828071e+13,7.430575792253e-03,8.439710516244e-03,1.303117481391e-02,1.478558842194e-02,7.792073528107e-03,7.305018843874e-03
343.40000000,-4.095497739554e+12,9.456683986428e-03,1.074098125374e-02,2.033907800999e-02,2.307736951058e-02,7.779457900805e-03,7.293191774373e-03
343.60000000,1.913878935909e+13,-1.462496924532e-03,-1.661116314406e-03,-1.161861575193e-03,-1.318285365624e-03,-4.157726931377e-03,-3.897842271615e-03
343.80000000,8.479723691040e+12,1.061529252097e-02,1.205693857744e-02,1.234132792660e-02,1.400286604307e-02,9.584627720529e-03,8.985526876437e-03
344.00000000,-2.223938566453e+12,9.745778639093e-03,1.106933739309e-02,1.583013020893e-02,1.796137288290e-02,2.611403474182e-02,2.448173970516e-02
344.20000000,-5.292969586147e+12,1.988339194761e-02,2.258372390116e-02,3.879341430011e-02,4.401625068455e-02,4.747934168909e-02,4.451157762853e-02
344.40000000,1.481532355578e+12,6.755631630017e-03,7.673103256840e-03,3.022221947386e-02,3.429109844042e-02,-1.024642082858e-02,-9.605953661121e-03
344.60000000,-5.020302894178e+12,3.748651001847e-03,4.257749354364e-03,4.795007263132e-03,5.440568857785e-03,-1.644414783712e-02,-1.541628289162e-02
344.80000000,4.895343964148e+12,1.121222524413e-02,1.273493978785e-02,-6.459820716665e-03,-7.329519537578e-03,-1.223865403800e-02,-1.147365948855e-02
345.00000000,3.403836576424e+12,9.222798178782e-03,1.047533178516e-02,6.624792991713e-03,7.516702366043e-03,-1.165802439055e-02,-1.092932292645e-02
345.20000000,-1.516850408739e+13,8.532498267120e-03,9.691283336337e-03,1.075090416407e-03,1.219832028990e-03,6.655791100429e-03,6.239761372136e-03
345.40000000,1.551178234353e+12,1.689725332914e-02,1.919204252869e-02,4.620989295962e-03,5.243122497242e-03,1.024444364987e-02,9.604100068788e-03
345.60000000,2.034601135762e+12,2.085205604945e-02,2.368394073974e-02,1.541935501574e-02,1.749529418877e-02,3.218168393464e-03,3.017012181958e-03
345.80000000,-9.505803476503e+12,1.224311588545e-02,1.390583405364e-02,4.113812971065e-03,4.667663990670e-03,-2.554819657080e-02,-2.395127005713e-02
346.00000000,1.128691907859e+13,-1.371138096718e-02,-1.557350188952e-02,-2.939272742600e-02,-3.334993018858e-02,-3.483545237569e-02,-3.265801267421e-02
346.20000000,-1.554465777745e+12,-1.916402631125e-03,-2.176666235761e-03,-2.870495221611e-03,-3.256955840127e-03,-2.561826256908e-02,-2.401695648011e-02
346.40000000,-1.188240789316e+13,2.730125110075e-02,3.100899075168e-02,3.724899495578e-03,4.226390301812e-03,1.063779815666e-02,9.972867390355e-03
346.60000000,-5.991401406449e+12,2.721442346228e-02,3.091037118921e-02,2.823543767115e-02,3.203683215679e-02,2.446463534179e-02,2.293543837024e-02
346.80000000,4.661977540153e+12,1.124151699627e-02,1.276820960644e-02,9.034162674926e-03,1.025045039728e-02,8.729135676102e-03,8.183508584030e-03
347.00000000,1.504068397043e+13,-1.206681398604e-02,-1.370558887263e-02,-6.958522897552e-03,-7.895363008870e-03,-1.369605170122e-02,-1.283996042943e-02
347.20000000,1.390895057506e+13,-2.609571844352e-02,-2.963973661453e-02,-2.178933432524e-02,-2.472287678753e-02,-1.342358685062e-02,-1.258452638344e-02
347.40000000,1.124494711376e+13,-1.256204380808e-02,-1.426807507207e-02,5.342284715087e-03,6.061527387829e-03,-4.247054065588e-05,-3.981585885697e-05
347.60000000,1.649071619966e+13,2.838330221034e-02,3.223799350786e-02,3.781160177394e-02,4.290225473816e-02,4.000536830324e-02,3.750477562322e-02
347.80000000,-2.685958489740e+13,2.893613040619e-02,3.286590042499e-02,7.883711869514e-03,8.945112056620e-03,1.034116095078e-02,9.694771916677e-03
348.00000000,-1.613393129137e+12,1.112768526832e-02,1.263891857189e-02,1.012791799283e-02,1.149146022148e-02,3.614588725530e-02,3.388653695015e-02
348.20000000,-9.016275101282e+12,1.010624084385e-02,1.147875339868e-02,1.683842173978e-02,1.910541275632e-02,4.535356684049e-02,4.251867737279e-02
348.40000000,-8.453800842446e+12,1.071102243366e-03,1.216566941789e-03,-2.764504287412e-03,-3.136695130567e-03,3.347336124021e-02,3.138106099044e-02
348.60000000,1.372757698699e+13,6.733524791557e-03,7.647994123678e-03,-2.988326135631e-03,-3.390650570108e-03,2.257504448813e-02,2.116395909153e-02
348.80000000,9.072861145612e+12,-6.596309569904e-03,-7.492143920200e-03,-1.408549108007e-03,-1.598184943452e-03,3.354959101694e-02,3.145252591611e-02
349.00000000,3.843735725979e+12,2.442765458535e-02,2.774513564697e-02,4.930479396612e-03,5.594279880534e-03,3.595534745212e-02,3.370790710949e-02
349.20000000,-7.276005634241e+11,1.921313511639e-02,2.182244055176e-02,-7.579505957104e-03,-8.599950282592e-03,4.347546466436e-02,4.075796865542e-02
349.40000000,-2.217952019020e+13,1.467846936428e-02,1.667192902941e-02,-5.311518400462e-03,-6.026618941599e-03,2.913553782685e-02,2.731437942466e-02
349.60000000,-1.966148919566e+12,6.698461306072e-03,7.608168721790e-03,-2.722359348914e-02,-3.088876133155e-02,4.315078783216e-02,4.045358621231e-02
349.80000000,-9.207377522081e+12,2.000027685172e-02,2.271648275887e-02,5.171939165829e-03,5.868247870303e-03,5.758482533196e-02,5.398540358401e-02
350.00000000,-7.740850370467e+12,2.389028670668e-02,2.713478868820e-02,8.220054500164e-03,9.326737180721e-03,5.570041501468e-02,5.221878102486e-02
350.20000000,6.772399671416e+09,2.229094541101e-02,2.531824338546e-02,1.520307378561e-02,1.724989457608e-02,6.244553996511e-02,5.854229230712e-02
350.40000000,1.979932492233e+12,6.044662416685e-03,6.865578441234e-03,6.069751448758e-03,6.886934449612e-03,4.846070774506e-02,4.543160199762e-02
350.60000000,-2.603931043036e+11,5.605739343267e-03,6.367045920724e-03,3.760348001156e-03,4.266611311900e-03,4.481880083395e-02,4.201733767922e-02
350.80000000,2.242171343646e+13,1.329456566485e-02,1.510007956146e-02,-1.830932291808e-02,-2.077434435629e-02,4.920702467727e-02,4.613126932411e-02
351.00000000,-2.756529362604e+12,1.253041025064e-02,1.423214541132e-02,1.165540320045e-02,1.322459387389e-02,4.058808020864e-02,3.805106428877e-02
351.20000000,-9.368410822747e+12,5.582293826426e-04,6.340416305397e-04,-2.643313713591e-03,-2.999188422943e-03,1.700941597983e-02,1.594621814177e-02
351.40000000,-6.950366710691e+12,2.514218033128e-03,2.855670000223e-03,3.931250826993e-03,4.460523133286e-03,4.069588689649e-02,3.815213236562e-02
351.60000000,-4.594214328215e+12,2.056715801723e-02,2.336035115721e-02,1.535355623038e-02,1.742063677890e-02,5.138652929540e-02,4.817454089340e-02
351.80000000,-1.290486502611e+13,1.640467645891e-02,1.863256957424e-02,2.568473390565e-02,2.914272194788e-02,4.441337085470e-02,4.163724967985e-02
352.00000000,-1.400655227070e+13,2.695607147055e-04,3.061693282291e-04,1.116171229602e-02,1.266443635741e-02,-6.105833557727e-03,-5.724179711069e-03
352.20000000,-9.789114704265e+12,-2.299155890704e-02,-2.611400609020e-02,2.491056034315e-02,2.826431982177e-02,-1.915499282724e-03,-1.795768264410e-03
352.40000000,-6.688153214464e+12,1.917115661070e-02,2.177476101173e-02,-4.600466953858e-02,-5.219837190418e-02,-4.982848419205e-02,-4.671388362437e-02
352.60000000,3.668811452981e+11,8.436673850222e-02,9.582445157222e-02,2.300395114823e-02,2.610101994742e-02,9.204022988261e-02,8.628712386526e-02
352.80000000,-3.017629361286e+12,-6.137751436683e-02,-6.971309733529e-02,-2.685165229809e-02,-3.046674494036e-02,-7.674568965159e-03,-7.194859071448e-03
353.00000000,-1.106545030819e+13,-2.206600215438e-02,-2.506275094158e-02,4.317977730305e-03,4.899315867305e-03,7.196659483071e-03,6.746822004072e-03
353.20000000,-4.448802863067e+12,1.079856995331e-02,1.226510662746e-02,2.231503120444e-02,2.531934930836e-02,2.075512975894e-02,1.945780073163e-02
353.40000000,-3.233500719363e+12,1.164191024511e-02,1.322297962793e-02,-4.801207795102e-03,-5.447604180002e-03,4.921386719037e-03,4.613768413616e-03
353.60000000,1.405130664325e+13,-2.785627693896e-02,-3.163939376949e-02,-2.881555316084e-02,-3.269504977648e-02,1.728852370812e-02,1.620787984290e-02
353.80000000,4.363927790785e+12,3.591972378811e-07,4.079792460501e-07,-2.690247844485e-02,-3.052441391479e-02,6.918067528123e-02,6.485643837143e-02
354.00000000,5.295079836688e+12,7.688577586025e-02,8.732751124803e-02,1.153469827583e-01,1.308763819941e-01,-1.845639367756e-01,-1.730275043199e-01
354.20000000,-3.631894636138e+12,3.848419540582e-03,4.371067300253e-03,1.077025862054e-01,1.222028047626e-01,5.770079022905e-02,5.409411992959e-02
354.40000000,-1.481108782549e+13,1.875628591892e-02,2.130354738870e-02,4.761615481204e-02,5.402681472240e-02,2.501041666600e-02,2.344710485331e-02
354.60000000,1.280256805254e+12,-6.525895743405e-03,-7.412167303501e-03,3.910375134409e-04,4.436836903693e-04,-1.953798491046e-03,-1.831673526019e-03
354.80000000,-2.559276229244e+12,-1.445712034565e-03,-1.642051895129e-03,-7.885848301033e-04,-8.947536120260e-04,1.174654476146e-02,1.101231020515e-02
355.00000000,1.732801394547e+13,5.332164396536e-03,6.056317193980e-03,-1.557024950230e-02,-1.766650390740e-02,2.220447943836e-02,2.081655673942e-02
355.20000000,2.577348274807e+12,7.061440839871e-03,8.020443930904e-03,-3.278844663433e-04,-3.720282199053e-04,3.228385986709e-02,3.026591109945e-02
355.40000000,-1.425106071697e+13,1.156834809571e-02,1.313942711960e-02,1.998042493664e-02,2.267043024343e-02,4.617250642955e-02,4.328642797326e-02
355.60000000,2.661707612215e+13,2.038108870326e-02,2.314901206455e-02,4.121663013627e-02,4.676570900452e-02,5.146109923609e-02,4.824444973344e-02
355.80000000,3.015738473780e+12,1.696642180598e-02,1.927060466677e-02,1.046321059845e-02,1.187189395354e-02,3.017278661103e-02,2.828679349222e-02
356.00000000,-9.859481029046e+12,2.213814164937e-02,2.514468758707e-02,1.263713323917e-02,1.433849622738e-02,2.622532291881e-02,2.458607165570e-02
356.20000000,9.902529589932e+12,-3.628393239093e-04,-4.121159575404e-04,-5.818717042187e-03,-6.602102769558e-03,1.164285921433e-02,1.091510567123e-02
356.40000000,-4.866636030005e+12,3.116922543965e-03,3.540226855643e-03,5.690592886148e-03,6.456728997420e-03,2.730322439039e-02,2.559659735638e-02
356.60000000,5.870013154397e+11,-7.180691321228e-03,-8.155889631171e-03,4.062627482040e-03,4.609587295000e-03,2.044202171157e-02,1.916426394993e-02
356.80000000,3.955098958965e+12,-1.112098954197e-02,-1.263131350954e-02,-4.746778542914e-03,-5.385847006727e-03,1.726706252755e-02,1.618776012407e-02
357.00000000,1.850335534534e+13,2.268124723973e-03,2.576155148707e-03,4.292766497029e-03,4.870710394341e-03,-1.558407676118e-04,-1.460997178658e-04
357.20000000,-9.125806824279e+12,1.670202629494e-02,1.897030202033e-02,5.693379724530e-03,6.459891033529e-03,2.036012170879e-02,1.908748322379e-02
357.40000000,-5.800391923166e+12,1.375735466970e-02,1.562571920773e-02,-3.782479137626e-03,-4.291722008350e-03,1.199839675147e-02,1.124841982684e-02
357.60000000,1.103292226032e+13,-9.688996044174e-05,-1.100484324388e-04,1.176269277992e-02,1.334632806798e-02,1.901639059237e-02,1.782774393987e-02
357.80000000,-3.348890681797e+12,-2.205287224551e-02,-2.504783788060e-02,-7.091935417522e-03,-8.046737128147e-03,2.055624496971e-03,1.927134752019e-03
358.00000000,1.093562525559e+13,-2.950776954666e-04,-3.351517297127e-04,7.017628078919e-03,7.962425641194e-03,1.041745830240e-02,9.766300193373e-03
358.20000000,4.428738984551e+12,1.547410511641e-02,1.757561881229e-02,1.098907689569e-02,1.246855870150e-02,1.259012084819e-02,1.180315736381e-02
358.40000000,-2.268554547552e+13,1.092658999521e-02,1.241051286838e-02,2.211302763972e-02,2.509014959226e-02,7.016152179663e-03,6.577597567458e-03
358.60000000,2.000129229842e+12,-1.403510563394e-03,-1.594119109031e-03,1.316461703992e-02,1.493699624664e-02,-3.107971352074e-03,-2.913703164019e-03
358.80000000,9.266449514833e+11,1.617328196445e-03,1.836974976016e-03,6.221149028600e-03,7.058714994005e-03,-1.302964485028e-02,-1.221520829044e-02
359.00000000,5.820226347110e+12,-8.442238490407e-04,-9.588765522367e-04,7.625554632022e-03,8.652198584411e-03,-1.614606113866e-03,-1.513682852796e-03
359.20000000,1.656019670540e+13,7.649842159177e-03,8.688755101015e-03,6.133871752761e-03,6.959687400747e-03,-9.896866955252e-03,-9.278249151864e-03
359.40000000,-6.714752735029e+12,2.345377515042e-02,2.663899518917e-02,2.473561185594e-03,2.806581766339e-03,2.366260517458e-03,2.218354024406e-03
359.60000000,6.796692852776e+12,2.077796100268e-02,2.359978296208e-02,1.878047330284e-02,2.130892667703e-02,8.166721995343e-03,7.656249373606e-03
359.80000000,4.604909800199e+12,6.836471355537e-03,7.764921697385e-03,1.209522027454e-02,1.372362441652e-02,-6.188248674573e-03,-5.801443353334e-03
360.00000000,2.208987719396e+12,-1.215535136756e-02,-1.380615037563e-02,3.382970166126e-03,3.838426330270e-03,-2.887226636711e-02,-2.706756412350e-02
360.20000000,4.144901763363e+12,1.057627115104e-03,1.201261777710e-03,3.424000116347e-02,3.884980226261e-02,-1.680113281504e-02,-1.575095401366e-02
360.40000000,-1.149791138614e+13,1.730700200641e-02,1.965743852454e-02,-1.671464340505e-04,-1.896496989222e-04,-2.516687015165e-02,-2.359377899040e-02
360.60000000,2.263985464002e+13,3.134082618502e-02,3.559717412710e-02,-2.527104456841e-03,-2.867333677253e-03,-1.355426654801e-02,-1.270703775971e-02
360.80000000,2.115918159985e+12,3.096296639439e-02,3.516799779706e-02,1.006578995218e-02,1.142096775617e-02,-6.999941114370e-03,-6.562399797952e-03
361.00000000,1.724807658444e+13,3.225012175528e-02,3.662995968791e-02,1.980898783597e-02,2.247591221670e-02,1.067226905541e-02,1.000518363636e-02
361.20000000,-5.192657600106e+12,5.442712014479e-03,6.181878108743e-03,8.503734562909e-03,9.648609668133e-03,-2.949173060838e-03,-2.764830786767e-03
361.40000000,-1.383925422580e+13,-1.079760258248e-02,-1.226400787952e-02,4.179323799330e-03,4.741994675182e-03,5.744789625719e-03,5.385703345662e-03
361.60000000,-6.905139677232e+12,-1.344353819810e-02,-1.526928381840e-02,-8.968602834943e-03,-1.017606410251e-02,-1.600436886804e-02,-1.500399293508e-02
361.80000000,-1.963450684769e+13,3.319117684412e-03,3.769881797719e-03,7.820621103785e-03,8.873527252593e-03,3.014897148385e-02,2.826446696357e-02
362.00000000,-6.673998264311e+12,1.055109118613e-02,1.198401816105e-02,-2.019152606762e-03,-2.290995234966e-03,3.227449298498e-02,3.025712970769e-02
362.20000000,1.436521793497e+13,2.584972708394e-02,2.936033755821e-02,4.472699431243e-03,5.074868065988e-03,1.782058683428e-03,1.670668560348e-03
362.40000000,-3.165471981585e+13,1.546730147288e-02,1.756789117670e-02,2.003373465762e-02,2.273091716073e-02,1.938018900420e-02,1.816880261240e-02
362.60000000,1.442490865105e+13,1.500371380130e-02,1.704134439804e-02,1.455153507416e-02,1.651063788081e-02,1.276173343880e-02,1.196404306436e-02
362.80000000,1.158648901110e+13,2.697802908960e-03,3.064187247137e-03,2.693707850075e-02,3.056367224669e-02,1.571324789103e-02,1.473106889050e-02
363.00000000,-5.099920200566e+12,-1.268447640262e-02,-1.440713504327e-02,1.896976646299e-02,2.152370476090e-02,2.839388136804e-02,2.661908126201e-02
363.20000000,1.169924420559e+13,-8.394532684007e-03,-9.534580865998e-03,8.751730129319e-03,9.929993382784e-03,9.387061798523e-03,8.800310094543e-03
363.40000000,4.673103633934e+12,-1.062311762724e-02,-1.206582639899e-02,-6.731816463449e-03,-7.638134625772e-03,-5.699167220114e-03,-5.342932633675e-03
363.60000000,3.173999842050e+12,-7.073256479913e-03,-8.033864234297e-03,6.929135513066e-03,7.862019140953e-03,-1.599045345503e-02,-1.499094732483e-02
363.80000000,5.299178226959e+12,5.057936838580e-03,5.744847225913e-03,1.452640692015e-03,1.648212667225e-03,-2.514285619479e-02,-2.357126606021e-02
364.00000000,1.446903530498e+13,1.280653079306e-02,1.454576544708e-02,1.563217687565e-02,1.773676868917e-02,-4.856083477359e-03,-4.552547044323e-03
364.20000000,-1.232133517444e+13,1.246353961807e-02,1.415619318410e-02,1.916833611178e-02,2.174900824596e-02,1.944814759560e-03,1.823251335500e-03
364.40000000,4.322139696325e+12,1.064302776682e-02,1.208844050308e-02,1.690483692320e-02,1.918076955116e-02,1.654402785486e-02,1.550991976621e-02
364.60000000,1.801168789711e+13,-1.005605522303e-02,-1.142175214822e-02,8.066941115944e-03,9.153009829711e-03,9.520423189190e-03,8.925335541024e-03
364.80000000,3.173382563581e+12,8.927397644670e-03,1.013981337260e-02,9.656147387316e-03,1.095617417841e-02,1.266123472691e-02,1.186982616798e-02
365.00000000,1.710481039485e+13,1.173285819608e-02,1.332627907602e-02,2.094814834289e-02,2.376844022299e-02,1.672655551765e-02,1.568103827676e-02
365.20000000,-2.299753638867e+13,3.947888853514e-02,4.484045382958e-02,3.805689525263e-02,4.318057257752e-02,1.390563895814e-02,1.303644713553e-02
365.40000000,-1.317189938002e+13,3.201714955719e-02,3.636534790476e-02,4.721095463356e-02,5.356706161855e-02,3.398942475016e-02,3.186486721368e-02
365.60000000,-3.099570697984e+12,4.109450052238e-02,4.667547952073e-02,3.461695694685e-02,3.927750837092e-02,1.700177034474e-02,1.593905040803e-02
365.80000000,5.972029646096e+12,2.492764273985e-02,2.831302640046e-02,2.568903559755e-02,2.914760278532e-02,1.375136888843e-02,1.289181993685e-02
366.00000000,-2.233049525216e+12,1.836088764669e-02,2.085445070365e-02,2.051882273017e-02,2.328131362855e-02,1.990670205400e-02,1.866240521208e-02
366.20000000,-3.320361991940e+12,-1.045570898079e-03,-1.187568224954e-03,1.079357339063e-02,1.224673416134e-02,8.527978971582e-03,7.994925466611e-03
366.40000000,-1.461390831169e+13,1.754996199001e-02,1.993339451852e-02,1.228061539478e-02,1.393397965942e-02,1.527258059514e-02,1.431794613329e-02
366.60000000,3.602860506176e+12,4.238509399275e-02,4.814134644526e-02,5.897188016064e-02,6.691138450484e-02,5.361290185005e-02,5.026175085190e-02
366.80000000,1.912052493813e+11,3.533541619555e-02,4.013426307721e-02,6.694515219174e-02,7.595811439002e-02,4.628720085589e-02,4.339395326068e-02
367.00000000,7.904495491607e+12,3.514960394142e-02,3.992321595528e-02,2.114939758199e-02,2.399678405707e-02,3.973230854268e-02,3.724878385297e-02
367.20000000,1.950523215524e+13,1.213410427639e-02,1.378201775069e-02,2.245808252632e-02,2.548165992108e-02,1.555722750527e-02,1.458480078178e-02
367.40000000,-2.503730247557e+13,2.189384874930e-03,2.486721765536e-03,-8.649484189727e-03,-9.813981864082e-03,1.533649475166e-03,1.437786524418e-03
367.60000000,1.717915702767e+13,8.596675236694e-03,9.764176078455e-03,4.173037237337e-03,4.734861740543e-03,-2.600089825238e-03,-2.437567497356e-03
367.80000000,4.207133089919e+12,1.794379028630e-02,2.038070801168e-02,2.450781966855e-02,2.780735734981e-02,1.314448820110e-02,1.232287319361e-02
368.00000000,9.257632946172e+12,2.115593706766e-02,2.402909135751e-02,2.294405173410e-02,2.603305615316e-02,4.442922322121e-03,4.165211117155e-03
368.20000000,3.200324262786e+11,5.785353480323e-03,6.571053169120e-03,7.081894027535e-03,8.035343845374e-03,-1.021524363895e-02,-9.576725246250e-03
368.40000000,1.022246840791e+12,-1.229763906308e-02,-1.396776193762e-02,-2.064980453038e-02,-2.342992977532e-02,-3.034129869480e-02,-2.844477248753e-02
368.60000000,6.928946887076e+12,1.252748096161e-02,1.422881830018e-02,-5.772544986649e-04,-6.549714476132e-04,1.249796360926e-02,1.171676054472e-02
368.80000000,3.432945631784e+12,1.750272388677e-02,1.987974108334e-02,1.267681516673e-02,1.438352061367e-02,2.209471500600e-02,2.071365328968e-02
369.00000000,7.157824644488e+12,1.207723300223e-02,1.371742287890e-02,7.001971973221e-03,7.944661722097e-03,1.325244677568e-02,1.242408366330e-02
369.20000000,1.773628010624e+13,2.435424081587e-02,2.766175166979e-02,1.167232959514e-02,1.324379910358e-02,1.799472098323e-02,1.686993524876e-02
369.40000000,2.412596299229e+13,1.211305776315e-02,1.375811294383e-02,2.268246040873e-02,2.573624625482e-02,1.054848583122e-02,9.889137659370e-03
369.60000000,1.679321791288e+13,6.246611828052e-03,7.094954282153e-03,1.011813452140e-02,1.148035958136e-02,1.819221622327e-03,1.705508576677e-03
369.80000000,-1.475552748256e+13,-2.720344535442e-03,-3.089790216191e-03,1.344747177918e-02,1.525793229559e-02,2.049305897095e-02,1.921211105253e-02
370.00000000,-1.086716454539e+13,1.320530028021e-02,1.499869118638e-02,2.708556688726e-02,3.073215192713e-02,3.056525897350e-02,2.865473380916e-02
370.20000000,4.963068573401e+12,-2.002138721204e-02,-2.274046008378e-02,1.704892931400e-02,1.934426139403e-02,2.079891244583e-02,1.949884671915e-02
370.40000000,-1.639617151474e+13,-4.585225645632e-03,-5.207937874900e-03,-1.425237878903e-02,-1.617120557567e-02,3.723229990748e-03,3.490504182793e-03
370.60000000,5.107313341793e+12,-3.022127022153e-02,-3.432557304224e-02,-2.101389891325e-02,-2.384304292657e-02,-2.740505081969e-02,-2.569205897930e-02
370.80000000,-6.686203029160e+12,-3.273619196416e-02,-3.718204232164e-02,-2.286798367277e-02,-2.594674689379e-02,-1.940710973942e-02,-1.819404062862e-02
371.00000000,-2.509782734597e+13,-2.659818489720e-02,-3.021044224109e-02,-1.577398838863e-03,-1.789767257499e-03,-1.893353476306e-03,-1.775006713250e-03
371.20000000,-1.749958981285e+13,-1.332007234675e-02,-1.512905026541e-02,1.699322410576e-03,1.928105648014e-03,2.451548678290e-02,2.298311126940e-02
371.40000000,1.458257518633e+12,-2.879652375393e-03,-3.270733401450e-03,2.148337228366e-02,2.437572245309e-02,2.431770207900e-02,2.279768938089e-02
371.60000000,-5.345870528644e+12,6.792367373875e-03,7.714828023859e-03,1.817069770200e-02,2.061705574501e-02,3.210075789543e-02,3.009425417803e-02
371.80000000,-1.092936423127e+13,-1.950178508605e-02,-2.215029161641e-02,-8.615424709271e-03,-9.775336886398e-03,-1.440550278938e-02,-1.350506626410e-02
372.00000000,9.272363333448e+12,-1.463746794132e-02,-1.662535926817e-02,-8.029425655883e-03,-9.110443586846e-03,-3.733132254693e-02,-3.499787491588e-02
372.20000000,-1.006795276530e+13,-9.788719121805e-03,-1.111810955471e-02,-1.212907418196e-02,-1.376203614445e-02,-2.302427100119e-02,-2.158510605983e-02
372.40000000,-2.088237148966e+13,-7.327114966809e-03,-8.322198840038e-03,-1.047316909694e-02,-1.188319318496e-02,5.537805019918e-03,5.191656608255e-03
372.60000000,3.047943214916e+13,-7.591365593188e-03,-8.622336925259e-03,-3.341814931231e-03,-3.791730282272e-03,9.159398056045e-03,8.586876799429e-03
372.80000000,-3.268780454053e+12,-1.854202229350e-04,-2.106018495978e-04,4.418561443330e-03,5.013441370490e-03,1.247546411019e-02,1.169566740897e-02
373.00000000,-4.073034608693e+11,4.006776612153e-02,4.550930594785e-02,3.613154628889e-02,4.099600996110e-02,4.112632355167e-02,3.855566396294e-02
373.20000000,-5.006631698059e+12,6.832940422353e-02,7.760911233760e-02,9.731179927847e-02,1.104130850270e-01,4.965507744529e-02,4.655131591398e-02
373.40000000,-1.933172504914e+12,6.931482578829e-03,7.872836244359e-03,1.092570959174e-02,1.239666012834e-02,5.906612580483e-03,5.537411325529e-03
373.60000000,1.243927759560e+13,5.166109626476e-03,5.867710788725e-03,2.183928401233e-03,2.477955130274e-03,-3.583287503579e-02,-3.359309000645e-02
373.80000000,5.815747128720e+12,-8.361618930590e-04,-9.497197147880e-04,-1.027691352819e-02,-1.166051532925e-02,-2.304390422691e-02,-2.160351208274e-02
374.00000000,-1.753282679429e+12,-2.995474351808e-02,-3.402284976953e-02,-1.992976272524e-02,-2.261294727531e-02,-2.177103433101e-02,-2.041020473754e-02
374.20000000,5.165851417279e+13,-3.565152527874e-02,-4.049330243408e-02,-2.177654519491e-02,-2.470836583053e-02,-1.747158656582e-02,-1.637950009523e-02
374.40000000,-1.269328857787e+13,-1.547988632379e-02,-1.758218515628e-02,-9.827308073976e-03,-1.115037857694e-02,-3.517728203132e-04,-3.297847577899e-04
374.60000000,8.324463367697e+12,-9.382194803255e-03,-1.065637581263e-02,1.235844978532e-02,1.402229305250e-02,9.163011892280e-03,8.590264747670e-03
374.80000000,-2.397275627435e+13,2.299309543302e-02,2.611575128934e-02,3.228590452027e-02,3.663262160809e-02,9.170283446032e-04,8.597081782572e-04
375.00000000,-8.798001866582e+12,2.006485174235e-02,2.278982746309e-02,-1.515326760748e-04,-1.719338289069e-04,-3.671377487746e-02,-3.441892794546e-02
375.20000000,1.002685294148e+13,-1.386218182485e-02,-1.574478277272e-02,-1.862970565509e-02,-2.113786087377e-02,-5.410829400522e-02,-5.072617781291e-02
375.40000000,2.444173501450e+13,-8.470932099600e-03,-9.621355965162e-03,-1.816999553218e-02,-2.061625904063e-02,-3.778260487903e-02,-3.542094920131e-02
375.60000000,-1.614710568565e+12,-1.994941502000e-02,-2.265871346239e-02,-3.207653228829e-03,-3.639506116605e-03,-1.689697536577e-02,-1.584080578888e-02
375.80000000,-2.721927542625e+12,-7.622173841879e-03,-8.657329193386e-03,5.835919449656e-03,6.621621172185e-03,7.637454412286e-03,7.160064416709e-03
376.00000000,-7.438822777198e+12,-3.268618209695e-03,-3.712524069361e-03,1.677805166838e-02,1.903691493924e-02,5.198308761202e-03,4.873381048046e-03
376.20000000,-3.964952337567e+12,4.310905223463e-03,4.896362430880e-03,1.026027890069e-02,1.164164114796e-02,-8.741045740408e-03,-8.194674192756e-03
376.40000000,1.322477551604e+13,2.886409698114e-02,3.278408425462e-02,1.576324550374e-02,1.788548335362e-02,-1.544098985198e-02,-1.447582872901e-02
376.60000000,-7.302355103363e+12,1.707264353797e-02,1.939125220386e-02,1.190195817606e-02,1.350434304807e-02,-3.725622565681e-02,-3.492747206413e-02
376.80000000,-3.296809488895e+12,1.338276867475e-02,1.520026128238e-02,7.697986146557e-03,8.734381701281e-03,-2.715192153363e-02,-2.545475190077e-02
377.00000000,-1.148577281145e+13,4.140322616122e-03,4.702613269938e-03,1.067334211986e-02,1.211031590969e-02,-4.723187808454e-03,-4.427958208999e-03
377.20000000,-9.675458910470e+12,8.669943558524e-03,9.847394854974e-03,3.105253457024e-02,3.523320054948e-02,2.603398661512e-02,2.440669510094e-02
377.40000000,1.393392639486e+13,1.306900221054e-02,1.484388269185e-02,2.509414933950e-02,2.847262577865e-02,2.764868802674e-02,2.592046729477e-02
377.60000000,2.107106919823e+11,2.109730676678e-02,2.396249856837e-02,1.317392286370e-02,1.494755493244e-02,1.458318609060e-02,1.367164321682e-02
377.80000000,5.183367566963e+12,8.042294333838e-03,9.134505583643e-03,-7.777415587953e-03,-8.824504890159e-03,8.553649271785e-03,8.018991208039e-03
378.00000000,1.293474717667e+13,8.946481738622e-03,1.016148924711e-02,1.080767934200e-02,1.226273922567e-02,2.353029760508e-02,2.205950274815e-02
378.20000000,-7.147085210019e+12,-2.529429561309e-03,-2.872947381942e-03,-2.942189364801e-02,-3.338302311847e-02,-4.807615774602e-02,-4.507108884547e-02
378.40000000,3.537174650201e+12,-6.375206936330e-03,-7.241013688316e-03,2.555336486537e-02,2.899366642613e-02,-2.435057324028e-02,-2.282850588329e-02
378.60000000,-3.773850852101e+12,-7.874406664526e-03,-8.943817355994e-03,1.914141944711e-02,2.171846773590e-02,1.099611982211e-02,1.030879164837e-02
378.80000000,3.964754779812e+12,8.511723930071e-03,9.667687669492e-03,1.841362152584e-02,2.089268489806e-02,2.021738516357e-02,1.895366863018e-02
379.00000000,-9.192552071417e+12,4.727087701454e-03,5.369065991732e-03,1.040939925979e-03,1.181083788475e-03,2.378854331478e-02,2.230160644095e-02
379.20000000,2.575157065451e+13,3.364869477685e-04,3.821847069544e-04,-7.475402612980e-03,-8.481831293203e-03,2.599471451284e-03,2.436987775750e-03
379.40000000,1.145942411238e+13,-4.791039965048e-02,-5.441703510907e-02,1.063822755128e-02,1.207047379522e-02,-6.986800922207e-02,-6.550080952267e-02
379.60000000,-7.292405986730e+12,-3.948929665615e-02,-4.485227546100e-02,3.039936588772e-02,3.449209443680e-02,-9.912875174660e-02,-9.293256754657e-02
379.80000000,1.367197734465e+13,-2.991156079949e-02,-3.397380247436e-02,-1.675872334487e-02,-1.901498440416e-02,-3.162094458656e-02,-2.964443228528e-02
380.00000000,-8.229505811659e+11,1.954115541790e-02,2.219500877065e-02,4.718118224654e-03,5.353328091442e-03,1.060202559768e-02,9.939330846268e-03
380.20000000,-1.284764924771e+13,2.784636017704e-02,3.162813022785e-02,-1.702670042555e-03,-1.931903978505e-03,2.519731342779e-02,2.362231936609e-02
380.40000000,1.165531516628e+13,3.379881804842e-02,3.838898197059e-02,1.068327334897e-02,1.212158420040e-02,3.736841194223e-02,3.503264598556e-02
380.60000000,2.553619125054e+13,1.284030213429e-02,1.458412322064e-02,-2.011935492584e-02,-2.282806466005e-02,9.445747816863e-03,8.855327859494e-03
380.80000000,-1.315789507222e+13,-2.900267755220e-03,-3.294148523345e-03,-1.397678662773e-02,-1.585850988035e-02,1.013615981330e-02,9.502584668074e-03
381.00000000,4.873139013303e+12,-2.123186250920e-02,-2.411532811295e-02,-2.319676107011e-02,-2.631978826181e-02,4.822001617887e-03,4.520595520152e-03
381.20000000,-3.107395449868e+13,-5.673005434784e-02,-6.443447313541e-02,-5.171156381596e-02,-5.867359698234e-02,-3.729268878725e-02,-3.496165601453e-02
381.40000000,-2.204837569256e+13,-1.675868884703e-02,-1.903465982384e-02,-3.917959518899e-04,-4.445442389306e-04,-1.464504904318e-02,-1.372963933720e-02
381.60000000,-1.097436358061e+13,3.900118432049e-02,4.429787336249e-02,2.095245135970e-02,2.377332256372e-02,2.628940715768e-02,2.464615021771e-02
381.80000000,1.698409996802e+13,4.109153776074e-02,4.667211439113e-02,5.187210524697e-03,5.885575243322e-03,-2.461695242547e-03,-2.307823465707e-03
382.00000000,6.915636019488e+12,2.188891280695e-02,2.486161137049e-02,5.785900789945e-03,6.564868398435e-03,-1.029267572221e-02,-9.649317326559e-03
382.20000000,-7.440587676626e+12,2.821756557928e-03,3.204974844757e-03,-1.513364667298e-02,-1.717112034987e-02,-1.386537695828e-02,-1.299870176947e-02
382.40000000,-1.005820059526e+13,-2.134725692773e-02,-2.424639406461e-02,-3.682561020795e-02,-4.178351711930e-02,-2.856547562546e-02,-2.677994977531e-02
382.60000000,-3.184396470762e+13,-3.873791918638e-02,-4.399885460768e-02,-1.480567058147e-02,-1.679898816911e-02,-7.706290206515e-03,-7.224597531310e-03
382.80000000,-1.169691496102e+13,-4.440411112910e-02,-5.043456309960e-02,-2.349890914988e-02,-2.666261515300e-02,-7.365439154808e-03,-6.905051861381e-03
383.00000000,-2.721798115171e+12,-7.879643636952e-03,-8.949765553346e-03,1.086496653959e-02,1.232773911536e-02,7.381983493040e-03,6.920562072125e-03
383.20000000,-1.188324706878e+13,3.024249881761e-02,3.434968466032e-02,3.634292428070e-03,4.123584620251e-03,2.237556967609e-03,2.097695273751e-03
383.40000000,1.318528255850e+13,2.386571654753e-02,2.710688169468e-02,1.616168118923e-04,1.833756124706e-04,-3.515220242961e-03,-3.295496381364e-03
383.60000000,-1.087173025878e+13,1.264033645860e-02,1.435700052340e-02,1.176747917987e-02,1.335175887071e-02,2.147680982118e-02,2.013437115090e-02
383.80000000,-1.425419111620e+13,-1.143691486474e-02,-1.299014414979e-02,-1.149807461773e-02,-1.304608382362e-02,1.616064987916e-02,1.515050537841e-02
384.00000000,2.942233546812e+12,-2.128376523180e-02,-2.417427966206e-02,-2.892601989248e-02,-3.282038886921e-02,-2.011981729856e-02,-1.886219938392e-02
384.20000000,-1.885474091279e+13,-1.128257515997e-02,-1.281484381428e-02,-4.962930807436e-03,-5.631100290896e-03,-2.325561174798e-03,-2.180198652284e-03
384.40000000,-1.201759014520e+13,-1.108112468440e-02,-1.258603466884e-02,-1.120369663201e-02,-1.271207313007e-02,-3.153814738661e-03,-2.956681044256e-03
384.60000000,2.568059284047e+13,2.012855163745e-05,2.286217834046e-05,-2.187656971801e-02,-2.482185685892e-02,-8.735708754840e-03,-8.189670803093e-03
384.80000000,-1.442118493192e+12,1.336891221856e-02,1.518452300283e-02,-4.590594135500e-03,-5.208635174415e-03,-1.182946143967e-02,-1.109004405797e-02
385.00000000,1.122844104840e+13,5.196118785952e-03,5.901795444597e-03,7.963677676199e-04,9.035843822743e-04,1.503769932603e-02,1.409774645336e-02
385.20000000,1.284045111473e+13,1.451587836688e-02,1.648725680629e-02,-3.332246389092e-03,-3.780873507815e-03,2.287615327889e-02,2.144624664729e-02
385.40000000,1.022072078522e+13,2.628005594860e-03,2.984910870409e-03,-1.209702707351e-02,-1.372567446851e-02,-4.490559981755e-03,-4.209871116839e-03
385.60000000,-2.189034842870e+13,-2.583327116318e-02,-2.934164678492e-02,-3.135591588989e-02,-3.557742671413e-02,-3.870198047214e-02,-3.628285790996e-02
385.80000000,-1.640074263851e+13,-5.920983305336e-02,-6.725102665752e-02,-6.256429442641e-02,-7.098745282049e-02,-7.761635462197e-02,-7.276483352744e-02
386.00000000,-1.085994512294e+13,-9.527973718671e-02,-1.082195273155e-01,-1.155087083602e-01,-1.310598810432e-01,-1.079367678392e-01,-1.011900260140e-01
386.20000000,3.339647904273e+12,-3.558350691876e-02,-4.041604660842e-02,-5.726363939807e-02,-6.497315980893e-02,-1.181132032020e-02,-1.107303687509e-02
386.40000000,-3.735965740290e+12,4.763169595018e-03,5.410048110086e-03,-1.917124971431e-02,-2.175231411273e-02,2.615389706061e-02,2.451911037278e-02
386.60000000,8.145361352274e+12,7.970899141543e-03,9.053414323415e-03,-1.046940958267e-02,-1.187892751963e-02,1.235230743563e-02,1.158020881825e-02
386.80000000,-7.188256786689e+12,1.401987463659e-03,1.592389159535e-03,-2.415485634706e-02,-2.740687385742e-02,4.660870995076e-03,4.369536597041e-03
387.00000000,7.919867178954e+12,-3.967941328107e-03,-4.506821152350e-03,-1.579415148601e-02,-1.792055027124e-02,3.360775720288e-03,3.150705634153e-03
387.20000000,1.794623268345e+13,-2.459481828456e-02,-2.793500158328e-02,-3.675323707099e-02,-4.170140023950e-02,-1.181784989011e-03,-1.107915830490e-03
387.40000000,-3.202120849209e+13,-5.742285724743e-03,-6.522136449898e-03,-1.675387975763e-02,-1.900948871491e-02,2.191204374489e-02,2.054240015663e-02
387.60000000,3.780217933679e+12,2.109408104071e-02,2.395883476155e-02,-2.604782966005e-02,-2.955470202328e-02,2.827761343322e-02,2.651008082050e-02
387.80000000,1.463121904092e+13,2.244860483922e-02,2.549731429078e-02,-1.503278438395e-02,-1.705667876542e-02,3.311136862705e-02,3.104169524255e-02
388.00000000,1.314938530887e+13,2.353295119708e-02,2.672892400927e-02,-1.870904550805e-02,-2.122788241273e-02,5.002168922636e-02,4.689501210209e-02
388.20000000,-1.103642954951e+13,6.338645307586e-03,7.199486682708e-03,-9.621264971626e-03,-1.091659547204e-02,2.632374406588e-02,2.467834084842e-02
388.40000000,6.234993844339e+12,-8.098092845705e-03,-9.197882002990e-03,-9.646796110676e-03,-1.094556392035e-02,2.572813031016e-02,2.411995678114e-02
388.60000000,-1.068962244239e+13,-1.056366191609e-02,-1.199829610193e-02,-4.644944954801e-03,-5.270303355224e-03,1.844345991290e-02,1.729062511076e-02
388.80000000,-1.152643571931e+13,-2.967805879870e-03,-3.370858893684e-03,-9.893745485698e-03,-1.122576059273e-02,8.068046300630e-03,7.563741544116e-03
389.00000000,-7.119653967426e+12,2.651010200823e-03,3.011039695455e-03,-7.921015753365e-03,-8.987438238335e-03,-1.165407400340e-02,-1.092561946389e-02
389.20000000,2.412226871786e+12,9.881391863837e-03,1.122336803499e-02,-2.535919393769e-02,-2.877335387095e-02,9.895037381680e-03,9.276533938402e-03
389.40000000,1.648117946306e+12,-6.582111228438e-03,-7.476017324478e-03,-6.853852365469e-03,-7.776600469852e-03,4.312508369434e-03,4.042948874834e-03
389.60000000,-3.887610528686e+12,4.387804958443e-03,4.983705797014e-03,3.552156777604e-03,4.030390879862e-03,2.019507643317e-03,1.893275433884e-03
389.80000000,-9.714891318644e+12,9.550333268515e-03,1.084734889643e-02,1.325576129408e-02,1.504041143739e-02,-6.610563563194e-03,-6.197360846708e-03
390.00000000,1.057733806857e+13,2.073979665931e-02,2.355643557971e-02,1.042368705440e-02,1.182704927425e-02,3.499861052513e-03,3.281097239050e-03
390.20000000,6.787775953884e+12,-4.076131192402e-03,-4.629704110678e-03,1.462089483235e-02,1.658933568452e-02,-1.113736969303e-02,-1.044121249438e-02
390.40000000,7.166023914425e+12,2.567456449393e-03,2.916138641441e-03,2.289042069847e-02,2.597220466197e-02,8.423632474375e-03,7.897101296236e-03
390.60000000,-6.356531624719e+12,6.975971123935e-03,7.923366708281e-03,2.237307475227e-02,2.538520737726e-02,-8.667775987494e-03,-8.125984270390e-03
390.80000000,1.214577122548e+13,-8.115599169635e-03,-9.217765833032e-03,-1.931138305048e-03,-2.191131388538e-03,-3.214415856836e-02,-3.013494202992e-02
391.00000000,1.986972710885e+13,-7.114496922385e-02,-8.080705475912e-02,-1.479274221884e-02,-1.678431923468e-02,-8.244858001047e-02,-7.729501376682e-02
391.20000000,1.467852321533e+13,-2.867580858088e-02,-3.257022470508e-02,-3.542526801007e-02,-4.019464399900e-02,-6.144802324196e-02,-5.760712679137e-02
391.40000000,-3.110341250291e+12,-1.315265656159e-02,-1.493889800775e-02,-5.946603395400e-03,-6.747206722992e-03,-3.093310062962e-02,-2.899958299722e-02
391.60000000,9.846830700920e+12,4.205470755328e-05,4.776609074744e-05,5.058210128144e-03,5.739207260623e-03,1.281716328309e-02,1.201600818707e-02
391.80000000,1.680598094229e+13,2.021946434847e-02,2.296543776224e-02,2.284719160301e-02,2.592315554532e-02,1.351453857432e-02,1.266979303975e-02
392.00000000,-2.776691446996e+12,1.194957987268e-02,1.357243338010e-02,7.099813807199e-03,8.055676201475e-03,1.398956356936e-02,1.311512591907e-02
392.20000000,1.629417193888e+13,1.138036645630e-02,1.292591599161e-02,-2.809208542952e-02,-3.187418011088e-02,7.166155358468e-03,6.718224583343e-03
392.40000000,1.537777139138e+13,-1.399876052228e-02,-1.589991000663e-02,-4.732332770476e-02,-5.369456370521e-02,-5.168421080856e-02,-4.845361539845e-02
392.60000000,6.515755122339e+12,-2.821858508489e-02,-3.205090641061e-02,-3.683847262268e-02,-4.179811122713e-02,-6.947721224985e-02,-6.513443987332e-02
392.80000000,-1.148969695836e+13,-3.034030041450e-02,-3.446076853711e-02,-4.305185713006e-02,-4.884801634660e-02,-3.690450072416e-02,-3.459773220072e-02
393.00000000,-1.334039309772e+13,-2.671368500906e-02,-3.034162824012e-02,-3.218167056463e-02,-3.651435442269e-02,-4.223145093073e-02,-3.959171377687e-02
393.20000000,1.019523807351e+13,-1.989909701360e-02,-2.260156184727e-02,-3.284988766081e-02,-3.727253494760e-02,-3.102215861450e-02,-2.908307428557e-02
393.40000000,-3.225395755228e+12,5.621271268400e-03,6.384687211998e-03,-2.775801277441e-02,-3.149513057375e-02,-2.395179674808e-02,-2.245465548525e-02
393.60000000,-1.218629831903e+13,2.142858941361e-02,2.433877218652e-02,-2.545561614297e-02,-2.888275759414e-02,8.896397200973e-03,8.340315188413e-03
393.80000000,2.169782128969e+12,1.839224842137e-02,2.089007053546e-02,-1.318856602737e-02,-1.496416953506e-02,2.032681753609e-02,1.905626077597e-02
394.00000000,-1.330323327941e+12,5.407498417162e-03,6.141882208574e-03,6.216050146341e-04,7.052929638846e-04,8.339754810951e-03,7.818466525955e-03
394.20000000,-2.083345615867e+13,2.269881056623e-03,2.578150006112e-03,-6.904328882716e-03,-7.833872743429e-03,-2.893026988661e-02,-2.712194205018e-02
394.40000000,1.304276404895e+13,-3.111111425695e-02,-3.533626538608e-02,-2.191054477221e-02,-2.486040604387e-02,-3.198443980244e-02,-2.998520671356e-02
394.60000000,-1.149111780509e+12,-2.560489076346e-02,-2.908225040500e-02,-1.844344740930e-02,-2.092652630096e-02,-4.888711031372e-02,-4.583135166475e-02
394.80000000,-5.825774894008e+12,4.051355160407e-03,4.601563285039e-03,-2.097844432087e-02,-2.380281501019e-02,-3.014253839699e-02,-2.825843598600e-02
395.00000000,1.538055142544e+12,1.332818659035e-04,1.513826649163e-04,-2.336923330209e-02,-2.651548078169e-02,-3.257121463337e-02,-3.053530434567e-02
395.20000000,-5.951273046634e+12,1.559629922662e-02,1.771440791097e-02,-1.546962564315e-02,-1.755233285314e-02,1.044162381471e-03,9.788955205821e-04
395.40000000,-1.603243694706e+13,4.090805852942e-04,4.646371713619e-04,-1.456386514020e-02,-1.652462796876e-02,-1.931400372125e-02,-1.810675433509e-02
395.60000000,6.028794673905e+12,1.944416824792e-02,2.208484992679e-02,1.728046311154e-02,1.960696705834e-02,7.749165784037e-03,7.264793109626e-03
395.80000000,5.587225180429e+12,1.583639111222e-02,1.798710629512e-02,-6.001159169611e-03,-6.809107452209e-03,2.719567659256e-03,2.549577198726e-03
396.00000000,-1.508777366572e+13,-4.876413586865e-03,-5.538671589021e-03,-1.949915963669e-02,-2.212437121586e-02,-3.000894375493e-04,-2.813319186781e-04
396.20000000,-1.166460760752e+13,-1.945151634697e-02,-2.209319595953e-02,-2.547140714551e-02,-2.890067457151e-02,-9.087209642600e-03,-8.519200625864e-03
396.40000000,2.418017615346e+12,-1.068302277784e-02,-1.213386717317e-02,-4.238571713432e-02,-4.809219256639e-02,-7.312764382429e-04,-6.855669600875e-04
396.60000000,9.439000256594e+12,-1.404084588999e-02,-1.594771092144e-02,-2.014444335332e-02,-2.285653079363e-02,-4.879994955723e-03,-4.574963901582e-03
396.80000000,-1.262686115041e+13,-9.991210734630e-03,-1.134810123261e-02,-2.801701513558e-02,-3.178900295036e-02,-4.808916370420e-03,-4.508328184765e-03
397.00000000,-1.215273879022e+13,1.871719093920e-02,2.125914298173e-02,-1.560186904827e-03,-1.770238045725e-03,-1.439249395047e-03,-1.349287056125e-03
397.20000000,-2.927467676763e+13,3.744036905238e-02,4.252508624606e-02,2.675568683256e-02,3.035785944874e-02,4.726440922211e-02,4.431007982235e-02
397.40000000,-7.177934501525e+11,2.459809729162e-02,2.793872590710e-02,2.080870087110e-02,2.361021865403e-02,3.212802653927e-02,3.011981835634e-02
397.60000000,2.586612436580e+12,-3.128371288969e-03,-3.553230436563e-03,-1.558393763144e-02,-1.768203489725e-02,1.145941455462e-02,1.074312748196e-02
397.80000000,9.516699941964e+12,-5.074599067129e-03,-5.763772325318e-03,-4.187745210756e-03,-4.751549878381e-03,1.415244854953e-02,1.326782954093e-02
398.00000000,-1.193793826659e+13,3.678061182225e-03,4.177572843195e-03,-1.297662770264e-02,-1.472369752197e-02,7.140276013986e-03,6.693962864247e-03
398.20000000,2.122160680578e+13,-5.787835717276e-03,-6.573872514739e-03,3.735495007622e-03,4.238412309224e-03,-3.985393439547e-03,-3.736280730812e-03
398.40000000,7.830684535636e+11,-7.690175660008e-03,-8.734566230681e-03,4.888921221594e-03,5.547126643765e-03,-2.384958800407e-02,-2.235883544475e-02
398.60000000,-7.716197445706e+12,-1.040252617255e-02,-1.181527676839e-02,-1.405584714253e-02,-1.594821447329e-02,-4.912832688700e-02,-4.605749065162e-02
398.80000000,4.827901076373e+12,-4.589721779335e-02,-5.213044621397e-02,-2.392397357863e-02,-2.714490687159e-02,-1.088342678007e-01,-1.020314264586e-01
399.00000000,-2.304028315321e+12,-1.439985529699e-02,-1.635547682712e-02,-6.110504008745e-03,-6.933173609756e-03,-5.151595044414e-02,-4.829587238840e-02
399.20000000,9.446663371048e+12,4.497901225890e-03,5.108754064087e-03,1.501347327393e-03,1.703476776133e-03,-3.775328371464e-02,-3.539346079817e-02
399.40000000,3.436819743808e+12,6.330685225619e-03,7.190445554622e-03,-1.013803921698e-03,-1.150294408665e-03,-3.110642107927e-02,-2.916206980464e-02
399.60000000,6.039953190145e+12,1.230404214503e-02,1.397503461198e-02,-1.196558260051e-03,-1.357653335837e-03,-2.699697187898e-02,-2.530948759558e-02
399.80000000,8.856633019645e+12,-3.599615289840e-03,-4.088473338468e-03,-1.027004525588e-02,-1.165272236744e-02,-3.944485851179e-02,-3.697930129678e-02
400.00000000,1.160310003226e+13,-1.414749967852e-02,-1.606884919199e-02,-6.302944360474e-03,-7.151522598015e-03,-2.946955060027e-02,-2.762751425265e-02
400.20000000,4.606965839745e+12,-2.820209723698e-02,-3.203217937420e-02,-9.331358261320e-03,-1.058765803082e-02,-4.841546355735e-02,-4.538918586248e-02
400.40000000,4.333623528330e+12,-9.459081487807e-03,-1.074370435598e-02,-7.613260255622e-03,-8.638248991073e-03,-6.451109267075e-02,-6.047873469095e-02
400.60000000,-4.951964337453e+11,-1.462665041091e-02,-1.661307262610e-02,-8.823037454140e-03,-1.001090095799e-02,-1.644557599601e-02,-1.541762178140e-02
400.80000000,2.365137019048e+13,1.760090737294e-02,1.999125871319e-02,1.005032276048e-02,1.140341818494e-02,-9.072157798272e-03,-8.505089618562e-03
401.00000000,4.015711943920e+11,1.000299679552e-02,1.136148793976e-02,-1.090703427872e-02,-1.237547051989e-02,-2.067117491429e-02,-1.937909360444e-02
401.20000000,-1.085208747942e+13,1.251526620617e-02,1.421494467817e-02,-2.386670135345e-02,-2.707992397008e-02,-3.128620940989e-02,-2.933062020889e-02
401.40000000,-9.444686617402e+12,1.805681175513e-03,2.050907874710e-03,-1.748780453368e-02,-1.984222327847e-02,-4.064964424267e-02,-3.810878017492e-02
401.60000000,4.558480497672e+12,4.664648633889e-04,5.298147173345e-04,5.098979230624e-04,5.785465190415e-04,-1.723039683422e-02,-1.615338627226e-02
401.80000000,1.140622422377e+13,7.099641827596e-03,8.063832934239e-03,-6.332122367903e-03,-7.184628900017e-03,2.389615894330e-02,2.240249540092e-02
402.00000000,1.325180117502e+13,6.879701440778e-02,7.814022792000e-02,4.583113025377e-02,5.200146867198e-02,4.542012995615e-02,4.258107986585e-02
402.20000000,2.587839553515e+13,2.787942254278e-02,3.166568274109e-02,1.736313545236e-02,1.970076974480e-02,2.031617309864e-02,1.904628168429e-02
402.40000000,-7.906034740067e+12,9.939246438621e-03,1.128907974790e-02,8.867724359864e-03,1.006160415285e-02,-5.315931315862e-03,-4.983651436942e-03
402.60000000,-1.319422747913e+13,-3.110435764495e-04,-3.532859116926e-04,-6.210439494605e-03,-7.046563613634e-03,-2.654195700691e-02,-2.488291407793e-02
402.80000000,3.394158099652e+12,3.907919930634e-03,4.438648343996e-03,7.719480842933e-03,8.758770272412e-03,-1.719565595318e-02,-1.612081691961e-02
403.00000000,-1.000841285954e+13,8.394230306544e-03,9.534237423132e-03,-1.786508198142e-02,-2.027029435746e-02,-3.607114743226e-02,-3.381646884649e-02
403.20000000,-2.493689838345e+11,-2.549801899067e-03,-2.896086454609e-03,-1.009650581732e-02,-1.145581896080e-02,-2.654600962415e-02,-2.488671338054e-02
403.40000000,1.326107962317e+13,4.546936905434e-02,5.164449201567e-02,1.830987255920e-02,2.077496799671e-02,2.135875253865e-02,2.002369320742e-02
403.60000000,1.347810513933e+13,6.518906332415e-02,7.404228671681e-02,7.157281182346e-02,8.120880526391e-02,6.013905540590e-02,5.637997785932e-02
403.80000000,4.456458599827e+12,6.999693317580e-02,7.950310575454e-02,2.757748783987e-02,3.129030119957e-02,1.287106756570e-04,1.206654310554e-04
404.00000000,1.343329392845e+13,3.383724038552e-02,3.843262238440e-02,4.230972975702e-02,4.800597485371e-02,-4.297529791595e-02,-4.028906554394e-02
404.20000000,4.415343705684e+12,1.023790454094e-04,1.162829813390e-04,1.450833852285e-03,1.646162568982e-03,-1.207308314836e-02,-1.131843784383e-02
404.40000000,7.310542259606e+12,1.511405955311e-02,1.716667603155e-02,1.444880950433e-02,1.639408215828e-02,-1.948669501003e-03,-1.826865130823e-03
404.60000000,7.192667497488e+12,3.361791229774e-02,3.818350769656e-02,2.312577263438e-03,2.623924250839e-03,5.095422900581e-03,4.776926215081e-03
404.80000000,8.847862148714e+11,1.148214647643e-02,1.304151859500e-02,-1.624503957898e-02,-1.843214234656e-02,7.419054251143e-03,6.955315669549e-03
405.00000000,-2.134845783485e+13,-3.013818350850e-02,-3.423120245437e-02,-2.188078700977e-02,-2.482664193326e-02,-3.137493039477e-02,-2.941379556190e-02
405.20000000,8.570194722815e+12,5.045326758321e-03,5.730524590637e-03,-5.529775835824e-02,-6.274260820046e-02,-1.020202388914e-01,-9.564331815787e-02
405.40000000,2.622425969150e+12,-1.988137461223e-02,-2.258143259465e-02,1.025380512661e-02,1.163429579650e-02,-6.116065462483e-02,-5.733772056006e-02
405.60000000,5.998176888134e+12,5.669009217756e-04,6.438908376615e-04,-4.934633571186e-03,-5.598993340092e-03,-2.273069296476e-02,-2.130987853784e-02
405.80000000,-5.194333532441e+12,2.595380485342e-02,2.947854996463e-02,5.827388776024e-03,6.611941996585e-03,-7.888090203879e-03,-7.395033860199e-03
406.00000000,-2.142221586261e+13,1.848343539618e-02,2.099364146883e-02,3.076858717542e-03,3.491102473853e-03,1.296179363262e-02,1.215159821005e-02
406.20000000,4.278394329290e+12,1.368258398602e-03,1.554079403599e-03,-2.978110865984e-03,-3.379059997901e-03,5.501252796019e-03,5.157389133313e-03
406.40000000,1.796925541973e+10,-6.193130612112e-03,-7.034209867021e-03,-9.955716526478e-03,-1.129607492096e-02,-1.243788462822e-02,-1.166043688619e-02
406.60000000,6.598624838621e+12,-2.522062366447e-03,-2.864579660020e-03,-3.738247430005e-03,-4.241535295838e-03,-1.501006345935e-02,-1.407183800599e-02
406.80000000,-6.093963824346e+12,-1.788189381911e-02,-2.031040548336e-02,-1.329232759320e-02,-1.508190073184e-02,-4.477013718995e-02,-4.197171582580e-02
407.00000000,3.772125122535e+12,1.622000246743e-02,1.842281530061e-02,-1.621720638584e-02,-1.840056191394e-02,-5.349173916424e-03,-5.014816161280e-03
407.20000000,1.186107639634e+13,-3.609071908182e-03,-4.099214245162e-03,-3.435451863941e-02,-3.897973745959e-02,-3.554440229006e-02,-3.332264866169e-02
407.40000000,-2.341806963578e+12,3.129724117364e-03,3.554766990440e-03,-9.260514990815e-03,-1.050727698651e-02,-2.510871970765e-02,-2.353926332295e-02
407.60000000,2.819984359501e+12,-8.054649871553e-03,-9.148539107357e-03,3.952247814361e-04,4.484346987836e-04,-2.893057270437e-02,-2.712222593988e-02
407.80000000,-2.818757392124e+12,1.492052666627e-02,1.694685975003e-02,2.225654872904e-02,2.525299321817e-02,6.164668480487e-03,5.779337072957e-03
408.00000000,1.116532967885e+13,1.652110813631e-02,1.876481365326e-02,2.612404849793e-02,2.964118235855e-02,8.869876706299e-03,8.315452395134e-03
408.20000000,1.466603406932e+13,2.447372076244e-02,2.779745799858e-02,3.423352013227e-02,3.884244867697e-02,2.226150787609e-02,2.087002053321e-02
408.40000000,1.340450979605e+13,-1.550859899706e-02,-1.761479725220e-02,-8.910760093779e-03,-1.011043387528e-02,-3.098467539321e-02,-2.904793400656e-02
408.60000000,1.497592725466e+13,-2.695311809578e-02,-3.061357835495e-02,-1.980596023592e-02,-2.247247700469e-02,-2.077973665029e-02,-1.948086953410e-02
408.80000000,1.906913619473e+13,-5.406620160679e-02,-6.140884677469e-02,-2.125971632770e-02,-2.412195524021e-02,-3.407865410989e-02,-3.194851916485e-02
409.00000000,1.870171223616e+13,-1.693665091952e-02,-1.923679064339e-02,2.819587527996e-02,3.199194340029e-02,6.214593561327e-03,5.826141515318e-03
409.20000000,-1.312810535089e+13,-1.531676886214e-02,-1.739691497064e-02,2.949100454634e-02,3.346143855782e-02,9.562011024481e-03,8.964323869276e-03
409.40000000,-3.523230906106e+12,-9.243251900404e-03,-1.049856329431e-02,2.288635797966e-02,2.596759497104e-02,2.020818858039e-02,1.894504689257e-02
409.60000000,1.894768717214e+12,-7.484446505601e-03,-8.500897325808e-03,2.259035332950e-02,2.563173861191e-02,2.084320098554e-02,1.954036694043e-02
409.80000000,8.005492916176e+12,-1.837256200353e-02,-2.086771053640e-02,1.267932793556e-02,1.438637168169e-02,8.320229569774e-03,7.800161737863e-03
410.00000000,2.154511365075e+12,-3.363419852071e-02,-3.820200572567e-02,-1.546295423072e-02,-1.754476325486e-02,7.351062346596e-03,6.891573696100e-03
410.20000000,-3.459468138618e+11,-4.785418610374e-02,-5.435318728962e-02,-1.447738821983e-02,-1.642650848445e-02,1.508505667105e-02,1.414214365989e-02
410.40000000,-1.494424352745e+13,-4.311775144798e-02,-4.897350494853e-02,3.530589054815e-03,4.005919450623e-03,9.464141155167e-03,8.872571495918e-03
410.60000000,-1.145437801094e+13,-7.802698395211e-03,-8.862370500251e-03,1.617067360109e-02,1.834776432559e-02,2.754752663419e-02,2.582562913954e-02
410.80000000,-1.006198001008e+13,8.338348716022e-03,9.470766642350e-03,1.273342245463e-02,1.444774905605e-02,3.679504819077e-02,3.449512115425e-02
411.00000000,1.271794375186e+13,6.224426830161e-03,7.069756374852e-03,-1.559814311016e-03,-1.769815288850e-03,2.608490736484e-02,2.445443297647e-02
411.20000000,1.434231137129e+13,-1.072549176971e-02,-1.218210381153e-02,-2.025529876331e-02,-2.298231089326e-02,2.170045112234e-03,2.034403343314e-03
411.40000000,5.165492778818e+12,-1.761298485102e-02,-2.000497641442e-02,-2.306638561831e-02,-2.617186009738e-02,-2.232027002328e-02,-2.092510966847e-02
411.60000000,-7.058707648169e+12,-2.134241266870e-02,-2.424089191443e-02,-4.198577359561e-02,-4.763840381443e-02,3.660429309121e-02,3.431628947461e-02
411.80000000,-1.054222562495e+13,-2.208064659574e-03,-2.507938422131e-03,-2.793878710169e-02,-3.170024291692e-02,8.683436626356e-03,8.140666018654e-03
412.00000000,-1.261141961764e+12,1.617819714324e-02,1.837533246159e-02,-6.174093028154e-03,-7.005323748371e-03,1.644502882792e-02,1.541710881483e-02
412.20000000,1.016384299729e+13,1.614141802641e-02,1.833355843118e-02,1.502036794089e-02,1.704259067135e-02,1.720908105923e-03,1.613340287023e-03
412.40000000,1.919062539687e+13,2.960485506652e-02,3.362544352179e-02,1.684698289540e-02,1.911512651775e-02,1.076816501083e-02,1.009508547813e-02
412.60000000,2.279831381998e+12,1.614370412747e-02,1.833615500400e-02,4.626034021252e-03,5.248846404173e-03,1.894354438833e-02,1.775945109184e-02
412.80000000,6.158069420624e+12,5.979481913097e-03,6.791545876737e-03,-9.822752442747e-03,-1.114520961180e-02,1.477212319808e-02,1.384877054057e-02
413.00000000,7.155320368514e+12,-7.477404406574e-03,-8.492898850471e-03,-1.370467398569e-04,-1.554976215901e-04,1.905382682217e-02,1.786284016466e-02
413.20000000,1.105184484778e+13,1.145240337759e-02,1.300773613303e-02,-1.508855986662e-02,-1.711996341493e-02,2.992169903061e-02,2.805140049961e-02
413.40000000,4.359726487049e+12,1.605179330215e-02,1.823176191514e-02,-1.636958944377e-02,-1.857346061334e-02,5.511282077919e-03,5.166791520624e-03
413.60000000,3.254065304994e+12,-2.870567985967e-03,-3.260415275491e-03,-1.358885038527e-02,-1.541834499138e-02,-1.388498303498e-02,-1.301708234035e-02
413.80000000,1.341727001130e+13,1.327050996458e-02,1.507275689466e-02,6.364468180778e-03,7.221329495564e-03,2.230235107079e-04,2.090831076572e-04
414.00000000,1.865667479545e+12,2.585383735828e-02,2.936500604239e-02,5.631078389701e-03,6.389201943093e-03,4.391279160386e-03,4.116795985000e-03
414.20000000,-1.031607750406e+13,1.750986548289e-02,1.988785256831e-02,9.211102356535e-03,1.045121182863e-02,1.161231713317e-02,1.088647266647e-02
414.40000000,4.430152855468e+12,7.304340154963e-03,8.296331017085e-03,-8.360956178777e-03,-9.486608739323e-03,6.087447774834e-03,5.706943157794e-03
414.60000000,6.038176049634e+11,-6.670084058790e-04,-7.575937605516e-04,-1.817857248871e-02,-2.062599073029e-02,-7.113628518504e-03,-6.668981008526e-03
414.80000000,3.338953335172e+12,-1.458714326579e-02,-1.656820007820e-02,-1.766518654056e-02,-2.004348658624e-02,-6.863598044477e-03,-6.434579046363e-03
415.00000000,7.160360972286e+12,-7.703486126951e-03,-8.749684371048e-03,-2.028245441339e-02,-2.301312256383e-02,-2.365422403735e-02,-2.217568298178e-02
415.20000000,1.220263434747e+13,-1.156963753482e-02,-1.314089167539e-02,-1.651259087504e-02,-1.873571461859e-02,-1.688934740208e-02,-1.583365462196e-02
415.40000000,-2.249257433222e+13,-9.384343804322e-03,-1.065881666613e-02,-7.874026769241e-03,-8.934123031568e-03,-3.073803558786e-03,-2.881671077448e-03
415.60000000,4.910658683173e+12,-1.130957508657e-02,-1.284551055813e-02,-5.837801325264e-03,-6.623756408538e-03,-2.313180247202e-02,-2.168591612250e-02
415.80000000,1.676835964083e+13,-1.340260125040e-02,-1.522278728870e-02,5.725594443437e-03,6.496442885660e-03,-2.467916929784e-02,-2.313656257498e-02
416.00000000,1.050279473291e+13,-7.896486627234e-03,-8.968895963450e-03,1.277213661814e-02,1.449167538625e-02,-3.702032609671e-02,-3.470631774294e-02
416.20000000,2.759748093579e+12,-6.587206403927e-03,-7.481804467677e-03,9.467753740042e-03,1.074241671067e-02,-4.849680909940e-02,-4.546544678524e-02
416.40000000,3.277222618369e+13,-2.296932403006e-02,-2.608875152981e-02,-2.177258845007e-02,-2.470387638108e-02,-6.828895157830e-02,-6.402045313208e-02
416.60000000,1.725499697408e+13,-1.693662787580e-02,-1.923676447014e-02,-3.436914308675e-02,-3.899633082606e-02,-5.699432226950e-02,-5.343181075881e-02
416.80000000,-1.315414962191e+13,-4.433607658684e-02,-5.035728889396e-02,-1.758391237054e-02,-1.995127030916e-02,-4.957007873233e-02,-4.647163016696e-02
417.00000000,3.751588206471e+12,-2.395377530120e-03,-2.720689956814e-03,8.975882074373e-03,1.018432336077e-02,-1.586211120813e-02,-1.487062729337e-02
417.20000000,3.558101244522e+13,-4.432040192688e-03,-5.033948548326e-03,7.253033760949e-03,8.229524469687e-03,2.016135202266e-03,1.890113792077e-03
417.40000000,-7.929274729348e+12,1.012692284844e-02,1.150224419355e-02,4.523600480004e-03,5.132622026623e-03,1.853619775380e-02,1.737756624047e-02
417.60000000,5.203566006492e+12,3.763526793338e-03,4.274645403526e-03,1.095258321231e-02,1.242715179920e-02,1.366138009131e-02,1.280745601802e-02
417.80000000,-7.337782347002e+12,1.113939347478e-02,1.265221685131e-02,2.169222858584e-02,2.461269750464e-02,4.220436204714e-02,3.956631812263e-02
418.00000000,-1.387847215231e+13,5.644583175671e-02,6.411165072455e-02,4.531264238910e-02,5.141317573000e-02,3.542700108942e-02,3.321258579076e-02
418.20000000,1.378635015859e+13,8.933813518402e-03,1.014710057598e-02,5.486192574845e-02,6.224809855869e-02,-1.062107917717e-02,-9.957193454558e-03
418.40000000,2.534867032177e+12,9.225912834704e-03,1.047886943757e-02,3.600953197960e-02,4.085756861682e-02,-3.786528503624e-04,-3.549846131718e-04
418.60000000,7.634131926473e+12,-3.396311837438e-03,-3.857559566346e-03,3.155104629441e-02,3.579882792247e-02,-1.990046477042e-04,-1.865655779879e-04
418.80000000,5.757030244740e+12,-1.257404625058e-02,-1.428170754727e-02,2.245215307348e-02,2.547493217393e-02,5.119946338371e-03,4.799916780368e-03
419.00000000,1.161399266923e+13,-9.032617780253e-03,-1.025932328807e-02,3.846228931309e-03,4.364054566608e-03,8.935787543226e-03,8.377243381067e-03
419.20000000,-9.933658339910e+12,1.448490875004e-02,1.645208125486e-02,1.104646617644e-02,1.253367441801e-02,1.510882544556e-03,1.416442673320e-03
419.40000000,-1.369798072128e+12,2.960813729470e-02,3.362917150418e-02,8.476256663907e-03,9.617432363619e-03,2.213810629056e-02,2.075433234003e-02
419.60000000,2.348273052511e+12,4.289688862773e-02,4.872264709863e-02,3.484040648706e-02,3.953104137787e-02,4.683432709216e-02,4.390688059016e-02
419.80000000,2.314763704131e+12,2.527174042965e-04,2.870385545231e-04,3.930378044468e-02,4.459532846272e-02,7.005912076054e-03,6.567997536149e-03
420.00000000,9.080200895559e+12,-9.408888047776e-03,-1.068669422439e-02,4.781197072701e-02,5.424899373285e-02,1.527384737989e-03,1.431913373585e-03
420.20000000,-5.565628473426e+12,2.598126527093e-03,2.950973973794e-03,5.687725481291e-02,6.453475548006e-02,7.259413608063e-03,6.805653592858e-03
420.40000000,7.840708919137e+12,9.762804435719e-03,1.108867543617e-02,3.612490900311e-02,4.098847908401e-02,4.447782694895e-03,4.169767685388e-03
420.60000000,1.771556165925e+13,-1.284013829602e-02,-1.458393713175e-02,7.420069668186e-03,8.419048761346e-03,-1.307833421410e-02,-1.226085425604e-02
420.80000000,-5.775084723396e+10,-3.292363690931e-03,-3.739494386776e-03,-8.634844362192e-03,-9.797371046746e-03,4.254168956158e-04,3.988256049906e-04
421.00000000,6.120283603406e+12,-4.954605442648e-02,-5.627482556836e-02,-3.315289072989e-02,-3.761633193705e-02,-3.760815033212e-02,-3.525739918501e-02
421.20000000,-5.037041769040e+12,-5.183354780332e-02,-5.887297979600e-02,-4.233302851213e-02,-4.803241036767e-02,-1.971821965720e-02,-1.848570417667e-02
421.40000000,1.022423715494e+13,-1.613537681751e-02,-1.832669677527e-02,-1.341516697769e-02,-1.522127823287e-02,3.272128483105e-03,3.067599419132e-03
421.60000000,-1.351781799753e+13,1.990494524735e-02,2.260820432038e-02,2.543537506870e-02,2.885979142280e-02,1.419482068225e-02,1.330755314298e-02
421.80000000,3.342400116365e+12,1.226899841641e-02,1.393523165011e-02,2.565107107914e-02,2.910452702648e-02,-1.031695969813e-02,-9.672083397890e-03
422.00000000,-5.931984324823e+12,4.848927631344e-03,5.507452809435e-03,2.513928671510e-03,2.852384009106e-03,-2.137678685774e-02,-2.004060026564e-02
422.20000000,-8.498674762094e+11,-1.767011533626e-02,-2.006986570033e-02,2.034711327625e-03,2.308648658110e-03,-1.089687393647e-02,-1.021574926855e-02
422.40000000,5.756811978097e+12,-1.772114452381e-04,-2.012782508094e-04,-7.922544803543e-04,-8.989173147650e-04,1.060297597642e-02,9.940221820227e-03
422.60000000,1.467128927804e+13,-1.988401332536e-02,-2.258442966723e-02,-2.909407531155e-02,-3.301106993166e-02,-2.789851176749e-02,-2.615467544581e-02
422.80000000,-6.518199390533e+12,-4.052263556823e-02,-4.602595049332e-02,-4.961709650822e-02,-5.629714727479e-02,-2.322626799967e-02,-2.177447694743e-02
423.00000000,8.410273831610e+11,-2.018735489655e-02,-2.292896757653e-02,-1.094336408349e-02,-1.241669148029e-02,-1.069673392911e-02,-1.002811929818e-02
423.20000000,-1.174334102390e+13,-1.353519597065e-02,-1.537338948780e-02,-2.163012311320e-02,-2.454223064572e-02,-1.262549963644e-02,-1.183632475038e-02
423.40000000,7.060363813613e+12,-3.300185036121e-03,-3.748377936463e-03,9.513047404768e-03,1.079380835373e-02,-5.765661880242e-03,-5.405270950107e-03
423.60000000,-1.251702014981e+13,-6.765009196382e-03,-7.683754375632e-03,-4.099413301433e-03,-4.651325664185e-03,-3.362883855851e-03,-3.152681997691e-03
423.80000000,2.198246874532e+12,-1.858094869430e-02,-2.110439789344e-02,-1.775298180721e-03,-2.014310190847e-03,-1.503067329305e-02,-1.409115959260e-02
424.00000000,-1.660381788359e+13,-2.073589064712e-02,-2.355199909819e-02,-1.244420625392e-02,-1.411959508914e-02,-3.364601403822e-02,-3.154292187873e-02
424.20000000,2.336421702075e+13,-1.864422644554e-02,-2.117626929581e-02,1.047284541000e-03,1.188282591939e-03,-5.558843993584e-02,-5.211380510824e-02
424.40000000,-1.906252634697e+11,-4.098480988820e-02,-4.655089197533e-02,2.172776022078e-02,2.465301283597e-02,-2.316694445676e-02,-2.171886150729e-02
424.60000000,-2.794830224888e+12,-1.740622184023e-02,-1.977013324677e-02,1.799582558354e-02,2.041864023704e-02,-1.650607441780e-02,-1.547433866293e-02
424.80000000,1.792534885758e+13,4.286016677399e-03,4.868093810813e-03,3.533347636842e-02,4.009049426167e-02,1.318983260214e-02,1.236538327810e-02
425.00000000,5.379470365377e+12,5.194495369128e-03,5.899951554107e-03,1.831347139648e-02,2.077905135279e-02,-1.289362735228e-02,-1.208769276042e-02
425.20000000,2.387413632754e+13,2.215288715936e-02,2.516143566141e-02,6.453956441254e-03,7.322865742824e-03,-9.850701495817e-03,-9.234969330403e-03
425.40000000,1.250018558451e+13,3.098149042205e-02,3.518903754356e-02,2.241797556795e-02,2.543615328121e-02,1.375305130621e-02,1.289339719270e-02
425.60000000,1.060111921669e+13,6.681759804128e-03,7.589199015332e-03,4.568598452170e-03,5.183678167437e-03,1.169283347272e-02,1.096195621722e-02
425.80000000,2.927985039015e+13,-1.260264801870e-02,-1.431419367619e-02,-6.584245885864e-03,-7.470696320743e-03,-1.497376086230e-02,-1.403780455462e-02
426.00000000,-6.093231710663e+12,-3.686319193956e-03,-4.186952362412e-03,1.373089335579e-02,1.557951149636e-02,-1.404276744099e-03,-1.316500420671e-03
426.20000000,1.938894455759e+13,1.869536329321e-02,2.123435095773e-02,3.792159067766e-02,4.302705167202e-02,-2.188068720627e-02,-2.051300360323e-02
426.40000000,-7.921712542986e+11,4.711139192870e-02,5.350951541468e-02,4.273780921795e-02,4.849168752441e-02,1.821572994904e-02,1.707712973353e-02
426.60000000,-2.785140134959e+12,6.120021787865e-02,6.951172249200e-02,4.301687047623e-02,4.880831936831e-02,3.315426717205e-02,3.108191235273e-02
426.80000000,1.513801300844e+13,5.023923826241e-02,5.706214960265e-02,3.990775757307e-02,4.528062026212e-02,2.582225216859e-02,2.420819541838e-02
427.00000000,-1.205843606131e+13,3.578948634280e-02,4.064999977164e-02,3.095194250478e-02,3.511906556934e-02,2.087449144500e-02,1.956970154504e-02
427.20000000,-3.840377532867e+12,4.259849814465e-03,4.838373267687e-03,1.256081790704e-02,1.425190640664e-02,9.366362402572e-03,8.780904543898e-03
427.40000000,1.552659931114e+13,-1.823349172556e-02,-2.070975334435e-02,-1.330440145263e-03,-1.509560011955e-03,3.556368917132e-03,3.334072998889e-03
427.60000000,3.251212249073e+12,-2.718770836268e-02,-3.088002795427e-02,-1.447762746847e-02,-1.642677994362e-02,-3.268677983011e-02,-3.064364597475e-02
427.80000000,-2.087741882867e+13,7.534911893055e-03,8.558216337567e-03,-1.329609476345e-03,-1.508617508389e-03,-9.834779846866e-03,-9.220042886859e-03
428.00000000,-2.036216587562e+13,8.706672141819e-03,9.889111488966e-03,1.005991220981e-02,1.141429868137e-02,-2.143736175742e-02,-2.009738884470e-02
428.20000000,8.729945889203e+12,2.689416834694e-02,3.054662273413e-02,2.275529053325e-02,2.581888164736e-02,1.395978016071e-03,1.308720416491e-03
428.40000000,5.159294279699e+12,8.205227688218e-03,9.319566658702e-03,-8.392545304349e-04,-9.522450773209e-04,-2.358752957718e-02,-2.211315735410e-02
428.60000000,-1.005269281909e+13,-2.223222698058e-02,-2.525155049803e-02,-1.199017504211e-02,-1.360443673048e-02,-4.375596143877e-03,-4.102093257834e-03
428.80000000,8.703971764000e+12,-3.986519519806e-02,-4.527922418825e-02,-3.055818087592e-02,-3.467229101035e-02,-1.330012690002e-03,-1.246878347337e-03
429.00000000,7.446885110559e+11,-4.469206966136e-02,-5.076162882383e-02,-2.989694465809e-02,-3.392203121366e-02,-4.469479893242e-02,-4.190108669364e-02
429.20000000,6.470181741946e+12,-1.047468459556e-01,-1.189723491249e-01,-6.596344627202e-02,-7.484423940272e-02,-1.814900760202e-01,-1.701457796210e-01
429.40000000,3.427433644306e+12,5.900451954098e-02,6.701782984236e-02,5.926244431972e-02,6.724106790850e-02,-5.307831918130e-02,-4.976058303633e-02
429.60000000,2.024487383528e+13,7.399294071892e-04,8.404180475014e-04,4.910094049313e-03,5.571150012406e-03,-3.505861400632e-02,-3.286722526841e-02
429.80000000,1.056940146067e+13,-1.433471712492e-02,-1.628149234312e-02,-5.603607997540e-04,-6.358033156076e-04,-2.158016639499e-03,-2.023126727445e-03
430.00000000,-1.240089654662e+13,-1.802228426578e-02,-2.046986213413e-02,-1.136420653999e-02,-1.289419281391e-02,-1.829710448698e-02,-1.715341783975e-02
430.20000000,-1.187695318463e+13,-4.151608806539e-02,-4.715432219992e-02,-2.085704071569e-02,-2.366506659037e-02,-3.565227046715e-02,-3.342377438431e-02
430.40000000,-5.028448858842e+12,-3.777779251733e-02,-4.290833465711e-02,-2.314003853268e-02,-2.625542905363e-02,-4.362943677278e-02,-4.090231651731e-02
430.60000000,1.125782894007e+13,-6.543974221464e-02,-7.432700991018e-02,-2.287934015473e-02,-2.595963232205e-02,1.465631261532e-03,1.374019886368e-03
430.80000000,-1.617553569984e+13,2.707355697126e-02,3.075037384327e-02,-9.544022150291e-02,-1.082895329234e-01,4.517127872790e-02,4.234778343902e-02
431.00000000,-2.201663652165e+12,3.427611162011e-02,3.893109602593e-02,4.934112640940e-02,5.598402275946e-02,1.859494338948e-02,1.743263989629e-02
431.20000000,1.791484707038e+12,6.306597939240e-03,7.163087012048e-03,1.784126783953e-02,2.024327406914e-02,-1.267588966200e-02,-1.188356507543e-02
431.40000000,-8.247755146182e+11,-1.302791581805e-02,-1.479721642150e-02,-4.271927340362e-03,-4.847065619564e-03,-2.997633514105e-02,-2.810262150193e-02
431.60000000,6.177988845686e+12,6.393697307541e-03,7.262015207543e-03,2.889664518070e-02,3.278705938014e-02,-2.612948349604e-02,-2.449622281293e-02
431.80000000,2.304182836929e+13,-2.018956653744e-02,-2.293147957688e-02,2.226653115203e-02,2.526431959510e-02,1.477034397546e-02,1.384710253080e-02
432.00000000,2.435220505963e+12,-1.624687446786e-02,-1.845333674484e-02,-5.797541754364e-04,-6.578076609600e-04,-2.331555270956e-03,-2.185818078901e-03
432.20000000,4.653360799124e+12,-2.671521001760e-02,-3.034336035765e-02,-2.856888230106e-02,-3.241516911641e-02,-1.238981152294e-02,-1.161536865901e-02
432.40000000,-9.394349802899e+12,-5.886309028077e-03,-6.685719329842e-03,6.001277746598e-03,6.809241993457e-03,6.625544120768e-04,6.211405023139e-04
432.60000000,1.265413038168e+13,1.181669515886e-02,1.342150180387e-02,4.369897450597e-02,4.958225645293e-02,7.307505897802e-03,6.850739805343e-03
432.80000000,-1.355452863436e+13,1.415858287096e-02,1.608143757524e-02,2.391835553564e-02,2.713853246003e-02,-1.195796584266e-02,-1.121051610973e-02
433.00000000,2.352566059104e+13,-6.137181725616e-03,-6.970662650905e-03,-1.645307767075e-02,-1.866818903038e-02,-2.219950305309e-02,-2.081189141023e-02
433.20000000,6.492315034354e+12,1.157570245419e-02,1.314778026184e-02,4.822741156635e-03,5.472036621860e-03,1.821604068114e-03,1.707742104288e-03
433.40000000,1.052109434679e+13,-1.968418826980e-02,-2.235746668752e-02,-2.841242192149e-03,-3.223764415724e-03,-6.116005766036e-03,-5.733716090971e-03
433.60000000,1.928550074046e+13,2.697518327012e-03,3.063864016566e-03,2.119325057674e-02,2.404654106982e-02,1.076572525502e-02,1.009279822273e-02
433.80000000,-1.815584925018e+13,1.059295110894e-02,1.203156301365e-02,3.883240841415e-02,4.406049465559e-02,4.483007953229e-02,4.202791138642e-02
434.00000000,1.154863906302e+13,-5.745442151889e-03,-6.525721546413e-03,4.998702811558e-02,5.671688352796e-02,2.310138499212e-02,2.165739993062e-02
434.20000000,-1.170739481173e+13,-1.698016950870e-02,-1.928621942321e-02,2.654903806437e-02,3.012338913597e-02,1.848055326163e-04,1.732539988679e-04
434.40000000,2.542077251114e+13,-5.986672401227e-03,-6.799712893665e-03,-1.676479763364e-02,-1.902187648681e-02,-1.913664425568e-02,-1.794048097621e-02
434.60000000,6.669702601313e+12,-2.731340722227e-03,-3.102279777679e-03,-8.949568078286e-03,-1.015446665779e-02,-2.274751071552e-02,-2.132564507107e-02
434.80000000,-2.982295728981e+12,1.135473399716e-02,1.289680242881e-02,7.638905327914e-03,8.667346711684e-03,-1.751287711148e-02,-1.641820971637e-02
435.00000000,1.244639530458e+13,9.255463840337e-03,1.051243371845e-02,5.136903058950e-03,5.828494780991e-03,-5.855321497449e-03,-5.489326264891e-03
435.20000000,4.160732894546e+12,1.832017135472e-02,2.080820479660e-02,1.173465516608e-02,1.331451569309e-02,4.637791070619e-03,4.347899316224e-03
435.40000000,8.613078301944e+12,-1.121605130294e-02,-1.273928545764e-02,2.437165810501e-03,2.765286407764e-03,2.290372694707e-04,2.147209678400e-04
435.60000000,-7.237887980476e+12,-2.745284390528e-02,-3.118117113478e-02,-6.567892427148e-03,-7.452141162571e-03,-6.140958462142e-03,-5.757109083170e-03
435.80000000,2.203608677774e+13,-5.925607244939e-02,-6.730354575265e-02,-3.007610068711e-02,-3.412530738378e-02,-4.393106328092e-02,-4.118508942979e-02
436.00000000,1.616619543504e+13,-2.712742391509e-02,-3.081155637138e-02,-4.721056268357e-02,-5.356661689954e-02,-4.149233825578e-02,-3.889880039524e-02
436.20000000,2.792548667378e+12,-8.180876703976e-03,-9.291908605874e-03,-4.087018572039e-02,-4.637262207127e-02,-2.180176475509e-02,-2.043901431258e-02
436.40000000,-1.229352730622e+13,1.704198447573e-02,1.935642938296e-02,-2.820168568272e-02,-3.199853606941e-02,-1.158900927883e-02,-1.086462170285e-02
436.60000000,1.242178684451e+13,1.601944337164e-02,1.819501859183e-02,-6.775396134874e-03,-7.687581517127e-03,6.199111774086e-03,5.811627439298e-03
436.80000000,-3.609624838292e+12,4.597522615495e-03,5.221904876755e-03,-5.997662702247e-03,-6.805140248321e-03,1.791873588389e-02,1.679869970658e-02
437.00000000,-4.979135610588e+11,-4.294977812883e-02,-4.878271943907e-02,-4.387281867502e-02,-4.977950561655e-02,-6.474995757043e-03,-6.070266899892e-03
437.20000000,3.312152385767e+12,-3.378048565657e-02,-3.836815988565e-02,-9.172026377621e-02,-1.040687497108e-01,-3.699380159808e-02,-3.468145119598e-02
437.40000000,2.404375752801e+13,-1.629846261507e-02,-1.851193099657e-02,-7.485379905119e-02,-8.493151848506e-02,-1.305444055258e-02,-1.223845410196e-02
437.60000000,9.253650255574e+12,-5.139642824688e-03,-5.837649572524e-03,-4.633068145972e-02,-5.256827547431e-02,-1.112035291186e-03,-1.042525937141e-03
437.80000000,1.331698068490e+13,2.779880566862e-03,3.157411741700e-03,-2.001082076142e-02,-2.270491832001e-02,-6.114156788282e-03,-5.731982686211e-03
438.00000000,1.706895838904e+13,-1.112042025818e-02,-1.263066691223e-02,-1.890607040095e-02,-2.145143316828e-02,4.447737070129e-03,4.169724912463e-03
438.20000000,1.124449072872e+13,-2.224407326202e-03,-2.526500560418e-03,8.899604885101e-03,1.009777681814e-02,2.892232399433e-02,2.711449282724e-02
438.40000000,9.788162496474e+12,2.670833333314e-02,3.033554976158e-02,1.001522090494e-02,1.136359049509e-02,3.115867456930e-02,2.921105711565e-02
438.60000000,5.286389046842e+12,2.337728987106e-02,2.655212256522e-02,5.286839978366e-03,5.998618013270e-03,3.896147629177e-02,3.652613357278e-02
438.80000000,9.625011100783e+12,3.159580414782e-02,3.588678024300e-02,3.687404589113e-03,4.183847379717e-03,1.211064340984e-02,1.135365034752e-02
439.00000000,1.119265599411e+13,1.388900160443e-02,1.577524490407e-02,1.192191288428e-02,1.352698429930e-02,3.477354273147e-02,3.259997278072e-02
439.20000000,3.321675801128e+13,-8.533458500204e-04,-9.692373977150e-04,2.036022142354e-02,2.310135950496e-02,3.229403791852e-03,3.027545295724e-03
439.40000000,1.416017110393e+13,-2.111560299718e-02,-2.398327958083e-02,4.596771459476e-03,5.215644164101e-03,5.291730946262e-03,4.960963746007e-03
439.60000000,-1.512422087465e+12,-1.433928508765e-02,-1.628668067364e-02,4.825364428054e-03,5.475013069653e-03,3.031309451025e-04,2.841833124585e-04
439.80000000,1.327577243649e+13,6.602015104195e-03,7.498624314063e-03,5.950195200677e-03,6.751282100331e-03,1.133392196649e-02,1.062547898728e-02
440.00000000,2.530951521808e+13,1.575860261536e-02,1.789875346575e-02,-4.099095750952e-03,-4.650965361236e-03,3.554032848461e-03,3.331882949527e-03
440.20000000,-5.623881590069e+12,2.824007427067e-02,3.207531400867e-02,3.138868552027e-03,3.561460818660e-03,4.932541838271e-03,4.624226266192e-03
440.40000000,1.374847511473e+13,-2.701595025059e-02,-3.068494364514e-02,-1.643470524117e-02,-1.864734308318e-02,-3.916078342861e-02,-3.671298273238e-02
440.60000000,-2.339480762478e+13,-9.463563319251e-03,-1.074879485785e-02,1.391087965917e-02,1.578372972237e-02,8.472490810908e-03,7.942905672666e-03
440.80000000,7.272768961670e+12,-2.864987323956e-02,-3.254076712616e-02,-2.196497601065e-02,-2.492216547080e-02,-2.001585806863e-02,-1.876473827413e-02
441.00000000,-4.623717783895e+12,1.710246175530e-02,1.942511998604e-02,1.738174845627e-02,1.972188865533e-02,2.830031071258e-02,2.653135937401e-02
441.20000000,1.372433004748e+13,1.760249309161e-02,1.999305978580e-02,8.752943217733e-03,9.931369791762e-03,3.156068225004e-02,2.958793673217e-02
441.40000000,3.268152910573e+12,9.735009415479e-03,1.105710561828e-02,7.122663050764e-04,8.081601685246e-04,1.292454388283e-02,1.211667680907e-02
441.60000000,1.635139282795e+13,-2.591869270581e-03,-2.943866929189e-03,-9.103966528691e-03,-1.032965208606e-02,1.293382995138e-04,1.212538243867e-04
441.80000000,-5.424250062908e+12,-3.374408281011e-04,-3.832681322624e-04,2.307668798665e-04,2.618354949460e-04,-5.898477629585e-03,-5.529784861354e-03
442.00000000,2.733596281647e+13,-5.615602709727e-02,-6.378248815354e-02,-2.124077313651e-02,-2.410046168862e-02,-5.175766896371e-02,-4.852248194669e-02
442.20000000,-1.191338763395e+13,4.860852451116e-02,5.520997120084e-02,4.028330881117e-02,4.570673272836e-02,8.384679224033e-02,7.860582874438e-02
442.40000000,-1.176941131842e+13,3.648989252742e-02,4.144552701035e-02,3.515782139203e-02,3.989119049802e-02,5.476858150591e-02,5.134519310037e-02
442.60000000,-1.286201237420e+13,1.401914074600e-02,1.592305803624e-02,-5.831519135689e-03,-6.616628434985e-03,1.512758750747e-02,1.418201604564e-02
442.80000000,-9.319473538532e+12,1.146861441921e-02,1.302614877052e-02,2.423246560090e-03,2.749493180318e-03,9.571900817973e-03,8.973595487101e-03
443.00000000,-1.086299215665e+13,1.329775704027e-02,1.510370435252e-02,2.351028272637e-02,2.667551997725e-02,1.736779499408e-03,1.628219616391e-03
443.20000000,2.828503259615e+13,3.685220486185e-02,4.185704440880e-02,5.685135308839e-02,6.450536655361e-02,3.126215345095e-02,2.930806790201e-02
443.40000000,3.522663936576e+11,7.642376638834e-02,8.680275700183e-02,1.012083375437e-01,1.148342221757e-01,4.918528730302e-02,4.611089067549e-02
443.60000000,1.365282669819e+13,7.911083422943e-02,8.985475126854e-02,1.256790140058e-01,1.425994356534e-01,1.077243399787e-01,1.009908762603e-01
443.80000000,-9.476481869949e+12,4.265346623359e-02,4.844616589486e-02,7.071583153411e-02,8.023644797265e-02,1.144941630701e-01,1.073375418910e-01
444.00000000,3.069138239145e+13,2.244163074210e-03,2.548939305259e-03,6.735362787238e-03,7.642158398356e-03,2.470132902218e-02,2.315733717410e-02
444.20000000,1.433957390974e+13,-7.863056751879e-03,-8.930926029694e-03,4.493354885608e-03,5.098304406247e-03,8.985721982374e-03,8.424056596781e-03
444.40000000,1.157859967731e+13,1.207983117773e-02,1.372037390850e-02,1.573004220514e-02,1.784780982730e-02,1.404409123054e-03,1.316624525092e-03
444.60000000,-2.423323710730e+13,3.616648706984e-03,4.107820037005e-03,9.623731591471e-03,1.091939417794e-02,-8.852337014911e-03,-8.299009047205e-03
444.80000000,1.434833291389e+12,5.463528336640e-03,6.205521462633e-03,1.458083089184e-02,1.654387785410e-02,-5.528989594550e-03,-5.183392203639e-03
445.00000000,-5.549185732183e+12,-4.656084630736e-03,-5.288420106489e-03,1.320453772165e-02,1.498229153107e-02,-5.494940713549e-03,-5.151471596572e-03
445.20000000,-2.762107656698e+12,-5.868348719635e-03,-6.665319860370e-03,3.633891454212e-02,4.123129662464e-02,1.523048730095e-03,1.427848394057e-03
445.40000000,-7.232736393372e+12,9.979745789811e-03,1.133507925180e-02,2.534462600697e-02,2.875682463005e-02,4.328952824887e-02,4.058365446113e-02
445.60000000,-1.564975983255e+13,1.055659771141e-03,1.199027251881e-03,-1.048192747881e-02,-1.189313072562e-02,3.057510583754e-03,2.866396518090e-03
445.80000000,1.389923271753e+13,2.106815361122e-02,2.392938616895e-02,-7.669458548774e-03,-8.702013374901e-03,2.175545268882e-02,2.039559704815e-02
446.00000000,-5.161095430179e+12,1.470703900264e-02,1.670437866508e-02,-1.627522431842e-02,-1.846639091896e-02,-4.520844706798e-03,-4.238262851892e-03
446.20000000,1.456302874321e+13,1.063055332968e-03,1.207427193241e-03,-5.534865695800e-03,-6.280035938238e-03,-1.301695676863e-02,-1.220331329546e-02
446.40000000,-1.005497852974e+13,-1.312714058135e-02,-1.490991674267e-02,1.363152201484e-02,1.546676158936e-02,-2.395751878253e-02,-2.246001985576e-02
446.60000000,7.917899815995e+12,-1.836387239330e-02,-2.085784080398e-02,1.547334272802e-02,1.755655037672e-02,9.002314795742e-05,8.439612252683e-05
446.80000000,-2.161141028244e+13,-1.756512492753e-02,-1.995061671056e-02,3.789094640181e-02,4.299228169489e-02,-3.656008362057e-02,-3.427484338007e-02
447.00000000,2.419990589558e+13,-1.702886559153e-02,-1.934152884388e-02,-1.500549957286e-03,-1.702572054463e-03,-2.455048278259e-02,-2.301591979414e-02
447.20000000,4.643321969365e+12,-1.277079456013e-02,-1.450517593297e-02,-1.921171559356e-02,-2.179822799573e-02,-3.403422456139e-02,-3.190686674873e-02
447.40000000,4.386140510985e+12,1.208562901510e-02,1.372695914098e-02,1.067452903480e-02,1.211166262140e-02,-1.865655979565e-02,-1.749040488100e-02
447.60000000,-7.195106477172e+12,2.836745300760e-04,3.221999185006e-04,-8.733202810393e-04,-9.908971693168e-04,-3.121500765486e-02,-2.926386902124e-02
447.80000000,2.029872099369e+13,1.147829148337e-02,1.303714006143e-02,5.711716895400e-03,6.480696975064e-03,-2.525888676594e-02,-2.368004397480e-02
448.00000000,8.489270256201e+12,-6.237147005297e-03,-7.084204056816e-03,1.078475428835e-02,1.223672772536e-02,-2.591204991934e-02,-2.429238023248e-02
448.20000000,1.198662864071e+13,4.137821428867e-05,4.699772400452e-05,-5.295299007014e-03,-6.008215898174e-03,2.849031117865e-03,2.670948358959e-03
448.40000000,6.194781636399e+12,1.462275081491e-02,1.660864343213e-02,3.875269138245e-02,4.397004515754e-02,3.473026914754e-03,3.255940407395e-03
448.60000000,-4.006635202799e+12,2.108169542364e-02,2.394476707346e-02,1.839184245471e-02,2.086797366621e-02,-1.232109668488e-03,-1.155094894004e-03
448.80000000,-2.080781831869e+12,4.303352301193e-02,4.887783758204e-02,5.687467187083e-02,6.453182479123e-02,2.478399729601e-02,2.323483814941e-02
449.00000000,-6.178724120985e+12,2.847754402767e-02,3.234503415707e-02,3.037022322726e-02,3.445902824061e-02,-3.162540018074e-02,-2.964860937619e-02
449.20000000,6.348191308333e+12,2.524523607770e-02,2.867375158627e-02,2.818191135045e-03,3.197609947851e-03,-1.898179285687e-02,-1.779530878524e-02
449.40000000,1.273197500153e+13,3.542697671055e-03,4.023825828067e-03,-5.269934406747e-03,-5.979436410109e-03,-2.202083140542e-02,-2.064438788907e-02
449.60000000,3.054909766565e+13,-1.945605706582e-02,-2.209835334621e-02,-8.962767060315e-03,-1.016944264565e-02,-7.739533196237e-03,-7.255762620483e-03
449.80000000,1.029209135833e+13,3.078255285989e-02,3.496308258632e-02,1.239822490070e-02,1.406742317268e-02,3.301052399133e-02,3.094715404481e-02
450.00000000,-6.708208330377e+12,3.010934692883e-02,3.419844962452e-02,5.033432159268e-02,5.711093383328e-02,5.490615281379e-02,5.147416531718e-02
450.20000000,8.686964393897e+12,1.606584384756e-02,1.824772064286e-02,4.939670399452e-02,5.604708286807e-02,3.500240876120e-02,3.281453321240e-02
450.40000000,-2.706246782233e+11,1.968051026632e-02,2.235328918021e-02,5.835484281366e-02,6.621127416301e-02,3.352801619933e-02,3.143229966328e-02
450.60000000,5.145963693447e+12,6.608652728184e-03,7.506163383249e-03,2.305056190919e-02,2.615390601007e-02,3.078412445434e-03,2.885991879055e-03
450.80000000,7.807470132104e+12,-1.543408269990e-02,-1.753016101481e-02,-7.545260869359e-04,-8.561094708927e-04,-2.498027685724e-02,-2.341884897634e-02
451.00000000,-1.457603541796e+13,-1.907720586187e-02,-2.166805096058e-02,-4.047667907376e-03,-4.592613682327e-03,-2.645596392838e-02,-2.480229611958e-02
451.20000000,5.152085123305e+12,-2.297449833786e-03,-2.609462855215e-03,1.892516778619e-02,2.147310167339e-02,-9.437545961601e-03,-8.847638672908e-03
451.40000000,2.871736889658e+13,-9.487557424127e-03,-1.077604756409e-02,1.859313485619e-02,2.109636647371e-02,-1.823825431844e-03,-1.709824618505e-03
451.60000000,1.018656775737e+13,1.118024570932e-02,1.269861716309e-02,2.039785430606e-02,2.314405897911e-02,8.165016419883e-03,7.654650407576e-03
451.80000000,2.631375600832e+13,1.649448645866e-02,1.873457652775e-02,3.957469649504e-02,4.490271849276e-02,4.258053348135e-02,3.991897642411e-02
452.00000000,-3.530442714721e+12,1.008534991739e-02,1.145502530861e-02,3.032235556168e-02,3.440471605371e-02,2.465952484726e-02,2.311814602884e-02
452.20000000,5.422759561424e+12,-2.204580585551e-02,-2.503981181536e-02,-5.890879184107e-03,-6.683980247630e-03,-2.424373179120e-02,-2.272834271156e-02
452.40000000,-8.821934230231e+12,-2.844382871706e-02,-3.230674002355e-02,-2.966959118002e-03,-3.366406867374e-03,-2.724404388198e-02,-2.554111601017e-02
452.60000000,-9.109002984323e+12,-1.901174642727e-02,-2.159370158389e-02,1.593799421334e-03,1.808375883794e-03,-2.615159006448e-02,-2.451694757874e-02
452.80000000,-9.924368362505e+12,-2.646094202474e-03,-3.005456063159e-03,1.074813491535e-02,1.219517821158e-02,-3.151395592958e-03,-2.954413110710e-03
453.00000000,-1.207494222431e+13,-3.666914698675e-03,-4.164912573376e-03,1.038206334658e-02,1.177982168187e-02,-2.039630436970e-04,-1.912140423578e-04
453.20000000,-1.063382712253e+12,2.791684912268e-02,3.170819216551e-02,3.119273037138e-02,3.539227119688e-02,5.866230380578e-02,5.499553272701e-02
453.40000000,1.015998152944e+13,2.701463577983e-02,3.068345065819e-02,1.276588815979e-02,1.448458568522e-02,3.047641759973e-02,2.857144559234e-02
453.60000000,1.320031168039e+13,-2.650175818582e-02,-3.010091997084e-02,-1.357135225884e-02,-1.539849105655e-02,4.824488628924e-03,4.522927077013e-03
453.80000000,7.823961516353e+12,-2.453186707560e-02,-2.786350107039e-02,-1.302151702001e-02,-1.477463037958e-02,-1.330145470888e-02,-1.247002828564e-02
454.00000000,-2.268746521465e+11,-6.144227890179e-03,-6.978665743913e-03,1.111989676108e-02,1.261699111183e-02,2.645300757754e-02,2.479952455967e-02
454.20000000,8.154592215089e+11,-1.489149176720e-02,-1.691388166731e-02,-9.994485839845e-03,-1.134006382595e-02,-1.067754259989e-02,-1.001012755040e-02
454.40000000,-1.242895411428e+12,-8.343112722487e-03,-9.476177640983e-03,-2.361674473994e-02,-2.679631518856e-02,-1.498067665580e-02,-1.404428806657e-02
454.60000000,1.429201027138e+13,3.595029653966e-02,4.083264934652e-02,3.015671307231e-02,3.421677277860e-02,4.011331823530e-02,3.760597799061e-02
454.80000000,6.828287705601e+12,9.064249368076e-02,1.029525071171e-01,1.310269654037e-01,1.486673926411e-01,1.907101363953e-01,1.787895269545e-01
455.00000000,9.292892701152e+12,1.927832847335e-01,2.189648771523e-01,2.170927717236e-01,2.463204137709e-01,3.333082027549e-01,3.124742975229e-01
455.20000000,1.584818688895e+13,5.068205579031e-02,5.756510547733e-02,3.310773169618e-02,3.756509305065e-02,1.438000784016e-01,1.348116491310e-01
455.40000000,2.333626818761e+13,-5.887594739285e-03,-6.687179651452e-03,9.667643434342e-03,1.096921796166e-02,1.034332683027e-02,9.696802414775e-03
455.60000000,5.375254862498e+12,-1.471312076757e-02,-1.671128638487e-02,-1.160079138829e-02,-1.316262956223e-02,1.121094740160e-02,1.051019112319e-02
455.80000000,-4.679791258757e+12,-1.134256982346e-02,-1.288298625796e-02,3.835005575418e-04,4.351320187457e-04,3.402825240133e-03,3.190126788706e-03
456.00000000,1.641886865637e+13,6.133132421610e-02,6.966063417339e-02,4.075751242554e-02,4.624477934122e-02,6.615506335479e-02,6.201994663952e-02
456.20000000,-5.369275183489e+12,1.164627865011e-01,1.322794129910e-01,1.174996720140e-01,1.333188921891e-01,1.938870742553e-01,1.817678857765e-01
456.40000000,8.339980167545e+12,1.450744454735e-01,1.647767760310e-01,8.254428162645e-02,9.365738639396e-02,1.002950811952e-01,9.402599390726e-02
456.60000000,2.247019458246e+13,1.074362979651e-01,1.220270513501e-01,1.707482319659e-02,1.937364142278e-02,7.992578847867e-03,7.492991292268e-03
456.80000000,5.402641440949e+11,-1.845843611887e-02,-2.096524707927e-02,-1.047380699016e-02,-1.188391695905e-02,-3.865008546222e-02,-3.623420667174e-02
457.00000000,-1.543404734310e+13,-1.055630094548e-02,-1.198993544956e-02,-9.910072618798e-03,-1.124428588102e-02,-2.551947473583e-02,-2.392434352148e-02
457.20000000,1.525389870981e+13,7.083982875843e-03,8.046047365061e-03,4.568889572020e-02,5.184008481344e-02,3.862647221842e-02,3.621206940747e-02
457.40000000,-1.049426982958e+13,7.353651014660e-03,8.352338706500e-03,2.695408653968e-02,3.058297011254e-02,3.082948897413e-02,2.890244773624e-02
457.60000000,1.692299645474e+13,-2.710097299742e-03,-3.078151319649e-03,1.211506288908e-02,1.374613848267e-02,5.552809949706e-03,5.205723633476e-03
457.80000000,6.408141121089e+12,4.488688102122e-03,5.098289720578e-03,-5.741489659678e-03,-6.514478107240e-03,-8.113213987713e-03,-7.606085960411e-03
458.00000000,1.981904641958e+13,-2.030602279742e-02,-2.306375157699e-02,-4.470756503188e-02,-5.072663557572e-02,-4.622349474494e-02,-4.333422919118e-02
458.20000000,-6.040236637989e+11,-3.938526390670e-02,-4.473411418870e-02,-4.871054736421e-02,-5.526854757301e-02,-7.392744497538e-02,-6.930650444668e-02
458.40000000,-1.849962231710e+13,-2.495821380263e-03,-2.834774927083e-03,-2.413296177613e-05,-2.738203157534e-05,-4.670107019699e-02,-4.378195310754e-02
458.60000000,-1.544813296833e+12,6.092801363793e-04,6.920255062472e-04,9.849589866482e-03,1.117566021256e-02,-9.449390758851e-03,-8.858743094189e-03
458.80000000,1.436363757496e+13,-1.282235311226e-02,-1.456373657036e-02,1.762135000504e-02,1.999374824865e-02,-1.486466773374e-02,-1.393553044786e-02
459.00000000,1.462316379899e+13,-2.351215458111e-02,-2.670530303784e-02,-1.355280129394e-02,-1.537744253746e-02,-5.452506425118e-02,-5.111689723943e-02
459.20000000,2.875454933161e+12,-2.931389441484e-02,-3.329496796505e-02,-1.492834286614e-02,-1.693817607333e-02,-4.544716536623e-02,-4.260642538901e-02
459.40000000,2.571763723409e+13,-3.488935531398e-02,-3.962762337413e-02,-4.254509562704e-02,-4.827302851023e-02,-7.756768218986e-02,-7.271920343521e-02
459.60000000,1.008407506534e+13,-1.955788241364e-02,-2.221400743318e-02,-6.036238133545e-02,-6.848909168509e-02,-7.800173387925e-02,-7.312612410386e-02
459.80000000,2.351016990415e+13,-7.808091441154e-03,-8.868495967217e-03,-4.497063175638e-02,-5.102511950917e-02,-4.563952425058e-02,-4.278676060658e-02
460.00000000,8.492181465929e+12,6.421022055555e-03,7.293050886286e-03,-1.300742566120e-02,-1.475864187243e-02,-2.626468614682e-02,-2.462297442893e-02
460.20000000,5.278825817625e+12,2.642519031757e-03,3.001395354172e-03,6.844914189090e-03,7.766458928582e-03,-3.245603748872e-02,-3.042732651294e-02
460.40000000,1.358326133920e+13,7.343432775274e-03,8.340732744215e-03,5.962205467838e-03,6.764909334224e-03,-2.821713919614e-02,-2.645338661198e-02
460.60000000,5.242153138564e+11,8.689918445573e-03,9.870082499780e-03,1.797281113767e-02,2.039252730945e-02,-2.482982361785e-02,-2.327780003156e-02
460.80000000,-1.690283941717e+12,1.393418891018e-02,1.582656902621e-02,1.854113980421e-02,2.103737122198e-02,-2.075246246433e-03,-1.945530016008e-03
461.00000000,1.277330677086e+13,1.219793444794e-02,1.385451659670e-02,3.590791468932e-03,4.074227038378e-03,1.991481460005e-02,1.867001067186e-02
461.20000000,-1.136540189839e+12,2.644907516678e-02,3.004108215446e-02,-4.107155834696e-02,-4.660110590471e-02,1.883391801478e-02,1.765667707135e-02
461.40000000,4.041035364090e+11,5.809091017084e-02,6.598014463134e-02,-8.558221257275e-03,-9.710432017143e-03,3.317534929517e-02,3.110167670763e-02
461.60000000,7.603753357526e+12,3.912702671884e-02,4.444080621755e-02,4.582709895917e-03,5.199689463598e-03,1.019212214808e-02,9.555048997195e-03
461.80000000,1.796967327152e+13,1.239894017819e-02,1.408282059666e-02,-4.126061799409e-03,-4.681561903722e-03,-5.445204646413e-03,-5.104844353344e-03
462.00000000,-8.350072892822e+12,-1.938474110597e-02,-2.201735207887e-02,-4.127334739105e-02,-4.683006221883e-02,-2.093311065201e-02,-1.962465667479e-02
462.20000000,-1.124535264468e+13,-2.216960796718e-02,-2.518042729564e-02,-1.971817857164e-02,-2.237287711615e-02,1.355624747602e-02,1.270889486699e-02
462.40000000,1.295416082546e+13,-9.299054256422e-03,-1.056194407987e-02,8.279788635904e-03,9.394513444826e-03,2.755103115722e-02,2.582891460735e-02
462.60000000,-1.190667447931e+13,3.722447607811e-02,4.227987318905e-02,5.904644258102e-02,6.699598541575e-02,8.809461838435e-02,8.258813844867e-02
462.80000000,8.348810756247e+12,7.328172057034e-02,8.323399492012e-02,5.148701846146e-02,5.841882062939e-02,1.257328178776e-01,1.178737085291e-01
463.00000000,1.282869566411e+13,-6.767245138574e-04,-7.686293977586e-04,-1.304810161540e-02,-1.480479411319e-02,-1.411984931864e-02,-1.323726797151e-02
463.20000000,1.352875065724e+13,-4.968759456277e-02,-5.643558804628e-02,-5.094959162561e-02,-5.780903892396e-02,-6.201596762133e-02,-5.813957099619e-02
463.40000000,2.638277313416e+12,-3.930102501304e-02,-4.463843494437e-02,-5.154713442949e-02,-5.848703013265e-02,-3.280400547517e-02,-3.075354426344e-02
463.60000000,3.929917782866e+12,-1.847938328678e-02,-2.098903904886e-02,-2.292724520494e-02,-2.601398692675e-02,3.087031569327e-03,2.894072252299e-03
463.80000000,2.064030595569e+13,-1.872572240572e-02,-2.126883309320e-02,-1.952255067791e-02,-2.215091144062e-02,-3.289589248019e-03,-3.083968773998e-03
464.00000000,2.683875493910e+13,-1.036168512152e-03,-1.176888915893e-03,2.322514410965e-02,2.635199256777e-02,1.978664432545e-02,1.854985186331e-02
464.20000000,2.866993270665e+12,6.150064014033e-03,6.985294462500e-03,2.889095685850e-02,3.278060522754e-02,-3.296400410608e-03,-3.090354195142e-03
464.40000000,2.267124959246e+13,-1.922615397057e-03,-2.183722747590e-03,1.047716826559e-02,1.188773076984e-02,-3.427830065017e-02,-3.213568651300e-02
464.60000000,-1.086709884421e+12,-1.929548187665e-02,-2.191597069505e-02,-4.166916497421e-04,-4.727916952940e-04,-3.352283491077e-02,-3.142744223857e-02
464.80000000,1.397920934355e+13,-8.755638376522e-03,-9.944727750412e-03,1.008996614004e-02,1.144839883344e-02,-6.269656056730e-04,-5.877762250804e-04
465.00000000,1.061591535945e+13,1.708649932083e-02,1.940698971864e-02,-2.743499091518e-03,-3.112861962365e-03,-7.996442016612e-03,-7.496612988133e-03
465.20000000,-9.847105752458e+10,1.359386237971e-02,1.544002328892e-02,-8.759959801466e-03,-9.939331032454e-03,-6.315244344394e-03,-5.920500977442e-03
465.40000000,9.202122191889e+12,2.683458572539e-02,3.047894829116e-02,1.291733792151e-02,1.465642543685e-02,4.919735721127e-03,4.612220613689e-03
465.60000000,2.657537316506e+12,1.456387383461e-02,1.654177046244e-02,4.457893973320e-02,5.058069319107e-02,-7.476470787220e-03,-7.009143303038e-03
465.80000000,-2.693421825709e+13,-5.684222574604e-02,-6.456187835346e-02,-3.384451745695e-03,-3.840107377912e-03,-6.492663833593e-02,-6.086830608086e-02
466.00000000,7.666154269764e+11,-9.291437171753e-02,-1.055329253101e-01,-4.467950390612e-02,-5.069479652343e-02,-1.005049249136e-01,-9.422272104435e-02
466.20000000,1.006933310720e+13,-4.619892779641e-02,-5.247313097446e-02,2.201074955729e-03,2.497410160327e-03,-3.672957186146e-02,-3.443373751641e-02
466.40000000,-1.117218181658e+13,-3.943162989065e-02,-4.478677706346e-02,-1.107151965597e-02,-1.256210089852e-02,-2.647608865098e-02,-2.482116291765e-02
466.60000000,-1.836946372642e+12,-1.801661638337e-02,-2.046342450559e-02,-5.581343516764e-03,-6.332771162908e-03,2.731882646356e-04,2.561122419972e-04
466.80000000,-5.903967882455e+12,-2.850326979358e-03,-3.237425369848e-03,1.279326401887e-02,1.451564721197e-02,1.045012309293e-02,9.796923224515e-03
467.00000000,2.701536721289e+12,-8.161354516657e-03,-9.269735141230e-03,1.467030476107e-02,1.664539777259e-02,1.369881114542e-02,1.284254739063e-02
467.20000000,9.358751734634e+12,-1.210931439754e-02,-1.375386119766e-02,1.475774731974e-02,1.674461290105e-02,3.296008350329e-03,3.089986641151e-03
467.40000000,2.469083347923e+13,-4.146385848097e-02,-4.709499939840e-02,-1.510831905659e-02,-1.714238282490e-02,-3.101083882556e-02,-2.907246205620e-02
467.60000000,1.985129221699e+13,-6.235269985327e-02,-7.082072121739e-02,-1.755729151122e-02,-1.992106542933e-02,-4.650767874091e-02,-4.360064986062e-02
467.80000000,-1.246568791987e+13,-3.310494177363e-02,-3.760087145842e-02,-2.468579376036e-02,-2.800929245612e-02,-1.145420653619e-02,-1.073824499816e-02
468.00000000,1.406052266925e+13,-7.522788516847e-02,-8.544446504847e-02,-3.536166301622e-02,-4.012247573527e-02,-5.218975330574e-02,-4.892755823983e-02
468.20000000,3.927698808913e+12,-3.818479111618e-02,-4.337060709075e-02,6.821054214072e-03,7.739386636528e-03,-7.666064171567e-03,-7.186885882126e-03
468.40000000,2.863852084371e+13,-1.637515643851e-02,-1.859904048665e-02,1.215236011339e-02,1.378845710826e-02,-2.251830789967e-03,-2.111076890456e-03
468.60000000,-4.592705007152e+11,9.026826267105e-03,1.025274523870e-02,3.390092713974e-02,3.846507801242e-02,-3.155516499981e-03,-2.958276434554e-03
468.80000000,-1.008309619823e+13,-1.908370472719e-02,-2.167543242650e-02,2.207000423041e-02,2.504133385373e-02,-8.061838534295e-03,-7.557921803081e-03
469.00000000,1.091982367248e+13,-2.466854188707e-02,-2.801873747143e-02,8.920935096611e-03,1.012197875947e-02,2.841236741308e-02,2.663641181040e-02
469.20000000,-6.138189227712e+11,-3.778716495967e-02,-4.291897995599e-02,-1.864147882039e-02,-2.115121908428e-02,-3.451029325264e-02,-3.235317808653e-02
469.40000000,-3.629639823789e+12,-1.488366285099e-02,-1.690498951840e-02,-1.770207713650e-02,-2.008534383825e-02,-2.210558210573e-02,-2.072384112581e-02
469.60000000,3.079699009877e+13,-3.896990722347e-02,-4.426234857248e-02,-1.777862733154e-02,-2.017220014197e-02,-4.574230413431e-02,-4.288311608688e-02
469.80000000,2.729904527524e+13,1.724445817537e-02,1.958640071492e-02,1.330301892284e-04,1.509403145702e-04,-2.340894839836e-02,-2.194573864690e-02
470.00000000,-1.804613040269e+13,7.097210611874e-03,8.061071538963e-03,2.093455452573e-02,2.375301624253e-02,9.367286190327e-03,8.781770588980e-03
470.20000000,-2.067139215483e+12,3.183652102582e-02,3.616018849877e-02,3.990968094049e-02,4.528280257642e-02,2.424630654786e-02,2.273075652939e-02
470.40000000,-3.089086307864e+12,6.593139437260e-03,7.488543256867e-03,1.522782515099e-02,1.727797826820e-02,1.448977310153e-03,1.358406914005e-03
470.60000000,4.357389780580e+12,-1.492884049521e-03,-1.695630266689e-03,-5.508557650437e-03,-6.250185987142e-03,-1.153568639253e-02,-1.081463183971e-02
470.80000000,-1.066196008004e+13,9.854897816482e-03,1.119327587305e-02,2.938004217050e-02,3.333553709130e-02,1.417949257242e-02,1.329318313854e-02
471.00000000,-3.519240175413e+12,8.804500448128e-02,1.000022570254e-01,5.284299101755e-02,5.995735053265e-02,8.198097871029e-02,7.685664055372e-02
471.20000000,1.892069634182e+11,4.174663719294e-02,4.741618183916e-02,2.427537270135e-02,2.754361557396e-02,3.612182503514e-02,3.386397877343e-02
471.40000000,-8.866932840211e+12,4.879689777944e-02,5.542392714419e-02,3.531946529498e-02,4.007459684887e-02,2.555176351209e-02,2.395461404165e-02
471.60000000,6.877917189419e+12,5.102085595849e-02,5.794991755950e-02,4.826942336847e-02,5.476803415521e-02,5.760468705609e-02,5.400402382271e-02
471.80000000,1.045027669658e+13,2.890234184960e-02,3.282752309807e-02,3.556401664762e-02,4.035207264824e-02,3.219852310876e-02,3.018590843708e-02
472.00000000,-9.444912346234e+10,2.047138229629e-04,2.325156828742e-04,2.641625480599e-02,2.997272899705e-02,5.309789262355e-03,4.977893301262e-03
472.20000000,1.567263988095e+13,4.438275224935e-02,5.041030350423e-02,4.249960078888e-02,4.822140860934e-02,3.937141350621e-02,3.691044707617e-02
472.40000000,-1.127763833418e+13,7.654449426985e-02,8.693988074562e-02,8.426358776061e-02,9.560816621497e-02,9.731617623401e-02,9.123328965504e-02
472.60000000,2.025473944969e+13,7.967537121535e-02,9.049595712796e-02,4.583329007322e-02,5.200391927233e-02,8.017799440631e-02,7.516635435862e-02
472.80000000,1.687337975241e+13,3.133361065449e-02,3.558897866681e-02,-1.497592870496e-03,-1.699216849055e-03,3.932696336700e-02,3.686877535640e-02
473.00000000,9.308416649045e+12,2.636859862255e-02,2.994967621828e-02,-1.297513193595e-04,-1.472200037712e-04,1.521758642352e-02,1.426638945091e-02
473.20000000,2.037500463967e+13,4.029526513900e-02,4.576770124638e-02,3.865010565165e-02,4.385364810085e-02,1.271155250984e-02,1.191699876604e-02
473.40000000,-3.827119852586e+11,-9.365587400353e-03,-1.063751298465e-02,-1.424736135478e-03,-1.616551263402e-03,-2.265547677999e-02,-2.123936384812e-02
473.60000000,8.453549028906e+12,-5.357820194856e-02,-6.085457265616e-02,-2.548882445933e-02,-2.892043681376e-02,-7.130618154706e-02,-6.684908683254e-02
473.80000000,-2.054896573057e+13,5.642506057464e-03,6.408805864117e-03,-2.743227519310e-02,-3.112553827838e-02,-1.454572369075e-02,-1.363652245778e-02
474.00000000,6.651445396837e+12,4.903414456445e-02,5.569339403914e-02,3.148275658746e-02,3.572134423317e-02,4.003594210843e-02,3.753343836905e-02
474.20000000,2.738971458938e+13,3.373332017840e-02,3.831458893863e-02,-1.117926607611e-02,-1.268435343867e-02,2.969533337151e-02,2.783918414931e-02
474.40000000,1.824813911820e+13,3.020060181882e-02,3.430209769651e-02,5.821782717020e-04,6.605581182444e-04,2.585103632430e-02,2.423518037933e-02
474.60000000,-7.886875692367e+12,-4.207330804503e-02,-4.778721734203e-02,-3.118795403272e-02,-3.538685181001e-02,-4.021643632621e-02,-3.770265053798e-02
474.80000000,1.542987818516e+12,-3.766689610130e-02,-4.278237757454e-02,8.557098166872e-03,9.709157722792e-03,-3.898934586916e-02,-3.655226112242e-02
475.00000000,6.442361716785e+12,-3.614420365295e-02,-4.105289067761e-02,-1.018225460463e-02,-1.155311228200e-02,-2.560576159756e-02,-2.400523689968e-02
475.20000000,6.996646854167e+12,-1.641076209817e-02,-1.863948169453e-02,-1.210787507909e-02,-1.373798296318e-02,-2.099016407707e-02,-1.967814389404e-02
475.40000000,-7.975337859839e+12,5.705774872118e-02,6.480667116234e-02,2.807622871991e-02,3.185618858016e-02,5.713038621408e-02,5.355936983221e-02
475.60000000,1.512384698062e+13,8.838506723663e-02,1.003885031647e-01,7.382764532957e-02,8.376721159775e-02,9.649622628262e-02,9.046459184639e-02
475.80000000,8.784129108160e+12,-3.198057200510e-02,-3.632380281328e-02,-4.448216368204e-02,-5.047088798303e-02,-2.409505846523e-02,-2.258896242416e-02
476.00000000,2.048353492695e+13,-2.813314705388e-02,-3.195386517599e-02,-2.427802604282e-02,-2.754662614020e-02,-8.462100423037e-03,-7.933164750827e-03
476.20000000,6.063576321175e+11,-6.823855738388e-02,-7.750592773261e-02,-3.900196696485e-02,-4.425288121934e-02,-5.731257866255e-02,-5.373017408148e-02
476.40000000,2.475076488115e+13,-7.772780635965e-02,-8.828389657529e-02,-5.588378531098e-02,-6.340753315551e-02,-7.401012381204e-02,-6.938401532457e-02
476.60000000,-5.584301337865e+12,-2.703286953399e-02,-3.070416070961e-02,-4.190222649229e-02,-4.754360859443e-02,-1.150467985268e-02,-1.078556340791e-02
476.80000000,8.347844674668e+12,-1.055948819989e-02,-1.199355555995e-02,-2.149394767181e-02,-2.438772162729e-02,3.254643183592e-03,3.051207063238e-03
477.00000000,5.798014392704e+12,1.007858195055e-02,1.144733819492e-02,2.913590250616e-03,3.305852840667e-03,2.747281913181e-02,2.575559133629e-02
477.20000000,2.035347618609e+13,4.625309251039e-02,5.253465171241e-02,4.235312815500e-02,4.805521606641e-02,5.418153718332e-02,5.079484282156e-02
477.40000000,-1.338593884349e+13,-1.409476310412e-02,-1.600895054699e-02,-6.457771997862e-03,-7.327194995589e-03,-1.210607083804e-02,-1.134936359085e-02
477.60000000,-1.066268521987e+13,-1.458314522832e-02,-1.656365907359e-02,-3.377216026298e-02,-3.831897498876e-02,-4.728532699832e-02,-4.432969010309e-02
477.80000000,1.175367468630e+13,-2.408923459109e-02,-2.736075536954e-02,-3.479774785533e-02,-3.948263952765e-02,-4.201832557215e-02,-3.939191012320e-02
478.00000000,3.632889877395e+11,-2.589334731464e-02,-2.940988178331e-02,-2.994922048161e-02,-3.398134503778e-02,-2.442469876089e-02,-2.289799808237e-02
478.20000000,-2.255240207697e+13,1.692071177825e-02,1.921868683260e-02,-1.304751055049e-02,-1.480412347201e-02,2.891804989724e-03,2.711048588869e-03
478.40000000,1.487247485108e+13,2.046052823379e-03,2.323924015184e-03,-1.185121801158e-02,-1.344677163189e-02,-7.688886554680e-04,-7.208281719585e-04
478.60000000,2.331064770759e+13,-7.428079543203e-03,-8.436875255566e-03,-1.075202059924e-02,-1.219958703301e-02,7.107117327869e-03,6.662876809162e-03
478.80000000,8.868669419181e+12,6.424463019665e-01,7.296959162278e-01,6.435684975024e-01,7.302134351878e-01,7.228084132579e-01,6.776282410982e-01
479.00000000,-3.213435959749e+12,1.428696956230e+03,1.622726025969e+03,1.428689631463e+03,1.621037026605e+03,1.702110423166e+03,1.595717580273e+03
479.20000000,8.450339140650e+12,1.210167539772e+06,1.374518475739e+06,1.210167503123e+06,1.373094819025e+06,1.441756120037e+06,1.351637094690e+06
479.40000000,1.886197101160e+12,4.066081354418e+08,4.618289420123e+08,4.066081353782e+08,4.613506168529e+08,4.844203488147e+08,4.541409630803e+08
479.60000000,2.296968215848e+13,5.448999307304e+10,6.189019268843e+10,5.448999307300e+10,6.182609182957e+10,6.491769139436e+10,6.085991838065e+10
479.80000000,8.357471642498e+12,2.929984594313e+12,3.327901159266e+12,2.929984594313e+12,3.324454388249e+12,3.490692968689e+12,3.272502219399e+12
480.00000000,7.002018627848e+13,6.363555944752e+13,7.227780394034e+13,6.363555944752e+13,7.220294443343e+13,7.581343613657e+13,7.107460903683e+13
480.20000000,5.940072646991e+14,5.621098262315e+14,6.384490710230e+14,5.621098262315e+14,6.377878170829e+14,6.696802508334e+14,6.278209303418e+14
480.40000000,2.156111345510e+15,2.032775840584e+15,2.308843906394e+15,2.032775840584e+15,2.306452592506e+15,2.421786226255e+15,2.270409019475e+15
480.60000000,3.453819603112e+15,3.023291626826e+15,3.433880072013e+15,3.023291626826e+15,3.430323536604e+15,3.601856079562e+15,3.376716921268e+15
480.80000000,2.415193721618e+15,1.852086244842e+15,2.103615142972e+15,1.852086244842e+15,2.101436388447e+15,2.206518232768e+15,2.068596659359e+15
481.00000000,7.942026979656e+14,4.665534688343e+14,5.299153561446e+14,4.665534688343e+14,5.293665126532e+14,5.558372282066e+14,5.210938284308e+14
481.20000000,1.201888584551e+14,5.287774775832e+13,6.005899089226e+13,5.287774775832e+13,5.999678664423e+13,6.299012957345e+13,5.905284156422e+13
481.40000000,1.192338678603e+14,9.919596480020e+13,1.126676115956e+14,9.919596480020e+13,1.125509195907e+14,1.180419804109e+14,1.106635978420e+14
481.60000000,8.418834055299e+14,7.991010699164e+14,9.076257199807e+14,7.991010699164e+14,9.066856746258e+14,9.508976428527e+14,8.914604276484e+14
481.80000000,2.842779956796e+15,2.691060324101e+15,3.056528962512e+15,2.691060324101e+15,3.053363256880e+15,3.202251738100e+15,3.002090419870e+15
482.00000000,4.204394767879e+15,3.728140048144e+15,4.234452840539e+15,3.728140048144e+15,4.230067136570e+15,4.436334199170e+15,4.159034794238e+15
482.20000000,2.700246869405e+15,2.127356074261e+15,2.416268931737e+15,2.127356074261e+15,2.413766355691e+15,2.531466732521e+15,2.373233789055e+15
482.40000000,8.739239975041e+14,4.989214764475e+14,5.666792115820e+14,4.989214764475e+14,5.660922910609e+14,5.936961541362e+14,5.565863281264e+14
482.60000000,1.412207157002e+14,4.785234664364e+13,5.435109801536e+13,4.785234664364e+13,5.429480554138e+13,5.694233563768e+13,5.338307362566e+13
482.80000000,1.063812618701e+12,1.864574459893e+12,2.117799362721e+12,1.864574459893e+12,2.115605917328e+12,2.218767357584e+12,2.080080135134e+12
483.00000000,-1.967913742709e+13,2.930997775593e+10,3.329051939090e+10,2.930997775591e+10,3.325603976187e+10,3.487767493075e+10,3.269759604817e+10
483.20000000,5.973959167432e+12,1.846525337176e+08,2.097299017247e+08,1.846525336919e+08,2.095126804164e+08,2.197289639466e+08,2.059944912462e+08
483.40000000,1.689554894742e+13,4.635077076609e+05,5.264559549725e+05,4.635076780935e+05,5.259106609011e+05,5.515551785155e+05,5.170794343711e+05
483.60000000,3.946226452335e+12,4.611121524428e+02,5.237350631962e+02,4.610876448370e+02,5.231648136379e+02,5.486364938500e+02,5.143431862590e+02
483.80000000,-8.906598628663e+12,2.138393573705e-01,2.428805416491e-01,1.971551748913e-01,2.236985776668e-01,2.238480566047e-01,2.098561141349e-01
484.00000000,-1.118150937621e+13,-1.391364491979e-02,-1.580323498904e-02,-2.508671060754e-02,-2.846418555505e-02,-4.062263510707e-02,-3.808345928392e-02
484.20000000,1.659842477941e+13,8.071637814064e-03,9.167834155422e-03,1.656503143326e-02,1.879521535597e-02,-2.494844326961e-03,-2.338900519257e-03
484.40000000,1.046831722135e+13,-5.484443184023e-03,-6.229276722296e-03,1.121307464853e-02,1.272271372806e-02,-2.359087270305e-02,-2.211629151311e-02
484.60000000,-1.767780180538e+11,-1.237699976381e-02,-1.405790048937e-02,-1.760772158504e-02,-1.997828500671e-02,-5.614107538914e-02,-5.263189729328e-02
484.80000000,7.030812101113e+12,-2.781219133870e-02,-3.158932097372e-02,-3.917022603507e-02,-4.444379335091e-02,-7.069736974784e-02,-6.627832968431e-02
485.00000000,1.880080765999e+13,4.319253322496e-03,4.905844272015e-03,-1.497104222382e-03,-1.698662413250e-03,-1.550085726987e-02,-1.453195404845e-02
485.20000000,9.359276109741e+12,2.420794158263e-02,2.749558376950e-02,2.897268090994e-03,3.287333195449e-03,2.251510660372e-02,2.110776771019e-02
485.40000000,2.427761632854e+13,1.202751326031e-03,1.366095077762e-03,3.530726650519e-03,4.006075571117e-03,3.357484953955e-03,3.147620561869e-03
485.60000000,-8.959432120713e+12,1.683744465754e-02,1.912411133617e-02,1.285522410797e-02,1.458594911407e-02,2.051607800972e-02,1.923369125340e-02
485.80000000,-4.137945191509e+11,-8.249542310924e-03,-9.369899580096e-03,-6.744673423842e-04,-7.652722544926e-04,-1.653215619997e-02,-1.549879016606e-02
486.00000000,2.489636625494e+13,-6.682136429199e-02,-7.589626789257e-02,-4.756712396527e-02,-5.397118275285e-02,-9.087649085182e-02,-8.519612600460e-02
486.20000000,-7.648568873927e+12,-3.986047522786e-02,-4.527386320637e-02,-1.740537106656e-02,-1.974869162577e-02,-3.400297025912e-02,-3.187756604126e-02
486.40000000,4.480964816879e+12,-1.515612235763e-02,-1.721445131890e-02,-1.954553443702e-02,-2.217698955003e-02,3.259251310048e-03,3.055527152168e-03
486.60000000,-8.637107314783e+12,-7.268265539880e-02,-8.255357165690e-02,-6.281375637275e-02,-7.127050033680e-02,-5.637633379825e-02,-5.285245053954e-02
486.80000000,1.990437522776e+13,2.154040680642e-02,2.446577532227e-02,-2.616479478564e-02,-2.968741440197e-02,-2.589949235301e-03,-2.428060759476e-03
487.00000000,5.734255316460e+12,-5.499362408300e-03,-6.246222102781e-03,-1.707423659107e-02,-1.937297584136e-02,1.195374976229e-02,1.120656356148e-02
487.20000000,8.280402965262e+12,-6.978603284589e-03,-7.926356338501e-03,-1.099982072926e-02,-1.248074899927e-02,-3.751508500541e-03,-3.517015103945e-03
487.40000000,1.253967928117e+13,-1.769135140801e-02,-2.009398580934e-02,-7.701610066990e-03,-8.738493517503e-03,-8.870842657158e-03,-8.316357967854e-03
487.60000000,-5.885293229984e+12,-4.100683114855e-02,-4.657590390815e-02,-1.452432224419e-02,-1.647976133211e-02,-3.259333127757e-02,-3.055603855744e-02
487.80000000,-1.842928678266e+12,-3.371329608864e-02,-3.829184540896e-02,-8.690790459147e-03,-9.860849280690e-03,-2.072218827755e-02,-1.942691830458e-02
488.00000000,7.620600690849e+12,6.165306490188e-04,7.002606995193e-04,-1.175116172006e-02,-1.333324455804e-02,-1.212414157379e-02,-1.136630478946e-02
488.20000000,1.212779503825e+13,1.874121834977e-02,2.128643351686e-02,-2.858868795694e-02,-3.243764124808e-02,3.723791237694e-02,3.491030348198e-02
488.40000000,3.878441822467e+12,9.731848863254e-02,1.105351583646e-01,4.188890713490e-02,4.752849602482e-02,1.030634759905e-01,9.662134623220e-02
488.60000000,1.785284749287e+13,-9.383446595395e-03,-1.065779760868e-02,-1.337999335481e-02,-1.518136911350e-02,1.142541771422e-03,1.071125566262e-03
488.80000000,-1.020629994222e+13,-4.875430283154e-02,-5.537554744391e-02,-5.582908324161e-03,-6.334546643512e-03,-2.433483969056e-02,-2.281375578156e-02
489.00000000,1.445304368119e+13,-5.660906333925e-02,-6.429705052966e-02,-1.718564543088e-02,-1.949938388020e-02,-3.355607547514e-02,-3.145860505398e-02
489.20000000,4.149079458644e+12,-1.203969065777e-02,-1.367478196813e-02,4.584543725347e-03,5.201770185219e-03,-2.620374328549e-02,-2.456584088819e-02
489.40000000,7.972361935449e+12,9.877118221580e-03,1.121851399615e-02,1.577168242519e-02,1.789505615500e-02,1.354329678549e-02,1.269675367786e-02
489.60000000,-1.875006661728e+11,2.317819418253e-02,2.632598800671e-02,1.390371849582e-02,1.577560443701e-02,2.276929549065e-02,2.134606815772e-02
489.80000000,-3.113632009694e+12,2.451499289657e-02,2.784433523584e-02,-1.075659161529e-02,-1.220477345426e-02,3.329137153183e-02,3.121044680869e-02
490.00000000,2.832001446720e+13,1.191217142036e-02,1.352994454515e-02,3.591019825356e-02,4.074486138892e-02,4.102063264296e-02,3.845657941542e-02
490.20000000,-8.817621638778e+12,-7.438250885275e-03,-8.448427951487e-03,2.204903436567e-02,2.501754077338e-02,4.350389864764e-02,4.078462533197e-02
490.40000000,-6.775281292179e+12,-4.805681778078e-02,-5.458333805363e-02,-1.737238120903e-02,-1.971126027652e-02,-5.494194405247e-03,-5.150771937336e-03
490.60000000,8.191394580979e+12,-3.064037432116e-02,-3.480159500554e-02,-8.605465895465e-03,-9.764037297203e-03,-1.027489455114e-02,-9.632647592984e-03
490.80000000,1.608587686823e+12,1.164231999126e-02,1.322344502106e-02,3.222206647269e-02,3.656018891413e-02,2.808929555843e-02,2.633353402343e-02
491.00000000,1.781682348824e+13,3.316524591069e-03,3.766936540478e-03,1.427149056568e-02,1.619289040974e-02,9.797628396237e-03,9.185213640711e-03
491.20000000,3.293151519292e+12,1.483685450919e-03,1.685182420988e-03,2.155781998236e-02,2.446019319711e-02,5.774331101433e-03,5.413398289246e-03
491.40000000,1.671283725178e+12,5.570054256572e-02,6.326514498951e-02,7.611800708094e-02,8.636592941689e-02,5.655237433728e-02,5.301748741326e-02
491.60000000,6.956546534926e+12,6.334456334677e-02,7.194728812026e-02,8.753034899567e-02,9.931473816907e-02,6.097995875845e-02,5.716831934687e-02
491.80000000,2.825564651368e+12,5.924137144306e-02,6.728684822594e-02,7.011698972907e-02,7.955698287563e-02,7.932693573132e-02,7.436849232156e-02
492.00000000,9.959761623196e+12,1.657029139863e-02,1.882067641650e-02,1.795672520177e-02,2.037427569123e-02,2.616920999749e-02,2.453346615267e-02
492.20000000,-3.263494677770e+12,1.386441073113e-02,1.574731438323e-02,1.013738560084e-02,1.150220247284e-02,3.836905612604e-03,3.597074347558e-03
492.40000000,1.507984513342e+13,-1.407164588675e-03,-1.598269381695e-03,2.755713172035e-02,3.126720449421e-02,-1.845527803181e-02,-1.730170452127e-02
492.60000000,3.064834405944e+13,2.442369252184e-04,2.774063550194e-04,2.201816695841e-02,2.498251762421e-02,-8.733322053872e-03,-8.187433286279e-03
492.80000000,5.017976013536e+12,-3.396123476716e-02,-3.857345624653e-02,-8.077404703864e-03,-9.164882151784e-03,-3.580699543915e-02,-3.356882805096e-02
493.00000000,1.704773404461e+13,7.330495398228e-03,8.326038362493e-03,1.485003012200e-02,1.684931992493e-02,-2.076281754966e-03,-1.946500798600e-03
493.20000000,3.619734290666e+13,6.721565731238e-03,7.634410922328e-03,1.425968292422e-02,1.617949308145e-02,3.163098085087e-03,2.965384121856e-03
493.40000000,8.746773233594e+12,3.026103202415e-02,3.437073483227e-02,1.195417520663e-02,1.356359016382e-02,3.663069653740e-02,3.434104253569e-02
493.60000000,-4.519809642461e+12,2.957159341347e-02,3.358766465635e-02,-4.857848117796e-03,-5.511870104709e-03,-8.968022623189e-03,-8.407463561319e-03
493.80000000,-7.066032127168e+12,1.304489957714e-02,1.481650671800e-02,-8.691066928536e-03,-9.861162971716e-03,-2.347095757467e-02,-2.200387185109e-02
494.00000000,1.616152085390e+13,5.436385835638e-03,6.174692781579e-03,-5.079451018752e-03,-5.763307855598e-03,-2.512467843934e-02,-2.355422453132e-02
494.20000000,-7.741964358721e+12,-1.546310600320e-02,-1.756312592694e-02,3.538324816753e-03,4.014696693947e-03,-1.772468317894e-03,-1.661677654308e-03
494.40000000,2.248833354006e+13,-6.098970680931e-02,-6.927262224790e-02,-4.089390057750e-02,-4.639952970789e-02,-8.049239959706e-02,-7.546110720389e-02
494.60000000,-2.665411357652e+12,-5.035941350932e-02,-5.719864565941e-02,-2.795513648787e-02,-3.171879345427e-02,-7.595880090919e-02,-7.121088757673e-02
494.80000000,6.098463473834e+12,-7.097921395071e-02,-8.061878852498e-02,-3.225396941829e-02,-3.659638701828e-02,-8.035096306806e-02,-7.532851136713e-02
495.00000000,8.197603554261e+12,-5.204170589495e-02,-5.910940750821e-02,-2.283152317258e-02,-2.590537764220e-02,-5.091181072734e-02,-4.772949528741e-02
495.20000000,-4.651492329740e+12,-4.202498080196e-02,-4.773232685265e-02,-3.235503033352e-02,-3.671105397038e-02,-6.350945977295e-02,-5.953971028792e-02
495.40000000,7.600667906728e+12,-2.288114136983e-02,-2.598859292223e-02,6.438907926867e-04,7.305791216297e-04,-7.735678629199e-03,-7.252148988663e-03
495.60000000,-6.348024746087e+12,1.787045716264e-02,2.029741563270e-02,1.819782163574e-02,2.064783142920e-02,3.510702333193e-02,3.291260869998e-02
495.80000000,5.859793722220e+12,3.449536994594e-03,3.918013147757e-03,1.119413557800e-02,1.270122485188e-02,3.034204024724e-02,2.844546768818e-02
496.00000000,9.156384387976e+12,-2.310173862093e-02,-2.623914913645e-02,-1.584500878406e-02,-1.797825459091e-02,-2.777406640089e-02,-2.603800871458e-02
496.20000000,1.307308458828e+13,-3.116889278982e-02,-3.540189072994e-02,-2.087438370295e-02,-2.368474449933e-02,-1.749310158768e-02,-1.639967028992e-02
496.40000000,-2.085388937157e+13,-4.239792872914e-02,-4.815592424686e-02,-2.182625442874e-02,-2.476476751977e-02,-4.599622063867e-02,-4.312116117750e-02
496.60000000,7.781973881755e+12,-5.215309519953e-02,-5.923592441773e-02,-3.057170582835e-02,-3.468763685467e-02,-5.880636727300e-02,-5.513059130146e-02
496.80000000,7.153381526405e+12,-2.504536143225e-02,-2.844673228194e-02,-1.524221245630e-02,-1.729430256572e-02,-3.008164558602e-02,-2.820134936714e-02
497.00000000,-1.120339113990e+13,5.848267199780e-04,6.642511101129e-04,6.667355902875e-03,7.564995608630e-03,4.286506450892e-03,4.018572243346e-03
497.20000000,2.107330981059e+13,1.963615853596e-02,2.230291411163e-02,3.818737931398e-03,4.332862397383e-03,-3.248031112424e-03,-3.045008289021e-03
497.40000000,1.373644886586e+13,2.605451964385e-02,2.959294267116e-02,-3.550489342491e-03,-4.028498954563e-03,-9.440987544459e-03,-8.850865134713e-03
497.60000000,1.659730021254e+13,9.490276853805e-03,1.077913631520e-02,-1.742245111326e-02,-1.976807119394e-02,-1.902747512042e-02,-1.783813561366e-02
497.80000000,-8.366516821307e+11,-2.836930570639e-02,-3.222209616089e-02,-3.575845272149e-02,-4.057268604677e-02,-5.982627781304e-02,-5.608675087660e-02
498.00000000,1.932159056057e+13,-1.508453978853e-02,-1.713314723452e-02,-4.241834870591e-02,-4.812921739293e-02,-3.788037638651e-02,-3.551260936108e-02
498.20000000,2.585129474056e+13,-1.739466374427e-02,-1.975700546411e-02,-1.178546855893e-02,-1.337217019651e-02,-6.468299954973e-03,-6.063989628494e-03
498.40000000,4.146692607303e+12,5.651290545566e-03,6.418783359627e-03,2.003073649735e-02,2.272751535204e-02,7.417835121803e-03,6.954172743630e-03
498.60000000,-8.479444973591e+12,-2.779878207707e-03,-3.157409062150e-03,-5.079908449121e-03,-5.763826870749e-03,-1.428540142521e-05,-1.339247200691e-05
498.80000000,1.531216456275e+13,-9.808264214556e-03,-1.114030903554e-02,-1.509219774649e-02,-1.712409106998e-02,-1.540103336422e-02,-1.443836977858e-02
499.00000000,3.403122832453e+12,-2.404888281442e-02,-2.731492348202e-02,-3.212496314678e-02,-3.645001236967e-02,-4.047290770444e-02,-3.794309080642e-02
499.20000000,2.339645033687e+13,-3.211203676760e-02,-3.647312159686e-02,-3.226824587778e-02,-3.661258554659e-02,-3.760013805013e-02,-3.524988772214e-02
499.40000000,-3.323784667797e+12,-3.102016790160e-02,-3.523296775033e-02,-5.209941416622e-02,-5.911366441526e-02,-5.264072064763e-02,-4.935033722396e-02
499.60000000,9.465397693454e+12,-5.519611928775e-02,-6.269221678545e-02,-7.577409320903e-02,-8.597571371989e-02,-7.315028754758e-03,-6.857792435380e-03
499.80000000,1.166592323473e+12,-1.256974932251e-02,-1.427682706021e-02,-2.916041417595e-02,-3.308634013249e-02,4.664009664487e-02,4.372479079437e-02
500.00000000,7.309193426728e+12,3.925172394431e-03,4.458243837563e-03,-9.899182965729e-03,-1.123193013177e-02,3.017205666070e-02,2.828610916848e-02
500.20000000,8.811218173594e+12,-1.235682255010e-02,-1.403498304024e-02,-2.334813953895e-02,-2.649154712226e-02,4.456935752300e-03,4.178348617868e-03
500.40000000,2.524825054329e+13,-1.791352801419e-02,-2.034633586834e-02,-1.968103251920e-02,-2.233073001500e-02,-1.485159492696e-02,-1.392327477553e-02
500.60000000,-5.804430091492e+12,-1.136749729819e-02,-1.291129909353e-02,-1.112717324587e-02,-1.262524724459e-02,-1.025568476200e-02,-9.614638539149e-03
500.80000000,1.121413007246e+13,-1.432862617592e-02,-1.627457419200e-02,1.800020004384e-04,2.042360363990e-04,-2.262669028280e-02,-2.121237669205e-02
501.00000000,2.298207131712e+13,4.112866358552e-02,4.671428221534e-02,4.704712131215e-02,5.338117108337e-02,5.474290442750e-02,5.132112100442e-02
501.20000000,4.180769809434e+12,3.421103587903e-02,3.885718245158e-02,3.301596536292e-02,3.746097202903e-02,1.608876129414e-02,1.508311029206e-02
501.40000000,-1.564883326529e+13,1.418199848961e-02,1.610803323195e-02,1.463652448778e-02,1.660706959230e-02,1.815405331303e-02,1.701930828374e-02
501.60000000,-1.651097901523e+13,-1.136709455501e-03,-1.291084165443e-03,-8.309368365365e-03,-9.428075553514e-03,3.890221343366e-03,3.647057502425e-03
501.80000000,2.645480885757e+13,-4.331651749021e-03,-4.919926509199e-03,-3.856193085105e-03,-4.375360214724e-03,-1.164648038546e-02,-1.091850049588e-02
502.00000000,1.953826154281e+13,5.809749622601e-03,6.598762512823e-03,2.384697056640e-02,2.705753678698e-02,-1.253289485624e-02,-1.174950836422e-02
502.20000000,1.326463396372e+12,2.302597091595e-02,2.615309153951e-02,2.761959024296e-02,3.133807193495e-02,5.490546256976e-04,5.147351821787e-04
502.40000000,2.847069012753e+13,-2.792859280744e-03,-3.172153074148e-03,3.805807710483e-03,4.318191354490e-03,-1.790118139711e-02,-1.678224248806e-02
502.60000000,4.292270996276e+12,-3.125131021490e-03,-3.549550113492e-03,5.335202220924e-03,6.053491363051e-03,-1.282771487874e-02,-1.202590024016e-02
502.80000000,2.366367600482e+12,8.580099105734e-03,9.745348769416e-03,-1.101204472311e-02,-1.249461873431e-02,-3.626605498048e-03,-3.399919342005e-03
503.00000000,1.463342356037e+13,-1.782814572672e-02,-2.024935794771e-02,-3.827099497766e-02,-4.342349698462e-02,-1.986839327292e-02,-1.862649097608e-02
503.20000000,-2.418464151294e+13,-1.319555059201e-03,-1.498761740848e-03,2.102057382647e-03,2.385061649695e-03,-2.936455218031e-02,-2.752907890888e-02
503.40000000,2.576914879674e+13,-2.396015270017e-02,-2.721414307156e-02,-2.114157811276e-02,-2.398791183677e-02,-6.307015870321e-02,-5.912786835894e-02
503.60000000,-2.725110052694e+12,-1.555897771848e-02,-1.767201782796e-02,-1.579807248770e-02,-1.792499916537e-02,-5.011201801889e-02,-4.697969476444e-02
503.80000000,-4.215722095655e+12,-1.243753559938e-02,-1.412665760084e-02,-2.229219613187e-02,-2.529343990345e-02,-2.732409478845e-02,-2.561616322041e-02
504.00000000,3.320781110247e+13,-4.068585873742e-03,-4.621134074247e-03,-1.029685274662e-02,-1.168313900526e-02,-1.737489379137e-02,-1.628885124075e-02
504.20000000,9.612172717930e+12,6.109081525124e-03,6.938746206713e-03,-1.360776762180e-02,-1.543980909401e-02,-2.394027449550e-02,-2.244385344752e-02
504.40000000,-4.016576256433e+12,1.290398165732e-02,1.465645095879e-02,-1.371155737117e-02,-1.555757226874e-02,-4.173101460733e-02,-3.912255794057e-02
504.60000000,2.583797855428e+13,-3.753625486267e-02,-4.263399415630e-02,-4.491059859264e-02,-5.095700395830e-02,-7.057406184788e-02,-6.616272932074e-02
504.80000000,1.471962215496e+13,1.306183197070e-03,1.483573867310e-03,-1.978679841389e-02,-2.245073538752e-02,-4.610160498199e-02,-4.321995832194e-02
505.00000000,-1.612989013569e+13,1.827620818571e-02,2.075827105926e-02,-1.429036250542e-03,-1.621430311716e-03,8.712117137315e-04,8.167553813318e-04
505.20000000,7.023232051447e+12,-8.810913153122e-03,-1.000750930683e-02,2.110375162648e-02,2.394499269359e-02,6.061909111317e-04,5.683000824917e-04
505.40000000,-6.747107049134e+12,-2.608166337353e-02,-2.962377274776e-02,7.639706967867e-04,8.668256278061e-04,-3.237756348365e-03,-3.035375763763e-03
505.60000000,1.047306693676e+13,-4.166768824057e-02,-4.732651095466e-02,5.730458465588e-04,6.501961761026e-04,-1.375953893600e-02,-1.289947930392e-02
505.80000000,1.196581360399e+13,-5.323467725062e-02,-6.046439441333e-02,-9.288781924072e-03,-1.053934955457e-02,-4.824177382251e-02,-4.522635285257e-02
506.00000000,4.892645381170e+12,-6.040112893693e-02,-6.860411054733e-02,-6.634987834726e-03,-7.528269761536e-03,-5.343532171104e-02,-5.009527061309e-02
506.20000000,-1.079840733645e+13,-7.620873271107e-02,-8.655851994159e-02,-3.676542253725e-02,-4.171522625990e-02,-4.926737398810e-02,-4.618784641509e-02
506.40000000,1.808646422702e+13,-2.602540493383e-02,-2.955987393851e-02,-3.505887067698e-02,-3.977891784666e-02,-3.516980609742e-02,-3.297146713905e-02
506.60000000,1.366012829677e+13,5.558251168457e-04,6.313108452146e-04,-5.245108170231e-03,-5.951267766803e-03,9.302381953575e-03,8.720923284240e-03
506.80000000,1.070813364656e+13,4.449278480187e-03,5.053527940337e-03,2.567703239716e-02,2.913398356962e-02,2.351900807434e-02,2.204891888565e-02
507.00000000,4.072021435978e+12,-8.703684371346e-03,-9.885717954118e-03,1.604984089838e-03,1.821066367001e-03,-3.043929781773e-03,-2.853664603532e-03
507.20000000,-1.792631607222e+12,-4.007318844589e-02,-4.551546466948e-02,-2.546689285420e-02,-2.889555251196e-02,-3.479203068272e-02,-3.261730511617e-02
507.40000000,2.526386312078e+13,-6.641084427491e-02,-7.542999580247e-02,-8.602880979248e-02,-9.761104368451e-02,-5.626616317585e-02,-5.274916628924e-02
507.60000000,1.046190102187e+13,-5.485544498867e-02,-6.230527604964e-02,-1.612852580942e-01,-1.829994209088e-01,-8.332938097607e-02,-7.812075901014e-02
507.80000000,1.260199113373e+13,2.545615752059e-02,2.891331793610e-02,-2.914824897132e-02,-3.307253710158e-02,-2.957054498168e-02,-2.772219583602e-02
508.00000000,-4.870955397776e+12,1.500128736383e-03,1.703858842996e-03,7.941257956162e-03,9.010405690126e-03,2.160412471331e-02,2.025372804387e-02
508.20000000,8.064671010037e+12,-4.611815769198e-03,-5.238139161013e-03,-2.504668756780e-02,-2.841877413195e-02,-2.771166967885e-03,-2.597951218877e-03
508.40000000,-3.873959724342e+12,-1.573664759462e-02,-1.787381676844e-02,-2.397173752628e-02,-2.719910137681e-02,-1.567587789564e-02,-1.469603476005e-02
508.60000000,3.609506304517e+12,-3.594900100662e-02,-4.083117786919e-02,-2.760105400017e-02,-3.131704012002e-02,-2.896097611844e-02,-2.715072894513e-02
508.80000000,-2.970593911993e+11,-3.972409713049e-02,-4.511896381571e-02,-2.831841490316e-02,-3.213098078256e-02,-3.461434898183e-02,-3.245072966376e-02
509.00000000,8.899861555836e+12,-3.020336400308e-02,-3.430523500864e-02,-2.382208656286e-02,-2.702930259936e-02,-3.535081477802e-02,-3.314116161355e-02
509.20000000,1.871651133515e+13,1.714109063024e-02,1.946899498727e-02,2.203926352133e-02,2.500645446037e-02,1.747372128957e-02,1.638150138503e-02
509.40000000,5.623264470458e+12,2.586566352962e-02,2.937843830732e-02,3.256891409448e-02,3.695373333773e-02,2.562226877001e-02,2.402071226774e-02
509.60000000,1.262762070819e+13,1.298265442814e-02,1.474580815395e-02,1.833406123338e-02,2.080241324137e-02,3.029934221628e-02,2.840543855862e-02
509.80000000,2.440801892405e+13,-1.662734626224e-02,-1.888547981072e-02,-1.631927073609e-02,-1.851636739555e-02,-1.434913616702e-02,-1.345222291798e-02
510.00000000,-1.042586653666e+13,-2.347165079008e-02,-2.665929849113e-02,-2.598196920555e-02,-2.947997464164e-02,-2.045899755785e-02,-1.918017869669e-02
510.20000000,1.647417748410e+13,-3.035608545444e-02,-3.447869731830e-02,-4.528659368543e-02,-5.138362003629e-02,-5.659777289465e-02,-5.306004826897e-02
510.40000000,9.795201691327e+12,4.387804377251e-03,4.983705136891e-03,-1.652414783260e-02,-1.874882751287e-02,-1.550258760443e-02,-1.453357622598e-02
510.60000000,2.237930762916e+13,6.187999746057e-02,7.028382186177e-02,7.208917594214e-02,8.179468853566e-02,4.478429538302e-02,4.198498904078e-02
510.80000000,1.085743666164e+13,8.488159612903e-02,9.640923119748e-02,9.642360104661e-02,1.094053068581e-01,8.432064384921e-02,7.905006158171e-02
511.00000000,1.416545200525e+13,1.981053350215e-02,2.250097066567e-02,4.617876332786e-02,5.239590429492e-02,2.001338697443e-02,1.876242163919e-02
511.20000000,4.679205435898e+12,-8.623343533110e-04,-9.794466153943e-04,1.513469386293e-02,1.717230852513e-02,2.115460651457e-03,1.983230762214e-03
511.40000000,7.322660229078e+12,-1.229709069826e-02,-1.396713910025e-02,-1.025299624905e-02,-1.163337801811e-02,-2.927095568179e-02,-2.744133279318e-02
511.60000000,-1.296250403477e+13,-1.424775356691e-02,-1.618271840211e-02,-1.589384488754e-02,-1.803366559847e-02,-2.409610221810e-02,-2.258994093577e-02
511.80000000,-1.392598870541e+13,6.732021837328e-03,7.646287055616e-03,-6.618244577145e-03,-7.509272325083e-03,-2.231071151944e-02,-2.091614863256e-02
512.00000000,2.177666894315e+13,2.952739234012e-02,3.353746070526e-02,4.175811420075e-02,4.738009417153e-02,2.195832190203e-02,2.058578563146e-02
512.20000000,2.905082006655e+13,3.545514547520e-02,4.027025260061e-02,5.192531050381e-02,5.891612082215e-02,1.771513317261e-02,1.660782347354e-02
512.40000000,8.911014797061e+12,2.059479721694e-02,2.339174399283e-02,1.226769384018e-02,1.391931844960e-02,1.890470772204e-02,1.772304196685e-02
512.60000000,3.583342119213e+12,-2.959253478815e-02,-3.361145004594e-02,-9.693493843786e-05,-1.099854866433e-04,-6.066959807203e-02,-5.687735819841e-02
512.80000000,2.828211143299e+12,-1.733066246395e-02,-1.968431227133e-02,5.994270452072e-04,6.801291292601e-04,-1.269477480873e-02,-1.190126977909e-02
513.00000000,2.261398186594e+13,3.566114790701e-03,4.050423189626e-03,-1.038424397548e-02,-1.178229589328e-02,-1.444949582427e-02,-1.354630945152e-02
513.20000000,2.209794973259e+13,1.653804625335e-02,1.878405210913e-02,2.814115195432e-03,3.192985256186e-03,-1.738712048900e-02,-1.630031369118e-02
513.40000000,7.544033472589e+12,3.039188671303e-02,3.451936068910e-02,9.704610947645e-03,1.101116248658e-02,-4.507723712304e-03,-4.225962003897e-03
513.60000000,1.586251351623e+13,4.403181310384e-02,5.001170386946e-02,4.662573854878e-02,5.290305670026e-02,1.784651857611e-02,1.673099644476e-02
513.80000000,2.674020772194e+13,3.436881292347e-02,3.903638694641e-02,3.506758601782e-02,3.978880655158e-02,1.103046211347e-02,1.034098732576e-02
514.00000000,1.753160158545e+13,1.647889908665e-03,1.871687225945e-03,7.310346391796e-03,8.294553216764e-03,-1.268560606262e-02,-1.189267413855e-02
514.20000000,2.457560280021e+13,7.495103225683e-03,8.513001318160e-03,-6.230881329762e-03,-7.069757574695e-03,-6.218647705709e-02,-5.829942249615e-02
514.40000000,1.682041478850e+13,6.921261908961e-03,7.861227521511e-03,1.112240751419e-03,1.261983989275e-03,-2.886895286767e-02,-2.706445773908e-02
514.60000000,9.808270123151e+11,4.084466683152e-03,4.639171631220e-03,1.820524111675e-03,2.065624981004e-03,-2.421711081741e-02,-2.270338571977e-02
514.80000000,3.720686331353e+12,1.109518388042e-02,1.260200322200e-02,1.122224675086e-02,1.273312068921e-02,-8.903827743339e-03,-8.347281274115e-03
515.00000000,1.749363408233e+13,2.070108276796e-02,2.351246401612e-02,-4.394128116537e-03,-4.985718535142e-03,1.132636211621e-03,1.061839167623e-03
515.20000000,2.560814043242e+13,1.943029878847e-02,2.206909687804e-02,-1.002267351311e-02,-1.137204646308e-02,-6.232645339731e-03,-5.843064941531e-03
515.40000000,5.946302960933e+12,-1.332082725646e-02,-1.512990769822e-02,-3.331908290458e-02,-3.780489890273e-02,-5.185590268276e-02,-4.861457542684e-02
515.60000000,-9.546483085596e+12,-7.152431443651e-02,-8.123791824401e-02,-7.131965769607e-02,-8.092156848071e-02,-1.217772489939e-01,-1.141653881276e-01
515.80000000,2.184332157948e+13,-2.976838806964e-02,-3.381118568294e-02,-2.225812344258e-02,-2.525477993860e-02,-4.714118024285e-02,-4.419455344643e-02
516.00000000,3.166381366009e+13,-1.875128905837e-02,-2.129787191244e-02,2.234444132990e-02,2.535271897891e-02,-1.933804199463e-02,-1.812929006186e-02
516.20000000,1.454554154115e+13,-2.821491240914e-02,-3.204673495458e-02,1.077095929224e-02,1.222107548082e-02,2.901046995837e-04,2.719712910195e-04
516.40000000,9.672261845366e+12,-8.905033979717e-03,-1.011441253375e-02,-8.044635031710e-03,-9.127700631921e-03,-2.036135280480e-03,-1.908863736838e-03
516.60000000,1.211371855378e+13,-1.283374438376e-02,-1.457667487240e-02,-1.345530505292e-02,-1.526682017893e-02,-4.854187295891e-03,-4.550769386385e-03
516.80000000,1.539578031445e+12,-8.924637704181e-03,-1.013667860897e-02,-2.707276801780e-02,-3.071762991980e-02,-1.466580311006e-02,-1.374909614150e-02
517.00000000,5.389588177660e+12,-5.689320985113e-03,-6.461978652906e-03,-1.784865245930e-02,-2.025165289532e-02,-1.140301153486e-02,-1.069025001350e-02
517.20000000,1.731150816714e+13,-3.536626855869e-02,-4.016930545090e-02,-5.181590075419e-03,-5.879198101508e-03,-4.837945632642e-02,-4.535542931494e-02
517.40000000,1.476555079337e+13,1.072940901752e-02,1.218655305456e-02,4.536172616941e-02,5.146886775963e-02,3.012408517280e-02,2.824113620694e-02
517.60000000,1.869759318054e+13,7.737929883053e-03,8.788805879088e-03,5.193517287238e-02,5.892731098149e-02,1.781222119007e-02,1.669884286582e-02
517.80000000,1.672843220177e+13,-7.558370656663e-03,-8.584860998687e-03,2.125456245737e-02,2.411610749383e-02,-2.239753788493e-04,-2.099754779204e-04
518.00000000,5.949924012383e+12,8.731512307913e-03,9.917325158656e-03,1.700764795670e-02,1.929742224352e-02,-2.857416843302e-02,-2.678809922652e-02
518.20000000,9.704670071183e+12,1.546063611585e-03,1.756032060810e-03,1.729210331616e-02,1.962017440742e-02,-1.845837686649e-02,-1.730460965886e-02
518.40000000,-4.883297176014e+12,-2.784249128443e-03,-3.162373590706e-03,-3.736692298026e-03,-4.239770793273e-03,3.654001863279e-03,3.425603258301e-03
518.60000000,9.259119909661e+12,8.891486570099e-04,1.009902527190e-03,4.756687389166e-03,5.397089901134e-03,3.171500387343e-02,2.973261226210e-02
518.80000000,6.511134052028e+12,4.253933085848e-02,4.831652997532e-02,7.208207507047e-02,8.178663165917e-02,6.395391251537e-02,5.995638187692e-02
519.00000000,1.196156497963e+13,6.268535440178e-02,7.119855305302e-02,9.771393112735e-02,1.108693567058e-01,6.449283670479e-02,6.046161984021e-02
519.20000000,-1.012902912826e+12,3.336500978661e-02,3.789625889615e-02,6.974334436183e-02,7.913303287153e-02,-1.180205149446e-02,-1.106434741053e-02
519.40000000,2.209919127048e+13,2.049980197316e-02,2.328384759552e-02,5.612725644329e-02,6.368378330229e-02,-1.204848892753e-02,-1.129538091990e-02
519.60000000,2.404500780411e+13,1.662167388708e-02,1.887903707929e-02,2.043702845440e-02,2.318850722283e-02,-8.016826047408e-03,-7.515722885972e-03
519.80000000,1.725098006985e+12,1.026719259690e-02,1.166156375427e-02,-7.150802780977e-03,-8.113529924650e-03,-1.444315091352e-02,-1.354036113848e-02
520.00000000,-1.040612303415e+13,2.806218586588e-02,3.187326686150e-02,-3.335218389610e-03,-3.784245634815e-03,1.892904848483e-02,1.774586127550e-02
520.20000000,1.923294572277e+13,4.293950875600e-02,4.877105539899e-02,4.755083049946e-02,5.395269566456e-02,5.861138382981e-02,5.494779557686e-02
520.40000000,2.206502193858e+13,7.978396120736e-02,9.061929455472e-02,1.210899549296e-01,1.373925422065e-01,6.962179935605e-02,6.526998935595e-02
520.60000000,1.575441942908e+13,1.727202566676e-02,1.961771210363e-02,6.336756523528e-02,7.189886961452e-02,4.833400247168e-02,4.531281661830e-02
520.80000000,1.878891206479e+13,-5.980805760891e-03,-6.793049514202e-03,9.420272702258e-03,1.068854320405e-02,-2.023591924779e-03,-1.897104421499e-03
521.00000000,8.886697811560e+12,-1.647009483150e-04,-1.870687231231e-04,-6.297099988752e-04,-7.144891386620e-04,-3.351874508824e-03,-3.142360805623e-03
521.20000000,4.368983212493e+12,4.206464414991e-03,4.777737681704e-03,2.443763704741e-03,2.772772589945e-03,2.817895912373e-02,2.641759303953e-02
521.40000000,1.339604401238e+13,2.083622006242e-02,2.366595409241e-02,2.048852414378e-02,2.324693588176e-02,2.498063289363e-02,2.341918275817e-02
521.60000000,1.640327733314e+13,3.926511852028e-03,4.459765204774e-03,3.077314111152e-03,3.491619178032e-03,7.943330726365e-03,7.446821494934e-03
521.80000000,2.729934643148e+13,1.194584824613e-02,1.356819496726e-02,5.521408248059e-03,6.264766686898e-03,1.510723600964e-02,1.416293664724e-02
522.00000000,2.055695416552e+13,-4.550314106079e-02,-5.168285054481e-02,-2.846321605983e-02,-3.229527681389e-02,-5.007456986915e-02,-4.694458736478e-02
522.20000000,1.407319002019e+13,-6.032071817580e-03,-6.851277932814e-03,-2.297716505364e-03,-2.607062758635e-03,1.663155408947e-02,1.559197504853e-02
522.40000000,3.757248004352e+13,-2.985724247386e-02,-3.391210726299e-02,-3.008163318326e-02,-3.413158473116e-02,-1.599763011825e-02,-1.499767540047e-02
522.60000000,5.395128412908e+12,-6.466408000738e-03,-7.344600624765e-03,-1.757596239462e-02,-1.994225001179e-02,-9.425135446380e-04,-8.836003894662e-04
522.80000000,-1.152427084523e+12,-5.323780067255e-03,-6.046794202224e-03,-7.215172322444e-03,-8.186565668597e-03,8.243194983986e-03,7.727942308878e-03
523.00000000,4.220890591858e+12,-5.894604729257e-03,-6.695141657053e-03,3.151823770446e-03,3.576160224523e-03,-1.255000365191e-02,-1.176554775018e-02
523.20000000,2.470114622789e+11,-2.525742968234e-02,-2.868760118503e-02,-9.274459769009e-03,-1.052309917860e-02,-4.149855733467e-02,-3.890463074172e-02
523.40000000,1.035867893541e+13,2.695518117898e-03,3.061592162221e-03,5.819836519488e-03,6.603372964369e-03,-1.510222048347e-02,-1.415823462371e-02
523.60000000,4.980744308900e+13,1.681649472598e-02,1.910031622761e-02,3.568123076270e-02,4.048506753839e-02,5.635476836203e-03,5.283223308172e-03
523.80000000,2.433427872574e+12,3.540543289430e-02,4.021378863288e-02,1.110989988107e-02,1.260564833150e-02,3.692584306308e-02,3.461774050626e-02
524.00000000,1.739377631660e+13,-1.349978917221e-03,-1.533317414817e-03,1.435166327105e-03,1.628385692974e-03,1.813039148107e-02,1.699712546837e-02
524.20000000,-8.244703193825e+12,-1.373748873414e-02,-1.560315531095e-02,-2.051219350156e-02,-2.327379189339e-02,-8.317395447379e-03,-7.797504766335e-03
524.40000000,6.482174623862e+12,-3.750178920185e-02,-4.259484776870e-02,-3.189364480422e-02,-3.618755116749e-02,-2.525759390575e-02,-2.367883192669e-02
524.60000000,-3.246042261613e+12,-1.932742482446e-02,-2.195225176399e-02,-2.599389266190e-02,-2.949350337721e-02,-3.295283751020e-02,-3.089307333957e-02
524.80000000,2.878933800928e+13,-1.683193938978e-02,-1.911785840673e-02,-3.584403806908e-02,-4.066979392404e-02,-4.647640060546e-02,-4.357132680969e-02
525.00000000,3.581466921565e+12,1.697025141133e-02,1.927495436475e-02,-2.334793106598e-02,-2.649131058215e-02,-1.099045755619e-02,-1.030348331047e-02
525.20000000,2.499744824265e+13,9.424195468083e-03,1.070408052119e-02,1.413299455357e-02,1.603574839741e-02,4.480486519791e-02,4.200427311002e-02
525.40000000,1.385849293128e+13,-5.268008442736e-03,-5.983448321753e-03,8.078728303570e-03,9.166383950416e-03,6.575267368196e-02,6.164270890787e-02
525.60000000,7.686108585720e+12,1.056245834226e-02,1.199692907265e-02,1.576271416812e-02,1.788488048320e-02,3.771902652352e-02,3.536134490171e-02
525.80000000,1.051687798291e+13,1.501079793142e-02,1.704939061264e-02,-2.464297200416e-03,-2.796070551965e-03,1.721539551571e-02,1.613932263259e-02
526.00000000,1.029127671330e+13,1.140151517338e-02,1.294993688244e-02,-1.163196147622e-02,-1.319799614258e-02,1.057009451560e-02,9.909395662071e-03
526.20000000,1.348056136707e+13,2.005735904274e-02,2.278131719181e-02,-5.505279263903e-03,-6.246466224751e-03,1.070909375048e-02,1.003970655126e-02
526.40000000,1.029371446376e+13,-5.645900019199e-03,-6.412660754416e-03,-2.641192352995e-02,-2.996781459249e-02,-7.284043848423e-03,-6.828744284868e-03
526.60000000,7.364788553319e+12,-5.906183369565e-02,-6.708292774155e-02,-4.918522724427e-02,-5.580713457218e-02,-6.686283180280e-02,-6.268347500987e-02
526.80000000,1.653381200016e+13,-6.587177450713e-02,-7.481771582372e-02,-7.049131158507e-02,-7.998170044554e-02,-4.462762642951e-02,-4.183811290397e-02
527.00000000,1.074904941358e+12,-3.408764646603e-02,-3.871703571791e-02,-7.981239731308e-03,-9.055770293097e-03,1.449466460950e-02,1.358865489732e-02
527.20000000,1.986854752490e+13,2.781312189555e-02,3.159037790802e-02,2.863300223359e-02,3.248792164606e-02,3.276002222200e-02,3.071231024633e-02
527.40000000,1.995218732251e+13,2.870839340369e-02,3.260723482105e-02,1.092930029819e-02,1.240073425893e-02,4.546796986005e-02,4.262592946823e-02
527.60000000,-4.497473150365e+12,1.364402385989e-02,1.549699712023e-02,3.437086006497e-03,3.899827896457e-03,2.268615614216e-02,2.126812555294e-02
527.80000000,1.046009192963e+13,-1.050891777649e-02,-1.193611724748e-02,-3.826569967124e-03,-4.341748876030e-03,1.888070672741e-02,1.770054118867e-02
528.00000000,4.677053568458e+12,-1.235461925157e-02,-1.403248051522e-02,-1.325469164305e-02,-1.503919777706e-02,-2.125417055109e-03,-1.992564826635e-03
528.20000000,1.082190038134e+13,-2.647759066734e-02,-3.007347029996e-02,-1.198153640685e-02,-1.359463505816e-02,-2.170743023217e-02,-2.035057630374e-02
528.40000000,1.114496752541e+13,2.305912034975e-03,2.619074294539e-03,1.437025095289e-02,1.630494710904e-02,-2.872510028756e-02,-2.692959686993e-02
528.60000000,8.061539632393e+12,9.277524576975e-03,1.053749048878e-02,2.621859433401e-02,2.974845709312e-02,-8.399966849582e-03,-7.874914925118e-03
528.80000000,1.462172457488e+13,1.168509221810e-02,1.327202607626e-02,5.954422610193e-03,6.756078654601e-03,3.554160927271e-02,3.332003022587e-02
529.00000000,1.282397061718e+13,-1.328534108239e-02,-1.508960220308e-02,-6.073176616703e-03,-6.890820754893e-03,2.946501558405e-02,2.762326270409e-02
529.20000000,-1.158609903387e+13,-1.332250443414e-02,-1.513181265075e-02,-6.673327294745e-03,-7.571770941149e-03,3.198635914772e-02,2.998700608742e-02
529.40000000,2.471686824784e+13,-3.216181317649e-02,-3.652965806096e-02,-1.734318844828e-02,-1.967813723492e-02,1.821492057428e-02,1.707637094989e-02
529.60000000,1.740458894739e+13,-1.608698509139e-02,-1.827173304551e-02,-1.408609737284e-02,-1.598253735372e-02,-2.652083221387e-03,-2.486310972024e-03
529.80000000,3.231123718677e+12,-3.366121146203e-03,-3.823268725174e-03,-1.051517487542e-02,-1.193085428696e-02,1.391882222548e-02,1.304880636392e-02
530.00000000,-1.246203981670e+13,7.134428527545e-03,8.103343960786e-03,2.456648810373e-02,2.787392443593e-02,2.668381867391e-02,2.501590847882e-02
530.20000000,1.712462676439e+12,-1.214440766575e-02,-1.379372042703e-02,-1.683719120257e-02,-1.910401654937e-02,1.059923523272e-02,9.936714897051e-03
530.40000000,1.276807164995e+13,-2.393927737741e-02,-2.719043270430e-02,-1.381993515627e-02,-1.568054117580e-02,1.382387998890e-02,1.295979862742e-02
530.60000000,1.140444968843e+13,-2.393365577215e-02,-2.718404763773e-02,-3.632410484879e-03,-4.121449307213e-03,4.559602783376e-03,4.274598299541e-03
530.80000000,7.719446120224e+12,9.428586117705e-03,1.070906745799e-02,2.063311444581e-02,2.341099267067e-02,2.794056396889e-02,2.619409911431e-02
531.00000000,-5.485193856348e+12,-1.854684292584e-02,-2.106566027461e-02,-2.159558387961e-02,-2.450304132476e-02,-2.905488500043e-03,-2.723876791833e-03
531.20000000,7.373804035076e+12,-8.540176459218e-03,-9.700004291536e-03,-2.670717301489e-02,-3.030281411698e-02,-2.403533239989e-02,-2.253296962184e-02
531.40000000,-2.159432304921e+12,5.188645895767e-03,5.893307673037e-03,-3.428250368116e-02,-3.889802698083e-02,3.099188752855e-03,2.905469533708e-03
531.60000000,8.924586075560e+12,2.669412631093e-02,3.031941330619e-02,-1.090260680630e-02,-1.237044696785e-02,2.996491979969e-02,2.809191969279e-02
531.80000000,2.827469194867e+13,6.397554931222e-02,7.266396728982e-02,1.017492748797e-01,1.154479870071e-01,5.605020182918e-02,5.254670391496e-02
532.00000000,1.481331525251e+13,3.126707281088e-02,3.551340442409e-02,4.425558469798e-02,5.021380420883e-02,-8.832977703084e-03,-8.280859816812e-03
532.20000000,1.242153931576e+13,-9.102117474311e-03,-1.033826162545e-02,9.224485945189e-03,1.046639727709e-02,-1.894682952472e-03,-1.776253088610e-03
532.40000000,1.588934269126e+12,1.012195490395e-02,1.149660156039e-02,4.026827601881e-03,4.568967604055e-03,1.186884573071e-02,1.112696657765e-02
532.60000000,5.058487488825e+12,6.804204134853e-03,7.728272316589e-03,-6.807772932163e-03,-7.724317268582e-03,1.621339742822e-02,1.519995586658e-02
532.80000000,5.299433508494e+12,5.005338748024e-02,5.685105872025e-02,2.063128286806e-02,2.340891450387e-02,3.693208939751e-02,3.462359640463e-02
533.00000000,-9.699695966588e+12,1.055513458193e-01,1.198861068403e-01,2.517627309690e-02,2.856580602478e-02,1.206198810909e-01,1.130803631584e-01
533.20000000,-7.659439273135e+12,1.152399384768e-01,1.308904919142e-01,1.069304499335e-02,1.213267142117e-02,6.490845039037e-02,6.085125499881e-02
533.40000000,-2.469379118182e+12,-5.852418673137e-03,-6.647226379499e-03,-2.757374667881e-02,-3.128605635837e-02,-6.318100006125e-02,-5.923178141959e-02
533.60000000,1.859323238287e+13,-1.639667395880e-02,-1.862348026728e-02,-4.281599324530e-02,-4.858039762661e-02,-6.072766241005e-02,-5.693179314205e-02
533.80000000,1.066244344905e+13,-1.150227582885e-02,-1.306438168287e-02,-1.515132907294e-02,-1.719118336735e-02,-1.881541193196e-02,-1.763932773766e-02
534.00000000,2.679119696260e+13,8.251820212119e-03,9.372486839444e-03,1.626130486488e-04,1.845059746109e-04,-1.421067904660e-02,-1.332242025761e-02
534.20000000,-3.771852242798e+12,4.516008786975e-03,5.129320784350e-03,1.283704282743e-03,1.456532005070e-03,-7.576464919576e-03,-7.102887159343e-03
534.40000000,3.975037811069e+12,-3.645200521115e-03,-4.140249427769e-03,-5.455640355866e-03,-6.190144329417e-03,-1.868955271283e-02,-1.752133552877e-02
534.60000000,2.573782040937e+13,2.103654537015e-03,2.389348526275e-03,3.540304411412e-02,4.016942805468e-02,-5.929100562539e-03,-5.558493664149e-03
534.80000000,9.701775038562e+11,-2.634839230059e-03,-2.992672570774e-03,1.263039113514e-03,1.433084642016e-03,-2.714714238323e-02,-2.545027147800e-02
535.00000000,1.208263516428e+13,2.085843594491e-02,2.369118707869e-02,1.538091955936e-02,1.745168408861e-02,1.728905428970e-02,1.620837725971e-02
535.20000000,-3.767018507649e+12,8.731954770898e-03,9.917827711838e-03,3.141454754066e-02,3.564395206347e-02,1.663598853282e-02,1.559613231066e-02
535.40000000,2.190241401284e+13,3.028540345161e-03,3.439841610468e-03,1.731566497970e-02,1.964690822571e-02,-1.052089524997e-02,-9.863271666811e-03
535.60000000,-5.484644455007e+12,1.047974619781e-02,1.190298392293e-02,1.998450353615e-02,2.267505795310e-02,-7.482322182718e-03,-7.014628948703e-03
535.80000000,2.575246484385e+13,2.980717645865e-02,3.385524186159e-02,4.685706283577e-02,5.316552464719e-02,1.244325705575e-02,1.166547350247e-02
536.00000000,8.912483721987e+12,9.612981369993e-03,1.091850513730e-02,3.136599102675e-02,3.558885828720e-02,-7.189121704875e-03,-6.739755385466e-03
536.20000000,-1.915265396664e+12,-1.770615014710e-03,-2.011079434173e-03,2.088233240326e-02,2.369376334935e-02,-1.686019447759e-02,-1.580632394265e-02
536.40000000,-1.356399719281e+13,8.694923272954e-03,9.875767024837e-03,-2.103887023831e-02,-2.387137619197e-02,-1.536113041103e-02,-1.440096101647e-02
536.60000000,1.899388285392e+13,-1.725058049493e-02,-1.959335449699e-02,-2.693345110992e-02,-3.055955649284e-02,-3.125111381734e-02,-2.929771831647e-02
536.80000000,2.142017545529e+13,-2.079087367900e-02,-2.361444928850e-02,-1.224991328668e-02,-1.389914406397e-02,-3.408450484534e-03,-3.195400419172e-03
537.00000000,3.153451936720e+13,1.179161158278e-02,1.339301166706e-02,9.807174159529e-03,1.112753399259e-02,1.050990834050e-02,9.852971509804e-03
537.20000000,2.011748676977e+13,-2.786132811411e-03,-3.164513093673e-03,-4.481086267410e-03,-5.084384038991e-03,2.407621785476e-03,2.257129947296e-03
537.40000000,2.176341802420e+12,-4.596284271502e-03,-5.220498355225e-03,-9.783495463164e-03,-1.110066738510e-02,-2.506553486036e-03,-2.349877780621e-03
537.60000000,2.435873254579e+13,8.147940561503e-03,9.254499458083e-03,-3.662689207271e-03,-4.155804515674e-03,-2.560913597158e-03,-2.400840035363e-03
537.80000000,1.261616953664e+13,-9.702194359913e-03,-1.101983400201e-02,-3.386813047923e-02,-3.842786587069e-02,-2.737209365464e-02,-2.566116184891e-02
538.00000000,3.931680583417e+13,-7.122849321483e-03,-8.090192201096e-03,-6.024583919292e-02,-6.835685923653e-02,-2.735032417109e-02,-2.564075309803e-02
538.20000000,5.371549547531e+12,-3.349274375751e-03,-3.804134021522e-03,-3.347453405311e-02,-3.798127875602e-02,-3.047956922846e-02,-2.857440022401e-02
538.40000000,1.357144552494e+13,5.571829092499e-03,6.328530372533e-03,-3.630943527879e-02,-4.119784850804e-02,2.893989500653e-02,2.713096553823e-02
538.60000000,1.640537597094e+13,-2.556274050836e-02,-2.903437579054e-02,-1.966121224599e-02,-2.230824129804e-02,1.515617137338e-02,1.420881323619e-02
538.80000000,1.372671138751e+12,-4.672093318916e-02,-5.306602909244e-02,-2.589773539329e-02,-2.938440025966e-02,-1.445863361628e-02,-1.355487607280e-02
539.00000000,1.258599896760e+13,-1.353345284867e-02,-1.537140963518e-02,7.590170340359e-03,8.612050433488e-03,-1.137993398706e-02,-1.066861496079e-02
539.20000000,5.268660940727e+12,2.152395160146e-02,2.444708536199e-02,2.796588189230e-02,3.173098553438e-02,2.078721036829e-04,1.948787609670e-04
539.40000000,9.763293529629e+12,1.664832979154e-02,1.890931307989e-02,-1.009116357392e-02,-1.144975748028e-02,-2.606819847640e-02,-2.443876850097e-02
539.60000000,1.826168352537e+13,2.259515425200e-02,2.566376634710e-02,1.103786441926e-02,1.252391458874e-02,3.938865424674e-02,3.692661015959e-02
539.80000000,-6.179484838555e+11,-1.898072244940e-02,-2.155846428875e-02,-2.162661272874e-02,-2.453824765105e-02,-4.019615081250e-02,-3.768363299927e-02
540.00000000,1.699574168484e+13,-4.192637201594e-02,-4.762032616366e-02,-3.507162823523e-02,-3.979339298095e-02,-5.356403935071e-02,-5.021594257286e-02
540.20000000,8.205516235072e+12,-6.026158629137e-02,-6.844561683619e-02,-1.367327579176e-02,-1.551413676232e-02,-4.280633600411e-02,-4.013066483770e-02
540.40000000,1.556539309108e+13,-4.688533335062e-02,-5.325275617932e-02,-8.185996458184e-04,-9.288093835172e-04,-5.249540791802e-02,-4.921410747406e-02
540.60000000,9.135543166652e+12,-1.733609915336e-02,-1.969048730891e-02,3.709427932746e-03,4.208835770962e-03,-5.204050872975e-02,-4.878764240922e-02
540.80000000,8.148374388597e+12,1.912594267858e-02,2.172340664713e-02,2.084014090314e-02,2.364589152163e-02,-1.725203183625e-02,-1.617366894759e-02
541.00000000,1.331330676875e+13,3.135484522205e-02,3.561309706734e-02,5.391976203990e-02,6.117908943099e-02,1.235719629970e-02,1.158479209688e-02
541.20000000,2.609384374680e+13,4.193291837233e-02,4.762776157034e-02,5.294173753247e-02,6.006939149201e-02,3.314798248552e-02,3.107602049951e-02
541.40000000,-4.455440712599e+12,1.166721704776e-02,1.325172330736e-02,1.413101936132e-02,1.603350728101e-02,-7.772603079295e-03,-7.286765423271e-03
541.60000000,1.546943270248e+13,-1.041229627414e-03,-1.182637373199e-03,2.454624034692e-03,2.785095068238e-03,-3.788897345671e-02,-3.552066905913e-02
541.80000000,1.108445432712e+13,-4.909427052130e-02,-5.576168560691e-02,-1.299989158194e-02,-1.475009346473e-02,-5.225817354450e-02,-4.899170177385e-02
542.00000000,2.169313548094e+12,-1.050404722378e-02,-1.193058523272e-02,2.958081028913e-02,3.356333503068e-02,3.246718660413e-03,3.043777873697e-03
542.20000000,7.936022394108e+12,-1.613587723371e-03,-1.832726515219e-03,3.358515279290e-02,3.810679032206e-02,1.189679878196e-02,1.115317238351e-02
542.40000000,1.817252562705e+13,-1.132280949193e-02,-1.286054230711e-02,1.780172179612e-02,2.019840386136e-02,8.087628936015e-04,7.582100138912e-04
542.60000000,9.820590000016e+12,-1.663793715832e-03,-1.889750903962e-03,5.665141306897e-02,6.427850820212e-02,1.126911640049e-02,1.056472418573e-02
542.80000000,2.309502739811e+13,1.674337442937e-02,1.901726557938e-02,2.040510903752e-02,2.315229042984e-02,4.681406757834e-02,4.388788742619e-02
543.00000000,2.269896541320e+13,-1.878952069226e-02,-2.134129572395e-02,3.142318569320e-03,3.565375318809e-03,-3.191831899231e-03,-2.992321887909e-03
543.20000000,9.195265877821e+12,2.610443709336e-03,2.964963933039e-03,1.067700542526e-02,1.211447241335e-02,9.378571737039e-03,8.792350716477e-03
543.40000000,1.580343181206e+13,-2.247183559905e-02,-2.552369998330e-02,1.359278493072e-03,1.542280925271e-03,8.600166646731e-03,8.062600948029e-03
543.60000000,2.296859949298e+13,-1.648507094790e-02,-1.872388231139e-02,-1.274203460511e-03,-1.445752067789e-03,3.004903418649e-02,2.817077638971e-02
543.80000000,-1.882368829112e+12,-2.679590712312e-02,-3.043501680920e-02,-1.452326448372e-04,-1.647856116315e-04,-1.374184936356e-02,-1.288289544347e-02
544.00000000,2.639277270667e+13,-1.764722736569e-02,-2.004386935075e-02,2.805672835471e-03,3.183406284107e-03,-2.084409414048e-02,-1.954120426744e-02
544.20000000,2.981620061850e+13,-1.675758460827e-02,-1.903340562015e-02,1.289922070244e-03,1.463586905967e-03,-1.593032887140e-02,-1.493458091417e-02
544.40000000,1.379045177297e+13,-5.628697469414e-02,-6.393121953604e-02,-4.129533568509e-02,-4.685501084169e-02,-7.084089955262e-02,-6.641288795366e-02
544.60000000,1.247538498629e+13,-2.387981455427e-02,-2.712289432937e-02,-3.748213543936e-02,-4.252843167987e-02,-5.983813580250e-02,-5.609786766549e-02
544.80000000,2.271521360243e+13,-2.398734889038e-02,-2.724503273327e-02,1.398272679330e-02,1.586524978251e-02,-8.722017208178e-03,-8.176835066110e-03
545.00000000,8.748615863342e+12,9.151724952509e-03,1.039460621665e-02,1.343771238424e-02,1.524685897343e-02,3.335999055709e-02,3.127477670378e-02
545.20000000,2.002780873178e+13,8.487001218434e-03,9.639607405562e-03,1.797882777355e-02,2.039935397728e-02,1.784097585523e-02,1.672580017956e-02
545.40000000,3.186714530981e+13,8.567902649378e-03,9.731495931648e-03,1.427537595689e-02,1.619729889908e-02,2.297987267841e-03,2.154348291762e-03
545.60000000,4.736752072783e+13,2.148565984697e-02,2.440359326501e-02,1.319220527288e-02,1.496829873961e-02,-1.793636627798e-03,-1.681522808770e-03
545.80000000,1.239145295729e+13,-1.985042155949e-02,-2.254627585687e-02,-1.838328029044e-02,-2.085825876033e-02,3.245397581126e-02,3.042539370357e-02
546.00000000,4.223792933350e+12,-3.302334750632e-02,-3.750819600296e-02,-5.477539982981e-02,-6.214992347937e-02,-4.375917554193e-02,-4.102394577940e-02
546.20000000,2.231977981196e+13,7.446127747148e-03,8.457374557490e-03,1.061592927525e-02,1.204517345687e-02,2.961928442919e-02,2.776788875474e-02
546.40000000,1.870705686791e+13,3.810255475936e-03,4.327720234462e-03,1.554167570053e-02,1.763408315649e-02,1.652407904173e-02,1.549121788213e-02
546.60000000,1.506420040126e+13,-6.326924074678e-03,-7.186173607731e-03,3.404989655423e-03,3.863410348261e-03,-1.262178843620e-03,-1.183284552401e-03
546.80000000,1.945604558996e+13,-1.131506307296e-02,-1.285174385926e-02,2.443159440146e-03,2.772086971976e-03,-2.242396295902e-02,-2.102232112917e-02
547.00000000,2.340013596171e+12,-5.310942273282e-03,-6.032212927793e-03,-7.467697664589e-03,-8.473089011916e-03,-2.893441418254e-02,-2.712582730097e-02
547.20000000,1.989855148372e+13,-4.259038944971e-03,-4.837452275292e-03,-1.682246051191e-02,-1.908730263583e-02,-2.736944211685e-02,-2.565867604928e-02
547.40000000,-4.049300130650e+12,-6.925600060452e-03,-7.866154830482e-03,2.626734876740e-03,2.980377543519e-03,-2.368207638528e-02,-2.220179437893e-02
547.60000000,2.504655821683e+11,-3.267534396066e-02,-3.711293064721e-02,-3.053814330039e-02,-3.464955573521e-02,-4.137398774495e-02,-3.878784755211e-02
547.80000000,2.030447285891e+13,-3.446548132248e-03,-3.914618372751e-03,-2.728468855966e-02,-3.095808175586e-02,-2.947370018938e-03,-2.763140446576e-03
548.00000000,3.461453382621e+12,1.049990595372e-02,1.192588154333e-02,1.055806211936e-02,1.197951552792e-02,-9.609183985128e-03,-9.008548216646e-03
548.20000000,2.230487498489e+13,1.072959024414e-02,1.218675889329e-02,9.132858001443e-03,1.036243327664e-02,-9.342499228571e-03,-8.758532971667e-03
548.40000000,1.165896563265e+13,9.784756903189e-03,1.111360923346e-02,4.168180687219e-03,4.729351343191e-03,2.081379917452e-03,1.951280293160e-03
548.60000000,1.436921353536e+13,1.719141958598e-02,1.952615903875e-02,-5.893283394490e-03,-6.686708141754e-03,-7.929087139014e-03,-7.433468223353e-03
548.80000000,5.533885101999e+12,-2.295030506512e-03,-2.606714962937e-03,-1.858939619611e-02,-2.109212447021e-02,-1.797060944087e-02,-1.684733083279e-02
549.00000000,7.931515759502e+12,-3.668892614898e-02,-4.167159107267e-02,-5.039330305225e-02,-5.717785608688e-02,-4.167977535416e-02,-3.907452147009e-02
549.20000000,1.609186567767e+13,-1.285368337033e-02,-1.459932174114e-02,-2.253383834022e-02,-2.556761489451e-02,-4.197837293945e-02,-3.935445478687e-02
549.40000000,1.878317074724e+13,4.633898472273e-03,5.263220881001e-03,-1.514406348668e-02,-1.718293960041e-02,-1.681096006675e-02,-1.576016699897e-02
549.60000000,2.567252149732e+13,5.786150735201e-03,6.571958697920e-03,-9.568163176235e-03,-1.085634447377e-02,4.172595447153e-03,3.911781409579e-03
549.80000000,1.654469355050e+13,6.300673781951e-03,7.156358304345e-03,-1.755750204701e-02,-1.992130430998e-02,7.104775700082e-03,6.660681548164e-03
550.00000000,-1.284179112680e+12,2.361437444726e-02,2.682140522204e-02,8.141875350234e-03,9.238032612595e-03,2.861054780376e-02,2.682220465273e-02
550.20000000,1.242394498406e+13,3.591300341026e-02,4.079029149632e-02,1.685287377369e-02,1.912181049699e-02,3.441716576912e-02,3.226587166937e-02
550.40000000,3.345386555087e+12,2.152877102190e-02,2.445255930028e-02,-7.149597703966e-03,-8.112162605666e-03,2.340983760926e-02,2.194657227641e-02
550.60000000,8.707163869313e+12,2.429177824905e-03,2.759080616075e-03,-1.976373835684e-02,-2.242457070802e-02,-3.851842142553e-03,-3.611077248370e-03
550.80000000,-4.847659401227e+12,-5.849263694964e-03,-6.643642928740e-03,-1.090885737640e-02,-1.237753906493e-02,-5.388246925234e-03,-5.051446855871e-03
551.00000000,3.125138861737e+12,-5.500850092165e-02,-6.247911826635e-02,-1.201691812942e-02,-1.363478029411e-02,-2.261165417534e-02,-2.119828043796e-02
551.20000000,8.397479785956e+12,-1.474506540832e-02,-1.674756937667e-02,-1.667166936325e-02,-1.891621016768e-02,2.629920100940e-02,2.465533189074e-02
551.40000000,2.391496156403e+13,9.878688546078e-03,1.122029758393e-02,-5.895664603143e-03,-6.689409937379e-03,3.117091569502e-02,2.922253309232e-02
551.60000000,2.793181766336e+13,1.863647409223e-02,2.116746410768e-02,1.040955245628e-02,1.181101170640e-02,4.712761141955e-02,4.418183276181e-02
551.80000000,2.604686902659e+13,6.167451741779e-03,7.005043589998e-03,4.721049397091e-03,5.356653893595e-03,4.298957035530e-02,4.030244586408e-02
552.00000000,1.480197496366e+13,7.673319996577e-04,8.715421426314e-04,-7.123539236990e-04,-8.082595834199e-04,2.876419859409e-02,2.696625128097e-02
552.20000000,2.945434940454e+13,-6.427253345527e-02,-7.300128437874e-02,-4.256033297752e-02,-4.829031729624e-02,-4.328074401442e-02,-4.057541929780e-02
552.40000000,1.349404607463e+13,-9.159543488266e-02,-1.040348657536e-01,-5.960555326973e-02,-6.763037031532e-02,-4.814787722768e-02,-4.513832539849e-02
552.60000000,2.100650507707e+13,-2.754871366683e-02,-3.129006081673e-02,-1.692928424260e-02,-1.920850826296e-02,-1.583133324352e-02,-1.484177314939e-02
552.80000000,2.758433212325e+13,-4.506605414787e-03,-5.118640355084e-03,-1.881960668414e-03,-2.135332866515e-03,8.594931821360e-03,8.057693332894e-03
553.00000000,1.073883991104e+13,-9.064496969402e-03,-1.029553193938e-02,-1.375199493508e-02,-1.560345402424e-02,2.935273287071e-02,2.751799838211e-02
553.20000000,3.311595602503e+13,8.824857885144e-03,1.002334785082e-02,-1.177480621014e-02,-1.336007235399e-02,1.659463264272e-02,1.555736142953e-02
553.40000000,1.894689415923e+13,-4.290812391849e-03,-4.873540823642e-03,3.846473351518e-03,4.364331893607e-03,8.480042578835e-03,7.949985406554e-03
553.60000000,2.810206225943e+13,-2.777399718284e-02,-3.154593973007e-02,9.373519396680e-03,1.063549540571e-02,-1.002812277460e-02,-9.401300638771e-03
553.80000000,1.775527512854e+13,-1.611357344883e-03,-1.830193232563e-03,1.549655559024e-02,1.758288843385e-02,1.152192006571e-02,1.080172599682e-02
554.00000000,1.605389871802e+13,2.694441983293e-02,3.060369879480e-02,4.341292888973e-02,4.925769993274e-02,2.357601973745e-02,2.210236695334e-02
554.20000000,1.351621513970e+13,1.089431487184e-02,1.237385451165e-02,4.172660218532e-03,4.734433962928e-03,2.329348276445e-02,2.183749035734e-02
554.40000000,1.184598282014e+13,-1.331415812806e-02,-1.512233284606e-02,-3.580526760224e-03,-4.062580371027e-03,-2.231831889480e-02,-2.092328049806e-02
554.60000000,1.525344219113e+13,-1.994394653340e-03,-2.265250230928e-03,-1.128570297776e-02,-1.280512015718e-02,-1.204938746804e-02,-1.129622329585e-02
554.80000000,1.898975027484e+13,-2.056404308026e-02,-2.335681318558e-02,-3.038274710706e-02,-3.447323823585e-02,-2.863062452234e-02,-2.684102644734e-02
555.00000000,2.496087821439e+13,-1.275162383885e-02,-1.448340166641e-02,-1.217538381229e-02,-1.381458053464e-02,-2.595736269394e-02,-2.433486066739e-02
555.20000000,1.946520497748e+13,-1.928011999022e-02,-2.189852253517e-02,-1.656669544185e-02,-1.879710339343e-02,-2.306361342770e-02,-2.162198933178e-02
555.40000000,-2.399229194317e+12,4.003357250868e-02,4.547046855461e-02,-2.069529832956e-03,-2.348154849734e-03,2.133126483060e-02,1.999792365782e-02
555.60000000,1.522238924783e+13,4.285715865710e-02,4.867752146365e-02,2.068317512077e-02,2.346779311626e-02,3.805311735946e-02,3.567455291281e-02
555.80000000,2.188614648766e+13,7.475572092969e-03,8.490817693260e-03,2.818372965721e-03,3.197816258762e-03,-1.265827921739e-02,-1.186705539680e-02
556.00000000,1.827297999424e+13,-1.443623418353e-02,-1.639679627260e-02,-7.871955143207e-03,-8.931772498302e-03,-2.591106040918e-02,-2.429145257306e-02
556.20000000,1.126450132948e+13,1.207294712489e-02,1.371255494335e-02,9.596496486207e-03,1.088849235498e-02,-4.420513117231e-03,-4.144202631620e-03
556.40000000,2.153537399312e+13,1.794982575729e-02,2.038756315042e-02,4.804458223073e-03,5.451292219712e-03,-2.212794239782e-03,-2.074480375591e-03
556.60000000,2.061599488839e+13,3.345024893604e-02,3.799307423939e-02,2.612766870254e-03,2.964528995868e-03,-5.926269196243e-03,-5.555839276447e-03
556.80000000,3.655470520843e+12,2.191622024924e-02,2.489262739325e-02,-1.648079571676e-02,-1.869963881338e-02,-1.844342960203e-02,-1.729059669451e-02
557.00000000,-3.013508320469e+12,6.148491468629e-03,6.983508352196e-03,-9.757204011566e-03,-1.107083626182e-02,-4.194586212474e-02,-3.932397610706e-02
557.20000000,1.552750734559e+13,1.433039962968e-02,1.627658849569e-02,-1.067141869284e-02,-1.210813352778e-02,-7.435848787924e-02,-6.971060439823e-02
557.40000000,1.390521676293e+13,-2.497316320798e-02,-2.836472893124e-02,-5.528478945900e-02,-6.272789327190e-02,-4.940113773228e-02,-4.631324906540e-02
557.60000000,7.000965313802e+12,2.621463401246e-02,2.977480191846e-02,-2.595431201006e-02,-2.944859390159e-02,-2.921290386802e-02,-2.738690959094e-02
557.80000000,2.673120679557e+13,4.145817721116e-02,4.708854656434e-02,1.135682300668e-02,1.288581522046e-02,1.647532459971e-02,1.544551090614e-02
558.00000000,9.657074779119e+12,4.257453456232e-02,4.835651463839e-02,4.641423710710e-02,5.266308038869e-02,1.477970059312e-02,1.385587429971e-02
558.20000000,2.478008580255e+13,2.474523805539e-02,2.810584962484e-02,2.092440412950e-02,2.374149927779e-02,-1.919671421601e-03,-1.799679617788e-03
558.40000000,1.626667966916e+13,-2.787590795295e-02,-3.166169084039e-02,-8.880905724277e-03,-1.007656015120e-02,-3.262212683144e-02,-3.058303420409e-02
558.60000000,3.088948591898e+13,-9.241223385870e-02,-1.049625929043e-01,7.737913797345e-03,8.779684893022e-03,-1.153625560100e-01,-1.081516546899e-01
558.80000000,1.421742388296e+13,-1.195709252414e-01,-1.358096631285e-01,-7.432489478872e-02,-8.433140676443e-02,-1.848589140516e-01,-1.733040436200e-01
559.00000000,-9.426688085663e+12,-2.799535015987e-02,-3.179735430415e-02,-4.894950234579e-02,-5.553967355047e-02,-7.793983170673e-02,-7.306809121504e-02
559.20000000,-4.644967216152e+12,5.187011236481e-03,5.891451013264e-03,1.957299395012e-02,2.220814599330e-02,-2.020522310057e-02,-1.894226677430e-02
559.40000000,-1.477029085419e+13,-5.763713913537e-03,-6.546474767058e-03,3.613858925181e-03,4.100400113247e-03,-1.387347568966e-02,-1.300629427808e-02
559.60000000,2.430955261236e+13,-1.375530590820e-02,-1.562339220719e-02,1.320125287518e-02,1.497856443902e-02,-2.329099180166e-02,-2.183515509574e-02
559.80000000,9.429647486800e+12,-1.331217990248e-02,-1.512008596080e-02,-1.253256580895e-02,-1.421985067104e-02,-4.088469982690e-02,-3.832914327417e-02
560.00000000,1.983199685223e+13,-1.567581091182e-02,-1.780471795215e-02,4.977423964037e-03,5.647544690692e-03,-2.678102072396e-02,-2.510703477592e-02
560.20000000,8.355010571640e+12,8.825416014780e-03,1.002398177915e-02,1.607128716179e-02,1.823499728754e-02,-1.535945851023e-02,-1.439939362022e-02
560.40000000,6.116565287404e+12,7.310680583435e-03,8.303532529101e-03,3.312217355418e-02,3.758147924541e-02,2.600771008809e-03,2.438206102576e-03
560.60000000,1.988431270888e+13,7.515709027028e-04,8.536405560738e-04,3.461888705481e-05,3.927969833371e-05,2.142005133948e-02,2.008116043916e-02
560.80000000,5.078416681212e+12,-1.515774990558e-02,-1.721629990156e-02,2.467092984323e-02,2.799242737955e-02,3.264265037845e-02,3.060227489749e-02
561.00000000,5.449896383939e+12,-1.687345735904e-02,-1.916501486560e-02,-1.099295005803e-03,-1.247295331556e-03,-2.841713737593e-02,-2.664088361991e-02
561.20000000,1.481719060833e+12,2.085033213263e-02,2.368198270051e-02,1.039753704766e-02,1.179737863884e-02,-1.397893432828e-02,-1.310516107388e-02
561.40000000,8.976652922211e+12,2.246444550322e-02,2.551530625026e-02,8.787613860664e-03,9.970708213971e-03,-2.247963320115e-02,-2.107451162331e-02
561.60000000,8.363049147311e+12,1.292627481280e-02,1.468177171238e-02,6.502566838968e-03,7.378020657395e-03,-1.973628373010e-02,-1.850263912890e-02
561.80000000,1.076430775545e+13,2.336909180488e-03,2.654281113266e-03,-1.891204865871e-02,-2.145821629105e-02,6.955995369168e-03,6.521200944316e-03
562.00000000,2.987055245115e+13,-6.680890304674e-03,-7.588211430534e-03,1.707766905456e-02,1.937687042440e-02,2.234782908680e-02,2.095094611337e-02
562.20000000,1.359811039377e+13,-4.184610325606e-02,-4.752915623069e-02,-3.025287110806e-02,-3.432587676657e-02,-3.870393299322e-02,-3.628468838591e-02
562.40000000,4.953616881471e+13,-1.050924159474e-02,-1.193648504297e-02,7.705774049447e-04,8.743218105404e-04,-3.008466879918e-02,-2.820418361005e-02
562.60000000,1.433526710931e+13,8.850707673798e-03,1.005270825831e-02,-8.705973108125e-03,-9.878076000624e-03,-3.069147482976e-02,-2.877306036307e-02
562.80000000,-5.796313580818e+12,8.865115338336e-03,1.006907260494e-02,-1.351664789794e-02,-1.533642173612e-02,-1.884320081564e-02,-1.766537963747e-02
563.00000000,1.237812789939e+12,2.276189454134e-03,2.585315137092e-03,-1.279334564548e-02,-1.451573982814e-02,-3.475833159408e-02,-3.258571243719e-02
563.20000000,2.193738441919e+13,-3.720403043379e-03,-4.225665085417e-03,7.205827110478e-04,8.175962291714e-04,-1.036099390845e-02,-9.713365186999e-03
563.40000000,1.888432709301e+13,-2.039373623600e-02,-2.316337723866e-02,-3.608333522389e-02,-4.094130814222e-02,-3.849674192337e-02,-3.609044808978e-02
563.60000000,3.831273189938e+13,-3.390187963999e-02,-3.850604019359e-02,-2.349670317282e-02,-2.666011218075e-02,-5.516594921583e-02,-5.171772277408e-02
563.80000000,2.909150075060e+11,-2.616728548947e-02,-2.972102306760e-02,-1.397690991068e-02,-1.585864976113e-02,-4.496231743258e-02,-4.215188356789e-02
564.00000000,1.626990127988e+13,-3.954451765830e-02,-4.491499593995e-02,-1.411873412850e-02,-1.601956806228e-02,-5.298043472442e-02,-4.966881698722e-02
564.20000000,2.592783355480e+13,-2.374679819498e-02,-2.697181322910e-02,-1.347462826623e-02,-1.528874491580e-02,-5.188566629600e-02,-4.864247862292e-02
564.40000000,-7.021911433771e+12,-2.842999327920e-02,-3.229102561680e-02,-1.642896262572e-02,-1.864082732772e-02,-3.106398259451e-02,-2.912228399798e-02
564.60000000,-7.719128208197e+12,3.197290121583e-03,3.631509026628e-03,-1.453925236379e-03,-1.649670152411e-03,-4.277389919377e-04,-4.010025553649e-04
564.80000000,2.914413647114e+13,1.605897330077e-02,1.823991701800e-02,9.719290010436e-03,1.102781782149e-02,1.177974534741e-02,1.104343554106e-02
565.00000000,1.129508869689e+13,2.847308953840e-02,3.233997471067e-02,-8.755232114383e-03,-9.933966847229e-03,-2.295993974630e-02,-2.152479592190e-02
565.20000000,1.629732473655e+13,-1.837941280320e-03,-2.087549173231e-03,-3.337559919264e-02,-3.786902409377e-02,-2.499285018276e-02,-2.343063638820e-02
565.40000000,2.855930996659e+13,-2.315036747843e-02,-2.629438220202e-02,2.513411184741e-03,2.851796852040e-03,-1.583361169960e-02,-1.484390918732e-02
565.60000000,3.827366088133e+13,-4.226072873752e-02,-4.800009134178e-02,-2.527939645945e-02,-2.868281309569e-02,-2.484668299945e-02,-2.329360559343e-02
565.80000000,-4.954168924401e+12,-4.693627314774e-02,-5.331061402957e-02,-3.833380353152e-02,-4.349476158202e-02,-2.776924985438e-02,-2.603349323319e-02
566.00000000,2.836415491379e+13,-4.256116174803e-02,-4.834132568339e-02,-5.569187427392e-02,-6.318978474463e-02,-1.690370225571e-02,-1.584711220496e-02
566.20000000,2.949016680334e+13,-4.709081018306e-02,-5.348613849478e-02,-2.414925057902e-02,-2.740051337341e-02,-2.415164931645e-03,-2.264201598341e-03
566.40000000,1.249472887348e+13,-2.233872685189e-02,-2.537251394810e-02,-2.822533998629e-02,-3.202537500005e-02,-1.539564959362e-02,-1.443332252826e-02
566.60000000,2.240283068782e+13,-2.301888816426e-02,-2.614504689053e-02,-3.169747540510e-03,-3.596497108259e-03,-3.020348669606e-04,-2.831557462456e-04
566.80000000,1.763917666519e+13,-8.476627605764e-03,-9.627824968992e-03,-3.217027544541e-03,-3.650142515535e-03,-1.042334076892e-03,-9.771814967917e-04
567.00000000,1.426135679081e+13,-2.755041956427e-02,-3.129199838940e-02,-2.537824322178e-02,-2.879496779896e-02,-2.595250195290e-02,-2.433030375390e-02
567.20000000,3.020192248703e+13,-9.191921193813e-03,-1.044026144579e-02,-2.650764238168e-02,-3.007642026820e-02,3.324915094928e-03,3.117086528396e-03
567.40000000,2.214831127721e+13,-3.449733337767e-04,-3.918236155979e-04,-2.939662594935e-02,-3.335435357807e-02,2.239166686453e-02,2.099204374819e-02
567.60000000,2.763949728487e+13,5.557121127718e-04,6.311824942365e-04,-4.200170625068e-02,-4.765648151531e-02,2.340297755324e-02,2.194014101799e-02
567.80000000,8.344692995281e+12,-2.747613752719e-02,-3.120762822657e-02,-2.568316149546e-02,-2.914093784090e-02,-1.998533861384e-03,-1.873612648144e-03
568.00000000,1.885339945306e+13,-1.227959303970e-02,-1.394726511240e-02,-2.186761196916e-02,-2.481169311010e-02,-2.472992650558e-02,-2.318414713096e-02
568.20000000,4.449169468829e+13,-2.296718348562e-02,-2.608632028143e-02,-5.579644671334e-03,-6.330843598457e-03,-2.960610481930e-02,-2.775553295519e-02
568.40000000,1.319159381296e+13,3.169146280856e-02,3.599543015487e-02,2.362412709310e-02,2.680469144296e-02,1.699336468880e-02,1.593117015961e-02
568.60000000,1.475184818270e+13,3.947566508689e-02,4.483679260992e-02,1.661515821410e-02,1.885209080742e-02,3.397676442917e-02,3.185299824414e-02
568.80000000,1.950993701084e+13,3.581925512576e-02,4.068381140585e-02,-1.068417848420e-02,-1.212261119583e-02,3.176557946905e-02,2.978002655788e-02
569.00000000,2.400053012414e+13,1.556519113476e-02,1.767907507845e-02,-2.167379102242e-02,-2.459177765451e-02,1.057873241227e-02,9.917493634677e-03
569.20000000,8.458742084292e+12,-5.661725505845e-03,-6.430635475326e-03,-9.624716913859e-03,-1.092051215629e-02,-8.176231698265e-03,-7.665164658965e-03
569.40000000,1.472804291051e+13,-3.287118604398e-04,-3.733536973348e-04,-5.242372294427e-03,-5.948163554467e-03,-3.838155095694e-02,-3.598245729922e-02
569.60000000,-3.031217726028e+12,-1.404029969757e-02,-1.594709055149e-02,-1.779232012075e-02,-2.018773641929e-02,-2.875631320117e-02,-2.695885877580e-02
569.80000000,1.321905127404e+13,1.327356771106e-02,1.507622990885e-02,-1.704784657336e-02,-1.934303288181e-02,-3.694120742175e-02,-3.463214449375e-02
570.00000000,2.237356167662e+13,-6.005979853701e-03,-6.821642460666e-03,-1.215957741365e-02,-1.379664608835e-02,-6.505559453632e-02,-6.098920168977e-02
570.20000000,2.165307774845e+13,-3.760155077668e-02,-4.270815780493e-02,-5.599069704096e-02,-6.352883862947e-02,-4.906913315295e-02,-4.600199690645e-02
570.40000000,2.876690935402e+13,-2.592830593233e-02,-2.944958807548e-02,-3.999620966667e-02,-4.538098084126e-02,-4.205375578618e-02,-3.942512572110e-02
570.60000000,1.223445912942e+13,2.204481566467e-02,2.503868714828e-02,1.389033640381e-02,1.576042068669e-02,-2.037533652953e-02,-1.910174702043e-02
570.80000000,1.634497244915e+13,9.608174762704e-03,1.091304575229e-02,3.556988185303e-02,4.035872749820e-02,3.848647915714e-03,3.608082681242e-03
571.00000000,1.712282697379e+13,2.000588891777e-04,2.272285699077e-04,2.285113122791e-02,2.592762556995e-02,-1.587141197692e-02,-1.487934670433e-02
571.20000000,1.109404888104e+13,-1.056186157365e-02,-1.199625125784e-02,9.717152855324e-03,1.102539293683e-02,-1.940046891819e-02,-1.818781490141e-02
571.40000000,-1.043293335801e+13,-5.973923912064e-02,-6.785233052390e-02,-6.611772777575e-02,-7.501929213955e-02,-1.355261186405e-01,-1.270548650413e-01
571.60000000,1.625140030882e+13,-9.511038446953e-02,-1.080271750742e-01,-8.536493633141e-02,-9.685779158716e-02,-1.567545070084e-01,-1.469563426767e-01
571.80000000,2.182814544104e+13,-1.752663338712e-02,-1.990689769504e-02,4.396885344555e-02,4.988846974386e-02,-6.089037108667e-02,-5.708433148046e-02
572.00000000,1.901548162489e+13,3.021995948922e-02,3.432408430146e-02,7.101693720859e-02,8.057809211739e-02,2.145602864507e-02,2.011488893189e-02
572.20000000,1.222731697700e+13,1.284392071687e-02,1.458823323719e-02,4.774932291630e-02,5.417791151978e-02,1.284405237285e-02,1.204121653587e-02
572.40000000,2.987375306839e+13,4.609019097299e-03,5.234962677536e-03,4.397341362722e-02,4.989364387207e-02,1.488458477997e-02,1.395420255067e-02
572.60000000,2.282514527658e+13,5.553524125332e-03,6.307739436781e-03,2.988339690104e-02,3.390665949448e-02,1.360996365074e-02,1.275925343549e-02
572.80000000,6.941790131222e+12,1.285545940380e-02,1.460133897490e-02,3.854940116197e-02,4.373938556060e-02,2.035014497836e-02,1.907813010314e-02
573.00000000,2.196019723753e+13,-3.861588455429e-02,-4.386024664559e-02,-7.986787581869e-03,-9.062065062080e-03,-1.137476155864e-02,-1.066376584239e-02
573.20000000,4.657802454458e+13,-3.898337861332e-02,-4.427764949044e-02,-2.743049043807e-02,-3.112351323815e-02,-2.992388932450e-02,-2.805345388605e-02
573.40000000,1.628680792747e+13,-7.135336148369e-03,-8.104374844155e-03,-8.519725966466e-03,-9.666754026923e-03,-2.985364208034e-03,-2.798759754621e-03
573.60000000,2.749600866750e+13,-6.685408149501e-03,-7.593342836708e-03,2.766558009660e-03,3.139025349625e-03,5.824025546456e-03,5.459986512012e-03
573.80000000,1.074039008013e+13,-4.485343306078e-03,-5.094490673083e-03,-1.411247804110e-02,-1.601246970509e-02,1.503081363559e-02,1.409129116283e-02
574.00000000,-1.148144557403e+13,-2.227932953311e-03,-2.530504997357e-03,-9.353361109268e-03,-1.061262316701e-02,4.387909474874e-02,4.113636926492e-02
574.20000000,-1.290366340149e+13,-1.956883606692e-03,-2.222644868475e-03,1.524826479160e-03,1.730116973927e-03,3.301068833752e-02,3.094730811830e-02
574.40000000,1.940960737927e+13,1.004600735011e-02,1.141033968961e-02,5.788895108034e-03,6.568265847668e-03,2.438952621516e-02,2.286502404684e-02
574.60000000,2.679576890020e+13,2.802334786152e-02,3.182915432930e-02,2.464606042206e-02,2.796420973755e-02,2.474432240476e-02,2.319764319390e-02
574.80000000,-1.007989007376e+12,4.831156643757e-02,5.487268372183e-02,2.794780111864e-02,3.171047050934e-02,5.348286270728e-02,5.013983999147e-02
575.00000000,2.255789770769e+13,-9.147056410627e-03,-1.038930364749e-02,-2.818557994527e-02,-3.198026198372e-02,9.286001764303e-03,8.705566962092e-03
575.20000000,1.461900853824e+13,-2.103364437925e-02,-2.389019029287e-02,-3.916948134290e-02,-4.444294839931e-02,1.710046227336e-02,1.603157345670e-02
575.40000000,2.828192259886e+13,-4.333835159023e-03,-4.922406444653e-03,-3.236693778298e-02,-3.672456454402e-02,2.814105892174e-02,2.638206184379e-02
575.60000000,4.065732902029e+13,4.248129825994e-03,4.825061606154e-03,-3.697744242447e-02,-4.195579081640e-02,1.400481648509e-02,1.312942542951e-02
575.80000000,2.412366934622e+13,-1.550150593552e-03,-1.760674089322e-03,-1.275793967189e-02,-1.447556707620e-02,-1.110567940364e-02,-1.041150305178e-02
576.00000000,1.116859819476e+13,2.707591329874e-03,3.075305017985e-03,-6.318620229895e-03,-7.169308941667e-03,-3.592426917043e-03,-3.367877142018e-03
576.20000000,-5.745247504564e+12,4.397755133742e-03,4.995007289853e-03,2.046160253601e-02,2.321638976309e-02,2.110811481551e-02,1.978872195312e-02
576.40000000,1.039422324499e+13,3.754761698249e-02,4.264689934761e-02,1.411658756178e-02,1.601713249890e-02,4.577674003376e-02,4.291539952125e-02
576.60000000,1.184575356107e+13,-2.321965334604e-02,-2.637307767352e-02,-5.231134605227e-02,-5.935412912281e-02,-6.455384183936e-02,-6.051881176172e-02
576.80000000,-6.487142872127e+12,-4.400822145859e-02,-4.998490828025e-02,-6.914018143551e-02,-7.844866489188e-02,-9.996548686591e-02,-9.371700134225e-02
577.00000000,2.034064580909e+13,-3.910161722391e-04,-4.441194589934e-04,-4.166610630742e-02,-4.727569906812e-02,-2.494429541775e-02,-2.338511660812e-02
577.20000000,6.703502215578e+12,1.525386171984e-02,1.732546450902e-02,-2.379255744502e-02,-2.699579791624e-02,8.689339472200e-03,8.146199898689e-03
577.40000000,-1.210158610275e+11,1.178385081915e-02,1.338419692642e-02,-6.423660355015e-03,-7.288490832785e-03,1.428638481174e-02,1.339339392579e-02
577.60000000,7.085325631319e+12,1.125203836829e-02,1.278015986932e-02,1.217029717105e-03,1.380880906853e-03,1.718212729939e-02,1.610813389364e-02
577.80000000,1.439318576994e+13,-4.188805499365e-02,-4.757680536729e-02,-2.133297194404e-02,-2.420507340940e-02,-7.503759687662e-02,-7.034726471786e-02
578.00000000,4.431230093295e+12,-8.202702715739e-02,-9.316698773710e-02,-7.829482394672e-02,-8.883581557120e-02,-1.481731374302e-01,-1.389113638596e-01
578.20000000,1.013882982595e+13,-3.520480727025e-02,-3.998591636072e-02,-4.525112669132e-02,-5.134337804853e-02,-1.213876162692e-01,-1.138001099528e-01
578.40000000,2.545164285559e+13,-8.422285361922e-03,-9.566102591124e-03,-4.492840353522e-02,-5.097720601657e-02,-5.727333187594e-02,-5.369338047132e-02
578.60000000,3.205676826057e+13,7.583319363537e-03,8.613197949910e-03,-2.495843051032e-02,-2.831863484705e-02,-2.664089479854e-02,-2.497566762159e-02
578.80000000,-2.845027618821e+12,1.966165507459e-02,2.233187329477e-02,-8.190497204821e-04,-9.293200526496e-04,1.550310386167e-03,1.453406021382e-03
579.00000000,3.477813743769e+13,3.159217174548e-02,3.588265452986e-02,4.593815825769e-03,5.212290607408e-03,-8.559228082031e-03,-8.024221306782e-03
579.20000000,1.133949546918e+13,2.809923656578e-02,3.191534935824e-02,1.561489374604e-02,1.771715869661e-02,-2.129720585783e-02,-1.996599358978e-02
579.40000000,-3.583200672617e+12,1.298197265555e-02,1.474503379091e-02,-2.265743148132e-02,-2.570784763194e-02,-3.569813148519e-02,-3.346676879392e-02
579.60000000,1.312031741873e+13,-5.729581486643e-02,-6.507706869353e-02,-6.469737383680e-02,-7.340771305672e-02,-6.438480020841e-02,-6.036033631933e-02
579.80000000,1.767530795608e+13,-5.999930427808e-02,-6.814771471828e-02,-5.037069000010e-02,-5.715219859346e-02,-5.790877257155e-02,-5.428910203874e-02
580.00000000,2.593486066022e+13,-4.838152691101e-02,-5.495214541630e-02,-7.314344028325e-02,-8.299089063241e-02,-5.501374331156e-02,-5.157503071722e-02
580.20000000,2.017825266374e+13,-1.474504169384e-02,-1.674754244155e-02,-2.212097676832e-02,-2.509916892823e-02,-2.903291242196e-02,-2.721816876727e-02
580.40000000,7.725366826598e+11,-1.064964719129e-02,-1.209595890110e-02,-8.851480891743e-03,-1.004317379353e-02,-4.694342089422e-02,-4.400915532832e-02
580.60000000,2.484109454428e+13,3.147255886059e-02,3.574679720861e-02,6.586568752048e-03,7.473331919134e-03,-1.584130769173e-02,-1.485112413047e-02
580.80000000,3.144553750965e+13,4.105342237776e-02,4.662882261838e-02,1.860263580517e-02,2.110714655481e-02,1.235365496735e-02,1.158147212057e-02
581.00000000,9.918984335666e+12,6.409411305929e-03,7.279863299151e-03,8.915196656016e-03,1.011546774093e-02,3.298390701890e-02,3.092220080425e-02
581.20000000,1.596648967436e+13,6.339349019122e-03,7.200285964193e-03,-1.953646215330e-02,-2.216669584627e-02,3.363001160235e-03,3.152791969797e-03
581.40000000,-2.366024819691e+12,-2.873823219438e-02,-3.264112597062e-02,-3.222752215875e-02,-3.656637911032e-02,-2.004617588075e-02,-1.879316102810e-02
581.60000000,3.023656781091e+13,-3.515240258175e-02,-3.992639467452e-02,-4.313582798618e-02,-4.894329237013e-02,-5.463036811244e-02,-5.121561893244e-02
581.80000000,3.425853931618e+13,1.446524473905e-02,1.642974670570e-02,-3.139339248780e-03,-3.561994886275e-03,-5.229934392060e-03,-4.903029873679e-03
582.00000000,1.787707710503e+13,2.985085266550e-02,3.390484966488e-02,1.949218209582e-02,2.211645427446e-02,1.567458815660e-02,1.469482563799e-02
582.20000000,1.192262636309e+13,4.351407571366e-02,4.942365338472e-02,1.626976954979e-02,1.846020176372e-02,4.667334838899e-02,4.375596409074e-02
582.40000000,1.903031331197e+13,4.012136134994e-02,4.557017985930e-02,1.017888691211e-02,1.154929119018e-02,3.836792627762e-02,3.596968424994e-02
582.60000000,1.626708652101e+13,3.322112734528e-02,3.773283600845e-02,1.175038131070e-02,1.333235908058e-02,4.099289768684e-02,3.843057807235e-02
582.80000000,7.332735769506e+12,1.046419629123e-01,1.188532220817e-01,3.541730936283e-02,4.018561386288e-02,8.964021824926e-02,8.403712838666e-02
583.00000000,2.393583295110e+13,6.669519882006e-02,7.575296808782e-02,6.969627863115e-02,7.907963058567e-02,1.010074899784e-01,9.469387256200e-02
583.20000000,1.172735699532e+12,5.034622604610e-02,5.718366722771e-02,8.353425985109e-02,9.478064740344e-02,4.202152960534e-02,3.939491388373e-02
583.40000000,2.311359427379e+13,1.152175815064e-02,1.308650986791e-02,4.412820041619e-03,5.006926992172e-03,2.947685004551e-02,2.763435743564e-02
583.60000000,7.389148825068e+12,6.940573378150e-03,7.883161650731e-03,9.653930181490e-04,1.095365846565e-03,5.326872285604e-03,4.993908525745e-03
583.80000000,2.789067087927e+13,3.659150800290e-03,4.156094272254e-03,6.582828493037e-03,7.469088101434e-03,8.437045075475e-03,7.909675523549e-03
584.00000000,5.602130032103e+11,2.166461119704e-02,2.460684771436e-02,2.211860246798e-02,2.509647497100e-02,1.544185392008e-02,1.447663878730e-02
584.20000000,1.039682157602e+13,-5.398026351025e-02,-6.131123756143e-02,8.093548010059e-03,9.183198864175e-03,9.754758757949e-02,9.145023630388e-02
584.40000000,1.641288579741e+13,-7.567012476493e-03,-8.594676450375e-03,3.466494272838e-02,3.933195457596e-02,-2.110851483730e-03,-1.978909697097e-03
584.60000000,2.488080331339e+13,2.777862751533e-02,3.155119890068e-02,4.629261998660e-02,5.252508970754e-02,5.798864421330e-02,5.436398118946e-02
584.80000000,1.880445213596e+13,3.484461391100e-02,3.957680571211e-02,3.100693865998e-02,3.518146596894e-02,2.292984084701e-02,2.149657839729e-02
585.00000000,1.326808075522e+13,7.075264397751e-04,8.036144844279e-04,-2.138242072357e-03,-2.426117957884e-03,-4.324799801456e-05,-4.054472013311e-05
585.20000000,3.209403343092e+13,1.688542719943e-02,1.917861031105e-02,1.450045729537e-02,1.645268339662e-02,3.871932236793e-02,3.629911582578e-02
585.40000000,2.174893131455e+13,-9.606173033832e-03,-1.091077217179e-02,9.369577120929e-03,1.063102237335e-02,2.858378791657e-02,2.679711743051e-02
585.60000000,4.241570898867e+13,-1.825342035920e-02,-2.073238845415e-02,-4.851930604264e-03,-5.505155904277e-03,1.816124353669e-02,1.702604907219e-02
585.80000000,1.791218814734e+13,-2.917682220353e-02,-3.313928019393e-02,-1.336518926437e-02,-1.516457191821e-02,-2.607517658223e-03,-2.444531043033e-03
586.00000000,1.271755820358e+13,-4.915458696340e-03,-5.583019352943e-03,-3.261555565851e-02,-3.700665435053e-02,3.173617337976e-04,2.975245853823e-04
586.20000000,3.475303310346e+13,6.663329958855e-03,7.568266241976e-03,-2.349912970233e-02,-2.666286539888e-02,-1.405742185052e-03,-1.317874262145e-03
586.40000000,5.557395367348e+12,1.102312620042e-02,1.252015950266e-02,-2.323093170982e-02,-2.635855936435e-02,5.515634904703e-03,5.170872267753e-03
586.60000000,8.544687338609e+12,-3.278719103439e-03,-3.723996749479e-03,-1.756019242028e-02,-1.992435689368e-02,-9.646441138860e-03,-9.043476558775e-03
586.80000000,2.157351581673e+12,1.374121791926e-03,1.560739095079e-03,5.003789600391e-03,5.677459986371e-03,-5.295976837236e-03,-4.964944241501e-03
587.00000000,4.451875781922e+12,-1.329455484158e-02,-1.510006726830e-02,-1.175474973170e-02,-1.333731563100e-02,-3.609740810411e-02,-3.384108805755e-02
587.20000000,3.057484621836e+13,-2.121843479705e-02,-2.410007680449e-02,-2.338808379773e-02,-2.653686915795e-02,-4.974219172140e-02,-4.663298498785e-02
587.40000000,3.175659153435e+13,-2.103331586384e-03,-2.388981716229e-03,-2.077426062282e-03,-2.357114164498e-03,-1.893017364874e-02,-1.774691610943e-02
587.60000000,-1.071727499185e+12,-4.463845322212e-04,-5.070073082089e-04,-4.573394151219e-02,-5.189119521216e-02,-3.784295688613e-03,-3.547752882001e-03
587.80000000,1.761046048727e+13,-3.314209161283e-02,-3.764306655842e-02,-4.510111897553e-02,-5.117317448841e-02,-1.301463266351e-03,-1.220113446184e-03
588.00000000,1.736049333009e+13,-2.320659167972e-02,-2.635824212300e-02,-2.207493706564e-02,-2.504693080661e-02,1.573017724699e-04,1.474694005293e-04
588.20000000,1.655576467865e+13,-1.891608987923e-02,-2.148505407163e-02,-8.845390304569e-03,-1.003626321820e-02,-2.498217548775e-02,-2.342062893025e-02
588.40000000,1.026209464924e+13,-1.316688485321e-03,-1.495505862111e-03,1.573312428555e-02,1.785130685447e-02,-1.984966105332e-02,-1.860892964061e-02
588.60000000,8.934734544028e+12,-7.405109555066e-04,-8.410785749733e-04,-4.877360539957e-03,-5.534009524010e-03,-1.118476096621e-02,-1.048564150835e-02
588.80000000,2.928383680496e+13,-1.216964281310e-02,-1.382238271975e-02,-3.111530428908e-02,-3.530442108341e-02,-2.083015610052e-02,-1.952813744457e-02
589.00000000,3.298206650704e+13,1.961096038554e-03,2.227429384033e-03,-3.076429533589e-02,-3.490615507989e-02,6.344241324603e-03,5.947685459992e-03
589.20000000,1.861587396920e+13,-1.901420692972e-03,-2.159649624327e-03,-3.460943901261e-02,-3.926897828187e-02,1.267150713815e-03,1.187945648750e-03
589.40000000,9.529977619825e+12,-9.458639333507e-04,-1.074320215340e-03,-1.090340313295e-02,-1.237135050557e-02,4.453625661168e-02,4.175245428709e-02
589.60000000,1.998352470117e+13,-4.722594146083e-03,-5.363962173725e-03,2.607570392784e-02,2.958632906052e-02,2.003862963480e-02,1.878608647103e-02
589.80000000,2.082845438366e+13,7.127986950552e-03,8.096027563429e-03,-4.061010632759e-04,-4.607752766001e-04,-1.950138080046e-03,-1.828241914235e-03
590.00000000,-3.217330956618e+12,5.167264708769e-03,5.869022740914e-03,-1.102794806174e-02,-1.251266317181e-02,4.686750243821e-04,4.393798226386e-04
590.20000000,1.153284904603e+13,-5.262682859332e-03,-5.977399479306e-03,-2.946622584759e-02,-3.343332385238e-02,-1.423821697750e-02,-1.334823689081e-02
590.40000000,1.063333150892e+13,-1.035109070677e-02,-1.175685593351e-02,-3.240538149107e-02,-3.676818400682e-02,-1.517918241609e-02,-1.423038594081e-02
590.60000000,-8.865769020856e+11,2.478290346971e-02,2.814863031939e-02,-3.241315734228e-02,-3.677700673672e-02,7.175002584602e-03,6.726518800972e-03
590.80000000,4.515170425889e+12,4.346553413500e-02,4.936851945118e-02,1.249609394227e-02,1.417846852267e-02,2.800131928336e-02,2.625105683108e-02
591.00000000,3.111535766926e+12,1.992731799086e-02,2.263361547073e-02,2.841917653370e-02,3.224530815666e-02,5.548967198020e-02,5.202121078472e-02
591.20000000,1.087636065501e+13,2.265643190810e-02,2.573336602458e-02,2.022468402536e-02,2.294757443079e-02,2.048822180052e-02,1.920757623634e-02
591.40000000,-3.968515401648e+12,1.326881575671e-03,1.507083259911e-03,-6.048881639022e-03,-6.863254894881e-03,1.252886955158e-02,1.174573466698e-02
591.60000000,1.088113969391e+13,-8.748717884500e-03,-9.936867397334e-03,-2.399095098229e-02,-2.722090157953e-02,-2.898861318177e-03,-2.717663851435e-03
591.80000000,2.601100409110e+13,-3.081503456930e-02,-3.499997558521e-02,-3.980412923377e-02,-4.516304022843e-02,-2.228236297725e-02,-2.088957205649e-02
592.00000000,1.485411221750e+13,-3.556727677642e-03,-4.039761227616e-03,-2.393501200426e-02,-2.715743142295e-02,-4.139428482253e-03,-3.880687593187e-03
592.20000000,2.410659847049e+13,-1.994814113701e-02,-2.265726657536e-02,-2.412280896697e-02,-2.737051187327e-02,-8.732705182748e-03,-8.186854973565e-03
592.40000000,-2.432220612917e+12,-2.405993168504e-02,-2.732747288226e-02,-1.723606340992e-02,-1.955658973445e-02,2.388868641596e-02,2.239548995457e-02
592.60000000,1.912413800798e+13,-2.911347753185e-03,-3.306733278276e-03,2.382393745778e-02,2.703140268403e-02,1.671171303712e-02,1.566712354667e-02
592.80000000,1.352685257073e+12,8.582743973523e-03,9.748352832508e-03,-1.470516306137e-02,-1.668494911685e-02,9.676187117162e-03,9.071363222222e-03
593.00000000,2.705012903876e+13,9.094707446614e-03,1.032984525363e-02,-1.248743856074e-02,-1.416864784949e-02,6.382091796060e-03,5.983170033674e-03
593.20000000,1.377816079229e+13,1.227545648823e-02,1.394256678243e-02,-5.443508761011e-03,-6.176379433236e-03,1.201150748485e-02,1.126071105511e-02
593.40000000,2.423627357667e+13,1.432444377444e-02,1.626982378519e-02,-1.560570600563e-03,-1.770673399199e-03,5.796797364429e-03,5.434460266388e-03
593.60000000,1.846035049554e+13,2.188103174765e-02,2.485265999702e-02,8.315010952504e-03,9.434477813654e-03,1.716512195271e-02,1.609219149044e-02
593.80000000,5.469848673283e+12,1.572987778919e-02,1.786612756647e-02,1.476973264004e-02,1.675821182943e-02,2.781141737844e-02,2.607302501593e-02
594.00000000,5.135110814381e+12,2.170545038265e-02,2.465323320505e-02,2.255664950801e-02,2.559349717629e-02,1.514142459083e-02,1.419498822234e-02
594.20000000,3.182796636165e+13,2.475411224563e-02,2.811592900480e-02,9.869077992980e-03,1.119777206522e-02,-6.191110226606e-03,-5.804126039971e-03
594.40000000,1.635974240945e+13,2.576720172438e-02,2.926660456033e-02,1.078542356033e-02,1.223748710279e-02,3.098986312829e-03,2.905279747485e-03
594.60000000,7.419954483076e+12,4.021140428664e-02,4.567245138455e-02,4.968808573417e-02,5.637769392483e-02,3.952036335750e-02,3.705008660428e-02
594.80000000,1.036337695718e+13,3.894432520848e-03,4.423329230458e-03,2.090703839200e-02,2.372179555568e-02,2.314898783907e-02,2.170202729364e-02
595.00000000,3.216034162080e+13,1.832449081888e-04,2.081311088039e-04,8.768928411716e-05,9.949507105017e-05,2.073744956072e-02,1.944122565944e-02
595.20000000,3.394049818636e+13,-1.811193235217e-03,-2.057168518508e-03,2.704885891793e-03,3.069050188912e-03,-6.009662272792e-03,-5.634019749648e-03
595.40000000,3.551991918741e+13,2.419846641434e-03,2.748482179363e-03,-6.391051598312e-03,-7.251491892747e-03,-3.779386741491e-02,-3.543150775630e-02
595.60000000,9.925945202480e+12,4.997126514631e-02,5.675778348228e-02,4.291309016533e-02,4.869056690277e-02,-1.861674324841e-02,-1.745307712390e-02
595.80000000,1.201034343773e+13,7.856124279470e-02,8.923052069194e-02,6.703689283381e-02,7.606220626160e-02,4.945737192793e-02,4.636596826234e-02
596.00000000,-2.630013998747e+11,5.908831871195e-02,6.711300964595e-02,6.238258120106e-02,7.078127517349e-02,3.736929869964e-02,3.503347731493e-02
596.20000000,1.437738692295e+13,1.759641885197e-02,1.998616061329e-02,2.128716329339e-02,2.415309744681e-02,4.908746178124e-02,4.601917987766e-02
596.40000000,1.548750121502e+13,-9.680201825921e-03,-1.099485469683e-02,-9.673001510027e-03,-1.097529740599e-02,2.060860374128e-02,1.932043353196e-02
596.60000000,3.083069113690e+13,4.635317521170e-03,5.264832648681e-03,-3.316247567788e-03,-3.762720732611e-03,2.838941519434e-02,2.661489425288e-02
596.80000000,2.013677353278e+13,4.493658782350e-02,5.103935461011e-02,3.117763714175e-03,3.537514593501e-03,5.204326934030e-02,4.879023046386e-02
597.00000000,-2.835603033117e+12,7.986140323602e-02,9.070725386258e-02,6.346715156100e-02,7.201186345012e-02,6.927835301656e-02,6.494801062041e-02
597.20000000,7.446314238858e+12,1.088461048388e-01,1.236283218614e-01,6.950662690765e-02,7.886444566434e-02,1.267911875953e-01,1.188659233360e-01
597.40000000,2.677770564502e+13,5.099645598851e-02,5.792220386825e-02,9.096211060388e-03,1.032085248327e-02,5.920150568182e-02,5.550103101972e-02
597.60000000,2.546215736477e+13,2.494014200025e-02,2.832722316561e-02,-3.785817243460e-03,-4.295509530172e-03,3.629521739693e-02,3.402653299801e-02
597.80000000,2.526246254648e+13,-1.262616091015e-02,-1.434089981617e-02,-2.025078599609e-02,-2.297719056301e-02,1.940706101738e-02,1.819399495203e-02
598.00000000,3.088313153767e+13,4.967620228963e-04,5.642264860662e-04,-9.809695066250e-04,-1.113039429411e-03,3.498112772282e-02,3.279458237572e-02
598.20000000,4.774944016308e+12,-9.199658813107e-04,-1.044904989890e-03,2.105288621028e-02,2.388727916280e-02,6.143470381923e-02,5.759463991818e-02
598.40000000,4.374814206606e+12,1.838187801364e-02,2.087829173908e-02,2.667534365782e-02,3.026669950873e-02,5.084799325161e-02,4.766966681414e-02
598.60000000,2.446597825169e+13,2.510750442827e-02,2.851731481979e-02,7.741553065957e-03,8.783814123780e-03,5.434491471208e-03,5.094800820455e-03
598.80000000,1.712013616400e+13,8.175587895559e-03,9.285901532768e-03,-3.052964764473e-03,-3.463991629212e-03,9.448590590440e-03,8.857992941448e-03
599.00000000,1.722247759438e+13,2.495046029059e-02,2.833894276661e-02,-3.845276860595e-03,-4.362974316673e-03,8.383292890367e-03,7.859283195538e-03
599.20000000,3.146025548581e+13,8.672246913024e-03,9.850011024397e-03,2.846792947397e-02,3.230062480458e-02,-9.080746017291e-03,-8.513141018685e-03
599.40000000,2.515261774082e+13,-8.199723014867e-03,-9.313314404384e-03,1.229819900984e-02,1.395393059239e-02,7.139917569520e-03,6.693626824864e-03
599.60000000,1.954303276529e+13,-1.688165970326e-02,-1.917433115719e-02,2.250221797280e-02,2.553173741262e-02,2.406348383540e-02,2.255936141166e-02
599.80000000,1.934081006609e+13,1.371366439092e-02,1.557609542143e-02,3.208483991576e-02,3.640448726633e-02,4.751827147276e-02,4.454807405047e-02
600.00000000,1.223539827435e+13,3.645970028194e-02,4.141123440385e-02,4.786379507214e-02,5.430779529513e-02,6.269886800535e-02,5.877978571640e-02
600.20000000,2.152456978468e+13,6.011764254699e-03,6.828212431998e-03,2.123309845147e-02,2.409175374510e-02,4.651068084774e-02,4.360346431647e-02
600.40000000,1.586733389835e+13,1.389656247288e-02,1.578383260208e-02,2.980521015855e-02,3.381794631160e-02,3.621479912505e-02,3.395114138507e-02
600.60000000,1.016636418435e+13,4.622554668766e-02,5.250336493515e-02,4.309522302706e-02,4.889722068264e-02,3.898542780240e-02,3.654858796002e-02
600.80000000,1.338539144037e+13,2.916239900187e-02,3.312289820010e-02,1.684629727129e-02,1.911434858667e-02,4.393203210632e-03,4.118599769737e-03
601.00000000,2.633458380408e+13,2.815706131902e-02,3.198102719959e-02,2.562630651083e-02,2.907642835389e-02,2.464998496757e-02,2.310920245296e-02
601.20000000,2.156727042088e+13,2.062085635896e-02,2.342134218564e-02,2.378117095744e-02,2.698287844264e-02,2.019020559893e-02,1.892818796304e-02
601.40000000,6.937777048302e+12,2.472339729659e-02,2.808104270719e-02,3.174948569164e-02,3.602398361995e-02,4.567388355507e-02,4.281897223367e-02
601.60000000,2.054255821268e+13,2.865167932280e-02,3.254281849070e-02,3.965711829303e-02,4.499623690529e-02,6.713945483535e-02,6.294280732471e-02
601.80000000,-9.727657205616e+10,2.135770531216e-02,2.425826142758e-02,2.172104233666e-02,2.464539050942e-02,6.355053970519e-02,5.957822246033e-02
602.00000000,7.771067566071e+12,5.116347591910e-02,5.811190651096e-02,1.299359089874e-02,1.474294450772e-02,6.487881516258e-02,6.082347216325e-02
602.20000000,-4.386396940401e+12,6.117284474209e-02,6.948063185314e-02,3.623265957630e-02,4.111073633635e-02,4.069805967102e-02,3.815416932778e-02
602.40000000,3.879248521847e+13,2.112174161684e-02,2.399025187669e-02,-1.466338870510e-03,-1.663755059391e-03,-3.750521927253e-02,-3.516090197829e-02
602.60000000,5.239195795009e+12,1.115459079972e-03,1.266947810087e-03,-3.164169065461e-03,-3.590167591751e-03,-1.506555851441e-02,-1.412386426338e-02
602.80000000,2.301119519087e+13,1.231566254666e-02,1.398823316195e-02,-1.037803308409e-04,-1.177524881687e-04,-1.768556438896e-02,-1.658010292894e-02
603.00000000,2.576988981708e+13,1.048544643721e-02,1.190945830280e-02,-3.265602213529e-03,-3.705256891150e-03,1.440063711010e-02,1.350050472106e-02
603.20000000,3.391368573494e+13,-8.893498329893e-03,-1.010131024560e-02,-9.040071659121e-04,-1.025715492005e-03,-5.109872517229e-03,-4.790472637803e-03
603.40000000,1.572285070411e+13,-1.076021248228e-02,-1.222153988906e-02,3.995972815003e-03,4.533958774372e-03,-1.985739657364e-02,-1.861618164119e-02
603.60000000,1.254127882609e+13,1.098119843621e-02,1.247253759522e-02,-1.517029550545e-02,-1.721270328930e-02,1.106120287014e-02,1.036980658753e-02
603.80000000,9.942047180499e+12,-3.249024909179e-02,-3.690269833749e-02,-3.170564273336e-02,-3.597423799489e-02,-5.193406154979e-03,-4.868784886226e-03
604.00000000,1.504859505991e+13,-1.874898630221e-02,-2.129525642261e-02,-2.402494142040e-02,-2.725946821956e-02,-7.061694303721e-03,-6.620293016009e-03
604.20000000,1.835006163749e+13,8.363606703067e-03,9.499454876593e-03,-1.372531518029e-03,-1.557318231972e-03,-5.597896300918e-03,-5.247991797914e-03
604.40000000,1.624926543723e+13,3.029068398042e-02,3.440441377374e-02,1.759283732696e-02,1.996139685065e-02,1.652992882546e-02,1.549670201678e-02
604.60000000,2.980645704015e+13,1.085366895528e-02,1.232768853757e-02,1.087027712769e-02,1.233376467876e-02,-4.711314046334e-03,-4.416826633339e-03
604.80000000,5.441210460907e+12,-1.663927299861e-03,-1.889902629825e-03,1.159388517181e-02,1.315479354776e-02,7.511749599043e-03,7.042216962345e-03
605.00000000,-4.870628080058e+12,7.314942241726e-03,8.308372956451e-03,1.107203403779e-02,1.256268453261e-02,-1.672621584235e-03,-1.568071983334e-03
605.20000000,5.649697577876e+12,-3.770946233310e-03,-4.283072465882e-03,-1.960316120101e-02,-2.224237472263e-02,9.189376927245e-03,8.614981798470e-03
605.40000000,1.787811098218e+13,-1.644211451648e-03,-1.867509203509e-03,-2.000405279604e-02,-2.269723916966e-02,-1.406936452281e-02,-1.318993879995e-02
605.60000000,3.277839328227e+13,2.039978963129e-03,2.317025273599e-03,-2.552967790069e-03,-2.896679043714e-03,1.491155158888e-02,1.397948376067e-02
605.80000000,1.382150172399e+13,1.908572429098e-03,2.167772626405e-03,7.915205670219e-03,8.980845931862e-03,4.945948898559e-04,4.636795299032e-04
606.00000000,-4.694300419372e+12,9.255340563582e-03,1.051229369968e-02,2.336781915349e-02,2.651387624339e-02,1.354430081169e-02,1.269769494598e-02
606.20000000,1.232352252277e+13,1.149073051661e-02,1.305126842007e-02,2.119590590112e-02,2.404955388593e-02,-7.453488323702e-04,-6.987597391222e-04
606.40000000,2.158664902987e+13,3.801806113906e-03,4.318123377964e-03,8.064044269260e-03,9.149722974658e-03,-4.825134584843e-03,-4.523532656534e-03
606.60000000,1.323714076714e+13,-5.085190838691e-03,-5.775802548592e-03,2.919854814671e-02,3.312960815741e-02,2.798967930657e-02,2.624014442766e-02
606.80000000,9.330865368366e+12,7.482271649658e-03,8.498427106127e-03,2.317732930379e-02,2.629774035722e-02,6.557079539898e-02,6.147219918672e-02
607.00000000,3.397260033052e+13,1.624077109511e-03,1.844640448271e-03,6.351326785327e-03,7.206418847276e-03,4.907585153069e-02,4.600829534240e-02
607.20000000,1.074089056885e+13,-1.773241447602e-02,-2.014062558754e-02,1.272145040451e-02,1.443416518444e-02,6.090908143786e-02,5.710187231443e-02
607.40000000,2.640696077379e+13,-1.647392420752e-02,-1.871122174986e-02,8.869026316589e-03,1.006308139466e-02,2.701951565380e-02,2.533062223956e-02
607.60000000,2.849973575116e+13,4.222974624031e-03,4.796490116073e-03,-1.132550980293e-02,-1.285028625631e-02,-6.410068971594e-03,-6.009398455895e-03
607.80000000,-1.863106806795e+12,-1.212213807460e-02,-1.376842643800e-02,-3.936024863050e-02,-4.465939907542e-02,-1.212328986075e-02,-1.136550631396e-02
608.00000000,2.942727921697e+13,-3.084662109161e-02,-3.503585182306e-02,-8.462854545065e-03,-9.602225890218e-03,8.558079972267e-03,8.023144961259e-03
608.20000000,1.869836820570e+13,-8.824524022636e-03,-1.002296864697e-02,5.781517642489e-03,6.559895138909e-03,3.621123697281e-02,3.394780189024e-02
608.40000000,9.245408940720e+12,-7.546836805712e-02,-8.571760753716e-02,-7.668574652899e-02,-8.701010478324e-02,-2.921310185370e-02,-2.738709520123e-02
608.60000000,1.883029769705e+13,-9.251274305769e-02,-1.050767520984e-01,-9.007878472541e-02,-1.022062749920e-01,-4.869097221621e-02,-4.564747345915e-02
608.80000000,1.429496476854e+13,-1.156448726752e-01,-1.313504195845e-01,-1.241659953609e-01,-1.408827162266e-01,1.338990740348e-02,1.255295211824e-02
609.00000000,6.943946575407e+12,-1.278218460379e-02,-1.451811284041e-02,-2.708619791277e-02,-3.073286790888e-02,-2.739040798222e-02,-2.567833141330e-02
609.20000000,1.070149038373e+13,1.495148473585e-02,1.698202218597e-02,1.301117368370e-02,1.476289449883e-02,1.263070963700e-02,1.184120909241e-02
609.40000000,3.318966537610e+13,6.391671725786e-03,7.259714534739e-03,1.571285463274e-02,1.782830825702e-02,2.910486056458e-02,2.728561968848e-02
609.60000000,2.180940402581e+13,-4.078657697562e-02,-4.632573736501e-02,-2.708955006888e-02,-3.073667137260e-02,-1.217517941061e-02,-1.141415243340e-02
609.80000000,-6.188332798914e+12,-1.241904977060e-01,-1.410566124095e-01,-1.412355787008e-01,-1.602504123400e-01,-1.412368750055e-01,-1.324086624239e-01
610.00000000,1.805479731066e+13,-3.409252777444e-01,-3.872257994909e-01,-1.120184027674e-01,-1.270996684992e-01,-1.996868286887e-01,-1.872051182760e-01
610.20000000,2.268683536013e+13,1.218148145455e-03,1.383582914835e-03,-6.087488424258e-03,-6.907059390251e-03,-4.626962962665e-02,-4.337748034621e-02
610.40000000,3.641173955738e+13,-2.663671874560e-02,-3.025420931038e-02,1.111153067165e-02,1.260749867874e-02,-1.582997974293e-02,-1.484050425129e-02
610.60000000,1.225774249448e+13,1.866566768084e-02,2.120062243130e-02,1.489826081564e-02,1.690404401511e-02,9.285299842130e-03,8.704908914567e-03
610.80000000,1.712798743296e+13,3.367649167873e-02,3.825004265046e-02,2.654795382382e-02,3.012215892191e-02,2.247115563897e-02,2.106656396326e-02
611.00000000,2.782453123898e+13,-2.577431897581e-03,-2.927468839439e-03,1.829133496159e-02,2.075393464458e-02,2.733199460862e-02,2.562356925103e-02
611.20000000,1.465092033174e+13,-2.487366010432e-04,-2.825171246869e-04,1.322301477449e-02,1.500325618717e-02,1.500373509370e-02,1.406590520387e-02
611.40000000,1.164159091851e+13,1.316220641656e-02,1.494974481340e-02,3.003047544934e-02,3.407353952732e-02,3.674732845190e-02,3.445038420580e-02
611.60000000,2.114288951710e+13,-1.219155462457e-02,-1.384727033961e-02,2.064117652031e-02,2.342014015867e-02,4.339262024991e-02,4.068030254941e-02
611.80000000,1.000405890386e+13,-3.080960205616e-02,-3.499380529107e-02,7.881772737629e-03,8.942911855459e-03,-2.384352899988e-03,-2.235315516727e-03
612.00000000,9.565726858155e+12,-7.276661614778e-04,-8.264893498211e-04,-4.386994365657e-03,-4.977624352852e-03,3.619454649593e-03,3.393215467545e-03
612.20000000,3.218401971917e+13,4.272365127767e-02,4.852588265857e-02,3.043242293280e-02,3.452960201919e-02,6.107571024916e-02,5.725808575391e-02
612.40000000,1.472703789554e+13,4.496463124872e-02,5.107120656848e-02,4.119395591584e-02,4.673998210760e-02,5.938977725022e-02,5.567753440485e-02
612.60000000,1.130038218512e+13,3.320816647173e-02,3.771811493920e-02,4.171330797430e-02,4.732925559155e-02,7.329357233694e-02,6.871225292278e-02
612.80000000,5.857743876020e+12,2.736023213798e-03,3.107598191012e-03,1.629652484692e-02,1.849055918099e-02,4.255080255305e-02,3.989110386994e-02
613.00000000,2.092062838128e+13,-2.389365344973e-02,-2.713861266329e-02,1.065607995725e-02,1.209072970697e-02,8.067364189424e-03,7.563102069245e-03
613.20000000,3.423940288695e+13,3.501863160051e-04,3.977445646834e-04,-1.682064386547e-03,-1.908524141058e-03,4.533868162065e-02,4.250472257487e-02
613.40000000,1.770717788823e+13,2.291177217578e-02,2.602338364939e-02,9.194209447856e-03,1.043204459325e-02,4.417580934641e-02,4.141453729291e-02
613.60000000,3.047086688066e+13,2.542287520153e-02,2.887551559802e-02,1.611999299740e-02,1.829026048900e-02,5.231954098058e-02,4.904923335070e-02
613.80000000,1.950531010873e+13,2.787277584241e-02,3.165813336287e-02,1.039527872846e-02,1.179481627753e-02,6.202762779852e-02,5.815050233735e-02
614.00000000,1.777571748511e+13,1.268363180074e-02,1.440617573735e-02,1.434516348300e-02,1.627648206198e-02,3.590854721419e-02,3.366403218727e-02
614.20000000,4.873551547972e+12,-1.192358755747e-02,-1.354291108976e-02,1.144523113139e-02,1.298612591108e-02,2.502755930423e-02,2.346317596646e-02
614.40000000,1.430969266502e+13,-4.437417213148e-02,-5.040055813415e-02,5.983717356738e-03,6.789317412543e-03,9.807729450165e-03,9.194683313836e-03
614.60000000,3.649241724535e+13,-6.151100390798e-05,-6.986471587904e-05,3.983400469827e-02,4.519693788757e-02,3.871230377909e-03,3.629253594386e-03
614.80000000,4.634293594354e+13,-7.888459662584e-03,-8.959778869450e-03,-1.478579352137e-03,-1.677643501991e-03,4.329650130686e-03,4.059019165817e-03
615.00000000,2.860125349869e+13,-2.496629725816e-02,-2.835693052765e-02,-1.509753912549e-03,-1.713015156970e-03,-1.161682913970e-02,-1.089070264358e-02
615.20000000,2.017525516056e+13,-1.624618728975e-02,-1.845255624216e-02,-6.843798208142e-03,-7.765192700845e-03,9.264689795276e-03,8.685587128126e-03
615.40000000,1.939337675798e+13,-2.915897576385e-02,-3.311901005755e-02,-6.290734121784e-03,-7.137668470019e-03,-6.679413581777e-03,-6.261907296550e-03
615.60000000,-5.359623068032e+10,-1.653355239546e-02,-1.877894794752e-02,3.342142204450e-02,3.792101616952e-02,1.576007145170e-02,1.477496567764e-02
615.80000000,3.088367367653e+13,1.999454603614e-03,2.270997365032e-03,4.780760874795e-02,5.424404449167e-02,2.789240333989e-02,2.614894883421e-02
616.00000000,1.234240147162e+13,-5.491264442209e-03,-6.237024364747e-03,2.939220318340e-02,3.334933536613e-02,1.531238095535e-02,1.435525871515e-02
616.20000000,2.826513565189e+13,-2.310653782289e-02,-2.624460011042e-02,1.232249929915e-02,1.398150247915e-02,-2.984644182645e-02,-2.798084735447e-02
616.40000000,2.782782015669e+13,-5.428906870881e-02,-6.166198110469e-02,-9.617506566820e-03,-1.091233106554e-02,-8.980781264323e-02,-8.419424705368e-02
616.60000000,4.803790759033e+11,-2.721281875000e-02,-3.090854854350e-02,-4.124908719114e-02,-4.680253581879e-02,-7.138873182505e-02,-6.692647718751e-02
616.80000000,1.475785906629e+13,1.342968779649e-04,1.525355241574e-04,9.329586800383e-03,1.058564807449e-02,-3.948272859509e-02,-3.701480425645e-02
617.00000000,2.474541159532e+13,2.142231985989e-03,2.433165117465e-03,1.000366594323e-02,1.135047986535e-02,3.063260049650e-03,2.871786605409e-03
617.20000000,1.862864611233e+13,2.030206652963e-02,2.305925801473e-02,8.793612622727e-03,9.977514601589e-03,2.382257349658e-02,2.233350951763e-02
617.40000000,7.969722507132e+12,2.278795539686e-04,2.588275150998e-04,-2.178015089421e-02,-2.471245697248e-02,4.878495840244e-03,4.573558490458e-03
617.60000000,3.171082636362e+13,1.331455965794e-03,1.512278890708e-03,-1.083230897182e-02,-1.229068479272e-02,-1.206998095530e-03,-1.131552955777e-03
617.80000000,1.781837154048e+13,2.033243389776e-02,2.309374952701e-02,-1.818235557677e-02,-2.063028314320e-02,-2.758066163078e-02,-2.585669298584e-02
618.00000000,2.702329454770e+13,9.634225873125e-03,1.094263482274e-02,-5.846477827243e-03,-6.633601045652e-03,-1.109862398598e-02,-1.040488864308e-02
618.20000000,1.520594040171e+13,3.807775098935e-02,4.324903001391e-02,2.004545078188e-02,2.274421065066e-02,3.149181400361e-02,2.952337319384e-02
618.40000000,3.491267162399e+12,4.805484479945e-02,5.458109712484e-02,3.498639195075e-02,3.969668116188e-02,2.408336215592e-02,2.257799720937e-02
618.60000000,2.790895241497e+13,3.482513334080e-02,3.955467951654e-02,1.376312099456e-02,1.561607800778e-02,3.077386364817e-02,2.885029935072e-02
618.80000000,1.647966562067e+13,9.286803319131e-03,1.054802936220e-02,-1.238919876022e-02,-1.405718182452e-02,1.825490334239e-02,1.711385453798e-02
619.00000000,2.007903597075e+13,-2.776317658572e-03,-3.153364960480e-03,7.424626151188e-04,8.424218692941e-04,-6.110393851745e-03,-5.728454957397e-03
619.20000000,3.272561242770e+13,-3.841553370207e-04,-4.363268646154e-04,1.860644097948e-02,2.111146402749e-02,-7.867556896640e-03,-7.375784016654e-03
619.40000000,2.371281451721e+13,1.517832741545e-02,1.723967201045e-02,4.438175159000e-02,5.035695720651e-02,3.688038271983e-02,3.457512172669e-02
619.60000000,2.147126827668e+13,2.845046435544e-02,3.231427683747e-02,4.395984753386e-02,4.987825134792e-02,5.135178865576e-02,4.814197176705e-02
619.80000000,1.951100126546e+13,4.038741270932e-02,4.587236323221e-02,2.467065124840e-02,2.799211127694e-02,2.754205163109e-02,2.582049635932e-02
620.00000000,4.265634339751e+13,-2.118010586755e-02,-2.405654248381e-02,-1.977405243298e-02,-2.243627338924e-02,-7.349603777311e-03,-6.890206296770e-03
620.20000000,5.324746563347e+12,-3.090011907222e-02,-3.509661527965e-02,-2.031018921119e-02,-2.304459135395e-02,-3.389609711951e-02,-3.177737315987e-02
620.40000000,4.313604563478e+13,-2.304583619607e-02,-2.617565469185e-02,-3.881910690609e-03,-4.404540233841e-03,-3.445564913632e-02,-3.230194957874e-02
620.60000000,3.043921523631e+13,-3.807983601336e-04,-4.325139820167e-04,2.478979566951e-02,2.812729635413e-02,4.074696714078e-03,3.820001976629e-03
620.80000000,-2.547431483684e+12,5.421842749727e-03,6.158174622215e-03,3.327721002678e-02,3.775738859410e-02,4.663858654807e-02,4.372337508834e-02
621.00000000,5.240108880280e+13,4.001439609820e-02,4.544868782621e-02,5.987436955570e-02,6.793537788542e-02,4.877623799273e-02,4.572740957653e-02
621.20000000,2.985672418323e+13,2.458077392419e-02,2.791904988059e-02,7.055408579971e-03,8.005292608057e-03,3.129095498590e-02,2.933506915589e-02
621.40000000,3.693824059626e+13,-4.393427764974e-02,-4.990092227989e-02,-3.508294097666e-02,-3.980622877981e-02,-3.039319773941e-02,-2.849342750824e-02
621.60000000,4.233612831951e+13,-5.698836689706e-02,-6.472786670262e-02,-3.609331341725e-02,-4.095262972008e-02,-4.281862823091e-02,-4.014218872131e-02
621.80000000,2.233252831936e+13,-4.396082567043e-03,-4.993107574520e-03,1.854668542781e-03,2.104366346419e-03,1.412148106750e-02,1.323879772558e-02
622.00000000,9.596738314695e+12,3.258052053689e-02,3.700522940450e-02,3.599501224089e-02,4.084109405611e-02,2.755264475311e-02,2.583042734313e-02
622.20000000,2.692430500632e+13,1.073841091862e-02,1.219677748959e-02,2.787844174503e-02,3.163177314198e-02,9.150007445242e-03,8.578073162166e-03
622.40000000,1.127123356017e+13,1.568526747993e-02,1.781545880179e-02,1.686289596696e-02,1.913318199855e-02,3.624610075188e-02,3.398048645901e-02
622.60000000,1.397093165653e+13,6.693412369899e-03,7.602434097596e-03,-9.527913342080e-03,-1.081067572246e-02,5.893691252805e-03,5.525297663891e-03
622.80000000,7.207853314487e+12,-1.594545125547e-02,-1.811097772361e-02,-3.691003730315e-02,-4.187931080629e-02,-7.471622161602e-02,-7.004597747689e-02
623.00000000,3.158746177032e+13,-2.973292192751e-02,-3.377090294024e-02,-4.083765046235e-02,-4.633570652516e-02,2.246578223787e-02,2.106152643427e-02
623.20000000,2.458903807572e+13,-8.639036515293e-03,-9.812290375175e-03,7.281089260993e-03,8.261357138847e-03,-6.789346082876e-03,-6.364968309666e-03
623.40000000,2.866249291697e+13,2.375802038441e-02,2.698455948629e-02,3.158567637504e-02,3.583812032140e-02,1.461948098406e-02,1.370566944614e-02
623.60000000,1.165169523856e+13,1.825651193081e-02,2.073589988720e-02,2.180010968865e-02,2.473510286007e-02,1.773329987716e-02,1.662485464228e-02
623.80000000,1.372660486490e+13,-1.732524436049e-02,-1.967815834382e-02,-8.824016160538e-03,-1.001201142962e-02,-5.247746949084e-03,-4.919729031388e-03
624.00000000,1.317876254613e+13,-1.977882923400e-02,-2.246496069110e-02,-6.888900444751e-03,-7.816367143436e-03,-8.150328359010e-04,-7.640880444921e-04
624.20000000,1.408606194696e+13,-3.341778232344e-02,-3.795619838758e-02,-5.798827239896e-03,-6.579535162672e-03,-1.832363997345e-02,-1.717829468774e-02
624.40000000,2.902263122675e+13,-3.653148461290e-02,-4.149276765105e-02,9.767203410493e-03,1.108218190019e-02,-1.308564400318e-02,-1.226770713631e-02
624.60000000,1.284193858776e+13,-7.350529597436e-03,-8.348793374548e-03,5.015535770648e-03,5.690787567456e-03,1.170323779409e-02,1.097171020162e-02
624.80000000,4.531977082147e+12,2.035924974678e-02,2.312420719399e-02,3.292942404870e-02,3.736277948139e-02,2.306253862823e-02,2.162098171418e-02
625.00000000,8.214339195979e+12,2.301267125188e-02,2.613798566914e-02,2.043737481676e-02,2.318890021665e-02,2.678961790828e-02,2.511509458095e-02
625.20000000,2.840647255116e+13,-1.950287678137e-02,-2.215153157314e-02,7.465039707726e-03,8.470073208909e-03,1.734690578903e-02,1.626261266846e-02
625.40000000,9.905960711103e+12,-1.100727140096e-02,-1.250215148800e-02,-7.915931678108e-03,-8.981669683671e-03,1.931846296622e-02,1.811093484858e-02
625.60000000,3.794405575591e+12,-2.543620448963e-02,-2.889065511563e-02,-2.927825138940e-03,-3.322004201000e-03,-5.616684543981e-03,-5.265605655012e-03
625.80000000,1.199594058198e+13,1.859011993788e-03,2.111481466909e-03,1.391775828803e-02,1.579153443504e-02,-1.183053377196e-02,-1.109104936260e-02
626.00000000,2.926691323720e+13,2.315259457148e-02,2.629691175306e-02,5.242062401223e-02,5.947811939710e-02,3.036145555485e-02,2.846366941426e-02
626.20000000,3.936326383523e+12,1.747426255036e-02,1.984741445793e-02,2.274251591977e-02,2.580438716165e-02,3.144857392855e-03,2.948283590143e-03
626.40000000,2.077794781879e+13,1.625190912940e-02,1.845905515579e-02,2.065553386486e-02,2.343643046176e-02,2.752468264394e-02,2.580421304552e-02
626.60000000,2.467613577308e+13,2.535769466575e-02,2.880148299697e-02,1.957080420471e-02,2.220566143801e-02,4.375462478188e-02,4.101967947111e-02
626.80000000,1.868674268626e+13,-6.888075569316e-03,-7.823534197665e-03,1.086439162424e-02,1.232708679799e-02,3.233478986137e-02,3.031365764170e-02
627.00000000,4.950669546079e+12,3.863956821497e-03,4.388714674670e-03,-1.669876564031e-02,-1.894695447172e-02,3.701711594823e-02,3.470330824937e-02
627.20000000,3.368801582574e+12,-2.904891117170e-02,-3.299399776756e-02,-3.263701811373e-02,-3.703100633981e-02,-2.864212537937e-03,-2.685180842687e-03
627.40000000,1.379924555563e+12,-2.342048459483e-02,-2.660118349599e-02,-2.680014947795e-03,-3.040830819064e-03,-2.998801878519e-03,-2.811357484321e-03
627.60000000,1.397210610899e+13,1.506418839278e-02,1.711003194797e-02,4.834827583317e-02,5.485750268784e-02,4.891233138430e-02,4.585499625629e-02
627.80000000,2.132392551703e+13,1.375746655155e-03,1.562584628410e-03,1.913405701190e-02,2.171011408104e-02,1.936706235245e-02,1.815649646077e-02
628.00000000,2.892110860003e+13,-3.344653803772e-03,-3.798885936984e-03,-1.077088804364e-03,-1.222099463987e-03,4.241660330149e-02,3.976529293427e-02
628.20000000,2.440781028742e+13,1.352094406999e-02,1.535720205909e-02,4.904275970888e-03,5.564548634232e-03,5.464184905398e-02,5.122638224134e-02
628.40000000,1.751174092796e+13,1.272277755866e-02,1.445063781862e-02,-9.046101189548e-04,-1.026399621844e-03,4.541211245329e-02,4.257356350845e-02
628.60000000,2.395402437993e+13,-5.015106203072e-03,-5.696199829665e-03,-1.546481330760e-04,-1.754687262300e-04,5.341089112996e-02,5.007236710037e-02
628.80000000,3.251595155425e+13,-1.667244281257e-02,-1.893670085209e-02,3.495308203546e-03,3.965888666485e-03,2.164308692673e-03,2.029025486850e-03
629.00000000,4.313324197114e+13,-2.782021165663e-03,-3.159843051831e-03,1.775267448602e-02,2.014275321200e-02,4.648539923439e-03,4.357976296648e-03
629.20000000,3.649852970746e+13,-1.041176483254e-02,-1.182577011615e-02,9.660187505531e-03,1.096075822597e-02,1.225639285175e-02,1.149028951242e-02
629.40000000,1.750638186827e+13,2.016658627413e-03,2.290537840042e-03,3.068355681338e-03,3.481454656565e-03,3.447755350518e-02,3.232248478374e-02
629.60000000,2.235457652951e+13,1.960572676032e-02,2.226834944477e-02,-2.227900087940e-02,-2.527846814727e-02,2.006699289282e-02,1.881267684310e-02
629.80000000,2.150964993673e+13,2.474207062429e-02,2.810225202994e-02,-1.302435904799e-02,-1.477785503557e-02,3.556455446188e-02,3.334154119323e-02
630.00000000,3.431673679124e+13,1.626116820182e-02,1.846957168816e-02,-2.721202250523e-02,-3.087563252252e-02,6.068492004014e-03,5.689172244501e-03
630.20000000,1.828805224906e+13,-4.626032596230e-03,-5.254286752797e-03,-1.845756863871e-02,-2.094254870025e-02,-1.652659406591e-02,-1.549357570113e-02
630.40000000,6.546677187787e+12,-1.889387542808e-02,-2.145982271108e-02,-3.432051039717e-02,-3.894115061843e-02,-6.456459940785e-02,-6.052889691303e-02
630.60000000,2.599376309469e+13,-2.763556207159e-02,-3.138870396573e-02,-3.636551290912e-02,-4.126147598397e-02,-6.293759132540e-02,-5.900358729440e-02
630.80000000,1.469043551782e+13,-2.725867686217e-02,-3.096063457322e-02,-3.801609209493e-02,-4.313427600758e-02,-4.749818122006e-02,-4.452923956771e-02
631.00000000,9.942115037316e+12,2.178830869566e-02,2.474734437426e-02,-1.655336254925e-02,-1.878197546634e-02,7.021627121393e-03,6.582730290135e-03
631.20000000,4.806089757581e+12,4.480241341324e-02,5.088695818581e-02,3.512713402909e-03,3.985637163291e-03,2.530041659145e-02,2.371897791926e-02
631.40000000,1.116627328173e+13,2.420380881141e-02,2.749088973317e-02,-8.893492943957e-03,-1.009084201391e-02,-8.629930616595e-03,-8.090504478448e-03
631.60000000,-8.688372085878e+12,3.331086950871e-02,3.783476591289e-02,3.103431319981e-03,3.521252599883e-03,-2.446246123226e-02,-2.293340015653e-02
631.80000000,2.580564734794e+13,2.680329141777e-03,3.044340395321e-03,-1.073885551026e-02,-1.218464950129e-02,-4.727553989881e-02,-4.432051476021e-02
632.00000000,2.786342998804e+13,-5.620907362372e-03,-6.384273884468e-03,-2.548547104206e-02,-2.891663191910e-02,-3.440968535160e-02,-3.225885882602e-02
632.20000000,9.338659998643e+12,-9.883350949196e-03,-1.122559318063e-02,-1.959805473168e-02,-2.223658075893e-02,-3.232298140281e-02,-3.030258728771e-02
632.40000000,1.530584931135e+13,-2.513066748656e-02,-2.854362361631e-02,-3.998057447080e-02,-4.536324064711e-02,-2.660239055529e-02,-2.493957014105e-02
632.60000000,3.014699276626e+13,1.353186751717e-02,1.536960900233e-02,-1.588511914045e-02,-1.802376508628e-02,-3.051839222506e-02,-2.861079653376e-02
632.80000000,2.004859670352e+13,4.097114432990e-02,4.653537051921e-02,2.055806393887e-02,2.332583796111e-02,2.743763443473e-02,2.572260590894e-02
633.00000000,2.693494376176e+13,3.660772198405e-02,4.157935869878e-02,2.827123162698e-02,3.207744512580e-02,1.191880811964e-02,1.117380599611e-02
633.20000000,1.766606402183e+13,2.393364518482e-02,2.718403561255e-02,2.830529431502e-02,3.211609374292e-02,-2.165628237178e-03,-2.030262551341e-03
633.40000000,1.137744484557e+13,7.432485416903e-03,8.441879483992e-03,1.804276426703e-02,2.047189837110e-02,-2.206849688595e-02,-2.068907397066e-02
633.60000000,3.175900338477e+13,7.635822220073e-03,8.672831136197e-03,6.932832997749e-04,7.866214425535e-04,-2.535841557342e-02,-2.377335159203e-02
633.80000000,2.737281712889e+13,-1.235100122110e-02,-1.402837112577e-02,-2.366658466658e-02,-2.685286516605e-02,-1.343553824708e-02,-1.259573074080e-02
634.00000000,2.653940700731e+13,-6.810783948678e-03,-7.735745724504e-03,-3.485702617029e-02,-3.954989860290e-02,1.156879633993e-02,1.084567220257e-02
634.20000000,1.449073477278e+13,8.672183843720e-02,9.849939389751e-02,7.618950507707e-02,8.644705333387e-02,7.417957107860e-02,6.954287104774e-02
634.40000000,6.458267404604e+12,2.690299866626e-02,3.055665228512e-02,2.825881227637e-02,3.206335373272e-02,6.870050080872e-02,6.440627789009e-02
634.60000000,1.386729193922e+13,8.726432101603e-03,9.911555017577e-03,2.113481439063e-02,2.398023750095e-02,2.794406002893e-02,2.619737664812e-02
634.80000000,4.312948397122e+13,-1.063286688035e-02,-1.207689968272e-02,2.130517550072e-02,2.417353467430e-02,-3.752805437860e-03,-3.518230974344e-03
635.00000000,1.319910176289e+13,-1.252048476184e-02,-1.422087195762e-02,1.023216191286e-04,1.160973871284e-04,-4.454688571503e-03,-4.176241900315e-03
635.20000000,2.050945342642e+13,-3.852406258701e-03,-4.375595448242e-03,2.972837989086e-02,3.373077222847e-02,2.767163484933e-02,2.594197979344e-02
635.40000000,3.133034556139e+13,5.359563278879e-02,6.087437075117e-02,1.070401960693e-01,1.214512356933e-01,1.011558013336e-01,9.483291350418e-02
635.60000000,4.543284378328e+12,5.893605732388e-02,6.694006988004e-02,1.238742104732e-01,1.405516477451e-01,1.915394112944e-01,1.795669668417e-01
635.80000000,3.558475484221e+13,1.424718873680e-02,1.618207686331e-02,3.371848445509e-02,3.825807269751e-02,8.312606341612e-02,7.793015010464e-02
636.00000000,1.102829772781e+13,-3.885017798857e-02,-4.412635909991e-02,2.010754722824e-04,2.281466726813e-04,-6.833987431866e-03,-6.406819287382e-03
636.20000000,1.548832078281e+13,-2.821544401655e-02,-3.204733875875e-02,-1.116207200222e-02,-1.266484449159e-02,-2.305178177983e-03,-2.161089723795e-03
636.40000000,3.260885901941e+13,-2.564286529527e-02,-2.912538219780e-02,-1.754560872343e-02,-1.990780976403e-02,-6.083162718206e-03,-5.702925944750e-03
636.60000000,1.411231624622e+13,-1.733170062690e-02,-1.968549142554e-02,-9.159993932279e-03,-1.039322257312e-02,-2.448907633740e-03,-2.295835164651e-03
636.80000000,-4.010171547155e+12,-3.450450758772e-02,-3.919051008799e-02,-1.122857796860e-02,-1.274030429169e-02,-2.541855104697e-02,-2.382972821192e-02
637.00000000,1.573651022633e+12,-3.346106116266e-02,-3.800535485737e-02,-2.580884570762e-02,-2.928354317455e-02,-2.028156094825e-02,-1.901383301578e-02
637.20000000,2.761952481570e+12,-4.707181006804e-02,-5.346455800425e-02,2.028074614196e-02,2.301118430434e-02,9.313101250761e-03,8.730972556446e-03
637.40000000,1.956584720148e+13,-3.963451256301e-02,-4.501721291006e-02,-2.797683708996e-03,-3.174341565261e-03,-4.211032339443e-03,-3.947815749021e-03
637.60000000,1.754874819152e+13,-3.384111062729e-02,-3.843701823757e-02,-2.457215453081e-02,-2.788035374562e-02,-2.134736958224e-02,-2.001302175896e-02
637.80000000,2.759156491628e+13,-1.200398104789e-02,-1.363422269271e-02,-1.788017271244e-02,-2.028741678434e-02,1.167579840386e-02,1.094598594967e-02
638.00000000,1.603186910486e+13,-5.778239283644e-03,-6.562972804663e-03,-2.827239036343e-02,-3.207875986530e-02,-4.185540606345e-03,-3.923917413107e-03
638.20000000,1.754576905628e+13,-2.812710035839e-02,-3.194699728838e-02,-4.425339220142e-02,-5.021131653200e-02,-1.869540870246e-02,-1.752682548140e-02
638.40000000,1.798764599791e+13,-4.480243471579e-02,-5.088698238142e-02,-3.467760676529e-02,-3.934632359794e-02,-1.490257900240e-02,-1.397107201853e-02
638.60000000,2.584550165914e+13,-4.724414627834e-02,-5.366029892219e-02,-4.101220997556e-02,-4.653376734119e-02,-1.082996398200e-02,-1.015302161634e-02
638.80000000,3.130379789421e+13,-3.372927902395e-02,-3.830999896139e-02,1.356621075482e-02,1.539265734138e-02,2.001880513108e-02,1.876750112622e-02
639.00000000,9.008833510686e+12,-9.645577979206e-03,-1.095552864035e-02,3.072582908356e-02,3.486251003766e-02,2.805293677966e-02,2.629944790205e-02
639.20000000,1.932989389325e+13,9.187150310744e-03,1.043484263666e-02,1.043253136208e-02,1.183708430909e-02,2.499136707914e-02,2.342924598809e-02
639.40000000,1.534964904291e+13,-5.173638379296e-03,-5.876262009534e-03,4.157602869626e-03,4.717349412470e-03,-4.383842844451e-03,-4.109824486611e-03
639.60000000,4.350924543634e+13,-1.328918048540e-02,-1.509396302932e-02,-1.543676511043e-04,-1.751504823991e-04,-6.096592385816e-05,-5.715516171775e-05
639.80000000,2.224081793084e+13,-4.086568557646e-02,-4.641558957958e-02,-4.833773901847e-03,-5.484554728031e-03,-1.632234967741e-02,-1.530209789983e-02
640.00000000,9.815493920225e+12,-2.660602826867e-02,-3.021935080841e-02,-1.124070827502e-02,-1.275406772597e-02,-8.170727006755e-03,-7.660004046059e-03
640.20000000,1.963292946510e+13,-5.051525302500e-03,-5.737564949277e-03,9.599849280466e-04,1.089229654276e-03,2.031357451284e-02,1.904384552680e-02
640.40000000,1.830045670235e+13,2.198844111523e-03,2.497465646062e-03,3.911288082945e-02,4.437872764345e-02,1.526595014826e-02,1.431173013196e-02
640.60000000,2.378381158791e+13,-4.173079452169e-03,-4.739818759982e-03,1.879987141153e-02,2.133093639260e-02,-3.481890732564e-02,-3.264250179614e-02
640.80000000,2.534839442594e+13,6.910094809983e-03,7.848543836517e-03,1.585679814796e-02,1.799163118089e-02,2.633334328311e-02,2.468734005286e-02
641.00000000,1.673433679646e+12,3.566630485541e-03,4.051008920165e-03,1.042512778471e-02,1.182868397302e-02,-7.950417776225e-03,-7.453465558621e-03
641.20000000,2.046928904788e+13,-3.051219662166e-03,-3.465600969578e-03,2.248322626125e-02,2.551018880826e-02,1.324586514086e-02,1.241791342296e-02
641.40000000,3.154832092220e+13,1.174426238928e-02,1.333923205462e-02,2.504840033794e-02,2.842071749583e-02,6.518923173491e-03,6.111448570440e-03
641.60000000,3.604627642156e+13,-2.214215036571e-02,-2.514924072083e-02,1.109365149969e-02,1.258721239744e-02,-2.042617502249e-02,-1.914940778078e-02
641.80000000,4.912435952686e+12,-1.663865619073e-02,-1.889832572268e-02,8.620926060744e-03,9.781578896025e-03,-3.394406220956e-02,-3.182234012346e-02
642.00000000,1.114580553925e+13,1.247738953272e-02,1.417192403371e-02,4.045128924420e-02,4.589732870925e-02,-2.001675139510e-02,-1.876557576194e-02
642.20000000,2.781438913564e+13,1.303216286674e-02,1.480204025514e-02,1.757031858251e-02,1.993584636176e-02,1.359688196460e-02,1.274698943883e-02
642.40000000,2.074196278974e+13,2.343161111512e-02,2.661382109137e-02,2.992313508865e-02,3.395174771523e-02,4.714998060285e-02,4.420280372736e-02
642.60000000,1.864728575074e+13,2.452683099664e-02,2.785778104953e-02,7.610237540121e-04,8.634819321233e-04,2.349576443045e-02,2.202712811892e-02
642.80000000,-9.422017988137e+12,5.734495355675e-03,6.513288083153e-03,-2.135560281514e-02,-2.423075112077e-02,-2.396888992518e-02,-2.247068022890e-02
643.00000000,2.008203586251e+13,2.790544090933e-04,3.169523462082e-04,-1.683213344536e-02,-1.909827785601e-02,-3.688545574015e-02,-3.457987765063e-02
643.20000000,2.371847604048e+13,9.325771280838e-03,1.059228950104e-02,-1.318846601661e-02,-1.496405605964e-02,-7.978095828949e-03,-7.479413555131e-03
643.40000000,3.394905384822e+13,5.003609089234e-02,5.683141311015e-02,3.478777822755e-02,3.947132766858e-02,3.431052085421e-02,3.216589274717e-02
643.60000000,1.377012774969e+13,5.026358037847e-02,5.708979758292e-02,5.767357855409e-02,6.543828990852e-02,4.860450616132e-02,4.556641208850e-02
643.80000000,1.251933375427e+13,5.965497529174e-02,6.775662295793e-02,5.915693274419e-02,6.712135109464e-02,7.350311009295e-02,6.890869322209e-02
644.00000000,2.361051670545e+13,1.888978007628e-02,2.145517117603e-02,1.837892985517e-02,2.085332261711e-02,2.988079099975e-02,2.801304948364e-02
644.20000000,2.005800032319e+13,1.030359149202e-03,1.170290592567e-03,-7.096991988905e-03,-8.052474476035e-03,9.864781607240e-04,9.248169344356e-04
644.40000000,2.388289196302e+13,-1.564312392900e-02,-1.776759180199e-02,-2.439497771446e-02,-2.767932325360e-02,-6.326090690117e-03,-5.930669356836e-03
644.60000000,2.983675684305e+13,-2.693809430791e-03,-3.059651421025e-03,-7.363812468784e-03,-8.355217540599e-03,-3.815902503572e-03,-3.577384067851e-03
644.80000000,2.635105791208e+13,1.895564206423e-03,2.152997777621e-03,6.137427950667e-03,6.963722376821e-03,-4.989909276458e-03,-4.678007870724e-03
645.00000000,3.408974910619e+13,1.573526235023e-02,1.787224339621e-02,4.346317481357e-02,4.931471056765e-02,3.206197534726e-02,3.005789578842e-02
645.20000000,2.581074837039e+13,2.048300207910e-02,2.326476613447e-02,2.129719099952e-02,2.416447520344e-02,3.004682418486e-02,2.816870452740e-02
645.40000000,1.560909758922e+13,-9.582214494026e-03,-1.088355986066e-02,2.867013378523e-03,3.253005229413e-03,-2.210967084050e-03,-2.072767428838e-03
645.60000000,3.534020431576e+13,-1.229839889508e-02,-1.396862496120e-02,-4.398805475603e-04,-4.991025616582e-04,-3.585858440286e-02,-3.361719237282e-02
645.80000000,3.899179366084e+13,1.448062401382e-02,1.644721461540e-02,1.913082277102e-02,2.170644440772e-02,-1.841886116628e-02,-1.726756394392e-02
646.00000000,7.061632191116e+12,-6.702553071883e-03,-7.612816183831e-03,1.639964239647e-02,1.860755965628e-02,-4.979435135420e-03,-4.668188430830e-03
646.20000000,2.568019367214e+13,8.545973908792e-03,9.706589083551e-03,3.071678494747e-02,3.485224827111e-02,4.122990723897e-03,3.865277300393e-03
646.40000000,1.724754859762e+13,7.620629430890e-03,8.655575038389e-03,2.908693206400e-02,3.300296497414e-02,2.733735074539e-02,2.562859059483e-02
646.60000000,2.449459476985e+13,1.277001598112e-02,1.450429161638e-02,3.743548855624e-02,4.247550463187e-02,3.685676517258e-02,3.455298042796e-02
646.80000000,-7.336837794142e+12,2.119089640491e-02,2.406879846696e-02,-9.310994495126e-03,-1.056455264931e-02,3.759074222419e-02,3.524107919572e-02
647.00000000,2.684279851644e+13,4.168425124067e-03,4.734532334956e-03,2.071378546649e-02,2.350252459517e-02,-2.191613314749e-02,-2.054623394527e-02
647.20000000,1.479153123033e+13,-2.959054213957e-02,-3.360918677891e-02,2.073273522605e-02,2.352402559947e-02,-3.333628270688e-02,-3.125255074661e-02
647.40000000,2.123052440640e+13,-7.184241466975e-03,-8.159921916586e-03,3.440523180573e-02,3.903727824279e-02,-5.726113221828e-03,-5.368194337069e-03
647.60000000,9.219128587665e+12,1.746003985055e-03,1.983126019580e-03,2.344078499975e-02,2.659666563014e-02,1.719336281232e-02,1.611866711479e-02
647.80000000,2.806574576544e+13,3.496028574168e-02,3.970818675082e-02,3.441370883561e-02,3.904689655247e-02,3.777426202309e-02,3.541312782750e-02
648.00000000,4.549619497513e+12,5.157568894609e-02,5.858010153596e-02,3.467120692898e-02,3.933906213864e-02,3.661219449787e-02,3.432369699256e-02
648.20000000,1.896285435502e+13,-1.646506214922e-02,-1.870115614946e-02,-1.563395887623e-03,-1.773879060411e-03,1.370897258820e-02,1.285207367791e-02
648.40000000,1.287027646628e+13,-1.770900695773e-02,-2.011403913129e-02,-1.442587258259e-02,-1.636805719204e-02,-5.407604118065e-02,-5.069594099720e-02
648.60000000,9.340137650393e+12,-1.461671119689e-02,-1.660178358317e-02,-3.753647542558e-04,-4.259008756908e-04,-3.906960338200e-02,-3.662750202481e-02
648.80000000,3.011175322259e+13,-1.142543154642e-02,-1.297710130021e-02,-9.684263251905e-03,-1.098807533911e-02,-2.768734936787e-02,-2.595671205355e-02
649.00000000,-2.060782046298e+12,1.706999460308e-02,1.938824352133e-02,-2.921306178624e-03,-3.314607579779e-03,8.053629723266e-03,7.550226095510e-03
649.20000000,2.828947067847e+13,3.545536397103e-02,4.027050077002e-02,-3.739590814264e-03,-4.243059542656e-03,2.243382548326e-02,2.103156718224e-02
649.40000000,-1.979952966786e+12,3.009137896095e-02,3.417804145539e-02,-5.356501420877e-03,-6.077658117677e-03,2.328384292961e-02,2.182845307415e-02
649.60000000,1.984353390806e+13,2.495583529505e-02,2.834504774191e-02,-1.152965878472e-02,-1.308192023135e-02,1.996875592274e-02,1.872058031513e-02
649.80000000,3.343968177089e+13,1.955743425798e-02,2.221349841420e-02,-1.557620997102e-03,-1.767326684616e-03,2.901322481796e-02,2.719971176507e-02
650.00000000,6.524940828998e+12,3.797732405635e-02,4.313496425827e-02,1.704091354918e-02,1.933516645046e-02,2.495447125212e-02,2.339465638743e-02
650.20000000,3.217345132545e+13,3.760664874436e-02,4.271394811952e-02,-9.919335712862e-03,-1.125479608430e-02,2.462928134089e-02,2.308979293602e-02
650.40000000,2.110617761879e+13,2.227307804665e-02,2.529794948265e-02,-9.600517286954e-03,-1.089305448432e-02,-2.711708975354e-05,-2.542209733052e-05
650.60000000,2.382812618066e+13,-4.094696359547e-03,-4.650790583756e-03,-3.384119747581e-02,-3.839730682217e-02,-6.570833999153e-03,-6.160114635807e-03
650.80000000,3.789083569235e+13,-2.235701573310e-03,-2.539328661329e-03,-2.025947361738e-02,-2.298704781644e-02,1.622458814245e-02,1.521044708924e-02
651.00000000,3.868692012504e+13,-1.647188770376e-02,-1.870890867176e-02,-4.168734652658e-02,-4.729979890124e-02,1.403912611305e-02,1.316159048518e-02
651.20000000,3.335983586695e+13,-2.013108733334e-02,-2.286505840473e-02,-4.343072152713e-02,-4.927788802915e-02,-1.430783335377e-02,-1.341350179606e-02
651.40000000,1.001088633738e+13,-2.787854623465e-02,-3.166468742294e-02,-4.396841090845e-02,-4.988796762708e-02,-3.184365597141e-02,-2.985322277696e-02
651.60000000,1.140454686671e+13,-6.913986200642e-03,-7.852963710774e-03,-2.593557132111e-02,-2.942733011551e-02,-3.769926039219e-02,-3.534281428065e-02
651.80000000,2.405936403069e+13,-2.735854394312e-02,-3.107406444419e-02,-3.902375047303e-02,-4.427759748560e-02,-4.574737145692e-02,-4.288786666926e-02
652.00000000,3.002115451635e+13,-1.352086057125e-02,-1.535710722052e-02,-2.851217322437e-02,-3.235082518122e-02,-1.878908598672e-02,-1.761464733322e-02
652.20000000,2.467479453718e+13,-1.831032680956e-02,-2.079702327935e-02,-1.158356768955e-02,-1.314308700184e-02,1.194986565536e-02,1.120292223620e-02
652.40000000,2.339605154666e+13,3.926872899573e-03,4.460175285613e-03,9.050529062984e-03,1.026902022550e-02,2.931401399261e-02,2.748169968278e-02
652.60000000,2.054265134995e+13,1.120975211433e-03,1.273213078621e-03,-2.864332988949e-02,-3.249963973531e-02,-1.359036558404e-02,-1.274088037394e-02
652.80000000,1.795126322716e+13,1.118833072779e-02,1.270780019511e-02,-2.519014689268e-02,-2.858154767794e-02,-2.725535953539e-02,-2.555172436250e-02
653.00000000,2.161943296863e+13,1.651781343601e-02,1.876107150493e-02,-1.514480396961e-03,-1.718377977606e-03,-1.226802626059e-02,-1.150119575841e-02
653.20000000,1.255784892127e+13,-1.442144570084e-02,-1.637999938951e-02,4.669634991819e-03,5.298317462217e-03,-1.828908043851e-02,-1.714589534590e-02
653.40000000,2.378214758510e+11,3.178423480768e-02,3.610080137220e-02,3.266619552684e-02,3.706411196747e-02,1.145978338554e-02,1.074347325858e-02
653.60000000,1.419382496429e+13,1.654775207325e-02,1.879507606105e-02,2.298899105463e-02,2.608404574595e-02,3.119917654489e-02,2.924902745741e-02
653.80000000,1.903626182730e+13,2.813676364300e-02,3.195797292836e-02,1.536388176712e-02,1.743235246369e-02,1.412135682278e-02,1.323868124696e-02
654.00000000,-1.093376870024e+13,3.220434448561e-02,3.657796547978e-02,-5.740620161731e-03,-6.513491547013e-03,2.539693805996e-03,2.380946617553e-03
654.20000000,2.259533255014e+13,2.525893945941e-02,2.868931600253e-02,-1.797786984134e-02,-2.039826707670e-02,-6.430745821354e-03,-6.028782869631e-03
654.40000000,3.480579503153e+13,3.048847370721e-02,3.462906500991e-02,-9.292621886702e-03,-1.054370649919e-02,8.764451789129e-03,8.216617212975e-03
654.60000000,2.989104059718e+13,5.477332455044e-02,6.221200296483e-02,2.733600565660e-02,3.101630777809e-02,3.832076285762e-02,3.592546884687e-02
654.80000000,8.626585172141e+12,6.305153578151e-02,7.161446494569e-02,5.862818464137e-02,6.652141655775e-02,5.929524028499e-02,5.558890660765e-02
655.00000000,1.450980049396e+13,4.239748059462e-02,4.815541525190e-02,4.926118471110e-02,5.589331834748e-02,5.205939961050e-02,4.880535248848e-02
655.20000000,2.160003865091e+13,1.731511708978e-02,1.966665570452e-02,2.088434770672e-02,2.369604997722e-02,2.836470647567e-02,2.659172998795e-02
655.40000000,3.042751111793e+13,1.258571721427e-02,1.429496352605e-02,-1.507745709214e-02,-1.710736585130e-02,2.550163444166e-02,2.390761836036e-02
655.60000000,2.437054359698e+13,-2.636464347611e-05,-2.994518392920e-05,-2.602846194223e-02,-2.953272679016e-02,9.862653762583e-03,9.246174503666e-03
655.80000000,1.756393335298e+13,-2.064008209360e-04,-2.344317893679e-04,-2.199178585642e-02,-2.495258478072e-02,-4.183515487812e-03,-3.922018877500e-03
656.00000000,3.748994128297e+13,1.215598822019e-02,1.380687371821e-02,5.520584052783e-06,6.263831529002e-06,-9.527291293979e-04,-8.931774345112e-04
656.20000000,2.631097573350e+13,1.382224626486e-02,1.569942362761e-02,2.186818944905e-02,2.481234833728e-02,2.124720363796e-02,1.991911683008e-02
656.40000000,2.116127109167e+12,4.110106270868e-02,4.668293290715e-02,3.430282092580e-02,3.892107957749e-02,7.135863341336e-02,6.689826012003e-02
656.60000000,3.842052509196e+13,3.592174693497e-02,4.080022246526e-02,7.560876423452e-03,8.578812616879e-03,6.647170358973e-02,6.231679482436e-02
656.80000000,2.627991004758e+13,-1.238954778454e-03,-1.407215263690e-03,-6.570176791493e-03,-7.454733075540e-03,2.969855234892e-02,2.784220191995e-02
657.00000000,1.920668731873e+13,-7.465341054571e-03,-8.479197193749e-03,-1.697501742399e-02,-1.926039859572e-02,1.451064482122e-02,1.360363624309e-02
657.20000000,2.269499373291e+13,-2.447692416758e-02,-2.780109645309e-02,-2.000694457561e-02,-2.270052027541e-02,-2.871753673277e-02,-2.692250608594e-02
657.40000000,1.698495577346e+13,-1.123979253170e-02,-1.276625094506e-02,-1.083048771260e-02,-1.228861833367e-02,-3.115220802338e-02,-2.920499477041e-02
657.60000000,3.430323524416e+13,-1.377158203232e-02,-1.564187876593e-02,-7.192472289321e-04,-8.160809483773e-04,1.510333754154e-03,1.415928185847e-03
657.80000000,1.486324396919e+13,1.233559827455e-02,1.401087632945e-02,-1.701346018098e-02,-1.930401697939e-02,1.997766698380e-02,1.872893437759e-02
658.00000000,2.451913442908e+13,1.287282167230e-02,1.462105918557e-02,-2.518671276504e-02,-2.857765120670e-02,1.428133929855e-02,1.338866378960e-02
658.20000000,1.879665386211e+13,1.240224970996e-02,1.408657959069e-02,-1.654775899651e-02,-1.877561749587e-02,3.273484094126e-02,3.068870295750e-02
658.40000000,3.737182240790e+13,-8.342180724661e-03,-9.475119070009e-03,-1.130635256554e-02,-1.282854984103e-02,7.955086264063e-03,7.457842235960e-03
658.60000000,2.629721333908e+13,-1.440721870568e-02,-1.636384024868e-02,-7.080169917373e-03,-8.033387614749e-03,-8.256148290335e-03,-7.740085950314e-03
658.80000000,2.195635205696e+13,-2.757492626311e-02,-3.131983330418e-02,-1.310762847105e-02,-1.487233519067e-02,-1.709580135227e-02,-1.602720387314e-02
659.00000000,3.080262128834e+13,-7.259046926364e-03,-8.244886586880e-03,-3.554764946225e-03,-4.033350191536e-03,-6.645675522517e-03,-6.230278082867e-03
659.20000000,5.541425025542e+12,-8.871445406657e-03,-1.007626234980e-02,-1.368157684654e-02,-1.552355540501e-02,-1.796425122271e-02,-1.684137004413e-02
659.40000000,1.968101258225e+13,-5.721720407399e-03,-6.498778189394e-03,-3.493243342555e-02,-3.963545809053e-02,-4.061399695919e-02,-3.807536107581e-02
659.60000000,1.107801579725e+13,-5.148213298199e-02,-5.847383988463e-02,-1.134670531714e-01,-1.287433536577e-01,-1.415047548965e-01,-1.326597980997e-01
659.80000000,8.860611440952e+12,-5.158242197220e-02,-5.858774896367e-02,-1.687048335087e-01,-1.914179088741e-01,-1.812756769231e-01,-1.699447818456e-01
660.00000000,1.053858603559e+13,-7.035224571284e-02,-7.990667272422e-02,-4.537753198084e-02,-5.148680153965e-02,-3.450267920095e-02,-3.234603996201e-02
660.20000000,2.096889518964e+13,-1.105413408844e-02,-1.255537852281e-02,-1.675245138828e-02,-1.900786804129e-02,-1.523297549605e-02,-1.428081660749e-02
660.40000000,3.861754905182e+13,1.426897017685e-02,1.620681640622e-02,5.407709214505e-03,6.135760120866e-03,-1.307430203106e-02,-1.225707411036e-02
660.60000000,2.355970511551e+13,6.927998031720e-03,7.868878466429e-03,-1.570016858293e-02,-1.781391425849e-02,-3.911945703401e-02,-3.667423950310e-02
660.80000000,2.548065566943e+13,-3.048154482128e-02,-3.462119512296e-02,-6.868865447808e-02,-7.793634794047e-02,-1.014558071884e-01,-9.511416706458e-02
661.00000000,5.758489868835e+11,-7.130191510315e-02,-8.098531520959e-02,-1.240901510715e-01,-1.407966608660e-01,-1.553417060494e-01,-1.456318508594e-01
661.20000000,1.879741328660e+13,-7.977749227533e-02,-9.061194708728e-02,-1.555514316478e-01,-1.764936377289e-01,-1.601976668842e-01,-1.501842829270e-01
661.40000000,6.098457861585e+12,1.466399067697e-03,1.665548401452e-03,-2.831887455931e-02,-3.213150232315e-02,-8.617864350871e-02,-8.079192431896e-02
661.60000000,1.938238052429e+13,9.479062819830e-03,1.076639932104e-02,2.998110552741e-03,3.401752283225e-03,-1.074211818307e-02,-1.007066674453e-02
661.80000000,1.835380010033e+13,1.859355852582e-02,2.111872024620e-02,3.812197471834e-02,4.325441382425e-02,-5.176500922303e-03,-4.852936339262e-03
662.00000000,1.503442087050e+13,2.249860044260e-02,2.555409971783e-02,1.094392685803e-02,1.241733002230e-02,2.985647390090e-03,2.799025235978e-03
662.20000000,2.272238162284e+12,-9.902111874125e-03,-1.124690199704e-02,-3.854072552039e-03,-4.372954189972e-03,-3.721253185185e-02,-3.488650940286e-02
662.40000000,1.217658827339e+13,-4.096743700268e-03,-4.653115970576e-03,-2.540812988613e-03,-2.882887816580e-03,-1.572173000526e-02,-1.473902081807e-02
662.60000000,2.792804435821e+13,-1.950645881057e-02,-2.215560007205e-02,-7.869475361219e-03,-8.928958858213e-03,-5.405086169015e-02,-5.067233538672e-02
662.80000000,3.284265542281e+13,-1.049583764212e-03,-1.192126072078e-03,2.480359665888e-02,2.814295539882e-02,-1.052532369063e-02,-9.867423301456e-03
663.00000000,1.740130445818e+13,-6.832388533660e-03,-7.760284393937e-03,3.370786259234e-02,3.824602079175e-02,-2.794158385750e-02,-2.619505525332e-02
663.20000000,2.737082004347e+13,1.720688777563e-02,1.954372793872e-02,4.896179546286e-02,5.555362171493e-02,2.133000049279e-02,1.999673834925e-02
663.40000000,3.767936496125e+13,2.238891663229e-02,2.542951992305e-02,4.898345164954e-02,5.557819351814e-02,1.422302470065e-02,1.333399422892e-02
663.60000000,-6.689087974365e+11,8.969502132573e-03,1.018763600429e-02,1.818280622721e-02,2.063079446563e-02,1.749602033611e-02,1.640240659782e-02
663.80000000,2.564578660551e+13,-2.459352925666e-02,-2.793353749455e-02,6.746463747222e-03,7.654753903194e-03,-4.088478957439e-02,-3.832922741186e-02
664.00000000,3.460227535448e+11,-3.068400812053e-02,-3.485115464206e-02,4.703429011481e-04,5.336661239585e-04,-4.835411468747e-02,-4.533167169133e-02
664.20000000,3.693579023507e+12,-4.934739950591e-02,-5.604919163782e-02,-1.539142885555e-02,-1.746360827274e-02,-9.143614930175e-02,-8.572080220383e-02
664.40000000,2.034211158964e+13,-3.158002900898e-02,-3.586886270755e-02,1.065921785750e-02,1.209429006912e-02,-8.378920623232e-02,-7.855184223204e-02
664.60000000,4.028202742182e+13,1.569680682119e-03,1.782856528270e-03,5.718157314925e-02,6.488004481388e-02,-3.652753606265e-04,-3.424433025371e-04
664.80000000,3.874253630197e+13,1.021707136590e-02,1.160463563832e-02,1.816922012467e-02,2.061537923843e-02,2.166465863940e-02,2.031047821046e-02
665.00000000,3.856105655405e+13,2.139481365809e-03,2.430040939917e-03,4.142667611128e-03,4.700403389698e-03,3.100511075353e-03,2.906709202550e-03
665.20000000,1.945499993767e+13,-3.229492166972e-02,-3.668084380774e-02,-3.506150919534e-02,-3.978191159411e-02,-2.226577190824e-02,-2.087401803594e-02
665.40000000,2.622339273194e+13,-9.336936327435e-03,-1.060497085492e-02,7.176034307982e-03,8.142158423530e-03,1.183234293868e-03,1.109274544477e-03
665.60000000,7.512233640789e+12,-1.839164562337e-02,-2.088938587242e-02,2.068749500278e-02,2.347269459279e-02,7.138127787164e-03,6.691948915410e-03
665.80000000,6.036628283780e+12,-7.690557009480e-03,-8.734999370620e-03,3.086356517974e-02,3.501878982502e-02,8.952611020099e-03,8.393015282491e-03
666.00000000,2.481785129572e+13,-1.715011516847e-02,-1.947924513374e-02,2.993853002387e-03,3.396921530194e-03,-4.216069822403e-02,-3.952538356914e-02
666.20000000,3.280726632501e+13,-6.839533571299e-03,-7.768399787816e-03,2.421235841503e-02,2.747211754593e-02,-2.030272864492e-02,-1.903367759534e-02
666.40000000,1.989619510352e+13,-1.030205777456e-02,-1.170116391647e-02,-3.133349610846e-03,-3.555198851186e-03,-5.771487148299e-02,-5.410732101464e-02
666.60000000,2.525585499364e+13,-1.735765752974e-04,-1.971497349418e-04,-7.163958414763e-04,-8.128456728204e-04,-2.357606751076e-02,-2.210241174051e-02
666.80000000,1.698920166175e+13,-2.752121228023e-03,-3.125882451039e-03,4.234714864248e-03,4.804843151995e-03,1.427427304952e-03,1.338203922656e-03
667.00000000,2.180479569232e+13,7.631124469359e-03,8.667495391402e-03,3.104442089399e-02,3.522399451246e-02,2.963814754476e-02,2.778557280434e-02
667.20000000,3.292335889637e+13,2.130223748088e-03,2.419526059803e-03,3.079399280564e-02,3.493985078049e-02,2.232278101591e-02,2.092746370792e-02
667.40000000,3.222279957868e+13,-2.426313454285e-02,-2.755827239819e-02,-2.980624770729e-02,-3.381912354763e-02,-4.233490527041e-02,-3.968870155529e-02
667.60000000,3.531271972948e+13,-5.688774226874e-02,-6.461357640298e-02,-3.337471819628e-02,-3.786802448708e-02,-1.786697317236e-02,-1.675017249725e-02
667.80000000,1.293055415913e+13,-6.577899291360e-03,-7.471233370900e-03,-7.544679672240e-03,-8.560435264060e-03,5.483833008036e-03,5.141058194056e-03
668.00000000,3.312585939328e+13,-4.256868984890e-03,-4.834987616371e-03,-4.110956018347e-03,-4.664422400588e-03,6.477761838122e-03,6.072860083125e-03
668.20000000,2.423372050881e+13,-1.752213029460e-03,-1.990178304466e-03,-8.675382669551e-03,-9.843367108996e-03,1.011097663678e-02,9.478975601968e-03
668.40000000,2.584634766069e+13,-3.870483936507e-03,-4.396128226825e-03,-6.713217480598e-03,-7.617031623976e-03,-1.797306640213e-02,-1.684963421818e-02
668.60000000,2.033227870417e+13,1.664733466389e-02,1.890818280554e-02,2.893854570022e-03,3.283460105196e-03,1.301699051000e-03,1.220334492777e-03
668.80000000,-2.390587173327e+12,-6.866791920629e-03,-7.799360050376e-03,-5.132879035981e-03,-5.823928995612e-03,1.614955956043e-02,1.514010827589e-02
669.00000000,1.229648850454e+13,4.396115328503e-02,4.993144785262e-02,2.997042686637e-02,3.400540648132e-02,4.764596877754e-02,4.466778945284e-02
669.20000000,2.608000155795e+13,7.718760490620e-02,8.767033121844e-02,7.274499621012e-02,8.253880322214e-02,1.168083429733e-01,1.095070706742e-01
669.40000000,2.832322834457e+13,4.295095017782e-02,4.878405066217e-02,4.111561818968e-02,4.665109761381e-02,6.906561367893e-02,6.474856885891e-02
669.60000000,3.955404315988e+13,2.369649080397e-02,2.691467367103e-02,4.139213591202e-02,4.696484348034e-02,4.033527063397e-02,3.781405693761e-02
669.80000000,1.635050498362e+13,1.483767317706e-02,1.685275405973e-02,1.013342967857e-02,1.149771395670e-02,1.218657042570e-02,1.142483143682e-02
670.00000000,3.744921517930e+13,-1.439565260174e-02,-1.635070337049e-02,-3.898357218964e-03,-4.423200991808e-03,2.482699888399e-02,2.327515186172e-02
670.20000000,2.836821518872e+13,-6.619030836912e-03,-7.517950926477e-03,6.593574349200e-03,7.481280694100e-03,2.563412247240e-02,2.403182503753e-02
670.40000000,4.351615455879e+13,-1.492035770437e-02,-1.694666784167e-02,1.209665012478e-03,1.372524677041e-03,3.860210545192e-02,3.618922572051e-02
670.60000000,1.894758624357e+13,1.021939148026e-02,1.160727084373e-02,9.601343565248e-03,1.089399200615e-02,2.973226868273e-02,2.787381076616e-02
670.80000000,8.268067517596e+12,4.129752265952e-02,4.690607377261e-02,2.706354097104e-02,3.070716061694e-02,6.939767855444e-02,6.505987754513e-02
671.00000000,2.055698734800e+13,2.506263897950e-02,2.846635626550e-02,1.894935247720e-02,2.150054239861e-02,5.648174278391e-02,5.295127078601e-02
671.20000000,1.787837673299e+13,5.521660688413e-02,6.271548676984e-02,4.543746108371e-02,5.155479901971e-02,8.055559156508e-02,7.552034926771e-02
671.40000000,-5.502769891464e+11,3.558123631462e-02,4.041346763714e-02,4.010205177528e-02,4.550107268853e-02,6.814304618376e-02,6.388366776260e-02
671.60000000,2.058503816792e+13,1.314960020546e-02,1.493542657275e-02,1.026336385057e-02,1.164514143093e-02,6.032641310299e-02,5.655562449597e-02
671.80000000,2.039225398505e+13,-7.425604188279e-03,-8.434063726612e-03,-3.804777176915e-03,-4.317022078086e-03,1.858343612791e-02,1.742185191254e-02
672.00000000,3.871392476343e+13,-8.127287764882e-03,-9.231041837879e-03,-1.829584579326e-02,-2.075905277870e-02,5.424463399167e-03,5.085399567379e-03
672.20000000,1.656665585135e+13,-2.101125730098e-02,-2.386476286097e-02,-5.190602463101e-02,-5.889423845301e-02,5.609819599639e-03,5.259169813821e-03
672.40000000,2.600849356757e+13,7.606629931648e-03,8.639674289338e-03,-2.755232309662e-02,-3.126174847568e-02,2.944847633707e-02,2.760775726637e-02
672.60000000,2.749485313781e+13,6.433457422602e-02,7.307175080826e-02,2.883436504453e-02,3.271639434238e-02,1.214935982483e-01,1.138994673770e-01
672.80000000,8.629921264751e+12,6.741504027903e-02,7.657057007468e-02,3.060927053789e-02,3.473025897757e-02,6.624724013117e-02,6.210636177485e-02
673.00000000,2.506488346201e+13,1.901686751902e-02,2.159951816299e-02,1.471935950029e-02,1.670105685126e-02,5.112956124611e-02,4.793363499902e-02
673.20000000,3.660771575641e+13,1.848651114700e-02,2.099713493248e-02,1.314270669259e-02,1.491213606462e-02,1.819145460269e-02,1.705437175237e-02
673.40000000,3.331833363188e+12,9.415988532289e-03,1.069475901446e-02,4.586014819068e-03,5.203439335285e-03,4.327287138929e-03,4.056803876235e-03
673.60000000,3.770535226418e+13,2.689602568783e-02,3.054873231754e-02,1.244627933710e-02,1.412194727573e-02,2.308403137969e-02,2.164113103052e-02
673.80000000,3.464681347309e+13,4.528665659476e-02,5.143696566648e-02,2.960480254583e-02,3.359055741376e-02,8.307173380408e-02,7.787921644260e-02
674.00000000,2.841677673651e+13,4.794585142484e-02,5.445730153272e-02,2.607839279850e-02,2.958937993931e-02,1.224132606483e-01,1.147616449652e-01
674.20000000,3.780708467265e+13,3.826089007958e-02,4.345704093378e-02,4.865915580106e-02,5.521023705903e-02,6.730252612295e-02,6.309568560859e-02
674.40000000,3.527029505920e+13,1.528458283652e-02,1.736035781188e-02,1.573149872664e-02,1.784946244326e-02,1.815097934953e-02,1.701642646271e-02
674.60000000,3.689794439370e+13,1.488494232742e-03,1.690644275851e-03,4.323989712933e-02,4.906137255399e-02,1.715608026296e-02,1.608371496443e-02
674.80000000,2.892448288094e+13,3.363884282599e-02,3.820728076670e-02,5.639462694166e-02,6.398715043545e-02,3.836235551712e-02,3.596446169779e-02
675.00000000,1.703819825311e+13,3.409028271213e-02,3.872002998843e-02,4.854439873101e-02,5.508003001089e-02,1.917760660236e-02,1.797888291291e-02
675.20000000,1.504776511819e+13,1.451736077721e-02,1.648894054041e-02,1.601787761824e-02,1.817439710835e-02,3.880434873427e-03,3.637882749767e-03
675.40000000,4.683311859593e+13,-3.108056584513e-02,-3.530156824286e-02,6.088811384189e-03,6.908560462972e-03,1.497696142009e-02,1.404080505697e-02
675.60000000,3.081414712474e+13,-3.242638296522e-02,-3.683015865347e-02,-1.119827084993e-02,-1.270591686391e-02,1.523847274330e-02,1.428597024144e-02
675.80000000,4.709717262622e+13,-2.291747193306e-02,-2.602985748168e-02,4.977491595891e-03,5.647621427959e-03,2.019925365480e-02,1.893667045726e-02
676.00000000,3.149083033728e+13,-1.862538258080e-02,-2.115486627566e-02,1.569416967104e-02,1.780710770087e-02,5.486838921120e-03,5.143876218250e-03
676.20000000,1.749567693280e+13,8.320296394035e-03,9.450262663119e-03,2.960733934119e-02,3.359343574305e-02,9.278140033747e-03,8.698196640232e-03
676.40000000,1.682805405120e+13,4.344130734531e-03,4.934100245957e-03,1.910480232363e-02,2.167692077450e-02,-1.662335742421e-02,-1.558429072753e-02
676.60000000,1.488036556196e+13,-4.550330040578e-03,-5.168303153018e-03,2.030146662587e-02,2.303469442920e-02,-1.782488456389e-02,-1.671071469737e-02
676.80000000,3.959015573666e+13,1.743591350854e-03,1.980385729351e-03,1.578053238433e-02,1.790509760215e-02,-9.037168333742e-03,-8.472287220482e-03
677.00000000,2.530244746551e+13,-7.833356044751e-03,-8.897191716595e-03,2.562269573435e-02,2.907233145122e-02,3.731900955152e-02,3.498633156184e-02
677.20000000,2.004969865879e+13,-6.153867370150e-03,-6.989614346384e-03,2.785558596963e-02,3.160584024699e-02,6.842923859948e-02,6.415197131265e-02
677.40000000,4.658413219734e+13,2.102566624717e-03,2.388112866332e-03,3.572860508551e-02,4.053881996277e-02,6.815101762417e-02,6.389114093674e-02
677.60000000,1.855405238556e+13,-3.025732304425e-02,-3.436652214169e-02,-1.271151413884e-02,-1.442289117907e-02,-9.797908825527e-03,-9.185476541366e-03
677.80000000,3.958287807885e+13,-1.080724011360e-02,-1.227495426847e-02,-9.285597774967e-03,-1.053573671698e-02,-2.024044841949e-02,-1.897529028435e-02
678.00000000,1.947931606499e+13,-1.826756536712e-02,-2.074845447317e-02,-3.110291908804e-02,-3.529036843753e-02,-4.407178976623e-02,-4.131701960515e-02
678.20000000,2.086299167811e+13,-2.354741821897e-03,-2.674535577448e-03,6.371153961575e-03,7.228915396648e-03,-3.331690799375e-02,-3.123438707759e-02
678.40000000,2.319436998221e+13,9.690668475758e-03,1.100674280579e-02,6.908701585019e-03,7.838834151552e-03,-2.818178060639e-02,-2.642023816138e-02
678.60000000,2.698935020795e+13,2.375459296617e-02,2.698066659581e-02,8.079389758023e-03,9.167134457829e-03,4.416491781217e-03,4.140432654958e-03
678.80000000,3.435890208630e+13,-3.466484685855e-03,-3.937262478112e-03,-1.705038835519e-02,-1.934591686891e-02,-7.552111754982e-04,-7.080056224079e-04
679.00000000,1.679626952360e+13,3.226542879889e-02,3.664734555686e-02,1.691463268120e-02,1.919188413202e-02,4.467805277571e-02,4.188538727938e-02
679.20000000,1.056775042890e+13,-3.628653153062e-04,-4.121454787877e-04,8.314452045993e-03,9.433843660420e-03,2.486306431979e-02,2.330896297595e-02
679.40000000,2.121300522843e+13,1.965323945083e-04,2.232231475853e-04,1.787850131168e-02,2.028552035950e-02,1.054716649557e-02,9.887900790683e-03
679.60000000,1.962446522678e+13,-2.226795822591e-02,-2.529213434717e-02,-3.133383127150e-02,-3.555236879858e-02,-2.161311093044e-02,-2.026215256466e-02
679.80000000,1.981833578548e+13,-1.811716315893e-02,-2.057762637942e-02,-8.313895276630e-03,-9.433211932062e-03,-1.573457237271e-02,-1.475106045500e-02
680.00000000,1.041816997598e+13,-3.305836468441e-04,-3.754796880847e-04,3.155427275518e-03,3.580248876823e-03,-4.871816499428e-03,-4.567296651378e-03
680.20000000,1.628169126022e+13,2.313651059508e-02,2.627864343730e-02,3.276886974844e-02,3.718060942867e-02,6.258584356567e-02,5.867382603075e-02
680.40000000,3.136739503024e+13,-1.571888314220e-02,-1.785363975389e-02,3.846235768683e-02,4.364062324511e-02,3.580048680011e-02,3.356272624371e-02
680.60000000,7.731806790855e+10,-4.335148164590e-02,-4.923897767426e-02,-1.038243180386e-03,-1.178023974530e-03,-5.353805140937e-03,-5.019157904491e-03
680.80000000,1.692212697137e+13,-3.434456954260e-02,-3.900885111040e-02,-2.995767234361e-02,-3.399093479117e-02,4.439241664675e-04,4.161760524463e-04
681.00000000,2.862410229922e+13,-1.467955995552e-02,-1.667316773212e-02,-2.005278606487e-02,-2.275253349775e-02,-2.453802345972e-03,-2.300423925905e-03
681.20000000,3.027401657075e+13,4.545776400993e-04,5.163131090862e-04,1.748451195217e-03,1.983848741001e-03,2.559221774631e-03,2.399253962620e-03
681.40000000,1.133723131563e+13,-4.149247936822e-04,-4.712750724294e-04,7.570960961017e-03,8.590254856277e-03,1.253240489506e-02,1.174904902876e-02
681.60000000,8.980433383498e+12,-3.303323894364e-03,-3.751943078071e-03,1.082733435289e-02,1.228504043071e-02,2.610694522455e-02,2.447509332829e-02
681.80000000,3.741012220804e+13,-1.236896024128e-02,-1.404876913202e-02,-1.529955110768e-03,-1.735936083653e-03,7.682683563821e-04,7.202466455535e-04
682.00000000,1.563419836271e+13,-1.262219925035e-02,-1.433640012963e-02,-4.330847846892e-04,-4.913918713897e-04,5.813495954866e-03,5.450115087581e-03
682.20000000,3.101180571811e+13,-3.139323186161e-02,-3.565669693560e-02,-1.717753729161e-02,-1.949018412563e-02,-3.181237494721e-02,-2.982389701784e-02
682.40000000,1.790689731206e+13,1.638032429472e-02,1.860491018122e-02,3.159569040946e-02,3.584948256567e-02,3.360985950860e-02,3.150902723962e-02
682.60000000,1.899231086961e+13,-1.001124487994e-02,-1.137085618344e-02,-1.340124783749e-03,-1.520548513048e-03,9.822723326161e-05,9.208739976231e-05
682.80000000,2.698820412851e+13,-1.004218055493e-02,-1.140599318344e-02,3.451273780023e-03,3.915925798831e-03,1.988341467301e-02,1.864057344209e-02
683.00000000,1.584067307212e+13,-2.337159391228e-02,-2.654565304731e-02,1.684470005769e-04,1.911253633700e-04,1.741432930864e-02,1.632582178468e-02
683.20000000,1.950144943551e+13,-6.441086029628e-03,-7.315839716883e-03,2.227854853620e-02,2.527795490418e-02,4.037411499752e-02,3.785047327875e-02
683.40000000,1.741304481570e+13,-9.728852161273e-03,-1.105011215713e-02,7.213131637961e-03,8.184250242606e-03,-1.060788459090e-03,-9.944823614747e-04
683.60000000,1.053753490715e+13,-7.913926391577e-03,-8.988704194553e-03,-2.350673372120e-02,-2.667149316230e-02,-3.360702684441e-02,-3.150637163515e-02
683.80000000,3.054978127904e+13,-4.819171293096e-02,-5.473655310040e-02,-2.578736406604e-02,-2.925916941581e-02,-5.069373155608e-02,-4.752504746621e-02
684.00000000,1.638850604422e+13,-2.117014846682e-02,-2.404523278426e-02,-6.545317595389e-04,-7.426527035226e-04,-1.074432521852e-02,-1.007273582608e-02
684.20000000,1.200321103003e+13,-2.361779957474e-02,-2.682529551066e-02,-3.214885556291e-03,-3.647712147045e-03,-3.496800645095e-03,-3.278228126769e-03
684.40000000,-1.623125736198e+12,-2.817307870535e-02,-3.199921988178e-02,5.824086603168e-03,6.608195245472e-03,1.330337217103e-02,1.247182589408e-02
684.60000000,1.521687055134e+13,-2.047677954263e-02,-2.325769852519e-02,7.163227436403e-03,8.127627336744e-03,2.290211281605e-03,2.147058354652e-03
684.80000000,2.168521106739e+13,-9.213076845544e-04,-1.046429021306e-03,1.831360802088e-02,2.077920637121e-02,-7.847279010362e-04,-7.356773628615e-04
685.00000000,3.334770606699e+13,-1.091149082798e-02,-1.239336310717e-02,-1.213563398743e-02,-1.376947910989e-02,-3.787426442054e-02,-3.550687943227e-02
685.20000000,2.726072992309e+13,-2.004683748997e-02,-2.276936672363e-02,-5.122172302980e-02,-5.811780793339e-02,7.741710742986e-04,7.257804056567e-04
685.40000000,2.675136859048e+13,1.551376553280e-02,1.762066544698e-02,-3.420962173064e-02,-3.881533278486e-02,-8.319859905983e-04,-7.799815180432e-04
685.60000000,3.000823294541e+13,3.041838240246e-02,3.454945471613e-02,2.971888738114e-02,3.372000172283e-02,9.204463910599e-03,8.629125748383e-03
685.80000000,3.288029719967e+13,-1.476354972542e-02,-1.676856401957e-02,-7.505772846076e-03,-8.516290332642e-03,-1.938896507542e-02,-1.817703012276e-02
686.00000000,4.133526652064e+13,-2.107862311408e-02,-2.394127751840e-02,-5.944714932662e-03,-6.745064012669e-03,5.283489861705e-04,4.953237782213e-04
686.20000000,1.050575549465e+13,-2.231319081794e-03,-2.534350990585e-03,-1.327502043147e-03,-1.506226347167e-03,-1.196807179186e-02,-1.121999037214e-02
686.40000000,3.558552713821e+13,2.859964832368e-02,3.248372124404e-02,-1.143768759133e-02,-1.297756676886e-02,-1.012003481022e-02,-9.487467581339e-03
686.60000000,2.207475165014e+13,7.777510425016e-02,8.833761791736e-02,4.577021923208e-02,5.193235707537e-02,-8.693753862162e-03,-8.150338360901e-03
686.80000000,3.769776937042e+13,1.387626009483e-01,1.576077299024e-01,6.406786671480e-02,7.269345410866e-02,1.346974636538e-01,1.262780063181e-01
687.00000000,2.243536465762e+13,-5.560956816574e-03,-6.316181550042e-03,-2.910750958350e-02,-3.302631288700e-02,4.147492451001e-03,3.888247512052e-03
687.20000000,4.001631474211e+13,5.650327406680e-03,6.417689418376e-03,-4.378918167920e-03,-4.968460840162e-03,-1.497945162111e-03,-1.404313960441e-03
687.40000000,1.658237514626e+13,-8.843417939530e-03,-1.004442851678e-02,-8.528830031677e-03,-9.677083790976e-03,-1.864256555905e-02,-1.747728537414e-02
687.60000000,1.953688687150e+13,-6.447692008984e-03,-7.323342843828e-03,-2.167275524389e-02,-2.459060242701e-02,-2.374435037413e-02,-2.226017584317e-02
687.80000000,1.825079797477e+13,6.611902243836e-03,7.509854210472e-03,1.874571846158e-03,2.126949272069e-03,1.173272261538e-02,1.099935203205e-02
688.00000000,2.327051496062e+13,9.303324493328e-03,1.056679425089e-02,-3.439343610105e-03,-3.902389445836e-03,3.848255905134e-02,3.607715173843e-02
688.20000000,2.394773639196e+13,2.196627861255e-02,2.494948410356e-02,2.069627590348e-03,2.348265768404e-03,2.311227562156e-02,2.166760982572e-02
688.40000000,4.369243638549e+13,6.102734902041e-03,6.931537658805e-03,5.376328693936e-03,6.100154776894e-03,1.158456623878e-02,1.086045638137e-02
688.60000000,1.997660109242e+13,1.238275103655e-03,1.406443283335e-03,-1.359039446311e-02,-1.542009695157e-02,-2.057403336071e-03,-1.928802402240e-03
688.80000000,1.967945092931e+13,2.638236585881e-02,2.996531316108e-02,6.661605940841e-03,7.558471517496e-03,1.204961288629e-02,1.129643462401e-02
689.00000000,1.604392982732e+13,-1.327376688215e-03,-1.507645612904e-03,-8.142621839227e-03,-9.238879602920e-03,1.227620552828e-02,1.150886376930e-02
689.20000000,4.714933342588e+13,6.140694446472e-04,6.974652428820e-04,5.414177638778e-03,6.143099402274e-03,3.919538111916e-02,3.674541784487e-02
689.40000000,3.114432713284e+13,-1.505473541396e-04,-1.709929517502e-04,4.051606111218e-03,4.597082094574e-03,3.492786277731e-02,3.274464683170e-02
689.60000000,1.872832786252e+13,-1.517524458153e-02,-1.723617050173e-02,-1.179960555031e-02,-1.338821047983e-02,1.079630044406e-02,1.012146226592e-02
689.80000000,2.154761251032e+13,-6.334288241177e-03,-7.194537890013e-03,4.157471784421e-03,4.717200678996e-03,-2.273193458730e-02,-2.131104255099e-02
690.00000000,3.737409383941e+13,9.548969354557e-03,1.084579975148e-02,-7.685518166314e-03,-8.720235131461e-03,1.920831878186e-02,1.800767538377e-02
690.20000000,1.839717454379e+13,7.102558848552e-03,8.067146111189e-03,-1.010281395417e-04,-1.146297637492e-04,1.693998257292e-02,1.588112476913e-02
690.40000000,1.839667508277e+13,1.609862079162e-02,1.828494897175e-02,2.204176844801e-02,2.500929663043e-02,3.012813625858e-02,2.824493407382e-02
690.60000000,2.890942209517e+13,5.767112912219e-03,6.550335378366e-03,1.892583377143e-02,2.147385732158e-02,2.170954499224e-02,2.035255887771e-02
690.80000000,2.893442765333e+13,1.309864820492e-03,1.487755486176e-03,2.597967998139e-02,2.947737721457e-02,3.311223041530e-03,3.104250316350e-03
691.00000000,3.382184590426e+13,-2.103190265680e-02,-2.388821202985e-02,3.023476321866e-03,3.430533097514e-03,-6.810412846909e-03,-6.384718265526e-03
691.20000000,-5.705425000785e+12,-3.459373047525e-02,-3.929185019450e-02,-8.774980726965e-03,-9.956374255748e-03,-2.894929418363e-02,-2.713977720634e-02
691.40000000,4.317209390295e+13,-2.481769831814e-03,-2.818815060105e-03,5.826549082863e-03,6.610989253824e-03,-5.688075895383e-03,-5.332534588036e-03
691.60000000,2.970609145858e+13,-1.819512990922e-03,-2.066618167052e-03,-1.089592560922e-02,-1.236286626760e-02,5.824637691861e-03,5.460560394394e-03
691.80000000,1.468382989561e+13,3.741097318503e-03,4.249169817254e-03,1.375303116997e-03,1.560462976955e-03,2.446563923747e-02,2.293637951599e-02
692.00000000,7.124700528769e+12,3.525987038550e-02,4.004845751041e-02,4.549553224888e-02,5.162068842412e-02,2.997431985671e-02,2.810073218582e-02
692.20000000,1.277619763375e+13,4.852845997663e-03,5.511903322875e-03,2.783327637634e-02,3.158052706771e-02,1.393512229775e-02,1.306408757689e-02
692.40000000,1.362460492646e+13,-2.600211631566e-03,-2.953342253001e-03,1.934419112068e-02,2.194853897290e-02,-8.481114924120e-03,-7.950990723365e-03
692.60000000,2.464234064421e+13,-1.845783968964e-03,-2.096456964993e-03,-3.727784301680e-03,-4.229663495234e-03,-1.359089822240e-02,-1.274137971898e-02
692.80000000,1.958383207381e+13,-3.488867191972e-02,-3.962684716918e-02,-1.026700513526e-02,-1.164927294920e-02,-6.428365259785e-02,-6.026551108462e-02
693.00000000,8.194694179838e+12,-1.854318901484e-02,-2.106151013175e-02,-7.919143962178e-02,-8.985314444089e-02,-8.879459693110e-02,-8.324436383667e-02
693.20000000,4.805722967195e+13,-9.474625486054e-02,-1.076135936000e-01,-1.111361009184e-01,-1.260985805551e-01,-1.052675558041e-01,-9.868765688924e-02
693.40000000,1.324616902383e+13,-5.131667660658e-02,-5.828591314105e-02,-3.860987882761e-02,-4.380800545756e-02,-3.015673823209e-02,-2.827174824013e-02
693.60000000,2.315443031484e+13,2.932997393434e-03,3.331323121863e-03,1.360523136462e-02,1.543693137535e-02,2.529550363633e-03,2.371437205542e-03
693.80000000,2.995880896300e+13,2.056495659409e-02,2.335785076228e-02,2.875999565845e-02,3.263201245438e-02,7.421867042817e-03,6.957952643663e-03
694.00000000,1.488790399092e+13,-5.257411746600e-03,-5.971412505106e-03,1.840090349833e-02,2.087825461659e-02,7.422374131938e-03,6.958428036454e-03
694.20000000,3.878381243257e+13,3.711226849985e-03,4.215242687739e-03,-4.948509837269e-03,-5.614737796141e-03,7.422404511236e-03,6.958456516850e-03
694.40000000,1.634286245665e+13,-1.175278356429e-02,-1.334891047691e-02,7.732479761018e-04,8.773519261320e-04,-1.453608940613e-02,-1.362749037788e-02
694.60000000,2.157824670752e+13,-7.500317563270e-03,-8.518923806670e-03,1.376360604719e-02,1.561662836403e-02,1.515567346812e-02,1.420834645321e-02
694.80000000,1.145622763919e+13,-4.354455296092e-03,-4.945826969863e-03,1.170534803580e-02,1.328126288415e-02,2.916670093515e-02,2.734359463836e-02
695.00000000,3.108707994456e+13,-1.229651349409e-02,-1.396648350689e-02,9.899184982836e-03,1.123193242045e-02,1.586461845326e-02,1.487297781956e-02
695.20000000,3.560676235925e+13,9.147077444549e-03,1.038932753800e-02,9.738985697740e-03,1.105016517929e-02,3.346194860139e-02,3.137036171491e-02
695.40000000,8.035119570478e+12,9.034501599179e-03,1.026146294546e-02,1.238863405060e-02,1.405654108689e-02,1.317460736885e-02,1.235110971976e-02
695.60000000,2.734818580235e+13,3.046306294987e-03,3.460020325788e-03,1.613773363345e-02,1.831038958302e-02,1.411204496068e-02,1.322995143610e-02
695.80000000,3.673016280135e+13,4.077740040062e-03,4.631531453391e-03,2.807273225665e-02,3.185222138093e-02,2.171151150992e-02,2.035440247540e-02
696.00000000,3.124892630244e+13,1.037365701290e-03,1.178248693392e-03,4.398307018841e-02,4.990460051576e-02,1.764089940723e-02,1.653822979568e-02
696.20000000,2.382211727377e+13,9.240806941282e-03,1.049578628916e-02,5.262749573585e-02,5.971284268224e-02,2.847605069080e-02,2.669611447390e-02
696.40000000,4.346499849366e+13,1.169797683366e-02,1.328666053104e-02,2.978692958681e-02,3.379720458925e-02,1.563780536523e-02,1.466034200753e-02
696.60000000,5.187264149031e+13,-5.673942488824e-03,-6.444511627405e-03,1.262243925867e-02,1.432182396636e-02,1.272330886270e-02,1.192802027126e-02
696.80000000,3.053090496643e+12,2.427785247313e-02,2.757498914726e-02,2.274316880003e-02,2.580512794050e-02,5.223703983053e-02,4.897188905286e-02
697.00000000,3.815517227837e+13,3.893881508464e-02,4.422703385955e-02,4.200904335488e-02,4.766480642880e-02,5.394933855423e-02,5.057715809939e-02
697.20000000,1.771033659862e+13,2.377116751498e-03,2.699949210784e-03,1.328385191781e-02,1.507228395901e-02,8.802025728548e-03,8.251842539649e-03
697.40000000,1.453017134724e+13,-1.014616736574e-02,-1.152410227825e-02,1.914185830963e-02,2.171896568337e-02,4.472716370913e-04,4.193142846380e-04
697.60000000,4.365742688419e+13,7.305524639733e-03,8.297676364854e-03,4.801505938045e-02,5.447942462537e-02,5.206948961676e-03,4.881481180450e-03
697.80000000,2.691265453268e+13,3.209670992103e-03,3.645571323555e-03,2.562838766003e-02,2.907878969245e-02,1.268248906446e-02,1.188975197281e-02
698.00000000,2.452576876437e+13,-4.423603357871e-02,-5.024365920342e-02,1.787381801606e-02,2.028020654224e-02,-1.052913844142e-02,-9.870999605804e-03
698.20000000,1.942725745363e+13,1.871543660407e-02,2.125715039313e-02,3.649130440244e-02,4.140420304226e-02,1.011412871425e-02,9.481930654329e-03
698.40000000,2.241280987318e+13,2.373967489519e-02,2.696372252525e-02,-2.045684636417e-03,-2.321099325815e-03,5.124846013215e-02,4.804510194038e-02
698.60000000,9.128488876667e+12,2.663894498160e-02,3.025673788796e-02,7.571425005747e-03,8.590781376295e-03,4.715561756716e-02,4.420808834517e-02
698.80000000,2.973516533685e+13,1.111770899009e-02,1.262758743112e-02,2.920900271848e-02,3.314147024947e-02,3.181817314626e-02,2.982933279218e-02
699.00000000,-3.419642790908e+12,4.493592698333e-02,5.103860402229e-02,4.104738403215e-02,4.657367695267e-02,3.742594629992e-02,3.508658407606e-02
699.20000000,1.552658078144e+12,2.401459169970e-02,2.727597534535e-02,2.398467172577e-02,2.721377693392e-02,2.883878771850e-02,2.703617810563e-02
699.40000000,3.964097539596e+12,1.982716242756e-02,2.251985793909e-02,2.045098261426e-02,2.320434005965e-02,3.749234688799e-02,3.514883420054e-02
699.60000000,1.391835970540e+13,-3.018464627197e-03,-3.428397525212e-03,-3.297081017728e-02,-3.740973750877e-02,3.483102945516e-03,3.265386621465e-03
699.80000000,2.448029568774e+13,-6.811095195171e-03,-7.736099240890e-03,3.142393446048e-02,3.565460276342e-02,7.383850043307e-02,6.922311951002e-02
700.00000000,2.350256941596e+13,6.192193290759e-03,7.033145249540e-03,2.074390480515e-02,2.353669896175e-02,6.656570457138e-02,6.240492014040e-02
700.20000000,3.218174868932e+13,3.668983507062e-02,4.167262343351e-02,3.653500578870e-02,4.145378803516e-02,6.393630931752e-02,5.993987899209e-02
700.40000000,2.661260930731e+13,4.652188368142e-02,5.283994698646e-02,5.031495876637e-02,5.708896415022e-02,6.757683015008e-02,6.335284387076e-02
700.60000000,1.919716146104e+13,5.391621870876e-02,6.123849493694e-02,4.261432860851e-02,4.835158246900e-02,6.499566496168e-02,6.093301809878e-02
700.80000000,2.931448388403e+13,1.285838724235e-02,1.460466443857e-02,3.857185859906e-03,4.376486648820e-03,2.417278490991e-02,2.266183046641e-02
701.00000000,4.820051173815e+13,1.528370906396e-02,1.735936537365e-02,-5.826580508212e-03,-6.611024910031e-03,2.485461633093e-02,2.330104304069e-02
701.20000000,4.147597671841e+13,1.026889765364e-02,1.166350037208e-02,-3.205302981729e-03,-3.636839450950e-03,4.894195893130e-02,4.588277189116e-02
701.40000000,3.647985646050e+13,-1.688954889174e-03,-1.918329176385e-03,4.546982220221e-03,5.159151698151e-03,3.380272364587e-02,3.168983612856e-02
701.60000000,7.593435765242e+12,-1.616851261589e-02,-1.836433269392e-02,-1.410172918273e-02,-1.600027370602e-02,2.751014377387e-04,2.579058294832e-04
701.80000000,2.148806361519e+13,9.899309370427e-03,1.124371888976e-02,2.555151047434e-02,2.899156237466e-02,4.096378645723e-02,3.840328648171e-02
702.00000000,4.337943060086e+13,2.164840766571e-02,2.458844360712e-02,2.956192871885e-02,3.354191139614e-02,3.272560510910e-02,3.068004442422e-02
702.20000000,1.801860369408e+13,-1.058996953907e-03,-1.202817652150e-03,-1.302132833584e-03,-1.477441629247e-03,2.066823680615e-02,1.937633914695e-02
702.40000000,1.090464091731e+13,3.081938035875e-03,3.500491156945e-03,7.526503486782e-03,8.539811981732e-03,1.063817993400e-03,9.973225304161e-04
702.60000000,1.869034862731e+13,7.063708418715e-04,8.023019466041e-04,2.895314463080e-02,3.285116546630e-02,-1.676598124626e-03,-1.571799964389e-03
702.80000000,1.807618778334e+13,1.999891405591e-02,2.271493488393e-02,3.810912710662e-02,4.323983651240e-02,1.731813846876e-02,1.623564349063e-02
703.00000000,2.526659599076e+13,4.634701463553e-04,5.264132925259e-04,7.359345101231e-03,8.350148722255e-03,-6.698961933388e-04,-6.280233750522e-04
703.20000000,4.789844172312e+13,-9.512807134443e-03,-1.080472639755e-02,-4.603419104093e-02,-5.223186794653e-02,-1.374341027649e-02,-1.288435878931e-02
703.40000000,2.243160605079e+13,-1.656769258594e-02,-1.881772466317e-02,-3.313861346624e-02,-3.760013249632e-02,-2.829972808518e-03,-2.653081316456e-03
703.60000000,1.242585348943e+13,2.233700219145e-02,2.537055506427e-02,-1.320236336939e-02,-1.497982444133e-02,4.649863566288e-03,4.359217203310e-03
703.80000000,6.969848041196e+12,1.213796472101e-02,1.378640247618e-02,-8.302311259755e-04,-9.420068335397e-04,7.181654505128e-04,6.732754933708e-04
704.00000000,2.123675827171e+13,1.638584219392e-02,1.861117745757e-02,2.291884323898e-02,2.600445378700e-02,2.393969807486e-02,2.244331305688e-02
704.20000000,2.467804618930e+13,3.754831212045e-03,4.264768889116e-03,3.994647513800e-02,4.532455045168e-02,4.048165611644e-02,3.795129238644e-02
704.40000000,3.854013403702e+13,2.407544013028e-02,2.734508750487e-02,8.162012769654e-04,9.260881173813e-04,6.090167874159e-02,5.709493233426e-02
704.60000000,4.796365004011e+13,-2.360183360977e-02,-2.680716123327e-02,-2.110558758406e-02,-2.394707582988e-02,-1.651526313105e-02,-1.548295302254e-02
704.80000000,1.405028907741e+13,-4.368560395233e-03,-4.961847660168e-03,-6.219998832226e-02,-7.057409944350e-02,-1.577074376884e-02,-1.478497090636e-02
705.00000000,1.369133453315e+13,4.888741457742e-03,5.552673688507e-03,-2.376618770234e-02,-2.696587796139e-02,-1.908257987892e-02,-1.788979597053e-02
705.20000000,5.555894895158e+12,2.097749043695e-02,2.382641017264e-02,-6.824345817698e-03,-7.743121395453e-03,-1.440100431128e-03,-1.350084896981e-03
705.40000000,-2.572345062017e+12,1.253340272782e-02,1.423554429209e-02,1.795354518372e-03,2.037066754089e-03,2.515334535434e-02,2.358109957987e-02
705.60000000,1.399193064172e+13,9.173150864502e-03,1.041894194780e-02,-7.155179971580e-04,-8.118496425335e-04,2.871183455712e-02,2.691716033292e-02
705.80000000,2.879159409362e+13,-5.898836980635e-03,-6.699948683785e-03,-1.397871434455e-02,-1.586069712961e-02,1.057746429119e-02,9.916304779316e-03
706.00000000,1.980775195494e+13,-1.383475962195e-02,-1.571363640390e-02,2.029472192881e-02,2.302704167983e-02,4.720453274505e-02,4.425394601000e-02
706.20000000,1.846434292752e+13,4.795884549065e-04,5.447206030207e-04,1.237593600547e-02,1.404213347809e-02,-2.518604746476e-02,-2.361175759816e-02
706.40000000,3.893281174584e+13,3.755466800785e-02,4.265490796155e-02,8.806460383458e-03,9.992092082517e-03,-1.770528857199e-03,-1.659859422374e-03
706.60000000,4.118680520554e+13,1.370587988438e-02,1.556725371339e-02,-6.416275613244e-03,-7.280111868187e-03,-8.237564044255e-03,-7.722663339076e-03
706.80000000,5.187911980993e+13,2.374039945876e-02,2.696454549065e-02,-9.014418645949e-03,-1.022804818947e-02,1.616450535286e-02,1.515411986021e-02
707.00000000,5.034424055325e+13,-6.287278049393e-03,-7.141143318575e-03,-1.366689709879e-02,-1.550689929292e-02,-1.139849090839e-02,-1.068601195524e-02
707.20000000,3.920224022536e+13,-6.437052615936e-03,-7.311258531669e-03,-6.276986963888e-03,-7.122070504254e-03,-1.487350941536e-02,-1.394381946754e-02
707.40000000,2.858188126000e+13,-1.642841509590e-02,-1.865953211791e-02,-1.771102730360e-02,-2.009549898458e-02,-2.834692685633e-02,-2.657506170911e-02
707.60000000,2.658738780773e+13,1.556940262063e-02,1.768385851954e-02,1.102862105385e-02,1.251342677023e-02,-1.582530582762e-02,-1.483612248573e-02
707.80000000,5.131080922095e+13,-2.550385524762e-03,-2.896749341585e-03,-1.278887494756e-02,-1.451066723105e-02,-1.369041823056e-02,-1.283467908690e-02
708.00000000,3.124083439113e+13,1.042841884499e-02,1.184468588364e-02,4.056863119062e-03,4.603046864093e-03,4.242059922684e-03,3.976903908859e-03
708.20000000,4.948644058287e+13,1.508484767534e-02,1.713349693495e-02,-3.257138708773e-03,-3.695653927509e-03,1.784095309721e-02,1.672577884406e-02
708.40000000,3.171839312064e+13,1.222038581040e-02,1.388001704311e-02,6.289347607001e-03,7.136095285928e-03,3.556510996826e-02,3.334206197688e-02
708.60000000,1.829594128582e+13,-8.234792769590e-03,-9.353146926925e-03,-8.877198390767e-04,-1.007235369183e-03,8.066518615032e-03,7.562309348688e-03
708.80000000,2.333690502761e+13,-5.142339371425e-03,-5.840712333000e-03,1.347484164031e-02,1.528898701687e-02,1.916374716077e-02,1.796588977551e-02
709.00000000,2.532826975506e+13,1.366812738356e-02,1.552437410526e-02,2.993427886454e-02,3.396439180037e-02,1.270345883011e-02,1.190941099331e-02
709.20000000,3.313809153644e+13,2.364828646594e-03,2.685992277824e-03,2.494574805323e-02,2.830424492493e-02,-1.020646461297e-02,-9.568494965827e-03
709.40000000,3.498794998763e+13,4.534580257019e-04,5.150414416316e-04,3.799013303642e-02,4.310482202815e-02,3.121457251488e-02,2.926346108031e-02
709.60000000,2.899169627849e+13,4.771552251045e-03,5.419569201345e-03,2.867736948400e-02,3.253826214976e-02,3.976761057196e-02,3.728187927849e-02
709.80000000,2.254432796565e+13,2.159578180655e-02,2.452867071342e-02,1.291498633701e-02,1.465375725373e-02,4.415199100031e-02,4.139220774655e-02
710.00000000,2.786388411456e+13,2.487469118038e-02,2.825288357361e-02,3.377804826452e-02,3.832565570393e-02,5.257463781952e-02,4.928838499740e-02
710.20000000,3.064121130597e+13,1.971187114798e-02,2.238890913351e-02,3.237674450068e-02,3.673569156010e-02,5.370480956426e-02,5.034791374317e-02
710.40000000,1.819276673072e+13,1.625019170963e-02,1.845710449596e-02,4.518466921036e-02,5.126797326154e-02,4.702417858292e-02,4.408486514235e-02
710.60000000,1.386954052777e+13,1.491733529821e-02,1.694323496732e-02,7.529084938786e-03,8.542740979878e-03,-6.294017064493e-03,-5.900600538988e-03
710.80000000,2.394665929163e+13,-7.445290018688e-02,-8.456423058455e-02,-3.303158232252e-02,-3.747869153171e-02,-1.197685798988e-01,-1.122822737631e-01
711.00000000,3.027393758192e+13,-1.153777036890e-02,-1.310469668016e-02,1.111205398624e-02,1.260809244824e-02,-8.604250526550e-02,-8.066429559107e-02
711.20000000,3.006729773574e+13,2.153348279411e-02,2.445791097082e-02,-5.578299224842e-02,-6.329317011764e-02,3.620367504883e-02,3.394071263512e-02
711.40000000,5.926860006283e+13,6.767402255037e-03,7.686472431791e-03,-7.950273938883e-03,-9.020635512965e-03,2.675276889404e-03,2.508054886698e-03
711.60000000,2.953171095371e+13,3.203563213475e-02,3.638634057189e-02,2.153782142906e-02,2.443750219784e-02,4.430363374544e-02,4.153437184533e-02
711.80000000,1.803955502514e+13,2.892883384687e-02,3.285761293151e-02,1.047256633823e-02,1.188250927562e-02,3.582336297402e-02,3.358417250970e-02
712.00000000,4.395231017427e+13,1.617769183735e-02,1.837475853091e-02,-8.619154220296e-04,-9.779568509084e-04,-1.266588557643e-02,-1.187418630952e-02
712.20000000,2.452528177833e+13,6.287057023817e-02,7.140892275865e-02,6.317984236511e-02,7.168587323198e-02,-3.591701546089e-02,-3.367197111412e-02
712.40000000,4.353544499670e+13,-9.597930473405e-02,-1.090141020229e-01,7.122032082063e-02,8.080885767939e-02,-4.383070519293e-02,-4.109100436741e-02
712.60000000,4.391211095770e+13,2.344110462744e-02,2.662460390254e-02,4.356395774952e-02,4.942906211555e-02,1.248385392602e-02,1.170353280738e-02
712.80000000,2.699469258617e+13,4.109557283918e-02,4.667669746718e-02,3.821907428575e-02,4.336458610421e-02,5.494556371407e-02,5.151111278285e-02
713.00000000,4.702347822970e+13,1.454760880603e-02,1.652329650610e-02,1.238277630035e-02,1.404989469580e-02,6.762419994661e-03,6.339725275050e-03
713.20000000,-3.147009390324e+12,2.352858809903e-02,2.672396836579e-02,1.125758837010e-02,1.277322042263e-02,7.319566236115e-03,6.862046294986e-03
713.40000000,2.240116246508e+13,9.060654439544e-03,1.029116756163e-02,-1.359299065885e-04,-1.542304267838e-04,-1.916854308511e-02,-1.797038592375e-02
713.60000000,2.162338872876e+13,2.195022116018e-02,2.493124591402e-02,1.869255622576e-02,2.120917314478e-02,1.446294414113e-03,1.355891716213e-03
713.80000000,1.611650558223e+13,2.643739157497e-02,3.002781183256e-02,6.373047671390e-03,7.231064060472e-03,2.717622341729e-02,2.547753476049e-02
714.00000000,3.541963153678e+13,1.204166633840e-02,1.367702596282e-02,-4.004470910168e-03,-4.543600985398e-03,-1.896443238688e-03,-1.777903345621e-03
714.20000000,4.315722976668e+13,9.057472178714e-03,1.028755312300e-02,1.152546867546e-02,1.307716599914e-02,-1.069306362669e-02,-1.002467841326e-02
714.40000000,1.947183054963e+13,3.709735003776e-02,4.213548236260e-02,3.911565414832e-02,4.438187433989e-02,-4.368680943252e-03,-4.095610301701e-03
714.60000000,1.211173744316e+13,1.297752312726e-03,1.473997997924e-03,-1.111619242523e-02,-1.261278805370e-02,-5.932736550616e-02,-5.561902379599e-02
714.80000000,3.386018416689e+13,7.423861514686e-03,8.432084383280e-03,-1.111032014130e-02,-1.260612517223e-02,-2.575546489264e-02,-2.414558277649e-02
715.00000000,2.808863729102e+13,5.257953008818e-03,5.972027275289e-03,-1.579931938749e-02,-1.792641393782e-02,-3.496307488282e-02,-3.277765795427e-02
715.20000000,3.133536634561e+13,2.317566122087e-02,2.632311104755e-02,-1.185419348176e-02,-1.345014769569e-02,-2.547125459620e-02,-2.387913745054e-02
715.40000000,1.728244909377e+13,3.631696925113e-02,4.124911929792e-02,-4.596050557453e-02,-5.214826205570e-02,-4.464886328739e-02,-4.185802232171e-02
715.60000000,4.619368176143e+13,2.832301063760e-02,3.216951383217e-02,-4.316744147442e-02,-4.897916204668e-02,-5.599499785253e-02,-5.249495054172e-02
715.80000000,3.399904297931e+13,2.321198589177e-02,2.636436891444e-02,5.515641498442e-03,6.258223548034e-03,-2.390469797233e-02,-2.241050068574e-02
716.00000000,2.761101383545e+13,3.416586453141e-02,3.880587645481e-02,6.157160323778e-03,6.986111359517e-03,9.458262569304e-03,8.867060359460e-03
716.20000000,2.306961776864e+13,1.982815547007e-02,2.252098584513e-02,-1.210921610131e-02,-1.373950452995e-02,-7.513546604869e-03,-7.043901643755e-03
716.40000000,1.086682546797e+13,6.577401203413e-03,7.470667638419e-03,-8.161518799646e-03,-9.260320699611e-03,-1.558850201824e-02,-1.461412043665e-02
716.60000000,3.516411463999e+13,1.497218352666e-02,1.700553204677e-02,-2.710024560857e-02,-3.074880687459e-02,-2.341977085994e-02,-2.195588463507e-02
716.80000000,3.415269407908e+13,2.469444564410e-02,2.804815917665e-02,-1.746608658162e-02,-1.981758139429e-02,-1.493068311740e-02,-1.399741944568e-02
717.00000000,4.404911837841e+13,1.238282348791e-02,1.406451512420e-02,-1.743188341959e-02,-1.977877339088e-02,-5.542540045522e-03,-5.196095664320e-03
717.20000000,2.270265852105e+13,-2.231199722602e-02,-2.534215421410e-02,1.347064387058e-02,1.528422409285e-02,-5.615176953267e-03,-5.264192298409e-03
717.40000000,3.642471384769e+13,7.838395566136e-03,8.902915647394e-03,-1.234915912730e-02,-1.401175157426e-02,2.684932380129e-02,2.517106847185e-02
717.60000000,1.903854191057e+13,-2.031618799656e-02,-2.307529729571e-02,-1.695909721267e-02,-1.924233501392e-02,1.089551909790e-02,1.021447911609e-02
717.80000000,4.002580471455e+13,-6.330576233748e-03,-7.190321760738e-03,-1.413819274335e-02,-1.604164643008e-02,1.267803824479e-02,1.188557935798e-02
718.00000000,4.068440343600e+13,4.987029770172e-03,5.664310380903e-03,-1.625303845723e-02,-1.844121813009e-02,1.262919448942e-02,1.183978865129e-02
718.20000000,1.048086553394e+13,1.528769618905e-02,1.736389398388e-02,-8.470379713197e-03,-9.610764187064e-03,1.161999327148e-02,1.089366899679e-02
718.40000000,2.709079423918e+13,4.139678119417e-03,4.701881245157e-03,6.958010966525e-03,7.894782155526e-03,-1.769890182808e-03,-1.659260669238e-03
718.60000000,2.494808101634e+13,-1.700945056929e-02,-1.931947709824e-02,-7.519419195433e-04,-8.531773917804e-04,-4.553709568960e-02,-4.269073448908e-02
718.80000000,1.238890404972e+13,-7.901646524347e-02,-8.974756618013e-02,-4.198491407260e-02,-4.763742857209e-02,-4.814880476170e-02,-4.513919495568e-02
719.00000000,4.316628506445e+13,-6.189529108721e-02,-7.030119249161e-02,-2.378111441039e-02,-2.698281428255e-02,-7.904412806678e-03,-7.410336195399e-03
719.20000000,2.173538937631e+13,-1.890293988492e-02,-2.147011819744e-02,-1.346252124657e-02,-1.527500790343e-02,2.746969762162e-02,2.575266494055e-02
719.40000000,3.258159248365e+13,9.215027933041e-03,1.046650627466e-02,-3.523463125232e-03,-3.997834142626e-03,4.744329560954e-02,4.447778466065e-02
719.60000000,1.693726219813e+13,1.786464106191e-02,2.029080965655e-02,-7.677842544190e-03,-8.711526124696e-03,1.568349049311e-02,1.470317152124e-02
719.80000000,5.562131390294e+13,3.876673952190e-02,4.403158898730e-02,3.261429911647e-03,3.700522863768e-03,1.072488928919e-04,1.005451476730e-04
720.00000000,4.410042088440e+13,5.727203627047e-02,6.505006076413e-02,1.912564112233e-02,2.170056514312e-02,2.258767341576e-02,2.117579863001e-02
720.20000000,2.583458153934e+13,3.204373709742e-02,3.639554625670e-02,8.762928321574e-03,9.942699210472e-03,4.377102104399e-03,4.103505086144e-03
720.40000000,-8.703228705795e+12,1.595119149679e-02,1.811749753801e-02,2.903290311903e-02,3.294166200226e-02,5.628181592234e-02,5.276384063845e-02
720.60000000,1.268677115387e+13,7.113200839738e-03,8.079233374335e-03,1.060725769050e-03,1.203533439901e-03,5.552570477603e-02,5.205499129919e-02
720.80000000,2.491932891205e+13,6.875340441667e-03,7.809069532511e-03,-6.472561044399e-03,-7.343975121585e-03,2.381758864951e-02,2.232883625555e-02
721.00000000,2.340188382682e+13,3.990397444441e-03,4.532326998260e-03,-1.142438404204e-02,-1.296247213562e-02,1.668237803359e-02,1.563962216943e-02
721.20000000,2.519397427689e+13,-1.047168337587e-02,-1.189382610191e-02,-2.561516283950e-02,-2.906378438738e-02,1.081481023274e-02,1.013881507382e-02
721.40000000,1.474553733028e+13,2.098873104174e-02,2.383917734616e-02,-1.133086613163e-02,-1.285636371845e-02,2.505054131653e-02,2.348472145526e-02
721.60000000,3.550390585853e+13,5.317460577240e-02,6.039616472284e-02,1.855664005853e-02,2.105495830711e-02,5.310137212831e-02,4.978219502596e-02
721.80000000,3.130244633466e+13,2.610238270497e-02,2.964730593878e-02,1.787251805770e-02,2.027873156784e-02,2.312056556390e-02,2.167538159337e-02
722.00000000,3.633697280938e+13,1.374117820481e-02,1.560734584278e-02,2.796163083038e-02,3.172616214334e-02,1.118132009336e-02,1.048241571217e-02
722.20000000,2.184069511390e+13,1.621580294563e-02,1.841804544841e-02,2.910146073003e-02,3.301944966406e-02,-2.241071688615e-03,-2.100990302100e-03
722.40000000,2.941210221675e+13,-1.884610415164e-02,-2.140556369328e-02,-1.557499598386e-02,-1.767188941745e-02,-2.613377162197e-02,-2.450024290343e-02
722.60000000,3.018595414903e+13,-1.108944382918e-02,-1.259548362350e-02,-6.906135333323e-03,-7.835922400162e-03,-3.238337346368e-04,-3.035920445654e-04
722.80000000,4.223561502781e+13,-1.553554314236e-02,-1.764540063918e-02,-1.766033829385e-02,-2.003798561020e-02,9.407441748966e-03,8.819416167077e-03
723.00000000,4.381498342887e+13,8.995739905474e-03,1.021743708755e-02,-1.354292734743e-02,-1.536623924143e-02,2.036147908288e-02,1.908875575327e-02
723.20000000,2.320084986024e+13,2.258847111361e-03,2.565617558227e-03,-6.873954317105e-03,-7.799408788181e-03,5.589162673314e-03,5.239804078178e-03
723.40000000,3.201063282358e+13,1.467336343873e-03,1.666612967620e-03,2.956692895784e-02,3.354758482748e-02,1.184729376782e-02,1.110676175098e-02
723.60000000,1.724599178478e+13,7.696467554306e-03,8.741712617174e-03,1.195062716321e-02,1.355956444009e-02,-6.172499875187e-03,-5.786678955146e-03
723.80000000,3.533348098403e+13,5.218891430254e-03,5.927660805638e-03,4.167484019794e-02,4.728560882010e-02,2.825865661146e-02,2.649230892196e-02
724.00000000,3.620302909444e+13,8.939773901836e-03,1.015387042964e-02,1.210621021123e-02,1.373609395077e-02,2.119871675263e-02,1.987366068677e-02
724.20000000,4.162215712623e+13,-1.043427818765e-02,-1.185134097434e-02,8.435127240338e-03,9.570765601980e-03,1.172013185131e-02,1.098754827168e-02
724.40000000,3.739647723390e+13,-1.162406218618e-02,-1.320270765241e-02,1.024309441114e-02,1.162214307559e-02,-1.091122651043e-02,-1.022920471437e-02
724.60000000,4.076888991693e+13,4.135317933009e-03,4.696928908742e-03,6.789548086667e-03,7.703638775016e-03,-1.399661748822e-02,-1.312173892266e-02
724.80000000,1.268668531366e+13,1.959018979617e-03,2.225070243014e-03,5.592130130266e-03,6.345010000158e-03,-1.310044444869e-02,-1.228158245884e-02
725.00000000,2.707452254382e+13,4.889157083078e-02,5.553145759262e-02,3.283845127926e-02,3.725955886271e-02,2.052363903499e-02,1.924077966599e-02
725.20000000,2.573694606163e+13,7.190271038195e-02,8.166770354320e-02,1.050845394365e-02,1.192322850246e-02,2.104110566009e-02,1.972590130065e-02
725.40000000,1.965778175860e+13,3.557922670986e-02,4.041118511113e-02,1.496542471584e-02,1.698025032799e-02,2.935766128980e-02,2.752261874332e-02
725.60000000,3.752383594241e+13,1.348090144683e-02,1.531172131074e-02,-3.008275571835e-03,-3.413285839543e-03,6.355684251249e-03,5.958413130165e-03
725.80000000,2.823767107945e+13,-1.287610301664e-03,-1.462478616408e-03,-2.000405580066e-02,-2.269724257880e-02,-6.318865806429e-03,-5.923896074822e-03
726.00000000,2.863056866509e+13,-1.681843630220e-02,-1.910252148621e-02,-2.926723837440e-02,-3.320754629037e-02,-8.327204267677e-03,-7.806700472312e-03
726.20000000,1.829771933513e+13,-1.694572565991e-02,-1.924709780989e-02,-3.906133320413e-02,-4.432024005634e-02,-8.121914134851e-03,-7.614242292426e-03
726.40000000,1.859384231617e+13,-4.128560725739e-03,-4.689254015859e-03,-3.718350029861e-02,-4.218959068185e-02,1.584826866496e-04,1.485764999816e-04
726.60000000,3.090981602741e+13,7.701439933699e-03,8.747360287534e-03,-5.529124195438e-03,-6.273521447988e-03,1.574955337586e-02,1.476510504916e-02
726.80000000,4.154875867600e+13,3.148651564158e-02,3.576264943790e-02,5.696658870336e-03,6.463611657415e-03,4.045642245998e-02,3.792763599572e-02
727.00000000,1.901840639359e+13,3.925483318524e-02,4.458596987763e-02,7.390839085972e-03,8.385882806310e-03,2.687355519763e-02,2.519378525016e-02
727.20000000,2.257748525390e+13,2.680219287608e-02,3.044215622031e-02,2.042399015153e-02,2.317371354668e-02,2.737657656343e-02,2.566536454709e-02
727.40000000,4.252050998922e+13,9.916492072161e-03,1.126323514699e-02,2.052381336221e-03,2.328697615955e-03,2.429872483986e-02,2.277989834118e-02
727.60000000,2.391599397939e+13,-1.159791921686e-02,-1.317301424786e-02,-9.067775597119e-03,-1.028858869566e-02,-1.169223887938e-02,-1.096139878979e-02
727.80000000,3.013211099334e+13,-1.500864755985e-02,-1.704694820253e-02,-3.841387501979e-03,-4.358561325784e-03,-8.538665801607e-03,-8.004944301062e-03
728.00000000,5.442305545396e+13,1.084199499000e-03,1.231442914957e-03,-2.858010384162e-02,-3.242790143583e-02,-2.270762823486e-02,-2.128825550182e-02
728.20000000,1.728641778350e+13,2.477649700934e-04,2.814135380784e-04,8.041024181753e-03,9.123603645880e-03,-1.380114109323e-02,-1.293848105891e-02
728.40000000,2.928132701556e+13,-1.516250472854e-02,-1.722170046950e-02,5.305471857832e-03,6.019758340619e-03,-1.937300502388e-02,-1.816206767703e-02
728.60000000,1.758487867254e+13,-8.160923870901e-03,-9.269246010156e-03,4.969223550808e-03,5.638240239126e-03,-6.132694655129e-03,-5.749361817216e-03
728.80000000,3.422992115407e+13,-6.577415366807e-03,-7.470683725320e-03,1.608367260323e-02,1.824905020619e-02,-1.815715728863e-02,-1.702221824091e-02
729.00000000,3.589069107876e+13,4.254550137760e-04,4.832353850291e-04,1.591574853475e-02,1.805851817833e-02,-4.867860642127e-03,-4.563588060587e-03
729.20000000,2.764371584397e+13,1.939962425212e-03,2.203425648152e-03,1.269807943367e-04,1.440764773224e-04,-1.754631932305e-02,-1.644956157474e-02
729.40000000,3.267942082255e+13,1.581603327666e-02,1.796398369417e-02,2.505047199292e-02,2.842306806194e-02,-1.706676426750e-02,-1.599998179282e-02
729.60000000,2.546442285224e+13,-1.740092940739e-02,-1.976412205701e-02,-1.864944367294e-02,-2.116025626116e-02,-4.251946820311e-02,-3.986172811830e-02
729.80000000,3.254338581225e+13,-1.924064526107e-02,-2.185368680560e-02,-2.118711848078e-02,-2.403958339730e-02,-2.220688103005e-02,-2.081880821620e-02
730.00000000,3.184541480258e+12,1.941839047491e-04,2.205557131532e-04,-2.039769715258e-02,-2.314388066773e-02,-3.754404473808e-02,-3.519730060268e-02
730.20000000,4.004724022259e+13,9.995327183852e-03,1.135277673028e-02,-1.799991636945e-02,-2.042328177379e-02,-3.247343030827e-02,-3.044363216946e-02
730.40000000,2.956740930263e+13,2.545284800610e-02,2.890955896169e-02,-4.218293463055e-03,-4.786210904109e-03,-2.725125596374e-03,-2.554787729046e-03
730.60000000,2.425182918398e+13,1.804721642088e-02,2.049818028571e-02,1.784835814010e-02,2.025131895132e-02,4.793044676737e-03,4.493448573964e-03
730.80000000,2.530596262181e+13,-6.936247348310e-03,-7.878248109632e-03,8.857056699070e-03,1.004950028316e-02,1.172928969166e-02,1.099613368814e-02
731.00000000,3.705425048404e+13,1.819936496791e-02,2.067099188582e-02,4.064819707849e-02,4.612074664634e-02,7.159007690445e-03,6.711523690517e-03
731.20000000,2.484107885522e+13,8.077722056482e-03,9.174744689162e-03,4.256943795172e-02,4.830064809165e-02,-6.027915870307e-03,-5.651132379981e-03
731.40000000,1.962337461253e+13,3.477139263048e-02,3.949364036551e-02,6.125197746086e-02,6.949845594886e-02,3.498611601907e-02,3.279925887139e-02
731.60000000,4.590712696355e+13,4.278736661796e-02,4.859825107826e-02,4.205016840832e-02,4.771146823195e-02,2.709180910593e-02,2.539839688622e-02
731.80000000,2.453048733634e+13,1.643736150164e-02,1.866969352083e-02,2.456319471908e-02,2.787018765619e-02,1.255552146290e-02,1.177072066252e-02
732.00000000,3.773192486738e+13,-1.263046327251e-02,-1.434578647555e-02,-4.212505848062e-03,-4.779644090721e-03,2.017793742672e-03,1.891668663046e-03
732.20000000,2.926082675524e+13,-5.662654822291e-03,-6.431691000766e-03,1.339474317795e-02,1.519810473538e-02,4.651090787065e-03,4.360367714900e-03
732.40000000,4.251415763465e+13,-9.991072878054e-03,-1.134794465395e-02,1.542874115621e-02,1.750594400445e-02,5.048489192033e-03,4.732926165015e-03
732.60000000,3.715075676190e+13,-3.217854770625e-02,-3.654866528069e-02,5.188575016255e-03,5.887123439157e-03,-1.545964303770e-02,-1.449331597072e-02
732.80000000,3.262021091473e+13,-3.024188378404e-02,-3.434898610001e-02,2.423511659102e-03,2.749793970150e-03,-3.024521339426e-02,-2.835469313593e-02
733.00000000,8.982154190391e+12,-1.628896699045e-02,-1.850114578622e-02,-9.492523366803e-03,-1.077052112273e-02,-1.249784924015e-02,-1.171665332442e-02
733.20000000,2.412044693844e+13,-2.372602792981e-02,-2.694822218712e-02,-9.344404812237e-03,-1.060246106546e-02,-1.222778629741e-03,-1.146347105160e-03
733.40000000,3.128826308157e+13,-7.643036218031e-03,-8.681024855786e-03,1.549006413155e-02,1.757552301686e-02,5.763669980609e-02,5.403403557005e-02
733.60000000,1.780927342728e+13,8.751665654205e-03,9.940215498973e-03,2.500540991702e-02,2.837193918697e-02,4.876948798617e-02,4.572108148877e-02
733.80000000,3.441400406848e+13,1.706882626150e-02,1.938691650912e-02,1.034414236925e-02,1.173679532612e-02,1.761489851205e-02,1.651385412359e-02
734.00000000,4.484354352588e+13,-8.594733492445e-04,-9.761970628992e-04,2.709869461458e-02,3.074704706712e-02,2.872029447892e-03,2.692509145522e-03
734.20000000,3.045044008803e+13,9.104932634033e-03,1.034145910755e-02,3.874286921715e-03,4.395890061412e-03,-3.988377176021e-03,-3.739077964577e-03
734.40000000,3.484944979506e+13,1.335464703817e-02,1.516832049089e-02,1.709236691010e-02,1.939354708217e-02,9.231741060293e-03,8.654697900879e-03
734.60000000,2.087534725430e+13,1.622853242380e-02,1.843250369684e-02,2.495229319794e-02,2.831167125581e-02,4.524072864939e-02,4.241289229398e-02
734.80000000,2.017804701949e+13,1.384822622923e-02,1.572893188977e-02,3.368148324837e-02,3.821608994297e-02,7.295202066552e-02,6.839205042637e-02
735.00000000,5.758083505287e+13,3.915625080214e-02,4.447399917730e-02,4.071131886872e-02,4.619236665177e-02,7.008096408363e-02,6.570045333647e-02
735.20000000,2.473880743236e+13,2.400150181750e-02,2.726110774700e-02,1.463833369768e-02,1.660912237981e-02,3.088344328188e-02,2.895302955292e-02
735.40000000,1.974932328986e+13,1.517551258228e-02,1.723647489924e-02,3.796163417016e-03,4.307248630149e-03,1.462650482210e-02,1.371225424915e-02
735.60000000,3.215057350953e+13,2.280844681667e-05,2.590602583746e-05,1.522880254980e-02,1.727908725620e-02,2.427777732154e-02,2.276026017741e-02
735.80000000,2.977760166776e+13,-2.915535137084e-02,-3.311489344148e-02,-1.131543247521e-02,-1.283885219744e-02,-6.732819951596e-03,-6.311975424950e-03
736.00000000,7.490717405053e+12,-3.307820855209e-02,-3.757050764042e-02,-2.331842891852e-02,-2.645783650048e-02,-2.988333206892e-02,-2.801543171966e-02
736.20000000,5.344459226190e+11,-4.644367911618e-02,-5.275112158313e-02,-8.883512585997e-02,-1.007951798003e-01,-4.145645400342e-02,-3.886515913932e-02
736.40000000,2.593573231951e+13,-1.022427430545e-01,-1.161281679767e-01,-2.867801505469e-02,-3.253899463495e-02,-1.196988889112e-01,-1.122169389102e-01
736.60000000,1.549486937593e+13,-9.476394675438e-02,-1.076336882019e-01,-9.227109953959e-02,-1.046937456150e-01,-2.892809722135e-01,-2.711990519047e-01
736.80000000,2.554201108822e+13,-5.860635416785e-02,-6.656559026083e-02,-1.122249768427e-01,-1.273340540630e-01,-2.256965740515e-01,-2.115890873587e-01
737.00000000,4.379712219937e+13,-6.796102719523e-02,-7.719070660881e-02,-4.395654513782e-02,-4.987450434358e-02,-5.673818575998e-02,-5.319168442762e-02
737.20000000,3.408048849792e+13,-3.955460322763e-02,-4.492645121447e-02,-3.624204825124e-02,-4.112138902772e-02,-2.774657479993e-02,-2.601223551540e-02
737.40000000,1.144958258215e+13,-5.003929253424e-02,-5.683504956197e-02,-5.015618688938e-02,-5.690881649203e-02,-4.657087872646e-02,-4.365989944081e-02
737.60000000,3.084428817625e+13,-4.676780382745e-02,-5.311926515784e-02,-8.262262877771e-02,-9.374628158178e-02,-5.487398729236e-02,-5.144401034759e-02
737.80000000,2.207068569843e+13,-1.072575347278e-01,-1.218240105608e-01,-2.045378009191e-01,-2.320751416742e-01,-2.344701620249e-01,-2.198142696857e-01
738.00000000,2.487106162705e+13,-1.496656481425e-01,-1.699915026593e-01,-1.546555324114e-01,-1.754771217535e-01,-1.446784953772e-01,-1.356351593990e-01
738.20000000,1.865195898419e+13,-1.085127777718e-01,-1.232497261737e-01,-1.858430439660e-01,-2.108634715137e-01,-1.970691666484e-01,-1.847510769400e-01
738.40000000,1.857532197884e+13,-6.470457753884e-02,-7.349200368470e-02,-7.094106191600e-02,-8.049200157962e-02,-6.111831307479e-02,-5.729802562907e-02
738.60000000,2.008886181390e+13,-9.101808450393e-03,-1.033791063348e-02,-3.163233307883e-02,-3.589105851225e-02,-3.211955765356e-02,-3.011187883043e-02
738.80000000,2.962883551718e+13,-1.904039866566e-02,-2.162624503737e-02,-2.198857675587e-02,-2.494894363243e-02,-3.389135591307e-02,-3.177292830931e-02
739.00000000,4.529940150636e+13,-9.462642955737e-03,-1.074774950122e-02,-1.942332175387e-02,-2.203832312442e-02,-3.503286601505e-02,-3.284308669210e-02
739.20000000,4.206341116575e+13,-1.153246729613e-02,-1.309867340547e-02,-1.457841615641e-02,-1.654113801791e-02,-3.500990878801e-02,-3.282156443932e-02
739.40000000,4.792326450543e+13,2.413807524499e-02,2.741622899526e-02,-4.343636513883e-03,-4.928429145178e-03,8.524342529215e-04,7.991516325270e-04
739.60000000,3.697423394900e+13,6.126246802651e-03,6.958242673381e-03,-5.794464014011e-03,-6.574584506799e-03,2.106758271079e-02,1.975072336549e-02
739.80000000,5.641655481213e+13,-7.155520499210e-05,-8.127300399653e-05,-5.643399736594e-03,-6.403182138014e-03,-2.116427627128e-02,-1.984137295688e-02
740.00000000,3.846144204571e+13,-8.817618314337e-04,-1.001512508536e-03,-2.180501759349e-02,-2.474067152613e-02,-2.126371588513e-02,-1.993459695565e-02
740.20000000,2.046577356794e+13,-7.294573116725e-03,-8.285237532859e-03,-1.549260905530e-02,-1.757841056888e-02,-1.551103076061e-02,-1.454149163062e-02
740.40000000,5.156890075177e+13,-3.641639217929e-02,-4.136204469641e-02,-3.697137539221e-02,-4.194890696722e-02,-3.580596112329e-02,-3.356785838649e-02
740.60000000,3.759734154927e+13,-2.895490287225e-02,-3.288722234992e-02,-3.334404238266e-02,-3.783321872619e-02,-3.469738801554e-02,-3.252857822407e-02
740.80000000,5.706240090683e+13,5.412568717765e-03,6.147641098667e-03,7.628710970973e-03,8.655779867703e-03,1.684041350309e-02,1.578777940621e-02
741.00000000,4.538419004945e+13,1.575717823814e-02,1.789713564613e-02,9.445641848182e-03,1.071732784977e-02,1.710975971464e-02,1.604028974813e-02
741.20000000,2.937648278029e+13,1.975215639999e-02,2.243466546177e-02,3.258501884334e-02,3.697200630174e-02,1.562308873023e-02,1.464654525682e-02
741.40000000,2.440754262050e+13,1.595121486986e-02,1.811752408533e-02,-7.936582147592e-03,-9.005100367924e-03,-2.642000274994e-02,-2.476858274596e-02
741.60000000,6.042525777290e+13,-1.849719047711e-03,-2.100926460549e-03,-2.415516865825e-02,-2.740722821570e-02,-3.778713998308e-04,-3.542520083217e-04
741.80000000,1.677622570485e+13,-2.914042430543e-02,-3.309793915497e-02,-3.592116602869e-02,-4.075730577795e-02,-1.051109405332e-02,-9.854083107949e-03
742.00000000,2.806141155823e+13,-1.323581143700e-02,-1.503334601504e-02,-8.415192455544e-03,-9.548146956503e-03,1.149131211961e-02,1.077303124409e-02
742.20000000,2.341530815093e+13,-3.483547169612e-02,-3.956642190751e-02,-5.596340368728e-03,-6.349787071598e-03,-2.382494802110e-03,-2.233573561911e-03
742.40000000,3.944498647656e+13,2.262710305582e-03,2.570005406734e-03,1.130455222233e-02,1.282650711395e-02,3.381517223576e-02,3.170150660155e-02
742.60000000,2.440726502477e+13,2.100186282708e-02,2.385409253845e-02,1.203428916771e-02,1.365449003066e-02,1.103376400524e-02,1.034408282807e-02
742.80000000,2.837680777141e+13,1.350055069120e-02,1.533403908784e-02,2.371308118096e-02,2.690562160086e-02,3.263006515565e-02,3.059047633201e-02
743.00000000,3.460923009523e+13,-1.436579453752e-02,-1.631679032989e-02,-1.443086231084e-02,-1.637371869757e-02,9.430617850645e-03,8.841143613421e-03
743.20000000,2.946103042822e+13,-3.209406941462e-02,-3.645271412614e-02,-6.879841518154e-03,-7.806088595100e-03,1.969031608339e-02,1.845954475560e-02
743.40000000,5.616034288853e+13,-3.948704823897e-02,-4.484972168985e-02,-8.582803935401e-03,-9.738324311297e-03,-1.679681790042e-02,-1.574690880894e-02
743.60000000,1.928649744038e+13,-1.290149430971e-02,-1.465362580843e-02,3.168452975544e-02,3.595028253375e-02,1.616099281553e-02,1.515082687905e-02
743.80000000,3.179565981972e+13,-1.934347609303e-02,-2.197048292991e-02,1.726833201567e-02,1.959320272833e-02,1.303595889463e-02,1.222112766644e-02
744.00000000,1.226671095984e+13,-1.680580098548e-02,-1.908817018715e-02,1.179922878064e-02,1.338778298490e-02,3.452635094399e-03,3.236823206894e-03
744.20000000,3.489891063865e+13,-5.149257890421e-03,-5.848570445099e-03,2.488167157192e-04,2.823154169647e-04,-2.466215143050e-02,-2.312060843374e-02
744.40000000,1.293735846361e+13,2.198986363569e-02,2.497627217131e-02,2.309349753243e-03,2.620262214372e-03,-2.708993331728e-03,-2.539663834641e-03
744.60000000,2.974075727253e+13,2.954435417387e-03,3.355672609879e-03,-3.975013450396e-02,-4.510177607816e-02,-2.286670340733e-02,-2.143738745345e-02
744.80000000,3.382580440307e+13,-1.465530780339e-02,-1.664562193364e-02,-2.253349840618e-03,-2.556722919445e-03,-1.427444588979e-02,-1.338220126320e-02
745.00000000,4.602733369178e+13,-2.468675346269e-02,-2.803942233228e-02,3.017828932905e-03,3.424125389074e-03,-1.235971110004e-02,-1.158714970604e-02
745.20000000,2.129706376970e+13,-1.690948188328e-03,-1.920593182339e-03,1.695601129613e-02,1.923883363415e-02,-5.324849124441e-03,-4.992011825160e-03
745.40000000,4.100590251481e+13,-7.553157404372e-03,-8.578939742864e-03,-1.606569534296e-02,-1.822865263074e-02,-2.248876902017e-02,-2.108307639492e-02
745.60000000,2.772270488122e+13,-1.000934620062e-02,-1.136869964750e-02,-4.445604364707e-02,-5.044125135455e-02,-3.114780732515e-02,-2.920086914412e-02
745.80000000,4.017365205617e+13,1.037585195569e-02,1.178497996840e-02,-2.857469421759e-02,-3.242176350310e-02,1.020904587513e-02,9.570914882512e-03
746.00000000,4.697740616386e+13,1.517839449940e-02,1.723974820496e-02,-9.994074566631e-03,-1.133959718219e-02,2.488509922009e-02,2.332962055334e-02
746.20000000,5.450436636765e+13,2.870150143776e-02,3.259940686815e-02,2.306991140984e-02,2.617586057340e-02,3.164439753552e-02,2.966641927417e-02
746.40000000,1.773694464180e+13,-2.376000362817e-03,-2.698681207124e-03,1.459639395849e-02,1.656153620811e-02,1.087387723820e-02,1.019419001174e-02
746.60000000,2.915239689259e+13,-1.136006515173e-02,-1.290285759903e-02,3.695188845156e-03,4.192679646007e-03,-1.811957246359e-03,-1.698698270903e-03
746.80000000,3.200820492223e+13,-2.894114781645e-02,-3.287159924178e-02,-1.248042243623e-02,-1.416068712984e-02,-2.254655713990e-02,-2.113725238569e-02
747.00000000,5.528024256325e+13,-1.705030645043e-02,-1.936588155186e-02,-1.649931093786e-02,-1.872064677640e-02,-1.698962256630e-02,-1.592766194383e-02
747.20000000,2.875437976377e+13,-1.731867615218e-02,-1.967069811755e-02,-2.870158276461e-02,-3.256573531366e-02,-2.608778235367e-02,-2.445712826002e-02
747.40000000,2.349934573098e+13,3.193438618825e-03,3.627134457383e-03,2.192822245138e-02,2.488046370500e-02,2.351369950097e-03,2.204394213225e-03
747.60000000,3.211288164039e+13,2.598802175004e-02,2.951741380377e-02,3.822480591631e-02,4.337108939586e-02,7.070415249845e-02,6.628468846941e-02
747.80000000,2.633356187736e+13,1.002635180482e-02,1.138801475586e-02,4.480207421824e-02,5.083386872633e-02,4.841382503373e-02,4.538764975711e-02
748.00000000,1.907000629035e+13,1.335217421812e-02,1.516551184107e-02,9.709081577826e-03,1.101623500681e-02,2.426284006458e-02,2.274625659503e-02
748.20000000,4.509680089480e+13,6.510414648048e-03,7.394583745116e-03,1.119358987232e-02,1.270060567674e-02,4.829687478544e-03,4.527800965112e-03
748.40000000,1.081872024949e+13,8.957797994110e-03,1.017434234533e-02,-4.540422947739e-03,-5.151709337453e-03,-2.787085621667e-02,-2.612874854469e-02
748.60000000,3.470995569506e+13,1.094615633626e-02,1.243273648321e-02,3.349390926656e-04,3.800326249397e-04,-6.357459102784e-03,-5.960077042070e-03
748.80000000,3.925550850221e+13,2.570175907483e-03,2.919227424825e-03,1.097138019686e-02,1.244847946006e-02,-5.154733205491e-03,-4.832529244677e-03
749.00000000,7.868986687610e+12,-3.346010982304e-02,-3.800427431783e-02,-2.931214188355e-03,-3.325849525040e-03,-1.445024677977e-02,-1.354701346748e-02
749.20000000,4.112315342677e+13,-3.188847753341e-02,-3.621920113733e-02,-1.343445031263e-02,-1.524315772247e-02,-1.708612947465e-02,-1.601813655004e-02
749.40000000,2.828519846762e+13,-3.381393683836e-02,-3.840615401943e-02,-3.468361325326e-02,-3.935313875163e-02,-5.418000130666e-02,-5.079340294706e-02
749.60000000,2.777186041556e+13,-4.254492609019e-03,-4.832288508658e-03,-1.435757375076e-02,-1.629056314937e-02,-3.370231918682e-02,-3.159570759361e-02
749.80000000,2.991405171847e+13,9.856222738811e-03,1.119478073098e-02,-1.452494139768e-02,-1.648046384349e-02,-1.348196819554e-02,-1.263925851901e-02
750.00000000,2.772197293252e+13,7.046964527281e-04,8.004001613244e-04,-2.563954631742e-02,-2.909145066261e-02,2.428549181971e-04,2.276749246988e-04
750.20000000,1.914878673204e+13,1.287810107945e+00,1.462705558064e+00,-2.895903885663e-03,-3.285785324376e-03,2.477548779753e+00,2.322686054929e+00
750.40000000,1.786714201978e+13,6.673474880648e+00,7.579788929522e+00,1.013263674577e-01,1.149681426974e-01,1.280538422157e+01,1.200496539262e+01
750.60000000,3.809782098128e+13,3.446323129877e-01,3.914362813165e-01,7.713810637015e-03,8.752336675122e-03,6.873271632291e-01,6.443647972755e-01
750.80000000,4.506904356915e+13,9.127593004797e-04,1.036719694737e-03,7.780498500451e-03,8.828002861447e-03,3.077688875618e-02,2.885313537003e-02
751.00000000,3.436806047807e+13,-3.191326653456e-02,-3.624735669343e-02,-1.883962183931e-02,-2.137603850144e-02,-2.904398246467e-02,-2.722854686115e-02
751.20000000,4.444198764991e+13,-1.376914776287e-02,-1.563911390221e-02,-2.326582877006e-02,-2.639815468689e-02,-3.598634672595e-02,-3.373696872944e-02
751.40000000,4.457256112471e+13,9.845518334558e-03,1.118262257855e-02,-1.704242773707e-02,-1.933688449656e-02,-1.582377359895e-02,-1.483468603120e-02
751.60000000,3.368437762206e+13,-1.474718167867e-02,-1.674997305434e-02,-2.737374430219e-02,-3.105912725440e-02,1.681465495015e-02,1.576363092841e-02
751.80000000,4.802552708793e+13,-4.611550703087e-03,-5.237838096693e-03,-2.292351117903e-02,-2.600975018132e-02,1.906010831804e-02,1.786872902666e-02
752.00000000,1.879506331785e+13,-1.198720493573e-02,-1.361516824335e-02,-1.538459184565e-03,-1.745585078226e-03,3.246978108392e-02,3.044021104510e-02
752.20000000,4.676692431446e+13,-9.534002595911e-03,-1.082880038105e-02,-3.348399758845e-03,-3.799201638640e-03,2.434263406872e-02,2.282106296098e-02
752.40000000,3.694509795614e+13,-4.480984838812e-04,-5.089540289279e-04,7.671633813890e-03,8.704481500391e-03,8.386192078051e-03,7.862001165355e-03
752.60000000,2.511827433342e+13,1.206723742475e-02,1.370606981789e-02,1.459728517186e-02,1.656254740735e-02,-5.942909479829e-03,-5.571439435343e-03
752.80000000,3.364513103125e+13,3.275438095424e-02,3.720270152964e-02,3.259118971122e-02,3.697900796612e-02,-1.038227164287e-03,-9.733312926242e-04
753.00000000,3.576198052259e+13,1.186500905481e-02,1.347637713346e-02,1.978092253829e-02,2.244406843082e-02,5.304847846232e-03,4.973260755410e-03
753.20000000,3.351697843627e+13,-1.392456342707e-02,-1.581563632149e-02,5.337312373234e-03,6.055885609465e-03,1.195394259842e-03,1.120674434412e-03
753.40000000,4.331954224583e+13,1.249835508960e-02,1.419573688965e-02,1.945481672749e-02,2.207405833049e-02,4.149646773154e-02,3.890267175222e-02
753.60000000,1.730375541281e+13,1.097632246314e-02,1.246699942397e-02,2.244124569952e-02,2.546255631799e-02,2.824314426422e-02,2.647776619614e-02
753.80000000,3.490258962400e+13,1.777731079676e-02,2.019161920647e-02,4.304859306518e-02,4.884431283402e-02,2.690601346436e-02,2.522421466657e-02
754.00000000,3.741020384555e+13,4.061752177062e-02,4.613372304050e-02,3.837706460608e-02,4.354384698316e-02,3.732535978730e-02,3.499228486706e-02
754.20000000,3.112768226199e+13,4.154144373723e-03,4.718312138537e-03,1.340365060047e-02,1.520821138233e-02,-2.037670881781e-04,-1.910303353184e-04
754.40000000,2.310426723457e+13,-1.276404712054e-03,-1.449751213430e-03,-5.422793038380e-03,-6.152874710672e-03,-3.817381284124e-02,-3.578770415113e-02
754.60000000,4.770848514042e+13,2.920680391111e-04,3.317333366976e-04,4.117356427071e-03,4.671684509376e-03,-5.411961977456e-03,-5.073679564886e-03
754.80000000,3.984851486501e+13,-5.702484760105e-03,-6.476930179321e-03,-1.117820442875e-02,-1.268314885957e-02,-1.934281565677e-02,-1.813376533943e-02
755.00000000,4.463109565858e+13,2.820206373807e-03,3.203214132587e-03,1.889426494463e-02,2.143803831933e-02,-1.378264245100e-04,-1.292113870069e-04
755.20000000,2.586531239693e+13,-6.700810841642e-03,-7.610837344062e-03,2.110314300089e-02,2.394430212751e-02,-5.738235913299e-03,-5.379559282396e-03
755.40000000,2.453520325168e+13,-3.820461164948e-03,-4.339311941926e-03,1.765376072334e-02,2.003052248798e-02,-1.099730850795e-02,-1.030990603370e-02
755.60000000,2.668708089362e+13,-3.297242545655e-03,-3.745035831030e-03,-9.818789983285e-03,-1.114071367835e-02,-9.911965126215e-03,-9.292403590088e-03
755.80000000,1.231167583656e+13,-1.854171379368e-02,-2.105983456313e-02,-4.535396706758e-02,-5.146006403411e-02,-2.307101312296e-02,-2.162892649851e-02
756.00000000,3.069430687832e+13,-4.019477105757e-02,-4.565355922300e-02,-4.692395540794e-02,-5.324142310261e-02,-3.177472372936e-02,-2.978859924314e-02
756.20000000,1.958552519780e+13,-3.124657818990e-02,-3.549012646111e-02,-1.978721283244e-02,-2.245120560009e-02,-2.222242140610e-02,-2.083337721885e-02
756.40000000,1.975409518661e+13,-2.055889090503e-02,-2.335096130160e-02,2.631646725272e-03,2.985950684224e-03,-2.874081285951e-02,-2.694432730514e-02
756.60000000,5.455214089340e+13,-2.825475300394e-03,-3.209198623743e-03,1.397102938360e-02,1.585197752672e-02,-1.422680398107e-02,-1.333753728003e-02
756.80000000,7.496367652432e+12,-5.780193610100e-03,-6.565192545097e-03,2.298810487435e-02,2.608304025742e-02,-5.197121298666e-03,-4.872267809551e-03
757.00000000,3.491890346922e+13,-3.550383743588e-02,-4.032555733932e-02,-2.832470575773e-03,-3.213811858769e-03,-5.790422275636e-03,-5.428483661624e-03
757.20000000,1.371955466326e+13,-2.668052334198e-02,-3.030396293958e-02,-1.162332015564e-02,-1.318819142341e-02,-3.505031303519e-02,-3.285944316133e-02
757.40000000,3.759820346511e+13,-3.673445677849e-02,-4.172330514482e-02,-4.174775054181e-02,-4.736833523207e-02,-5.969128022598e-02,-5.596019150652e-02
757.60000000,4.652667584671e+13,-2.299760271767e-02,-2.612087070117e-02,-1.781135832593e-02,-2.020933777681e-02,-3.840282803510e-02,-3.600240442323e-02
757.80000000,4.423735856924e+13,-3.071846640461e-02,-3.489029265110e-02,-1.919175114716e-02,-2.177557569524e-02,-5.438521372493e-03,-5.098578827004e-03
758.00000000,5.049709033913e+13,-1.022738435278e-02,-1.161634921561e-02,2.381974865303e-03,2.702664993197e-03,8.664454804724e-03,8.122870682893e-03
758.20000000,1.463876532124e+13,1.847510421252e-03,2.098417884032e-03,6.206198417473e-03,7.041751551650e-03,3.161994038633e-02,2.964349085403e-02
758.40000000,1.842982989375e+13,1.970644115153e-02,2.238274169786e-02,1.526239691165e-02,1.731720449542e-02,5.676212806707e-02,5.321413018661e-02
758.60000000,1.904953521416e+13,7.248672873873e-03,8.233103650759e-03,1.573585544849e-02,1.785440571945e-02,3.616705526486e-02,3.390638182304e-02
758.80000000,4.145023028323e+13,-4.144308622723e-03,-4.707140609778e-03,2.143980774691e-02,2.432629273402e-02,4.034923916796e-02,3.782715234844e-02
759.00000000,2.517796319972e+13,-1.963443992060e-02,-2.230096209384e-02,-1.331401402524e-02,-1.510650685240e-02,-1.258720029300e-02,-1.180041936210e-02
759.20000000,3.335566148268e+13,-1.749763866707e-02,-1.987396524801e-02,-1.768951466235e-02,-2.007109005261e-02,-1.835223315865e-02,-1.720510061507e-02
759.40000000,2.891600096836e+13,-1.627722869987e-02,-1.848781333700e-02,-1.910053394802e-02,-2.167207773879e-02,8.047376492023e-03,7.544363731416e-03
759.60000000,6.294220742265e+13,1.378846711061e-02,1.566105697995e-02,-3.467937702511e-04,-3.934833219141e-04,2.444952273472e-02,2.292127039826e-02
759.80000000,6.135961689013e+13,-1.663653221369e-03,-1.889591329168e-03,-5.624772610382e-03,-6.382047203859e-03,5.555325289624e-02,5.208081748480e-02
760.00000000,2.063058375079e+13,5.831702657523e-03,6.623696954631e-03,2.206148721864e-02,2.503167017932e-02,4.840850944941e-02,4.538266643099e-02
760.20000000,3.741862265823e+13,8.297459604812e-03,9.424324445738e-03,4.403519968688e-02,4.996374831480e-02,3.508433903527e-02,3.289134231768e-02
760.40000000,2.113828337969e+13,2.199856040059e-02,2.498615003008e-02,7.811724270230e-02,8.863432620214e-02,9.250437382646e-02,8.672225582902e-02
760.60000000,2.234812898558e+13,1.086149227717e-02,1.233657433241e-02,3.243110310943e-02,3.679736857906e-02,2.469192134303e-02,2.314851753537e-02
760.80000000,4.951835401303e+13,2.438918120973e-03,2.770143726318e-03,1.820515262302e-02,2.065614940222e-02,1.888268716085e-02,1.770239783228e-02
761.00000000,4.642747096492e+13,-2.059831602151e-02,-2.339574068068e-02,1.397795764186e-02,1.585983855050e-02,2.417908775792e-02,2.266773934591e-02
761.20000000,3.407171366415e+13,-3.358939064583e-02,-3.815111256430e-02,1.058967150162e-02,1.201538054569e-02,8.747938476012e-03,8.201136088079e-03
761.40000000,2.552098366365e+13,-2.371459545813e-02,-2.693523708959e-02,1.958346353977e-02,2.222002512513e-02,2.353432776887e-02,2.206328100080e-02
761.60000000,3.639225637363e+13,1.452088010530e-02,1.649293782288e-02,3.499633815062e-02,3.970796643891e-02,1.190954138409e-02,1.116511849110e-02
761.80000000,3.376113390839e+13,2.308986260793e-03,2.622566026095e-03,5.542644824821e-02,6.288862387244e-02,4.415808352431e-02,4.139791944864e-02
762.00000000,3.682532408821e+13,5.784304662621e-02,6.569861913147e-02,5.184798349853e-02,5.882838312465e-02,5.335022395383e-02,5.001549201273e-02
762.20000000,2.980901272849e+13,-9.822562711302e-02,-1.115654938847e-01,1.796280558951e-03,2.038117469396e-03,-3.678048304908e-02,-3.448146642753e-02
762.40000000,3.952856111476e+13,-4.212232441255e-02,-4.784289054475e-02,-2.456744931126e-02,-2.787501505278e-02,-1.758103888197e-02,-1.648211093804e-02
762.60000000,3.332233869549e+13,-1.150389611208e-02,-1.306622201420e-02,1.448120222268e-02,1.643083597428e-02,2.013070163239e-02,1.887240337692e-02
762.80000000,2.518449516964e+13,-4.766533434473e-02,-5.413868787247e-02,-1.124978212921e-02,-1.276436321163e-02,-1.854549514423e-02,-1.738628248423e-02
763.00000000,2.856208570855e+13,-1.549382544904e-02,-1.759801733204e-02,-3.133517630241e-03,-3.555389491374e-03,4.071633905705e-03,3.817130613468e-03
763.20000000,3.581092602187e+13,-1.398626355403e-02,-1.588571584493e-02,-1.899270929263e-02,-2.154973643042e-02,-1.184076652944e-02,-1.110064250696e-02
763.40000000,2.452227141941e+13,-6.069233151767e-02,-6.893486088912e-02,-5.173243743964e-02,-5.869728086449e-02,-5.153710505325e-02,-4.831570469846e-02
763.60000000,3.862144367517e+13,-8.122116923329e-02,-9.225168752527e-02,-4.412230832102e-02,-5.006258456178e-02,-8.222532143248e-02,-7.708571028510e-02
763.80000000,5.505420233249e+13,-5.904922958547e-03,-6.706861188713e-03,-4.225697566047e-03,-4.794611836569e-03,-2.394300483769e-02,-2.244641312577e-02
764.00000000,4.011552508655e+13,-2.113880673548e-02,-2.400963458206e-02,5.328992450950e-03,6.046445559097e-03,-2.084748853640e-02,-1.954438649180e-02
764.20000000,1.188439096280e+13,-2.369161287082e-02,-2.690913327350e-02,-3.063682895460e-03,-3.476152764006e-03,-5.797975533728e-03,-5.435564792532e-03
764.40000000,5.095471592991e+13,-3.085153537960e-02,-3.504143351272e-02,-1.013337031535e-02,-1.149764660128e-02,-1.624517174303e-02,-1.522974408247e-02
764.60000000,2.671801540972e+13,7.776897095327e-04,8.833065166719e-04,1.361745040525e-02,1.545079549031e-02,-1.413091535247e-02,-1.324764230710e-02
764.80000000,1.254231139166e+13,4.169232432781e-03,4.735449282988e-03,1.381567346465e-02,1.567570572395e-02,-2.341555341180e-02,-2.195193080455e-02
765.00000000,1.960175368909e+13,1.905049943816e-03,2.163771757979e-03,2.941300150955e-02,3.337293381330e-02,-1.408479767326e-02,-1.320440727929e-02
765.20000000,2.410580971216e+13,3.370632479548e-02,3.828392735553e-02,2.992250478120e-02,3.395103254821e-02,1.503831739598e-02,1.409832588997e-02
765.40000000,4.265367833948e+13,-1.217535958986e-02,-1.382887588291e-02,1.531172231503e-02,1.737317067833e-02,8.838932184687e-04,8.286442105041e-04
765.60000000,1.943311249934e+13,-4.526097545615e-03,-5.140779681313e-03,1.197717492551e-02,1.358968638171e-02,-1.914713436588e-02,-1.795031538709e-02
765.80000000,5.305461678444e+13,3.960046914284e-03,4.497854610695e-03,1.376568034241e-02,1.561898192584e-02,-9.938465838196e-03,-9.317247837220e-03
766.00000000,4.217995083743e+13,1.629460092089e-02,1.850754485183e-02,2.369739983220e-02,2.688782904018e-02,-6.734799382957e-03,-6.313831129127e-03
766.20000000,4.650903045413e+13,1.185627544192e-02,1.346645742245e-02,1.367009352940e-02,1.551052606549e-02,6.247787748497e-03,5.857260852412e-03
766.40000000,3.476563295555e+13,6.724551612691e-03,7.637802311609e-03,1.564552319240e-02,1.775191184773e-02,1.982666185152e-02,1.858736803677e-02
766.60000000,3.576947254287e+13,-1.671296684184e-03,-1.898272838556e-03,3.421682893014e-03,3.882351030431e-03,1.059248869056e-02,9.930390057143e-03
766.80000000,3.773599812747e+13,2.797289518395e-02,3.177184975355e-02,2.824806874417e-05,3.205116377737e-05,9.287453930054e-03,8.706928358149e-03
767.00000000,1.407644580222e+13,6.530128631732e-03,7.416975053685e-03,-6.037215690727e-03,-6.850018336204e-03,6.971069266429e-03,6.535332626101e-03
767.20000000,3.614709664051e+13,8.523632637715e-03,9.681213679850e-03,2.117745030099e-02,2.402861357077e-02,-5.295398717021e-03,-4.964402257515e-03
767.40000000,3.567580903274e+13,5.549833333537e-03,6.303547404400e-03,7.416618912638e-03,8.415133423551e-03,-1.352433073736e-02,-1.267897312965e-02
767.60000000,3.594087392937e+13,-5.911855774074e-03,-6.714735538932e-03,5.453519205769e-03,6.187737604563e-03,1.121374006044e-03,1.051280922291e-03
767.80000000,3.024640815159e+13,-2.020588404512e-02,-2.295001313941e-02,1.661107842987e-03,1.884746175352e-03,-3.557001541731e-03,-3.334666080383e-03
768.00000000,3.997664164217e+13,-1.982489195628e-02,-2.251727911870e-02,1.743990048790e-03,1.978786981344e-03,-1.076232280896e-03,-1.008960845142e-03
768.20000000,3.508625584924e+13,-3.187497089883e-02,-3.620386018810e-02,-2.194839406415e-02,-2.490335106308e-02,-1.010323220354e-02,-9.471715245586e-03
768.40000000,2.648307458828e+13,-3.844050473948e-02,-4.366104877603e-02,-3.070461139748e-02,-3.483843577129e-02,-1.510121356521e-02,-1.415729064430e-02
768.60000000,4.406826887929e+13,-3.747796009319e-02,-4.256778246655e-02,-2.597722461574e-02,-2.947459127803e-02,-1.726991453971e-02,-1.619043386714e-02
768.80000000,5.241166874721e+13,-2.504853514448e-02,-2.845033701100e-02,1.655146985230e-03,1.877982795175e-03,-4.740266126324e-03,-4.443969022220e-03
769.00000000,5.654550215352e+13,-2.043085169615e-02,-2.320553329065e-02,8.153616668509e-03,9.251354688465e-03,-4.758523971663e-03,-4.461085634861e-03
769.20000000,3.134958886731e+13,-1.437542746722e-02,-1.632773149250e-02,2.336164451933e-02,2.650687030565e-02,1.971503641760e-02,1.848271991001e-02
769.40000000,4.367790988957e+13,-2.304055079743e-02,-2.616965149159e-02,1.816416181290e-02,2.060963991584e-02,3.057567244412e-02,2.866449637093e-02
769.60000000,4.936143004113e+13,-3.621301931459e-02,-4.113105208521e-02,5.307327521474e-04,6.021863836041e-04,-7.487625783312e-03,-7.019601040169e-03
769.80000000,2.336478959576e+13,-5.739366374025e-02,-6.518820626786e-02,-2.198284854720e-02,-2.494244422336e-02,-8.222767856057e-03,-7.708792007753e-03
770.00000000,2.992739487810e+13,-5.420536747267e-02,-6.156691253630e-02,-3.228620520473e-02,-3.663296277431e-02,-4.183646734332e-03,-3.922141920269e-03
770.20000000,5.476244485312e+13,-1.815704550376e-02,-2.062292508230e-02,1.182528807738e-03,1.341735069785e-03,6.287090562587e-03,5.894106987976e-03
770.40000000,3.497012583551e+13,-1.662762129035e-02,-1.888579218997e-02,-1.486979508917e-03,-1.687174588989e-03,6.978688568754e-03,6.542475673052e-03
770.60000000,2.089285773429e+13,3.349886895561e-03,3.804829726678e-03,1.545553668442e-02,1.753634706919e-02,2.208920328828e-02,2.070848608974e-02
770.80000000,3.643964617051e+13,-1.260839344870e-02,-1.432071938393e-02,-8.647135978110e-04,-9.811317507947e-04,1.743000237425e-02,1.634051518295e-02
771.00000000,2.036965921320e+13,-1.586080704609e-03,-1.801483811826e-03,-2.620791160103e-03,-2.973633612203e-03,-1.947789061080e-02,-1.826039724055e-02
771.20000000,4.641675476473e+13,5.019530522811e-03,5.701225009258e-03,-1.694691761607e-02,-1.922851565343e-02,-4.702123397623e-02,-4.408210459251e-02
771.40000000,4.445909184060e+13,3.964234721390e-03,4.502611157248e-03,-3.829888181047e-03,-4.345513827853e-03,-3.386208912383e-02,-3.174549088252e-02
771.60000000,2.477909363756e+13,-3.501934292036e-02,-3.977526439136e-02,-6.805019416409e-02,-7.721193041393e-02,-6.821651112373e-02,-6.395254067158e-02
771.80000000,3.100488101293e+13,1.121873139434e-02,1.274232952801e-02,-2.829823234813e-02,-3.210808100903e-02,-4.054605772371e-02,-3.801166847927e-02
772.00000000,3.743476515945e+13,9.244453470503e-03,1.049992804774e-02,-3.307130387331e-02,-3.752376087579e-02,-1.724543163914e-02,-1.616748130523e-02
772.20000000,6.047150184957e+13,2.474360010577e-02,2.810398922788e-02,-1.225527658406e-02,-1.390522943300e-02,-7.925778326226e-03,-7.430366232634e-03
772.40000000,2.188703382379e+13,2.288794818096e-02,2.599632415560e-02,-8.051876775915e-03,-9.135917346899e-03,-2.740968055968e-03,-2.569639933077e-03
772.60000000,3.142120130631e+13,1.928547624453e-02,2.190460621389e-02,-1.654803088355e-02,-1.877592598762e-02,-1.223871442249e-02,-1.147371609863e-02
772.80000000,4.306247983587e+13,-2.560239641557e-02,-2.907941730368e-02,-4.010396780283e-02,-4.550324667478e-02,-1.708115937280e-02,-1.601347711150e-02
773.00000000,5.889351978669e+13,-2.977932902799e-02,-3.382361251550e-02,-4.019180478586e-02,-4.560290932974e-02,-1.639051700098e-02,-1.536600432749e-02
773.20000000,3.214746745929e+13,-9.681228479745e-03,-1.099602077888e-02,-5.387854181279e-02,-6.113231964074e-02,-2.446949630836e-02,-2.293999549515e-02
773.40000000,2.084563982764e+13,1.563677957715e-02,1.776038583377e-02,-2.628314065143e-02,-2.982169341273e-02,-3.018956368225e-02,-2.830252188864e-02
773.60000000,3.455003824783e+13,3.021912212666e-02,3.432313321801e-02,-1.909884129076e-02,-2.167015719563e-02,-4.135053256179e-03,-3.876585846867e-03
773.80000000,1.849596778998e+13,1.676405895376e-02,1.904075923624e-02,-3.513836173137e-02,-3.986911094360e-02,-2.250375037128e-02,-2.109712131527e-02
774.00000000,2.810899977685e+13,7.587471504490e-03,8.617913986546e-03,-3.479656126423e-02,-3.948129318337e-02,2.451222935022e-02,2.298005744720e-02
774.20000000,3.120400098456e+13,-4.042880832268e-02,-4.591938071823e-02,-1.861172968505e-02,-2.111746476226e-02,-2.739345374891e-03,-2.568118679998e-03
774.40000000,5.262603208577e+13,-2.703681148072e-02,-3.070863800588e-02,-1.826721327315e-02,-2.072656540409e-02,-1.415523649902e-02,-1.327044322565e-02
774.60000000,3.757765941148e+13,-2.753301128010e-02,-3.127222591375e-02,-7.581838267611e-03,-8.602596596813e-03,-1.917443413122e-02,-1.797590874161e-02
774.80000000,4.342045717998e+13,3.843901115719e-02,4.365935235269e-02,1.083158414167e-02,1.228986237721e-02,6.114559280988e-03,5.732360020537e-03
775.00000000,3.819867434185e+13,7.493078292756e-02,8.510701382300e-02,5.040656384041e-02,5.719290220197e-02,5.489379129999e-02,5.146257647745e-02
775.20000000,1.477049406643e+13,4.049252754122e-02,4.599175354287e-02,3.423645905657e-02,3.884578327464e-02,1.932097883722e-02,1.811329346147e-02
775.40000000,3.041107571701e+13,1.558829228662e-03,1.770531356114e-03,-1.794986097149e-02,-2.036648731565e-02,-1.073518523817e-02,-1.006416715325e-02
775.60000000,2.885230963171e+13,-8.362439457614e-05,-9.498129109336e-05,-1.526785278583e-02,-1.732339490505e-02,-1.438467991593e-02,-1.348554495410e-02
775.80000000,3.604035525799e+13,-1.061217928728e-02,-1.205340254042e-02,-2.915835399219e-03,-3.308400258199e-03,-1.837685192952e-02,-1.722818055451e-02
776.00000000,3.456080243508e+13,4.363575565856e-04,4.956185849017e-04,6.240779527953e-03,7.080988387471e-03,1.099051327327e-03,1.030353554488e-03
776.20000000,2.316780286204e+13,1.876786366732e-02,2.131669749277e-02,-6.114602195246e-03,-6.937823543454e-03,-1.459186700177e-02,-1.367978151524e-02
776.40000000,3.743813243192e+13,4.980414003631e-02,5.656796137591e-02,3.784096558388e-02,4.293557185764e-02,-6.704178766346e-03,-6.285124497888e-03
776.60000000,3.089068792727e+13,-2.175971370335e-04,-2.471486594131e-04,-1.981852950919e-02,-2.248673850482e-02,-1.358351910736e-02,-1.273446184606e-02
776.80000000,6.076246682417e+12,1.265106010598e-02,1.436918053233e-02,7.441226833241e-03,8.443054358628e-03,-1.871153339972e-03,-1.754194228143e-03
777.00000000,2.825985136178e+13,9.111582030973e-03,1.034901154855e-02,-1.195877273163e-03,-1.356880666297e-03,1.393141374698e-02,1.306061083438e-02
777.20000000,3.821288438607e+13,9.234434659405e-03,1.048854859778e-02,2.261045439209e-02,2.565454592150e-02,2.639670048881e-02,2.474673702594e-02
777.40000000,2.095325804341e+13,1.462116645659e-02,1.660684390463e-02,1.922795777586e-02,2.181665689612e-02,2.255493815963e-02,2.114510953781e-02
777.60000000,3.826303833106e+13,-2.027655778690e-02,-2.303028497008e-02,-1.138067948113e-02,-1.291288354067e-02,5.545341482928e-03,5.198721993881e-03
777.80000000,4.285289203095e+13,-4.041455688783e-02,-4.590319381859e-02,-2.976415842835e-02,-3.377136770335e-02,-2.837892501570e-02,-2.660505977784e-02
778.00000000,4.098688855885e+13,-7.510642090478e-02,-8.530650491559e-02,-1.797618282595e-02,-2.039635293499e-02,-5.621391247051e-02,-5.270018158885e-02
778.20000000,2.343911642387e+13,-3.507667648736e-02,-3.984038433925e-02,-1.650893164033e-02,-1.873156273364e-02,-3.562548431556e-02,-3.339866253938e-02
778.40000000,2.799357477202e+13,8.220664415557e-03,9.337099823520e-03,2.476423165682e-02,2.809829060635e-02,1.739576839126e-02,1.630842104396e-02
778.60000000,2.981617280550e+13,-2.708038054640e-03,-3.075812411733e-03,7.444294804288e-03,8.446535376865e-03,1.663664616389e-02,1.559674883555e-02
778.80000000,2.504187494173e+13,-5.479312301707e-03,-6.223449022983e-03,7.280767550502e-03,8.260992115818e-03,2.496088135693e-02,2.340066581948e-02
779.00000000,3.123362341241e+13,-1.936071960871e-02,-2.199006826012e-02,-4.933092168422e-03,-5.597244415134e-03,7.500805724304e-03,7.031957150126e-03
779.20000000,2.877127747307e+13,-3.268554067689e-02,-3.712451216331e-02,-2.257041272592e-02,-2.560911336425e-02,-3.123660159537e-03,-2.928411320166e-03
779.40000000,3.260026254696e+13,-3.637670736089e-02,-4.131697034570e-02,-1.713271247426e-02,-1.943932445181e-02,4.686546516510e-03,4.393607233339e-03
779.60000000,6.383573011972e+13,-8.848120051841e-03,-1.004976921551e-02,-2.087332320015e-02,-2.368354121888e-02,-1.549133927824e-02,-1.452303099248e-02
779.80000000,2.739593529625e+13,7.496134512714e-03,8.514172662648e-03,-2.961798778058e-02,-3.360551780353e-02,1.225664199455e-02,1.149052308219e-02
780.00000000,2.386823667378e+13,-4.927227607829e-03,-5.596386581652e-03,-3.279277233374e-02,-3.720773006771e-02,-2.957957995115e-04,-2.773066606178e-04
780.20000000,3.893929532082e+13,-4.511160189846e-02,-5.123813706926e-02,-5.246438456182e-02,-5.952777151862e-02,-6.988212449714e-03,-6.551404250230e-03
780.40000000,3.976169164952e+13,-6.050613786206e-02,-6.872338056818e-02,-5.241501149454e-02,-5.947175125472e-02,1.456125017530e-03,1.365107843725e-03
780.60000000,2.031215960907e+13,-4.422951499130e-02,-5.023625533699e-02,-4.958964734137e-02,-5.626600257070e-02,-4.805887005504e-03,-4.505488174630e-03
780.80000000,2.367436194573e+13,-3.044565371881e-02,-3.458042970673e-02,-3.045824585219e-02,-3.455890153082e-02,1.494680367554e-02,1.401253236531e-02
781.00000000,3.847263636914e+13,8.312760791193e-03,9.441703661996e-03,5.725549554226e-03,6.496391952923e-03,6.880131346312e-02,6.450078910554e-02
781.20000000,3.055711680297e+13,3.147913779788e-02,3.575426962094e-02,1.194732640870e-02,1.355581929827e-02,5.833633857044e-02,5.468994241423e-02
781.40000000,3.376246207410e+13,-5.361698931969e-03,-6.089862767869e-03,-2.931513530293e-02,-3.326189167994e-02,2.246556119640e-02,2.106131920932e-02
781.60000000,4.075005003144e+13,-8.054070210054e-03,-9.147880722948e-03,-5.901779716374e-02,-6.696348340759e-02,-3.035179865324e-02,-2.845461613108e-02
781.80000000,3.473606560390e+13,-3.378119677043e-02,-3.836896757475e-02,-6.020606666196e-02,-6.831173204872e-02,-2.990963143236e-02,-2.804008720382e-02
782.00000000,2.217404375586e+13,-6.956991773226e-02,-7.901809802026e-02,-6.610433856708e-02,-7.500410031444e-02,-3.546348685917e-02,-3.324679096536e-02
782.20000000,2.569034168183e+13,-2.546866094287e-02,-2.892751942835e-02,-6.324139982705e-03,-7.175571830040e-03,8.331431648004e-03,7.810663614195e-03
782.40000000,4.373213822382e+13,-2.395317596993e-02,-2.720621884264e-02,-1.233874578970e-02,-1.399993626781e-02,3.754655168979e-03,3.519965085379e-03
782.60000000,5.100930981268e+13,-4.147828087704e-02,-4.711138047723e-02,-1.820758699463e-02,-2.065891151824e-02,-7.867187634109e-03,-7.375437835405e-03
782.80000000,2.449614330437e+13,-4.149388636909e-02,-4.712910532642e-02,-4.120652083135e-02,-4.675423866328e-02,-2.465709880709e-02,-2.311587163177e-02
783.00000000,1.622299799112e+13,2.474507647630e-02,2.810566610195e-02,-1.415897353331e-02,-1.606522498012e-02,1.830455022169e-02,1.716039816818e-02
783.20000000,5.588789971663e+13,1.094236350241e-02,1.242842855060e-02,-2.488555172067e-02,-2.823594423750e-02,1.767135523655e-02,1.656678193989e-02
783.40000000,4.137347696134e+13,-1.358227073259e-03,-1.542685739856e-03,-7.845428289080e-03,-8.901674279772e-03,1.030833086181e-02,9.663993919302e-03
783.60000000,4.702602768373e+13,-2.532118032569e-02,-2.876000970224e-02,-3.037656520212e-03,-3.446622404845e-03,9.460501635998e-04,8.869159470095e-04
783.80000000,2.392295673875e+13,-1.606654450933e-02,-1.824851646039e-02,-3.671610086571e-03,-4.165926431126e-03,5.064127822951e-03,4.747587280973e-03
784.00000000,5.284814854718e+13,-2.958722141802e-02,-3.360541507543e-02,-1.605272668464e-02,-1.821393797555e-02,-4.836034492935e-04,-4.533751250300e-04
784.20000000,3.574640407067e+13,-7.840298094768e-03,-8.905076555425e-03,-1.624024099923e-02,-1.842669772424e-02,-4.094410837578e-03,-3.838483840685e-03
784.40000000,2.396879981473e+13,-1.630259154603e-02,-1.851662067110e-02,-2.708026011459e-03,-3.072613069284e-03,-1.062564798123e-02,-9.961476678991e-03
784.60000000,5.574675075201e+13,-2.744295650868e-03,-3.116994094651e-03,3.042388755047e-03,3.451991750096e-03,2.254817757581e-03,2.113877153394e-03
784.80000000,2.982576434093e+13,-5.071378015009e-03,-5.760113827214e-03,-9.273999245441e-03,-1.052257665380e-02,9.032007441416e-03,8.467448917102e-03
785.00000000,2.566332270372e+13,1.293194745367e-03,1.468821474563e-03,2.330102679119e-03,2.643809148930e-03,2.519066989829e-02,2.361609109989e-02
785.20000000,3.244335957773e+13,-3.480143363632e-03,-3.952776119274e-03,-1.876502962442e-03,-2.129140378471e-03,1.424215665719e-02,1.335193031520e-02
785.40000000,3.823175208230e+13,2.480745730367e-02,2.817651877064e-02,-4.460297739160e-03,-5.060796708839e-03,2.370876737138e-02,2.222681700682e-02
785.60000000,3.082772174518e+13,3.356958764988e-03,3.812862015485e-03,-5.983499459079e-03,-6.789070178877e-03,-5.665437690065e-03,-5.311311416073e-03
785.80000000,5.048240293956e+13,6.236742815157e-03,7.083744974255e-03,-2.503019434311e-03,-2.840006039082e-03,2.241508830167e-03,2.101400119496e-03
786.00000000,2.463532254827e+13,-2.514437067310e-02,-2.855918781090e-02,-8.482646300147e-03,-9.624682249601e-03,-5.180986896923e-02,-4.857141911632e-02
786.20000000,3.913782517188e+13,1.438812203231e-02,1.634215008636e-02,-1.365984940083e-02,-1.549890274903e-02,1.589299516253e-02,1.489958080209e-02
786.40000000,3.501405278942e+13,-3.681390923575e-03,-4.181354791441e-03,1.180636750103e-02,1.339588280575e-02,2.804552242962e-03,2.629249699655e-03
786.60000000,3.623658148081e+13,9.704694096371e-03,1.102267322372e-02,1.294717775446e-02,1.469028266728e-02,4.056237584393e-02,3.802696661208e-02
786.80000000,1.640657860714e+13,5.308707651311e-03,6.029674825355e-03,-1.288352494714e-02,-1.461806015287e-02,1.256365382934e-02,1.177834470378e-02
787.00000000,3.946943811015e+13,2.693988882639e-02,3.059855243945e-02,-9.809597859065e-05,-1.113028399968e-04,2.024644244222e-02,1.898090964212e-02
787.20000000,2.847408512067e+13,1.394152391013e-02,1.583490018088e-02,-2.941244253809e-03,-3.337229958637e-03,-4.139956768471e-03,-3.881182858120e-03
787.40000000,3.107415623508e+13,-1.084488606251e-02,-1.231771285405e-02,-1.041626476084e-02,-1.181862770219e-02,-7.179172931659e-03,-6.730428474529e-03
787.60000000,2.881887247441e+13,-4.152691549864e-03,-4.716662008971e-03,-2.384613724516e-02,-2.705659127401e-02,-6.598133117974e-02,-6.185707384218e-02
787.80000000,4.300636030924e+13,2.779066571419e-02,3.156487198826e-02,2.921061298898e-02,3.314329731397e-02,2.130089998462e-02,1.996945680990e-02
788.00000000,1.316141427877e+13,-2.116544238812e-02,-2.403988758047e-02,1.482057039014e-02,1.681589396937e-02,5.655133701263e-02,5.301651492807e-02
788.20000000,3.206921783104e+13,3.149830261722e-03,3.577603718404e-03,-1.238079631901e-02,-1.404764814554e-02,3.209623686487e-02,3.009001574094e-02
788.40000000,3.723671452867e+13,-1.330843574568e-03,-1.511583331600e-03,-3.898521170430e-02,-4.423387016394e-02,1.045393666844e-02,9.800498427047e-03
788.60000000,3.572580551190e+13,-2.653185170605e-03,-3.013510044435e-03,-2.829434016360e-02,-3.210366481178e-02,-3.055983553847e-02,-2.864964937368e-02
788.80000000,4.373687962725e+13,-1.534050820044e-02,-1.742387831086e-02,-2.400411819523e-02,-2.723584152117e-02,-3.823480324141e-02,-3.584488225924e-02
789.00000000,3.401311684920e+13,1.405289707985e-02,1.596139876430e-02,-3.940018851655e-03,-4.470471614967e-03,-2.217608183598e-02,-2.078993416974e-02
789.20000000,4.862803885517e+13,-5.181485079132e-02,-5.885174357242e-02,7.252280209406e-02,8.228669465965e-02,-4.743546379452e-03,-4.447044238442e-03
789.40000000,3.290257003946e+13,-2.887826256714e-02,-3.280017364642e-02,2.446357239598e-02,2.775715297682e-02,1.906601964258e-02,1.787427085542e-02
789.60000000,5.297162835189e+13,1.542786874511e-02,1.752310315266e-02,3.981538262467e-03,4.517580868627e-03,2.876699026490e-02,2.696886845441e-02
789.80000000,3.796387834049e+13,7.890638089291e-05,8.962253144883e-05,-1.382629560253e-02,-1.568775794189e-02,2.000681656121e-02,1.875626191903e-02
790.00000000,1.792165943371e+13,-5.986032387682e-03,-6.798985960895e-03,-2.413071825410e-02,-2.737948600383e-02,4.877846298645e-03,4.572949549384e-03
790.20000000,4.591213872381e+13,-1.671524968080e-02,-1.898532125327e-02,-4.392435340490e-03,-4.983797857208e-03,-1.154374996691e-02,-1.082219138886e-02
790.40000000,4.399051759043e+13,3.237550084114e-04,3.677236630880e-04,7.476939936002e-05,8.483575589203e-05,-2.878037051607e-03,-2.698141235387e-03
790.60000000,3.379949764365e+13,1.618840331742e-02,1.838692472011e-02,-2.296310913913e-02,-2.605467929545e-02,-2.051967770805e-02,-1.923706594744e-02
790.80000000,5.046198547188e+13,2.728908563483e-02,3.099517311311e-02,-1.280880193576e-02,-1.453327703027e-02,-1.738102159306e-02,-1.629459601544e-02
791.00000000,2.202742335300e+13,2.402664497884e-02,2.728966556123e-02,-4.097655237544e-03,-4.649330908574e-03,8.079348683828e-03,7.574337455711e-03
791.20000000,2.272618248266e+13,1.297477552553e-02,1.473685923006e-02,1.387408100260e-03,1.574197678772e-03,1.606014594198e-02,1.505628358335e-02
791.40000000,5.167460292823e+13,9.106264229336e-03,1.034297154470e-02,1.365004963293e-02,1.548778361842e-02,4.101057120624e-02,3.844714688317e-02
791.60000000,4.272084369886e+13,-8.049637751463e-03,-9.142846299179e-03,-4.239499013043e-04,-4.810271400481e-04,2.707393576972e-02,2.538164074841e-02
791.80000000,5.543850414737e+13,-1.384626277440e-02,-1.572670178125e-02,-5.297912987283e-03,-6.011181803931e-03,-3.966328551371e-04,-3.718407520697e-04
792.00000000,3.086412535935e+13,-3.388403158378e-03,-3.848576822115e-03,-1.710330591991e-02,-1.940595883316e-02,1.806157821539e-02,1.693261347414e-02
792.20000000,5.928716493562e+13,4.278484474882e-02,4.859538671807e-02,1.059590222501e-02,1.202245012406e-02,1.364635366904e-02,1.279336884372e-02
792.40000000,3.088054477760e+13,5.470394404995e-02,6.213320000850e-02,2.510119085052e-02,2.848061530264e-02,1.798082042276e-02,1.685690356268e-02
792.60000000,3.138913814296e+13,3.796599481369e-02,4.312209640911e-02,2.577533743381e-02,2.924552361359e-02,-5.967613685601e-03,-5.594599469451e-03
792.80000000,4.819810940660e+13,-5.989482402570e-03,-6.802904516838e-03,2.633734055311e-02,2.988319035757e-02,-3.053225597559e-02,-2.862379371077e-02
793.00000000,3.476427302294e+13,-1.024168350308e-02,-1.163259031085e-02,2.931164475284e-02,3.325793118999e-02,-1.466480029145e-02,-1.374815600550e-02
793.20000000,5.187217468160e+13,-1.844615794381e-02,-2.095130142471e-02,-2.320103936072e-02,-2.632464254740e-02,-3.983964076607e-02,-3.734940712245e-02
793.40000000,3.005387876643e+13,-4.087566640491e-03,-4.642692588852e-03,-1.477232702161e-02,-1.676115549786e-02,-1.853766395807e-02,-1.737894079754e-02
793.60000000,3.317499658946e+13,1.159817702738e-02,1.317330707121e-02,-2.906957546728e-02,-3.298327162344e-02,-8.447153285595e-03,-7.919151905559e-03
793.80000000,5.115571111855e+13,3.258121644769e-02,3.700601982585e-02,-2.906435503416e-03,-3.297734835278e-03,-2.748293651713e-04,-2.576507631996e-04
794.00000000,2.021770184967e+13,4.783836370772e-03,5.433521607907e-03,-1.676150504512e-02,-1.901814061038e-02,-3.707798381295e-02,-3.476037148128e-02
794.20000000,2.074457630786e+13,1.286241738054e-02,1.460924190343e-02,-1.244246797924e-02,-1.411762278700e-02,-3.583671183603e-02,-3.359668698202e-02
794.40000000,3.126815827538e+13,-4.501283132443e-03,-5.112595262009e-03,-1.355968907550e-02,-1.538525763509e-02,-4.524301445516e-02,-4.241503522220e-02
794.60000000,4.736294822732e+13,1.601781580015e-02,1.819316998243e-02,2.658405252718e-04,3.016311766727e-04,-6.833382622981e-03,-6.406252282940e-03
794.80000000,3.455031483196e+13,2.118487864442e-02,2.406196344395e-02,-1.117240384405e-02,-1.267656733033e-02,-1.882092440808e-02,-1.764449564859e-02
795.00000000,3.307375225417e+13,3.033203971246e-02,3.445138596221e-02,5.439552777377e-03,6.171890847469e-03,-1.714703661030e-03,-1.607523659819e-03
795.20000000,4.594892471664e+13,2.321848912752e-02,2.637175534434e-02,1.661156050431e-02,1.884800873063e-02,-4.752373491298e-04,-4.455319599052e-04
795.40000000,4.048583878984e+13,2.561628718445e-03,2.909519455587e-03,-1.635438045789e-02,-1.855620401071e-02,4.934782901610e-03,4.626327248666e-03
795.60000000,4.093322011552e+13,-1.947109317508e-02,-2.211543148565e-02,-6.198684012136e-02,-7.033225466616e-02,-3.812863648870e-02,-3.574535161103e-02
795.80000000,3.313492934987e+13,-1.180546768245e-02,-1.340874954167e-02,-4.748507936788e-02,-5.387809232421e-02,-1.091463157425e-02,-1.023239693982e-02
796.00000000,4.444069866069e+13,-5.617248130783e-04,-6.380117698431e-04,-3.137309161947e-02,-3.559691484718e-02,-1.626322745596e-02,-1.524667119727e-02
796.20000000,5.232205059641e+13,1.198459039715e-02,1.361219862842e-02,-9.751189930490e-03,-1.106401249276e-02,-1.754470772588e-02,-1.644805071275e-02
796.40000000,1.970300065440e+13,2.639307393579e-02,2.997747548502e-02,1.223255046326e-02,1.387944364827e-02,-1.568996837065e-03,-1.470924448979e-03
796.60000000,3.381024979324e+13,2.263810656548e-02,2.571255194620e-02,2.542931725285e-02,2.885291803087e-02,1.047370097390e-02,9.819027336367e-03
796.80000000,1.587222334640e+13,3.128865620846e-02,3.553791902870e-02,2.497288792324e-02,2.833503869092e-02,2.143823168159e-02,2.009820439302e-02
797.00000000,2.069661221413e+13,2.424309511187e-02,2.753551144385e-02,3.041329045487e-03,3.450789369679e-03,1.786533600681e-02,1.674863766507e-02
797.20000000,3.183104412320e+13,-2.538052783583e-02,-2.882741710370e-02,-3.055326265255e-02,-3.466671063655e-02,1.702018463581e-02,1.595631368753e-02
797.40000000,6.270788059695e+13,-2.673043268476e-02,-3.036065039112e-02,-4.161398736179e-02,-4.721656324267e-02,-2.493248903670e-02,-2.337404820178e-02
797.60000000,5.205318642866e+13,-8.809377821469e-04,-1.000576546422e-03,-2.935606141915e-02,-3.330832776255e-02,-1.427747815132e-02,-1.338504398889e-02
797.80000000,4.439570733064e+13,2.064619176667e-02,2.345011835492e-02,1.072416524370e-02,1.216798145421e-02,-1.371020956799e-03,-1.285323333851e-03
798.00000000,3.198859912519e+13,1.267216078257e-02,1.439314685837e-02,9.139866864477e-03,1.037038575718e-02,1.539764755821e-02,1.443519560722e-02
798.20000000,2.632607417902e+13,5.980970288918e-03,6.793236386520e-03,3.489072747084e-03,3.958813717819e-03,1.555952033418e-02,1.458695029414e-02
798.40000000,3.057953530919e+13,6.529037079639e-03,7.415735259633e-03,1.513991720705e-02,1.717823509871e-02,1.606903277473e-02,1.506461493193e-02
798.60000000,5.185766636515e+13,1.540700997487e-02,1.749941158589e-02,1.668596867780e-02,1.893243462808e-02,3.359837348852e-02,3.149825916963e-02
798.80000000,2.259915784949e+13,2.468713461904e-02,2.803985525287e-02,-9.687405269578e-03,-1.099164037303e-02,4.133365718992e-02,3.875003791602e-02
799.00000000,3.791790240572e+13,-1.420503365743e-02,-1.613419676941e-02,-2.233508334297e-02,-2.534210110714e-02,3.791680205279e-03,3.554675818908e-03
799.20000000,3.503499892377e+13,-5.539909675571e-03,-6.292276030170e-03,-8.071701877124e-03,-9.158411541864e-03,-2.299986958962e-03,-2.156222989333e-03
799.40000000,3.485472877215e+13,1.477793473191e-03,1.678490263100e-03,-2.401426819900e-03,-2.724735804061e-03,6.793075789621e-03,6.368464885764e-03
799.60000000,3.759009117784e+13,9.208705701864e-03,1.045932543129e-02,2.054115935835e-02,2.330665748247e-02,3.764377364372e-02,3.529079581064e-02
799.80000000,3.385668595876e+13,1.441390318670e-02,1.637143253847e-02,1.733512526967e-02,1.966898849416e-02,9.783900233746e-03,9.172343576622e-03
800.00000000,2.943856007364e+13,-4.389327983114e-03,-4.985435661251e-03,3.752849497572e-03,4.258103269505e-03,-1.647536871495e-02,-1.544555226390e-02
800.20000000,4.221463651777e+13,-7.065794671618e-03,-8.025389049641e-03,-1.175544104830e-02,-1.333810002097e-02,-1.190012904102e-02,-1.115629447997e-02
800.40000000,2.012986034542e+13,8.235150972443e-03,9.353553776741e-03,1.977370302899e-02,2.243587694429e-02,-3.175013567763e-03,-2.976554810270e-03
800.60000000,2.194820753314e+13,-3.346472835560e-02,-3.800952008598e-02,1.218179660154e-02,1.382185669077e-02,-6.796959808417e-05,-6.372106128387e-05
800.80000000,4.390572757486e+13,-3.311240287361e-03,-3.760934583856e-03,9.507586848786e-03,1.078761263198e-02,-7.022270724229e-06,-6.583333663340e-06
801.00000000,3.000556566819e+13,2.631367282264e-03,2.988729103253e-03,4.569785582535e-03,5.185025123581e-03,5.836466971671e-03,5.471650268175e-03
801.20000000,2.251051958554e+13,1.944846697418e-03,2.208973245626e-03,6.075220540939e-03,6.893139856813e-03,9.700024664131e-03,9.093710769274e-03
801.40000000,4.354931252067e+13,-6.132223210384e-03,-6.965030727576e-03,-6.675652064282e-03,-7.574408699145e-03,-9.920824907469e-03,-9.300709578062e-03
801.60000000,3.980278877634e+13,-9.489475938331e-03,-1.077822662866e-02,-1.184012907437e-02,-1.343418976848e-02,-4.484429233591e-04,-4.204123579842e-04
801.80000000,5.833552437608e+13,7.154481557001e-02,8.126120360396e-02,1.750399543771e-02,1.986059399688e-02,1.767213804357e-02,1.656751581645e-02
802.00000000,6.094402464888e+13,8.532741115593e-02,9.691559165675e-02,5.178052632251e-02,5.875184405162e-02,1.276835176893e-01,1.197024770631e-01
802.20000000,1.714873631795e+13,6.217823223339e-03,7.062255942652e-03,1.259823050248e-02,1.429435593601e-02,3.662870530933e-02,3.433917577217e-02
802.40000000,5.843157704857e+13,-2.624280723979e-02,-2.980680130715e-02,-5.821477213852e-04,-6.605234548753e-04,3.166312376363e-04,2.968397499268e-04
802.60000000,3.700141675180e+13,4.218858502157e-04,4.791814990214e-04,-2.125436845699e-03,-2.411588737478e-03,4.518176397642e-03,4.235761329211e-03
802.80000000,4.315748115838e+13,2.179988321847e-02,2.476049081467e-02,2.542780668192e-02,2.885120408869e-02,4.621437741030e-02,4.332568174856e-02
803.00000000,5.150468979507e+13,2.059014845047e-02,2.338646388476e-02,2.865825112873e-02,3.251656985139e-02,4.472720710818e-02,4.193146915010e-02
803.20000000,3.365095100847e+13,3.281244908862e-02,3.726865580534e-02,4.062057263701e-02,4.608940307004e-02,4.466215087430e-02,4.187047934902e-02
803.40000000,3.347327097228e+13,8.258126779789e-03,9.379649892076e-03,8.944594664033e-03,1.014882366265e-02,1.049268369077e-03,9.836823511411e-04
803.60000000,4.184640254025e+13,-1.479841785713e-02,-1.680816753701e-02,-6.535425954291e-03,-7.415303662344e-03,-2.009236811669e-02,-1.883646595236e-02
803.80000000,4.957244419674e+13,-2.806500596821e-02,-3.187646995745e-02,-2.160299549623e-02,-2.451145078242e-02,-1.825215538671e-02,-1.711127834719e-02
804.00000000,4.433649142040e+13,-7.116044556492e-03,-8.082463291754e-03,1.580793147763e-02,1.793618549120e-02,-2.136826864125e-03,-2.003261449243e-03
804.20000000,3.404927933372e+13,4.611741782692e-03,5.238055126518e-03,2.478495731958e-02,2.812180660730e-02,2.223820928099e-02,2.084817825007e-02
804.40000000,3.258849644836e+13,9.178652331940e-03,1.042519056082e-02,3.867887391792e-02,4.388628949741e-02,1.661019094663e-02,1.557194723944e-02
804.60000000,4.322345451157e+13,8.578765145268e-03,9.743833645892e-03,1.949996726631e-02,2.212528757831e-02,1.300665037189e-02,1.219365111477e-02
804.80000000,6.422195337720e+13,1.716986935192e-02,1.950168210154e-02,1.901290099807e-02,2.157264658629e-02,1.029236725967e-02,9.649028144912e-03
805.00000000,5.897487289829e+13,2.162898644001e-02,2.456638481553e-02,6.224831668596e-03,7.062893435325e-03,-1.502941439054e-03,-1.408997937958e-03
805.20000000,5.382021700454e+13,-1.931729214422e-02,-2.194074298050e-02,-1.156003471312e-02,-1.311638573286e-02,9.649406838908e-03,9.046256883506e-03
805.40000000,5.315874248940e+13,-1.108024978254e-02,-1.258504094795e-02,8.723926226349e-03,9.898446183724e-03,-1.103893065421e-03,-1.034892652827e-03
805.60000000,3.906395779843e+13,1.251677062180e-03,1.421665340610e-03,2.251900925148e-02,2.555078933535e-02,1.405160684591e-02,1.317329109201e-02
805.80000000,3.348905260228e+13,8.014502320937e-03,9.102939181509e-03,1.526783716321e-02,1.732337717913e-02,8.149212478277e-03,7.639834313910e-03
806.00000000,2.027329047254e+13,8.018845146167e-03,9.107871798953e-03,1.095233080662e-02,1.242686541161e-02,-9.394516708464e-03,-8.807299024691e-03
806.20000000,4.385056932396e+13,1.145327274176e-02,1.300872356417e-02,7.620866216242e-03,8.646878957664e-03,-2.016179332354e-02,-1.890155163750e-02
806.40000000,1.659281766834e+13,2.263521085148e-02,2.570926296988e-02,2.106675707543e-03,2.390301749079e-03,-1.867002457717e-02,-1.750302802712e-02
806.60000000,6.006704219018e+13,2.652102094499e-02,3.012279877481e-02,2.498436402551e-02,2.834805984422e-02,-1.414431179977e-02,-1.326020139033e-02
806.80000000,3.157086832743e+13,4.011060487462e-02,4.555796256411e-02,2.542987461229e-02,2.885355042874e-02,1.602677842971e-02,1.502500175509e-02
807.00000000,4.136364474683e+13,4.630657713167e-02,5.259539999536e-02,1.947962208665e-04,2.210220328572e-04,7.742126774996e-03,7.258194083899e-03
807.20000000,3.455275576864e+13,2.669167237283e-02,3.031662610265e-02,2.805036044489e-02,3.182683760658e-02,2.465966456130e-02,2.311827700985e-02
807.40000000,3.550193622503e+13,2.066786976002e-02,2.347474040220e-02,1.767003094090e-02,2.004898319806e-02,1.585852781594e-02,1.486726788623e-02
807.60000000,3.748264829027e+13,2.283157402469e-02,2.593229391449e-02,-3.498430531712e-03,-3.969431360051e-03,-1.775172886410e-02,-1.664213169907e-02
807.80000000,5.248645550399e+13,2.748619498935e-02,3.121905157673e-02,6.276769407811e-03,7.121823658161e-03,-1.358899029695e-02,-1.273959105113e-02
808.00000000,3.040846910239e+13,-1.278548789980e-03,-1.452186475182e-03,-7.538099378066e-03,-8.552969051479e-03,-3.674098003496e-02,-3.444443260573e-02
808.20000000,2.900263625961e+13,-4.580182178083e-02,-5.202209462015e-02,-4.028851287934e-02,-4.571263743083e-02,-5.133918629029e-02,-4.813015713044e-02
808.40000000,1.838565454346e+13,-2.204083071732e-02,-2.503416101154e-02,-5.055134278442e-02,-5.735717303010e-02,-7.429941198809e-02,-6.965522113003e-02
808.60000000,4.426392411979e+13,-4.020769053588e-03,-4.566823327517e-03,-2.557945681469e-02,-2.902327118773e-02,9.477624762328e-03,8.885212290956e-03
808.80000000,5.703505474456e+13,2.428542968441e-02,2.758359540760e-02,-2.004999480887e-02,-2.274936644926e-02,7.409601072296e-03,6.946453375147e-03
809.00000000,4.843996333324e+13,3.421291931630e-02,3.885932167548e-02,-1.039234697549e-02,-1.179148981668e-02,2.078149204616e-02,1.948251520644e-02
809.20000000,7.981706820486e+13,1.047761423542e-02,1.190056242209e-02,-2.111650442898e-02,-2.395946243187e-02,-1.334405873401e-02,-1.250996928534e-02
809.40000000,5.259243069599e+13,-2.403772141566e-03,-2.730224627138e-03,1.524468230947e-02,1.729710494026e-02,-2.930034002855e-04,-2.746888042934e-04
809.60000000,4.269078799637e+13,-2.124140589629e-02,-2.412616757232e-02,-8.440267735637e-03,-9.576598172630e-03,-2.898564506708e-03,-2.717385592591e-03
809.80000000,5.499631234617e+13,-5.143637874854e-03,-5.842187184123e-03,4.226852506932e-03,4.795922269499e-03,2.565048198157e-02,2.404716197221e-02
810.00000000,4.935805375943e+13,-4.344340554948e-02,-4.934338561753e-02,-4.089526884891e-02,-4.640108219247e-02,4.702835521820e-03,4.408878071109e-03
810.20000000,4.123581415278e+13,-7.526908522642e-04,-8.549126042095e-04,-3.821093704622e-03,-4.335535333153e-03,1.870309902325e-02,1.753403510771e-02
810.40000000,3.096313567467e+13,-1.801903327237e-02,-2.046616962846e-02,-1.427754186139e-02,-1.619975640372e-02,1.211839289830e-02,1.136091544314e-02
810.60000000,5.471819879227e+13,-3.533245582695e-02,-4.013090066564e-02,-1.936578364993e-02,-2.197303854834e-02,-2.157929175668e-02,-2.023044730666e-02
810.80000000,2.805717961332e+13,-4.457206878807e-02,-5.062533082209e-02,-3.874265326580e-02,-4.395865558880e-02,-3.963895691408e-02,-3.716126730123e-02
811.00000000,2.222304308389e+13,-1.981947516038e-02,-2.251112667633e-02,-8.192541619292e-03,-9.295520184655e-03,-5.301995646117e-03,-4.970586836137e-03
811.20000000,2.695837621008e+13,-2.614103022992e-03,-2.969120212284e-03,-3.134678184839e-03,-3.556706293802e-03,1.808718429286e-02,1.695661900717e-02
811.40000000,5.537360366642e+13,2.687881911828e-03,3.052918895105e-03,-6.499433073864e-03,-7.374464987112e-03,1.728069442171e-02,1.620053993721e-02
811.60000000,5.090478541096e+13,-1.865880842237e-02,-2.119283162781e-02,-2.349345074064e-02,-2.665642186700e-02,1.268720312918e-02,1.189417137819e-02
811.80000000,2.169748304071e+13,7.441525541182e-03,8.452147333225e-03,-2.078645156383e-02,-2.358497387720e-02,-6.728844305101e-03,-6.308248281918e-03
812.00000000,3.512568762336e+13,-3.456248250321e-03,-3.925635848489e-03,-1.126480776891e-02,-1.278141178381e-02,2.103857688087e-03,1.972353058639e-03
812.20000000,3.294624291192e+13,-2.270741932382e-02,-2.579127796043e-02,-2.322318505677e-02,-2.634976976362e-02,-1.918360430801e-02,-1.798450572341e-02
812.40000000,4.000170199160e+13,-6.701165741670e-05,-7.611240442454e-05,-8.651028162732e-03,-9.815733705317e-03,4.811765884829e-03,4.510999586207e-03
812.60000000,2.866383572286e+13,2.377667992476e-02,2.700575314925e-02,-6.887543031967e-04,-7.814826979400e-04,1.010155351302e-02,9.470141484016e-03
812.80000000,2.779469948010e+13,3.424170209382e-02,3.889201339641e-02,1.982559643489e-02,2.249475686512e-02,2.924154850087e-02,2.741376375010e-02
813.00000000,3.732721496391e+13,1.412144805179e-02,1.603925953511e-02,-1.471454065696e-02,-1.669558923724e-02,5.643495914453e-03,5.290741142483e-03
813.20000000,4.099289692922e+13,2.121658125747e-02,2.409797153864e-02,-3.298011880502e-02,-3.742029937602e-02,-1.661010942400e-02,-1.557187081249e-02
813.40000000,5.144906813319e+13,2.961394807795e-03,3.363577144070e-03,-1.243223137624e-02,-1.410600800928e-02,-5.716720434544e-03,-5.359388659368e-03
813.60000000,4.706995141344e+13,-1.752837138670e-02,-1.990887172959e-02,-7.415029092058e-03,-8.413329562186e-03,-6.093027632960e-02,-5.712174238919e-02
813.80000000,6.909413367636e+13,-1.252808852827e-02,-1.422950837952e-02,-2.703384832757e-02,-3.067347039240e-02,-3.467540902669e-02,-3.250797306331e-02
814.00000000,3.326977379234e+13,-8.644384103644e-03,-9.818364211026e-03,-3.473065682928e-02,-3.940651590011e-02,-1.291659977174e-02,-1.210922925598e-02
814.20000000,3.438054663682e+13,-3.025524458690e-03,-3.436416141233e-03,-2.542222140063e-02,-2.884486684961e-02,-2.331745865811e-02,-2.185996760353e-02
814.40000000,2.903564011989e+13,-3.515177876099e-03,-3.992568613365e-03,1.009503107553e-02,1.145414567152e-02,-7.547717758030e-03,-7.075936880185e-03
814.60000000,3.988216669018e+13,1.995077590851e-02,2.266025917101e-02,8.183783295523e-03,9.285582709919e-03,-2.174589429812e-02,-2.038663611831e-02
814.80000000,3.712170306950e+13,-1.488018861385e-02,-1.690104345062e-02,3.889873304560e-02,4.413574870727e-02,5.054991511540e-02,4.739022047754e-02
815.00000000,4.856756847886e+13,-4.893591174023e-02,-5.558182037072e-02,-2.833416043604e-02,-3.214884616861e-02,-3.537896674117e-02,-3.316755389805e-02
815.20000000,4.260699981272e+13,-2.309287582498e-02,-2.622908269822e-02,-1.748238537852e-02,-1.983607453141e-02,-2.057820037630e-02,-1.929193057274e-02
815.40000000,5.257932896419e+13,4.374742330624e-03,4.968869154409e-03,7.451441582773e-04,8.454644340699e-04,-1.035805851625e-03,-9.710613275684e-04
815.60000000,4.508618442117e+13,6.108548362609e-03,6.938140636241e-03,1.536976696968e-02,1.743903000305e-02,5.875481170130e-03,5.508225828441e-03
815.80000000,2.992599246863e+13,1.275577441489e-02,1.448811592561e-02,2.239036095644e-02,2.540482085830e-02,-1.372068063746e-03,-1.286304989883e-03
816.00000000,3.932609152256e+13,-2.566348643193e-02,-2.914880385836e-02,1.942632745535e-03,2.204173348961e-03,-1.383593203723e-02,-1.297109734526e-02
816.20000000,5.522802392982e+13,-1.815991989727e-02,-2.062618984264e-02,-1.507947594938e-02,-1.710965651141e-02,-2.797613960237e-03,-2.622745104200e-03
816.40000000,2.586189124875e+13,-1.826988599795e-02,-2.075109026520e-02,1.190072883548e-02,1.350294819887e-02,-5.410975074079e-03,-5.072754349313e-03
816.60000000,4.575647879212e+13,-4.962158300734e-03,-5.636061156611e-03,-1.390936087435e-02,-1.578200646045e-02,1.616518394788e-02,1.515475603868e-02
816.80000000,6.278169345512e+13,2.179216156221e-02,2.475172049251e-02,2.138088478224e-02,2.425943685059e-02,7.605128016645e-03,7.129758628595e-03
817.00000000,2.777825865535e+13,4.974189911116e-02,5.649726760934e-02,2.135463570029e-02,2.422965380128e-02,2.395213358422e-02,2.245497126696e-02
817.20000000,1.528116860967e+13,6.180303965493e-03,7.019641253850e-03,-3.080106122057e-03,-3.494787083052e-03,-9.286731321138e-03,-8.706250916934e-03
817.40000000,2.884684679633e+13,1.978110942453e-02,2.246755055069e-02,-6.465288504095e-04,-7.335723464362e-04,1.517794895941e-02,1.422922958310e-02
817.60000000,3.917725574078e+13,-9.919200018137e-03,-1.126631085482e-02,-7.716966302348e-03,-8.755917194106e-03,-1.439111120005e-02,-1.349157424162e-02
817.80000000,3.659706190710e+13,-7.153496346852e-03,-8.125001350417e-03,-6.202677840658e-03,-7.037756992406e-03,-2.462258469117e-02,-2.308351486996e-02
818.00000000,4.426620255572e+13,-3.382312526341e-02,-3.841659030992e-02,-7.219823230900e-04,-8.191842738327e-04,-4.496026547360e-02,-4.214995986954e-02
818.20000000,4.424774052776e+13,-1.395697937481e-02,-1.585245462773e-02,4.523435362052e-03,5.132434678504e-03,-1.957185366607e-02,-1.834848700086e-02
818.40000000,3.370098795707e+13,-3.326437603219e-02,-3.778195823099e-02,-1.947280545126e-02,-2.209446891278e-02,-1.607344747389e-02,-1.506875368402e-02
818.60000000,1.740561726094e+13,-1.764220158376e-02,-2.003816102534e-02,-3.099671324534e-02,-3.516986388590e-02,2.133465382123e-03,2.000110081476e-03
818.80000000,2.977451985667e+13,-1.424444553746e-02,-1.617896111441e-02,-1.323789373049e-02,-1.502013832732e-02,-1.222818222902e-02,-1.146384223495e-02
819.00000000,2.905591037375e+13,-4.386297871081e-03,-4.981994034505e-03,2.739171384777e-04,3.107951607655e-04,-1.125123835035e-03,-1.054796362864e-03
819.20000000,2.931959667609e+13,-4.456670184445e-03,-5.061923500235e-03,-9.232340124818e-04,-1.047530888091e-03,-1.248526542878e-03,-1.170485608215e-03
819.40000000,5.319687314599e+13,1.339217523222e+00,1.521094532951e+00,1.196554509804e+00,1.357649080688e+00,1.562100239381e+00,1.464458932983e+00
819.60000000,4.515315995792e+13,1.042251237557e+02,1.183797726598e+02,9.395426502458e+01,1.066035190977e+02,1.209854894462e+02,1.134231186412e+02
819.80000000,5.437607420630e+13,5.851191480312e+03,6.645832523562e+03,5.274435297792e+03,5.984543265283e+03,6.790551661090e+03,6.366098531492e+03
820.00000000,4.474613923355e+13,2.371878164561e+05,2.693999179655e+05,2.138085240535e+05,2.425940011474e+05,2.752652695352e+05,2.580594207390e+05
820.20000000,5.644230522587e+13,6.946417386145e+06,7.889799324191e+06,6.261706067153e+06,7.104732309267e+06,8.061607042501e+06,7.557704781012e+06
820.40000000,1.766823708447e+13,1.470838843121e+08,1.670591135741e+08,1.325837880225e+08,1.504338134602e+08,1.707026392205e+08,1.600326269647e+08
820.60000000,4.386314139007e+13,2.257874306982e+09,2.564512638826e+09,2.035089503698e+09,2.309077748798e+09,2.621002291476e+09,2.457172800026e+09
820.80000000,4.145671990985e+13,2.541218562279e+10,2.886337428453e+10,2.289386431561e+10,2.597611190029e+10,2.953037515172e+10,2.768453687864e+10
821.00000000,6.486722303777e+13,2.171816545258e+11,2.466767508848e+11,1.953182696312e+11,2.216143661100e+11,2.533537072590e+11,2.375174719561e+11
821.20000000,5.673925356094e+13,1.506118430520e+12,1.710661988001e+12,1.348763444675e+12,1.530350214490e+12,1.773396500593e+12,1.662547819622e+12
821.40000000,4.018843786679e+13,8.813755727861e+12,1.001073792715e+13,7.844730862693e+12,8.900882957450e+12,1.051589430332e+13,9.858583311472e+12
821.60000000,6.959687480536e+13,4.061236164171e+13,4.612786212266e+13,3.595593783304e+13,4.079675898115e+13,4.900355844253e+13,4.594052103696e+13
821.80000000,1.631065421569e+14,1.301397549760e+14,1.478138288822e+14,1.148469442659e+14,1.303090223010e+14,1.580932450042e+14,1.482114009421e+14
822.00000000,3.752219140220e+14,2.654417556583e+14,3.014909798800e+14,2.338857389797e+14,2.653742524139e+14,3.234995999524e+14,3.032787954469e+14
822.20000000,4.248340437185e+14,3.307725837152e+14,3.756942841733e+14,2.913281539717e+14,3.305502567391e+14,4.034686155130e+14,3.782492334810e+14
822.40000000,3.744661125502e+14,2.492281989253e+14,2.830754856989e+14,2.196269224694e+14,2.491957423933e+14,3.036617186601e+14,2.846809092565e+14
822.60000000,2.183477374259e+14,1.150881166319e+14,1.307180513852e+14,1.015943349016e+14,1.152721871441e+14,1.397217796047e+14,1.309882702249e+14
822.80000000,9.221608860983e+13,3.410444975404e+13,3.873612103385e+13,3.021086317979e+13,3.427821322535e+13,4.110325016999e+13,3.853403281593e+13
823.00000000,3.419948654886e+13,7.131947326632e+12,8.100525791908e+12,6.352745163362e+12,7.208028184434e+12,8.495205526147e+12,7.964200572188e+12
823.20000000,3.046230402993e+13,1.190991473093e+12,1.352738137831e+12,1.067283124889e+12,1.210973625912e+12,1.400275415178e+12,1.312749200530e+12
823.40000000,3.737177074809e+13,1.678798475025e+11,1.906793435724e+11,1.510301717917e+11,1.713636714491e+11,1.956957462359e+11,1.834635041318e+11
823.60000000,2.334257784096e+13,1.903182908395e+10,2.161651163435e+10,1.714756186293e+10,1.945617304392e+10,2.211098289527e+10,2.072890433129e+10
823.80000000,6.072625313958e+13,1.628040696209e+09,1.849142323398e+09,1.467434855566e+09,1.664998599148e+09,1.889779143191e+09,1.771655798931e+09
824.00000000,4.813738461563e+13,1.018717133325e+08,1.157067492962e+08,9.182915484330e+07,1.041923010041e+08,1.182292942524e+08,1.108392033643e+08
824.20000000,4.376823900721e+13,4.618620280235e+06,5.245867781913e+06,4.163362955141e+06,4.723884990030e+06,5.360095508674e+06,5.025055083808e+06
824.40000000,5.746081001158e+13,1.513718010652e+05,1.719293655069e+05,1.364512753535e+05,1.548219884882e+05,1.756725234684e+05,1.646918614998e+05
824.60000000,4.867521297152e+13,3.584039261653e+03,4.070781954574e+03,3.230773448764e+03,3.665739058843e+03,4.159403026787e+03,3.899413600288e+03
824.80000000,3.896157140326e+13,6.126239637561e+01,6.958234535210e+01,5.524114110578e+01,6.267836845198e+01,7.110341066916e+01,6.665899043795e+01
825.00000000,2.637743142147e+13,7.477232975659e-01,8.492704137797e-01,6.820224087829e-01,7.738444748697e-01,8.715893821008e-01,8.171094430000e-01
825.20000000,3.809191046942e+13,6.418741123176e-03,7.290460184095e-03,1.915301805377e-02,2.173162788659e-02,1.408908520737e-02,1.320842681496e-02
825.40000000,5.909125244208e+13,5.662668169089e-03,6.431706160172e-03,-2.346046619419e-03,-2.661899654388e-03,1.458261289996e-02,1.367110585429e-02
825.60000000,2.687790704340e+13,2.121212215850e-02,2.409290685651e-02,-1.251813210415e-02,-1.420347372716e-02,2.755695254889e-02,2.583446587397e-02
825.80000000,2.027826402944e+13,1.426637953984e-02,1.620387393891e-02,-1.188889832389e-03,-1.348952492140e-03,2.312261540108e-02,2.167730330255e-02
826.00000000,4.741444988128e+13,4.877055755263e+00,5.539400969292e+00,4.909426887182e+00,5.570393028878e+00,4.910430489750e+00,4.603497019088e+00
826.20000000,3.426994416230e+13,2.161219504143e+03,2.454731300372e+03,2.161230247635e+03,2.452201078024e+03,2.161209707089e+03,2.026120207786e+03
826.40000000,3.307737371270e+13,5.003644059314e+05,5.683181030326e+05,5.003644328744e+05,5.677295156506e+05,5.003643697296e+05,4.690883801972e+05
826.60000000,4.360340531383e+13,6.053104643673e+07,6.875167193691e+07,6.053104644623e+07,6.868046452329e+07,6.053104641006e+07,5.674746690594e+07
826.80000000,3.279737676872e+13,3.834526128872e+09,4.355287046314e+09,3.834526128868e+09,4.350776192036e+09,3.834526128848e+09,3.594843596833e+09
827.00000000,4.421682500662e+13,1.274971449427e+11,1.448123301677e+11,1.274971449427e+11,1.446623452617e+11,1.274971449427e+11,1.195277538112e+11
827.20000000,6.310086699048e+13,2.230561661118e+12,2.533490705807e+12,2.230561661118e+12,2.530866720923e+12,2.230561661118e+12,2.091137218882e+12
827.40000000,4.564629859232e+13,2.058382759453e+13,2.337928460338e+13,2.058382759453e+13,2.335507023020e+13,2.058382759453e+13,1.929720605365e+13
827.60000000,1.326640076017e+14,1.004225010952e+14,1.140607218412e+14,1.004225010952e+14,1.139425869654e+14,1.004225010952e+14,9.414544924442e+13
827.80000000,2.791346512288e+14,2.595049420157e+14,2.947478969840e+14,2.595049420157e+14,2.944426209376e+14,2.595049420157e+14,2.432842149994e+14
828.00000000,3.719367668948e+14,3.556389625525e+14,4.039377265177e+14,3.556389625525e+14,4.035193604720e+14,3.556389625525e+14,3.334092412874e+14
828.20000000,3.118000554132e+14,2.585891858853e+14,2.937077734647e+14,2.585891858853e+14,2.934035746941e+14,2.585891858853e+14,2.424256995138e+14
828.40000000,1.604562374482e+14,9.971451949323e+13,1.132565903798e+14,9.971451949323e+13,1.131392883583e+14,9.971451949323e+13,9.348172104362e+13
828.60000000,7.186165128451e+13,2.036630640735e+13,2.313222220845e+13,2.036630640735e+13,2.310826372253e+13,2.036630640735e+13,1.909328133893e+13
828.80000000,5.707907130533e+13,2.199145633623e+12,2.497808117400e+12,2.199145633623e+12,2.495221089656e+12,2.199145633623e+12,2.061684895053e+12
829.00000000,4.636502423449e+13,1.252529554537e+11,1.422633608604e+11,1.252529554537e+11,1.421160159707e+11,1.252529554537e+11,1.174238405913e+11
829.20000000,3.726228860693e+13,3.753539167697e+09,4.263301374272e+09,3.753539167660e+09,4.258885791281e+09,3.753539167671e+09,3.518918841326e+09
829.40000000,5.478560540427e+13,5.903958861798e+07,6.705766159513e+07,5.903958859590e+07,6.698820866465e+07,5.903958860430e+07,5.534923480037e+07
829.60000000,4.496366807225e+13,4.862750958455e+05,5.523153460696e+05,4.862750890499e+05,5.517432947688e+05,4.862751016939e+05,4.558797819819e+05
829.80000000,3.196142478951e+13,2.092748206798e+03,2.376961024632e+03,2.092751902296e+03,2.374503353570e+03,2.092756796187e+03,1.961946043841e+03
830.00000000,4.725048617223e+13,4.687601941277e+00,5.324217733034e+00,4.668943246058e+00,5.297532585314e+00,4.671636995734e+00,4.379629653452e+00
830.20000000,4.581418502236e+13,2.076380380127e-02,2.358370309357e-02,-2.751660877116e-02,-3.122122585783e-02,-2.676625320625e-02,-2.509319032299e-02
830.40000000,4.002949084712e+13,1.774729382202e-02,2.015752567396e-02,-3.102692933776e-02,-3.520414803239e-02,-1.332320909516e-02,-1.249042288294e-02
830.60000000,3.500831531709e+13,-1.864232008476e-03,-2.117410403519e-03,-4.841476676371e-02,-5.493294542779e-02,-3.929063599331e-02,-3.683471867707e-02
830.80000000,5.380500626322e+13,-2.466271312849e-02,-2.801211711839e-02,-5.325803264214e-02,-6.042827005654e-02,-4.180074721128e-02,-3.918793180852e-02
831.00000000,3.993775176655e+13,-1.162411724353e-02,-1.320277018701e-02,-2.369545030478e-02,-2.688561704391e-02,-3.608163216047e-02,-3.382629821179e-02
831.20000000,3.455473726189e+13,-4.451628905296e-02,-5.056197572954e-02,-4.196090745768e-02,-4.761018989771e-02,-5.502608510873e-02,-5.158660107274e-02
831.40000000,4.343400675627e+13,-3.299602520790e-02,-3.747716310648e-02,-3.777660727820e-02,-4.286254886218e-02,-4.921539776173e-02,-4.613911903698e-02
831.60000000,3.519915956738e+13,-1.448986786464e-02,-1.645771385895e-02,-2.052297355392e-02,-2.328602328616e-02,-4.427438224227e-02,-4.150694874914e-02
831.80000000,3.527919692262e+13,2.107733925824e-02,2.393981930413e-02,3.067416131923e-03,3.480388613698e-03,-7.293982716874e-03,-6.838061910152e-03
832.00000000,6.544266967071e+13,7.730297379174e-03,8.780136816952e-03,9.647568168291e-04,1.094643992165e-03,-4.482601282209e-03,-4.202409887175e-03
832.20000000,3.652876293177e+13,-8.358819878531e-03,-9.494017961001e-03,1.044723940443e-02,1.185377252514e-02,-2.065744002307e-02,-1.936621723221e-02
832.40000000,4.472934574921e+13,-2.210251392750e-02,-2.510422132075e-02,-2.561094484336e-02,-2.905899851384e-02,1.150402110055e-02,1.078494583203e-02
832.60000000,4.367609969698e+13,-4.680525238128e-02,-5.316179954044e-02,-9.157776755675e-03,-1.039070689351e-02,-9.474706338092e-03,-8.882476286994e-03
832.80000000,5.144219535283e+13,-2.277942615295e-02,-2.587306392292e-02,2.136938000430e-02,2.424638316097e-02,-9.531724007671e-03,-8.935929985706e-03
833.00000000,4.234224995880e+13,-6.997482403231e-03,-7.947799400330e-03,5.266623063952e-03,5.975679254490e-03,4.722001171584e-03,4.426845744562e-03
833.20000000,4.722071664917e+13,4.041842385311e-03,4.590758595031e-03,3.153464042162e-02,3.578021329361e-02,7.455045598844e-03,6.989057326661e-03
833.40000000,5.042704847090e+13,-5.878112682089e-03,-6.676409851093e-03,3.349660248311e-02,3.800631830370e-02,-3.031737772039e-03,-2.842234672778e-03
833.60000000,4.279295626251e+13,-1.367079102755e-02,-1.552739949451e-02,2.502631211804e-02,2.839565549389e-02,1.086391370986e-02,1.018484926798e-02
833.80000000,3.683861581527e+13,-2.347858821862e-02,-2.666717808085e-02,6.772364530186e-03,7.684141761325e-03,3.823594391058e-02,3.584595162925e-02
834.00000000,6.670218562920e+13,-2.228919694552e-02,-2.531625746364e-02,4.546498930212e-03,5.158603341824e-03,4.304525904059e-02,4.035465364857e-02
834.20000000,7.565640928624e+12,-3.795578486502e-02,-4.311049986349e-02,-3.577227379403e-02,-4.058836787846e-02,1.492811267071e-02,1.399500966843e-02
834.40000000,1.838608925513e+13,-4.606439760006e-03,-5.232033044532e-03,1.803064066839e-03,2.045814254769e-03,-1.589736739827e-02,-1.490367974499e-02
834.60000000,4.663932909853e+13,-1.093666133234e-02,-1.242195197785e-02,3.525531716657e-03,4.000181232728e-03,-1.065243474018e-02,-9.986589093322e-03
834.80000000,3.802659604831e+13,-8.519288484903e-03,-9.676279554528e-03,1.207568126091e-02,1.370145482568e-02,-1.141722302159e-02,-1.070357319096e-02
835.00000000,3.091890262689e+13,-1.227303820592e-02,-1.393982007704e-02,1.177111179333e-02,1.335588055031e-02,-2.627187784652e-02,-2.462971660118e-02
835.20000000,3.069706041818e+13,-6.953727496943e-03,-7.898102209552e-03,5.190264256466e-03,5.889040105218e-03,-3.223212302070e-02,-3.021740813853e-02
835.40000000,4.883590079931e+13,-6.938165939420e-03,-7.880427261561e-03,4.061646704162e-03,4.608474472999e-03,-1.254184335888e-02,-1.175789752792e-02
835.60000000,3.230806603486e+13,-1.825658314120e-02,-2.073598076855e-02,-3.501363006086e-03,-3.972758639424e-03,-4.851546404376e-02,-4.548293567567e-02
835.80000000,2.408619797764e+13,-1.887498245550e-02,-2.143836391383e-02,-2.198236396286e-02,-2.494189439844e-02,-1.668036403838e-02,-1.563773406187e-02
836.00000000,6.158623768689e+13,-4.793202477594e-03,-5.444159710854e-03,-1.730263150566e-02,-1.963212002851e-02,-3.986955935463e-02,-3.737745560690e-02
836.20000000,3.222527772498e+13,-2.772979134950e-02,-3.149573037256e-02,-2.647805826891e-02,-3.004285318606e-02,-5.100719639454e-02,-4.781891873726e-02
836.40000000,4.729642172451e+13,-1.139942619394e-02,-1.294756420201e-02,-1.323037890579e-02,-1.501161176646e-02,-4.210327971412e-02,-3.947155408520e-02
836.60000000,4.772473355799e+13,-9.686593638795e-03,-1.100211457168e-02,-1.436232231633e-02,-1.629595102399e-02,-3.522091438882e-02,-3.301938083371e-02
836.80000000,6.186074862908e+13,-1.681280647630e-02,-1.909612708258e-02,2.630844869890e-03,2.985040873419e-03,-1.957527283914e-02,-1.835169245363e-02
837.00000000,3.926284535621e+13,-3.742443035246e-02,-4.250698293656e-02,5.203746034594e-03,5.904336962597e-03,-3.307497389717e-03,-3.100757541723e-03
837.20000000,3.976168437178e+13,-3.256516780467e-02,-3.698779164205e-02,4.511062648496e-03,5.118396201321e-03,-1.108392337823e-02,-1.039110691781e-02
837.40000000,3.168939469204e+13,-4.719590141776e-03,-5.360550200354e-03,2.147716671377e-02,2.436868141469e-02,-5.116215066122e-03,-4.796418736620e-03
837.60000000,5.022652257625e+13,1.752853069696e-02,1.990905267552e-02,1.343356985064e-02,1.524215872210e-02,-4.228362205655e-03,-3.964062387195e-03
837.80000000,3.958032798250e+13,1.776592651841e-02,2.017868884731e-02,6.325953429503e-03,7.177629424875e-03,2.884105660645e-03,2.703830517351e-03
838.00000000,5.257290486259e+13,4.439471117598e-03,5.042388655374e-03,-2.121586535684e-03,-2.407220052383e-03,-1.293658947643e-02,-1.212796947564e-02
838.20000000,3.718094292333e+13,-1.047310908368e-02,-1.189544543284e-02,-1.239533841419e-02,-1.406414807261e-02,-9.511991557932e-03,-8.917430940919e-03
838.40000000,3.987169105179e+13,-2.305297600533e-02,-2.618376414729e-02,9.624308201462e-03,1.092004841811e-02,4.895443069859e-03,4.589446409282e-03
838.60000000,5.830803447711e+13,-1.642133050909e-04,-1.865148538454e-04,3.453614199062e-02,3.918581313252e-02,1.351145774378e-02,1.266690478093e-02
838.80000000,5.431641798135e+13,1.361804035980e-02,1.546748484217e-02,-9.839695497410e-03,-1.116443374443e-02,9.251688479828e-03,8.673398478468e-03
839.00000000,5.672272357104e+13,-2.962281773128e-02,-3.364584566758e-02,1.005556762797e-01,1.140936917963e-01,-2.274564579360e-02,-2.132389671876e-02
839.20000000,4.375975570132e+13,2.121543370659e-02,2.409666814069e-02,-8.371907944977e-03,-9.499034964113e-03,-3.524176118962e-02,-3.303892457545e-02
839.40000000,5.680342304963e+13,-1.739186221394e-02,-1.975382346238e-02,-1.575096887941e-02,-1.787155390235e-02,1.197479119011e-02,1.122628976481e-02
839.60000000,3.718127089936e+13,-2.581278988684e-02,-2.931838397890e-02,-2.114422620521e-02,-2.399091644730e-02,-4.507126579361e-03,-4.225402195602e-03
839.80000000,4.990359465445e+13,-1.165652407785e-03,-1.323957814215e-03,-1.981820182414e-03,-2.248636670286e-03,2.644753107673e-02,2.479439037536e-02
840.00000000,3.884993993389e+13,-2.260355052533e-02,-2.567330290500e-02,-1.376303863925e-03,-1.561598456480e-03,5.028481268154e-03,4.714168864992e-03
840.20000000,4.494200753841e+13,-4.497282715565e-02,-5.108051554854e-02,2.844382666383e-02,3.227327698402e-02,-1.936181582506e-02,-1.815157787506e-02
840.40000000,6.139680466842e+13,-3.769464813228e-02,-4.281389856487e-02,-3.607229423437e-02,-4.092878068179e-02,-2.907135447510e-02,-2.725420794497e-02
840.60000000,5.631196122618e+13,4.244034105934e-03,4.820409652842e-03,7.695790857425e-03,8.731890855902e-03,1.048861635405e-01,9.833010409372e-02
840.80000000,3.832782745525e+13,7.291643631030e-03,8.281910198355e-03,4.296744630819e-02,4.875224112385e-02,1.819062017431e-02,1.705358948113e-02
841.00000000,2.608103313635e+13,-4.737478363640e-03,-5.380867793284e-03,2.890975329543e-02,3.280193226706e-02,2.013594734860e-03,1.887732120215e-03
841.20000000,3.384926726963e+13,4.543233993958e-03,5.160243403553e-03,3.173409001893e-02,3.600651519646e-02,9.954259104252e-04,9.332053922629e-04
841.40000000,4.911689287327e+13,2.975426108736e-04,3.379514013762e-04,2.597154503903e-02,2.946814704835e-02,1.566331704152e-02,1.468425904005e-02
841.60000000,4.529019585048e+13,1.100960478542e-02,1.250480176571e-02,2.847208437810e-02,3.230533909192e-02,3.107455429598e-03,2.913219490015e-03
841.80000000,3.125585700513e+13,1.061641974297e-02,1.205821888568e-02,5.455896592744e-02,6.190435063989e-02,2.123941927485e-02,1.991181903970e-02
842.00000000,4.928976510080e+13,5.756301050797e-02,6.538055175176e-02,6.683727041988e-02,7.583570827547e-02,6.828435818890e-02,6.401614685904e-02
842.20000000,4.468653562996e+13,3.127774149218e-02,3.552552200209e-02,3.484095719400e-02,3.953166622759e-02,2.986706299244e-02,2.800017956503e-02
842.40000000,4.746729595565e+13,3.274630152603e-02,3.719352484708e-02,3.578316293033e-02,4.060072304136e-02,2.773824241562e-02,2.600442395867e-02
842.60000000,5.821674160437e+13,-1.435906055388e-03,-1.630914181459e-03,-4.402174360703e-03,-4.994848061550e-03,1.453961724849e-02,1.363079770742e-02
842.80000000,5.312591240205e+13,1.068159595243e-03,1.213224657288e-03,-1.895561371399e-03,-2.150764659846e-03,1.127794377205e-02,1.057299978983e-02
843.00000000,4.639307984661e+13,-1.406568630815e-02,-1.597592487743e-02,-1.201363747091e-02,-1.363105795386e-02,1.891095089398e-02,1.772889490041e-02
843.20000000,5.783111250238e+13,-2.022375972091e-03,-2.297031648241e-03,-3.825826070045e-03,-4.340904826573e-03,1.255720712401e-03,1.177230095898e-03
843.40000000,2.805497176507e+13,-1.711298343885e-02,-1.943707060276e-02,-2.338557525753e-03,-2.653402288788e-03,-1.844685095435e-02,-1.729380419032e-02
843.60000000,2.540780248108e+13,-1.283344465297e-03,-1.457633443565e-03,-1.414529587018e-02,-1.604970586534e-02,2.503614473502e-02,2.347122475263e-02
843.80000000,4.975962312439e+13,-7.258251975668e-03,-8.243983675190e-03,-1.248483608240e-02,-1.416569499418e-02,-1.092368924011e-02,-1.024088844334e-02
844.00000000,6.284904953213e+13,9.782212677239e-03,1.111071948022e-02,-2.487182388225e-04,-2.822036819219e-04,1.138177453773e-02,1.067034046521e-02
844.20000000,2.672106086544e+13,-9.149734781525e-03,-1.039234576370e-02,-1.350306851868e-02,-1.532101413737e-02,1.167029262827e-02,1.094082432045e-02
844.40000000,5.683437780447e+13,-3.987024355374e-03,-4.528495815311e-03,-6.677208014653e-03,-7.576174130283e-03,2.100807220394e-02,1.969493264786e-02
844.60000000,3.613414845315e+13,-4.123201922180e-03,-4.683167441680e-03,-1.057431005553e-02,-1.199795095682e-02,3.459905463357e-02,3.243639131057e-02
844.80000000,4.312838239241e+13,3.642544272906e-03,4.137232438701e-03,-5.083159671817e-03,-5.767515812179e-03,1.859489815539e-02,1.743259748962e-02
845.00000000,3.998737765738e+13,-1.961924166238e-02,-2.228369978425e-02,-1.609140358767e-02,-1.825782202881e-02,-1.724392543674e-02,-1.616606925016e-02
845.20000000,5.107771591823e+13,-9.930984717490e-03,-1.127969601551e-02,5.979362598067e-04,6.784376363846e-04,-2.210875560681e-02,-2.072681626268e-02
845.40000000,4.789987581771e+13,-6.489909066461e-02,-7.371293332985e-02,-4.473863162702e-02,-5.076188472984e-02,-6.834012596525e-02,-6.406842879089e-02
845.60000000,3.883698109475e+13,-4.086894630454e-02,-4.641929314197e-02,-2.102316009911e-02,-2.385355096474e-02,-2.763609203241e-02,-2.590865863105e-02
845.80000000,4.966953276306e+13,-2.617875530959e-02,-2.973405058581e-02,-1.047578190257e-02,-1.188615775793e-02,1.755509097597e-03,1.645778494298e-03
846.00000000,5.695387415930e+13,-2.602318271706e-04,-2.955734992595e-04,-2.983297770544e-03,-3.384945225987e-03,2.935812168386e-02,2.752305035979e-02
846.20000000,3.767583601605e+13,4.329329901292e-03,4.917289335009e-03,-1.367475454199e-02,-1.551581459970e-02,1.696905390271e-02,1.590837895393e-02
846.40000000,5.146486565161e+13,-1.921068503937e-02,-2.181965773366e-02,-1.703555493742e-02,-1.932908639789e-02,-1.935194785424e-02,-1.814232671585e-02
846.60000000,4.192963190150e+13,-3.714088588940e-02,-4.218493074926e-02,-1.400178734959e-02,-1.588687650032e-02,-1.051777282979e-02,-9.860344417956e-03
846.80000000,5.803636447745e+13,-4.457949685028e-02,-5.063376767765e-02,-2.200411194031e-02,-2.496657035039e-02,-1.714698672555e-02,-1.607518983156e-02
847.00000000,3.013808768608e+13,-1.530651179173e-02,-1.738526490374e-02,-9.313681334863e-03,-1.056760122375e-02,5.977729266583e-03,5.604082761598e-03
847.20000000,5.062825429035e+13,2.253468935137e-02,2.559508980412e-02,2.328872479652e-02,2.642413325203e-02,1.915629656075e-02,1.795890488589e-02
847.40000000,2.969035980404e+13,3.069464755180e-02,3.486323899763e-02,2.374960377147e-02,2.694706130213e-02,1.804107018075e-02,1.691338732350e-02
847.60000000,5.716627805676e+13,2.312767640606e-02,2.626860949107e-02,1.169590158573e-02,1.327054463927e-02,5.021204930495e-03,4.707347345210e-03
847.80000000,4.123246153011e+13,1.695807068221e-02,1.926111939011e-02,7.646347760409e-03,8.675791134025e-03,-1.079777346811e-02,-1.012284321649e-02
848.00000000,4.150225586446e+13,-5.816404314535e-03,-6.606320967924e-03,2.095478422482e-03,2.377596950723e-03,-1.648256204869e-02,-1.545229596804e-02
848.20000000,3.270958128033e+13,1.732653731544e-02,1.967962689293e-02,1.540725544593e-02,1.748156562923e-02,1.597601342465e-02,1.497740988918e-02
848.40000000,3.904891654400e+13,3.096683147617e-02,3.517238778947e-02,3.695885057333e-02,4.193469590647e-02,5.226648353835e-02,4.899949233967e-02
848.60000000,4.895766852371e+13,1.468721776579e-02,1.668186553747e-02,3.181375330579e-02,3.609690371389e-02,4.413632863899e-02,4.137752438350e-02
848.80000000,3.730490063603e+13,2.806467472480e-02,3.187609372841e-02,2.458403454526e-02,2.789383319062e-02,2.909246364410e-02,2.727399765522e-02
849.00000000,3.793161115644e+13,1.350703804343e-02,1.534140747710e-02,1.946431568383e-02,2.208483615066e-02,8.796066953303e-03,8.246256226161e-03
849.20000000,3.220972039458e+13,1.176350594878e-02,1.336108905145e-02,1.211079319156e-02,1.374129394707e-02,9.267818798646e-03,8.688520548671e-03
849.40000000,1.988736903895e+13,8.922994549048e-03,1.013481229954e-02,2.588021184206e-02,2.936451747704e-02,1.197809264833e-02,1.122938486066e-02
849.60000000,5.303107529907e+13,-1.660559067064e-03,-1.886076962669e-03,2.545467933425e-02,2.888169466094e-02,1.367604272398e-02,1.282120214189e-02
849.80000000,6.171410177733e+13,2.070918714366e-02,2.352166903424e-02,3.727483178100e-02,4.229321830774e-02,4.646756373487e-02,4.356304230032e-02
850.00000000,2.528552286631e+13,5.631553306640e-02,6.396365637558e-02,3.888845049173e-02,4.412408179222e-02,8.045679790720e-02,7.542773084851e-02
850.20000000,3.587092818643e+13,-1.015135056929e-02,-1.152998940446e-02,-2.815082318509e-02,-3.194082585013e-02,1.135557321697e-02,1.064577689542e-02
850.40000000,4.112884653746e+13,-2.160305169981e-02,-2.453692791936e-02,-2.680873719498e-02,-3.041805208951e-02,7.312668311234e-03,6.855579534751e-03
850.60000000,4.250181718358e+13,-3.563107392020e-03,-4.047007360894e-03,-2.025019102593e-02,-2.297651549080e-02,1.833328296017e-02,1.718733492581e-02
850.80000000,3.323045322551e+13,-1.680520327595e-02,-1.908749130363e-02,2.022619493797e-03,2.294928876064e-03,-1.515805542834e-03,-1.421057952560e-03
851.00000000,4.119979681598e+13,-3.171275111120e-03,-3.601960958816e-03,-1.868752011833e-03,-2.120345901594e-03,-1.328172959941e-02,-1.245153612231e-02
851.20000000,3.512476171394e+13,1.134478305415e-02,1.288550006400e-02,-8.031113907057e-03,-9.112359130715e-03,-1.309009001233e-03,-1.227187524131e-03
851.40000000,5.883787716018e+13,1.983941410133e-02,2.253377349326e-02,-1.949572209751e-02,-2.212047087379e-02,1.983456857098e-03,1.859478053544e-03
851.60000000,4.630140498340e+13,1.568743400615e-02,1.781791956050e-02,-2.546777027985e-02,-2.889654806722e-02,1.504264519078e-02,1.410238316976e-02
851.80000000,3.086124945012e+13,2.134781461113e-02,2.424702748611e-02,-3.324264747355e-02,-3.771817281393e-02,-3.821161613262e-03,-3.582314449379e-03
852.00000000,4.018456726004e+13,-3.285379060804e-03,-3.731561185099e-03,1.059988908426e-02,1.202697374230e-02,1.534233310222e-02,1.438333866030e-02
852.20000000,6.406349189341e+13,5.853307693762e-03,6.648236136607e-03,-6.252369509596e-03,-7.094138751949e-03,1.460162437659e-02,1.368892899142e-02
852.40000000,3.899892624906e+13,1.759887297901e-02,1.998894803144e-02,9.207631131058e-04,1.044727326500e-03,7.405990675614e-03,6.943068651466e-03
852.60000000,6.249249628266e+13,2.358401253204e-02,2.678691990322e-02,-5.023774155628e-03,-5.700135102984e-03,1.271654726211e-03,1.192168131418e-03
852.80000000,3.318364457022e+13,8.478633168840e-03,9.630102904413e-03,-2.060560445534e-02,-2.337977895414e-02,-7.487618599484e-03,-7.019594305375e-03
853.00000000,5.000643873763e+13,-3.386088287496e-03,-3.845947572287e-03,-2.164393993066e-02,-2.455790764946e-02,-1.951117296289e-03,-1.829159923169e-03
853.20000000,3.215769441389e+13,-2.988734091765e-04,-3.394629332870e-04,-2.780443786819e-02,-3.154780597247e-02,-4.718635106120e-03,-4.423690079827e-03
853.40000000,3.377495890623e+13,-2.238487726422e-02,-2.542493197480e-02,-4.240313236052e-02,-4.811195243997e-02,3.001136711409e-03,2.813546375148e-03
853.60000000,5.514584842118e+13,1.811327131612e-03,2.057320599161e-03,2.661865940217e-02,3.020238373629e-02,1.677590733374e-02,1.572730528710e-02
853.80000000,2.524310250644e+13,1.525129309914e-02,1.732254704801e-02,9.563356546868e-03,1.085089071811e-02,-2.490202287056e-03,-2.334548636686e-03
854.00000000,4.068291879427e+13,1.669139625509e-02,1.895822833161e-02,-1.932068419791e-03,-2.192186726523e-03,-7.914302790206e-03,-7.419607991381e-03
854.20000000,4.486303169322e+13,7.672911788428e-03,8.714957780058e-03,-1.621987730725e-04,-1.840359242689e-04,-1.058325912781e-02,-9.921737401397e-03
854.40000000,3.805998082498e+13,4.670348667066e-03,5.304621318992e-03,-2.587097853094e-03,-2.935404106643e-03,1.683074689956e-02,1.577871702753e-02
854.60000000,4.550669796382e+13,-1.018595143536e-02,-1.156928935932e-02,-1.191200404364e-02,-1.351574141127e-02,3.031264642524e-02,2.841791116900e-02
854.80000000,5.009894138051e+13,1.264476661044e-02,1.436203232713e-02,4.203716838061e-03,4.769671798403e-03,3.515756589717e-02,3.295999203000e-02
855.00000000,3.160820768890e+13,1.785927307750e-02,2.028471265468e-02,5.713710557498e-03,6.482959047952e-03,2.183192281299e-02,2.046728729800e-02
855.20000000,5.926802504798e+13,9.670694730441e-03,1.098405645778e-02,3.279198823730e-04,3.720684040681e-04,1.034782767374e-02,9.701021926596e-03
855.40000000,4.688524090175e+13,9.548985478322e-03,1.084581806498e-02,-6.743653943020e-03,-7.651565809329e-03,-1.555458322934e-02,-1.458232179009e-02
855.60000000,2.162685226384e+13,2.932168976344e-03,3.330382198760e-03,-1.384935462646e-02,-1.571392144918e-02,-1.622688270293e-02,-1.521259822493e-02
855.80000000,4.172029336796e+13,-2.838906075462e-03,-3.224453411091e-03,-7.550068035475e-03,-8.566549073613e-03,1.008767407010e-03,9.457129595500e-04
856.00000000,2.657183083787e+13,3.443691111403e-03,3.911373344433e-03,1.033824370748e-03,1.173010251550e-03,2.458393227431e-02,2.304727847762e-02
856.20000000,5.748355292164e+13,1.570291564659e-02,1.783550373800e-02,2.190296866903e-02,2.485180995449e-02,1.788668688227e-02,1.676865397357e-02
856.40000000,5.061880687526e+13,-2.827035775338e-03,-3.210971024317e-03,3.737376025176e-02,4.240546572002e-02,4.129733896574e-02,3.871598981431e-02
856.60000000,6.701206528410e+13,-2.928024315014e-04,-3.325674657537e-04,1.507932583972e-03,1.710948619218e-03,7.107242755687e-03,6.662994396935e-03
856.80000000,2.867166512931e+13,-1.668253672165e-02,-1.894816559897e-02,-1.089829972339e-02,-1.236556001359e-02,-2.936566439869e-02,-2.753012160647e-02
857.00000000,3.375041401251e+13,-2.474901320006e-02,-2.811013746593e-02,-4.980748646018e-03,-5.651316981378e-03,-2.438818524538e-02,-2.286376689629e-02
857.20000000,3.065788638760e+13,-2.737194173730e-02,-3.108928177156e-02,-1.534904592322e-02,-1.741551923990e-02,-1.164342215958e-02,-1.091563342878e-02
857.40000000,4.864431745036e+13,-2.579895165992e-02,-2.930266640430e-02,-1.702577649978e-02,-1.931799146928e-02,3.913293470771e-04,3.668687473559e-04
857.60000000,4.975487992869e+13,-4.678634991968e-02,-5.314032996547e-02,-1.388108364525e-02,-1.574992221040e-02,-1.673967827854e-02,-1.569334078073e-02
857.80000000,3.035555525525e+13,-2.728153146402e-02,-3.098659302233e-02,8.821742751167e-03,1.000943194652e-02,9.159214498376e-03,8.586704715295e-03
858.00000000,6.067902334027e+13,-1.721268646953e-02,-1.955031414405e-02,3.475846805051e-02,3.943807140270e-02,2.511330590264e-03,2.354356285128e-03
858.20000000,4.282642370435e+13,-3.632250112754e-02,-4.125540244970e-02,5.936319810916e-03,6.735538638584e-03,2.686210277093e-02,2.518304867374e-02
858.40000000,4.176162172947e+13,-8.387719235056e-03,-9.526842093341e-03,1.109188309020e-03,1.258520590339e-03,7.511688719428e-03,7.042159888097e-03
858.60000000,4.943328629909e+13,-1.376210636499e-02,-1.563111622324e-02,2.280834035581e-03,2.587907367559e-03,2.854462433079e-03,2.676040182059e-03
858.80000000,2.872290905205e+13,-1.506092120455e-02,-1.710632104807e-02,5.612001013619e-03,6.367556141011e-03,2.769156219873e-02,2.596066155541e-02
859.00000000,4.944037633258e+13,-3.020641913840e-02,-3.430870505704e-02,9.132446863811e-03,1.036196678671e-02,9.690027428460e-03,9.084338425096e-03
859.20000000,3.896241231141e+13,-3.199396402217e-02,-3.633901357896e-02,-2.206974691370e-04,-2.504104189390e-04,-2.401208688619e-04,-2.251117710213e-04
859.40000000,5.312925563258e+13,-5.053342058755e-02,-5.739628436321e-02,-3.793264707407e-02,-4.303959661360e-02,-4.899751675665e-02,-4.593485699528e-02
859.60000000,3.764302759004e+13,-2.367113984320e-02,-2.688587983644e-02,-4.090380710456e-03,-4.641076997086e-03,-3.517893510759e-02,-3.298002552740e-02
859.80000000,3.858591011318e+13,-5.527527136712e-03,-6.278211838330e-03,-1.429475991403e-02,-1.621929255785e-02,-6.536379516982e-03,-6.127813780251e-03
860.00000000,4.698548586332e+13,2.197353479473e-02,2.495772573634e-02,2.645221257029e-02,3.001352782841e-02,4.213765413546e-02,3.950377988425e-02
860.20000000,4.398508834789e+13,-7.434322617210e-03,-8.443966191560e-03,4.952437580364e-03,5.619194339291e-03,2.177946694874e-02,2.041811026245e-02
860.40000000,4.863625959005e+13,-1.725734663267e-02,-1.960103953318e-02,-3.817840590963e-03,-4.331844246176e-03,1.009578744474e-02,9.464735832068e-03
860.60000000,4.172189089743e+13,-2.831776451907e-02,-3.216355524659e-02,-2.801566215863e-02,-3.178746781936e-02,-1.609254001836e-02,-1.508665282172e-02
860.80000000,6.027208021803e+13,-7.655211085776e-04,-8.694853173023e-04,-2.830120592407e-03,-3.211145492356e-03,1.590957929229e-02,1.491512831714e-02
861.00000000,4.726759071188e+13,6.453110279684e-04,7.329496961292e-04,-8.790517858000e-03,-9.974003182382e-03,-2.395971176802e-02,-2.246207576556e-02
861.20000000,5.109474962422e+13,1.154953937456e-02,1.311806401583e-02,2.174633662795e-02,2.467409022268e-02,-6.319627603596e-03,-5.924610254769e-03
861.40000000,6.186265294918e+13,1.660063007907e-02,1.885513534505e-02,2.031897850316e-02,2.305456396620e-02,-1.857291760633e-03,-1.741199086618e-03
861.60000000,3.089151182544e+13,1.511786473688e-02,1.717099799130e-02,3.358089939290e-03,3.810196427817e-03,1.173301618866e-02,1.099962725512e-02
861.80000000,6.259949426937e+13,-4.513534092863e-03,-5.126510005950e-03,-8.298147054104e-03,-9.415343494262e-03,-2.497328938726e-02,-2.341229826815e-02
862.00000000,4.622270526506e+13,1.231477954358e-02,1.398723023962e-02,-7.615504918275e-03,-8.640795857231e-03,-4.945099949747e-03,-4.635999414974e-03
862.20000000,4.509909152947e+13,7.951911420362e-03,9.031847909908e-03,-1.329923286509e-02,-1.508973567455e-02,3.231498084904e-04,3.029508682001e-04
862.40000000,2.471521580904e+13,-7.123804098117e-04,-8.091276644427e-04,-2.236964034077e-03,-2.538131058393e-03,-2.075412328634e-02,-1.945685717003e-02
862.60000000,2.559548103776e+13,1.657097249651e-02,1.882145001320e-02,1.627696472393e-02,1.846836563881e-02,-1.818213685855e-02,-1.704563642714e-02
862.80000000,5.090074713018e+13,1.466552007341e-02,1.665722111587e-02,2.210845655871e-02,2.508496309730e-02,-6.640003028227e-03,-6.224960155934e-03
863.00000000,4.676528639236e+13,4.057329145339e-02,4.608348587398e-02,3.226846720547e-02,3.661283667208e-02,1.073008489964e-03,1.005938561867e-03
863.20000000,6.218185964372e+12,2.148874051287e-02,2.440709231126e-02,2.008451938962e-02,2.278853914464e-02,-9.932354800401e-03,-9.311518778570e-03
863.40000000,3.743087252963e+13,1.324067994848e-02,1.503887571134e-02,1.042626154358e-02,1.182997037215e-02,-3.681707406422e-02,-3.451577026902e-02
863.60000000,4.020778430788e+13,1.121837668537e-02,1.274192664657e-02,2.265462392893e-03,2.570466209306e-03,-3.625292306330e-02,-3.398688233211e-02
863.80000000,2.045087859016e+13,-3.111705837952e-03,-3.534301677052e-03,-6.005969997904e-03,-6.814565972114e-03,-2.765183870579e-02,-2.592342103612e-02
864.00000000,5.831822073233e+13,-4.774173602530e-03,-5.422546554420e-03,-6.459437494167e-03,-7.329084721054e-03,-3.580596874281e-02,-3.356786552974e-02
864.20000000,5.122733407777e+13,4.604691666950e-02,5.230047545728e-02,2.807719444881e-02,3.185728432710e-02,6.737611122141e-03,6.316467116538e-03
864.40000000,2.355571710368e+13,6.288200002575e-02,7.142190480758e-02,5.389333336061e-02,6.114910260477e-02,7.186222221916e-02,6.737037138832e-02
864.60000000,4.184500383022e+13,2.155511110807e-01,2.448247659182e-01,2.155484444262e-01,2.445681705439e-01,5.388533332422e-02,5.051715360770e-02
864.80000000,4.854918291155e+13,3.591822221008e-02,4.079621905308e-02,1.077564444266e-01,1.222639140258e-01,3.111106942747e-06,2.916642760436e-06
865.00000000,4.645248554910e+13,-3.591055555490e-02,-4.078751120160e-02,2.244999995081e-03,2.547248917197e-03,-2.468733333608e-02,-2.314421630835e-02
865.20000000,6.389270557907e+13,-3.211673611241e-02,-3.647845915224e-02,-2.678752777668e-02,-3.039398720402e-02,-4.095284722340e-02,-3.839303102031e-02
865.40000000,3.705865566693e+13,-3.982306943203e-02,-4.523137738868e-02,-2.033220485578e-02,-2.306957100961e-02,-4.795570138267e-02,-4.495816177914e-02
865.60000000,4.341431125071e+13,3.364572222107e-02,3.821509444152e-02,1.121516668300e-02,1.272508741739e-02,-1.121549999202e-02,-1.051445914744e-02
865.80000000,3.948288226781e+13,2.691177778840e-02,3.056662368593e-02,1.076457777747e-01,1.221383480972e-01,3.588266668792e-02,3.363976936026e-02
866.00000000,5.659543052602e+13,8.968177775496e-02,1.018613178838e-01,8.968666664689e-02,1.017613652578e-01,1.614373333044e-01,1.513464622272e-01
866.20000000,2.357327233769e+13,-4.483333332478e-02,-5.092207728153e-02,-2.690311110806e-02,-3.052513175474e-02,-8.967111108261e-03,-8.406609021933e-03
866.40000000,5.612284511974e+13,5.604277772829e-03,6.365385856721e-03,-8.965722225908e-03,-1.017279567121e-02,7.844611106162e-03,7.354272485580e-03
866.60000000,4.021901059039e+13,-2.359909722102e-02,-2.680405321991e-02,-3.074203124602e-02,-3.488089353026e-02,-2.135869444296e-02,-2.002363874309e-02
866.80000000,4.985724240859e+13,-1.657451833711e-02,-1.882547740880e-02,-7.389742946872e-03,-8.384639091769e-03,-1.268456097936e-02,-1.189169437971e-02
867.00000000,5.967510131070e+13,-1.329819128271e-02,-1.510419756874e-02,-6.358858257791e-03,-7.214964297217e-03,-3.580989791855e-03,-3.357154910674e-03
867.20000000,3.875913587611e+13,5.365171138087e-03,6.093806528799e-03,1.321572866947e-02,1.499498913899e-02,1.652089846392e-02,1.548823611088e-02
867.40000000,4.581537327458e+13,2.902436847518e-02,3.296612196631e-02,1.913776058803e-02,2.171431627716e-02,6.479664060971e-02,6.074643404817e-02
867.60000000,3.414935722019e+13,2.089658988115e-02,2.373452264055e-02,3.220786510375e-02,3.654407558596e-02,8.487723616686e-02,7.957186330164e-02
867.80000000,4.243717250280e+13,3.578651872952e-02,4.064662913151e-02,5.467610826812e-02,6.203726409250e-02,7.087619205437e-02,6.644597444719e-02
868.00000000,4.571053581564e+13,1.521785430607e-02,1.728456698544e-02,1.917351156048e-02,2.175488047586e-02,2.774911068052e-02,2.601461288715e-02
868.20000000,3.486004620052e+13,-8.077941126733e-04,-9.174993510992e-04,4.208351944635e-03,4.774930938816e-03,8.742311332539e-03,8.195860677245e-03
868.40000000,7.429206079746e+13,-6.108875351806e-03,-6.938512033321e-03,2.712763618318e-02,3.077988509805e-02,-2.589324560977e-03,-2.427475131313e-03
868.60000000,5.648914187691e+13,-7.314995635712e-03,-8.308433601789e-03,7.777665701265e-03,8.824788676737e-03,1.768966447584e-02,1.658394673404e-02
868.80000000,5.250224189230e+13,6.008917661206e-03,6.824979247153e-03,5.783374810651e-03,6.562002341403e-03,2.753636893032e-02,2.581516886388e-02
869.00000000,3.113169669520e+13,1.217140452999e-02,1.382438369262e-02,3.247878327969e-02,3.685146802776e-02,4.311352352164e-02,4.041865116074e-02
869.20000000,3.453510657360e+13,-6.797772005926e-04,-7.720966650421e-04,2.485086492971e-02,2.819658749323e-02,5.971627517524e-02,5.598362411077e-02
869.40000000,4.433667812555e+13,-6.224175933137e-03,-7.069471403900e-03,2.547669377067e-02,2.890667294578e-02,3.838325901618e-02,3.598405859379e-02
869.60000000,4.981530755191e+13,-9.109887383832e-03,-1.034708675407e-02,1.377854358077e-02,1.563357696817e-02,3.740624365565e-04,3.506811297374e-04
869.80000000,5.777958352082e+13,-8.838354812937e-03,-1.003867777499e-02,4.513092584447e-03,5.120699431684e-03,-9.805608477630e-04,-9.192694915716e-04
870.00000000,5.297482506117e+13,-1.002632306755e-02,-1.138798211583e-02,2.296332155539e-02,2.605492030974e-02,-6.486016692939e-03,-6.080598956451e-03
870.20000000,4.210314373530e+13,-2.900942919561e-02,-3.294915380685e-02,-2.847400958943e-03,-3.230752349837e-03,-1.223121673859e-02,-1.146668706816e-02
870.40000000,5.320864765266e+13,-4.266614486796e-02,-4.846056639448e-02,-1.286649293772e-02,-1.459873508932e-02,-6.238551422340e-03,-5.848601856011e-03
870.60000000,3.304834826062e+13,-3.203047484443e-02,-3.638048287814e-02,3.343448898684e-03,3.793584234092e-03,-8.577535640782e-03,-8.041384525427e-03
870.80000000,3.497581700035e+13,-5.606294008544e-03,-6.367675914213e-03,1.448541503357e-02,1.643561596447e-02,-1.814980283614e-02,-1.701532348897e-02
871.00000000,3.798354272641e+13,-2.707489817025e-03,-3.075189718836e-03,1.078459472997e-02,1.223654668530e-02,1.659966298869e-02,1.556207734654e-02
871.20000000,5.153654992229e+13,1.857500892827e-02,2.109765145720e-02,1.528246119195e-02,1.733997007064e-02,4.418123050574e-03,4.141961959493e-03
871.40000000,5.228160254295e+13,1.527522096817e-03,1.734972452302e-03,6.651133330313e-03,7.546588958081e-03,-1.081119310535e-02,-1.013542404014e-02
871.60000000,4.767569001032e+13,-8.628727835590e-03,-9.800581690016e-03,1.095494801539e-02,1.242983498052e-02,-1.060666056943e-02,-9.943676102484e-03
871.80000000,3.026830518746e+13,-2.204601295686e-02,-2.504004704282e-02,7.044752786866e-03,7.993202203823e-03,1.872291511570e-03,1.755261256700e-03
872.00000000,4.176721000785e+13,-2.596734729760e-02,-2.949393158670e-02,1.506795405614e-02,1.709658340221e-02,2.111040126167e-03,1.979086548170e-03
872.20000000,3.731150041914e+13,2.343089835880e-02,2.661301153674e-02,3.842273115873e-02,4.359566171681e-02,-1.578729183547e-02,-1.480048461245e-02
872.40000000,5.395286237691e+13,3.192769271841e-02,3.626374207446e-02,2.264331288574e-02,2.569182822108e-02,3.492291677059e-02,3.274000998219e-02
872.60000000,6.152025850163e+13,1.051920855711e-02,1.194780560270e-02,5.351536629630e-03,6.072024906473e-03,1.337221876634e-02,1.253636913463e-02
872.80000000,3.954357429977e+13,1.016010502856e-02,1.153993279297e-02,-2.229144875902e-03,-2.529259191027e-03,-1.842263427066e-02,-1.727110120503e-02
873.00000000,5.535478969878e+13,4.997118884274e-04,5.675769681608e-04,4.311808025571e-03,4.892315522655e-03,-1.467247713978e-02,-1.375535300146e-02
873.20000000,4.753083674865e+13,-1.876431219781e-02,-2.131266370381e-02,-2.014418871365e-03,-2.285624187130e-03,-2.876889676479e-02,-2.697065578581e-02
873.40000000,1.960943183585e+13,-1.681756942236e-02,-1.910153687679e-02,-5.501899251592e-03,-6.242631154498e-03,-1.164253129492e-02,-1.091479824889e-02
873.60000000,4.227707894114e+13,-1.879886679236e-02,-2.135191110308e-02,-1.325804468058e-02,-1.504300224087e-02,-2.111861356336e-02,-1.979856446174e-02
873.80000000,3.342150870361e+13,-1.564807139569e-02,-1.777321117628e-02,-2.487449557293e-02,-2.822339957808e-02,-6.950812775833e-03,-6.516342296379e-03
874.00000000,5.026787305550e+13,-1.062113130486e-02,-1.206357031732e-02,2.450731921906e-03,2.780678952380e-03,5.146389605766e-03,4.824707173569e-03
874.20000000,6.316091392140e+13,2.222554792371e-03,2.524396436904e-03,2.208410419226e-02,2.505733212215e-02,7.649817688223e-03,7.171654908427e-03
874.40000000,6.751717832718e+13,-4.828224812147e-03,-5.483938373167e-03,-7.005501939146e-03,-7.948666934524e-03,-3.507085175922e-02,-3.287869808308e-02
874.60000000,2.824205674767e+13,-2.494694777822e-02,-2.833495322550e-02,-1.065566206248e-02,-1.209025555017e-02,-2.948409090219e-02,-2.764114569223e-02
874.80000000,3.549585673108e+13,-3.303620457130e-02,-3.752279916556e-02,-8.911701190660e-03,-1.011150167395e-02,-5.812025065685e-02,-5.448736138429e-02
875.00000000,5.179556519319e+13,-8.592260361663e-03,-9.759161626241e-03,3.689474542306e-03,4.186196014924e-03,8.438099709106e-03,7.910664235798e-03
875.20000000,5.713334403582e+13,1.316385895832e-03,1.495162178424e-03,1.024621623822e-02,1.162568520060e-02,2.884410363896e-02,2.704116174690e-02
875.40000000,4.296315792953e+13,2.588613086793e-02,2.940168528242e-02,1.858408887878e-02,2.108610261795e-02,4.660408559257e-02,4.369103066433e-02
875.60000000,5.657856635862e+13,5.474286546885e-02,6.217740728363e-02,2.918745873919e-02,3.311702576037e-02,7.216227583128e-02,6.765166972088e-02
875.80000000,6.033494847428e+13,2.079690228718e-02,2.362129663241e-02,7.458590816652e-03,8.462756090494e-03,3.745719675835e-02,3.511588117995e-02
876.00000000,4.666379964626e+13,-1.165260645006e-02,-1.323512846754e-02,-9.617607903171e-03,-1.091244604501e-02,-7.985423483862e-03,-7.486283184508e-03
876.20000000,4.490940747310e+13,-2.332712531946e-02,-2.649514524535e-02,-1.984805552590e-02,-2.252023966930e-02,-1.303797387280e-02,-1.222301669551e-02
876.40000000,6.149314345690e+13,-2.768236850905e-02,-3.144186711128e-02,-2.013463789548e-02,-2.284540520703e-02,-1.682102283438e-02,-1.576960077894e-02
876.60000000,5.922032923552e+13,-4.078631357305e-03,-4.632543819015e-03,-1.298734911256e-02,-1.473586237715e-02,6.289264169102e-03,5.896144730111e-03
876.80000000,4.426787359656e+13,-4.305673111998e-03,-4.890419754647e-03,-2.516522094055e-02,-2.855326589412e-02,1.671164627823e-02,1.566706096063e-02
877.00000000,5.202216308062e+13,1.572286777099e-03,1.785816552881e-03,-1.478393191465e-02,-1.677432278130e-02,1.440216501122e-03,1.350193711855e-03
877.20000000,5.118812992805e+13,-4.292137595948e-03,-4.875046001611e-03,-2.666031001317e-02,-3.024964185388e-02,2.050272279460e-02,1.922117082507e-02
877.40000000,2.405223250416e+13,-1.962523057217e-02,-2.229050203839e-02,-4.813981055167e-03,-5.462097130087e-03,-1.934749030906e-02,-1.813814779590e-02
877.60000000,1.673268477447e+13,-8.089865496783e-03,-9.188537310848e-03,-1.271411046088e-02,-1.442583704924e-02,2.380550992274e-02,2.231751252685e-02
877.80000000,5.863030651372e+13,-3.967623847208e-03,-4.506460554873e-03,1.522744747793e-02,1.727754974825e-02,2.451899181844e-02,2.298639721769e-02
878.00000000,3.779350729764e+13,-9.965091579588e-03,-1.131843487651e-02,1.922957151332e-02,2.181848789433e-02,1.073065305893e-02,1.005991826435e-02
878.20000000,5.089567850049e+13,-7.375399560894e-04,-8.377040888331e-04,8.806699303587e-03,9.992363168949e-03,8.109651185581e-04,7.602745856318e-04
878.40000000,4.726276518639e+13,-2.390735314631e-02,-2.715417289395e-02,-1.206341476404e-02,-1.368753686536e-02,-3.602082526636e-03,-3.376929213944e-03
878.60000000,6.905975370328e+13,6.171983621298e-03,7.010190936895e-03,-9.005066741248e-03,-1.021743721879e-02,4.256691112602e-02,3.990620555356e-02
878.80000000,3.702863706302e+13,6.266331705768e-02,7.117352285214e-02,5.390310396825e-03,6.116018864923e-03,-1.147538065337e-02,-1.075809559691e-02
879.00000000,5.802564909569e+13,9.272480352217e-03,1.053176121585e-02,2.211439870208e-02,2.509170524354e-02,-1.515497647756e-02,-1.420769302904e-02
879.20000000,3.927326083123e+13,3.948819942472e-03,4.485102921631e-03,5.705399659798e-03,6.473529237166e-03,-3.073103548714e-03,-2.881014822506e-03
879.40000000,4.641426424124e+13,1.671282117151e-02,1.898256293198e-02,2.047993678124e-02,2.323719238511e-02,1.954559193200e-02,1.832386679398e-02
879.60000000,5.035328557384e+13,5.626435903107e-03,6.390553247561e-03,9.881832785881e-03,1.121224406187e-02,9.601221377604e-03,9.001083323278e-03
879.80000000,3.124926061989e+13,1.712524767342e-03,1.945100042359e-03,3.520205092903e-04,3.994137474773e-04,1.239560247809e-02,1.162079764224e-02
880.00000000,5.251448192581e+13,-2.448232126595e-02,-2.780722652283e-02,-1.781905761466e-02,-2.021807363647e-02,-1.031004664548e-02,-9.665602455464e-03
880.20000000,5.291328892025e+13,-1.804320825716e-02,-2.049362777962e-02,-1.861305186984e-02,-2.111896495548e-02,-7.812704656824e-03,-7.324360394425e-03
880.40000000,5.230438858766e+13,-1.706479266891e-02,-1.938233512071e-02,1.165117366812e-02,1.321979491101e-02,-4.837991858628e-03,-4.535586268058e-03
880.60000000,4.796536491817e+13,-1.470799104314e-02,-1.670546000070e-02,4.745840890119e-04,5.384783115831e-04,-7.334012693285e-03,-6.875589755718e-03
880.80000000,5.266131420959e+13,1.820775177395e-02,2.068051769070e-02,-3.657608108080e-03,-4.150039337750e-03,-7.576360751822e-03,-7.102789502743e-03
881.00000000,4.373956378843e+13,2.355675024583e-02,2.675595516912e-02,9.286960705244e-03,1.053728314134e-02,-3.367632605131e-03,-3.157133919615e-03
881.20000000,4.018715233976e+13,3.217582688988e-02,3.654557495456e-02,1.259954924130e-02,1.429585221933e-02,1.543566078770e-02,1.447083276551e-02
881.40000000,6.155253782309e+13,2.410378258975e-03,2.737727910885e-03,-4.387473177827e-03,-4.978167628479e-03,3.231501243268e-03,3.029511642944e-03
881.60000000,4.808335758437e+13,-1.736152035296e-02,-1.971936092135e-02,-1.269099957484e-02,-1.439961469754e-02,-3.807567523853e-03,-3.569570077943e-03
881.80000000,5.348349770140e+13,-8.308197555072e-03,-9.436520700008e-03,5.863992249774e-04,6.653473470568e-04,2.025590253547e-02,1.898977841874e-02
882.00000000,4.571998915916e+13,-5.348788145367e-03,-6.075198587796e-03,-1.058172362907e-02,-1.200636263486e-02,1.282896574562e-02,1.202707291982e-02
882.20000000,3.373799276016e+13,-4.304463652829e-03,-4.889046040745e-03,-2.511205662015e-03,-2.849294395296e-03,3.603366369477e-03,3.378132808355e-03
882.40000000,4.783572972902e+13,3.735175701092e-02,4.242443994366e-02,1.677487845611e-02,1.903331451093e-02,2.623758614480e-03,2.459756835125e-03
882.60000000,6.031053472982e+13,2.390868122254e-02,2.715568133411e-02,2.347965557537e-03,2.664076943054e-03,-1.339853483308e-02,-1.256104027804e-02
882.80000000,3.976439416208e+13,1.440117428621e-02,1.635697494618e-02,1.057313165279e-02,1.199661390333e-02,-1.179716656729e-02,-1.105976782272e-02
883.00000000,3.055261667983e+13,-2.243610020648e-03,-2.548311142368e-03,3.693182963279e-03,4.190403708167e-03,-3.372981526620e-03,-3.162148499128e-03
883.20000000,5.759971340647e+13,1.604627524437e-02,1.822549445868e-02,9.334587851573e-03,1.059132242739e-02,2.557686483114e-02,2.397814636691e-02
883.40000000,7.234734939081e+13,9.631436611232e-03,1.093946675560e-02,-1.283639523645e-02,-1.456458527323e-02,5.941962227858e-03,5.570551392710e-03
883.60000000,6.434884284852e+13,-1.348292386337e-02,-1.531401838846e-02,-2.536422986356e-02,-2.877906779378e-02,-4.992407872602e-03,-4.680350288547e-03
883.80000000,6.561506005961e+13,8.313590540228e-03,9.442646097932e-03,-3.133215988044e-02,-3.555047238474e-02,-2.044559230969e-03,-1.916761136271e-03
884.00000000,3.583056390598e+13,1.562457281245e-02,1.774652128770e-02,-1.164962971993e-02,-1.321804309793e-02,-5.912538842501e-03,-5.542967158075e-03
884.20000000,5.936486674156e+13,6.116460897026e-03,6.947127759419e-03,-1.145180771433e-02,-1.299358791278e-02,1.289102573484e-02,1.208525376078e-02
884.40000000,3.719319662002e+13,-8.839532980802e-03,-1.004001594796e-02,2.440588721251e-03,2.769170151961e-03,9.548581600212e-03,8.951733870351e-03
884.60000000,3.631051837192e+13,-1.298207644360e-02,-1.474515167424e-02,-1.384569162700e-02,-1.570976529265e-02,9.178720966891e-03,8.604991904137e-03
884.80000000,6.767438802199e+13,-2.973093324958e-03,-3.376864418311e-03,-1.501231774247e-02,-1.703345665831e-02,-2.780852652778e-04,-2.607031486199e-04
885.00000000,3.113221823675e+13,0.000000000000e+00,4.698214110269e-16,0.000000000000e+00,4.690051541034e-16,0.000000000000e+00,3.166522489141e-16
