wavelength_nm,measurement,init_raw,init_fit,opt_raw,opt_fit,truth_raw,truth_fit
300.00000000,-3.376332192557e+14,-1.662024980710e-01,-6.804099735771e-01,-1.829904513889e+00,-1.053040607518e+00,-1.373029031636e+00,-1.428610624554e+00
300.50000000,-3.376958744951e+14,3.777717496142e-01,1.546545143163e+00,1.314542824074e+00,7.564695116954e-01,4.020486111111e-01,4.183239423103e-01
301.00000000,-9.586510657258e+14,6.597728587963e-01,2.701018568498e+00,9.559027777778e-01,5.500857745302e-01,2.011188271605e-02,2.092603190895e-02
301.50000000,7.811200381533e+14,1.978163580247e-01,8.098327311495e-01,9.152006172840e-02,5.266632257095e-02,-1.116141975309e+00,-1.161324522422e+00
302.00000000,-1.040820018159e+14,2.853684413580e-01,1.168258816190e+00,4.454012345679e-01,2.563115086490e-01,-5.997569444444e-01,-6.240357073603e-01
302.50000000,4.118769759351e+14,1.229308931327e-01,5.032620250540e-01,5.652006172840e-01,3.252515073200e-01,-8.759182098765e-01,-9.113762579213e-01
303.00000000,8.297749738486e+14,3.807209683642e-01,1.558618835646e+00,2.297855420525e+00,1.322328596739e+00,-7.081794945988e-01,-7.368473111377e-01
303.50000000,-1.752698987895e+15,9.823067370756e-01,4.021427528320e+00,6.188011188272e-01,3.560965619553e-01,-1.760718074846e-01,-1.831993709245e-01
304.00000000,-4.579720926536e+13,1.521403597608e+01,6.228415298586e+01,1.683515046296e+01,9.687990240262e+00,1.787984664352e+01,1.860364077654e+01
304.50000000,3.020142270376e+14,1.805963621238e+02,7.393364564733e+02,1.880128452932e+02,1.081942578566e+02,2.208902980324e+02,2.298321589413e+02
305.00000000,-3.075139532862e+14,1.931797132041e+03,7.908509503912e+03,2.007405927855e+03,1.155185935527e+03,2.372684953704e+03,2.468733621416e+03
305.50000000,-7.450727952433e+14,1.856241952501e+04,7.599197078943e+04,1.927549723006e+04,1.109231719977e+04,2.279643246600e+04,2.371925492649e+04
306.00000000,-6.453566198228e+14,1.603024539283e+05,6.562560112369e+05,1.664444815885e+05,9.578248300915e+04,1.968626074730e+05,2.048318033583e+05
306.50000000,-3.976891315463e+14,1.244093036247e+06,5.093144325417e+06,1.291755186497e+06,7.433560910027e+05,1.527834396647e+06,1.589682666075e+06
307.00000000,-2.641121936135e+14,8.677062763103e+06,3.552269137885e+07,9.009473070965e+06,5.184609865735e+06,1.065604328650e+07,1.108741061117e+07
307.50000000,1.214939772526e+14,5.438807760305e+07,2.226572456751e+08,5.647164453995e+07,3.249728847735e+07,6.679237661701e+07,6.949619904290e+07
308.00000000,-1.288445614570e+15,3.063725697751e+08,1.254246804500e+09,3.181094725372e+08,1.830599299992e+08,3.762470159591e+08,3.914778726969e+08
308.50000000,2.237952750151e+14,1.551012584797e+09,6.349630385152e+09,1.610430708592e+09,9.267417610425e+08,1.904752297727e+09,1.981858581995e+09
309.00000000,-4.373047074086e+14,7.056736585966e+09,2.888930076098e+10,7.327074840176e+09,4.216453526653e+09,8.666167737643e+09,9.016982903421e+09
309.50000000,-2.724396599802e+14,2.885488139678e+10,1.181278820513e+11,2.996029013244e+10,1.724101005435e+10,3.543581925866e+10,3.687029677906e+10
310.00000000,-7.015249322941e+14,1.060388302218e+11,4.341082625516e+11,1.101010978062e+11,6.335900373066e+10,1.302231248336e+11,1.354946875946e+11
310.50000000,-6.411865345381e+14,3.502224925150e+11,1.433762305886e+12,3.636392519800e+11,2.092605903291e+11,4.300977978252e+11,4.475085882475e+11
311.00000000,-2.894536735625e+14,1.039584056408e+12,4.255912928876e+12,1.079409737303e+12,6.211593429617e+11,1.276682174536e+12,1.328363550002e+12
311.50000000,-3.607845066938e+14,2.773412181454e+12,1.135396477793e+13,2.879659509749e+12,1.657134772101e+12,3.405944784241e+12,3.543820846681e+12
312.00000000,-1.179030919574e+15,6.649836717686e+12,2.722350914028e+13,6.904586945433e+12,3.973327775570e+12,8.166466144526e+12,8.497052888406e+12
312.50000000,5.866344942785e+13,1.433017756928e+13,5.866575926617e+13,1.487915586069e+13,8.562389571676e+12,1.759846368157e+13,1.831086714995e+13
313.00000000,-2.762693852927e+14,2.775480667470e+13,1.136243287276e+14,2.881807237904e+13,1.658370708154e+13,3.408485030226e+13,3.546463924373e+13
313.50000000,-1.439101409604e+15,4.831396055923e+13,1.977906530230e+14,5.016483193822e+13,2.886795715257e+13,5.933293402011e+13,6.173479072477e+13
314.00000000,-7.604458879163e+13,7.558861011421e+13,3.094492851039e+14,7.848435274054e+13,4.516476672046e+13,9.282811768412e+13,9.658589303305e+13
314.50000000,-5.306829420309e+14,1.062895523528e+14,4.351346841792e+14,1.103614249143e+14,6.350881210256e+13,1.305310292052e+14,1.358150562442e+14
315.00000000,-9.505968052456e+14,1.343309947329e+14,5.499324597261e+14,1.394771137963e+14,8.026378618778e+13,1.649678882685e+14,1.716459539167e+14
315.50000000,3.731203068679e+14,1.525857488033e+14,6.246648908198e+14,1.584311937230e+14,9.117113992643e+13,1.873860073023e+14,1.949715809037e+14
316.00000000,-4.829130832525e+14,1.557773020624e+14,6.377306671702e+14,1.617450129796e+14,9.307811715758e+13,1.913054586731e+14,1.990496955988e+14
316.50000000,-6.772661986598e+14,1.429377471368e+14,5.851673102470e+14,1.484135843915e+14,8.540638589898e+13,1.755375842031e+14,1.826435217486e+14
317.00000000,-1.878696599389e+12,1.178805196804e+14,4.825864966647e+14,1.223964334554e+14,7.043450282004e+13,1.447655504847e+14,1.506258052282e+14
317.50000000,-1.289744695122e+15,8.737536942391e+13,3.577026428064e+14,9.072265390697e+13,5.220744462932e+13,1.073030852574e+14,1.116468218181e+14
318.00000000,2.667695307800e+13,5.820859554465e+13,2.382979161937e+14,6.043852292501e+13,3.478007645500e+13,7.148424014255e+13,7.437799391184e+13
318.50000000,2.571436213651e+12,3.485260856367e+13,1.426817451430e+14,3.618778570350e+13,2.082469743787e+13,4.280144911328e+13,4.453409472098e+13
319.00000000,-1.274497217343e+15,1.875565402877e+13,7.678304604473e+13,1.947416898457e+13,1.120664525540e+13,2.303325933357e+13,2.396566878330e+13
319.50000000,-9.849761622547e+14,9.071441576937e+12,3.713722353941e+13,9.418961659881e+12,5.420255009605e+12,1.114036684887e+13,1.159134007732e+13
320.00000000,1.181815572644e+14,3.943353606336e+12,1.614354269180e+13,4.094420507967e+12,2.356183629483e+12,4.842714955149e+12,5.038752915783e+12
320.50000000,2.031080578707e+14,1.540629992304e+12,6.307125491628e+12,1.599650364994e+12,9.205380823883e+11,1.892001744934e+12,1.968591874031e+12
321.00000000,-1.069906643052e+15,5.409683094610e+11,2.214649222596e+12,5.616923972686e+11,3.232326598292e+11,6.643470467066e+11,6.912404817727e+11
321.50000000,-4.348519053028e+14,1.707196636873e+11,6.989026230457e+11,1.772598052075e+11,1.020062913378e+11,2.096557273347e+11,2.181428015488e+11
322.00000000,-7.153774560568e+14,4.842065650414e+10,1.982274514219e+11,5.027561532454e+10,2.893170878745e+10,5.946396412770e+10,6.187112506259e+10
322.50000000,-9.636531193086e+14,1.234269889573e+10,5.052929725475e+10,1.281553837997e+10,7.374856020560e+09,1.515770039755e+10,1.577129931910e+10
323.00000000,5.911732015005e+14,2.827604314444e+09,1.157581985354e+10,2.935927703842e+09,1.689514982566e+09,3.472496526609e+09,3.613066670360e+09
323.50000000,3.649864746772e+13,5.821738225931e+08,2.383338877847e+09,6.044764643303e+08,3.478532668766e+08,7.149503087399e+08,7.438922146291e+08
324.00000000,4.666511587006e+14,1.077231094822e+08,4.410034682216e+08,1.118499017167e+08,6.436537401847e+07,1.322915383325e+08,1.376468325475e+08
324.50000000,-6.950576423493e+14,1.791436737558e+07,7.333893517932e+07,1.860065430795e+07,1.070397070667e+07,2.200010065246e+07,2.289068680209e+07
325.00000000,-6.932373398181e+14,2.683331057485e+06,1.098518515132e+07,2.786125856327e+06,1.603309703921e+06,3.295317376142e+06,3.428715130097e+06
325.50000000,-4.872813172884e+14,4.040779844753e+05,1.654239219813e+06,4.195579257407e+05,2.414396651068e+05,4.962338726080e+05,5.163219176994e+05
326.00000000,-1.268156187869e+15,3.376590984414e+05,1.382329513185e+06,3.505920923765e+05,2.017524450838e+05,4.146667370988e+05,4.314528626991e+05
326.50000000,6.315078489845e+14,1.794881062546e+06,7.347994106681e+06,1.863641725849e+06,1.072455092759e+06,2.204239129136e+06,2.293468940849e+06
327.00000000,1.111750712760e+15,1.002510985407e+07,4.104140918509e+07,1.040916334465e+07,5.990078503554e+06,1.231153904113e+07,1.280992249509e+07
327.50000000,-4.256352339791e+14,5.167223977989e+07,2.115389823340e+08,5.365176140829e+07,3.087455274248e+07,6.345713726007e+07,6.602594585016e+07
328.00000000,-7.337711110324e+14,2.451659552940e+08,1.003675414628e+09,2.545580762098e+08,1.464885130267e+08,3.010809971303e+08,3.132690580032e+08
328.50000000,-1.511607948541e+15,1.070731663385e+09,4.383426911435e+09,1.111750581211e+09,6.397702713779e+08,1.314933621204e+09,1.368163453614e+09
329.00000000,-3.580699278345e+14,4.304474069759e+09,1.762191977895e+10,4.469375219408e+09,2.571955837339e+09,5.286196224952e+09,5.500186752384e+09
329.50000000,2.176702698463e+14,1.592869171005e+10,6.520985443264e+10,1.653890786875e+10,9.517513868947e+09,1.956155122196e+10,2.035342244377e+10
330.00000000,-4.557363450342e+14,5.425780201403e+10,2.221239154838e+11,5.633637747387e+10,3.241944741387e+10,6.663238843846e+10,6.932973438235e+10
330.50000000,-3.965772082535e+14,1.701248679170e+11,6.964676116649e+11,1.766422232593e+11,1.016508963623e+11,2.089252763897e+11,2.173827812166e+11
331.00000000,-7.803327843855e+14,4.910189717769e+11,2.010163562463e+12,5.098295381447e+11,2.933875524671e+11,6.030057548134e+11,6.274160328329e+11
331.50000000,-2.849897249312e+14,1.304532421461e+12,5.340574785090e+12,1.354508074337e+12,7.794679966422e+11,1.602057359689e+12,1.666910249136e+12
332.00000000,-5.449436930954e+13,3.190353396865e+12,1.306086428097e+13,3.312573428567e+12,1.906260304398e+12,3.917977855799e+12,4.076581530757e+12
332.50000000,2.015146384239e+14,7.182094374465e+12,2.940249815903e+13,7.457234991486e+12,4.291355754485e+12,8.820115898466e+12,9.177163040268e+12
333.00000000,7.659072330882e+14,1.488308005318e+13,6.092926534358e+13,1.545323962162e+13,8.892752991072e+12,1.827746673198e+13,1.901735692517e+13
333.50000000,-1.215795452807e+13,2.838996294107e+13,1.162245703812e+14,2.947756100279e+13,1.696321775858e+13,3.486486676974e+13,3.627623156049e+13
334.00000000,2.095735816809e+14,4.985031856715e+13,2.040802896031e+14,5.176004666233e+13,2.978594269195e+13,6.121968946843e+13,6.369792392683e+13
334.50000000,1.923189151571e+14,8.057547318733e+13,3.298648108101e+14,8.366225877569e+13,4.814445515532e+13,9.895233549322e+13,1.029580253242e+14
335.00000000,-1.181451268872e+14,1.198864821207e+14,4.907986286533e+14,1.244792428034e+14,7.163308056249e+13,1.472290131307e+14,1.531889913139e+14
335.50000000,-2.095728260532e+14,1.641989991710e+14,6.722079269807e+14,1.704893389507e+14,9.811014492904e+13,2.016478937187e+14,2.098108027929e+14
336.00000000,4.237330183026e+12,2.070161093481e+14,8.474952369933e+14,2.149467403157e+14,1.236936923692e+14,2.542303097257e+14,2.645218077618e+14
336.50000000,4.082607924555e+14,2.402544472044e+14,9.835683817719e+14,2.494584138190e+14,1.435538508400e+14,2.950493211282e+14,3.069932137042e+14
337.00000000,2.686236126180e+14,2.566685114774e+14,1.050765284152e+15,2.665012885108e+14,1.533613784914e+14,3.152069439196e+14,3.279668372926e+14
337.50000000,7.777095830394e+13,2.524106737873e+14,1.033334287243e+15,2.620803362711e+14,1.508172882413e+14,3.099780204405e+14,3.225262417444e+14
338.00000000,1.949368184568e+13,2.284950568639e+14,9.354270688332e+14,2.372485301063e+14,1.365275260975e+14,2.806079645698e+14,2.919672565416e+14
338.50000000,7.732802157677e+14,1.904056230220e+14,7.794942099727e+14,1.976999187902e+14,1.137688010543e+14,2.338314668691e+14,2.432971992779e+14
339.00000000,2.109405076414e+14,1.460549881022e+14,5.979288623746e+14,1.516502445065e+14,8.726896097212e+13,1.793657748623e+14,1.866266814069e+14
339.50000000,4.023356589549e+14,1.031303222993e+14,4.222012345488e+14,1.070811671408e+14,6.162114823141e+13,1.266512729992e+14,1.317782436139e+14
340.00000000,-7.231667494082e+14,6.703310032417e+13,2.744242147364e+14,6.960108782506e+13,4.005278485893e+13,8.232135127529e+13,8.565380217735e+13
340.50000000,-1.104182934413e+14,4.010741572693e+13,1.641941967885e+14,4.164390056475e+13,2.396448449482e+13,4.925472106816e+13,5.124860159990e+13
341.00000000,4.153757525618e+14,2.208980530003e+13,9.043259887767e+13,2.293604907562e+13,1.319882587825e+13,2.712783107022e+13,2.822599289240e+13
341.50000000,8.327142800168e+14,1.119928318266e+13,4.584831192575e+13,1.162831927219e+13,6.691656475983e+12,1.375350566291e+13,1.431026137262e+13
342.00000000,-6.415949555532e+14,5.226595531755e+12,2.139695713924e+13,5.426822463418e+12,3.122930393577e+12,6.418626091627e+12,6.678458516358e+12
342.50000000,-3.677496477936e+14,2.245313519830e+12,9.192002108460e+12,2.331329786818e+12,1.341591824273e+12,2.757402568211e+12,2.869024990990e+12
343.00000000,-1.021432953315e+15,8.878989300328e+11,3.634935061354e+12,9.219136681738e+11,5.305263317534e+11,1.090402194773e+12,1.134542769743e+12
343.50000000,-8.912326264053e+14,3.232045277651e+11,1.323154505793e+12,3.355862493814e+11,1.931171518737e+11,3.969178411146e+11,4.129854735960e+11
344.00000000,-6.243141220084e+14,1.082972759852e+11,4.433540262441e+11,1.124460629234e+11,6.470844217013e+10,1.329966547172e+11,1.383804927510e+11
344.50000000,-9.765602971659e+13,3.340277712191e+10,1.367463363229e+11,3.468241231184e+10,1.995841217606e+10,4.102095436020e+10,4.268152375372e+10
345.00000000,-1.417368983412e+14,9.483561395011e+09,3.882438491051e+10,9.846869477770e+09,5.666499720786e+09,1.164647890639e+10,1.211794005877e+10
345.50000000,-5.062322164942e+14,2.478498980584e+09,1.014663104023e+10,2.573448407855e+09,1.480921902894e+09,3.043770677671e+09,3.166985568867e+09
346.00000000,9.079017022760e+14,5.964651410449e+08,2.441845553276e+09,6.193152728543e+08,3.563924380870e+08,7.325010514567e+08,7.621534290218e+08
346.50000000,-8.973561918149e+14,1.333631486535e+08,5.459702321245e+08,1.384721911196e+08,7.968549132161e+07,1.637793064155e+08,1.704092570777e+08
347.00000000,-3.386074675353e+14,3.393239948880e+07,1.389145368304e+08,3.523232492020e+07,2.027486601439e+07,4.167136927971e+07,4.335826812181e+07
347.50000000,-2.280552613803e+14,3.927273979653e+07,1.607771493052e+08,4.077724623373e+07,2.346575781465e+07,4.822968049618e+07,5.018206635702e+07
348.00000000,-7.613223580133e+14,1.555630606880e+08,6.368535927005e+08,1.615225615055e+08,9.295010477571e+07,1.910423554371e+08,1.987759416799e+08
348.50000000,-3.832934956426e+14,6.485262607163e+08,2.654976555945e+09,6.733708086824e+08,3.874993476860e+08,7.964357578618e+08,8.286762764952e+08
349.00000000,-5.213138292630e+14,2.520224147263e+09,1.031744808502e+10,2.616772029599e+09,1.505853003186e+09,3.095012108736e+09,3.220301304477e+09
349.50000000,-1.300480934331e+14,9.083838047314e+09,3.718797296965e+10,9.431833029541e+09,5.427661994409e+09,1.115559058287e+10,1.160718008334e+10
350.00000000,-1.157765926345e+15,3.036243486031e+10,1.242995968221e+11,3.152559683209e+10,1.814178466059e+10,3.728720070406e+10,3.879662400308e+10
350.50000000,1.215979656988e+15,9.411064702669e+10,3.852759350789e+11,9.771595491535e+10,5.623182398164e+10,1.155744788032e+11,1.202530496743e+11
351.00000000,-1.047277707877e+15,2.705059151013e+11,1.107413695238e+12,2.808687926284e+11,1.616293319008e+11,3.322002466137e+11,3.456480459311e+11
351.50000000,9.727027862707e+14,7.210270594463e+11,2.951784769545e+12,7.486490621201e+11,4.308191259209e+11,8.854718273878e+11,9.213166154557e+11
352.00000000,-1.042171558984e+14,1.782231200209e+12,7.296207324901e+12,1.850507132897e+12,1.064896632939e+12,2.188704982709e+12,2.277305956587e+12
352.50000000,-1.978947496706e+14,4.085216062897e+12,1.672430791158e+13,4.241717608208e+12,2.440947521121e+12,5.016932007063e+12,5.220022448771e+12
353.00000000,-1.022090130019e+15,8.683709679981e+12,3.554990293457e+13,9.016376046468e+12,5.188582266187e+12,1.066420487015e+13,1.109590258391e+13
353.50000000,-4.755124859349e+14,1.711731085264e+13,7.007589633207e+13,1.777306211740e+13,1.022772280603e+13,2.102125894184e+13,2.187222059684e+13
354.00000000,-4.820328679094e+14,3.129005986143e+13,1.280971649081e+14,3.248875844822e+13,1.869604762114e+13,3.842638930352e+13,3.998192810012e+13
354.50000000,1.779189759027e+14,5.304182213441e+13,2.171458625221e+14,5.507381432345e+13,3.169289023186e+13,6.513907981419e+13,6.777597512656e+13
355.00000000,-6.445917048115e+14,8.338197222903e+13,3.413542286045e+14,8.657627267834e+13,4.982135957687e+13,1.023989132637e+14,1.065441240212e+14
355.50000000,-4.375044559864e+14,1.215536527427e+14,4.976237939306e+14,1.262102814742e+14,7.262922762896e+13,1.492764156489e+14,1.553192747405e+14
356.00000000,-2.463149080385e+14,1.643260264331e+14,6.727279589721e+14,1.706212325314e+14,9.818604467968e+13,2.018038921108e+14,2.099731161564e+14
356.50000000,1.201954542239e+15,2.060096094696e+14,8.433747660998e+14,2.139016821862e+14,1.230923010730e+14,2.529942572433e+14,2.632357186346e+14
357.00000000,2.700201761266e+14,2.395033632578e+14,9.804935482756e+14,2.486785564130e+14,1.431050724965e+14,2.941269373342e+14,3.060334908887e+14
357.50000000,-7.445533305264e+14,2.582134873600e+14,1.057090201116e+15,2.681054512538e+14,1.542845132761e+14,3.171042827227e+14,3.299409822744e+14
358.00000000,1.225430882093e+15,2.581603167375e+14,1.056872527963e+15,2.680502437049e+14,1.542527434267e+14,3.170389854671e+14,3.298730417203e+14
358.50000000,3.228748896512e+14,2.393554486029e+14,9.798880061951e+14,2.485249752593e+14,1.430166923705e+14,2.939452877579e+14,3.058444879553e+14
359.00000000,-6.468720204491e+13,2.057976287831e+14,8.425069465725e+14,2.136815806795e+14,1.229656410082e+14,2.527339300845e+14,2.629648531711e+14
359.50000000,7.663913118854e+12,1.640893916059e+14,6.717592088125e+14,1.703755324025e+14,9.804465357920e+13,2.015132879370e+14,2.096707480341e+14
360.00000000,1.240392633094e+14,1.213138588288e+14,4.966421109086e+14,1.259613012364e+14,7.248594895029e+13,1.489819318950e+14,1.550128699888e+14
360.50000000,-6.124222967613e+14,8.306424734245e+13,3.400535069897e+14,8.624637599106e+13,4.963151655209e+13,1.020087248065e+14,1.061381403437e+14
361.00000000,-3.925362665701e+14,5.272859543184e+13,2.158635558487e+14,5.474858814222e+13,3.150573490607e+13,6.475441544261e+13,6.737573915525e+13
361.50000000,5.915316244922e+13,3.104007025980e+13,1.270737421545e+14,3.222919193355e+13,1.854667694184e+13,3.811938452958e+13,3.966249546487e+13
362.00000000,1.400589273043e+14,1.694506053489e+13,6.937072742363e+13,1.759421301994e+13,1.012480193731e+13,2.080972346391e+13,2.165212195050e+13
362.50000000,8.725780874559e+13,8.578412684933e+12,3.511883164232e+13,8.907045202990e+12,5.125666514593e+12,1.053489277097e+13,1.096135580120e+13
363.00000000,-1.122384263211e+15,4.027295587328e+12,1.648718951860e+13,4.181578242923e+12,2.406339598535e+12,4.945801598474e+12,5.146012609869e+12
363.50000000,-5.313530519296e+14,1.753323896312e+12,7.177864832404e+12,1.820492412001e+12,1.047624300046e+12,2.153204784946e+12,2.240368675197e+12
364.00000000,-9.061162011501e+14,7.078677429097e+11,2.897912352939e+12,7.349856220976e+11,4.229563346808e+11,8.693112632237e+11,9.045018554384e+11
364.50000000,-8.326184214956e+14,2.650224134537e+11,1.084965000095e+12,2.751752221705e+11,1.583528981588e+11,3.254661217863e+11,3.386413169737e+11
365.00000000,-6.288140079361e+14,9.201374876036e+10,3.766915244320e+11,9.553872605599e+10,5.497891139338e+10,1.129993405836e+11,1.175736672756e+11
365.50000000,8.579626986066e+14,2.962521757290e+10,1.212815315049e+11,3.076013730722e+10,1.770129175127e+10,3.638184614319e+10,3.785461978114e+10
366.00000000,8.010395648285e+13,8.845208789405e+09,3.621105788742e+10,9.184062065632e+09,5.285079206957e+09,1.086253711045e+10,1.130226351230e+10
366.50000000,1.060158677477e+14,2.449015010995e+09,1.002592775837e+10,2.542834926246e+09,1.463305005932e+09,3.007562294602e+09,3.129311434119e+09
367.00000000,-8.204783451690e+14,6.288024184653e+08,2.574229881614e+09,6.528913646595e+08,3.757142047936e+08,7.722134967550e+08,8.034734739539e+08
367.50000000,-5.523930205278e+14,1.497493366213e+08,6.130530127781e+08,1.554861190776e+08,8.947636122610e+07,1.839026948987e+08,1.913472605188e+08
368.00000000,3.504061933567e+14,3.324594829938e+07,1.361043008768e+08,3.451957606802e+07,1.986470609697e+07,4.082835764425e+07,4.248113052945e+07
368.50000000,-6.214480578413e+14,7.731384745621e+06,3.165121674787e+07,8.027566794651e+06,4.619560064564e+06,9.494682580955e+06,9.879036858933e+06
369.00000000,1.754901848875e+13,5.856121825249e+06,2.397415046481e+07,6.080464457545e+06,3.499076557145e+06,7.191728524088e+06,7.482856911027e+06
369.50000000,-2.989814179064e+14,2.053099366724e+07,8.405104027178e+07,2.131752033936e+07,1.226742400959e+07,2.521350047089e+07,2.623416826954e+07
370.00000000,6.629801095414e+13,8.446456588200e+07,3.457862168559e+08,8.770033905920e+07,5.046821712359e+07,1.037284140779e+08,1.079274443623e+08
370.50000000,-2.582770868960e+14,3.286159936777e+08,1.345308296629e+09,3.412050232151e+08,1.963505429968e+08,4.035635006569e+08,4.199001561049e+08
371.00000000,2.177060000159e+14,1.197260622978e+09,4.901418921496e+09,1.243126773514e+09,7.153722846557e+08,1.470320064328e+09,1.529840095872e+09
371.50000000,5.492023777421e+14,4.083256522304e+09,1.671628582419e+10,4.239682997441e+09,2.439776679833e+09,5.014525554806e+09,5.217518580912e+09
372.00000000,-4.774367351844e+14,1.303577148532e+10,5.336664030223e+10,1.353516205725e+10,7.788972138947e+09,1.600884217737e+10,1.665689617221e+10
372.50000000,2.812005627447e+14,3.895644788998e+10,1.594822941119e+11,4.044884001863e+10,2.327677250004e+10,4.784125179622e+10,4.977791367354e+10
373.00000000,6.822955780525e+13,1.089770724346e+11,4.461370186151e+11,1.131519018633e+11,6.511462569525e+10,1.338314924643e+11,1.392491255677e+11
373.50000000,9.178397285384e+14,2.853676309990e+11,1.168255498692e+12,2.962998496497e+11,1.705093196472e+11,3.504514766656e+11,3.646381040891e+11
374.00000000,-6.936232930477e+14,6.995014936110e+11,2.863662088771e+12,7.262988680986e+11,4.179574373946e+11,8.590369219774e+11,8.938115985491e+11
374.50000000,-8.875281829965e+14,1.605046007425e+12,6.570835722549e+12,1.666534109055e+12,9.590271390272e+11,1.971109131924e+12,2.050901607424e+12
375.00000000,2.425412639039e+14,3.447479811164e+12,1.411350415576e+13,3.579550161808e+12,2.059895283289e+12,4.233747136517e+12,4.405133468806e+12
375.50000000,-3.145686537582e+14,6.931573769914e+12,2.837690155307e+13,7.197117131574e+12,4.141667796917e+12,8.512459015683e+12,8.857051898163e+12
376.00000000,2.443554373641e+14,1.304602682893e+13,5.340862425645e+13,1.354581027428e+13,7.795099783775e+12,1.602143645658e+13,1.667000028048e+13
376.50000000,-5.158837277687e+14,2.298483410504e+13,9.409672265820e+13,2.386536575890e+13,1.373361236427e+13,2.822698925180e+13,2.936964610008e+13
377.00000000,3.771118857934e+14,3.790718354295e+13,1.551867514159e+14,3.935937914573e+13,2.264982910996e+13,4.655268154397e+13,4.843718080450e+13
377.50000000,-4.706644847208e+14,5.852197996061e+13,2.395808685239e+14,6.076391286152e+13,3.496732601574e+13,7.186909819724e+13,7.477843140676e+13
378.00000000,5.101820152652e+14,8.457346472554e+13,3.462320336163e+14,8.781341035348e+13,5.053328536269e+13,1.038621496629e+14,1.080665936981e+14
378.50000000,-1.035092490174e+14,1.144108159187e+14,4.683820107380e+14,1.187938079603e+14,6.836132855806e+13,1.405045107773e+14,1.461922743578e+14
379.00000000,-2.627311414118e+14,1.448832169497e+14,5.931317938097e+14,1.504335836852e+14,8.656881883864e+13,1.779267576575e+14,1.851294113417e+14
379.50000000,4.246875719586e+14,1.717462501946e+14,7.031053258116e+14,1.783257194672e+14,1.026196845455e+14,2.109164476074e+14,2.194545570432e+14
380.00000000,3.440330785885e+14,1.905788666084e+14,7.802034451852e+14,1.978797992076e+14,1.138723154085e+14,2.340442221506e+14,2.435185671066e+14
380.50000000,-3.758434608029e+14,1.979614264312e+14,8.104266210835e+14,2.055451793275e+14,1.182834507858e+14,2.431105236874e+14,2.529518816269e+14
381.00000000,1.123696065504e+14,1.924885017412e+14,7.880212265382e+14,1.998625910216e+14,1.150133368556e+14,2.363893881032e+14,2.459586677301e+14
381.50000000,-6.195060651018e+14,1.752053549311e+14,7.172664207989e+14,1.819173398963e+14,1.046865258096e+14,2.151644709680e+14,2.238745446519e+14
382.00000000,4.057578686679e+13,1.492822825190e+14,6.111409580675e+14,1.550011741377e+14,8.919729381561e+13,1.833291188830e+14,1.907504655705e+14
382.50000000,-1.266368910491e+13,1.190658908501e+14,4.874392418137e+14,1.236272153004e+14,7.114277106675e+13,1.462212694651e+14,1.521404531735e+14
383.00000000,-6.588225738519e+14,8.889647320736e+13,3.639298307074e+14,9.230203002878e+13,5.311631565411e+13,1.091711074476e+14,1.135904634210e+14
383.50000000,-3.275667088951e+14,6.212974661209e+13,2.543505647709e+14,6.450989033156e+13,3.712299389943e+13,7.629968882186e+13,7.938837678558e+13
384.00000000,-3.104083585914e+14,4.064735548836e+13,1.664046352781e+14,4.220452501108e+13,2.428710258942e+13,4.991780498571e+13,5.193852781977e+13
384.50000000,1.071150116306e+14,2.489329629606e+13,1.019097021503e+14,2.584693969664e+13,1.487393296974e+13,3.057071474955e+13,3.180824795771e+13
385.00000000,6.249909917953e+13,1.427084264042e+13,5.842285029762e+13,1.481754785547e+13,8.526936502539e+12,1.752559622508e+13,1.823504994571e+13
385.50000000,-8.699745813950e+14,7.658321244313e+12,3.135210490797e+13,7.951705753432e+12,4.575904914076e+12,9.404955914070e+12,9.785677966540e+12
386.00000000,-2.151122587600e+14,3.847103883031e+12,1.574950967514e+13,3.994483530378e+12,2.298673691234e+12,4.724513540565e+12,4.915766589332e+12
386.50000000,3.201529933881e+14,1.809048450059e+12,7.405993426037e+12,1.878351731359e+12,1.080920142723e+12,2.221638447441e+12,2.311572601017e+12
387.00000000,-4.778365626781e+14,7.963096427902e+11,3.259981223499e+12,8.268156644330e+11,4.758010393281e+11,9.779241227241e+11,1.017511472475e+12
387.50000000,-3.244105567198e+14,3.281170109014e+11,1.343265530355e+12,3.406869260434e+11,1.960523977350e+11,4.029507151421e+11,4.192625644176e+11
388.00000000,6.510647024037e+14,1.265581098620e+11,5.181113472216e+11,1.314064555684e+11,7.561942863859e+10,1.554222401810e+11,1.617138884165e+11
388.50000000,6.260498026150e+14,4.569462371294e+10,1.870674512958e+11,4.744515027005e+10,2.730288355754e+10,5.611620455929e+10,5.838784482766e+10
389.00000000,-1.307563003931e+14,1.544377681160e+10,6.322468009973e+10,1.603541623990e+10,9.227773542771e+09,1.896604169815e+10,1.973380609689e+10
389.50000000,2.402376937481e+14,4.886012494775e+09,2.000265742725e+10,5.073191944663e+09,2.919429449413e+09,6.000366220979e+09,6.243267066459e+09
390.00000000,-4.128616757050e+14,1.446996896909e+09,5.923804586688e+09,1.502430254374e+09,8.645915979828e+08,1.777013733209e+09,1.848949032210e+09
390.50000000,-1.761282488090e+14,4.011362286271e+08,1.642196079414e+09,4.165034543772e+08,2.396819327466e+08,4.926234399764e+08,5.125653311321e+08
391.00000000,-6.409205179153e+13,1.040942389217e+08,4.261473754985e+08,1.080820101595e+08,6.219709540920e+07,1.278350316153e+08,1.330099219666e+08
391.50000000,-9.190850997203e+14,2.528548317783e+07,1.035152608450e+08,2.625415046294e+07,1.510826731314e+07,3.105234884177e+07,3.230937908126e+07
392.00000000,5.988815011523e+14,5.749429406065e+06,2.353736649971e+07,5.969687114169e+06,3.435328399750e+06,7.060705789772e+06,7.346530244956e+06
392.50000000,2.959018214386e+14,1.223732464125e+06,5.009790967313e+06,1.270612960759e+06,7.311895423841e+05,1.502831385880e+06,1.563667508343e+06
393.00000000,9.091526483301e+12,2.438123630005e+05,9.981339955317e+05,2.531535839215e+05,1.456802810117e+05,2.994195220164e+05,3.115403247095e+05
393.50000000,5.771929620500e+14,4.547064025438e+04,1.861504940847e+05,4.721291085192e+04,2.716923858531e+04,5.584025646202e+04,5.810072607452e+04
394.00000000,-3.105015462624e+14,7.937805390516e+03,3.249627423599e+04,8.243179205895e+03,4.743636825292e+03,9.747765807829e+03,1.014236514878e+04
394.50000000,-3.934207247811e+14,1.297086473072e+03,5.310092105194e+03,1.347900058751e+03,7.756653344299e+02,1.592488917251e+03,1.656954466547e+03
395.00000000,4.507900800616e+14,1.982719168966e+02,8.116977259817e+02,2.066658804305e+02,1.189283717428e+02,2.438803843368e+02,2.537529070078e+02
395.50000000,-3.042263908349e+14,2.832820697700e+01,1.159717500303e+02,3.049800780217e+01,1.755044616826e+01,3.405860604229e+01,3.543733258978e+01
396.00000000,7.462906386689e+14,3.449849971065e+00,1.412320726163e+01,3.245068719773e+00,1.867413906119e+00,2.708819697627e+00,2.818475437056e+00
396.50000000,8.270701768840e+14,5.182373473152e-01,2.121591816525e+00,4.703345199343e+00,2.706596682225e+00,1.205289328600e+00,1.254080650027e+00
397.00000000,1.848869213707e+14,-7.230817354394e-01,-2.960196328062e+00,-6.437271360367e-03,-3.704405389804e-03,6.955054330977e-01,7.236601909097e-01
397.50000000,-1.182489761418e+15,-1.117163871321e+00,-4.573513930231e+00,4.399168061756e-01,2.531554282293e-01,2.083013917307e+00,2.167336410806e+00
398.00000000,2.359704414065e+14,-4.734861576141e-01,-1.938386653212e+00,4.250288602637e+00,2.445879803168e+00,2.296351962942e+00,2.389310594595e+00
398.50000000,-3.036941473998e+14,-5.776201843585e-01,-2.364696914538e+00,-3.002321557746e+00,-1.727722126010e+00,-1.121707108755e+00,-1.167114938054e+00
399.00000000,-8.862128415115e+14,-6.923200644841e-01,-2.834262314044e+00,-4.717823761471e+00,-2.714928545305e+00,-3.117634548611e+00,-3.243839523418e+00
399.50000000,-4.981134617556e+14,-5.910514245412e-01,-2.419682548833e+00,-4.944580207300e+00,-2.845418275049e+00,-3.548285205336e+00,-3.691923350849e+00
400.00000000,1.257654212310e+15,-9.012342354911e-01,-3.689527952193e+00,-7.255284221023e+00,-4.175140749602e+00,-2.898150752315e+00,-3.015470802815e+00
400.50000000,-4.769097051630e+14,-4.431417617394e-01,-1.814160905495e+00,-8.718073087178e+00,-5.016920232954e+00,-2.444171611483e+00,-2.543114130833e+00
401.00000000,3.341715781180e+13,-3.932901217345e-01,-1.610075206109e+00,-4.436304336144e+00,-2.552924798976e+00,-7.876301256614e-01,-8.195141834676e-01
401.50000000,-9.179461743795e+14,-6.602340649802e-02,-2.702906682642e-01,-3.489629314443e+00,-2.008149247898e+00,2.981921296296e-01,3.102632462473e-01
402.00000000,-4.535784828207e+14,-4.635498821925e-02,-1.897708919872e-01,-2.407688827918e+00,-1.385533554795e+00,4.487720424107e-01,4.669387849918e-01
402.50000000,-2.448814795904e+14,9.714445374504e-02,3.976959189723e-01,-8.691619543651e-01,-5.001697222499e-01,1.006850632440e+00,1.047608956330e+00
403.00000000,-6.031164242577e+14,1.027396350033e-01,4.206018149503e-01,-3.047477172206e+00,-1.753707468591e+00,3.886702732308e-01,4.044040358886e-01
403.50000000,-5.993123460004e+14,2.578151971726e-01,1.055459656335e+00,-7.543786995701e-01,-4.341163148482e-01,1.228439432457e+00,1.278167893317e+00
404.00000000,-1.577059533263e+15,2.532494729663e-01,1.036768214734e+00,7.743720651455e-01,4.456217380395e-01,2.363000310020e+00,2.458656933638e+00
404.50000000,-2.103943292312e+14,3.015970465443e-01,1.234696474794e+00,5.883987268519e-01,3.386011390670e-01,3.373444217097e-01,3.510004623967e-01
405.00000000,1.278353692776e+15,-6.925423693783e-02,-2.835172399445e-01,-1.829744988013e+00,-1.052948806429e+00,-3.369026951058e-02,-3.505408542567e-02
405.50000000,1.010234190000e+15,-4.400776909722e-01,-1.801617024784e+00,-2.682414847884e-01,-1.543627954131e-01,3.326090236442e-02,3.460733706660e-02
406.00000000,7.924717580045e+14,-5.409199425430e-01,-2.214451215142e+00,-1.766846932870e+00,-1.016753362516e+00,-2.988079117063e-01,-3.109039558004e-01
406.50000000,1.552045255735e+14,-5.189216476521e-01,-2.124393247187e+00,-1.366452690972e+00,-7.863416702478e-01,9.129616195437e-02,9.499192219816e-02
407.00000000,-2.340592547498e+14,-5.706495122354e-01,-2.336159949750e+00,-1.565835348462e+00,-9.010788235682e-01,-7.410514426257e-01,-7.710499486049e-01
407.50000000,1.330849626707e+14,-4.178609147652e-01,-1.710664624625e+00,-7.946985160384e-01,-4.573188391911e-01,-4.068948206019e-01,-4.233663312240e-01
408.00000000,-1.061475527542e+14,-7.323061755952e-01,-2.997959906561e+00,-3.721773179150e+00,-2.141739232768e+00,-9.272280919312e-01,-9.647632154866e-01
408.50000000,-4.747299523882e+14,-6.478657304067e-01,-2.652272436479e+00,-6.025932477679e+00,-3.467695472082e+00,-6.328814277447e-02,-6.585011029822e-02
409.00000000,-1.745723318014e+14,-4.823098544974e-01,-1.974509644340e+00,-3.918084873099e+00,-2.254709163105e+00,3.919647404101e-01,4.078318664049e-01
409.50000000,1.000158576234e+13,-1.472278129134e-01,-6.027302444721e-01,-2.613883453208e+00,-1.504190737087e+00,2.159385571677e+00,2.246799666377e+00
410.00000000,-3.248589564295e+14,-2.269472346230e-02,-9.290904992733e-02,-1.407506954778e+00,-8.099668411633e-01,3.217370980076e+00,3.347613385706e+00
410.50000000,-8.678652407042e+14,2.367290839947e-02,9.691360337856e-02,-3.078044911541e-02,-1.771298042610e-02,2.904411556506e+00,3.021985050642e+00
411.00000000,-9.831858311585e+13,2.092352327216e-02,8.565800202755e-02,9.789999896660e-01,5.633773434913e-01,2.950374266286e+00,3.069808377034e+00
411.50000000,-9.407322568140e+14,-3.304813781415e-01,-1.352944921881e+00,2.166559580646e+00,1.246772823232e+00,-4.558307911706e-01,-4.742832789844e-01
412.00000000,-3.365451034668e+13,-2.304028449487e-01,-9.432372886279e-01,3.360148008639e+00,1.933637669895e+00,5.303153625165e-01,5.517830605173e-01
412.50000000,-1.135418589114e+14,3.265366908482e-02,1.336795919259e-01,5.569676897321e+00,3.205137699326e+00,8.186827050265e-01,8.518238024040e-01
413.00000000,7.593757265078e+13,6.245660884797e-01,2.556886934263e+00,4.569080597408e+00,2.629332498812e+00,2.440948237021e+00,2.539760270938e+00
413.50000000,9.936450272889e+14,6.122130340092e-01,2.506315242722e+00,5.277910530857e+00,3.037237227218e+00,2.964393677404e+00,3.084395307980e+00
414.00000000,6.675988231589e+14,2.613443338707e-01,1.069907452459e+00,2.001667906746e+00,1.151883922123e+00,2.831049117477e+00,2.945652826468e+00
414.50000000,6.174172225450e+14,-3.563551096437e-02,-1.458868389771e-01,-1.420403503741e-02,-8.173883156999e-03,2.746619187128e+00,2.857805087820e+00
415.00000000,-2.662518407353e+13,-4.138714832124e-01,-1.694332445212e+00,1.480884633221e+00,8.521929106104e-01,2.962854921048e-01,3.082794261224e-01
415.50000000,-1.193530180463e+14,-3.223213010112e-01,-1.319538697972e+00,2.250042543119e+00,1.294814100169e+00,1.331212066812e+00,1.385100867034e+00
416.00000000,-5.896247786437e+14,-4.789815893426e-01,-1.960884188451e+00,-4.668990436857e+00,-2.686826820090e+00,2.039488732393e+00,2.122049282733e+00
416.50000000,6.187322074746e+14,-2.974497068698e-01,-1.217717841433e+00,7.633031811588e-01,4.392520153411e-01,1.514043721194e-02,1.575333730241e-02
417.00000000,-2.126178179556e+14,-3.357388609225e-01,-1.374468327134e+00,-6.113299087444e-01,-3.517971640661e-01,-3.969415036156e-01,-4.130100939788e-01
417.50000000,-3.540718339256e+13,-2.530163485411e-02,-1.035813835674e-01,-3.454173807618e-01,-1.987745949167e-01,4.029404527775e-01,4.192518866222e-01
418.00000000,4.805454593554e+14,-2.211992371574e-01,-9.055589949393e-01,-1.679064571159e+00,-9.662379444687e-01,4.498784252348e-01,4.680899553029e-01
418.50000000,1.159242050829e+14,3.202710994337e-01,1.311145457092e+00,6.767888753578e-01,3.894663153507e-01,1.061870633403e+00,1.104856222139e+00
419.00000000,-6.006458170873e+14,5.144702665137e-02,2.106169910246e-01,-6.672569220003e-01,-3.839810379068e-01,8.488389322594e-01,8.832007839745e-01
419.50000000,1.093086344889e+14,-4.335287798523e-02,-1.774806691042e-01,-1.830133317897e+00,-1.053172275542e+00,-3.003865727823e-01,-3.125465226608e-01
420.00000000,-3.596790307257e+14,-5.186372459452e-01,-2.123228946047e+00,-4.530926140679e+00,-2.607376056829e+00,-1.574148238732e+00,-1.637871338959e+00
420.50000000,4.782427838593e+14,-5.949725270751e-01,-2.435734998720e+00,-2.272314960782e+00,-1.307631031353e+00,-7.140737672836e-01,-7.429801898952e-01
421.00000000,6.896102764460e+14,-8.062002999442e-01,-3.300472201980e+00,-2.949777631164e+00,-1.697485090171e+00,5.879045884874e-01,6.117035561413e-01
421.50000000,-1.473071126949e+14,-4.377502002211e-01,-1.792088600489e+00,-1.229751440301e+00,-7.076752879512e-01,1.103566412063e+00,1.148239887758e+00
422.00000000,2.585745098493e+14,-1.106044676443e-02,-4.527993488714e-02,5.333970101170e-01,3.069497382614e-01,2.684137379480e+00,2.792793953903e+00
422.50000000,1.518001125600e+15,2.892183456825e-01,1.184019790483e+00,1.945105352493e+00,1.119334318555e+00,2.567317672164e+00,2.671245267617e+00
423.00000000,-1.608794543803e+13,2.607930604642e-01,1.067650615599e+00,1.996611577433e+00,1.148974196478e+00,2.872345327226e+00,2.988620748225e+00
423.50000000,2.090874223443e+14,-1.435469731729e-01,-5.876613971348e-01,1.940042676815e+00,1.116420940818e+00,2.438446929770e+00,2.537157708260e+00
424.00000000,-4.121570060604e+14,-3.008518208499e-01,-1.231645624169e+00,-3.972394774099e-01,-2.285962450208e-01,1.250640720589e+00,1.301267911870e+00
424.50000000,1.969556087356e+13,-5.207950148810e-01,-2.132062552772e+00,-1.985361506386e+00,-1.142500207502e+00,7.566667906746e-01,7.872974216115e-01
425.00000000,-1.707803727393e+14,-4.980516958085e-01,-2.038954559157e+00,2.987868086558e+00,1.719404701814e+00,-9.408914103836e-02,-9.789796387800e-02
425.50000000,7.079709349872e+14,-2.039711991567e-01,-8.350297970218e-01,1.666820942874e+00,9.591922010053e-01,-2.958154813575e-01,-3.077903888683e-01
426.00000000,7.142308585623e+14,-2.245900090939e-01,-9.194403449219e-01,3.123528284144e-01,1.797471997565e-01,1.620997643849e-02,1.686617255005e-02
426.50000000,1.050846104879e+15,3.445976975860e-02,1.410735175647e-01,1.149599299355e+00,6.615507724072e-01,9.131762359458e-01,9.501425262711e-01
427.00000000,-7.224664363325e+13,-6.891452752976e-02,-2.821265167481e-01,1.220624390294e+00,7.024230170210e-01,5.368165509259e-01,5.585474235569e-01
427.50000000,-7.492652805898e+13,-3.840833126653e-01,-1.572383806833e+00,-1.517420211227e+00,-8.732177493206e-01,8.645803984788e-01,8.995794805417e-01
428.00000000,3.429861626036e+14,-3.802199642444e-01,-1.556567794273e+00,-2.520900039269e+00,-1.450682310850e+00,-2.734527736442e-01,-2.845224163078e-01
428.50000000,9.552610488033e+14,-5.236215587798e-01,-2.143634031431e+00,-4.615735816592e+00,-2.656180807006e+00,-1.184337683945e+00,-1.232280861773e+00
429.00000000,2.106016777798e+14,-7.051910652282e-01,-2.886954405786e+00,-6.438515945354e+00,-3.705121601235e+00,-8.824233010913e-01,-9.181446817557e-01
429.50000000,3.256117874130e+14,-9.341975136409e-01,-3.824475040686e+00,-8.137606223132e+00,-4.682883579938e+00,-2.717463365989e+00,-2.827469009786e+00
430.00000000,-2.632818156752e+14,-4.959756324405e-01,-2.030455443694e+00,-5.489018280837e+00,-3.158721726328e+00,-1.040333726025e+00,-1.082447479141e+00
430.50000000,3.397393198337e+14,1.794453435020e-01,7.346243458902e-01,-2.359247726521e+00,-1.357657539158e+00,6.537027736442e-01,6.801653178561e-01
431.00000000,-5.539903693942e+13,6.837724661045e-01,2.799269631893e+00,1.470508825231e+00,8.462220268482e-01,1.887692325976e+00,1.964108005469e+00
431.50000000,-5.285350101927e+14,1.127549427497e+00,4.616030956660e+00,3.708961764220e+00,2.134366749636e+00,3.778733103919e+00,3.931700011601e+00
432.00000000,1.098989888894e+14,7.547551669974e-01,3.089862963519e+00,4.888217024223e+00,2.812983402028e+00,4.464852637235e+00,4.645594352088e+00
432.50000000,-6.997254617072e+14,8.653653480489e-01,3.542685702287e+00,2.084511863426e+00,1.199557475474e+00,4.646057777364e+00,4.834134858114e+00
433.00000000,4.233037625898e+14,1.107950975529e-01,4.535797612756e-01,-2.998316654266e+00,-1.725417456033e+00,2.072257977844e+00,2.156145060121e+00
433.50000000,4.353295698719e+14,-3.798604807374e-01,-1.555096118659e+00,-3.782520895337e+00,-2.176697238212e+00,2.898304346478e+00,3.015630614624e+00
434.00000000,1.772054011357e+14,-6.723619378307e-01,-2.752556511866e+00,-2.012875237682e+00,-1.158333315786e+00,1.611642671131e+00,1.676883583604e+00
434.50000000,6.186821719077e+13,-1.409836722884e-01,-5.771675988622e-01,-2.522519985946e+00,-1.451614528689e+00,1.492318163029e+00,1.552728699682e+00
435.00000000,-1.873356317056e+15,8.053360098380e-02,3.296933918168e-01,-3.301015635334e+00,-1.899609232981e+00,1.376442718667e+00,1.432162501061e+00
435.50000000,4.633881131631e+14,5.056001415757e-01,2.069856849102e+00,3.092376384755e+00,1.779545261602e+00,3.090362154845e+00,3.215463115787e+00
436.00000000,9.020080299734e+14,2.871492383846e-01,1.175549152206e+00,4.576091001157e+00,2.633366720143e+00,3.421644148892e+00,3.560155737366e+00
436.50000000,2.196312618511e+14,5.266436890294e-01,2.156006213481e+00,3.639220589451e+00,2.094233350057e+00,3.016748796090e+00,3.138869814405e+00
437.00000000,-1.308581976442e+14,5.777133969907e-02,2.365078514125e-01,1.153962663277e+00,6.640617227657e-01,1.346670144056e+00,1.401184702756e+00
437.50000000,5.548996016978e+14,-4.537633541047e-01,-1.857644231345e+00,-1.789555648562e+00,-1.029821366659e+00,6.812110563409e-01,7.087871634386e-01
438.00000000,-5.235725251587e+14,-9.051631841104e-01,-3.705612522867e+00,-3.482834198805e+00,-2.004238916706e+00,5.947361601976e-01,6.188116767292e-01
438.50000000,-5.687045369576e+14,-5.169368334573e-01,-2.116267693182e+00,-2.521587048404e+00,-1.451077658537e+00,-7.589512416295e-01,-7.896743494333e-01
439.00000000,4.814049488598e+14,5.991592778604e-02,2.452874975702e-01,3.040808823681e+00,1.749870087062e+00,1.534811197917e+00,1.596941895260e+00
439.50000000,-1.033459567565e+15,2.838142981151e-01,1.161896369324e+00,4.367999695147e+00,2.513618070070e+00,2.421527261078e+00,2.519553114402e+00
440.00000000,3.187651266146e+14,6.819155583457e-01,2.791667709096e+00,6.487164261429e+00,3.733116861056e+00,4.210554837343e+00,4.381002322090e+00
440.50000000,-3.526523416253e+14,9.011819093089e-01,3.689313736061e+00,7.101698655547e+00,4.086758084853e+00,5.203080153046e+00,5.413706058488e+00
441.00000000,-2.708287343626e+14,4.700381621507e-01,1.924271038048e+00,1.739696949146e+00,1.001129577156e+00,4.279213744471e+00,4.452440610672e+00
441.50000000,-8.915155494944e+13,5.932831230365e-02,2.428818812920e-01,-1.526965896526e+00,-8.787109289756e-01,2.319658674614e+00,2.413560785341e+00
442.00000000,1.570812005269e+14,-9.178741035260e-02,-3.757649263855e-01,-3.860142976630e+00,-2.221365800435e+00,1.362342529297e-01,1.417491521877e-01
442.50000000,-3.194287710946e+14,-1.027552561281e-02,-4.206657656682e-02,-2.324039397063e+00,-1.337396481621e+00,1.079894826415e+00,1.123610052570e+00
443.00000000,6.579030576519e+13,5.466659594339e-02,2.237974611279e-01,-4.785390445124e+00,-2.753810607764e+00,4.336798392805e-01,4.512356343352e-01
443.50000000,-7.784941305878e+13,2.816169746843e-01,1.152900831984e+00,5.083242245629e-01,2.925213016235e-01,1.920778482750e+00,1.998533523069e+00
444.00000000,3.011261710626e+14,5.715048390545e-01,2.339661539107e+00,-5.913072927969e-01,-3.402749083957e-01,1.742181208212e+00,1.812706451650e+00
444.50000000,4.886321316108e+14,4.867981268666e-01,1.992884008863e+00,4.297475117678e-01,2.473033851965e-01,1.084205809417e+00,1.128095548490e+00
445.00000000,-2.162677292524e+14,5.169492282767e-01,2.116318435853e+00,2.969229638155e+00,1.708678982040e+00,2.363861112726e+00,2.459552582501e+00
445.50000000,2.727479413377e+14,3.402249943163e-01,1.392833934988e+00,2.290943173686e+00,1.318350860985e+00,2.463636472349e+00,2.563366948798e+00
446.00000000,-7.401963989113e+14,2.849495248946e-02,1.166543830295e-01,1.353146777602e+00,7.786846220289e-01,1.279244116728e+00,1.331029202185e+00
446.50000000,4.557009123011e+14,-4.441364555561e-01,-1.818233044009e+00,-4.262866679843e+00,-2.453118009293e+00,9.403014200200e-02,9.783657650145e-02
447.00000000,-1.209526088060e+13,-8.134205574157e-01,-3.330030934565e+00,-5.149309940399e+00,-2.963232467474e+00,-1.364221748150e+00,-1.419446813395e+00
447.50000000,-5.157914698359e+14,-1.157264699462e+00,-4.737681158355e+00,-7.199454601469e+00,-4.143012922141e+00,-2.299077273091e+00,-2.392146228033e+00
448.00000000,2.182772876477e+13,-9.418182353671e-01,-3.855673218382e+00,-5.987024519986e+00,-3.445305418888e+00,-1.896468176463e+00,-1.973239111190e+00
448.50000000,5.757580061013e+13,-2.605424933862e-01,-1.066624828737e+00,-1.896284407035e+00,-1.091239717075e+00,-2.282032477162e-01,-2.374411441662e-01
449.00000000,-6.000230285756e+14,-5.045684058780e-01,-2.065633066265e+00,-1.417541492281e+00,-8.157413367105e-01,-8.476923608528e-01,-8.820077982068e-01
449.50000000,5.659333642204e+14,-5.174102983424e-01,-2.118205992748e+00,2.396983532779e-01,1.379373063682e-01,-1.410873579076e+00,-1.467987157248e+00
450.00000000,5.523342436093e+14,-6.061502071966e-01,-2.481494870710e+00,-9.807834563079e-01,-5.644036608657e-01,-1.924072474888e+00,-2.001960859314e+00
450.50000000,7.607281407057e+14,-3.756885282325e-02,-1.538016723784e-01,4.398247302827e-01,2.531024420470e-01,-5.317327913153e-01,-5.532578682561e-01
451.00000000,5.147835460614e+14,-8.740990823413e-02,-3.578440399046e-01,-1.850651674624e+00,-1.064979811218e+00,1.789452572131e+00,1.861891407814e+00
451.50000000,1.171378971233e+15,5.249670681424e-01,2.149142360129e+00,2.275764002563e+00,1.309615824015e+00,4.581572144201e+00,4.767038781813e+00
452.00000000,-4.519520704954e+14,-1.938143472016e-01,-7.934490539483e-01,7.208950557002e-01,4.148477484203e-01,4.258943253452e+00,4.431349549836e+00
452.50000000,-7.541562756870e+14,4.173512421462e-02,1.708578095618e-01,-3.146803651517e+00,-1.810866088247e+00,-1.664969643891e-01,-1.732369285730e-01
453.00000000,-2.497006565652e+14,-9.201930906911e-02,-3.767142875648e-01,-3.074533717241e+00,-1.769277483532e+00,1.700531844205e+00,1.769371079596e+00
453.50000000,6.691623040940e+14,2.856108114253e-01,1.169251045626e+00,2.016612774884e+00,1.160484126616e+00,1.359848756820e+00,1.414896798988e+00
454.00000000,5.577246199396e+14,3.893214595734e-01,1.593828053705e+00,2.144449146412e+00,1.234049107365e+00,2.265280800471e+00,2.356981640290e+00
454.50000000,-1.973721814175e+12,1.491243696263e-01,6.104944845884e-01,1.219914336351e+00,7.020144079213e-01,1.914479781539e+00,1.991979844113e+00
455.00000000,4.106929673265e+14,-2.870445498512e-01,-1.175120571872e+00,3.230246155754e-01,1.858884083005e-01,2.764470021081e-01,2.876378541444e-01
455.50000000,6.377291984233e+14,-8.224523189484e-01,-3.367005713507e+00,-3.748656859706e+00,-2.157209770760e+00,-1.687938936425e+00,-1.756268398274e+00
456.00000000,1.096770853073e+12,-9.304250630374e-01,-3.809031151183e+00,-5.134491231605e+00,-2.954704862896e+00,-1.520042979084e+00,-1.581575844110e+00
456.50000000,4.079480525910e+14,-2.810054098462e-01,-1.150397170365e+00,-9.885688605737e-01,-5.688838655844e-01,2.665473400298e-01,2.773374438116e-01
457.00000000,1.585053583456e+14,-1.905526258681e-01,-7.800960192341e-01,-1.393926148107e+00,-8.021516022809e-01,1.082087497933e+00,1.125891485632e+00
457.50000000,2.708810690184e+14,3.663419725529e-01,1.499753221269e+00,6.630803313079e-01,3.815775684543e-01,1.140420066551e+00,1.186585415159e+00
458.00000000,8.748346139829e+14,5.525556485615e-01,2.262086181623e+00,1.835518105159e+00,1.056271016272e+00,1.245540085565e+00,1.295960798022e+00
458.50000000,1.396632645499e+14,1.875837311921e-01,7.679417762387e-01,1.717291423818e+00,9.882360475622e-01,2.065876839451e-01,2.149505606843e-01
459.00000000,7.107810748925e+14,-4.128984788360e-02,-1.690349100257e-01,1.349169301835e+00,7.763957356602e-01,4.413892919147e-01,4.592571733478e-01
459.50000000,-4.979204119497e+14,4.815924169147e-02,1.971572554390e-01,2.479117693866e+00,1.426638156604e+00,6.782791728671e-01,7.057365943798e-01
460.00000000,7.171692263600e+14,1.900320922206e-01,7.779650266832e-01,-7.126568338707e-01,-4.101069643770e-01,3.423650039269e+00,3.562242828199e+00
460.50000000,2.820487187976e+13,2.995139405589e-02,1.226168527832e-01,3.043215009094e+00,1.751254755458e+00,2.025707372272e+00,2.107710039325e+00
461.00000000,6.574063333595e+14,1.396307663690e-02,5.716289896867e-02,3.823320436508e+00,2.200175825917e+00,1.948496414104e+00,2.027373504096e+00
461.50000000,6.303105997612e+14,2.773200644841e-01,1.135309877638e+00,1.897102657903e+00,1.091710589399e+00,-1.968190414187e-01,-2.047864737063e-01
462.00000000,3.623524108449e+14,-1.121868592923e-01,-4.592774407891e-01,1.345751178075e+00,7.744287351455e-01,8.544903273810e-02,8.890809532413e-02
462.50000000,1.042650461103e+15,-8.694904307209e-03,-3.559573218567e-02,-2.267798342427e-01,-1.305031888883e-01,4.486584408069e-01,4.668205846811e-01
463.00000000,4.781479242589e+13,2.675537057705e-01,1.095327759731e+00,5.875478670635e-01,3.381115015468e-01,1.706658502811e-01,1.775745751490e-01
463.50000000,5.328709070903e+14,9.301805348876e-02,3.808030086855e-01,-6.641129350612e-01,-3.821717927297e-01,-2.549237402860e-01,-2.652433090870e-01
464.00000000,1.436122806720e+14,-3.474582170759e-01,-1.422445745664e+00,1.754240291212e+00,1.009498718632e+00,9.479211464534e-01,9.862939456196e-01
464.50000000,7.091684386884e+14,-1.126000046503e-01,-4.609688005783e-01,1.137750676877e-01,6.547323397960e-02,2.613237366691e+00,2.719023837455e+00
465.00000000,-4.460685447268e+14,-1.157163912657e-02,-4.737268551157e-02,1.308016524058e+00,7.527138736924e-01,1.933879162016e+00,2.012164530977e+00
465.50000000,1.066937472315e+14,-1.005226966818e-02,-4.115259769677e-02,3.814227767702e+00,2.194943340063e+00,2.736284352459e+00,2.847051888674e+00
466.00000000,-1.223542787962e+14,1.369924812922e-01,5.608282165320e-01,5.231271281893e+00,3.010398109280e+00,2.905807943839e+00,3.023437965135e+00
466.50000000,2.280748719071e+14,-1.664759971982e-02,-6.815296410675e-02,3.335749503968e+00,1.919597256318e+00,1.432536100034e+00,1.490526598791e+00
467.00000000,-4.116545340515e+14,-4.684683108052e-01,-1.917844284390e+00,-1.730994708995e+00,-9.961217681766e-01,-9.995431960979e-01,-1.040005707632e+00
467.50000000,8.278073887670e+14,-1.920435681217e-01,-7.861997300157e-01,3.178928571429e-01,1.829352760597e-01,-6.060370370370e-01,-6.305700244026e-01
468.00000000,2.770929290509e+14,-6.661398809524e-01,-2.727084274052e+00,-3.124230158730e+00,-1.797875899755e+00,-1.922751322751e+00,-2.000586225613e+00
468.50000000,1.394924507239e+14,-3.819669312169e-01,-1.563719634741e+00,-3.706814814815e+00,-2.133131261725e+00,-1.626910052910e+00,-1.692769004317e+00
469.00000000,1.789288727958e+15,-1.698253968254e-01,-6.952416185546e-01,-7.249354497354e+00,-4.171728418649e+00,-3.397957671958e+00,-3.535510408078e+00
469.50000000,3.672305932231e+14,-1.983015873016e-01,-8.118191925042e-01,-2.834328042328e+00,-1.631048232814e+00,-2.380169312169e+00,-2.476520954222e+00
470.00000000,2.519412198892e+14,-6.946970899471e-01,-2.843993526578e+00,3.405608465608e-01,1.959798437772e-01,-9.642275132275e-01,-1.003260410483e+00
470.50000000,-6.468219340714e+13,1.844854497354e-01,7.552578417097e-01,-2.268465608466e-01,-1.305415875168e-01,-7.095687830688e-01,-7.382928393990e-01
471.00000000,-3.619662880873e+14,1.064609788360e-01,4.358364804231e-01,-3.039060846561e+00,-1.748864192561e+00,1.702407407407e-01,1.771322567479e-01
471.50000000,5.363384862819e+14,-4.037225115741e-01,-1.652783963062e+00,-5.264887566138e+00,-3.029743005210e+00,-2.551067460317e+00,-2.654337230889e+00
472.00000000,5.007659497123e+14,-6.535788225446e-01,-2.675661043243e+00,-6.454175140542e+00,-3.714132873839e+00,-3.527035135582e+00,-3.669813056948e+00
472.50000000,-6.102830952421e+13,-5.518325272817e-01,-2.259125823406e+00,-8.289135518069e+00,-4.770082939023e+00,-3.386923089244e+00,-3.524029134385e+00
473.00000000,5.608853671271e+14,-6.999135974702e-01,-2.865349184809e+00,-9.637936192750e+00,-5.546266543744e+00,-2.901284866898e+00,-3.018731789501e+00
473.50000000,6.453854640871e+13,-4.993228598297e-01,-2.044158528340e+00,-4.574424592841e+00,-2.632407765393e+00,-1.468511248553e+00,-1.527958057420e+00
474.00000000,6.384677345597e+14,-6.045912698413e-01,-2.475112797414e+00,-4.430024429563e+00,-2.549310951046e+00,-1.326820896371e+00,-1.380531937607e+00
474.50000000,3.942352300374e+14,-4.403489273313e-01,-1.802727428816e+00,-2.514394737930e+00,-1.446938756789e+00,1.273931258267e-01,1.325501273883e-01
475.00000000,8.083174175170e+14,-2.851909515542e-01,-1.167532197552e+00,-2.232290633267e+00,-1.284598549689e+00,-2.612775452629e-01,-2.718543224648e-01
475.50000000,-7.523777844158e+14,-2.093786685681e-02,-8.571672267357e-02,-2.162119161293e+00,-1.244217530397e+00,-3.288979156333e-01,-3.422120332790e-01
476.00000000,1.140997196847e+15,-9.368968047288e-02,-3.835525563989e-01,-3.329665979456e-01,-1.916096418815e-01,9.365543671462e-01,9.744670276804e-01
476.50000000,6.986224184603e+14,-6.586900266617e-01,-2.696585603936e+00,-1.422874253369e+00,-8.188101383522e-01,-1.663228363199e+00,-1.730557516248e+00
477.00000000,3.771717276020e+14,-6.955504402282e-01,-2.847487024263e+00,-1.211898303158e-02,-6.974014850069e-03,-7.243843419312e-01,-7.537081469503e-01
477.50000000,-4.018799630560e+13,-5.279451381138e-01,-2.161334165512e+00,8.877865487558e-02,5.108874695658e-02,7.276204943783e-02,7.570753020957e-02
478.00000000,2.092561401938e+14,-7.070218305638e-01,-2.894449305130e+00,-1.761771946821e+00,-1.013832900628e+00,-5.959480988033e-01,-6.200726758258e-01
478.50000000,-2.140593446149e+14,-4.320552829964e-01,-1.768774399299e+00,-1.818340294571e+00,-1.046385838133e+00,3.715220346602e-01,3.865616194138e-01
479.00000000,1.025552377549e+15,-3.509889839616e-01,-1.436900215550e+00,-1.378751576580e+00,-7.934192122036e-01,4.447890172888e-01,4.627945230163e-01
479.50000000,1.157901359894e+15,1.060406849372e-01,4.341158554993e-01,-6.071523586051e-01,-3.493931424883e-01,1.512017229999e+00,1.573225204649e+00
480.00000000,-5.308914263653e+13,-4.000504751054e-03,-1.637751155098e-02,-7.022551996140e-01,-4.041212185779e-01,-1.862082894139e-02,-1.937461878134e-02
480.50000000,-7.219773214046e+14,2.662041845574e-01,1.089803007073e+00,-1.341862462927e+00,-7.721909271443e-01,1.454519613922e+00,1.513400027380e+00
481.00000000,3.886701761587e+14,-7.479934676236e-02,-3.062181504181e-01,-2.292945054796e+00,-1.319502867598e+00,2.743681091632e-01,2.854748055270e-01
481.50000000,-5.997812513044e+14,6.681786431207e-02,2.735430683577e-01,-3.369150377708e-01,-1.938818191677e-01,-3.823152678959e-01,-3.977917735610e-01
482.00000000,7.933484475202e+14,-7.475888206845e-03,-3.060524935740e-02,-4.732121743500e-01,-2.723156491391e-01,-1.410864451575e-02,-1.467977660256e-02
482.50000000,5.583969612824e+14,2.236864307545e-01,9.157412205334e-01,1.862855767790e+00,1.072002803721e+00,-2.471681106810e-01,-2.571737238134e-01
483.00000000,4.215982352161e+14,4.230408181488e-01,1.731870430586e+00,3.393961860939e+00,1.953096258744e+00,9.001915087826e-01,9.366321643233e-01
483.50000000,1.307448102437e+15,8.400473976741e-01,3.439037525241e+00,5.934584438667e+00,3.415128142056e+00,1.388518900473e+00,1.444727538824e+00
484.00000000,-3.391702776224e+14,1.013148863898e+00,4.147690917500e+00,7.185388986598e+00,4.134918694537e+00,1.667125850587e+00,1.734612777837e+00
484.50000000,-1.472507681184e+14,6.345837537977e-01,2.597897866551e+00,5.473847377232e+00,3.149991447001e+00,2.373073007089e+00,2.469137383592e+00
485.00000000,-8.185394022197e+14,5.401674107143e-02,2.211370454218e-01,7.132103918651e+00,4.104255159966e+00,1.036264260913e+00,1.078213277997e+00
485.50000000,1.973599960840e+14,5.925656415344e-01,2.425881543170e+00,2.063764880952e+00,1.187618374356e+00,9.513315145503e-01,9.898423688390e-01
486.00000000,1.023484289098e+15,3.901580687831e-01,1.597253015765e+00,1.284603174603e+00,7.392403795585e-01,8.855661375661e-01,9.214147434047e-01
486.50000000,5.862464785371e+14,1.525370370370e-01,6.244654716055e-01,-1.278825396825e+00,-7.359154876994e-01,1.510841269841e+00,1.572001640444e+00
487.00000000,8.979886321593e+14,-3.198783068783e-01,-1.309537418854e+00,-8.607682539683e+00,-4.953394661912e+00,8.725714285714e-01,9.078939955508e-01
487.50000000,-4.033284329860e+14,-1.891383597884e+00,-7.743062100730e+00,-1.839202116402e+01,-1.058391024943e+01,-6.169227513228e+00,-6.418964033255e+00
488.00000000,6.895379259138e+14,-1.805529100529e+00,-7.391585697220e+00,-1.304471957672e+01,-7.506741102448e+00,-6.989470899471e+00,-7.272411694818e+00
488.50000000,3.739207708390e+14,-1.092744708995e+00,-4.473545266787e+00,-1.014079365079e+01,-5.835641928686e+00,-4.546105820106e+00,-4.730136745332e+00
489.00000000,6.878976789777e+13,-6.415291005291e-01,-2.626331152697e+00,-7.290703703704e+00,-4.195523317806e+00,-1.720600529101e+00,-1.790252164994e+00
489.50000000,1.506363907876e+14,-1.805858134921e-01,-7.392932718379e-01,-4.552682539683e+00,-2.619896038856e+00,-1.714582671958e+00,-1.783990698956e+00
490.00000000,2.373665460513e+14,1.027174685847e-01,4.205110687069e-01,-3.882468419312e+00,-2.234213245505e+00,-7.903470568783e-01,-8.223410987864e-01
490.50000000,1.079429095893e+15,7.834239721551e-02,3.207229075258e-01,-4.175617745536e+00,-2.402909558475e+00,-9.361296296296e-01,-9.740250963630e-01
491.00000000,3.781314586138e+14,-2.258781467014e-01,-9.247138016127e-01,-2.690568072607e+00,-1.548319825565e+00,-1.173228892816e+00,-1.220722375632e+00
491.50000000,-4.184955362875e+12,-1.798241980820e-01,-7.361753239909e-01,-9.655920448909e-01,-5.556615800707e-01,-8.625288938492e-01,-8.974449289462e-01
492.00000000,1.308508151953e+14,-5.621363260582e-01,-2.301308146383e+00,-2.450217189567e+00,-1.410007013081e+00,-1.582289620536e+00,-1.646342292067e+00
492.50000000,4.678282106980e+14,-5.516097986938e-01,-2.258214003461e+00,-1.241914599868e+00,-7.146747247212e-01,-1.118134589947e+00,-1.163397800101e+00
493.00000000,2.287772971142e+14,2.268854373347e-02,9.288375097465e-02,4.106844711062e+00,2.363333286897e+00,-7.042996238426e-01,-7.328103793202e-01
493.50000000,1.161245661569e+15,4.390435061177e-01,1.797383215439e+00,6.851733589616e+00,3.942912674948e+00,1.451907211062e+00,1.510681871830e+00
494.00000000,3.674822370473e+14,4.348069713128e-01,1.780039429586e+00,4.676346090650e+00,2.691059719720e+00,1.468449849124e+00,1.527894172480e+00
494.50000000,4.305561858177e+14,3.623036037223e-01,1.483220699428e+00,3.320686673280e+00,1.910929168853e+00,8.735744874339e-01,9.089376592424e-01
495.00000000,1.629959919829e+15,4.909128637566e-01,2.009729170946e+00,3.305496031746e+00,1.902187531096e+00,2.180556216931e+00,2.268827320594e+00
495.50000000,5.148917262190e+14,3.385304232804e-01,1.385896596217e+00,3.528730158730e-01,2.030650300008e-01,1.442346560847e+00,1.500734196901e+00
496.00000000,1.680936528238e+14,1.325806878307e-01,5.427669460491e-01,-1.178486772487e+00,-6.781744169883e-01,1.885407407407e+00,1.961730591104e+00
496.50000000,4.483700270503e+14,-3.389179894180e-01,-1.387483238226e+00,-9.080211640212e+00,-5.225317227988e+00,-1.827873015873e+00,-1.901867149670e+00
497.00000000,1.707133340026e+14,-7.376798941799e-01,-3.019959165072e+00,-1.817360846561e+01,-1.045822202971e+01,-6.018021164021e+00,-6.261636699310e+00
497.50000000,8.234524290521e+14,-1.372828042328e+00,-5.620167583807e+00,-1.381562962963e+01,-7.950370583820e+00,-6.376650793651e+00,-6.634784016201e+00
498.00000000,-6.565989267250e+14,-9.453915343915e-01,-3.870301808945e+00,-7.119986772487e+00,-4.097282202164e+00,-2.998503968254e+00,-3.119886417631e+00
498.50000000,-8.553549745920e+13,-1.856854332011e-01,-7.601704075713e-01,-6.393217592593e+00,-3.679054118178e+00,-2.346657738095e+00,-2.441652798004e+00
499.00000000,7.316050716957e+14,-4.425869088955e-01,-1.811889414915e+00,-7.559861689815e+00,-4.350413524951e+00,-2.407602347884e+00,-2.505064506749e+00
499.50000000,7.444064695519e+14,-5.586233103919e-01,-2.286926347527e+00,-3.331737774884e+00,-1.917288658465e+00,-3.223078822545e+00,-3.353552287365e+00
500.00000000,-2.294829375292e+14,-4.858146283896e-01,-1.988857702516e+00,-4.758439922288e+00,-2.738301604576e+00,-9.995655551422e-01,-1.040028971793e+00
500.50000000,5.398271889105e+14,-7.210400665509e-01,-2.951838018827e+00,-4.143919605035e+00,-2.384668481480e+00,-2.433830609086e+00,-2.532354514282e+00
501.00000000,4.772309942556e+14,-1.974450925926e-01,-8.083128219678e-01,-1.151505020255e+00,-6.626474424676e-01,-1.837859984086e+00,-1.912258400377e+00
501.50000000,2.320541207512e+14,1.157304499421e-01,4.737844093869e-01,1.870400985243e+00,1.076344790044e+00,-5.792834317130e-01,-6.027334062901e-01
502.00000000,-6.379377996514e+14,4.196755302373e-01,1.718093408667e+00,5.348225105613e+00,3.077700596730e+00,6.976996397569e-01,7.259432212562e-01
502.50000000,-4.340516389477e+14,3.005397663484e-01,1.230368116324e+00,6.657146983507e+00,3.830935467200e+00,1.573173098235e+00,1.636856723796e+00
503.00000000,9.379535763603e+14,5.611030208333e-01,2.297077938120e+00,5.797456680411e+00,3.336216320830e+00,1.535387724971e+00,1.597541760708e+00
503.50000000,6.425575733043e+13,3.626897189670e-01,1.484801401683e+00,2.379351281467e+00,1.369226372150e+00,-2.126902155671e-01,-2.213001289097e-01
504.00000000,5.121505029929e+14,6.608456072772e-01,2.705410251981e+00,2.201900196036e+00,1.267110006302e+00,1.389648489222e+00,1.445902854459e+00
504.50000000,1.400770758483e+14,1.940946412037e-01,7.945965387143e-01,1.030415613064e+00,5.929650836648e-01,1.328738429905e+00,1.382527094822e+00
505.00000000,8.777034231565e+14,-2.691986505353e-01,-1.102061935432e+00,-3.537367386068e+00,-2.035620696580e+00,1.080386932509e+00,1.124122079612e+00
505.50000000,7.734716613249e+14,-4.592357497830e-01,-1.880047460190e+00,-5.482490832972e+00,-3.154965427782e+00,-1.445355088614e+00,-1.503864512891e+00
506.00000000,-2.666133577409e+14,-1.031762160012e+00,-4.223891169984e+00,-8.346726338252e+00,-4.803224270613e+00,-1.005951169705e+00,-1.046673082440e+00
506.50000000,4.082086716676e+14,-1.097714014757e+00,-4.493888915298e+00,-9.204950714699e+00,-5.297099831824e+00,-2.070811435185e+00,-2.154639959964e+00
507.00000000,4.395069840248e+14,-7.103701077836e-01,-2.908156687636e+00,-4.870286984954e+00,-2.802665344828e+00,-1.858243564815e+00,-1.933467128907e+00
507.50000000,1.124054755794e+15,-3.521880967882e-01,-1.441809217136e+00,-1.395122144097e+00,-8.028398525883e-01,-6.497358463542e-01,-6.760378053689e-01
508.00000000,5.653809691272e+14,-7.213505273438e-01,-2.953109002250e+00,-3.557399298322e-01,-2.047148301922e-01,-9.563859620949e-01,-9.951014254920e-01
508.50000000,8.149592460678e+14,-1.932678262442e-01,-7.912116729555e-01,1.189673948206e+00,6.846122120898e-01,1.476573336227e-01,1.536346506492e-01
509.00000000,3.033707844688e+13,-2.834158072917e-01,-1.160265003167e+00,-1.244420013021e+00,-7.161164949167e-01,9.255551215278e-03,9.630225215626e-03
509.50000000,-1.958825653268e+14,-4.150801620370e-01,-1.699280608667e+00,2.857294895833e+00,1.644264785473e+00,2.486204745370e-01,2.586848808157e-01
510.00000000,5.281426253306e+14,-4.694236689815e-01,-1.921755388248e+00,2.927488483796e+00,1.684658531677e+00,5.040312384259e-01,5.244349287096e-01
510.50000000,-4.307126393568e+14,-2.743170138889e-01,-1.123015805046e+00,2.048403229167e+00,1.178778326689e+00,3.005739004630e-01,3.127414335539e-01
511.00000000,2.939778809213e+14,-1.046354050926e-01,-4.283628347383e-01,3.168011168981e+00,1.823070209777e+00,1.020068611111e+00,1.061362012040e+00
511.50000000,1.023513366382e+15,1.313367476852e-01,5.376744276371e-01,1.372908923611e+00,7.900569871338e-01,2.643399826389e+00,2.750407303787e+00
512.00000000,5.843138060978e+13,-6.898182870370e-03,-2.824020384191e-02,2.723482511574e+00,1.567260836171e+00,9.933481250000e-01,1.033559853840e+00
512.50000000,9.143499659708e+14,-1.791926157407e-01,-7.335897134909e-01,-1.941665092593e+00,-1.117354579532e+00,-1.464504861111e-01,-1.523789487394e-01
513.00000000,-1.714518389601e+14,-1.242651620370e-02,-5.087243368753e-02,-1.287816631944e+00,-7.410896023159e-01,1.484801273148e+00,1.544907518556e+00
513.50000000,5.509073915708e+14,3.052897222222e-01,1.249813776817e+00,1.144186851852e+00,6.584361142577e-01,2.774764861111e+00,2.887090126928e+00
514.00000000,1.428496417173e+15,6.173708333333e-01,2.527430557730e+00,2.506234629630e+00,1.442242924117e+00,5.606424953704e+00,5.833378661397e+00
514.50000000,2.060389813493e+15,5.132130902778e-01,2.101023205116e+00,1.382708101852e+00,7.956960423575e-01,3.517516597222e+00,3.659909198605e+00
515.00000000,1.168483569808e+15,2.894709490741e-01,1.185053913731e+00,2.830570486111e-01,1.628885901801e-01,1.858279652778e+00,1.933504677747e+00
515.50000000,1.341955506171e+15,-3.404842592593e-02,-1.393895329702e-01,-5.375771585648e+00,-3.093552550672e+00,-4.159056481481e-01,-4.327419261109e-01
516.00000000,4.832112006241e+14,-5.795952893519e-01,-2.372782720419e+00,-5.444625879630e+00,-3.133175584012e+00,-2.957795671296e+00,-3.077530207965e+00
516.50000000,9.346306354693e+14,-5.656984259259e-01,-2.315890889152e+00,-4.285041504630e+00,-2.465878779480e+00,-2.864837418981e+00,-2.980808912321e+00
517.00000000,5.647541007277e+14,-1.008378136574e+00,-4.128160221569e+00,-5.305402384259e+00,-3.053057745605e+00,-4.448720636574e+00,-4.628809311853e+00
517.50000000,6.705625083474e+14,-2.422864120370e-01,-9.918869639481e-01,-9.470357060185e-01,-5.449831112155e-01,-2.686182685185e+00,-2.794922055636e+00
518.00000000,8.045403302579e+14,-3.419744212963e-01,-1.399995846385e+00,-6.273104861111e-01,-3.609933799183e-01,-3.368629490741e+00,-3.504994992657e+00
518.50000000,-2.205136312225e+14,-1.330303067130e-01,-5.446076233876e-01,-2.773087094907e-01,-1.595806391512e-01,-1.149330138889e+00,-1.195856176166e+00
519.00000000,6.674168300346e+14,-1.109590104167e-01,-4.542507978039e-01,2.605774016204e+00,1.499524063824e+00,-7.957507870370e-01,-8.279635773641e-01
519.50000000,7.548547503460e+14,-3.415280902778e-01,-1.398168629105e+00,1.104870133102e+00,6.358108345866e-01,-1.496126956019e+00,-1.556691676434e+00
520.00000000,2.734156856206e+14,-1.682034056713e-01,-6.886014117520e-01,1.550052604167e+00,8.919964531411e-01,-6.098934027778e-01,-6.345824996981e-01
520.50000000,8.697999498245e+12,1.986172743056e-02,8.131115713103e-02,-1.605629137731e+00,-9.239786392195e-01,-1.534546105324e+00,-1.596666071453e+00
521.00000000,1.206908225187e+15,-2.326365451389e-01,-9.523817473755e-01,2.193760804398e+00,1.262426095284e+00,-1.241217965856e+00,-1.291463714570e+00
521.50000000,-3.401632322087e+14,-4.423850549769e-02,-1.811063052970e-01,-7.912975636574e-01,-4.553617201534e-01,-1.555882340856e+00,-1.618866019209e+00
522.00000000,9.192028329839e+14,2.546250665509e-01,1.042399704065e+00,3.842930882523e+00,2.211460893432e+00,1.488014827836e+00,1.548251161162e+00
522.50000000,8.912043544422e+14,2.379464105903e-01,9.741196000156e-01,1.130054019097e+00,6.503032053125e-01,2.693735746528e+00,2.802780872481e+00
523.00000000,3.633659229365e+14,1.210006163194e-01,4.953597395243e-01,4.389022207755e+00,2.525715728325e+00,6.472477690972e-01,6.734490082480e-01
523.50000000,4.117461087825e+14,3.128890270544e-01,1.280924276720e+00,-2.139953383247e+00,-1.231461966266e+00,-1.227549638310e+00,-1.277242079410e+00
524.00000000,2.386655223510e+13,-1.039647105035e+00,-4.256171041208e+00,-2.670923596282e+00,-1.537015174898e+00,-3.032768305845e+00,-3.155537809989e+00
524.50000000,6.621491697641e+14,-4.162448142723e-01,-1.704048533372e+00,2.566891277127e+00,1.477148522986e+00,-2.027964467593e-01,-2.110058504130e-01
525.00000000,1.049990946669e+15,-5.554767010272e-01,-2.274044565246e+00,-2.787850505281e+00,-1.604302173948e+00,-1.306368930664e+00,-1.359252055807e+00
525.50000000,-5.988266144604e+14,-2.855170287182e-01,-1.168867112232e+00,-9.391618419054e-01,-5.404520012116e-01,-3.376479745732e+00,-3.513163033848e+00
526.00000000,7.584563778912e+14,-5.960015027308e-01,-2.439947482328e+00,-4.439623116500e+00,-2.554834631132e+00,-3.396812893428e+00,-3.534319287765e+00
526.50000000,1.190745494330e+15,-3.148682843244e-01,-1.289027081446e+00,-9.192373372396e-01,-5.289862048607e-01,-2.957506689634e+00,-3.077229528035e+00
527.00000000,8.457723113001e+14,-5.618595346861e-01,-2.300175000899e+00,-3.672540002170e+00,-2.113407407690e+00,-2.783216923376e+00,-2.895884337154e+00
527.50000000,7.251533820958e+14,-2.519719807038e-01,-1.031538338609e+00,1.909828902995e+00,1.099034060521e+00,-6.291052594220e-01,-6.545720715767e-01
528.00000000,2.957747828454e+14,-4.082226933232e-01,-1.671207082934e+00,3.037354739764e+00,1.747882392841e+00,-2.431643889251e-01,-2.530079273834e-01
528.50000000,-6.596372963797e+14,-1.510323683449e-01,-6.183055666886e-01,5.983297533637e+00,3.443160679674e+00,8.358244314236e-01,8.696594430859e-01
529.00000000,2.736337760603e+14,-2.162516890914e-02,-8.853044194189e-02,3.531932483905e+00,2.032493116626e+00,3.029052929326e+00,3.151672031300e+00
529.50000000,8.347191184985e+14,-3.148124276620e-03,-1.288798412018e-02,2.406977200521e+00,1.385124040232e+00,1.965353598814e+00,2.044913084558e+00
530.00000000,8.432899947390e+14,-2.157944813368e-01,-8.834326742896e-01,9.765124674479e-01,5.619458688500e-01,1.529739445168e+00,1.591664832871e+00
530.50000000,1.677448380790e+14,-2.358355041956e-01,-9.654778420342e-01,1.458378301505e+00,8.392413707659e-01,6.843184063947e-01,7.120203021405e-01
531.00000000,1.079338125857e+14,-2.832443026620e-01,-1.159562887002e+00,1.983717466001e+00,1.141554124648e+00,1.166726210937e+00,1.213956458666e+00
531.50000000,1.256068563509e+15,1.555706004051e-01,6.368844592564e-01,-1.090703052662e-01,-6.276582173982e-02,3.186261015625e+00,3.315244058678e+00
532.00000000,-3.144903296700e+14,2.248714771412e-01,9.205926360658e-01,-2.724898668981e+00,-1.568075781020e+00,1.809426600116e+00,1.882674004493e+00
532.50000000,4.416922354790e+14,-6.014194502315e-01,-2.462127807886e+00,-5.416548052662e+00,-3.117017860075e+00,-1.496785590278e-01,-1.557376972868e-01
533.00000000,-1.552963142622e+14,-3.661687210648e-01,-1.499043953708e+00,-9.038082826968e+00,-5.201073694647e+00,-1.588518796296e+00,-1.652823631113e+00
533.50000000,3.319231061840e+14,-8.716271701389e-01,-3.568320733362e+00,-5.927647242477e+00,-3.411136048898e+00,-1.017568582176e+00,-1.058760779425e+00
534.00000000,1.047004950282e+15,-5.527350405093e-02,-2.262820587374e-01,-2.475478692130e+00,-1.424544049196e+00,-2.024653900463e+00,-2.106613921921e+00
534.50000000,1.112963023984e+15,-3.428651620370e-03,-1.403642415426e-02,9.939462384259e-01,5.719783424805e-01,2.550008391204e-01,2.653235289595e-01
535.00000000,8.828073967918e+14,3.316357407407e-01,1.357670722243e+00,1.736226938657e+00,9.991327177977e-01,-6.475370196759e-01,-6.737499679804e-01
535.50000000,9.613390269362e+14,3.767384722222e-01,1.542315048843e+00,1.416342251157e+00,8.150512189523e-01,1.393804467593e+00,1.450227071004e+00
536.00000000,-3.570636395371e+13,6.582028298611e-01,2.694591087812e+00,9.745005150463e-01,5.607880665913e-01,-3.417427199074e-01,-3.555768081188e-01
536.50000000,8.024637656636e+14,8.804769560185e-01,3.604550529222e+00,5.563408009259e+00,3.201530192134e+00,2.873591898148e-01,2.989917781589e-01
537.00000000,-5.097527962766e+14,8.273971990741e-01,3.387249366850e+00,9.523331944444e+00,5.480316147784e+00,5.784245717593e-01,6.018397788236e-01
537.50000000,4.566545714973e+14,5.919169907407e-01,2.423226056793e+00,6.291818935185e+00,3.620703038661e+00,6.659633101852e-02,6.929221732187e-02
538.00000000,9.972169432206e+13,4.153518518519e-01,1.700392869083e+00,4.026417569444e+00,2.317050518902e+00,-4.085074421296e-01,-4.250442332893e-01
538.50000000,9.072254179276e+14,2.128819097222e-01,8.715090100949e-01,4.951089699074e-01,2.849164240546e-01,6.213098842593e-01,6.464611318054e-01
539.00000000,-1.674857830498e+14,1.376345138889e-01,5.634566089280e-01,-5.997241550926e-01,-3.451184932483e-01,5.176999768519e-01,5.386569913824e-01
539.50000000,7.237955697701e+14,1.854451041667e-01,7.591865338399e-01,-1.020325150463e+00,-5.871584053452e-01,2.326533379630e+00,2.420713785314e+00
540.00000000,1.468407140299e+15,4.942696412037e-01,2.023471352204e+00,2.399402662037e+00,1.380765180769e+00,4.465384004630e+00,4.646147229768e+00
540.50000000,5.914736857509e+14,4.167545023148e-01,1.706135125521e+00,2.309605277778e+00,1.329090193711e+00,4.096435486111e+00,4.262263305011e+00
541.00000000,5.561917506142e+14,2.463762962963e-01,1.008630382808e+00,1.311954976852e+00,7.549803038213e-01,4.968219097222e+00,5.169337591461e+00
541.50000000,6.194149711839e+14,6.565174768519e-01,2.687691486363e+00,2.355219004630e+00,1.355339162589e+00,3.889452222222e+00,4.046901150910e+00
542.00000000,8.387631366016e+14,9.672635995370e-01,3.959843009833e+00,1.465675428241e+00,8.434405902951e-01,4.104913831019e+00,4.271084861828e+00
542.50000000,2.031596963276e+14,9.147503819444e-01,3.744861180983e+00,2.908497893519e+00,1.673730167617e+00,2.660538726852e+00,2.768240004138e+00
543.00000000,2.045317142156e+15,1.011015219907e+00,4.138956074953e+00,4.508629618056e+00,2.594545254156e+00,2.062537407407e+00,2.146030991239e+00
543.50000000,9.427510010913e+14,4.503738078704e-01,1.843767899217e+00,3.507861319444e+00,2.018641074919e+00,-8.360525000000e-01,-8.698967441072e-01
544.00000000,2.729587495754e+14,2.228627777778e-01,9.123692994935e-01,1.418405445602e+00,8.162385090621e-01,-2.501438935185e+00,-2.602699693261e+00
544.50000000,1.227020323347e+15,8.095415509259e-02,3.314150820043e-01,3.228361597222e+00,1.857799591084e+00,-2.207655636574e+00,-2.297023751936e+00
545.00000000,2.946881147435e+14,-4.373559606481e-01,-1.790474638361e+00,2.143893402778e-01,1.233729297993e-01,-3.053543443287e+00,-3.177153945841e+00
545.50000000,1.847488436406e+15,-1.718115798611e-01,-7.033727764044e-01,1.029994965278e-01,5.927230168262e-02,-2.173357459491e+00,-2.261337150229e+00
546.00000000,-4.021090168242e+14,5.442806423611e-02,2.228209454044e-01,1.983437812500e+00,1.141393194670e+00,-1.436721226852e+00,-1.494881143742e+00
546.50000000,1.122574798645e+15,-7.906144386574e-02,-3.236665847747e-01,2.627573642940e+00,1.512068921770e+00,-9.425416898148e-01,-9.806967231785e-01
547.00000000,5.372282469964e+14,1.517225260417e-01,6.211309765692e-01,3.272183912037e+00,1.883017670314e+00,2.420304890046e-01,2.518281260564e-01
547.50000000,8.057991484591e+14,-7.657703993056e-03,-3.134957796694e-02,1.052669759838e+00,6.057715006448e-01,1.934341649306e+00,2.012645740216e+00
548.00000000,1.504307970769e+15,-6.473849826389e-03,-2.650304321800e-02,2.009109266493e+00,1.156166142276e+00,-7.066896122685e-01,-7.352971168757e-01
548.50000000,8.788059514208e+14,-6.396226200810e-01,-2.618526286186e+00,-2.888387543403e-01,-1.662157424262e-01,-1.334287384259e-01,-1.388300676417e-01
549.00000000,1.804579342135e+15,-4.614077683738e-01,-1.888939403025e+00,8.433132233796e-01,4.852947584615e-01,-6.659089105903e-01,-6.928655714736e-01
549.50000000,6.927674924754e+14,-4.242011877894e-01,-1.736620822943e+00,-1.006798561921e+00,-5.793743669391e-01,-2.110762717014e-01,-2.196208509768e-01
550.00000000,1.796723746584e+14,-5.137803946036e-01,-2.103345670336e+00,-1.607004756221e+00,-9.247702554590e-01,-1.481925423900e+00,-1.541915252045e+00
550.50000000,-2.047553733691e+14,-3.674885861545e-01,-1.504447298310e+00,-1.967537671441e+00,-1.132243266860e+00,-1.017834274812e+00,-1.059037227566e+00
551.00000000,7.881726980757e+14,-3.069749139178e-01,-1.256712717871e+00,-3.702981557798e+00,-2.130925367774e+00,-1.107710229673e+00,-1.152551451263e+00
551.50000000,7.400189899337e+14,-7.226509029586e-01,-2.958432559645e+00,-7.999545315755e+00,-4.603434766804e+00,-3.469197385344e+00,-3.609633976546e+00
552.00000000,1.502599131709e+15,-2.967068666811e-01,-1.214676756738e+00,-4.847224004449e+00,-2.789393474729e+00,-2.241336237160e+00,-2.332067777029e+00
552.50000000,1.127436827478e+15,3.071121233001e-01,1.257274434049e+00,-8.822881020327e-01,-5.077233221287e-01,-1.620063914207e-01,-1.685645727050e-01
553.00000000,7.401600307094e+14,1.137562959708e+00,4.657024968581e+00,3.774108981662e+00,2.171856501103e+00,1.544632326027e+00,1.607160592491e+00
553.50000000,5.224860914380e+14,2.356213060348e+00,9.646009444748e+00,2.561988197338e+00,1.474326986627e+00,3.648653984737e+00,3.796355159151e+00
554.00000000,3.679911086053e+14,6.007621209129e+00,2.459436792833e+01,5.067129523112e+00,2.915940755864e+00,6.719596117983e+00,6.991612111379e+00
554.50000000,7.106047966359e+14,1.780192386321e+01,7.287860703643e+01,1.836142838433e+01,1.056630526564e+01,2.058391932870e+01,2.141717703733e+01
555.00000000,1.425111650825e+15,5.244125590169e+01,2.146872276684e+02,5.533120864945e+01,3.184101089902e+01,6.421939555736e+01,6.681906112819e+01
555.50000000,2.255768746263e+15,1.537752760880e+02,6.295346505270e+02,1.644497478754e+02,9.463458945234e+01,1.907341829076e+02,1.984552940172e+02
556.00000000,7.956607098114e+14,4.413608950637e+02,1.806870284344e+03,4.644940714308e+02,2.672987117390e+02,5.436892267347e+02,5.656983121785e+02
556.50000000,-2.500157991699e+14,1.241523168309e+03,5.082623642540e+03,1.289762932731e+03,7.422096245616e+02,1.524853328801e+03,1.586580921610e+03
557.00000000,1.039155613601e+15,3.422305147265e+03,1.401044257367e+04,3.553618125239e+03,2.044972380299e+03,4.201830608791e+03,4.371924928012e+03
557.50000000,2.242732049171e+15,9.230824701991e+03,3.778971594575e+04,9.585854178038e+03,5.516295320658e+03,1.133661896984e+04,1.179553668106e+04
558.00000000,4.669237720242e+14,2.436821211642e+04,9.976008035195e+04,2.530478976164e+04,1.456194625536e+04,2.992587843363e+04,3.113730802068e+04
558.50000000,2.624331245703e+14,6.296916291907e+04,2.577870186983e+05,6.538695487469e+04,3.762771126163e+04,7.733042508044e+04,8.046083828216e+04
559.00000000,4.053454686767e+14,1.592590062133e+05,6.519842810260e+05,1.653621277848e+05,9.515962946770e+04,1.955789261839e+05,2.034961573625e+05
559.50000000,-5.031659331866e+13,3.942936090460e+05,1.614183343971e+06,4.094037030485e+05,2.355962952744e+05,4.842180773981e+05,5.038197110426e+05
560.00000000,1.173034026767e+15,9.554414091653e+05,3.911444602277e+06,9.920375907672e+05,5.708799881813e+05,1.173345776223e+06,1.220843990597e+06
560.50000000,9.755901268273e+14,2.266367379886e+06,9.278193691203e+06,2.353186290312e+06,1.354169412635e+06,2.783256845034e+06,2.895925874881e+06
561.00000000,4.238394609838e+14,5.261630686997e+06,2.154038620516e+07,5.463199449804e+06,3.143863968828e+06,6.461651698660e+06,6.723225843136e+06
561.50000000,5.427532571405e+14,1.195791464329e+07,4.895404389772e+07,1.241601258908e+07,7.144944088895e+06,1.468515635146e+07,1.527962621586e+07
562.00000000,3.231471916433e+14,2.659824481885e+07,1.088895249135e+08,2.761720292030e+07,1.589265227797e+07,3.266451036289e+07,3.398680251842e+07
562.50000000,-2.700070455402e+14,5.791574647812e+07,2.370990327356e+08,6.013445412091e+07,3.460509639688e+07,7.112460068806e+07,7.400379589136e+07
563.00000000,3.208802313798e+14,1.234248083224e+08,5.052840453308e+08,1.281531178404e+08,7.374725623202e+07,1.515743250869e+08,1.577102058583e+08
563.50000000,-3.868109041792e+13,2.574863943386e+08,1.054113583140e+09,2.673504990524e+08,1.538500669327e+08,3.162113607252e+08,3.290119138984e+08
564.00000000,-2.329908560430e+14,5.257374630235e+08,2.152296249913e+09,5.458780655401e+08,3.141321120331e+08,6.456424963644e+08,6.717787524643e+08
564.50000000,6.522642679955e+14,1.050820418875e+09,4.301913038247e+09,1.091076554323e+09,6.278731534305e+08,1.290481215030e+09,1.342721189502e+09
565.00000000,5.306566269296e+14,2.055665577162e+09,8.415609736762e+09,2.134416574530e+09,1.228275742958e+09,2.524501585859e+09,2.626695943176e+09
565.50000000,7.663670900485e+14,3.936583533463e+09,1.611582695252e+10,4.087391080336e+09,2.352138460630e+09,4.834400831668e+09,5.030102228241e+09
566.00000000,-9.698302446450e+13,7.378246539342e+09,3.020551791427e+10,7.660901602469e+09,4.408558160476e+09,9.061004523116e+09,9.427803078155e+09
566.50000000,1.147802976820e+15,1.353715320395e+10,5.541922751291e+10,1.405575133495e+10,8.088551513225e+09,1.662457411204e+10,1.729755355343e+10
567.00000000,7.459639713459e+14,2.430922440015e+10,9.951859282357e+10,2.524049245148e+10,1.452494559329e+10,2.985343347510e+10,3.106193041753e+10
567.50000000,8.271813800309e+14,4.273190617516e+10,1.749384966472e+11,4.436893326091e+10,2.553263740340e+10,5.247777951184e+10,5.460213268344e+10
568.00000000,3.064043915323e+14,7.352014520683e+10,3.009812766846e+11,7.633664649723e+10,4.392884327744e+10,9.028789761794e+10,9.394284230970e+10
568.50000000,1.148871921629e+15,1.238210194826e+11,5.069060788634e+11,1.285645093181e+11,7.398399641618e+10,1.520609011174e+11,1.582164789747e+11
569.00000000,1.896565033833e+14,2.041075125060e+11,8.355878449662e+11,2.119267173163e+11,1.219557837352e+11,2.506583486889e+11,2.608052501580e+11
569.50000000,-5.252494088790e+14,3.293470672327e+11,1.348301210357e+12,3.419641049034e+11,1.967873657033e+11,4.044613106366e+11,4.208343103335e+11
570.00000000,9.288507146412e+14,5.201505529824e+11,2.129424215150e+12,5.400771282409e+11,3.107938927482e+11,6.387813808562e+11,6.646398921157e+11
570.50000000,1.532435181252e+14,8.041381392855e+11,3.292030002280e+12,8.349440647258e+11,4.804786252445e+11,9.875380657880e+11,1.027514597601e+12
571.00000000,1.363975275012e+15,1.216792809873e+12,4.981380985385e+12,1.263407224419e+12,7.270429145600e+11,1.494306959491e+12,1.554798004620e+12
571.50000000,7.498467439529e+14,1.802291629867e+12,7.378331941393e+12,1.871336062484e+12,1.076882891512e+12,2.213340598082e+12,2.302938846391e+12
572.00000000,1.346818373128e+15,2.612893749739e+12,1.069682458359e+13,2.712991738020e+12,1.561223794089e+12,3.208816885644e+12,3.338713012948e+12
572.50000000,1.056682287884e+15,3.707977717534e+12,1.517994645143e+13,3.850027546438e+12,2.215544754215e+12,4.553656846093e+12,4.737993444428e+12
573.00000000,4.568297675824e+14,5.150441449621e+12,2.108519289012e+13,5.347750975851e+12,3.077427753044e+12,6.325103534622e+12,6.581150072404e+12
573.50000000,-1.250985257652e+14,7.002722227590e+12,2.866817346998e+13,7.270991232987e+12,4.184179538946e+12,8.599834314584e+12,8.947964236836e+12
574.00000000,6.015959170139e+14,9.319332080348e+12,3.815205287611e+13,9.676348661463e+12,5.568371461833e+12,1.144479378288e+13,1.190809051909e+13
574.50000000,9.680734635425e+14,1.213988288587e+13,4.969899664250e+13,1.260495264040e+13,7.253671918636e+12,1.490862810546e+13,1.551214433070e+13
575.00000000,5.439473231188e+14,1.547899584150e+13,6.336886192299e+13,1.607198449420e+13,9.248817185449e+12,1.900929313869e+13,1.977880839914e+13
575.50000000,9.274147288320e+14,1.931879239541e+13,7.908845640629e+13,2.005888075719e+13,1.154312469222e+13,2.372483276629e+13,2.468523780251e+13
576.00000000,9.754022316412e+14,2.360035158914e+13,9.661656586123e+13,2.450446325345e+13,1.410138872026e+13,2.898288791648e+13,3.015614430119e+13
576.50000000,8.933028180916e+14,2.822041472358e+13,1.155304634964e+14,2.930151752101e+13,1.686191141522e+13,3.465664966054e+13,3.605958561378e+13
577.00000000,-2.115384802766e+14,3.303025156938e+13,1.352212683829e+14,3.429561558763e+13,1.973582533923e+13,4.056346683959e+13,4.220551667922e+13
577.50000000,5.669500681549e+13,3.784119055237e+13,1.549165852662e+14,3.929085801349e+13,2.261039779856e+13,4.647163752045e+13,4.835285603759e+13
578.00000000,1.467580780224e+15,4.243488509030e+13,1.737225335248e+14,4.406053352348e+13,2.535516505750e+13,5.211301677756e+13,5.422260398767e+13
578.50000000,7.789874019264e+14,4.657836170942e+13,1.906853520724e+14,4.836274360588e+13,2.783092370198e+13,5.720149683613e+13,5.951707082486e+13
579.00000000,1.753090278342e+15,5.004399102073e+13,2.048731577642e+14,5.196113856149e+13,2.990166344899e+13,6.145753283247e+13,6.394539542891e+13
579.50000000,1.074231701265e+15,5.262858177845e+13,2.154541138243e+14,5.464474304122e+13,3.144597599110e+13,6.463159165775e+13,6.724794334032e+13
580.00000000,9.421900618023e+14,5.417496204660e+13,2.217847801477e+14,5.625036397079e+13,3.236994990684e+13,6.653065514495e+13,6.922388282303e+13
580.50000000,1.991649950735e+15,5.458548535396e+13,2.234654056254e+14,5.667661411634e+13,3.261524069049e+13,6.703480657504e+13,6.974844280889e+13
581.00000000,1.541581253307e+15,5.383479635917e+13,2.203921890068e+14,5.589716679250e+13,3.216669833367e+13,6.611290780950e+13,6.878922465628e+13
581.50000000,2.653606864337e+14,5.196976313486e+13,2.127570016805e+14,5.396068555243e+13,3.105232686455e+13,6.382251613052e+13,6.640611562392e+13
582.00000000,2.797717813794e+14,4.910721680408e+13,2.010381340589e+14,5.098847723135e+13,2.934193376352e+13,6.030710835589e+13,6.274840061516e+13
582.50000000,1.643517956579e+15,4.541949940518e+13,1.859411305416e+14,4.715948616105e+13,2.713849470304e+13,5.577833260285e+13,5.803629547539e+13
583.00000000,1.346776686704e+15,4.111926726023e+13,1.683365766145e+14,4.269451536690e+13,2.456907344530e+13,5.049734575818e+13,5.254152898423e+13
583.50000000,3.002381735668e+14,3.643778770625e+13,1.491712486766e+14,3.783369186311e+13,2.177185397477e+13,4.474816034101e+13,4.655961077256e+13
584.00000000,1.283843963061e+15,3.160554528072e+13,1.293887184545e+14,3.281632987590e+13,1.888455254727e+13,3.881382753773e+13,4.038505022281e+13
584.50000000,5.342072892764e+14,2.683365777959e+13,1.098532729213e+14,2.786163496472e+13,1.603331364396e+13,3.295361481705e+13,3.428761021097e+13
585.00000000,4.639733310093e+14,2.229972908872e+13,9.129199775056e+13,2.315401488628e+13,1.332425693104e+13,2.738563221422e+13,2.849423008539e+13
585.50000000,1.412481961765e+15,1.813958070946e+13,7.426092732945e+13,1.883449436119e+13,1.083853678367e+13,2.227667806425e+13,2.317846034503e+13
586.00000000,1.417196590080e+15,1.444300812308e+13,5.912767190299e+13,1.499630886788e+13,8.629806681657e+12,1.773702751958e+13,1.845504019116e+13
586.50000000,1.269068267010e+15,1.125648621317e+13,4.608249319816e+13,1.168771370764e+13,6.725835719718e+12,1.382375499863e+13,1.438335447193e+13
587.00000000,1.541714711894e+15,8.587371738527e+12,3.515550876505e+13,8.916347471164e+12,5.131019616929e+12,1.054589511749e+13,1.097280353375e+13
587.50000000,9.059417689838e+14,6.413067191611e+12,2.625420754223e+13,6.658746957438e+12,3.831856191482e+12,7.875696551103e+12,8.194512650079e+12
588.00000000,7.139965051888e+14,4.688796847784e+12,1.919528392375e+13,4.868421117601e+12,2.801591608971e+12,5.758171567456e+12,5.991268130340e+12
588.50000000,1.464804439209e+15,3.357513017502e+12,1.374519258157e+13,3.486136808161e+12,2.006139443065e+12,4.123261600443e+12,4.290175367369e+12
589.00000000,9.914765335276e+14,2.356730870864e+12,9.648129289176e+12,2.447015452519e+12,1.408164534908e+12,2.894230894047e+12,3.011392264751e+12
589.50000000,6.698451308125e+14,1.625534202511e+12,6.654711551367e+12,1.687807191442e+12,9.712689906815e+11,1.996270073259e+12,2.077081088911e+12
590.00000000,7.782851308766e+14,1.108444657894e+12,4.537818679880e+12,1.150908336482e+12,6.623040735991e+11,1.361247825485e+12,1.416352503356e+12
590.50000000,1.497580974495e+15,7.588335947056e+11,3.106559480848e+12,7.879039372222e+11,4.534088169194e+11,9.319009057768e+11,9.696251895255e+11
591.00000000,5.723761681725e+14,5.401768061267e+11,2.211408917733e+12,5.608705720353e+11,3.227597305936e+11,6.633750250656e+11,6.902291117203e+11
591.50000000,4.806512349195e+14,4.271059147958e+11,1.748512372400e+12,4.434680201647e+11,2.551990171205e+11,5.245160357140e+11,5.457489711467e+11
592.00000000,6.123073702490e+14,4.054637132684e+11,1.659912201281e+12,4.209967222279e+11,2.422676378865e+11,4.979378934885e+11,5.180949190550e+11
592.50000000,1.208663921019e+15,4.726407988472e+11,1.934925871678e+12,4.907473112728e+11,2.824064550243e+11,5.804360687593e+11,6.039327032407e+11
593.00000000,2.142087911877e+15,6.376347878352e+11,2.610388376699e+12,6.620620955008e+11,3.809916123868e+11,7.830602657628e+11,8.147593310549e+11
593.50000000,3.577090721774e+14,9.216772605296e+11,3.773218861101e+12,9.569860210313e+11,5.507091399162e+11,1.131884355036e+12,1.177704169477e+12
594.00000000,1.045777681748e+15,1.358575545831e+12,5.561819840078e+12,1.410621550029e+12,8.117591725390e+11,1.668426108916e+12,1.735965671928e+12
594.50000000,5.689250833429e+14,1.995565671008e+12,8.169569057270e+12,2.072014286332e+12,1.192365594108e+12,2.450694683695e+12,2.549901263554e+12
595.00000000,7.752421225907e+14,2.893091772701e+12,1.184391642404e+13,3.003923935857e+12,1.728644233807e+12,3.552919720863e+12,3.696745476215e+12
595.50000000,9.625564466167e+14,4.124777968935e+12,1.688626886737e+13,4.282795101028e+12,2.464586059452e+12,5.065516803962e+12,5.270574007000e+12
596.00000000,9.149539144157e+14,5.774904014837e+12,2.364165601451e+13,5.996136230820e+12,3.450548862706e+12,7.091987386652e+12,7.379078152266e+12
596.50000000,-3.471423849801e+14,7.935808107554e+12,3.248809763658e+13,8.239822929061e+12,4.741705415336e+12,9.745729254890e+12,1.014024615413e+13
597.00000000,1.519457789246e+15,1.070120295367e+13,4.380924055571e+13,1.111115796541e+13,6.394049768887e+12,1.314182818872e+13,1.367382258050e+13
597.50000000,7.633284980318e+14,1.415976789665e+13,5.796812570353e+13,1.470221792206e+13,8.460568502343e+12,1.738918864501e+13,1.809312044993e+13
598.00000000,6.289216117692e+14,1.838374500079e+13,7.526050207075e+13,1.908801240232e+13,1.098442679598e+13,2.257652894834e+13,2.349044949378e+13
598.50000000,9.270879750963e+14,2.341936292502e+13,9.587562337479e+13,2.431654105015e+13,1.399324662343e+13,2.876062113598e+13,2.992487993839e+13
599.00000000,9.264031417212e+14,2.927298800399e+13,1.198395525067e+14,3.039441408969e+13,1.749083191785e+13,3.594928351368e+13,3.740454658234e+13
599.50000000,4.354392617706e+14,3.590192108770e+13,1.469774850689e+14,3.727729659869e+13,2.145166961388e+13,4.409007852875e+13,4.587488914822e+13
600.00000000,1.315354358153e+15,4.320366735497e+13,1.768698214805e+14,4.485876725672e+13,2.581451828004e+13,5.305713534821e+13,5.520494142540e+13
600.50000000,1.274036728029e+15,5.101288402218e+13,2.088396713195e+14,5.296714912285e+13,3.048058435151e+13,6.264740143074e+13,6.518343110197e+13
601.00000000,1.713326532986e+15,5.910077454180e+13,2.419503732561e+14,6.136488062645e+13,3.531316015926e+13,7.257989856011e+13,7.551800568154e+13
601.50000000,5.726530937836e+14,6.718327006276e+13,2.750389888165e+14,6.975701045304e+13,4.014251241447e+13,8.250577025251e+13,8.584568661982e+13
602.00000000,4.089010329562e+14,7.493497842786e+13,3.067734076435e+14,7.780568091740e+13,4.477421684012e+13,9.202541210438e+13,9.575069312600e+13
602.50000000,8.285689797568e+14,8.200899841298e+13,3.357334642433e+14,8.515070127122e+13,4.900099732889e+13,1.007128050686e+14,1.047897604744e+14
603.00000000,1.135547173463e+15,8.806331114515e+13,3.605189807905e+14,9.143695015654e+13,5.261849501522e+13,1.081479259677e+14,1.125258625281e+14
603.50000000,6.045357671036e+14,9.278575839069e+13,3.798520247751e+14,9.634031079325e+13,5.544019299157e+13,1.139474225851e+14,1.185601285878e+14
604.00000000,8.507867260313e+14,9.592351813789e+13,3.926975779495e+14,9.959827574911e+13,5.731502819218e+13,1.178008117483e+14,1.225695068109e+14
604.50000000,1.402287318215e+15,9.730201910369e+13,3.983409696951e+14,1.010295860469e+14,5.813869295398e+13,1.194937076712e+14,1.243309328595e+14
605.00000000,1.033873185535e+15,9.684502700771e+13,3.964701074424e+14,1.005550869285e+14,5.786563671738e+13,1.189324893077e+14,1.237469958135e+14
605.50000000,-2.716230429613e+14,9.457751841519e+13,3.871872417849e+14,9.820071179252e+13,5.651078316916e+13,1.161478296327e+14,1.208496103206e+14
606.00000000,9.080125850287e+14,9.062772623828e+13,3.710173404783e+14,9.409960605719e+13,5.415075244502e+13,1.112972076611e+14,1.158026303044e+14
606.50000000,1.847929758429e+15,8.521142432673e+13,3.488437517338e+14,8.847580970568e+13,5.091447105350e+13,1.046456088223e+14,1.088817680703e+14
607.00000000,8.558894300554e+14,7.861621292580e+13,3.218438710634e+14,8.162794073169e+13,4.697378231820e+13,9.654622640011e+13,1.004545145207e+14
607.50000000,8.666528827713e+14,7.117398535250e+13,2.913764236708e+14,7.390060703477e+13,4.252699500830e+13,8.740664867851e+13,9.094495752211e+13
608.00000000,7.794667989295e+14,6.323628955877e+13,2.588805981088e+14,6.565882410371e+13,3.778416168619e+13,7.765860121252e+13,8.080229931337e+13
608.50000000,8.589001510867e+14,5.514717990472e+13,2.257649052050e+14,5.725982676157e+13,3.295085743639e+13,6.772460690053e+13,7.046616694371e+13
609.00000000,1.180689414285e+15,4.722154025281e+13,1.933184358154e+14,4.903056183403e+13,2.821522775028e+13,5.799136522275e+13,6.033891387634e+13
609.50000000,2.296046942309e+15,3.972905702140e+13,1.626452487292e+14,4.125104722265e+13,2.373841230424e+13,4.879007002627e+13,5.076514101760e+13
610.00000000,4.318037446972e+14,3.288380250509e+13,1.346217262273e+14,3.414355617017e+13,1.964832091475e+13,4.038361711151e+13,4.201838645369e+13
610.50000000,1.587597058487e+15,2.684337202267e+13,1.098930416850e+14,2.787172135311e+13,1.603911797773e+13,3.296554458924e+13,3.430002291232e+13
611.00000000,9.917060345222e+14,2.171092500864e+13,8.888151551821e+13,2.254265416611e+13,1.297244203616e+13,2.666253948429e+13,2.774186583619e+13
611.50000000,1.152098642328e+15,1.754613514747e+13,7.183144351398e+13,1.821831434744e+13,1.048394856823e+13,2.154788526882e+13,2.242016528596e+13
612.00000000,9.876800726061e+14,1.437474231812e+13,5.884820116645e+13,1.492542785143e+13,8.589017346445e+12,1.765319232049e+13,1.836781125910e+13
612.50000000,5.844115886651e+14,1.220370818966e+13,4.996028858315e+13,1.267122304342e+13,7.291808020780e+12,1.498701005747e+13,1.559369926278e+13
613.00000000,1.177371185763e+15,1.103082024238e+13,4.515864801529e+13,1.145340264376e+13,6.590998593963e+12,1.354662135029e+13,1.409500217542e+13
613.50000000,1.783277734693e+15,1.085636320678e+13,4.444444511004e+13,1.127226229074e+13,6.486759194617e+12,1.333237586797e+13,1.387208382101e+13
614.00000000,1.362695155414e+15,1.168643184976e+13,4.784263099769e+13,1.213413023719e+13,6.982731492102e+12,1.435175841198e+13,1.493273199326e+13
614.50000000,5.367794414211e+14,1.353629295847e+13,5.541570578721e+13,1.405485812936e+13,8.088037507304e+12,1.662351766829e+13,1.729645434378e+13
615.00000000,8.703129815899e+14,1.642441503722e+13,6.723927697357e+13,1.705362198604e+13,9.813712311355e+12,2.017033425624e+13,2.098684962613e+13
615.50000000,1.069594463008e+15,2.036682423365e+13,8.337895338223e+13,2.114706190448e+13,1.216933164877e+13,2.501188940975e+13,2.602439579035e+13
616.00000000,4.988226582843e+12,2.536317645876e+13,1.038333263605e+14,2.633482061387e+13,1.515468992377e+13,3.114776056338e+13,3.240865316510e+13
616.50000000,2.707148871518e+14,3.138566766563e+13,1.284885699970e+14,3.258802891527e+13,1.875317400786e+13,3.854380239639e+13,4.010409419280e+13
617.00000000,1.680983741007e+15,3.836279156533e+13,1.570519474633e+14,3.983244116773e+13,2.292205835212e+13,4.711220016794e+13,4.901934930380e+13
617.50000000,6.320690781281e+14,4.616972025622e+13,1.890124306446e+14,4.793844740690e+13,2.758675734043e+13,5.669965645500e+13,5.899491544155e+13
618.00000000,4.426893259849e+14,5.461826427602e+13,2.235995979856e+14,5.671064877417e+13,3.263482634455e+13,6.707506139160e+13,6.979032718082e+13
618.50000000,1.199365562072e+15,6.345649269868e+13,2.597820792198e+14,6.588746305978e+13,3.791573472913e+13,7.792902612118e+13,8.108367129368e+13
619.00000000,9.687877740069e+14,7.237278754794e+13,2.962841535761e+14,7.514533443790e+13,4.324328839455e+13,8.887886190097e+13,9.247676741306e+13
619.50000000,1.804221938228e+15,8.100924800714e+13,3.316406247546e+14,8.411265118159e+13,4.840363889367e+13,9.948504141228e+13,1.035122957134e+14
620.00000000,9.329950749192e+14,8.898240608184e+13,3.642816279760e+14,9.239125492685e+13,5.316766119709e+13,1.092766390479e+14,1.137002670463e+14
620.50000000,1.059342242030e+15,9.590794779801e+13,3.926338351377e+14,9.958210892125e+13,5.730572479624e+13,1.177816902783e+14,1.225496112846e+14
621.00000000,1.282781916045e+15,1.014322605642e+14,4.152496053390e+14,1.053180539417e+14,6.060654349098e+13,1.245659340262e+14,1.296084880268e+14
621.50000000,1.376114342899e+15,1.052585394014e+14,4.309138601653e+14,1.092909146345e+14,6.289277405972e+13,1.292648729491e+14,1.344976447123e+14
622.00000000,1.942611281909e+15,1.071764897058e+14,4.387656826774e+14,1.112823401681e+14,6.403876388474e+13,1.316202505159e+14,1.369483703264e+14
622.50000000,7.980936617352e+14,1.070769107681e+14,4.383580203190e+14,1.111789464364e+14,6.397926471572e+13,1.314979605925e+14,1.368211299842e+14
623.00000000,2.740125467923e+14,1.049664068980e+14,4.297179102174e+14,1.089875907553e+14,6.271822267761e+13,1.289061137344e+14,1.341243625646e+14
623.50000000,7.221954766255e+14,1.009619493236e+14,4.133242163556e+14,1.048297254323e+14,6.032552896463e+13,1.239883588184e+14,1.290075319951e+14
624.00000000,5.226562227551e+14,9.528448355381e+13,3.900814590011e+14,9.893476023222e+13,5.693320019094e+13,1.170160324345e+14,1.217529588430e+14
624.50000000,1.362308026977e+15,8.823477215526e+13,3.612209183830e+14,9.161497970859e+13,5.272094426666e+13,1.083584921205e+14,1.127449526100e+14
625.00000000,1.496640734027e+14,8.017028520339e+13,3.282060274065e+14,8.324154834577e+13,4.790235226779e+13,9.845473621468e+13,1.024402827276e+14
625.50000000,1.050202480031e+15,7.147284940250e+13,2.925999316368e+14,7.421092034106e+13,4.270556854046e+13,8.777367470483e+13,9.132684113025e+13
626.00000000,9.707836004752e+13,6.252067286419e+13,2.559509626226e+14,6.491579267345e+13,3.735657529422e+13,7.677977369286e+13,7.988789597388e+13
626.50000000,1.241771640656e+15,5.366133971810e+13,2.196820815780e+14,5.571706515838e+13,3.206305667763e+13,6.589989088187e+13,6.856758458967e+13
627.00000000,1.853262924413e+14,4.519109095654e+13,1.850060580349e+14,4.692232755707e+13,2.700201892602e+13,5.549783099926e+13,5.774443888544e+13
627.50000000,4.893907191676e+14,3.734231288540e+13,1.528742492957e+14,3.877286871947e+13,2.231231461623e+13,4.585898073646e+13,4.771539829223e+13
628.00000000,9.583682602155e+14,3.027622011783e+13,1.239466456250e+14,3.143607926892e+13,1.809027069995e+13,3.718132295172e+13,3.868646021309e+13
628.50000000,7.966601873043e+14,2.408584734621e+13,9.860411814882e+13,2.500855798670e+13,1.439147611013e+13,2.957911077606e+13,3.077650286038e+13
629.00000000,1.672471077098e+15,1.880072201057e+13,7.696754811095e+13,1.952096348675e+13,1.123357371567e+13,2.308860597789e+13,2.402325591531e+13
629.50000000,1.260214797874e+15,1.439973890331e+13,5.895053371900e+13,1.495138203694e+13,8.603952995312e+12,1.768388988126e+13,1.839975148792e+13
630.00000000,8.364868217928e+14,1.082178479861e+13,4.430288590328e+13,1.123635920985e+13,6.466098333993e+12,1.328991115619e+13,1.382790009508e+13
630.50000000,1.009904710167e+15,7.980826916040e+12,3.267239839408e+13,8.286566374132e+12,4.768604494180e+12,9.801015510927e+12,1.019777045329e+13
631.00000000,9.209515357115e+14,5.776259863727e+12,2.364720667179e+13,5.997544021259e+12,3.451358992682e+12,7.093652464226e+12,7.380810633852e+12
631.50000000,4.628554580508e+14,4.104622173881e+12,1.680375383817e+13,4.261867152668e+12,2.452542819334e+12,5.040764073187e+12,5.244819260845e+12
632.00000000,6.200942188847e+14,2.866166248672e+12,1.173368706344e+13,2.975966915309e+12,1.712556029379e+12,3.519853287842e+12,3.662340480806e+12
632.50000000,2.241601458180e+15,1.971279198759e+12,8.070143608600e+12,2.046797417650e+12,1.177854243097e+12,2.420869191459e+12,2.518868405465e+12
633.00000000,6.702263880725e+14,1.342899772842e+12,5.497645399806e+12,1.394345250001e+12,8.023927795171e+11,1.649175159631e+12,1.715935424899e+12
633.50000000,1.503276758796e+15,9.185855639861e+11,3.760561884293e+12,9.537758839247e+11,5.488618278279e+11,1.128087534720e+12,1.173753650065e+12
634.00000000,1.554837880755e+15,6.502518007014e+11,2.662040677299e+12,6.751624566120e+11,3.885303730809e+11,7.985548429671e+11,8.308811442918e+11
634.50000000,1.254565671609e+15,5.039612280172e+11,2.063147364323e+12,5.232676024526e+11,3.011206485359e+11,6.188997537029e+11,6.439534367457e+11
635.00000000,1.235735106326e+15,4.587763734141e+11,1.878166837054e+12,4.763517501583e+11,2.741223558778e+11,5.634095813838e+11,5.862169665716e+11
635.50000000,2.854766878173e+14,5.060841068669e+11,2.071838135875e+12,5.254718071906e+11,3.023890847186e+11,6.215067979043e+11,6.466660167123e+11
636.00000000,7.186262847903e+14,6.487136055481e+11,2.655743519701e+12,6.735653343607e+11,3.876112898321e+11,7.966658313728e+11,8.289156636128e+11
636.50000000,5.891269824356e+14,9.007114883711e+11,3.687387897993e+12,9.352170659544e+11,5.381819323460e+11,1.106136915543e+12,1.150914447798e+12
637.00000000,-9.159589013105e+13,1.286937494516e+12,5.268543594724e+12,1.336239099010e+12,7.689548946026e+11,1.580449554668e+12,1.644427738487e+12
637.50000000,1.812893877780e+15,1.843251920578e+12,7.546017690065e+12,1.913865511033e+12,1.101356975267e+12,2.263642709486e+12,2.355277237738e+12
638.00000000,1.130219769198e+15,2.615943674530e+12,1.070931055263e+13,2.716158503129e+12,1.563046147239e+12,3.212562407321e+12,3.342610157101e+12
638.50000000,1.060807468908e+15,3.661550364391e+12,1.498987930748e+13,3.801821596429e+12,2.187804059278e+12,4.496640798377e+12,4.678669329890e+12
639.00000000,1.367502344569e+15,5.044900380744e+12,2.065312239348e+13,5.238166708253e+12,3.014366165486e+12,6.195491695653e+12,6.446291416139e+12
639.50000000,1.283177884272e+15,6.837428614358e+12,2.799148434486e+13,7.099365346139e+12,4.085415353831e+12,8.396842157986e+12,8.736754754054e+12
640.00000000,8.052544483113e+14,9.112558640324e+12,3.730555109367e+13,9.461653886949e+12,5.444822766221e+12,1.119086148812e+13,1.164387879023e+13
640.50000000,1.455691711343e+15,1.194163611273e+13,4.888740185158e+13,1.239911118295e+13,7.135217971034e+12,1.466516715599e+13,1.525882783771e+13
641.00000000,1.102734025101e+15,1.538612948163e+13,6.298867992694e+13,1.597556049414e+13,9.193328832462e+12,1.889524673183e+13,1.966014527930e+13
641.50000000,1.063215702830e+15,1.949136819647e+13,7.979495779828e+13,2.023806780698e+13,1.164624003968e+13,2.393676796057e+13,2.490575234612e+13
642.00000000,1.388687398648e+15,2.427668372453e+13,9.938537581120e+13,2.520670516268e+13,1.450550229072e+13,2.981347124065e+13,3.102035047173e+13
642.50000000,1.521567302468e+15,2.972882897824e+13,1.217057022267e+14,3.086771798774e+13,1.776320035050e+13,3.650908821889e+13,3.798701274373e+13
643.00000000,1.161788739578e+15,3.579321915987e+13,1.465324744542e+14,3.716443038201e+13,2.138671938917e+13,4.395658493317e+13,4.573599159794e+13
643.50000000,1.151952325217e+15,4.237041910040e+13,1.734586187040e+14,4.399359789014e+13,2.531664614055e+13,5.203384801803e+13,5.414023039731e+13
644.00000000,1.547130086219e+15,4.931291711620e+13,2.018802426045e+14,5.120205776722e+13,2.946484125707e+13,6.055972277428e+13,6.301124111868e+13
644.50000000,7.500287560507e+14,5.642818797876e+13,2.310091745747e+14,5.858990928848e+13,3.371626945737e+13,6.929777471076e+13,7.210301816544e+13
645.00000000,1.212265807650e+15,6.348465259346e+13,2.598973619230e+14,6.591670173888e+13,3.793256047942e+13,7.796360844810e+13,8.111965354789e+13
645.50000000,3.796091923083e+14,7.022272685335e+13,2.874821033219e+14,7.291290654019e+13,4.195861085439e+13,8.623843648657e+13,8.972945492844e+13
646.00000000,1.910000210703e+15,7.637036491111e+13,3.126496808071e+14,7.929605597391e+13,4.563187112920e+13,9.378816743469e+13,9.758480656085e+13
646.50000000,1.970035150865e+15,8.165964807819e+13,3.343032724302e+14,8.478796758868e+13,4.879225785940e+13,1.002837783416e+14,1.043433663151e+14
647.00000000,4.784685522534e+14,8.584777572799e+13,3.514488861039e+14,8.913653924905e+13,5.129469583270e+13,1.054270929993e+14,1.096948875110e+14
647.50000000,8.431130661095e+14,8.873307888999e+13,3.632609170361e+14,9.213237619838e+13,5.301868631265e+13,1.089704477596e+14,1.133816808275e+14
648.00000000,2.340305736530e+15,9.017399199410e+13,3.691598154189e+14,9.362848959642e+13,5.387964279952e+13,1.107399901682e+14,1.152228560883e+14
648.50000000,1.203383729717e+15,9.009731194566e+13,3.688458979367e+14,9.354887199318e+13,5.383382589014e+13,1.106458216876e+14,1.151248755732e+14
649.00000000,1.910233337195e+15,8.850781454913e+13,3.623387160704e+14,9.189848215057e+13,5.288408916382e+13,1.086938073410e+14,1.130938417271e+14
649.50000000,1.185470369736e+15,8.548429870323e+13,3.499608615815e+14,8.875913769368e+13,5.107751555902e+13,1.049807177057e+14,1.092304424976e+14
650.00000000,9.409077772843e+14,8.117644289251e+13,3.323250974242e+14,8.428625117688e+13,4.850353910328e+13,9.969036846449e+13,1.037259346107e+14
650.50000000,1.946050299821e+15,7.578951240167e+13,3.102717512021e+14,7.869295144305e+13,4.528480735797e+13,9.307483979152e+13,9.684260269892e+13
651.00000000,6.480473018659e+14,6.957072331838e+13,2.848128912875e+14,7.223592524169e+13,4.156903380682e+13,8.543773039099e+13,8.889633544667e+13
651.50000000,8.603016595875e+14,6.278850665717e+13,2.570474370205e+14,6.519388697697e+13,3.751660801293e+13,7.710869238599e+13,8.023012962575e+13
652.00000000,1.827709971330e+15,5.571488449352e+13,2.280890090466e+14,5.784927968487e+13,3.329006522550e+13,6.842178797449e+13,7.119157060711e+13
652.50000000,1.446323263644e+15,4.860710015515e+13,1.989907258680e+14,5.046920149090e+13,2.904311028008e+13,5.969293001509e+13,6.210935971885e+13
653.00000000,1.299406379787e+14,4.169315098923e+13,1.706859769991e+14,4.329038414860e+13,2.491197331746e+13,5.120211524993e+13,5.327482825219e+13
653.50000000,1.188033049527e+15,3.516163074429e+13,1.439468390868e+14,3.650864629072e+13,2.100934052997e+13,4.318095003684e+13,4.492895822272e+13
654.00000000,8.415434775308e+14,2.915477739748e+13,1.193556146803e+14,3.027167492402e+13,1.742020018565e+13,3.580411259340e+13,3.725349899755e+13
654.50000000,7.666201324370e+13,2.376808497293e+13,9.730324306861e+13,2.467862237663e+13,1.420161068675e+13,2.918887628255e+13,3.037047128301e+13
655.00000000,6.424366034980e+14,1.905110028353e+13,7.799256203114e+13,1.978093356246e+13,1.138317662904e+13,2.339608806749e+13,2.434318518844e+13
655.50000000,1.411599536628e+15,1.501433668072e+13,6.146661177043e+13,1.558952459152e+13,8.971179819586e+12,1.843865908158e+13,1.918507450282e+13
656.00000000,1.184394406223e+15,1.163496497464e+13,4.763193274979e+13,1.208069170493e+13,6.951979644639e+12,1.428855347763e+13,1.486696845974e+13
656.50000000,7.266607549863e+14,8.866674124791e+12,3.629893399309e+13,9.206349721131e+12,5.297904906937e+12,1.088889804799e+13,1.132969156705e+13
657.00000000,7.003195303901e+14,6.646538792440e+12,2.721000789177e+13,6.901162679156e+12,3.971357240270e+12,8.162416060889e+12,8.492838853320e+12
657.50000000,1.082493146765e+15,4.903970617989e+12,2.007617549276e+13,5.091838032610e+12,2.930159565455e+12,6.022420057179e+12,6.266213664077e+12
658.00000000,1.913455302721e+15,3.566067181949e+12,1.459898440280e+13,3.702680525307e+12,2.130752134999e+12,4.379380749762e+12,4.556662476846e+12
658.50000000,1.014603413722e+15,2.563645679080e+12,1.049520981338e+13,2.661857010929e+12,1.531797699081e+12,3.148336798868e+12,3.275784631573e+12
659.00000000,9.122202772872e+14,1.834105824852e+12,7.508574842795e+12,1.904369035281e+12,1.095892113839e+12,2.252410662099e+12,2.343590505802e+12
659.50000000,-2.001729520940e+14,1.324408665528e+12,5.421945371318e+12,1.375145762321e+12,7.913442029291e+11,1.626466782230e+12,1.692307789595e+12
660.00000000,1.302991505490e+15,9.918439447286e+11,4.060471533570e+12,1.029840737965e+12,5.926342648602e+11,1.218053967212e+12,1.267362014018e+12
660.50000000,1.416850902630e+15,8.048936145649e+11,3.295122813284e+12,8.357284816969e+11,4.809300274447e+11,9.884658424491e+11,1.028479931592e+12
661.00000000,1.855934391037e+15,7.428251649465e+11,3.041023189903e+12,7.712822366028e+11,4.438436589643e+11,9.122414306379e+11,9.491698791063e+11
661.50000000,6.461599298347e+14,7.955480921828e+11,3.256863540945e+12,8.260249394021e+11,4.753460070788e+11,9.769888851362e+11,1.016538375531e+12
662.00000000,1.020967608316e+15,9.627731065380e+11,3.941459554359e+12,9.996562178976e+11,5.752642189873e+11,1.182352937854e+12,1.230215771168e+12
662.50000000,1.596923071666e+15,1.253555439501e+12,5.131882091831e+12,1.301578202658e+12,7.490088640451e+11,1.539454048511e+12,1.601772693105e+12
663.00000000,8.233618168938e+14,1.685235211359e+12,6.899119200616e+12,1.749795300901e+12,1.006940795384e+12,2.069587101672e+12,2.153366064201e+12
663.50000000,1.182643341230e+15,2.282781944932e+12,9.345392643677e+12,2.370233599019e+12,1.363979491895e+12,2.803416423603e+12,2.916901533419e+12
664.00000000,1.328239690886e+15,3.077225472545e+12,1.259773425048e+13,3.195111658814e+12,1.838665513280e+12,3.779048825933e+12,3.932028514359e+12
664.50000000,1.610656417304e+15,4.104493024309e+12,1.680322511774e+13,4.261733055482e+12,2.452465651492e+12,5.040605468455e+12,5.244654235634e+12
665.00000000,1.720844334632e+15,5.402811868909e+12,2.211836238103e+13,5.609789515509e+12,3.228220988921e+12,6.635032119716e+12,6.903624877609e+12
665.50000000,2.160700690955e+15,7.010657924028e+12,2.870066111046e+13,7.279230939969e+12,4.188921177639e+12,8.609579906702e+12,8.958104340302e+12
666.00000000,2.221558884639e+15,8.962811721539e+12,3.669250797918e+13,9.306170276679e+12,5.355347848719e+12,1.100696176329e+13,1.145253462002e+13
666.50000000,8.716292712679e+14,1.128738641271e+13,4.620899432899e+13,1.171979767052e+13,6.744298822847e+12,1.386170261210e+13,1.442283824287e+13
667.00000000,1.265583756348e+15,1.400086012330e+13,5.731757932110e+13,1.453722251180e+13,8.365619904895e+12,1.719403874791e+13,1.789007068917e+13
667.50000000,1.886529321164e+15,1.710482695861e+13,7.002478900156e+13,1.776009997483e+13,1.022026358486e+13,2.100592784391e+13,2.185626888069e+13
668.00000000,4.190938685791e+14,2.058121066271e+13,8.425662168578e+13,2.136966131590e+13,1.229742916297e+13,2.527517098930e+13,2.629833527241e+13
668.50000000,1.238387314947e+15,2.439007477617e+13,9.984958304846e+13,2.532444013998e+13,1.457325430242e+13,2.995272340934e+13,3.116523970794e+13
669.00000000,7.095982717332e+14,2.846690745799e+13,1.165395705607e+14,2.955745320610e+13,1.700919268989e+13,3.495936003614e+13,3.637455000912e+13
669.50000000,7.853931111564e+14,3.272306909114e+13,1.339637059255e+14,3.397666518039e+13,1.955228148323e+13,4.018622519965e+13,4.181300391917e+13
670.00000000,2.313265155404e+14,3.704699981824e+13,1.516652785608e+14,3.846624243150e+13,2.213586282319e+13,4.549631556626e+13,4.733805207204e+13
670.50000000,1.371069019368e+14,4.130828583391e+13,1.691103924368e+14,4.289077509954e+13,2.468201347388e+13,5.072947383112e+13,5.278305383449e+13
671.00000000,1.815073709461e+15,4.536358554420e+13,1.857122269504e+14,4.710143028224e+13,2.710508574786e+13,5.570966645778e+13,5.796484965588e+13
671.50000000,1.458779032745e+15,4.906386949943e+13,2.008606762062e+14,5.094346932415e+13,2.931603342086e+13,6.025387482386e+13,6.269301213634e+13
672.00000000,3.186290505345e+14,5.226403720884e+13,2.139617189214e+14,5.426623304417e+13,3.122815785129e+13,6.418390534418e+13,6.678213423557e+13
672.50000000,1.470010478508e+15,5.483120151571e+13,2.244713335089e+14,5.693174347887e+13,3.276205795712e+13,6.733656326491e+13,7.006241491235e+13
673.00000000,2.557451559660e+15,5.665519362652e+13,2.319385042093e+14,5.882561135136e+13,3.385190705026e+13,6.957655357643e+13,7.239308227933e+13
673.50000000,1.289333137620e+15,5.765474418097e+13,2.360305255341e+14,5.986345393345e+13,3.444914607277e+13,7.080407180120e+13,7.367029167354e+13
674.00000000,9.154320926925e+14,5.778534193471e+13,2.365651746230e+14,5.999905478860e+13,3.452717921920e+13,7.096445500754e+13,7.383716735300e+13
674.50000000,1.648132190256e+15,5.704054321237e+13,2.335160719629e+14,5.922572338911e+13,3.408215634476e+13,7.004978990993e+13,7.288547569446e+13
675.00000000,2.221779882679e+15,5.545450493836e+13,2.270230512644e+14,5.757892518539e+13,3.313448647032e+13,6.810202360851e+13,7.085886185874e+13
675.50000000,1.941834450472e+15,5.309743834274e+13,2.173735475647e+14,5.513156114677e+13,3.172612133734e+13,6.520738042091e+13,6.784704061038e+13
676.00000000,1.240941947004e+15,5.007225658701e+13,2.049888730720e+14,5.199048696030e+13,2.991855233881e+13,6.149224493143e+13,6.398151270846e+13
676.50000000,7.564310187830e+14,4.650555092100e+13,1.903872748040e+14,4.828714349110e+13,2.778741870476e+13,5.711208007843e+13,5.942403438709e+13
677.00000000,4.498738012786e+14,4.254011716907e+13,1.741533390588e+14,4.416979696381e+13,2.541804202114e+13,5.224224915500e+13,5.435706782142e+13
677.50000000,1.534173795421e+15,3.832457233961e+13,1.568954832545e+14,3.979275779232e+13,2.289922207546e+13,4.706526427672e+13,4.897051340061e+13
678.00000000,9.424676448449e+14,3.400489079802e+13,1.392113061952e+14,3.530759250981e+13,2.031817965600e+13,4.176039220809e+13,4.345089478766e+13
678.50000000,1.471360418131e+15,2.971605335587e+13,1.216534006008e+14,3.085445294093e+13,1.775556681944e+13,3.649339885809e+13,3.797068826187e+13
679.00000000,1.555621993735e+15,2.557556695641e+13,1.047028235977e+14,2.655534763127e+13,1.528159485384e+13,3.140859099910e+13,3.268004227858e+13
679.50000000,1.586415565795e+15,2.167934796721e+13,8.875224349059e+13,2.250986743391e+13,1.295357451596e+13,2.662376066233e+13,2.770151720860e+13
680.00000000,4.270537065390e+14,1.809882310608e+13,7.409407135462e+13,1.879217564111e+13,1.081418396616e+13,2.222662499088e+13,2.312638107302e+13
680.50000000,1.816580394881e+15,1.488136216907e+13,6.092223256432e+13,1.545148247323e+13,8.891741818857e+12,1.827536893855e+13,1.901517421095e+13
681.00000000,5.321353396891e+14,1.205108828295e+13,4.933548385460e+13,1.251441444710e+13,7.201570624086e+12,1.480032466077e+13,1.539945665390e+13
681.50000000,1.643213282599e+15,9.622211931142e+12,3.939200097357e+13,1.005835615752e+13,5.788202279598e+12,1.184699215899e+13,1.232657028903e+13
682.00000000,1.335721271952e+15,7.841057841765e+12,3.210020319101e+13,9.937771201724e+12,5.718810213432e+12,1.043384951379e+13,1.085622221159e+13
682.50000000,1.848264585961e+15,1.091161608776e+13,4.467064274078e+13,4.258353311926e+13,2.450520737328e+13,2.739719571020e+13,2.850626168329e+13
683.00000000,1.563969196644e+15,6.220668980864e+13,2.546655595450e+14,4.205588633301e+14,2.420156667065e+14,2.358138604640e+14,2.453598421546e+14
683.50000000,3.450540956997e+15,4.342869564778e+14,1.777910560982e+15,3.106968320918e+15,1.787942367137e+15,1.722836225847e+15,1.792578364988e+15
684.00000000,1.236687182522e+16,2.110329047252e+15,8.639394401079e+15,1.518248302801e+16,8.736942845978e+15,8.409750663171e+15,8.750185808481e+15
684.50000000,3.311149826125e+16,6.764021352443e+15,2.769096519671e+16,4.870053975764e+16,2.802531256881e+16,2.697178804356e+16,2.806363308745e+16
685.00000000,6.094822022158e+16,1.423607788517e+16,5.828052821177e+16,1.025142559269e+17,5.899306413048e+16,5.677377465854e+16,5.907203402435e+16
685.50000000,7.702728560798e+16,1.966841500696e+16,8.051976288269e+16,1.416379765690e+17,8.150728071421e+16,7.844044950126e+16,8.161579760535e+16
686.00000000,6.700849369363e+16,1.783834358472e+16,7.302770432460e+16,1.284602858288e+17,7.392401975313e+16,7.114239422669e+16,7.402230973029e+16
686.50000000,4.177110853132e+16,1.061992970467e+16,4.347651914751e+16,7.647755932413e+16,4.400993326203e+16,4.235395702551e+16,4.406848770448e+16
687.00000000,1.586221800948e+16,4.149417391431e+15,1.698713924539e+16,2.988054333236e+16,1.719511879710e+16,1.654819267563e+16,1.721808011984e+16
687.50000000,4.901920493063e+15,1.063711774527e+15,4.354688460162e+15,7.659204822014e+15,4.407581727712e+15,4.241834615051e+15,4.413548336586e+15
688.00000000,1.440130195667e+15,1.788825403038e+14,7.323203076620e+14,1.287453564578e+15,7.408806708240e+14,7.130814723786e+14,7.419477258967e+14
688.50000000,1.942236924768e+15,1.977177316884e+13,8.094289686089e+13,1.418836023693e+14,8.164862904145e+13,7.862932142722e+13,8.181231525639e+13
689.00000000,1.244707439811e+15,1.472295997025e+12,6.027375593389e+12,1.028278584125e+13,5.917353046051e+12,5.728574399991e+12,5.960472839837e+12
689.50000000,1.411265884266e+15,9.950704822760e+10,4.073680530744e+11,5.165416166742e+11,2.972500989544e+11,3.072621014603e+11,3.197003796387e+11
690.00000000,6.373803450824e+14,2.205195211899e+10,9.027763320500e+10,3.564728512880e+10,2.051365986775e+10,3.279163530945e+10,3.411907361037e+10
690.50000000,1.076359438963e+15,1.215795673125e+10,4.977298845849e+10,1.288052856723e+10,7.412255407119e+09,1.504583550044e+10,1.565490601870e+10
691.00000000,1.541267155010e+15,7.235595873743e+09,2.962152587601e+10,7.516154699362e+09,4.325261810515e+09,8.887328115210e+09,9.247096074987e+09
691.50000000,1.828204416376e+15,4.255184857244e+09,1.742013657970e+10,4.418226456088e+09,2.542521665014e+09,5.225678459114e+09,5.437219166660e+09
692.00000000,4.803787445292e+14,2.464676548948e+09,1.009004392238e+10,2.559096607109e+09,1.472662986179e+09,3.026795835968e+09,3.149323568539e+09
692.50000000,2.265624704847e+15,1.406070682515e+09,5.756258341729e+09,1.459936187476e+09,8.401378750245e+08,1.726753472721e+09,1.796654185946e+09
693.00000000,4.766176376614e+14,7.899859403996e+08,3.234092863057e+09,8.202497055362e+08,4.720225791445e+08,9.701581742695e+08,1.009431150635e+09
693.50000000,1.210588930026e+15,4.371567239642e+08,1.789658991013e+09,4.539038653348e+08,2.612044500021e+08,5.368591354138e+08,5.585917319075e+08
694.00000000,5.673234264126e+14,2.382427926059e+08,9.753329468770e+08,2.473696905671e+08,1.423518698703e+08,2.925788672117e+08,3.044227533343e+08
694.50000000,1.042550007231e+15,1.278815634869e+08,5.235293827890e+08,1.327806058368e+08,7.641019997258e+07,1.570475322910e+08,1.634049739819e+08
695.00000000,2.431569391746e+15,6.760224599335e+07,2.767542181613e+08,7.019203289306e+07,4.039285132070e+07,8.302030004892e+07,8.638104509867e+07
695.50000000,1.743241188147e+15,3.519811550151e+07,1.440962026222e+08,3.654652206376e+07,2.103113660007e+07,4.322575247939e+07,4.497557431310e+07
696.00000000,5.922692262420e+14,1.804859365863e+07,7.388843896395e+07,1.874001140519e+07,1.078416542788e+07,2.216493540600e+07,2.306219423185e+07
696.50000000,1.557130721761e+15,9.115311403489e+06,3.731682052424e+07,9.464507729684e+06,5.446465044419e+06,1.119423998633e+07,1.164739405344e+07
697.00000000,2.647795772352e+15,4.533843805954e+06,1.856092766364e+07,4.707531890098e+06,2.709005963880e+06,5.567879171744e+06,5.793272507507e+06
697.50000000,1.572497414137e+15,2.221184812757e+06,9.093222528536e+06,2.306919898289e+06,1.327544859719e+06,2.728058785118e+06,2.838493342113e+06
698.00000000,5.892023677523e+14,1.089118186582e+06,4.458698787056e+06,1.238840405179e+06,7.129056423355e+05,1.385880523394e+06,1.441982357594e+06
698.50000000,2.008719957878e+15,2.416308266340e+06,9.892030882426e+06,1.426282540053e+07,8.207714780029e+06,8.231367473935e+06,8.564581488753e+06
699.00000000,1.972541142452e+15,1.350299352611e+08,5.527938253004e+08,9.709595682521e+08,5.587503860812e+08,5.378781351795e+08,5.596519818063e+08
699.50000000,1.995620327904e+15,6.207596670683e+09,2.541303972984e+10,4.470380088008e+10,2.572534101086e+10,2.475727154902e+10,2.575947074313e+10
700.00000000,1.346550367939e+15,1.866378587465e+11,7.640695056457e+11,1.344086376922e+12,7.734707052564e+11,7.443621304258e+11,7.744946563692e+11
700.50000000,1.120152411985e+15,3.667544533665e+12,1.501441860506e+13,2.641209976908e+13,1.519916114505e+13,1.462715964560e+13,1.521928174515e+13
701.00000000,1.810748164437e+15,4.716570960285e+13,1.930898728785e+14,3.396674321284e+14,1.954657176741e+14,1.881096086572e+14,1.957244743675e+14
701.50000000,4.559558376540e+15,3.972865972497e+14,1.626436222527e+15,2.861089538690e+15,1.646448458439e+15,1.584486419750e+15,1.648628019918e+15
702.00000000,1.485674896277e+16,2.193309820651e+15,8.979106177322e+15,1.579528689481e+16,9.089588216971e+15,8.747512876618e+15,9.101620975244e+15
702.50000000,4.060828947373e+16,7.940781277119e+15,3.250845710296e+16,5.718613816442e+16,3.290845244502e+16,3.166998379254e+16,3.295201651458e+16
703.00000000,8.592926875788e+16,1.886223792877e+16,7.721938574738e+16,1.358378359310e+17,7.816951987765e+16,7.522770728073e+16,7.827300035602e+16
703.50000000,1.280303176148e+17,2.940567877410e+16,1.203827701143e+17,2.117672242201e+17,1.218640015107e+17,1.172778014763e+17,1.220253245583e+17
704.00000000,1.189277379893e+17,3.009207509677e+16,1.231927814510e+17,2.167103593568e+17,1.247085882025e+17,1.200153356880e+17,1.248736769018e+17
704.50000000,7.569683698540e+16,2.021435759478e+16,8.275477611092e+16,1.455752281770e+17,8.377301960592e+16,8.062032627041e+16,8.388391797343e+16
705.00000000,3.421841054011e+16,8.912249323567e+15,3.648551253526e+16,6.418223892426e+16,3.693444294806e+16,3.554446115344e+16,3.698333660675e+16
705.50000000,1.175418650238e+16,2.578101100262e+15,1.055438830263e+16,1.856639045660e+16,1.068425316044e+16,1.028216458954e+16,1.069839692939e+16
706.00000000,2.177145529422e+15,4.891073391767e+14,2.002337603755e+15,3.522343570397e+15,2.026975060777e+15,1.950692376980e+15,2.029658361753e+15
706.50000000,1.595743144711e+15,6.082139544069e+13,2.489943565532e+14,4.380098886550e+14,2.520580695589e+14,2.425721778028e+14,2.523917429607e+14
707.00000000,9.688544122443e+14,4.954152445483e+12,2.028161293393e+13,3.567770428980e+13,2.053116494058e+13,1.975850009952e+13,2.055834400952e+13
707.50000000,2.464145850091e+15,2.641249599959e+11,1.081290950122e+12,1.902115916293e+12,1.094595529362e+12,1.053401788862e+12,1.096044550274e+12
708.00000000,1.892820046594e+15,9.267590278236e+09,3.794022911524e+10,6.674125374332e+10,3.840705886833e+10,3.696165700498e+10,3.845790196840e+10
708.50000000,8.419585223270e+14,3.058031934301e+09,1.251915856720e+10,2.202264873485e+10,1.267319864336e+10,1.219625858604e+10,1.268997537151e+10
709.00000000,7.564104029468e+14,8.872438997624e+10,3.632253458284e+11,6.389554185180e+11,3.676945966229e+11,3.538568680689e+11,3.681813491535e+11
709.50000000,7.495753879438e+14,1.806646342468e+12,7.396159530749e+12,1.301070055452e+13,7.487164446106e+12,7.205394329815e+12,7.497075922283e+12
710.00000000,1.078796173899e+15,2.407530042437e+13,9.856094051374e+13,1.733801005866e+14,9.977366855343e+13,9.601881070392e+13,9.990574850787e+13
710.50000000,2.285678745084e+15,2.101214080777e+14,8.602078992642e+14,1.513205244618e+15,8.707921959842e+14,8.380210153732e+14,8.719449469579e+14
711.00000000,8.090397573238e+15,1.201889479359e+15,4.920368817466e+15,8.655498172490e+15,4.980910744111e+15,4.793460366907e+15,4.987504452387e+15
711.50000000,2.457783021445e+16,4.508237919050e+15,1.845610071438e+16,3.246641703719e+16,1.868319098689e+16,1.798007234498e+16,1.870792371497e+16
712.00000000,5.260439976344e+16,1.109433319398e+16,4.541866122943e+16,7.989668129608e+16,4.597750820990e+16,4.424720190658e+16,4.603837303804e+16
712.50000000,7.553196602453e+16,1.791819157761e+16,7.335459093198e+16,1.290392146015e+17,7.425717129292e+16,7.146259506299e+16,7.435547261774e+16
713.00000000,7.662225820631e+16,1.899618891791e+16,7.776776251689e+16,1.368024941452e+17,7.872464407359e+16,7.576194006525e+16,7.882885941971e+16
713.50000000,5.064774439018e+16,1.321989768573e+16,5.412042742703e+16,9.520409507234e+16,5.478634396069e+16,5.272452808632e+16,5.485886988781e+16
714.00000000,2.337821916124e+16,6.038340438847e+15,2.472012819381e+16,4.348556629448e+16,2.502429323575e+16,2.408253510209e+16,2.505742028779e+16
714.50000000,8.263643834955e+15,1.809697597827e+15,7.408650946955e+15,1.303267440123e+16,7.499809561035e+15,7.217563561580e+15,7.509737776761e+15
715.00000000,2.944381432407e+15,3.557167760387e+14,1.456255140534e+15,2.561721321139e+15,1.474173409502e+15,1.418694727817e+15,1.476124913938e+15
715.50000000,2.174524200374e+15,4.583242411709e+13,1.876315870364e+14,3.300656757539e+14,1.899402712428e+14,1.827921055118e+14,1.901917133591e+14
716.00000000,1.328511389804e+15,3.868368756611e+12,1.583656511798e+13,2.785835077049e+13,1.603142371481e+13,1.542810103411e+13,1.605264604475e+13
716.50000000,1.820212599734e+15,2.137170219464e+11,8.749278437042e+11,1.539099330393e+12,8.856932597332e+11,8.523612961325e+11,8.868657366716e+11
717.00000000,1.518438456727e+15,7.721518057854e+09,3.161082389673e+10,5.560709748151e+10,3.199977445259e+10,3.079550276153e+10,3.204213561397e+10
717.50000000,1.325617977635e+15,1.822091026043e+08,7.459387923011e+08,1.312192661552e+09,7.551170823469e+08,7.266991885537e+08,7.561167008868e+08
718.00000000,1.978341388417e+15,2.802930015099e+06,1.147480669453e+07,2.018551439256e+07,1.161599754395e+07,1.117884166184e+07,1.163137238932e+07
718.50000000,7.137238434874e+14,2.802302797495e+04,1.147223895266e+05,2.018100829445e+05,1.161340445548e+05,1.117627927622e+05,1.162870627576e+05
719.00000000,1.968487598505e+15,1.813062559703e+02,7.422426634131e+02,1.301697835253e+03,7.490777080634e+02,7.228695441262e+02,7.521320286101e+02
719.50000000,7.935816761756e+14,1.269249334491e+00,5.196130721060e+00,5.425524662423e+00,3.122183558353e+00,6.099052430556e+00,6.345948192822e+00
720.00000000,1.188551650063e+15,3.228456838349e-01,1.321685448517e+00,6.610016493056e-01,3.803813658427e-01,4.490784944059e+00,4.672576424713e+00
720.50000000,2.385149845470e+15,1.485339993248e+00,6.080775904629e+00,1.006905850694e+01,5.794361075567e+00,8.723502179784e+00,9.076638301310e+00
721.00000000,1.144958597423e+15,1.093229094329e+00,4.475528273156e+00,1.021819111690e+01,5.880181233392e+00,5.502226475694e+00,5.724962124444e+00
721.50000000,1.701952662287e+15,1.348077970679e+00,5.518844223496e+00,9.514245495756e+00,5.475087241372e+00,4.278114983603e+00,4.451297370862e+00
722.00000000,1.489370884346e+15,1.551354648920e+00,6.351030748223e+00,6.048239689429e+00,3.480532425942e+00,4.627674527392e+00,4.815007435736e+00
722.50000000,9.055115806639e+14,7.521511188272e-01,3.079202351511e+00,6.021140277778e+00,3.464937742891e+00,3.261041300154e+00,3.393051524160e+00
723.00000000,2.054352595392e+15,2.081914641204e-01,8.523069764007e-01,-1.122377594522e+00,-6.458857142700e-01,-1.263925733025e-01,-1.315090714939e-01
723.50000000,5.848916635811e+14,-2.202002314815e-01,-9.014692042715e-01,-3.015197010031e+00,-1.735131460209e+00,-8.753038001543e-01,-9.107369762770e-01
724.00000000,9.673448534311e+14,-1.126726658951e-01,-4.612662656357e-01,4.140166859568e-01,2.382508918871e-01,-1.033754108796e+00,-1.075601512404e+00
724.50000000,1.883041998413e+15,-6.306298225309e-02,-2.581711020384e-01,5.969126523920e+00,3.435005801335e+00,1.781745524691e+00,1.853872371360e+00
725.00000000,1.615595735079e+15,1.261065663580e+00,5.162627907489e+00,1.160669691358e+01,6.679213629116e+00,3.837236188272e+00,3.992571359511e+00
725.50000000,8.937064570916e+14,2.092138020833e-01,8.564922862152e-01,6.768771214313e+00,3.895170976173e+00,9.703323688272e-01,1.009612396763e+00
726.00000000,1.929655820737e+15,1.560275366512e-02,6.387550928677e-02,4.007360961613e+00,2.306084164244e+00,-3.269860435957e-01,-3.402227667429e-01
726.50000000,1.661111470430e+15,1.651279851466e-01,6.760110667077e-01,2.968435455247e+00,1.708221959913e+00,1.145524556327e+00,1.191896539803e+00
727.00000000,1.935323413732e+15,3.326019579475e-01,1.361626281466e+00,3.214065268133e+00,1.849572596202e+00,8.577325135031e-01,8.924543863109e-01
727.50000000,1.512576048801e+15,5.778827449846e-01,2.365771801322e+00,5.379897434414e+00,3.095926820071e+00,3.999460889275e+00,4.161363079189e+00
728.00000000,1.122016899132e+15,6.207225983796e-01,2.541152218914e+00,6.051325848765e+00,3.482308393528e+00,2.631948167438e+00,2.738492070191e+00
728.50000000,1.294743508140e+15,6.866467303241e-01,2.811036470926e+00,4.736150617284e+00,2.725474955368e+00,3.086540615355e+00,3.211486876544e+00
729.00000000,1.312386082868e+15,2.252507523148e-01,9.221453360183e-01,1.422733940972e+00,8.187293938924e-01,2.740099498457e+00,2.851021475610e+00
729.50000000,1.928857992294e+15,5.292355902778e-01,2.166617097675e+00,6.461029976852e+00,3.718077572012e+00,3.402648080633e+00,3.540390689203e+00
730.00000000,6.576022869590e+14,3.777875482253e-01,1.546609820485e+00,4.184386998457e+00,2.407955930760e+00,1.618567168210e+00,1.684088391273e+00
730.50000000,1.980811905154e+15,1.531607831790e-01,6.270190017925e-01,5.178667071759e+00,2.980126382544e+00,-4.744092399691e-02,-4.936138020322e-02
731.00000000,1.180784516394e+15,2.833271990741e-01,1.159902253415e+00,3.631276417824e+00,2.089661780747e+00,4.555539544753e-01,4.739952356619e-01
731.50000000,1.900374086999e+15,-3.853882233796e-01,-1.577725930297e+00,-3.396449672068e+00,-1.954527899642e+00,-3.054097627315e+00,-3.177730563794e+00
732.00000000,3.913167344848e+14,-5.358424382716e-01,-2.193664616943e+00,-3.835409538966e+00,-2.207132645631e+00,-3.620729089506e+00,-3.767299836141e+00
732.50000000,1.600662692772e+15,-1.475294801312e+00,-6.039652282183e+00,-9.324631577932e+00,-5.365971627030e+00,-5.753929099151e+00,-5.986853922660e+00
733.00000000,1.703716395992e+15,-1.105529475309e+00,-4.525884326734e+00,-6.109652420910e+00,-3.515873122453e+00,-4.533723919753e+00,-4.717253613229e+00
733.50000000,2.544979087732e+15,-1.259690036651e+00,-5.156996281651e+00,-4.241750790895e+00,-2.440966616498e+00,-3.966238763503e+00,-4.126796088431e+00
734.00000000,2.305607440685e+15,-6.695517457562e-01,-2.741051975307e+00,-4.876702835648e-01,-2.806357423437e-01,-2.378889843750e+00,-2.475189691637e+00
734.50000000,1.345691783510e+15,-3.111419753086e-01,-1.273772089202e+00,-4.556683593750e-01,-2.622198493642e-01,-1.916951750579e+00,-1.994551880939e+00
735.00000000,1.424796690143e+15,7.287895929784e-02,2.983563505104e-01,2.392088570602e+00,1.376556198700e+00,-6.262920621142e-01,-6.516449932191e-01
735.50000000,1.294869326720e+15,1.940381172840e-01,7.943651376271e-01,1.847089665316e+00,1.062930010031e+00,5.611156057099e-01,5.838301284605e-01
736.00000000,9.591818754647e+14,9.696394145448e-01,3.969569266931e+00,6.715942009066e+00,3.864769773287e+00,4.246131703318e+00,4.418019375298e+00
736.50000000,1.768281485336e+15,9.160374590085e-01,3.750130295956e+00,7.283021788194e+00,4.191102666939e+00,4.502907957176e+00,4.685190189565e+00
737.00000000,1.275304096128e+15,2.230844497492e-01,9.132767937971e-01,2.376910886863e+00,1.367822017663e+00,2.346467554012e+00,2.441454915078e+00
737.50000000,9.034221603521e+14,8.691023111979e-01,3.557984311075e+00,3.261855490451e+00,1.877074055629e+00,4.162804761044e+00,4.331319274789e+00
738.00000000,1.533559385156e+15,3.133152199074e-01,1.282669051144e+00,8.122194299769e-01,4.674014602886e-01,2.260892182677e+00,2.352415366844e+00
738.50000000,1.316959723263e+15,3.877088891300e-01,1.587226413985e+00,3.728132887852e+00,2.145399003791e+00,3.428532040895e+00,3.567322458149e+00
739.00000000,1.496167552688e+15,3.862624632282e-01,1.581304946973e+00,2.343625851780e+00,1.348667743054e+00,3.238595088252e+00,3.369696667078e+00
739.50000000,1.647137112631e+15,4.377740104769e-01,1.792186076374e+00,2.181859533541e+00,1.255577365529e+00,9.326097339771e-01,9.703627118026e-01
740.00000000,2.069972239024e+15,3.979672278887e-01,1.629222629955e+00,3.043919058341e+00,1.751659909083e+00,1.259291575943e+00,1.310268962528e+00
740.50000000,5.791305614419e+14,2.244863110954e-01,9.190158196999e-01,1.021834310649e+00,5.880268697636e-01,-1.578716740964e+00,-1.642624778745e+00
741.00000000,1.435786625065e+15,-4.573121654369e-02,-1.872172572692e-01,5.773827171043e-01,3.322618434869e-01,-1.657846595444e+00,-1.724957889135e+00
741.50000000,2.071751106293e+15,-1.354484241627e-01,-5.545070608159e-01,1.494794547601e+00,8.601975384906e-01,-2.169430640101e+00,-2.257251369250e+00
742.00000000,9.271936403043e+14,-3.653569586106e-01,-1.495720710818e+00,9.324833352925e-01,5.366087740882e-01,-2.327271286501e+00,-2.421481563396e+00
742.50000000,1.781322087957e+15,-3.006177842882e-01,-1.230687510948e+00,3.103127578396e+00,1.785732165562e+00,-1.468554331688e+00,-1.528002884603e+00
743.00000000,1.680683806315e+15,-1.984136851370e-01,-8.122781054934e-01,2.288187014582e+00,1.316764796010e+00,-1.234219265559e+00,-1.284181699862e+00
743.50000000,1.494017818596e+15,-5.844927149643e-03,-2.392832101567e-02,1.427669739523e+00,8.215697586574e-01,-1.067150113329e-01,-1.110349420711e-01
744.00000000,2.019480697349e+15,1.975707270870e-01,8.088271521613e-01,6.318702567395e-01,3.636173548833e-01,5.070372418439e-01,5.275626181622e-01
744.50000000,1.832952511023e+15,5.768560426312e-01,2.361568624299e+00,4.545636953848e+00,2.615841571570e+00,2.084313678506e+00,2.168688787642e+00
745.00000000,1.012943545121e+15,8.385126868731e-01,3.432754632098e+00,5.423540559293e+00,3.121041782293e+00,4.414304998252e+00,4.593000493958e+00
745.50000000,2.006497832482e+15,3.633275909047e-01,1.487412760918e+00,5.184185341917e-01,2.983301937616e-01,2.120332567154e+00,2.206165757044e+00
746.00000000,8.255288024604e+14,5.624724989149e-01,2.302684391429e+00,2.563728509597e+00,1.475328470292e+00,3.742731693070e+00,3.894241227517e+00
746.50000000,1.252551390011e+15,6.711110230999e-01,2.747435440469e+00,-1.053259039834e+00,-6.061106089209e-01,3.196987852045e+00,3.326405128199e+00
747.00000000,1.533506019204e+15,1.091747190876e-01,4.469461565971e-01,-2.955514263841e+00,-1.700786304586e+00,2.135805175781e+00,2.222264712395e+00
747.50000000,1.150938837646e+15,-9.520209780093e-02,-3.897441831563e-01,-1.033412868924e+00,-5.946898906736e-01,2.023773693094e+00,2.105698082874e+00
748.00000000,7.085965734192e+14,-4.640314525463e-01,-1.899680402103e+00,-1.267145117188e+00,-7.291939300047e-01,9.229451509452e-01,9.603068967520e-01
748.50000000,1.189874554361e+15,-1.390555169753e-01,-5.692739984601e-01,4.411557424286e+00,2.538683890285e+00,3.974272762346e-01,4.135155311608e-01
749.00000000,4.300674706212e+14,-6.296607349537e-02,-2.577743710262e-01,7.914046103395e-02,4.554233214568e-02,6.790260609568e-01,7.065137172489e-01
749.50000000,1.088561269555e+15,-4.439794463735e-01,-1.817590270194e+00,7.253510127315e-01,4.174119825995e-01,-1.807166131366e+00,-1.880322029700e+00
750.00000000,1.461298718357e+15,-1.819772569444e-01,-7.449896483284e-01,1.270934630594e+00,7.313746511678e-01,-7.535462287809e-01,-7.840505362411e-01
750.50000000,2.463167532811e+15,3.122305459105e-01,1.278228546253e+00,5.709400434028e+00,3.285543292547e+00,5.957661458333e-01,6.198833572170e-01
751.00000000,2.138493266593e+15,9.674999035494e-02,3.960810405682e-01,1.870732629244e+00,1.076535638581e+00,1.884365933642e-01,1.960646957436e-01
751.50000000,1.915684896386e+15,-1.072036072531e-01,-4.388766981546e-01,-3.648464216821e-01,-2.099552706836e-01,-2.537286053241e+00,-2.639997938625e+00
752.00000000,1.952972075416e+15,-5.319222849151e-01,-2.177616052856e+00,-2.811791637731e+00,-1.618079387168e+00,-2.609148476080e+00,-2.714769424449e+00
752.50000000,1.842275864367e+15,1.454880497685e-01,5.956078954752e-01,1.263451808449e+00,7.270685709774e-01,-2.898392737269e+00,-3.015722583562e+00
753.00000000,1.259054699906e+15,1.605726176698e-01,6.573620241209e-01,-1.596512239583e+00,-9.187322102983e-01,-1.778750289352e+00,-1.850755885889e+00
753.50000000,2.090120984112e+15,1.987583043981e-01,8.136889289475e-01,1.670616425540e+00,9.613763572509e-01,-3.971317226080e-01,-4.132080132269e-01
754.00000000,1.763791882944e+15,3.727667245370e-01,1.526055264731e+00,2.209996498843e+00,1.271769121334e+00,8.804761381173e-01,9.161186956707e-01
754.50000000,7.291152074426e+14,4.288741994599e-01,1.755751484540e+00,6.314464506173e-01,3.633734705423e-01,9.079708140432e-01,9.447263836667e-01
755.00000000,1.821233250915e+15,1.723090084877e-01,7.054091802044e-01,-2.252524440586e+00,-1.296242337980e+00,2.565176408179e-01,2.669017323117e-01
755.50000000,1.214174059741e+15,7.723049864969e-01,3.161709490259e+00,2.161918711420e+00,1.244102179102e+00,2.964700144676e+00,3.084714181355e+00
756.00000000,7.433313372388e+14,2.598423996914e-01,1.063758742258e+00,1.100951302083e+00,6.335556960452e-01,2.375454513889e+00,2.471615296176e+00
756.50000000,1.429073419239e+15,-8.440543016975e-01,-3.455441234526e+00,-5.238351697531e+00,-3.014472619796e+00,-2.520539612269e+00,-2.622573584919e+00
757.00000000,1.233013391049e+15,-8.016620370370e-01,-3.281893183129e+00,-4.383682928241e+00,-2.522643175577e+00,-3.699525617284e+00,-3.849286126429e+00
757.50000000,1.416480635832e+15,-5.550714602623e-01,-2.272385565765e+00,-2.420084201389e+00,-1.392666621855e+00,-1.739359403935e+00,-1.809770417905e+00
758.00000000,2.297076152736e+15,-5.425987268519e-01,-2.221323925243e+00,-4.033928790509e+00,-2.321372941593e+00,-1.150324016204e+00,-1.196890286631e+00
758.50000000,1.856273490014e+15,-1.688206790123e-01,-6.911284431898e-01,-2.007985918210e-01,-1.155519697968e-01,4.587898919753e-01,4.773621671589e-01
759.00000000,1.665814841192e+15,1.482446035880e-01,6.068928444575e-01,3.169042717978e+00,1.823663827080e+00,1.596518894676e+00,1.661147581503e+00
759.50000000,2.106274762745e+15,1.935523871528e-01,7.923766258445e-01,4.387934664352e+00,2.525089888366e+00,2.284893123071e+00,2.377387889388e+00
760.00000000,1.408831388443e+15,3.162061197917e-01,1.294503994281e+00,6.356850501543e+00,3.658126237318e+00,2.424226263503e+00,2.522361375153e+00
760.50000000,1.841365776057e+15,3.638822096836e-01,1.489683293270e+00,4.464380516975e+00,2.569081575625e+00,2.764409649884e+00,2.876315726360e+00
761.00000000,1.450384745448e+15,4.561311439043e-01,1.867337634354e+00,1.581166811343e+00,9.099014986658e-01,9.438696518133e-01,9.820784424111e-01
761.50000000,1.741351692296e+15,-1.894208695023e-01,-7.754627656558e-01,-1.800665885417e+00,-1.036214886363e+00,-7.687404851466e-01,-7.998598713506e-01
762.00000000,2.572925455763e+15,-1.488671296296e-01,-6.094413797230e-01,-3.276246588059e+00,-1.885355586197e+00,-6.673811029128e-01,-6.943973596186e-01
762.50000000,1.628024769865e+15,1.121712239583e-01,4.592134319004e-01,-3.779058627508e+00,-2.174704834460e+00,-9.239879943094e-01,-9.613919554620e-01
763.00000000,6.749664137224e+14,2.611386236497e-01,1.069065303348e+00,-1.654778657890e+00,-9.522623229711e-01,7.121786554784e-01,7.410083620625e-01
763.50000000,2.173888548723e+15,2.672367283951e-01,1.094030098323e+00,-1.588203872492e+00,-9.139510603188e-01,-3.770692901235e-01,-3.923334333444e-01
764.00000000,1.475833564312e+15,-3.430512562693e-01,-1.404404259400e+00,-1.504489518229e+00,-8.657766261874e-01,-1.057597381366e+00,-1.100409984572e+00
764.50000000,1.732904123762e+15,-2.794903549383e-01,-1.144194745721e+00,-4.593820992477e+00,-2.643569657339e+00,-3.007837999132e+00,-3.129598299445e+00
765.00000000,1.778684657397e+15,-4.071030394001e-01,-1.666623375077e+00,-7.060716219377e+00,-4.063174248016e+00,-3.572534455777e+00,-3.717154235280e+00
765.50000000,1.839992210906e+15,8.655194950810e-02,3.543316758855e-01,-4.010106441696e+00,-2.307664083848e+00,-2.367976749373e+00,-2.463834824250e+00
766.00000000,6.749721788358e+14,1.268161639178e-01,5.191677847322e-01,-3.135088479577e+00,-1.804124451356e+00,-2.053750789087e+00,-2.136888681792e+00
766.50000000,-1.319126362493e+14,2.771456205392e-01,1.134595728324e+00,-8.360842242959e-01,-4.811347438109e-01,-1.273081283155e+00,-1.324616890925e+00
767.00000000,1.300102284911e+15,2.736615370009e-01,1.120332373586e+00,1.739028707622e+00,1.000745029517e+00,2.577681972174e-01,2.682029124891e-01
767.50000000,7.115427017957e+14,2.856734573929e-02,1.169507509529e-01,1.063056091459e+00,6.117484403580e-01,2.703609393084e-02,2.813054214157e-02
768.00000000,1.214649180920e+15,6.948280918451e-03,2.844529830178e-02,2.001364452070e+00,1.151709295472e+00,1.739618456428e-01,1.810039957103e-01
768.50000000,1.377712755006e+15,4.949159253533e-01,2.026117149868e+00,3.252119128267e+00,1.871471148662e+00,1.577604882963e+00,1.641467911617e+00
769.00000000,2.569290570039e+15,-2.749983678747e-02,-1.125805173755e-01,-3.677074158468e-01,-2.116016642580e-01,-1.644878601828e-01,-1.711464938125e-01
769.50000000,2.672041222903e+15,6.855277054398e-02,2.806455338267e-01,3.664491370684e-01,2.108775725694e-01,1.095804235689e+00,1.140163490696e+00
770.00000000,2.268366051079e+15,-1.021670464410e-02,-4.182577167984e-02,2.760178905044e+00,1.588378218079e+00,5.653524082514e-01,5.882384410201e-01
770.50000000,1.556423427258e+15,-2.452636625313e-01,-1.004075414505e+00,-1.250437855662e+00,-7.195795349947e-01,-7.971425175420e-01,-8.294116465164e-01
771.00000000,1.611211158675e+15,-3.633596691744e-01,-1.487544084905e+00,-1.488083857181e+00,-8.563357908072e-01,-1.227308247733e+00,-1.276990917100e+00
771.50000000,1.573875401075e+15,-4.052910536024e-01,-1.659205356558e+00,-2.967056721402e+00,-1.707428550905e+00,-1.328448703342e+00,-1.382225639838e+00
772.00000000,1.960474408213e+15,-6.490154031636e-01,-2.656979037277e+00,-2.477506025752e+00,-1.425710702763e+00,-2.759230271026e+00,-2.870926681049e+00
772.50000000,2.090728405202e+15,-4.318406442901e-01,-1.767895698207e+00,-3.125808945795e+00,-1.798784431800e+00,-1.216600307436e+00,-1.265849508636e+00
773.00000000,2.154807215908e+15,-9.742474440586e-02,-3.988433900593e-01,-1.635961893567e+00,-9.414339891517e-01,-5.354573724441e-01,-5.571332241663e-01
773.50000000,2.165815557758e+15,-5.088407576196e-01,-2.083123481688e+00,-4.163588230613e+00,-2.395987029127e+00,-5.916010175540e-01,-6.155496203656e-01
774.00000000,9.362672467177e+14,-4.830676914545e-01,-1.977612123725e+00,-1.539391329090e+00,-8.858612939025e-01,-9.097803505980e-01,-9.466091720769e-01
774.50000000,2.330043956215e+15,-3.917167799961e-01,-1.603634163267e+00,3.619133101852e-01,2.082673763213e-01,-9.579661964699e-01,-9.967456293401e-01
775.00000000,2.853969882930e+15,8.069442515432e-01,3.303517836635e+00,3.952436142458e+00,2.274477015078e+00,1.483823037230e+00,1.543889682666e+00
775.50000000,1.751759594877e+15,1.168946332465e+00,4.785504143542e+00,1.148128443287e+01,6.607043505553e+00,7.764281611690e-01,8.078587522123e-01
776.00000000,2.046963037891e+15,1.531129897280e+00,6.268233420334e+00,1.031623332610e+01,5.936600804335e+00,3.800644369695e+00,3.954498267402e+00
776.50000000,2.088480360674e+15,9.921017505787e-01,4.061526954960e+00,9.028266606385e+00,5.195424832203e+00,5.728530885899e+00,5.960427564251e+00
777.00000000,1.390199222336e+15,6.970117332176e-01,2.853469355069e+00,4.631278903839e+00,2.665125263895e+00,3.078501740934e+00,3.203122580420e+00
777.50000000,1.919450520997e+15,3.258729456019e-01,1.334078638287e+00,1.755842689043e-01,1.010420837777e-01,2.076743397955e+00,2.160812054539e+00
778.00000000,1.826480363343e+15,4.057778260031e-01,1.661198135247e+00,8.230218942901e-02,4.736178685748e-02,1.542624705826e+00,1.605071701809e+00
778.50000000,2.150971276969e+15,2.848239872685e-01,1.166029896667e+00,-1.253877416088e+00,-7.215588714975e-01,1.560253515625e+00,1.623414143518e+00
779.00000000,1.795239035806e+15,-4.009654706790e-03,-1.641497020060e-02,-6.871653935185e-01,-3.954376077897e-01,7.804898003472e-01,8.120848106200e-01
779.50000000,2.348555159372e+15,3.818163580247e-02,1.563103208978e-01,-4.548254002701e+00,-2.617347583874e+00,1.123787615741e-02,1.169279666051e-02
780.00000000,1.465934258092e+15,-3.924145399306e-01,-1.606490695654e+00,-3.178701856674e+00,-1.829222294859e+00,-1.370647810571e+00,-1.426133009271e+00
780.50000000,2.077606372833e+15,-3.709108651620e-01,-1.518457633871e+00,-4.083016420718e+00,-2.349621010027e+00,-2.191352015818e+00,-2.280060144252e+00
781.00000000,1.348758793549e+15,8.372222704475e-02,3.427471846242e-01,6.483084249614e-01,3.730768969083e-01,-1.122424488812e+00,-1.167861358376e+00
781.50000000,2.044668190781e+15,7.886641203704e-01,3.228681515203e+00,6.377399175347e+00,3.669951219322e+00,1.942988300540e+00,2.021642416569e+00
782.00000000,1.737984380105e+15,2.825770929784e-01,1.156831423104e+00,3.318176851852e+00,1.909484861862e+00,1.864891984954e+00,1.940384683764e+00
782.50000000,1.910647687907e+15,3.467992428627e-01,1.419747996639e+00,2.563570384838e+00,1.475237475494e+00,1.189864998071e+00,1.238031927121e+00
783.00000000,1.602372825285e+15,-5.212654320988e-02,-2.133988375611e-01,6.850125385802e-03,3.941987214681e-03,-2.190070891204e-01,-2.278727158428e-01
783.50000000,1.146713501111e+15,1.842152633102e-01,7.541517359616e-01,2.062200038580e-02,1.186717866953e-02,-2.849849440586e-01,-2.965214205521e-01
784.00000000,2.825178256339e+15,1.685153790509e-01,6.898785874952e-01,8.921248553241e-02,5.133840003681e-02,3.795509355710e-01,3.949155382898e-01
784.50000000,2.525986773145e+15,-7.199136284722e-02,-2.947226537578e-01,6.549862847222e+00,3.769197517928e+00,1.392905488040e+00,1.449291699857e+00
785.00000000,1.056390842539e+15,4.722239872685e-01,1.933219502890e+00,4.042408661265e+00,2.326252785423e+00,2.458659153164e+00,2.558188142738e+00
785.50000000,2.167807251980e+15,4.459166666667e-01,1.825520981367e+00,6.441078993056e+00,3.706596537926e+00,4.737588030478e+00,4.929370347716e+00
786.00000000,1.357420393138e+15,2.068994791667e-01,8.470177692082e-01,2.674947434414e+00,1.539330741048e+00,2.492586959877e+00,2.593489381110e+00
786.50000000,1.867844344825e+15,2.141893084491e-01,8.768613191367e-01,1.435728327546e+00,8.262071702618e-01,1.503586149691e+00,1.564452825751e+00
787.00000000,1.944324369484e+15,1.749306037809e-01,7.161416277000e-01,-1.506387345679e-01,-8.668687538670e-02,1.190009346065e+00,1.238182118466e+00
787.50000000,1.029319981145e+15,1.279657696759e-01,5.238741112470e-01,1.574714964313e+00,9.061887055316e-01,2.344931515239e+00,2.439856695914e+00
788.00000000,1.881329647121e+15,2.939895375193e-01,1.203552388063e+00,3.966876895255e+00,2.282787120323e+00,2.129060816937e+00,2.215247335137e+00
788.50000000,8.939752917126e+14,-4.301463396991e-02,-1.760959450224e-01,-4.674137176890e-01,-2.689788573674e-01,1.581044844715e+00,1.645047126472e+00
789.00000000,2.068763719341e+15,-1.252214867863e-02,-5.126393977492e-02,1.977555005787e+00,1.138007862644e+00,2.197250180845e+00,2.286197072918e+00
789.50000000,2.013835233353e+15,-1.220175832489e-01,-4.995230610727e-01,1.981786657263e+00,1.140443017488e+00,1.992453696168e+00,2.073110221046e+00
790.00000000,1.478726569859e+15,2.995955505371e-01,1.226502627763e+00,4.982299888178e+00,2.867124520028e+00,1.926958744303e+00,2.004963967811e+00
790.50000000,1.963613455725e+15,4.328913273564e-01,1.772197048943e+00,5.392811226852e+00,3.103358217573e+00,2.287737622522e+00,2.380347537031e+00
791.00000000,1.456104909907e+15,3.867980951003e-01,1.583497749561e+00,5.868943827160e+00,3.377354461029e+00,2.015293016975e+00,2.096874100477e+00
791.50000000,2.092419055573e+15,-9.492337962963e-02,-3.886031496233e-01,1.708512345679e+00,9.831840212370e-01,8.733456790123e-02,9.086995884264e-02
792.00000000,2.073909064676e+15,-2.908435185185e-01,-1.190673022651e+00,-5.311629629630e-01,-3.056641289007e-01,-1.252138271605e+00,-1.302826085253e+00
792.50000000,2.164390651568e+15,-6.019074074074e-01,-2.464125436881e+00,-1.770646913580e+00,-1.018940107215e+00,-3.151298765432e+00,-3.278866501515e+00
793.00000000,2.078500931332e+15,-4.717382716049e-01,-1.931231050336e+00,-5.282607407407e+00,-3.039940101438e+00,-4.717165432099e+00,-4.908121022062e+00
793.50000000,1.720777895017e+15,-9.190172839506e-01,-3.762329285945e+00,-9.897837037037e+00,-5.695829617055e+00,-5.372780246914e+00,-5.590275782434e+00
794.00000000,1.817151608696e+15,-1.848470370370e+00,-7.567381299676e+00,-1.290353580247e+01,-7.425495197932e+00,-3.626217283951e+00,-3.773010198204e+00
794.50000000,2.719755943661e+15,-1.446956790123e+00,-5.923640395072e+00,-7.528898765432e+00,-4.332595536933e+00,-5.576145679012e+00,-5.801873651284e+00
795.00000000,2.412863197174e+15,-5.935833333333e-01,-2.430047832233e+00,-3.079651851852e+00,-1.772222775780e+00,-3.291251851852e+00,-3.424485029304e+00
795.50000000,2.229686238229e+15,-1.633299768519e-01,-6.686502701461e-01,-6.181481481481e-03,-3.557208021081e-03,-5.226370370370e-01,-5.437939087178e-01
796.00000000,1.414227608034e+15,3.287649353781e-01,1.345918043290e+00,3.504588155864e+00,2.016757493486e+00,6.101550154321e-01,6.348547026951e-01
796.50000000,2.425681329896e+15,6.490850501543e-01,2.657264162397e+00,1.608624741392e+00,9.257024954504e-01,1.147843407600e+00,1.194309260503e+00
797.00000000,2.553251965253e+15,2.085401331019e-01,8.537343788479e-01,1.386168745177e+00,7.976875112688e-01,1.515444618056e+00,1.576791336813e+00
797.50000000,2.828143065142e+15,8.121300636574e-02,3.324747832119e-01,-1.530631221065e+00,-8.808201841581e-01,8.599932725694e-01,8.948066631727e-01
798.00000000,2.213965075306e+15,8.811722608025e-02,3.607397010564e-01,1.554303742284e+00,8.944428218077e-01,8.106678096065e-01,8.434844559751e-01
798.50000000,1.853559720495e+15,1.577063560957e-01,6.456279468084e-01,-1.046950000000e+00,-6.024799959084e-01,4.775052469136e-01,4.968351384443e-01
799.00000000,2.340895746201e+15,8.742417052469e-02,3.579024277439e-01,-6.679798032407e-01,-3.843970286292e-01,-4.316292486497e-01,-4.491020337381e-01
799.50000000,1.367510828454e+15,2.201943238812e-01,9.014450193753e-01,3.121497463349e+00,1.796303337262e+00,1.109293668017e+00,1.154198988780e+00
800.00000000,2.084668298297e+15,-8.328192515432e-03,-3.409446497579e-02,1.361450663098e+00,7.834631930204e-01,5.394526331019e-01,5.612902169844e-01
800.50000000,1.401666675735e+15,-2.303896556713e-01,-9.431832935555e-01,2.795321718268e+00,1.608601573508e+00,7.306840205440e-01,7.602628428745e-01
801.00000000,1.663009984419e+15,-7.534958526235e-02,-3.084707505148e-01,3.295327524595e+00,1.896335941100e+00,2.331057388117e-01,2.425420930205e-01
801.50000000,2.318239578708e+15,1.532119417921e-01,6.272284380582e-01,1.060500965712e+00,6.102780624508e-01,2.518679591049e-02,2.620638268175e-02
802.00000000,2.069845707106e+15,-1.922718750000e-01,-7.871343867076e-01,2.215142023534e-02,1.274730175534e-02,-2.241331380208e-02,-2.332062723463e-02
802.50000000,2.126755603885e+15,-1.103290497203e-01,-4.516718260932e-01,7.443487087674e-01,4.283444357539e-01,3.077896146798e-01,3.202492471226e-01
803.00000000,1.549559640115e+15,-1.593086805556e-01,-6.521876408928e-01,7.636110876013e-01,4.394292038145e-01,4.762148087867e-01,4.954924620872e-01
803.50000000,2.324017774633e+15,-1.945045572917e-02,-7.962746783200e-02,5.011906243972e-01,2.884161854302e-01,1.818794313030e-01,1.892420931826e-01
804.00000000,1.669186951275e+15,-1.862190046899e-01,-7.623547752363e-01,2.469243721668e-01,1.420956060296e-01,5.781999300733e-02,6.016060434168e-02
804.50000000,1.248949762027e+15,-1.916347683377e-01,-7.845261604035e-01,-1.729599084925e-01,-9.953186394848e-02,2.628970992477e-01,2.735394376200e-01
805.00000000,1.268459355552e+15,2.257162971402e-01,9.240512119590e-01,1.772916306785e+00,1.020246056887e+00,4.630787911121e-01,4.818246852362e-01
805.50000000,2.941731281294e+15,-2.699268732518e-01,-1.105043178223e+00,-3.399480146243e+00,-1.956271822531e+00,-1.073131875422e+00,-1.116573330535e+00
806.00000000,2.668235033424e+15,2.701856929977e+00,1.106102750363e+01,2.152586507161e+00,1.238731849684e+00,1.461397015456e+00,1.520555833029e+00
806.50000000,2.298064257686e+15,7.276434539548e+02,2.978871370919e+03,7.253304154074e+02,4.174001296211e+02,7.259564054134e+02,7.553438491397e+02
807.00000000,2.407041284330e+15,1.089740541407e+05,4.461246621385e+05,1.089743728054e+05,6.271061624900e+04,1.089732620796e+05,1.133846090739e+05
807.50000000,1.280094095985e+15,9.556753526433e+06,3.912402334426e+07,9.556754145118e+06,5.499549355984e+06,9.556753241582e+06,9.943620202186e+06
808.00000000,1.532229969616e+15,4.947633818827e+08,2.025492658058e+09,4.947633822327e+08,2.847175514620e+08,4.947633822282e+08,5.147919003935e+08
808.50000000,2.099131654674e+15,1.518448296977e+10,6.216316707727e+10,1.518448297126e+10,8.738093737425e+09,1.518448297025e+10,1.579916607722e+10
809.00000000,2.317365446440e+15,2.769300965621e+11,1.133713403056e+12,2.769300965640e+11,1.593627617792e+11,2.769300965619e+11,2.881405047464e+11
809.50000000,1.391620728026e+15,3.006276666157e+12,1.230727967826e+13,3.006276666159e+12,1.729998140815e+12,3.006276666158e+12,3.127973762146e+12
810.00000000,1.898567875816e+15,1.945166065778e+13,7.963240064262e+13,1.945166065778e+13,1.119369256747e+13,1.945166065778e+13,2.023908339929e+13
810.50000000,1.599262498194e+15,7.510019234682e+13,3.074497705113e+14,7.510019234682e+13,4.321731083416e+13,7.510019234682e+13,7.814032348964e+13
811.00000000,2.199272459964e+15,1.731672558766e+14,7.089227259693e+14,1.731672558766e+14,9.965118449972e+13,1.731672558766e+14,1.801772401530e+14
811.50000000,1.370317279629e+15,2.386075641567e+14,9.768262710096e+14,2.386075641567e+14,1.373095986215e+14,2.386075641567e+14,2.482666377760e+14
812.00000000,2.935412602188e+15,1.965156527879e+14,8.045078243277e+14,1.965156527879e+14,1.130873009099e+14,1.965156527879e+14,2.044708035994e+14
812.50000000,1.559246460916e+15,9.672602103548e+13,3.959829134990e+14,9.672602103548e+13,5.566215459925e+13,9.672602103548e+13,1.006415874233e+14
813.00000000,1.608705184422e+15,2.843840380027e+13,1.164228805397e+14,2.843840380027e+13,1.636522222191e+13,2.843840380027e+13,2.958961892161e+13
813.50000000,2.065116339454e+15,4.990322897402e+12,2.042968974698e+13,4.990322897404e+12,2.871741457385e+12,4.990322897403e+12,5.192336175652e+12
814.00000000,1.489293719949e+15,5.220948284382e+11,2.137383809181e+12,5.220948284412e+11,3.004457615961e+11,5.220948284394e+11,5.432297509721e+11
814.50000000,1.858581783613e+15,3.252453708738e+10,1.331509434400e+11,3.252453708757e+10,1.871663687038e+10,3.252453708646e+10,3.384116298331e+10
815.00000000,1.342977359218e+15,1.204587497171e+09,4.931414128153e+09,1.204587499597e+09,6.931943949838e+08,1.204587496316e+09,1.253350406867e+09
815.50000000,2.061216914901e+15,2.646616002995e+07,1.083487881089e+08,2.646616007871e+07,1.523027080179e+07,2.646615915210e+07,2.753753583111e+07
816.00000000,1.244658595058e+15,3.437156218608e+05,1.407124079979e+06,3.437191472742e+05,1.977973259882e+05,3.437152117562e+05,3.576291484168e+05
816.50000000,2.312927342887e+15,2.621809310079e+03,1.073332365097e+04,2.621716206019e+03,1.508698189097e+03,2.621820747569e+03,2.727954682204e+03
817.00000000,1.328354203137e+15,1.213041208526e+01,4.966022449848e+01,1.464176090856e+01,8.425777785265e+00,1.357166915509e+01,1.412106394050e+01
817.50000000,3.146434518992e+15,3.743642939815e-01,1.532595492442e+00,2.858799517747e+00,1.645130638287e+00,3.367533053627e+00,3.503854170669e+00
818.00000000,2.487321839766e+15,5.412525173611e-01,2.215812730317e+00,3.658683125965e+00,2.105433301267e+00,2.633911371528e+00,2.740534746752e+00
818.50000000,1.076291588295e+15,4.114691562982e-01,1.684497652046e+00,3.651548611111e+00,2.101327658705e+00,1.532591589506e+00,1.594632434874e+00
819.00000000,2.596750459303e+15,2.214029320988e-01,9.063928937751e-01,2.106909876543e+00,1.212446682076e+00,1.435364814815e+00,1.493469822784e+00
819.50000000,1.953673053288e+15,3.381024691358e-01,1.384144611309e+00,8.118666666667e-01,4.671984583901e-01,1.555330864198e+00,1.618292218222e+00
820.00000000,9.509725810511e+14,5.631604938272e-02,2.305500947170e-01,-1.799703703704e-01,-1.035661187300e-01,7.901234567900e-05,8.221084471424e-05
