wavelength_nm,measurement,init_raw,init_fit,opt_raw,opt_fit,truth_raw,truth_fit
300.00000000,-7.945190975228e+11,-8.939935378086e-02,-3.659885540220e-01,-3.805249324846e-01,-2.957953143613e-01,-2.422832272377e-01,-2.520910953867e-01
300.50000000,-3.997735484519e+14,7.628002025463e-02,3.122798223150e-01,3.635185185185e-01,2.825756350819e-01,3.617910879630e-02,3.764367542301e-02
301.00000000,-9.088003760050e+12,2.103877314815e-02,8.612981903384e-02,3.631626157407e-01,2.822989794280e-01,2.975385802469e-01,3.095832405298e-01
301.50000000,-2.564717783069e+14,-1.384066358025e-02,-5.666175689431e-02,-5.152488425926e-02,-4.005209129763e-02,1.894675925926e-01,1.971374308553e-01
302.00000000,1.946440831075e+14,5.272038966049e-02,2.158299625590e-01,5.188676697531e-01,4.033339536634e-01,1.920177469136e-01,1.997908179820e-01
302.50000000,-2.171883296336e+14,2.659378616898e-02,1.088712718194e-01,4.067380401235e-01,3.161716780434e-01,2.039397665895e-01,2.121954529772e-01
303.00000000,1.401220587040e+14,9.571789400077e-02,3.918557812537e-01,7.298737702546e-01,5.673563619258e-01,2.511050829475e-01,2.612700686677e-01
303.50000000,-2.515534826544e+14,8.585011574074e-01,3.514584657915e+00,8.033127170139e-01,6.244430190370e-01,1.020774920428e+00,1.062096913467e+00
304.00000000,1.201788894949e+13,1.166245141300e+01,4.774445841588e+01,1.205753231096e+01,9.372740800592e+00,1.378513044946e+01,1.434316636225e+01
304.50000000,-1.721990365589e+14,1.386354176312e+02,5.675541700161e+02,1.438884013310e+02,1.118494775802e+02,1.628361523438e+02,1.694279231828e+02
305.00000000,-3.994143454150e+13,1.482448173044e+03,6.068937193831e+03,1.539622582948e+03,1.196802382822e+03,1.738898051215e+03,1.809290389164e+03
305.50000000,-1.538394464561e+14,1.424544499445e+04,5.831887585788e+04,1.479689294961e+04,1.150214145765e+04,1.670461019483e+04,1.738082957716e+04
306.00000000,-1.367182263816e+14,1.230222972187e+05,5.036362207035e+05,1.277825885107e+05,9.932986701192e+04,1.442545290795e+05,1.500940971637e+05
306.50000000,-2.157106177152e+14,9.547666785880e+05,3.908682348883e+06,9.917085415731e+05,7.708896704719e+05,1.119545179871e+06,1.164865492120e+06
307.00000000,1.151015868985e+14,6.659126623163e+06,2.726154072473e+07,6.916777117681e+06,5.376652322182e+06,7.808387622471e+06,8.124478988478e+06
307.50000000,-2.298755378698e+14,4.173959625106e+07,1.708761174587e+08,4.335455467937e+07,3.370100888435e+07,4.894319725814e+07,5.092446699346e+07
308.00000000,-1.062863651666e+14,2.351226211808e+08,9.625593978539e+08,2.442198149264e+08,1.898405879944e+08,2.757011050445e+08,2.868617624191e+08
308.50000000,2.026545663214e+14,1.190309381801e+09,4.872961504309e+09,1.236363966597e+09,9.610688734026e+08,1.395738152635e+09,1.452239033558e+09
309.00000000,-3.370106039739e+14,5.415623215699e+09,2.217081025776e+10,5.625160568922e+09,4.372633687766e+09,6.350275028522e+09,6.607340533634e+09
309.50000000,7.937239634977e+13,2.214439545429e+10,9.065608339715e+10,2.300119029020e+10,1.787962819715e+10,2.596617155246e+10,2.701730823173e+10
310.00000000,-2.896373387374e+14,8.137845925119e+10,3.331521243754e+11,8.452709538299e+10,6.570586212999e+10,9.542310775479e+10,9.928593090563e+10
310.50000000,-2.889219932214e+14,2.687748136827e+11,1.100326806147e+12,2.791740532060e+11,2.170117376814e+11,3.151611402316e+11,3.279191794254e+11
311.00000000,1.633269200223e+14,7.978185783048e+11,3.266158596195e+12,8.286871942237e+11,6.441674860096e+11,9.355095791574e+11,9.733799456255e+11
311.50000000,-5.672721459143e+13,2.128427951566e+12,8.713488804887e+12,2.210779537171e+12,1.718516113809e+12,2.495761306371e+12,2.596792228335e+12
312.00000000,1.493421676493e+14,5.103351906334e+12,2.089241483158e+13,5.300807084970e+12,4.120502401326e+12,5.984110578538e+12,6.226353379300e+12
312.50000000,-2.754271569418e+13,1.099755409359e+13,4.502246101642e+13,1.142306345449e+13,8.879546008792e+12,1.289555981978e+13,1.341758502087e+13
313.00000000,6.414183743982e+13,2.130015390852e+13,8.719987561136e+13,2.212428396504e+13,1.719797829731e+13,2.497622712835e+13,2.598728986401e+13
313.50000000,2.284672949569e+14,3.707807472426e+13,1.517924949158e+14,3.851267261258e+13,2.993724492098e+13,4.347717015436e+13,4.523716962783e+13
314.00000000,1.738359494718e+14,5.800973676505e+13,2.374838159332e+14,6.025420729065e+13,4.683769883554e+13,6.802130948546e+13,7.077488034699e+13
314.50000000,-5.104065900584e+13,8.157087348935e+13,3.339398415771e+14,8.472695437343e+13,6.586121950045e+13,9.564872967948e+13,9.952068623222e+13
315.00000000,-2.701111620548e+14,1.030910031560e+14,4.220402674300e+14,1.070797252386e+14,8.323680864182e+13,1.208828969392e+14,1.257763579030e+14
315.50000000,1.487908791359e+14,1.171004349571e+14,4.793929380110e+14,1.216311997813e+14,9.454817780410e+13,1.373101374233e+14,1.428685895652e+14
316.00000000,6.682467468295e+13,1.195497611737e+14,4.894201398021e+14,1.241752935457e+14,9.652579070293e+13,1.401821790132e+14,1.458568942805e+14
316.50000000,1.475633444609e+14,1.096961707943e+14,4.490809075554e+14,1.139404552171e+14,8.856989356609e+13,1.286280131419e+14,1.338350041811e+14
317.00000000,4.014405022620e+14,9.046624757427e+13,3.703562692261e+14,9.396650179995e+13,7.304344227292e+13,1.060793061199e+14,1.103735028732e+14
317.50000000,-1.541041981215e+14,6.705536948452e+13,2.745153815900e+14,6.964982704948e+13,5.414124208049e+13,7.862807684927e+13,8.181102029667e+13
318.00000000,1.070675092085e+14,4.467161520639e+13,1.828793963689e+14,4.640001683780e+13,3.606835293890e+13,5.238123688574e+13,5.450168191496e+13
318.50000000,-3.157035856765e+14,2.674729228781e+13,1.094997045774e+14,2.778217905902e+13,2.159605767419e+13,3.136345634485e+13,3.263308052823e+13
319.00000000,1.395962657754e+14,1.439384255672e+13,5.892639489393e+13,1.495075863961e+13,1.162174663002e+13,1.687799452014e+13,1.756123267394e+13
319.50000000,9.803813200999e+13,6.961788782232e+12,2.850059762245e+13,7.231149248226e+12,5.621024754164e+12,8.163284574907e+12,8.493742525657e+12
320.00000000,-2.774119170427e+13,3.026288012565e+12,1.238920335473e+13,3.143378946345e+12,2.443458192134e+12,3.548577962498e+12,3.692227959114e+12
320.50000000,-1.256187917635e+14,1.182341362950e+12,4.840341540355e+12,1.228087654664e+12,9.546354072061e+11,1.386394978697e+12,1.442517638564e+12
321.00000000,-1.463958312249e+14,4.151608183120e+11,1.699610804269e+12,4.312239186126e+11,3.352054062089e+11,4.868110783367e+11,5.065176792611e+11
321.50000000,-1.128899094887e+14,1.310171299110e+11,5.363659568028e+11,1.360863493699e+11,1.057846702168e+11,1.536286361317e+11,1.598476774755e+11
322.00000000,1.697120021376e+13,3.715995747968e+10,1.521277115587e+11,3.859772351585e+10,3.000335795727e+10,4.357318459190e+10,4.533707082614e+10
322.50000000,3.526234747437e+13,9.472283096855e+09,3.877821312225e+10,9.838777782166e+09,7.648025447385e+09,1.110705091955e+10,1.155667548575e+10
323.00000000,5.358093919608e+13,2.170017171702e+09,8.883749303389e+09,2.253977897063e+09,1.752095707032e+09,2.544528175747e+09,2.647533229518e+09
323.50000000,-5.038549960550e+12,4.467835846144e+08,1.829070023197e+09,4.640702103167e+08,3.607379754332e+08,5.238914400263e+08,5.450990911988e+08
324.00000000,1.324767052895e+14,8.267104253064e+07,3.384437810305e+08,8.586969046111e+07,6.674950815497e+07,9.693877157925e+07,1.008629503225e+08
324.50000000,-2.921080077712e+14,1.374820541982e+07,5.628324601018e+07,1.428014106596e+07,1.110045217839e+07,1.612093111777e+07,1.677352258540e+07
325.00000000,-2.498916628748e+14,2.059296435341e+06,8.430473966521e+06,2.138972858627e+06,1.662698275765e+06,2.414698945702e+06,2.512448381968e+06
325.50000000,6.798497244805e+13,3.101059008333e+05,1.269530544011e+06,3.221045468056e+05,2.503831090842e+05,3.636254006867e+05,3.783453217735e+05
326.00000000,1.225100225530e+14,2.591330254379e+05,1.060854662460e+06,2.691595119290e+05,2.092270851335e+05,3.038551409144e+05,3.161555019112e+05
326.50000000,1.538450400620e+14,1.377464082579e+06,5.639146889540e+06,1.430760127415e+06,1.112179795686e+06,1.615192582826e+06,1.680577199286e+06
327.00000000,1.924772165684e+14,7.693672316235e+06,3.149682729296e+07,7.991350613753e+06,6.211955814648e+06,9.021479787059e+06,9.386678341122e+06
327.50000000,-1.650969840676e+14,3.965535334702e+07,1.623435161096e+08,4.118966966595e+07,3.201816818605e+07,4.649924633750e+07,4.838158248726e+07
328.00000000,-3.363565572514e+14,1.881502057904e+08,7.702608446699e+08,1.954299763499e+08,1.519145431880e+08,2.206219861184e+08,2.295529854918e+08
328.50000000,-4.348834135736e+14,8.217225036800e+08,3.364017951029e+09,8.535159924097e+08,6.634677776270e+08,9.635389472217e+08,1.002543970634e+09
329.00000000,-9.288790721307e+13,3.303426367359e+09,1.352376933810e+10,3.431240136407e+09,2.667222744566e+09,3.873546059602e+09,4.030351090867e+09
329.50000000,-1.675239131296e+14,1.222431807817e+10,5.004466260799e+10,1.269729249797e+10,9.870048728348e+09,1.433404406926e+10,1.491430055617e+10
330.00000000,-1.593122196417e+14,4.163961749712e+10,1.704668183078e+11,4.325070727895e+10,3.362028467462e+10,4.882596382217e+10,5.080248783036e+10
330.50000000,-3.333578016796e+14,1.305606597362e+11,5.344972312233e+11,1.356122177838e+11,1.054161111827e+11,1.530933863487e+11,1.592907602442e+11
331.00000000,-4.686806189909e+14,3.768276894678e+11,1.542680291871e+12,3.914076322396e+11,3.042548168020e+11,4.418622513631e+11,4.597492786693e+11
331.50000000,-5.830745909707e+14,1.001150600019e+12,4.098571689426e+12,1.039886390573e+12,8.083399944155e+11,1.173933525699e+12,1.221455532761e+12
332.00000000,-5.535062033476e+13,2.448405394146e+12,1.002343207155e+13,2.543137314137e+12,1.976869416643e+12,2.870961847933e+12,2.987181264302e+12
332.50000000,9.705347962523e+13,5.511827819759e+12,2.256465856249e+13,5.725087451221e+12,4.450310341881e+12,6.463083042024e+12,6.724715128716e+12
333.00000000,-1.269097722730e+14,1.142187367692e+13,4.675956653428e+13,1.186380050239e+13,9.222146302506e+12,1.339311032264e+13,1.393527686734e+13
333.50000000,2.805684096514e+14,2.178759834971e+13,8.919540554139e+13,2.263058825186e+13,1.759154629483e+13,2.554779685163e+13,2.658199730322e+13
334.00000000,1.198839447737e+14,3.825713759474e+13,1.566194147627e+14,3.973735492572e+13,3.088923323734e+13,4.485972082409e+13,4.667568733594e+13
334.50000000,-1.645456636181e+14,6.183685587357e+13,2.531515107135e+14,6.422940250702e+13,4.992775685354e+13,7.250892945817e+13,7.544416367914e+13
335.00000000,-5.745346621212e+13,9.200570375617e+13,3.766585893008e+14,9.556552150030e+13,7.428641610868e+13,1.078844483465e+14,1.122517190684e+14
335.50000000,2.102513776213e+14,1.260129099424e+14,5.158793743741e+14,1.308885097638e+14,1.017442080314e+14,1.477607661119e+14,1.537422701894e+14
336.00000000,5.254594921874e+13,1.588724808045e+14,6.504018996160e+14,1.650194592322e+14,1.282753865840e+14,1.862913846565e+14,1.938326468349e+14
336.50000000,2.448797393155e+14,1.843809168855e+14,7.548298987216e+14,1.915148491616e+14,1.488711781452e+14,2.162021776013e+14,2.249542586910e+14
337.00000000,-1.020381862852e+14,1.969777293719e+14,8.063995017692e+14,2.045990483510e+14,1.590419829519e+14,2.309730027843e+14,2.403230216987e+14
337.50000000,4.293199601050e+14,1.937100936367e+14,7.930222543145e+14,2.012049836314e+14,1.564036579567e+14,2.271414242592e+14,2.363363370302e+14
338.00000000,8.746761358244e+13,1.753562882128e+14,7.178843207187e+14,1.821410461228e+14,1.415845937984e+14,2.056200392540e+14,2.139437447651e+14
338.50000000,1.901584793680e+14,1.461249261417e+14,5.982151790075e+14,1.517786854599e+14,1.179828708879e+14,1.713438015566e+14,1.782799705725e+14
339.00000000,-2.582829659408e+13,1.120884667707e+14,4.588746354532e+14,1.164253121687e+14,9.050145962231e+13,1.314331819646e+14,1.367537290525e+14
339.50000000,3.033087970545e+14,7.914635339951e+13,3.240141926284e+14,8.220862651642e+13,6.390363534094e+13,9.280577536558e+13,9.656264627503e+13
340.00000000,-1.499889936937e+14,5.144389476767e+13,2.106041695271e+14,5.343432451218e+13,4.153636586586e+13,6.032230591395e+13,6.276421338562e+13
340.50000000,2.677694796331e+14,3.078004245785e+13,1.260092244011e+14,3.197096146432e+13,2.485214447059e+13,3.609219608220e+13,3.755324439504e+13
341.00000000,1.089585415105e+14,1.695260421788e+13,6.940161021543e+13,1.760852204515e+13,1.368771890918e+13,1.987835839972e+13,2.068305429397e+13
341.50000000,-1.550256068370e+14,8.594779933137e+12,3.518583688621e+13,8.927322904537e+12,6.939519751597e+12,1.007810444235e+13,1.048607622269e+13
342.00000000,-2.864838207482e+13,4.011099430409e+12,1.642088469870e+13,4.166293970995e+12,3.238605751337e+12,4.703352418885e+12,4.893748844213e+12
342.50000000,-4.050469071202e+14,1.723143818143e+12,7.054311778586e+12,1.789814444952e+12,1.391285251498e+12,2.020531474166e+12,2.102324615671e+12
343.00000000,-2.677489832529e+13,6.814093171891e+11,2.789595228020e+12,7.077739106790e+11,5.501773695591e+11,7.990099013635e+11,8.313546239088e+11
343.50000000,1.757848158219e+14,2.480401418760e+11,1.015441935823e+12,2.576371305654e+11,2.002703358467e+11,2.908479885660e+11,3.026218069842e+11
344.00000000,-5.945638238551e+13,8.311168128078e+10,3.402476949537e+11,8.632737797839e+10,6.710528464028e+10,9.745545678250e+10,1.014005514613e+11
344.50000000,-3.711051764431e+13,2.563463338103e+10,1.049446333472e+11,2.662646996375e+10,2.069768464798e+10,3.005876992362e+10,3.127557909154e+10
345.00000000,-8.765646051838e+13,7.278066090695e+09,2.979539305328e+10,7.559663728427e+09,5.876390528250e+09,8.534146397215e+09,8.879617206660e+09
345.50000000,-7.912488766776e+13,1.902099710602e+09,7.786932379797e+09,1.975694368741e+09,1.535776205432e+09,2.230372353058e+09,2.320660063898e+09
346.00000000,7.628403674089e+13,4.577513168421e+08,1.873970397631e+09,4.754622979927e+08,3.695934428879e+08,5.367520305980e+08,5.584802913813e+08
346.50000000,-7.226785353069e+13,1.023482391364e+08,4.189994945607e+08,1.063082234949e+08,8.263709340288e+07,1.200119436319e+08,1.248701475319e+08
347.00000000,-2.133935716505e+13,2.604108689398e+07,1.066085976511e+08,2.704864996773e+07,2.102585990361e+07,3.053537097203e+07,3.177147342861e+07
347.50000000,-6.511511986817e+13,3.013947877135e+07,1.233868455195e+08,3.130561327053e+07,2.433494609188e+07,3.534108101272e+07,3.677172343387e+07
348.00000000,-4.625917264655e+14,1.193853440067e+08,4.887470387261e+08,1.240045144349e+08,9.639303813808e+07,1.399893857536e+08,1.456562965563e+08
348.50000000,-3.143152184316e+14,4.977051123489e+08,2.037535694547e+09,5.169619557958e+08,4.018525756749e+08,5.836012252077e+08,6.072259883980e+08
349.00000000,1.612598213313e+14,1.934121280718e+09,7.918024246219e+09,2.008954892764e+09,1.561630771899e+09,2.267920344670e+09,2.359728035886e+09
349.50000000,-5.815114678256e+13,6.971302331840e+09,2.853954477495e+10,7.241030888652e+09,5.628706098240e+09,8.174440014723e+09,8.505349548870e+09
350.00000000,-5.922903027468e+13,2.330135256031e+10,9.539250531059e+10,2.420291153758e+10,1.881376807552e+10,2.732280134890e+10,2.842885576360e+10
350.50000000,-8.005559825580e+13,7.222429215927e+10,2.956762340523e+11,7.501874191835e+10,5.831468703992e+10,8.468907468486e+10,8.811737340634e+10
351.00000000,1.193461067167e+14,2.075971089390e+11,8.498737687297e+11,2.156293052238e+11,1.676161866917e+11,2.434251210725e+11,2.532792142298e+11
351.50000000,-3.051745030961e+14,5.533451383185e+11,2.265318243180e+12,5.747547657817e+11,4.467769444567e+11,6.488438494090e+11,6.751096994924e+11
352.00000000,-1.638826348990e+13,1.367755838113e+12,5.599402683302e+12,1.420676051787e+12,1.104341091660e+12,1.603809090560e+12,1.668732891831e+12
352.50000000,1.802868974303e+14,3.135158962163e+12,1.283490592117e+13,3.256462251508e+12,2.531361793039e+12,3.676238334180e+12,3.825056150738e+12
353.00000000,-2.700077338856e+14,6.664227744347e+12,2.728242400729e+13,6.922075195176e+12,5.380770702777e+12,7.814369158677e+12,8.130702663271e+12
353.50000000,-1.978180975373e+13,1.313651217011e+13,5.377905869226e+13,1.364478054055e+13,1.060656426119e+13,1.540366858587e+13,1.602722454649e+13
354.00000000,-4.267692888363e+13,2.401324926046e+13,9.830691165564e+13,2.494235242822e+13,1.938856129411e+13,2.815756027842e+13,2.929740657219e+13
354.50000000,3.781211473982e+14,4.070642567586e+13,1.666464604323e+14,4.228140907911e+13,3.286681534514e+13,4.773171769696e+13,4.966394552402e+13
355.00000000,1.699034287068e+13,6.399067601122e+13,2.619689516061e+14,6.646655668626e+13,5.166677489738e+13,7.503446524455e+13,7.807193568832e+13
355.50000000,2.706187586073e+14,9.328515748308e+13,3.818964953890e+14,9.689447891985e+13,7.531946110556e+13,1.093847157634e+14,1.138127188157e+14
356.00000000,-1.075680492016e+14,1.261103957676e+14,5.162784678206e+14,1.309897674396e+14,1.018229191578e+14,1.478750764649e+14,1.538612079402e+14
356.50000000,-4.342050384914e+13,1.581000523537e+14,6.472396846802e+14,1.642171445419e+14,1.276517193660e+14,1.853856471436e+14,1.928902441586e+14
357.00000000,2.441580071014e+14,1.838045048842e+14,7.524701479410e+14,1.909161350465e+14,1.484057767621e+14,2.155262859094e+14,2.242510062252e+14
357.50000000,3.943260208885e+14,1.981634059457e+14,8.112534972001e+14,2.058306002600e+14,1.599993112450e+14,2.323633085790e+14,2.417696084670e+14
358.00000000,6.131420007735e+13,1.981226006735e+14,8.110864460756e+14,2.057882161799e+14,1.599663646198e+14,2.323154609554e+14,2.417198239236e+14
358.50000000,1.443506253484e+14,1.836909892344e+14,7.520054306160e+14,1.907982273318e+14,1.483141229792e+14,2.153931792349e+14,2.241125112589e+14
359.00000000,4.255777416415e+13,1.579373698569e+14,6.465736851035e+14,1.640481676523e+14,1.275203677306e+14,1.851948881938e+14,1.926917630951e+14
359.50000000,2.281003839101e+14,1.259287926926e+14,5.155350100211e+14,1.308011379106e+14,1.016762908397e+14,1.476621315412e+14,1.536396427923e+14
360.00000000,-1.966300641400e+14,9.310112999801e+13,3.811431123910e+14,9.670333117722e+13,7.517087529214e+13,1.091689280144e+14,1.135881957621e+14
360.50000000,-2.304870742818e+14,6.374684116617e+13,2.609707255722e+14,6.621328756081e+13,5.146989996440e+13,7.474854832124e+13,7.777444456105e+13
361.00000000,-2.160959933702e+14,4.046604291798e+13,1.656623667644e+14,4.203172560647e+13,3.267272766527e+13,4.744984863703e+13,4.937066612172e+13
361.50000000,-2.549764722943e+14,2.382139719488e+13,9.752149591045e+13,2.474307736211e+13,1.923365782842e+13,2.793259754878e+13,2.906333712552e+13
362.00000000,2.943735090355e+14,1.300432035477e+13,5.323788373624e+13,1.350747405567e+13,1.049983113705e+13,1.524866253199e+13,1.586594369201e+13
362.50000000,3.240636919809e+14,6.583418599217e+12,2.695160257596e+13,6.838139441401e+12,5.315524511123e+12,7.719613619752e+12,8.032111325051e+12
363.00000000,5.909795398335e+13,3.090708461802e+12,1.265293173831e+13,3.210291904731e+12,2.495471970657e+12,3.624116373103e+12,3.770824240377e+12
363.50000000,-1.860304013726e+14,1.345571211525e+12,5.508581899226e+12,1.397633073771e+12,1.086428980405e+12,1.577795744610e+12,1.641666499535e+12
364.00000000,-7.424659655006e+12,5.432461500299e+11,2.223974385931e+12,5.642650347876e+11,4.386229103525e+11,6.370019337891e+11,6.627884112458e+11
364.50000000,-2.991539464287e+14,2.033888494316e+11,8.326457380235e+11,2.112582228040e+11,1.642183917298e+11,2.384905818332e+11,2.481449198907e+11
365.00000000,-3.103687860972e+14,7.061504817003e+10,2.890882123745e+11,7.334723423363e+10,5.701536576331e+10,8.280210036759e+10,8.615401247530e+10
365.50000000,2.459941429940e+12,2.273558238991e+10,9.307632070953e+10,2.361525100167e+10,1.835695902539e+10,2.665938810192e+10,2.773858688270e+10
366.00000000,-1.568807296083e+14,6.788168650271e+09,2.778982088461e+10,7.050811533272e+09,5.480841952638e+09,7.959700325491e+09,8.281916981545e+09
366.50000000,-1.348131257344e+14,1.879472527808e+09,7.694299831997e+09,1.952191711255e+09,1.517506769277e+09,2.203840072655e+09,2.293053730162e+09
367.00000000,-1.477851381636e+14,4.825682431572e+08,1.975567451673e+09,5.012394226063e+08,3.896309017441e+08,5.658519696615e+08,5.887582251775e+08
367.50000000,-1.075624022978e+13,1.149236586257e+08,4.704815176454e+08,1.193702003769e+08,9.279062403429e+07,1.347576836206e+08,1.402128098713e+08
368.00000000,2.243645551107e+14,2.551427696699e+07,1.044519108824e+08,2.650145603518e+07,2.060050695699e+07,2.991764150690e+07,3.112873765490e+07
368.50000000,2.235122198804e+14,5.933375416817e+06,2.429041595305e+07,6.162944112647e+06,4.790671610631e+06,6.957383003744e+06,7.239024848874e+06
369.00000000,4.916475846101e+13,4.494223485360e+06,1.839872756676e+07,4.668109466606e+06,3.628684454739e+06,5.269855758920e+06,5.483184807890e+06
369.50000000,1.470605239250e+12,1.575630943878e+07,6.450414532480e+07,1.636593980346e+07,1.272181635346e+07,1.847560207467e+07,1.922351298534e+07
370.00000000,-1.715743971738e+14,6.482150191875e+07,2.653702376298e+08,6.732952705357e+07,5.233759189068e+07,7.600867871769e+07,7.908558630039e+07
370.50000000,-1.216452729059e+14,2.521931180029e+08,1.032443644038e+09,2.619507899619e+08,2.036234938879e+08,2.957177038057e+08,3.076886531831e+08
371.00000000,-6.639640963986e+13,9.188259112092e+08,3.761545832487e+09,9.543764546821e+08,7.418701360472e+08,1.077400884369e+09,1.121015153248e+09
371.50000000,-2.511631792023e+14,3.133655131717e+09,1.282874944792e+10,3.254900236145e+09,2.530147583967e+09,3.674474966332e+09,3.823221399990e+09
372.00000000,3.793500057726e+14,1.000417485158e+10,4.095570418874e+10,1.039124910657e+10,8.077480694930e+09,1.173073886716e+10,1.220561094730e+10
372.50000000,1.194956371477e+14,2.989674349050e+10,1.223931209489e+11,3.105348653671e+10,2.413895917979e+10,3.505645353648e+10,3.647557395179e+10
373.00000000,-8.101498458022e+13,8.363338439215e+10,3.423834751276e+11,8.686926644782e+10,6.752651346520e+10,9.806719768571e+10,1.020370562501e+11
373.50000000,-3.135609768765e+14,2.190025869043e+11,8.965662134947e+11,2.274760756457e+11,1.768250949181e+11,2.567990060400e+11,2.671944874803e+11
374.00000000,6.439529012893e+13,5.368255541383e+11,2.197689356936e+12,5.575960178722e+11,4.334388506849e+11,6.294732435283e+11,6.549549520489e+11
374.50000000,1.251331695496e+14,1.231776801370e+12,5.042723368184e+12,1.279435813097e+12,9.945501233498e+11,1.444362200131e+12,1.502831431286e+12
375.00000000,-4.009929715570e+13,2.645734536543e+12,1.083127020950e+13,2.748101372130e+12,2.136195134332e+12,3.102346912130e+12,3.227933028073e+12
375.50000000,-1.226581234734e+14,5.319568241203e+12,2.177757451571e+13,5.525389104943e+12,4.295077845737e+12,6.237642469046e+12,6.490148495134e+12
376.00000000,-9.977337482541e+13,1.001204521465e+13,4.098792436346e+13,1.039942398308e+13,8.083835311834e+12,1.173996753142e+13,1.221521319714e+13
376.50000000,-1.698918177495e+14,1.763948528763e+13,7.221360603943e+13,1.832197941745e+13,1.424231423187e+13,2.068378439250e+13,2.152108473911e+13
377.00000000,2.251766362542e+14,2.909149586833e+13,1.190965488776e+14,3.021708285878e+13,2.348879340162e+13,3.411223277688e+13,3.549313018839e+13
377.50000000,7.489675114314e+13,4.491211899987e+13,1.838639855398e+14,4.664982602906e+13,3.626253834424e+13,5.266324787012e+13,5.479510898696e+13
378.00000000,-2.391755960792e+13,6.490507523057e+13,2.657123751762e+14,6.741633517486e+13,5.240507087388e+13,7.610667545892e+13,7.918755004804e+13
378.50000000,-2.816515468033e+13,8.780345748504e+13,3.594551759496e+14,9.120068497410e+13,7.089347629796e+13,1.029569601337e+14,1.071247611884e+14
379.00000000,-1.106810539335e+14,1.111892025032e+14,4.551931722768e+14,1.154912542224e+14,8.977538377223e+13,1.303787187579e+14,1.356565801171e+14
379.50000000,-1.034543576599e+14,1.318049736478e+14,5.395912797815e+14,1.369046757836e+14,1.064207839064e+14,1.545524493678e+14,1.608088875983e+14
380.00000000,1.843990286709e+14,1.462578802313e+14,5.987594746085e+14,1.519167837124e+14,1.180902194806e+14,1.714997014414e+14,1.784421814410e+14
380.50000000,1.319450753895e+14,1.519235532913e+14,6.219539542453e+14,1.578016688720e+14,1.226647461599e+14,1.781431810045e+14,1.853545957230e+14
381.00000000,1.425124640432e+12,1.477234109667e+14,6.047591541594e+14,1.534390176967e+14,1.192735050987e+14,1.732181598464e+14,1.802302047665e+14
381.50000000,2.086001340064e+14,1.344596296191e+14,5.504590731075e+14,1.396620437722e+14,1.085641823052e+14,1.576652574147e+14,1.640477052384e+14
382.00000000,5.600339796574e+13,1.145652221880e+14,4.690141285872e+14,1.189978964044e+14,9.250121915914e+13,1.343373866060e+14,1.397754988119e+14
382.50000000,-1.450012548898e+14,9.137594904146e+13,3.740804608504e+14,9.491140077439e+13,7.377794523271e+13,1.071460078237e+14,1.114833857322e+14
383.00000000,2.034824080140e+14,6.822272565018e+13,2.792943758112e+14,7.086234971051e+13,5.508377827476e+13,7.999690042014e+13,8.323525521919e+13
383.50000000,2.296314865488e+14,4.768086409845e+13,1.951988439277e+14,4.952569739838e+13,3.849805355792e+13,5.590983504219e+13,5.817312126543e+13
384.00000000,4.523516210813e+13,3.119441392708e+13,1.277056037197e+14,3.240136549292e+13,2.518671254768e+13,3.657808158215e+13,3.805879902757e+13
384.50000000,-6.701680024150e+13,1.910411586040e+13,7.820960044920e+13,1.984327841065e+13,1.542487304869e+13,2.240118728085e+13,2.330800981965e+13
385.00000000,-1.603520836853e+14,1.095201808494e+13,4.483604291319e+13,1.137576559973e+13,8.842779735089e+12,1.284216500866e+13,1.336202873423e+13
385.50000000,-2.442432540864e+14,5.877303455819e+12,2.406086512232e+13,6.104703804662e+12,4.745399386033e+12,6.891634053218e+12,7.170614314857e+12
386.00000000,-1.422321984056e+14,2.952422107315e+12,1.208680658439e+13,3.066655075237e+12,2.383818048648e+12,3.461963957996e+12,3.602107732800e+12
386.50000000,-1.891929566226e+12,1.388336473241e+12,5.683656948831e+12,1.442052977876e+12,1.120958122590e+12,1.627941621228e+12,1.693842331555e+12
387.00000000,6.152415825310e+13,6.111200178433e+11,2.501840586148e+12,6.347650289074e+11,4.934250169765e+11,7.165897689701e+11,7.455980418546e+11
387.50000000,-1.140389726342e+14,2.518101788324e+11,1.030875944191e+12,2.615530350479e+11,2.033143051074e+11,2.952686749004e+11,3.072214471373e+11
388.00000000,1.269409053033e+14,9.712577897002e+10,3.976194670337e+11,1.008836989376e+11,7.842042109132e+10,1.138881684131e+11,1.184984757475e+11
388.50000000,3.189765327448e+14,3.506789037634e+10,1.435630790229e+11,3.642471167281e+10,2.831419999060e+10,4.112005944658e+10,4.278464071344e+10
389.00000000,8.713222374833e+13,1.185217489975e+10,4.852116005458e+10,1.231075062731e+10,9.569576237889e+09,1.389767480209e+10,1.446026662321e+10
389.50000000,5.173997712776e+14,3.749722322767e+09,1.535084307497e+10,3.894803849970e+09,3.027567002391e+09,4.396865713206e+09,4.574855249155e+09
390.00000000,-3.165557378361e+14,1.110483562861e+09,4.546165674004e+09,1.153449585007e+09,8.966166300043e+08,1.302135647007e+09,1.354847404580e+09
390.50000000,-1.166751203112e+14,3.078480602290e+08,1.260287257757e+09,3.197590936394e+08,2.485599064571e+08,3.609778178567e+08,3.755905621339e+08
391.00000000,-8.787833666651e+13,7.988610128000e+07,3.270426178425e+08,8.297699715140e+07,6.450091665977e+07,9.367319232752e+07,9.746517714597e+07
391.50000000,-4.211839224368e+14,1.940509511721e+07,7.944176777852e+07,2.015590343548e+07,1.566788739441e+07,2.275411113482e+07,2.367522038536e+07
392.00000000,-2.740373849562e+14,4.412342990542e+06,1.806352017841e+07,4.583063379397e+06,3.562575162145e+06,5.173844934765e+06,5.383287369235e+06
392.50000000,-8.275839009284e+13,9.391411955107e+05,3.844713788536e+06,9.754784656909e+05,7.582734658874e+05,1.101222291219e+06,1.145800874550e+06
393.00000000,9.630732322603e+13,1.871112107261e+05,7.660073429927e+05,1.943515816486e+05,1.510762693393e+05,2.194035875529e+05,2.282852649298e+05
393.50000000,-4.799263003347e+14,3.489596016551e+04,1.428592205878e+05,3.624657835664e+04,2.817573074520e+04,4.091802609801e+04,4.257442885220e+04
394.00000000,-2.817521784795e+13,6.091907267764e+03,2.493942336127e+04,6.328042677546e+03,4.919008488812e+03,7.142723456442e+03,7.431868069071e+03
394.50000000,-5.309450308470e+13,9.955418409831e+02,4.075610207910e+03,1.034459533554e+03,8.041215090003e+02,1.167093999013e+03,1.214339135172e+03
395.00000000,4.028079377055e+13,1.522529725374e+02,6.233025509458e+02,1.583707201012e+02,1.231070895462e+02,1.785753119110e+02,1.858042197222e+02
395.50000000,4.149764929405e+13,2.175158572307e+01,8.904797484315e+01,2.260745989247e+01,1.757356781365e+01,2.598657968802e+01,2.703854250910e+01
396.00000000,3.402678198226e+14,2.874388554326e+00,1.176734804229e+01,2.329253901083e+00,1.810610372885e+00,3.977641831494e+00,4.138660764056e+00
396.50000000,4.563338493312e+12,4.518711970899e-01,1.849898002983e+00,5.562337937128e-01,4.323799462899e-01,1.333546767785e+00,1.387530079045e+00
397.00000000,-2.268961576240e+14,1.105595754795e-01,4.526155665757e-01,-8.385205000620e-01,-6.518112579240e-01,2.203432539683e-01,2.292629699845e-01
397.50000000,1.900959066721e+14,-1.982007998512e-02,-8.114065826623e-02,-3.371117440683e-01,-2.620487274263e-01,1.650670727927e-01,1.717491535300e-01
398.00000000,-1.600997499419e+14,-1.336974012587e-01,-5.473386159268e-01,4.578277891452e-01,3.558855235301e-01,-2.722426189443e-01,-2.832632733313e-01
398.50000000,2.714761413681e+14,-7.929212136243e-03,-3.246109464495e-02,-7.278107212612e-01,-5.657526819210e-01,-2.160762028770e-01,-2.248231843834e-01
399.00000000,6.064631089665e+13,-1.424243060723e-01,-5.830653537468e-01,-1.527471935454e+00,-1.187357260339e+00,-1.227147894965e+00,-1.276824073091e+00
399.50000000,-1.787124865135e+14,-2.048938362889e-01,-8.388069454640e-01,-1.274171110284e+00,-9.904576860595e-01,-1.155434606481e+00,-1.202207758732e+00
400.00000000,1.158771775632e+13,-2.393257921007e-01,-9.797665965887e-01,-1.602645585317e+00,-1.245792362733e+00,-1.170007548983e+00,-1.217370628568e+00
400.50000000,-8.486853660322e+13,-2.618612557870e-01,-1.072023659084e+00,-9.792830610326e-01,-7.612309106671e-01,-1.193073836392e+00,-1.241370662437e+00
401.00000000,6.971669954710e+13,-1.592388909557e-01,-6.519019319513e-01,-3.164049840856e-01,-2.459526400070e-01,-1.572110150050e-01,-1.635750746402e-01
401.50000000,9.441228078400e+12,-2.911657779431e-02,-1.191992308035e-01,-4.856855572090e-02,-3.775403391765e-02,-3.743045014881e-01,-3.894567232909e-01
402.00000000,2.367369774923e+14,-7.616577794312e-03,-3.118121301379e-02,2.728825644841e-02,2.121211438585e-02,-5.602249710648e-02,-5.829034400313e-02
402.50000000,1.482845084220e+14,8.207888971561e-02,3.360195895418e-01,3.342958002646e-01,2.598597960014e-01,1.075405195933e-01,1.118938677341e-01
403.00000000,2.781600172158e+14,1.028317212302e-01,4.209788031899e-01,9.156354373347e-01,7.117553907921e-01,2.144481388476e-01,2.231292146885e-01
403.50000000,-7.818317311761e+12,9.320328000992e-02,3.815613003709e-01,8.347892588459e-01,6.489108338669e-01,2.570911871693e-01,2.674984963949e-01
404.00000000,1.840681233966e+14,6.784009176587e-03,2.777279257630e-02,1.350289258846e+00,1.049626980264e+00,6.285779906581e-01,6.540234584441e-01
404.50000000,-2.619202996872e+14,7.424435763889e-02,3.039461019277e-01,4.778441220238e-01,3.714449178582e-01,4.210297929067e-01,4.380735013910e-01
405.00000000,-2.071709673972e+14,-1.067252707507e-01,-4.369184548625e-01,5.227608816964e-01,4.063602832212e-01,2.750858134921e-01,2.862215632473e-01
405.50000000,3.725729699862e+14,-4.775304852844e-02,-1.954943569716e-01,5.325253182870e-01,4.139505206651e-01,1.468580005787e-01,1.528029598016e-01
406.00000000,-1.159396539637e+14,1.414630869709e-02,5.791302560741e-02,3.084985635747e-01,2.398067033263e-01,-1.787481398810e-02,-1.859840439418e-02
406.50000000,-1.895758554109e+14,8.181724330357e-02,3.349484454232e-01,1.402572751323e-01,1.090268764213e-01,3.783659990906e-01,3.936826343917e-01
407.00000000,9.302481695737e+13,5.038653273810e-02,2.062754760420e-01,-4.004385644015e-01,-3.112748756464e-01,2.973190517526e-02,3.093548253018e-02
407.50000000,-1.975035414667e+14,4.519084821429e-02,1.850050642817e-01,-3.860286044974e-01,-3.000735107531e-01,9.251686507937e-02,9.626204061054e-02
408.00000000,1.696360383719e+14,-1.146035672950e-01,-4.691711081365e-01,-1.327882905506e+00,-1.032209739594e+00,-3.900502852183e-01,-4.058399121460e-01
408.50000000,1.332140480634e+14,-1.453896226025e-01,-5.952049483102e-01,-1.228896892568e+00,-9.552644560798e-01,-7.566485305060e-01,-7.872784222529e-01
409.00000000,-5.677558126768e+13,-8.216264674272e-02,-3.363624791931e-01,-8.571519355572e-01,-6.662941231684e-01,-7.666995597718e-01,-7.977363272688e-01
409.50000000,1.804157964477e+14,1.061552837715e-01,4.345850072313e-01,-1.182359183821e+00,-9.190890704132e-01,-8.933610801091e-02,-9.295252330434e-02
410.00000000,-2.111911638504e+14,4.477206824570e-02,1.832906371783e-01,-2.858381644759e-01,-2.221919840194e-01,6.898349661045e-02,7.177601777228e-02
410.50000000,1.576367328763e+14,6.838648623512e-02,2.799647889311e-01,-1.753513041501e-02,-1.363066903293e-02,2.213203021660e-01,2.302795700737e-01
411.00000000,-2.271855359880e+14,1.257618169229e-01,5.148514343810e-01,-1.062211009838e-01,-8.256937003353e-02,9.246588231647e-02,9.620899401424e-02
411.50000000,3.226112600785e+13,2.388024191882e-02,9.776239804806e-02,-3.101451099537e-01,-2.410866213085e-01,-3.782860372230e-01,-3.935994355875e-01
412.00000000,-7.069388389679e+13,5.774271453373e-02,2.363906639561e-01,-4.339356863839e-01,-3.373133579669e-01,-9.167780412946e-02,-9.538901363146e-02
412.50000000,-1.740018770331e+14,1.272185471954e-01,5.208150860569e-01,3.751161153480e-01,2.915908519762e-01,2.527119166460e-01,2.629419486066e-01
413.00000000,7.744578518564e+13,1.704354758288e-01,6.977391973720e-01,4.490581842655e-01,3.490686035052e-01,6.695479161500e-01,6.966518876298e-01
413.50000000,3.608347879649e+14,2.007215685971e-01,8.217262602584e-01,6.096244161293e-01,4.738823409911e-01,7.814449805204e-01,8.130786574451e-01
414.00000000,-3.976668870684e+13,2.701360076420e-01,1.105899345408e+00,4.597093996724e-01,3.573481650810e-01,9.591799490792e-01,9.980085158730e-01
414.50000000,2.960964356584e+14,2.077768231750e-01,8.506094938842e-01,9.723876759363e-02,7.558708871100e-02,6.302875214430e-01,6.558021927507e-01
415.00000000,-3.765983141273e+14,2.675948389447e-01,1.095496153241e+00,4.662549829231e-02,3.624362754517e-02,3.534765302063e-01,3.677856148325e-01
415.50000000,-9.977401411481e+13,2.801574794224e-01,1.146925860825e+00,-6.129384106833e-01,-4.764584246513e-01,7.235160348075e-01,7.528046898829e-01
416.00000000,-9.361507572630e+13,5.117881201689e-02,2.095189575144e-01,1.051154426373e+00,8.170990320162e-01,1.544899366268e-02,1.607438442789e-02
416.50000000,-5.065945512268e+14,8.636218633097e-02,3.535548117599e-01,1.079495573014e+00,8.391295947055e-01,-7.652762325226e-02,-7.962553823044e-02
417.00000000,-2.756273852778e+14,1.052158793293e-01,4.307392157473e-01,2.168419061893e-02,1.685587837547e-02,4.646220748336e-01,4.834304426314e-01
417.50000000,-1.054821116481e+14,2.059361171016e-01,8.430738985393e-01,6.780015931306e-01,5.270343077602e-01,3.680523697787e-01,3.829514990165e-01
418.00000000,1.230715668756e+14,1.582031824021e-01,6.476618847935e-01,5.478469662944e-02,4.258605725486e-02,-7.262970051437e-02,-7.556982366889e-02
418.50000000,-1.013424380311e+14,2.198503632722e-01,9.000368923521e-01,2.049140991534e-01,1.592868829392e-01,1.265356832837e-02,1.316579747108e-02
419.00000000,1.051136262837e+14,1.358914497820e-01,5.563207462502e-01,5.121208545342e-01,3.980894186586e-01,-4.654341077048e-02,-4.842753474080e-02
419.50000000,-1.985280148372e+13,-2.722666018854e-02,-1.114621702712e-01,-2.508962382968e-01,-1.950304049579e-01,-7.318425653044e-01,-7.614682866893e-01
420.00000000,-1.149380255610e+14,-1.503025180070e-01,-6.153176606409e-01,-6.407490646120e-01,-4.980766168358e-01,-1.297912046402e+00,-1.350452828384e+00
420.50000000,-1.079451010130e+14,-1.050216792677e-01,-4.299441876321e-01,-3.621389027752e-02,-2.815032116014e-02,-1.041670332813e+00,-1.083838193112e+00
421.00000000,-4.480308325745e+13,-2.568940374788e-01,-1.051688556320e+00,4.518951254547e-03,3.512738569308e-03,-1.408742767495e+00,-1.465770088277e+00
421.50000000,-1.931031578254e+14,2.303848831742e-02,9.431637556144e-02,1.779949389261e-01,1.383616799314e-01,-5.173906366257e-01,-5.383351287536e-01
422.00000000,4.176691042492e+11,1.045978500124e-01,4.282090894492e-01,5.796107326286e-01,4.505516570113e-01,-1.600203779917e-01,-1.664981634596e-01
422.50000000,-3.651756539296e+14,1.463835384631e-01,5.992739019800e-01,6.049165646185e-01,4.702227636580e-01,1.656583736359e-01,1.723643908247e-01
423.00000000,-2.612236729247e+10,2.928493200231e-01,1.198884495791e+00,1.825754472036e-01,1.419222689237e-01,4.427922389116e-01,4.607169130469e-01
423.50000000,-2.647995721462e+14,1.777617910880e-01,7.277321158285e-01,3.616935234272e-01,2.811570026858e-01,5.967868290654e-01,6.209453587305e-01
424.00000000,2.000065171289e+14,3.877434869998e-01,1.587368052865e+00,5.327635711186e-01,4.141357229086e-01,5.053913664641e-01,5.258501160956e-01
424.50000000,1.400701768753e+13,1.935834030878e-01,7.925036007803e-01,-1.567047371032e-01,-1.218120628015e-01,5.360237630208e-01,5.577225428019e-01
425.00000000,4.441797744575e+13,3.271874405795e-01,1.339459998395e+00,-8.317680586558e-01,-6.465623494873e-01,-2.146717509921e-01,-2.233618788770e-01
425.50000000,-1.539367653267e+14,1.514275793651e-01,6.199235057865e-01,1.980452473958e-01,1.539474846726e-01,4.484318059689e-01,4.665847754375e-01
426.00000000,-3.805912296727e+13,1.038225084739e-01,4.250349487361e-01,-9.582573784722e-02,-7.448869135945e-02,1.373543991815e-01,1.429146430838e-01
426.50000000,-7.569656596300e+13,2.232681774967e-01,9.140289497108e-01,3.735793650794e-01,2.903962823435e-01,4.459208829365e-01,4.639722077212e-01
427.00000000,-8.855561685039e+13,2.538126498429e-01,1.039073782750e+00,5.153035094246e-01,4.005634074132e-01,8.807499379960e-02,9.164035792433e-02
427.50000000,4.128516296520e+14,1.769972459904e-01,7.246021742472e-01,-2.023562076306e-01,-1.572985445611e-01,-5.185425863922e-01,-5.395337106025e-01
428.00000000,-6.701948938834e+13,2.569153542493e-01,1.051775824222e+00,-3.247050057870e-01,-2.524045366340e-01,-1.089543588790e+00,-1.133649406528e+00
428.50000000,-1.525271251886e+14,8.732396040013e-02,3.574921813938e-01,-1.594030919312e+00,-1.239095882104e+00,-4.508323464368e-01,-4.690824921923e-01
429.00000000,8.870313899437e+13,-6.954267939815e-02,-2.846980833680e-01,-1.885422929067e+00,-1.465605063947e+00,-9.565517164765e-01,-9.952738897773e-01
429.50000000,1.634003313710e+14,-1.406100518767e-01,-5.756380487206e-01,-1.643254226604e+00,-1.277358877275e+00,-1.129209640584e+00,-1.174921179900e+00
430.00000000,2.895181570997e+14,3.354379546958e-02,1.373236458780e-01,-9.490009868965e-01,-7.376915972768e-01,-9.081431878307e-01,-9.449057353181e-01
430.50000000,-3.001616470038e+13,2.097917338376e-01,8.588582586538e-01,1.884484953704e-01,1.464875942951e-01,-2.187804026124e-01,-2.276368528376e-01
431.00000000,2.035628360231e+14,2.641550460896e-01,1.081414118417e+00,1.010605189732e+00,7.855786947786e-01,5.074696490575e-01,5.280125296538e-01
431.50000000,1.274266483953e+13,2.862396040013e-01,1.171825235214e+00,1.246006396743e+00,9.685642709774e-01,1.047123480903e+00,1.089512090109e+00
432.00000000,3.628677631105e+14,2.457757523148e-01,1.006171839048e+00,1.166690796544e+00,9.069094859907e-01,1.251120194692e+00,1.301766795566e+00
432.50000000,-1.883741171709e+14,3.969650607639e-01,1.625119896754e+00,7.607493179563e-01,5.913570030372e-01,1.130039971892e+00,1.175785123852e+00
433.00000000,1.631266557051e+14,2.532107204861e-01,1.036609567456e+00,-2.436936797288e-01,-1.894316047377e-01,4.323709594081e-01,4.498737696922e-01
433.50000000,1.526728363729e+14,2.897646174355e-01,1.186256151268e+00,5.000955532821e-01,3.887417321853e-01,-2.773449590774e-01,-2.885721613128e-01
434.00000000,1.844027761858e+14,8.174510685351e-02,3.346531288025e-01,-8.932917803406e-01,-6.943868861809e-01,-7.550570229828e-01,-7.856224889083e-01
434.50000000,3.280048185793e+14,2.514201492229e-01,1.029279217069e+00,-4.314566282242e-02,-3.353862995140e-02,-5.172847583912e-01,-5.382249644619e-01
435.00000000,-8.527461753167e+13,2.966435546875e-01,1.214417566218e+00,-5.298509424603e-01,-4.118716349710e-01,3.283813657407e-01,3.416745729285e-01
435.50000000,1.976656430478e+14,4.905788742146e-01,2.008361864088e+00,3.566988570602e-01,2.772744741521e-01,8.515198826058e-01,8.859902618810e-01
436.00000000,-9.427078561203e+13,4.129775700645e-01,1.690672888776e+00,3.790910218254e-02,2.946806855472e-02,8.185788845486e-01,8.517157791690e-01
436.50000000,4.986969720202e+13,2.943826884921e-01,1.205161893613e+00,5.545309399802e-02,4.310562586359e-02,6.049261636078e-02,6.294141817023e-02
437.00000000,-1.043744708533e+14,4.323982876571e-02,1.770178612802e-01,-6.423081726397e-01,-4.992885659351e-01,-6.661527984458e-01,-6.931193321542e-01
437.50000000,-9.476390747010e+13,3.270753761574e-02,1.339001222195e-01,-7.341063419726e-01,-5.706464876836e-01,-1.355161874277e+00,-1.410020186736e+00
438.00000000,-7.264768361848e+12,-1.908886279555e-01,-7.814715651742e-01,-1.032614089885e+00,-8.026869812106e-01,-1.151175259383e+00,-1.197775988989e+00
438.50000000,2.069821638760e+14,-1.400787424562e-01,-5.734629416498e-01,-1.001181064505e+00,-7.782529932378e-01,-1.080284882399e+00,-1.124015898412e+00
439.00000000,-3.873056081642e+14,-2.835692325976e-02,-1.160893105088e-01,-1.164910714286e-01,-9.055257659074e-02,-3.058352916253e-01,-3.182158111099e-01
439.50000000,-4.636396257641e+14,1.323261512070e-01,5.417249084179e-01,-6.219823469535e-01,-4.834885920431e-01,3.850252046131e-01,4.006114112357e-01
440.00000000,6.647081310838e+13,3.133400865989e-01,1.282770851930e+00,9.785425166377e-01,7.606552596562e-01,1.013149403729e+00,1.054162708200e+00
440.50000000,-6.277933622254e+13,3.730149403729e-01,1.527071425933e+00,8.330497646433e-01,6.475586642965e-01,1.213848684482e+00,1.262986497224e+00
441.00000000,-3.713939188971e+14,2.947960947834e-01,1.206854321627e+00,7.535511028956e-01,5.857615791767e-01,1.085322102865e+00,1.129257030616e+00
441.50000000,2.158671526620e+14,1.736456486132e-01,7.108811994764e-01,2.138964566024e-01,1.662691829635e-01,3.302335030692e-01,3.436016866345e-01
442.00000000,-2.094650009492e+14,1.868361803489e-01,7.648814067772e-01,-4.210825705553e-01,-3.273221823238e-01,3.297342406581e-01,3.430822135800e-01
442.50000000,-1.334337283393e+14,2.408948231854e-01,9.861899922130e-01,3.099045235770e-02,2.408996051189e-02,4.816112377025e-01,5.011073438604e-01
443.00000000,-2.030305254729e+13,2.066963313673e-01,8.461861102956e-01,-4.472310558501e-01,-3.476483128018e-01,1.865354026512e-01,1.940865429228e-01
443.50000000,-1.403060257117e+14,2.729956661810e-01,1.117606390811e+00,9.057568202750e-01,7.040763968836e-01,1.277289651538e-01,1.328995618283e-01
444.00000000,2.927289459268e+14,1.433031293274e-01,5.866631342539e-01,1.104612434831e+00,8.586538082403e-01,4.366508496804e-01,4.543269142173e-01
444.50000000,-2.389114197367e+14,2.317474336170e-01,9.487418481313e-01,1.264040949423e+00,9.825831583721e-01,4.315502398456e-01,4.490198265782e-01
445.00000000,-3.825051353597e+13,2.324639558338e-01,9.516751906999e-01,1.844793246799e+00,1.434022193514e+00,8.089327720360e-01,8.416791823428e-01
445.50000000,1.003674886611e+14,7.509339686802e-02,3.074219507637e-01,1.113329752927e+00,8.654300839227e-01,2.758544763636e-01,2.870213423631e-01
446.00000000,-6.922872900395e+13,7.203627135262e-02,2.949065029498e-01,8.930789304057e-01,6.942214304958e-01,2.829716499773e-02,2.944266263062e-02
446.50000000,1.898146384942e+14,2.318588983445e-03,9.491981692647e-03,-2.899171126431e-01,-2.253626928282e-01,-5.922414076063e-01,-6.162159340498e-01
447.00000000,-1.510372149566e+14,-8.745264576100e-02,-3.580190014116e-01,-6.338125132404e-01,-4.926845932957e-01,-5.308002035151e-01,-5.522875283660e-01
447.50000000,3.097419694698e+14,-2.015902551722e-01,-8.252825426036e-01,-1.451362057318e+00,-1.128194395025e+00,-6.016549524378e-01,-6.260105486217e-01
448.00000000,5.665096416441e+12,-7.220158781829e-02,-2.955832856296e-01,-1.009379897668e+00,-7.846262324812e-01,-4.192931476573e-01,-4.362665549992e-01
448.50000000,1.625224793217e+14,1.429538554843e-01,5.852332555871e-01,-7.939005533854e-03,-6.171266156646e-03,5.892836862393e-02,6.131384811540e-02
449.00000000,-6.389528693805e+14,-8.001130797371e-02,-3.275551966795e-01,-6.182520409640e-01,-4.805888949703e-01,-1.237356869006e+00,-1.287446316645e+00
449.50000000,3.173066991476e+14,-1.633358819548e-01,-6.686744448184e-01,-1.965403684586e-01,-1.527776897385e-01,-9.343602792245e-01,-9.721841208781e-01
450.00000000,-5.920411288162e+13,-2.784198224103e-01,-1.139812134043e+00,-4.630758334367e-01,-3.599650115701e-01,-6.008162615741e-01,-6.251379067103e-01
450.50000000,3.058522430396e+14,-1.084136336392e-01,-4.438303783398e-01,-2.766763483280e-01,-2.150701844834e-01,4.113203900050e-01,4.279710521172e-01
451.00000000,-4.313630850109e+13,2.968558175223e-02,1.215286540821e-01,-7.299260576844e-01,-5.673970067703e-01,2.878407776848e-01,2.994928611890e-01
451.50000000,1.729035794546e+14,6.560191256407e-02,2.685651305630e-01,3.709444224847e-01,2.883480494773e-01,1.439841365431e+00,1.498127588661e+00
452.00000000,5.187918147627e+13,-1.948275824653e-01,-7.975970985747e-01,1.872149718915e+00,1.455287334320e+00,8.961456111524e-01,9.324224846973e-01
452.50000000,2.348173462281e+14,1.614790142402e-01,6.610726859565e-01,1.194330757585e+00,9.283949926344e-01,6.018859643684e-01,6.262509121471e-01
453.00000000,3.080815024141e+12,1.208312768684e-01,4.946664873003e-01,6.081355019221e-01,4.727249559990e-01,3.267492559524e-01,3.399763936983e-01
453.50000000,-3.841116729524e+13,1.841395502646e-01,7.538417772547e-01,4.106733036748e-01,3.192306957841e-01,6.110080475984e-01,6.357422664595e-01
454.00000000,-2.559007015926e+13,2.465078538360e-01,1.009168961127e+00,6.487725487765e-01,5.043135511812e-01,6.254140521660e-01,6.507314405472e-01
454.50000000,3.575614531679e+13,1.218422024843e-01,4.988050765489e-01,1.123344783399e+00,8.732151167393e-01,2.660815972222e-01,2.768528472679e-01
455.00000000,-6.795247801447e+13,-7.882357804233e-03,-3.226927950874e-02,6.248970630787e-01,4.857543026416e-01,-4.828176049934e-01,-5.023625461097e-01
455.50000000,-1.756107014174e+13,-1.880470196759e-01,-7.698384150297e-01,-5.062604631696e-01,-3.935339318614e-01,-6.290433924438e-01,-6.545077001611e-01
456.00000000,-4.855619356149e+13,-2.115831266534e-01,-8.661919723622e-01,-9.308578507358e-01,-7.235883041519e-01,-6.434402488426e-01,-6.694873557530e-01
456.50000000,4.117874210200e+13,-7.750284184855e-03,-3.172858843060e-02,-3.070575086806e-01,-2.386865210490e-01,2.207797309028e-01,2.297171159433e-01
457.00000000,1.647538114786e+13,1.726627139137e-01,7.068572011571e-01,-6.974808149388e-01,-5.421761869024e-01,2.479035373264e-01,2.579389212674e-01
457.50000000,2.736908479509e+13,1.117532965443e-01,4.575024950371e-01,1.452711175182e-01,1.129243111439e-01,3.868337880291e-01,4.024932079231e-01
458.00000000,2.080742414920e+14,3.497103897983e-02,1.431665828396e-01,-1.999455966849e-01,-1.554246925172e-01,5.203696211558e-01,5.414347055665e-01
458.50000000,-3.170695913596e+14,1.335898644180e-01,5.468983750172e-01,-2.851567977017e-01,-2.216623338389e-01,4.272082299934e-01,4.445020478104e-01
459.00000000,4.585758143729e+12,6.754405381944e-02,2.765159874730e-01,-3.773700603505e-01,-2.933429221131e-01,2.216205667163e-01,2.305919896342e-01
459.50000000,1.785841813835e+14,4.243955646495e-02,1.737416574846e-01,-2.954394014550e-01,-2.296553607079e-01,5.483617208168e-01,5.705599535095e-01
460.00000000,9.103773530511e+13,1.665867228836e-01,6.819829366651e-01,5.284732659557e-01,4.108007189285e-01,9.066407025050e-01,9.433424278787e-01
460.50000000,2.928257761269e+13,4.854528873181e-02,1.987376784746e-01,1.468654358879e-01,1.141636304712e-01,8.730982814567e-01,9.084421759695e-01
461.00000000,1.685889673900e+14,9.766683201058e-02,3.998344631336e-01,1.189580532821e+00,9.247024770920e-01,8.764461288856e-01,9.119255476216e-01
461.50000000,9.405296213661e+13,2.634406622024e-01,1.078489529873e+00,8.056736162781e-01,6.262782284554e-01,9.223268849206e-01,9.596636026983e-01
462.00000000,2.716239702208e+13,3.951795014881e-02,1.617810064749e-01,8.963666552993e-01,6.967770938319e-01,5.371366412450e-01,5.588804714533e-01
462.50000000,1.352327973265e+14,-1.258063409392e-01,-5.150337095275e-01,9.443073123347e-02,7.340430401810e-02,3.579388020833e-01,3.724285239526e-01
463.00000000,7.366632994858e+13,-9.097115782077e-02,-3.724233017405e-01,1.082276000331e+00,8.412909179254e-01,7.975371403770e-01,8.298222440797e-01
463.50000000,-3.527384996414e+13,-1.317736725984e-01,-5.394631376270e-01,-1.727609178654e-01,-1.342930926383e-01,-1.926077267278e-01,-2.004046807712e-01
464.00000000,-7.202045745873e+12,-1.547913463128e-01,-6.336943010910e-01,6.098238751447e-01,4.740373874470e-01,1.567247204654e-01,1.630690944097e-01
464.50000000,2.001761943335e+14,5.153955724000e-02,2.109957984197e-01,6.634901814133e-01,5.157540808307e-01,2.516765123801e-01,2.618646301371e-01
465.00000000,-6.636125024196e+12,-2.965293795470e-02,-1.213950149030e-01,7.496045658172e-01,5.826937981298e-01,2.410799476583e-01,2.508391058426e-01
465.50000000,2.236247650500e+13,1.303802474088e-01,5.337586481791e-01,1.334703409508e+00,1.037511555463e+00,7.928756994823e-01,8.249721033802e-01
466.00000000,1.133834289944e+14,1.626874868201e-01,6.660200050743e-01,1.240930805509e+00,9.646188367197e-01,7.190603531530e-01,7.481686377641e-01
466.50000000,1.903561004806e+14,1.508450071950e-01,6.175385361295e-01,6.564703764739e-01,5.102973413860e-01,6.815996490963e-01,7.091914868186e-01
467.00000000,1.683995000889e+14,-2.999556590893e-02,-1.227976862225e-01,-3.559605241402e-01,-2.767005421978e-01,-3.969837652943e-01,-4.130540664527e-01
467.50000000,1.256801720336e+13,-4.171837797619e-02,-1.707892527845e-01,-2.851957671958e-01,-2.216926261871e-01,-5.297936507937e-01,-5.512402293804e-01
468.00000000,-4.599197126770e+13,-1.316474867725e-01,-5.389465503587e-01,-4.486679894180e-01,-3.487652914283e-01,-5.989861111111e-01,-6.232336699202e-01
468.50000000,-7.031283744149e+13,-7.957539682540e-02,-3.257706369024e-01,-7.145132275132e-01,-5.554160758076e-01,-4.599232804233e-01,-4.785414363085e-01
469.00000000,-1.253809522423e+14,-1.663862433862e-01,-6.811622014109e-01,-8.486243386243e-02,-6.596653243692e-02,-8.068888888889e-01,-8.395525607551e-01
469.50000000,-1.161393629224e+14,-1.275304232804e-01,-5.220918634896e-01,9.350687830688e-01,7.268616088604e-01,-5.099153439153e-01,-5.305572286935e-01
470.00000000,3.315399255758e+14,-2.552162698413e-01,-1.044820008331e+00,3.120714285714e-01,2.425840160190e-01,5.673809523810e-02,5.903491026516e-02
470.50000000,4.558846284389e+13,-1.420370370370e-02,-5.814799280337e-02,2.696759259259e-01,2.096285117616e-01,-4.824576719577e-01,-5.019880426235e-01
471.00000000,1.019607841962e+13,-2.138979001323e-01,-8.756683339082e-01,3.266230158730e-01,2.538954728326e-01,2.130357142857e-02,2.216596137631e-02
471.50000000,-5.703506278262e+13,-3.741327091601e-01,-1.531647416305e+00,1.651906415344e-01,1.284084525636e-01,-4.343147321429e-01,-4.518962282977e-01
472.00000000,1.304977480633e+14,-5.259297766307e-01,-2.153083555145e+00,-7.684904100529e-01,-5.973744241698e-01,-6.800548631779e-01,-7.075841664162e-01
472.50000000,2.983235874417e+14,-3.231288752480e-01,-1.322844794882e+00,1.040242073826e-01,8.086164794252e-02,-5.845314980159e-01,-6.081939195829e-01
473.00000000,2.623603293089e+14,-5.088844659392e-01,-2.083302417486e+00,-6.746402219742e-01,-5.244213966130e-01,-5.803739304315e-01,-6.038680494910e-01
473.50000000,1.488492579942e+14,-1.782865978423e-01,-7.298806018860e-01,-8.134699177414e-01,-6.323385657561e-01,-4.536495639054e-01,-4.720137534508e-01
474.00000000,-1.280540632925e+14,-1.726216672867e-01,-7.066891619597e-01,-7.933486069775e-01,-6.166975684530e-01,-5.088053075397e-01,-5.294022569315e-01
474.50000000,7.774006615027e+13,-1.079574601108e-01,-4.419628671890e-01,-8.425710978836e-02,-6.549599290193e-02,-1.315648303158e-01,-1.368907066610e-01
475.00000000,1.483883711961e+14,5.671756934110e-02,2.321938617328e-01,3.693924515336e-01,2.871416482768e-01,-1.606773416832e-03,-1.671817217005e-03
475.50000000,3.471990315056e+14,1.309132151124e-01,5.359405440314e-01,6.154942930514e-01,4.784452012434e-01,7.106559761491e-02,7.394240431461e-02
476.00000000,4.548761644768e+14,2.594371667287e-01,1.062099774718e+00,-1.956237056672e-01,-1.520651357495e-01,-4.085351769180e-01,-4.250730908097e-01
476.50000000,-1.749842461113e+14,-9.830881334739e-02,-4.024626456789e-01,-9.736272657283e-01,-7.568344635301e-01,-1.025239624669e+00,-1.066742353416e+00
477.00000000,-9.435514289713e+13,-2.914098927331e-02,-1.192991680125e-01,-1.019359141193e+00,-7.923834468548e-01,-9.860894588087e-01,-1.026007349558e+00
477.50000000,-5.049363642792e+14,-2.701095790964e-02,-1.105791150608e-01,-6.832707429109e-01,-5.311302018334e-01,-5.653202853733e-01,-5.882050177757e-01
478.00000000,2.220119173252e+14,-4.563445043816e-02,-1.868211102554e-01,-6.863197932168e-01,-5.335003350802e-01,-4.721648982618e-01,-4.912786071205e-01
478.50000000,1.551392876700e+14,-1.234677928137e-01,-5.054600178762e-01,-7.458835797991e-01,-5.798013457962e-01,-1.398069054336e-01,-1.454664292498e-01
479.00000000,4.472028213088e+12,-1.188503114408e-01,-4.865566896143e-01,1.048086079592e-01,8.147138989461e-02,-1.741234912368e-01,-1.811721848801e-01
479.50000000,5.193666135440e+12,-1.352714792080e-01,-5.537826727150e-01,2.451835679150e-01,1.905897468376e-01,1.446764465009e-01,1.505330942257e-01
480.00000000,2.068733525310e+14,-2.790784466456e-01,-1.142508450306e+00,-4.230849008712e-01,-3.288786635808e-01,-8.272606356182e-02,-8.607489762333e-02
480.50000000,1.419461431127e+14,-2.389912926406e-01,-9.783972021969e-01,1.687662137148e-01,1.311878696446e-01,6.449413997913e-02,6.710492747983e-02
481.00000000,-3.282783291000e+13,-2.630925468970e-01,-1.077064394099e+00,-6.483432739904e-01,-5.039798609038e-01,1.808698020007e-01,1.881915930730e-01
481.50000000,1.088764652355e+14,-1.197394625548e-01,-4.901967509431e-01,-4.431594680705e-01,-3.444833254794e-01,8.219352375010e-02,8.552080006568e-02
482.00000000,7.431379500994e+13,-1.928650420658e-01,-7.895627303983e-01,-1.004181615113e+00,-7.805854259765e-01,-7.519784865606e-01,-7.824193302427e-01
482.50000000,2.267972889409e+14,3.985811118474e-02,1.631735785732e-01,-7.852542671325e-01,-6.104055555135e-01,-2.916661055630e-01,-3.034730421782e-01
483.00000000,4.109274671255e+14,1.125754547119e-01,4.608682965358e-01,-2.868448558182e-01,-2.229745203439e-01,9.581405397446e-04,9.969270302055e-04
483.50000000,1.239452232675e+14,1.887820146349e-01,7.728473824424e-01,1.373581785979e-01,1.067733074760e-01,4.479672104770e-01,4.661013726539e-01
484.00000000,6.698678280618e+13,3.881915721994e-01,1.589202451519e+00,6.272675865214e-01,4.875969932699e-01,7.030117582089e-01,7.314703795934e-01
484.50000000,3.361651171902e+14,2.739185657400e-01,1.121384613593e+00,7.630282247230e-01,5.931284768249e-01,6.679133978950e-01,6.949512024357e-01
485.00000000,4.591228229857e+13,3.779993282903e-01,1.547476818696e+00,4.336107184193e-01,3.370607490232e-01,3.934620949074e-01,4.093898353148e-01
485.50000000,6.902220405997e+13,2.513813657407e-01,1.029120442873e+00,2.157336309524e-01,1.676972827226e-01,3.980776289683e-01,4.141922108257e-01
486.00000000,-4.118403174140e+13,1.642311507937e-01,6.723395512643e-01,2.649451058201e-01,2.059510801377e-01,3.444708994709e-02,3.584154271286e-02
486.50000000,-1.407546385375e+14,-4.905456349206e-02,-2.008225787029e-01,-8.208439153439e-01,-6.380706315230e-01,-1.888359788360e-01,-1.964802487400e-01
487.00000000,-1.200406182352e+14,-1.526349206349e-01,-6.248661934780e-01,-2.559100529101e+00,-1.989278180919e+00,-1.890256613757e+00,-1.966776098192e+00
487.50000000,1.524712637755e+14,-3.055886243386e-01,-1.251037440622e+00,-4.015724867725e+00,-3.121563130913e+00,-2.706275132275e+00,-2.815827865145e+00
488.00000000,2.930526229737e+14,-4.367870370370e-01,-1.788145544011e+00,-4.542619047619e+00,-3.531136371119e+00,-2.329550264550e+00,-2.423852796764e+00
488.50000000,1.888573774170e+14,-6.046554232804e-01,-2.475375432695e+00,-2.040206349206e+00,-1.585923619998e+00,-1.544582010582e+00,-1.607108240226e+00
489.00000000,-2.680038536053e+14,-3.681623677249e-01,-1.507205666601e+00,-1.910162698413e+00,-1.484836150338e+00,-1.144548280423e+00,-1.190880743271e+00
489.50000000,1.157903048277e+14,-2.197801752646e-01,-8.997495523843e-01,-8.317361111111e-01,-6.465375155456e-01,-3.884495701058e-01,-4.041743984796e-01
490.00000000,3.257065416181e+14,-1.140711392196e-01,-4.669914214476e-01,-6.096079695767e-01,-4.738695565116e-01,-3.111887400794e-01,-3.237859725291e-01
490.50000000,-8.304587474456e+13,-6.455704106729e-02,-2.642875715866e-01,2.928207775298e-01,2.276198129131e-01,-4.066497056749e-01,-4.231112937988e-01
491.00000000,4.968804455490e+13,-1.194478753307e-01,-4.890030332931e-01,1.056057529349e-01,8.209103851293e-02,-3.265736762153e-01,-3.397937063172e-01
491.50000000,2.172625566304e+14,-4.178609664352e-02,-1.710664836155e-01,6.551091941551e-01,5.092392468499e-01,-1.692867993552e-01,-1.761396988579e-01
492.00000000,2.225880479675e+14,5.430811838624e-02,2.223299037324e-01,2.217010995370e-01,1.723360043811e-01,-3.455094659392e-02,-3.594960358096e-02
492.50000000,1.485791665017e+14,-6.185019841270e-03,-2.532061332180e-02,3.965152116402e-01,3.082251165786e-01,9.625823619378e-02,1.001548661818e-01
493.00000000,2.715793412392e+14,1.804748263889e-01,7.388389060323e-01,-1.485087218915e-01,-1.154410140499e-01,1.113816964286e-01,1.158905392620e-01
493.50000000,1.098223968968e+14,2.488206018519e-01,1.018637030709e+00,7.589954323743e-01,5.899936465452e-01,2.253987888558e-01,2.345231579971e-01
494.00000000,-4.220436844900e+12,2.429153749173e-01,9.944618507381e-01,-1.202987412549e-01,-9.351241127462e-02,4.185813324136e-01,4.355259247603e-01
494.50000000,4.241683825010e+14,1.690693969727e-01,6.921466600203e-01,-3.502014302249e-01,-2.722237974441e-01,-1.239812127976e-01,-1.290000966962e-01
495.00000000,1.682557726087e+14,1.801830357143e-01,7.376443554840e-01,4.201378968254e-01,3.265878544544e-01,1.075691137566e-01,1.119236194179e-01
495.50000000,1.331576188629e+14,1.361600529101e-01,5.574203701994e-01,1.619113756614e-01,1.258593647195e-01,-1.729080687831e-01,-1.799075609059e-01
496.00000000,3.260940350851e+14,1.068055555556e-01,4.372471297177e-01,-1.466402116402e-02,-1.139885558008e-02,-2.956084656085e-02,-3.075749929141e-02
496.50000000,1.357582729310e+14,-1.694986772487e-01,-6.939040739260e-01,-1.739455026455e+00,-1.352139117424e+00,-8.255634920635e-01,-8.589831306046e-01
497.00000000,-1.118644264875e+14,-2.729080687831e-01,-1.117247779214e+00,-2.301211640212e+00,-1.788812144539e+00,-1.740537037037e+00,-1.810995722776e+00
497.50000000,2.947543550864e+14,-6.273353174603e-01,-2.568223773597e+00,-1.653179894180e+00,-1.285074445193e+00,-1.431837301587e+00,-1.489799512282e+00
498.00000000,1.993624618735e+14,-3.360426587302e-01,-1.375712033219e+00,-1.285101851852e+00,-9.989545330782e-01,-1.152071428571e+00,-1.198708436005e+00
498.50000000,5.484479639739e+13,-2.457535548942e-01,-1.006080965887e+00,-9.737749669312e-01,-7.569492768315e-01,-5.025370370370e-01,-5.228802405492e-01
499.00000000,3.690569008471e+14,-3.542132071036e-01,-1.450099737870e+00,-1.663269097222e+00,-1.292917134937e+00,-6.342680224868e-01,-6.599438284707e-01
499.50000000,-1.417794773475e+14,-3.672736493469e-01,-1.503567376833e+00,-1.266383158689e+00,-9.844038394024e-01,-3.183529847160e-01,-3.312402329773e-01
500.00000000,2.401228837986e+14,-2.350383527612e-01,-9.622144146328e-01,-1.537965972016e+00,-1.195514641311e+00,-6.663705948247e-01,-6.933459451491e-01
500.50000000,2.860625163618e+14,-2.776710590278e-01,-1.136746800614e+00,-1.412288486690e+00,-1.097821144495e+00,-1.018763517072e+00,-1.060004086485e+00
501.00000000,2.458291356284e+14,-1.110714843750e-01,-4.547112505883e-01,-9.905195558449e-01,-7.699654303572e-01,-7.824935966435e-01,-8.141697226010e-01
501.50000000,3.342426337368e+13,9.042390263310e-02,3.701829149105e-01,-2.887689120370e-01,-2.244701564127e-01,-1.368598965567e-01,-1.424001224965e-01
502.00000000,2.871522714179e+13,3.326626070602e-01,1.361874570521e+00,-1.151005338542e-01,-8.947166318970e-02,1.659940190972e-01,1.727136235511e-01
502.50000000,1.811354502744e+13,3.436976663773e-01,1.407050572720e+00,4.335654629630e-01,3.370255703771e-01,3.560974030671e-01,3.705125832566e-01
503.00000000,2.087703862833e+14,3.065691807726e-01,1.255051702652e+00,7.030130938947e-01,5.464766204698e-01,3.604118410012e-01,3.750016739673e-01
503.50000000,2.072398258381e+14,2.573535018808e-01,1.053569539851e+00,3.348980121528e-01,2.603279163257e-01,-1.042434874132e-01,-1.084633683831e-01
504.00000000,1.534362025193e+14,2.043742672164e-01,8.366799017496e-01,1.709237091652e+00,1.328649661777e+00,4.991017552807e-01,5.193058951403e-01
504.50000000,1.122650373467e+14,9.086469726563e-02,3.719874669946e-01,2.047807814308e+00,1.591832504193e+00,4.413420229311e-01,4.592079908683e-01
505.00000000,9.312862937189e+13,1.989329678458e-01,8.144039768750e-01,1.718878980396e+00,1.336144638501e+00,5.316608930122e-01,5.531830594375e-01
505.50000000,1.227890428738e+14,5.577687934028e-02,2.283428073501e-01,1.221518410012e-01,9.495289040018e-02,-1.437633687789e-01,-1.495830542013e-01
506.00000000,1.064064044807e+14,-5.811696035880e-02,-2.379227744533e-01,-8.586525712529e-01,-6.674606196827e-01,-9.740550419560e-01,-1.013485767435e+00
506.50000000,-1.085925413372e+13,-1.585943778935e-01,-6.492633848736e-01,-9.169265096933e-01,-7.127589864086e-01,-6.549968999566e-01,-6.815118317002e-01
507.00000000,-8.946690940419e+13,-4.136463505498e-02,-1.693410783318e-01,-1.394240801143e+00,-1.083792048465e+00,-6.528306470631e-01,-6.792578867159e-01
507.50000000,1.149876105123e+14,-4.307010199653e-02,-1.763230234296e-01,-1.260600650318e+00,-9.799088937754e-01,-4.057196498843e-01,-4.221435884165e-01
508.00000000,1.074492607748e+14,-1.300972800926e-02,-5.326002192365e-02,-1.079951688368e+00,-8.394841490938e-01,-6.620666030093e-01,-6.888677234263e-01
508.50000000,3.041057700169e+14,-5.130123697917e-03,-2.100201483287e-02,-5.595321918403e-01,-4.349439063033e-01,2.898513997396e-01,3.015848752421e-01
509.00000000,-3.397261595988e+13,-2.972641565394e-02,-1.216958224118e-01,-2.561200021701e-01,-1.990910189812e-01,5.503562702546e-01,5.726352443100e-01
509.50000000,-2.932682255956e+14,-2.259438657407e-02,-9.249828462440e-02,-4.148255960648e-01,-3.224584176178e-01,5.271714120370e-01,5.485118397677e-01
510.00000000,1.641705011338e+14,-4.357542245370e-02,-1.783917352895e-01,-9.233631076389e-01,-7.177623786970e-01,2.174340625000e-01,2.262360115265e-01
510.50000000,-2.071689910610e+14,3.388494791667e-02,1.387202766760e-01,-6.712450925926e-01,-5.217822440187e-01,3.181085879630e-01,3.309859427985e-01
511.00000000,2.354924551360e+14,1.633982754630e-01,6.689298751865e-01,-2.984405671296e-01,-2.319882715592e-01,4.862841319444e-01,5.059694015501e-01
511.50000000,2.383063903738e+14,2.534471064815e-02,1.037577298932e-01,1.405347222222e-01,1.092425457301e-01,5.378132870370e-01,5.595845085459e-01
512.00000000,8.849482521772e+13,6.404731481481e-02,2.622008230118e-01,-2.810236111111e-02,-2.184494636102e-02,3.810327430556e-01,3.964573308282e-01
512.50000000,4.834089865811e+12,1.096331481481e-01,4.488229015836e-01,-2.768429398148e-01,-2.151996818619e-01,-8.659950231481e-02,-9.010513706371e-02
513.00000000,6.706622707437e+13,8.520208333333e-02,3.488055110025e-01,-5.024770833333e-01,-3.905929786347e-01,5.522615740741e-03,5.746176767398e-03
513.50000000,3.065344787934e+13,1.524143634259e-01,6.239632628573e-01,1.123497337963e-01,8.733337027273e-02,4.157896759259e-01,4.326212592168e-01
514.00000000,2.820068907748e+14,2.439969444444e-01,9.988896463604e-01,8.608961574074e-01,6.692046375254e-01,1.004527754630e+00,1.045192046095e+00
514.50000000,7.534667129144e+13,2.154127314815e-01,8.818698433335e-01,1.217910625000e+00,9.467244467625e-01,9.191741319444e-01,9.563832231182e-01
515.00000000,-3.637568287288e+13,8.513550925926e-02,3.485329659776e-01,8.159187268519e-01,6.342421105670e-01,5.080498495370e-01,5.286162172309e-01
515.50000000,1.475270853847e+14,-1.044373379630e-01,-4.275519753830e-01,5.134915856481e-01,3.991549358065e-01,1.504387384259e-01,1.565286495098e-01
516.00000000,1.923364392398e+14,-2.304611805556e-01,-9.434761065106e-01,4.924510416667e-02,3.827993864324e-02,-8.408903819444e-01,-8.749304683671e-01
516.50000000,9.997087202803e+13,-7.128469907407e-02,-2.918296702901e-01,-1.016376388889e-01,-7.900648493590e-02,-3.168971643519e-01,-3.297254795440e-01
517.00000000,4.890726929722e+14,-3.039399189815e-01,-1.244287869578e+00,-9.150302083333e-01,-7.112849251605e-01,-6.786814120370e-01,-7.061551165950e-01
517.50000000,-1.976670245019e+14,-8.666192708333e-02,-3.547819088238e-01,-6.008676736111e-01,-4.670754193289e-01,1.949232060185e-01,2.028138929869e-01
518.00000000,5.004062776582e+14,-2.082160995370e-01,-8.524078303794e-01,-3.019745717593e-01,-2.347353767319e-01,9.652188657407e-02,1.004291893940e-01
518.50000000,1.678215250958e+14,-1.661230381944e-01,-6.800846758642e-01,8.391260011574e-01,6.522819350638e-01,7.741123668981e-01,8.054492122657e-01
519.00000000,-3.475676967037e+14,-9.923950231481e-02,-4.062727572181e-01,2.630455266204e-01,2.044744709104e-01,8.970881886574e-01,9.334032186855e-01
519.50000000,1.854245450479e+14,-1.126536140046e-01,-4.611882698389e-01,9.669286458333e-02,7.516273924331e-02,3.314439699074e-01,3.448611543849e-01
520.00000000,1.800261099075e+14,-1.912856192130e-01,-7.830967923165e-01,-2.666968865741e-01,-2.073128004734e-01,2.662709866898e-01,2.770499034112e-01
520.50000000,2.562690797650e+14,-3.787798032407e-02,-1.550671974885e-01,-4.807337181713e-01,-3.736911018210e-01,2.077922424769e-01,2.162038809541e-01
521.00000000,-1.257633467975e+14,-8.004781684028e-02,-3.277046589152e-01,-8.878936733218e-01,-6.901907491442e-01,3.547506944444e-02,3.691113585175e-02
521.50000000,2.036696621213e+14,-8.049734809028e-02,-3.295449774993e-01,-3.519943344907e-01,-2.736174845213e-01,3.384825231481e-02,3.521846353234e-02
522.00000000,-1.097738724998e+14,4.657842303241e-02,1.906856031202e-01,4.512564279514e-01,3.507773750642e-01,5.667907479745e-01,5.897350061786e-01
522.50000000,-4.287823425085e+13,-6.437076750579e-02,-2.635249934634e-01,7.269677358218e-01,5.650973999098e-01,5.485549016204e-01,5.707609544659e-01
523.00000000,1.540997891713e+14,1.210665060764e-01,4.956294830498e-01,1.234828624132e+00,9.598753981047e-01,-2.201935908565e-02,-2.291072483598e-02
523.50000000,1.159815812006e+14,4.645148835359e-02,1.901659501519e-01,1.256794704861e+00,9.769503995038e-01,8.380526150174e-02,8.719778257874e-02
524.00000000,2.512782714031e+14,-1.788279300492e-01,-7.320967408544e-01,-1.627725913990e+00,-1.265288177778e+00,-1.317586700666e-01,-1.370923932394e-01
524.50000000,1.934641481085e+14,-1.114455107060e-01,-4.562424625073e-01,-5.928003683811e-01,-4.608044213394e-01,-3.228793451606e-01,-3.359498250345e-01
525.00000000,8.877748268673e+13,2.293348162616e-02,9.388649273262e-02,-7.253167127821e-01,-5.638140020629e-01,-2.856252558955e-01,-2.971876528547e-01
525.50000000,5.416777940662e+14,4.404952953197e-02,1.803326639058e-01,-6.372939551685e-01,-4.953908396456e-01,1.628166758898e-01,1.694076583024e-01
526.00000000,2.593752220869e+14,-1.305528837529e-01,-5.344653974261e-01,-1.214981164822e+00,-9.444472750971e-01,-4.738953913484e-01,-4.930791523036e-01
526.50000000,-1.035869018482e+14,-1.333939569770e-01,-5.460963571276e-01,-6.230122073477e-01,-4.842891384805e-01,-1.852779413520e-01,-1.927781783285e-01
527.00000000,1.304841972790e+14,-1.702162551541e-01,-6.968417383373e-01,-1.055981251582e+00,-8.208510917588e-01,-2.485576955838e-01,-2.586195605074e-01
527.50000000,2.065802974806e+14,-1.583014796730e-01,-6.480643001861e-01,-5.697749938513e-01,-4.429059938885e-01,2.246232712131e-01,2.337162466220e-01
528.00000000,4.887209499862e+13,-1.032983946398e-01,-4.228892993978e-01,-3.466782056568e-01,-2.694850719896e-01,2.544722672526e-01,2.647735599721e-01
528.50000000,2.635998777320e+14,1.492056748228e-01,6.108273367850e-01,2.760124683521e-01,2.145541274018e-01,5.675943733724e-01,5.905711631389e-01
529.00000000,1.131871315618e+14,1.072117243562e-01,4.389099284488e-01,6.875628606047e-01,5.344666147571e-01,5.663845992477e-01,5.893124161437e-01
529.50000000,4.018506833621e+14,1.060883615451e-01,4.343110369192e-01,6.690607103588e-01,5.200842474504e-01,6.391202390770e-01,6.649924676573e-01
530.00000000,-7.638832841328e+13,6.499069299769e-02,2.660628824389e-01,1.160411375145e+00,9.020282725186e-01,2.236569169560e-01,2.327107733750e-01
530.50000000,4.221676573138e+14,-3.714091435185e-04,-1.520497516348e-03,8.727722779225e-01,6.784363606039e-01,-2.691246050347e-01,-2.800190390900e-01
531.00000000,2.151928072802e+14,-8.631148726852e-03,-3.533472568306e-02,3.131723763021e-01,2.434398211247e-01,-3.001824001736e-01,-3.123340849400e-01
531.50000000,3.634614268559e+14,6.456952835648e-02,2.643386928165e-01,4.194973234954e-01,3.260899144422e-01,1.904406365741e-01,1.981498646335e-01
532.00000000,-3.137055260006e+13,5.938486979167e-02,2.431134198029e-01,1.413046498843e-01,1.098410373804e-01,-1.524795326968e-01,-1.586520571805e-01
532.50000000,-2.746818981809e+14,-5.106754050926e-02,-2.090634273963e-01,1.476691840278e-02,1.147884119597e-02,-9.156278501157e-01,-9.526933842426e-01
533.00000000,2.258753619953e+14,-2.470553009259e-01,-1.011410133579e+00,2.493996571181e-01,1.938670601612e-01,-1.228966692708e+00,-1.278716497592e+00
533.50000000,7.386289693415e+13,-3.516569010417e-01,-1.439634575431e+00,-1.456056105324e-01,-1.131843242412e-01,-1.784849681713e+00,-1.857102187773e+00
534.00000000,1.516877752144e+14,-2.149821209491e-01,-8.801069835427e-01,-3.905469328704e-02,-3.035857651349e-02,-8.551422395833e-01,-8.897592555037e-01
534.50000000,2.010702667864e+14,6.848436631944e-02,2.803654964197e-01,5.166208912037e-01,4.015874542607e-01,-4.530491203704e-01,-4.713890033590e-01
535.00000000,5.627246034236e+13,2.921390625000e-02,1.195976800009e-01,4.141528993056e-01,3.219355069426e-01,-5.416147280093e-01,-5.635398356631e-01
535.50000000,1.702973070600e+13,2.998423668981e-01,1.227513059709e+00,1.223809091435e+00,9.513095306414e-01,2.870621296296e-01,2.986826926793e-01
536.00000000,-1.354589280671e+13,3.616147164352e-01,1.480400490429e+00,2.614875868056e-01,2.032634299038e-01,2.806223495370e-01,2.919822238268e-01
536.50000000,-2.842156109598e+14,3.369031250000e-01,1.379234662775e+00,1.520542442130e+00,1.181970723266e+00,6.726731597222e-01,6.999036441977e-01
537.00000000,6.907218400039e+13,3.865629108796e-01,1.582534937984e+00,1.439072031250e+00,1.118640928711e+00,1.221962175926e+00,1.271428430942e+00
537.50000000,7.037207340173e+13,2.136467129630e-01,8.746400084786e-01,8.847067245370e-01,6.877134225957e-01,1.137337430556e+00,1.183377990965e+00
538.00000000,2.559495534048e+13,1.048664004630e-01,4.293084977439e-01,3.633799537037e-01,2.824679238140e-01,5.238751736111e-01,5.450821663028e-01
538.50000000,2.251620483461e+14,-4.558341435185e-02,-1.866121755971e-01,1.750515972222e-01,1.360737176713e-01,2.744194212963e-01,2.855281948268e-01
539.00000000,2.657739866755e+14,-5.742030092593e-02,-2.350707473669e-01,-5.724045138889e-01,-4.449500116117e-01,2.903095023148e-01,3.020615222693e-01
539.50000000,1.402972659919e+14,-1.594618055556e-02,-6.528145134032e-02,-2.284421296296e-03,-1.775760424053e-03,3.052868055556e-01,3.176451217736e-01
540.00000000,5.303596938770e+14,1.170804745370e-01,4.793112228200e-01,7.516980671296e-01,5.843211497853e-01,4.997367013889e-01,5.199665445041e-01
540.50000000,3.389536668539e+14,1.639668981481e-02,6.712577375874e-02,-1.006556018519e-01,-7.824311326354e-02,-1.056699421296e-01,-1.099475674178e-01
541.00000000,1.408460369500e+14,8.105750000000e-02,3.318381617205e-01,1.239048819444e+00,9.631559032505e-01,5.327793402778e-01,5.543467825707e-01
541.50000000,2.745324803909e+14,6.009222222222e-02,2.460092225386e-01,7.944386689815e-01,6.175449117034e-01,8.517870601852e-01,8.862682550769e-01
542.00000000,1.422955853284e+14,7.601550925926e-02,3.111969509896e-01,1.144308831019e+00,8.895112028204e-01,1.415638831019e+00,1.472945311371e+00
542.50000000,2.732071155800e+14,2.921732060185e-01,1.196116578838e+00,1.550497013889e+00,1.205255457625e+00,1.333889606481e+00,1.387886796196e+00
543.00000000,4.107300991365e+14,3.144031018519e-01,1.287122688927e+00,1.993827986111e+00,1.549872099269e+00,1.060625138889e+00,1.103560308758e+00
543.50000000,-5.137532117916e+13,2.247212500000e-01,9.199776269874e-01,6.007152372685e-01,4.669569252381e-01,3.568687557870e-01,3.713151611086e-01
544.00000000,2.619583589949e+14,1.487268113426e-01,6.088669361191e-01,3.645366724537e-01,2.833670816800e-01,-1.939681018519e-01,-2.018201252452e-01
544.50000000,2.752496418029e+14,2.196331481481e-01,8.991476437635e-01,1.752229745370e-02,1.362069352410e-02,2.494198090278e-01,2.595165731687e-01
545.00000000,3.496285478671e+13,3.477921875000e-02,1.423812974256e-01,1.359290914352e-01,1.056624281342e-01,-4.028074884259e-01,-4.191135397403e-01
545.50000000,-1.943199401118e+14,1.053392216435e-01,4.312441620732e-01,-4.162579716435e-01,-3.235718531601e-01,1.979581655093e-01,2.059717106832e-01
546.00000000,1.409810641822e+14,2.143852922454e-01,8.776636496143e-01,3.558264236111e-01,2.765963011750e-01,5.631764728009e-01,5.859744215193e-01
546.50000000,7.938282653528e+12,1.121167910880e-01,4.589905912794e-01,3.462335648148e-01,2.691394371405e-01,9.158673553241e-01,9.529425848621e-01
547.00000000,3.091612307537e+13,1.068680179398e-01,4.375028420548e-01,1.321915972222e-01,1.027571434044e-01,6.942184114583e-01,7.223210693429e-01
547.50000000,3.144834549870e+14,1.283672887731e-01,5.255178747374e-01,1.014934346065e-01,7.889438991293e-02,8.163074088542e-01,8.493523518592e-01
548.00000000,2.374171104297e+14,-6.209385416667e-02,-2.542036260779e-01,6.024632957176e-01,4.683157520963e-01,-2.284341160301e-01,-2.376813582611e-01
548.50000000,5.588675095439e+14,-8.727873553241e-02,-3.573070370584e-01,-1.535403327546e-01,-1.193522608302e-01,-4.998991796875e-01,-5.201356000873e-01
549.00000000,3.915661268694e+14,-1.265497663484e-01,-5.180771900343e-01,8.687439236111e-03,6.753049801655e-03,-6.785611877894e-01,-7.060300255492e-01
549.50000000,1.949950219615e+14,-2.980333977141e-01,-1.220107390788e+00,-2.632184100116e-02,-2.046088592058e-02,-5.871031250000e-01,-6.108696486078e-01
550.00000000,5.696465264781e+14,-2.694992726418e-01,-1.103292640637e+00,-4.683099457465e-01,-3.640336697943e-01,-5.747393124277e-01,-5.980053364965e-01
550.50000000,3.811214858987e+14,-2.208151141131e-01,-9.039864484767e-01,-6.076140147569e-01,-4.723195858201e-01,-6.119289127604e-01,-6.367004091673e-01
551.00000000,2.667818412065e+14,-2.364898102937e-01,-9.681564804427e-01,-9.583280689381e-01,-7.449418637614e-01,-2.509961156322e-01,-2.611566902462e-01
551.50000000,1.945323552824e+14,-3.619032588252e-01,-1.481581742951e+00,-1.703738304217e+00,-1.324375262338e+00,-1.166747667643e+00,-1.213978783961e+00
552.00000000,3.985984360966e+14,-1.404455336733e-01,-5.749645340161e-01,-8.012638336408e-01,-6.228503504634e-01,-3.789186452004e-01,-3.942576521705e-01
552.50000000,1.278023395371e+14,1.049221111834e-01,4.295365697060e-01,6.204772140842e-01,4.823185997188e-01,4.121421208587e-01,4.288260474604e-01
553.00000000,4.347645246210e+14,5.847159368670e-01,2.393745941074e+00,1.103822219781e+00,8.580395464947e-01,1.012626824363e+00,1.053618974298e+00
553.50000000,3.364612657273e+14,1.569657887370e+00,6.425961667641e+00,2.127803382885e+00,1.654015852338e+00,2.518771902579e+00,2.620734316567e+00
554.00000000,1.846473385274e+14,4.504920183919e+00,1.844251836695e+01,5.051857156937e+00,3.926984931283e+00,5.170990825014e+00,5.380317722258e+00
554.50000000,-3.469208811704e+14,1.356419036495e+01,5.552991389976e+01,1.374252532028e+01,1.068254469080e+01,1.581469459816e+01,1.645488930419e+01
555.00000000,1.470563299407e+14,4.036268161784e+01,1.652392199386e+02,4.142889711191e+01,3.220412803136e+01,4.730592406503e+01,4.922091533863e+01
555.50000000,1.733697306836e+14,1.179781415592e+02,4.829861470958e+02,1.223632168229e+02,9.511720020568e+01,1.382463848821e+02,1.438427372605e+02
556.00000000,-1.107959998700e+13,3.389060220269e+02,1.387434245386e+03,3.516346582491e+02,2.733378956222e+02,3.970517689359e+02,4.131248229499e+02
556.50000000,-1.174769884258e+13,9.531858063940e+02,3.902210477400e+03,9.890502843396e+02,7.688233143230e+02,1.117148260634e+03,1.162371543188e+03
557.00000000,-2.187912183550e+13,2.626476818532e+03,1.075243178315e+04,2.726758515044e+03,2.119604586429e+03,3.079206543137e+03,3.203855913723e+03
557.50000000,1.336381597251e+14,7.084004044847e+03,2.900092995543e+04,7.357404609256e+03,5.719167453939e+03,8.306648802805e+03,8.642910281354e+03
558.00000000,3.566857666018e+14,1.870092711268e+04,7.655900164129e+04,1.942456574789e+04,1.509939307843e+04,2.192819779233e+04,2.281587324203e+04
558.50000000,-3.195971494829e+13,4.832491571464e+04,1.978355019097e+05,5.019488156308e+04,3.901823377074e+04,5.666481034091e+04,5.895865872179e+04
559.00000000,9.420335715131e+13,1.222218975080e+05,5.003594953095e+05,1.269512532855e+05,9.868364111899e+04,1.433149890563e+05,1.491165236176e+05
559.50000000,2.801736006100e+14,3.025977247822e+05,1.238793112698e+06,3.143040229167e+05,2.443194895446e+05,3.548207293190e+05,3.691842284741e+05
560.00000000,-8.370770658118e+13,7.332447661171e+05,3.001802365968e+06,7.616133863775e+05,5.920286735861e+05,8.597894567738e+05,8.945945967091e+05
560.50000000,3.660387309596e+14,1.739302319945e+06,7.120462443657e+06,1.806597077200e+06,1.404330977435e+06,2.039478665481e+06,2.122038808302e+06
561.00000000,1.836954938610e+14,4.037987139599e+06,1.653095925060e+07,4.194221452011e+06,3.260314757295e+06,4.734880954123e+06,4.926553686194e+06
561.50000000,-2.088516173707e+14,9.176984452632e+06,3.756930143292e+07,9.532052210257e+06,7.409596952376e+06,1.076078839689e+07,1.119639590873e+07
562.00000000,1.681959391072e+14,2.041256187481e+07,8.356619694096e+07,2.120234932131e+07,1.648132631349e+07,2.393545061101e+07,2.490438166892e+07
562.50000000,3.100161618495e+14,4.444687114784e+07,1.819593253669e+08,4.616657650060e+07,3.588689161526e+07,5.211770563825e+07,5.422748265815e+07
563.00000000,3.447311917693e+14,9.472115728689e+07,3.877752794019e+08,9.838603938412e+07,7.647890312566e+07,1.110685468182e+08,1.155647130411e+08
563.50000000,1.976368242067e+14,1.976054054828e+08,8.089691207037e+08,2.052510097949e+08,1.595487753426e+08,2.317090060380e+08,2.410888191025e+08
564.00000000,3.577377336276e+14,4.034720549086e+08,1.651758628214e+09,4.190829021457e+08,3.257677702594e+08,4.731050171146e+08,4.922567829278e+08
564.50000000,-1.679984058764e+14,8.064418144998e+08,3.301460929070e+09,8.376440741897e+08,6.511299814969e+08,9.456210511184e+08,9.839007401175e+08
565.00000000,3.245131107274e+14,1.577600366545e+09,6.458477075702e+09,1.638639731462e+09,1.273771869107e+09,1.849869501182e+09,1.924754074775e+09
565.50000000,8.269363149371e+12,3.021092386794e+09,1.236793318350e+10,3.137982294935e+09,2.439263186593e+09,3.542485653871e+09,3.685889027721e+09
566.00000000,2.032745795171e+13,5.662362873221e+09,2.318092819102e+10,5.881446897118e+09,4.571853997773e+09,6.639598090488e+09,6.908375683460e+09
566.50000000,4.067264400553e+14,1.038895532951e+10,4.253094209348e+10,1.079091723029e+10,8.388156680138e+09,1.218192643377e+10,1.267506303933e+10
567.00000000,1.615161979822e+14,1.865587561752e+10,7.637456706912e+10,1.937769518257e+10,1.506295895173e+10,2.187558778684e+10,2.276113353073e+10
567.50000000,7.115479025426e+14,3.279418188707e+10,1.342548318482e+11,3.406303051021e+10,2.647838277528e+10,3.845394445498e+10,4.001059871176e+10
568.00000000,4.520816045566e+14,5.642231367816e+10,2.309851260029e+11,5.860536478306e+10,4.555599599236e+10,6.615992201583e+10,6.883814204485e+10
568.50000000,3.422263274965e+14,9.502522582830e+10,3.890200938339e+11,9.870187272194e+10,7.672441140507e+10,1.114250926722e+11,1.159356922291e+11
569.00000000,1.894707459804e+14,1.566403067127e+11,6.412636885035e+11,1.627009194831e+11,1.264731046955e+11,1.836739722488e+11,1.911092789466e+11
569.50000000,4.872825065804e+13,2.527541734874e+11,1.034740527369e+12,2.625335540582e+11,2.040764967646e+11,2.963755882599e+11,3.083731694602e+11
570.00000000,3.190736767183e+14,3.991844354739e+11,1.634205708973e+12,4.146293891947e+11,3.223058991679e+11,4.680774218499e+11,4.870256655620e+11
570.50000000,3.361229449131e+14,6.171279206247e+11,2.526436106794e+12,6.410053850912e+11,4.982758636926e+11,7.236345417486e+11,7.529279941039e+11
571.00000000,2.531570724621e+14,9.338156964614e+11,3.822911934115e+12,9.699462139209e+11,7.539730534526e+11,1.094977671570e+12,1.139303466432e+12
571.50000000,2.964101407914e+14,1.383151017918e+12,5.662428413998e+12,1.436666890688e+12,1.116771328987e+12,1.621861237468e+12,1.687515807760e+12
572.00000000,1.843011724111e+14,2.005239656985e+12,8.209173014007e+12,2.082824930732e+12,1.619052531256e+12,2.351312640027e+12,2.446496135037e+12
572.50000000,2.730153330085e+14,2.845651097431e+12,1.164970087986e+13,2.955752959128e+12,2.297609962140e+12,3.336765942759e+12,3.471841576281e+12
573.00000000,6.033695260760e+14,3.952655727693e+12,1.618162428636e+13,4.105589007060e+12,3.191417663626e+12,4.634822247717e+12,4.822444502952e+12
573.50000000,1.260129525504e+13,5.374170426569e+12,2.200110828887e+13,5.582103918336e+12,4.339164250133e+12,6.301668137089e+12,6.556765986463e+12
574.00000000,-8.582794331807e+13,7.152029915489e+12,2.927941843415e+13,7.428751052987e+12,5.774627535395e+12,8.386358350515e+12,8.725846551537e+12
574.50000000,3.126972593303e+14,9.316633941328e+12,3.814100706922e+13,9.677106362774e+12,7.522352609051e+12,1.092453915543e+13,1.136677546228e+13
575.00000000,2.374586766977e+14,1.187920339845e+13,4.863181097918e+13,1.233882489274e+13,9.591399344496e+12,1.392936799695e+13,1.449324279040e+13
575.50000000,2.248803675252e+14,1.482601756777e+13,6.069565944328e+13,1.539965505172e+13,1.197068948239e+13,1.738475617461e+13,1.808850854868e+13
576.00000000,1.912061473538e+14,1.811185813815e+13,7.414743496784e+13,1.881262897460e+13,1.462371326149e+13,2.123768140444e+13,2.209740405789e+13
576.50000000,6.666242278609e+14,2.165748023468e+13,8.866272002681e+13,2.249543570140e+13,1.748648749911e+13,2.539522238628e+13,2.642324647041e+13
577.00000000,6.464156202201e+12,2.534874230295e+13,1.037742349287e+14,2.632951739576e+13,2.046685305010e+13,2.972353851974e+13,3.092677718404e+13
577.50000000,3.469424435496e+13,2.904085019558e+13,1.188892125183e+14,3.016447764052e+13,2.344790152898e+13,3.405284645361e+13,3.543133984717e+13
578.00000000,4.262772042008e+14,3.256623597158e+13,1.333216528880e+14,3.382626507780e+13,2.629433673905e+13,3.818665864269e+13,3.973249290159e+13
578.50000000,1.819011815470e+14,3.574610642566e+13,1.463396014552e+14,3.712916876574e+13,2.886179908193e+13,4.191532497257e+13,4.361209938590e+13
579.00000000,5.347761863057e+14,3.840576961792e+13,1.572278936492e+14,3.989173771099e+13,3.100924036592e+13,4.503400440840e+13,4.685702609462e+13
579.50000000,3.706298466864e+14,4.038928842153e+13,1.653481445024e+14,4.195200138090e+13,3.261075524151e+13,4.735984751570e+13,4.927702166469e+13
580.00000000,4.414518612754e+14,4.157604277723e+13,1.702065522229e+14,4.318467277261e+13,3.356895374755e+13,4.875141710062e+13,5.072492338273e+13
580.50000000,9.176745443453e+13,4.189109485928e+13,1.714963317468e+14,4.351191462059e+13,3.382333026018e+13,4.912084224152e+13,5.110930322402e+13
581.00000000,1.053665423285e+14,4.131498595988e+13,1.691378218232e+14,4.291351533484e+13,3.335817360490e+13,4.844530596210e+13,5.040642055817e+13
581.50000000,8.309612462255e+13,3.988368452125e+13,1.632782722656e+14,4.142683502240e+13,3.220252509719e+13,4.676698429486e+13,4.866015874579e+13
582.00000000,5.514733297109e+14,3.768685144184e+13,1.542847423556e+14,3.914500367594e+13,3.042877793157e+13,4.419101220611e+13,4.597990872211e+13
582.50000000,2.312743063317e+11,3.485674892703e+13,1.426986952163e+14,3.620540089389e+13,2.814372206588e+13,4.087247828801e+13,4.252703722114e+13
583.00000000,2.887299692768e+13,3.155657798355e+13,1.291882531320e+14,3.277754213755e+13,2.547912778609e+13,3.700274948695e+13,3.850065791528e+13
583.50000000,5.163907777445e+14,2.796382245879e+13,1.144800103556e+14,2.904577833020e+13,2.257829750064e+13,3.278994058479e+13,3.411731028156e+13
584.00000000,3.594892857065e+14,2.425536544831e+13,9.929810174539e+13,2.519383639944e+13,1.958404856439e+13,2.844146193121e+13,2.959280084876e+13
584.50000000,6.904768931742e+13,2.059322723206e+13,8.430581585392e+13,2.139000539598e+13,1.662719793151e+13,2.414729597084e+13,2.512480274149e+13
585.00000000,-3.020092059901e+13,1.711370816865e+13,7.006114744355e+13,1.777585931276e+13,1.381779600913e+13,2.006726637113e+13,2.087960944962e+13
585.50000000,2.704662578074e+14,1.392104313592e+13,5.699081964598e+13,1.445966600764e+13,1.124000318287e+13,1.632359731856e+13,1.698439291735e+13
586.00000000,-2.532898071942e+14,1.108414479443e+13,4.537695133487e+13,1.151300445972e+13,8.949460292047e+12,1.299709472044e+13,1.352323015620e+13
586.50000000,4.237693488412e+14,8.638679837328e+12,3.536555700473e+13,8.972921351879e+12,6.974965016584e+12,1.012958078297e+13,1.053963637724e+13
587.00000000,-8.132281595988e+13,6.590294136946e+12,2.697975007373e+13,6.845281002433e+12,5.321075895830e+12,7.727675767690e+12,8.040499836828e+12
587.50000000,-5.594053218041e+13,4.921645457957e+12,2.014853383596e+13,5.112070182907e+12,3.973790618440e+12,5.771044440855e+12,6.004662110570e+12
588.00000000,2.735988491348e+14,3.598371110063e+12,1.473123220370e+13,3.737596666790e+12,2.905364370713e+12,4.219393649594e+12,4.390198938330e+12
588.50000000,2.117689715876e+14,2.576690403967e+12,1.054861310767e+13,2.676385834215e+12,2.080448143081e+12,3.021386842804e+12,3.143695613904e+12
589.00000000,-5.654154840919e+12,1.808649970390e+12,7.404362105542e+12,1.878628939026e+12,1.460323858306e+12,2.120794650131e+12,2.206646545604e+12
589.50000000,1.249299304287e+14,1.247500265553e+12,5.107093049587e+12,1.295767638115e+12,1.007245421089e+12,1.462799288162e+12,1.522014871141e+12
590.00000000,4.861610290550e+14,8.506649708985e+11,3.482504397285e+12,8.835782809871e+11,6.868362440297e+11,9.974764320735e+11,1.037855278926e+12
590.50000000,2.266232226012e+14,5.823593926497e+11,2.384098575919e+12,6.048916185315e+11,4.702033721937e+11,6.828655099679e+11,7.105085910085e+11
591.00000000,2.833706997332e+14,4.145533868481e+11,1.697124064111e+12,4.305929848527e+11,3.347149593711e+11,4.860988137083e+11,5.057765814458e+11
591.50000000,2.544378213106e+14,3.277782413336e+11,1.341878654734e+12,3.404603985482e+11,2.646517534569e+11,3.843476360986e+11,3.999064140678e+11
592.00000000,-1.098370872254e+13,3.111691462370e+11,1.273883323214e+12,3.232086764288e+11,2.512413875861e+11,3.648720711185e+11,3.796424586753e+11
592.50000000,7.244034493788e+13,3.627235410745e+11,1.484939864700e+12,3.767577763993e+11,2.928669724226e+11,4.253239476851e+11,4.425414878635e+11
593.00000000,4.304920903564e+14,4.893465581477e+11,2.003316933041e+12,5.082799991149e+11,3.951037876548e+11,5.738001158709e+11,5.970281203206e+11
593.50000000,1.663794365110e+14,7.073321653207e+11,2.895719772579e+12,7.346997467888e+11,5.711077619633e+11,8.294066273934e+11,8.629818399089e+11
594.00000000,2.855184857631e+14,1.042625465266e+12,4.268364034873e+12,1.082965971128e+12,8.418272563135e+11,1.222566303610e+12,1.272057014321e+12
594.50000000,3.620929824694e+14,1.531477283384e+12,6.269655570859e+12,1.590732088093e+12,1.236531585434e+12,1.795786295066e+12,1.868481526208e+12
595.00000000,3.280644378697e+14,2.220274878951e+12,9.089497385749e+12,2.306180139045e+12,1.792674332135e+12,2.603459576030e+12,2.708850232017e+12
595.50000000,2.360135571930e+13,3.165520358564e+12,1.295920126669e+13,3.287998368972e+12,2.555875918088e+12,3.711839632449e+12,3.862098625284e+12
596.00000000,3.849246317949e+14,4.431893392906e+12,1.814355681390e+13,4.603368987315e+12,3.578359420059e+12,5.196768833935e+12,5.407139250846e+12
596.50000000,3.269812354023e+14,6.090258024872e+12,2.493267158964e+13,6.325897856952e+12,4.917341244887e+12,7.141341248178e+12,7.430429907630e+12
597.00000000,3.001384488803e+14,8.212533151144e+12,3.362097158121e+13,8.530286508188e+12,6.630889499950e+12,9.629887847899e+12,1.001971537075e+13
597.50000000,2.480053072554e+14,1.086677486327e+13,4.448706898756e+13,1.128722420935e+13,8.773953421322e+12,1.274221014099e+13,1.325802759321e+13
598.00000000,4.005093133795e+14,1.410842462429e+13,5.775793346819e+13,1.465429752422e+13,1.139129705541e+13,1.654331791934e+13,1.721300802852e+13
598.50000000,3.047861681598e+14,1.797296016467e+13,7.357880593058e+13,1.866835686179e+13,1.451156551159e+13,2.107481181447e+13,2.192794134349e+13
599.00000000,6.559658676096e+14,2.246526726543e+13,9.196968808462e+13,2.333447704018e+13,1.813870362315e+13,2.634242081677e+13,2.740878844380e+13
599.50000000,5.521543943757e+14,2.755257688308e+13,1.127964280115e+14,2.861862113991e+13,2.224625330433e+13,3.230772045866e+13,3.361556940086e+13
600.00000000,-1.033991027694e+14,3.315623037333e+13,1.357370081321e+14,3.443908711365e+13,2.677070470148e+13,3.887847684484e+13,4.045231659874e+13
600.50000000,3.000864080909e+14,3.914933704008e+13,1.602719555372e+14,4.066407470282e+13,3.160960487239e+13,4.590589993089e+13,4.776421682274e+13
601.00000000,2.564554348626e+14,4.535630921908e+13,1.856824386847e+14,4.711120253302e+13,3.662118240769e+13,5.318409836963e+13,5.533704403733e+13
601.50000000,2.800777742994e+14,5.155914105931e+13,2.110759718596e+14,5.355402982948e+13,4.162941698798e+13,6.045744191193e+13,6.290481982440e+13
602.00000000,4.278712244085e+14,5.750811354418e+13,2.354302400458e+14,5.973317562911e+13,4.643268273551e+13,6.743311394700e+13,7.016287406294e+13
602.50000000,2.939899670620e+14,6.293700073482e+13,2.576553511772e+14,6.537211337275e+13,5.081602590215e+13,7.379894210534e+13,7.678639733268e+13
603.00000000,1.481969767393e+14,6.758332360484e+13,2.766767525274e+14,7.019820838647e+13,5.456751803803e+13,7.924714758834e+13,8.245515164045e+13
603.50000000,2.356742563942e+14,7.120751938231e+13,2.915137073374e+14,7.396262890991e+13,5.749373352895e+13,8.349682283878e+13,8.687685800921e+13
604.00000000,5.892353942849e+14,7.361556229634e+13,3.013719010139e+14,7.646384206822e+13,5.943801383568e+13,8.632045627419e+13,8.981479495936e+13
604.50000000,2.162499424572e+14,7.467347932955e+13,3.057028666069e+14,7.756269125751e+13,6.029218767196e+13,8.756095323107e+13,9.110550847778e+13
605.00000000,3.664622945102e+14,7.432276523186e+13,3.042670917376e+14,7.719840758515e+13,6.000901725608e+13,8.714971136875e+13,9.067761913224e+13
605.50000000,4.438460239819e+14,7.258258802308e+13,2.971430476204e+14,7.539090070599e+13,5.860397905783e+13,8.510920680729e+13,8.855451289866e+13
606.00000000,4.682692541383e+14,6.955135879274e+13,2.847336156055e+14,7.224238935987e+13,5.615653127217e+13,8.155483485016e+13,8.485625639819e+13
606.50000000,2.373094516699e+14,6.539467106353e+13,2.677167126057e+14,6.792487409355e+13,5.280037592876e+13,7.668076787054e+13,7.978488229653e+13
607.00000000,3.764477474965e+14,6.033324082028e+13,2.469959192479e+14,6.266761067415e+13,4.871372153881e+13,7.074581397806e+13,7.360967551527e+13
607.50000000,4.281641316044e+14,5.462177633084e+13,2.236139758509e+14,5.673516235649e+13,4.410222235636e+13,6.404864010147e+13,6.664139332011e+13
608.00000000,3.982236224333e+14,4.853006961975e+13,1.986753735408e+14,5.040775976180e+13,3.918371142630e+13,5.690560014650e+13,5.920919594033e+13
608.50000000,2.666860850678e+14,4.232216182800e+13,1.732610601245e+14,4.395966011881e+13,3.417137846699e+13,4.962630462289e+13,5.163522722978e+13
609.00000000,3.624667819230e+14,3.623970748459e+13,1.483603357243e+14,3.764186787768e+13,2.926033800026e+13,4.249411384947e+13,4.421431821730e+13
609.50000000,3.350187442497e+14,3.048967478371e+13,1.248204994193e+14,3.166935909540e+13,2.461769842013e+13,3.575171549172e+13,3.719898080861e+13
610.00000000,3.481945278580e+14,2.523635140627e+13,1.033141221872e+14,2.621277795230e+13,2.037610740525e+13,2.959175071320e+13,3.078965447486e+13
610.50000000,3.412865313918e+14,2.060068233254e+13,8.433633600122e+13,2.139774894379e+13,1.663321726155e+13,2.415603770500e+13,2.513389834981e+13
611.00000000,1.250290589209e+14,1.666183625779e+13,6.821124651848e+13,1.730650390271e+13,1.345294966344e+13,1.953740844019e+13,2.032830233797e+13
611.50000000,2.985887450840e+14,1.346560916533e+13,5.512633614248e+13,1.398661071725e+13,1.087228079102e+13,1.578956257214e+13,1.642873990854e+13
612.00000000,2.770303098950e+14,1.103175487258e+13,4.516247426172e+13,1.145858750514e+13,8.907160093527e+12,1.293566311799e+13,1.345931174083e+13
612.50000000,1.895468115620e+13,9.365616044134e+12,3.834153300392e+13,9.727983645461e+12,7.561901297038e+12,1.098197480261e+13,1.142653616209e+13
613.00000000,3.197592270311e+14,8.465494703449e+12,3.465656108869e+13,8.793035464812e+12,6.835133436649e+12,9.926506605313e+12,1.032834155310e+13
613.50000000,3.309108043556e+14,8.331609364154e+12,3.410845308052e+13,8.653969931387e+12,6.727032942661e+12,9.769514751745e+12,1.016499451177e+13
614.00000000,2.825912613489e+14,8.968637395273e+12,3.671635747938e+13,9.315645387570e+12,7.241376374217e+12,1.051648385162e+13,1.094220167033e+13
614.50000000,6.024482935599e+14,1.038829514273e+13,4.252823938036e+13,1.079023149961e+13,8.387623637744e+12,1.218115230882e+13,1.267425757703e+13
615.00000000,1.296279699642e+14,1.260475607885e+13,5.160212301318e+13,1.309245012952e+13,1.017721855053e+13,1.478013971518e+13,1.537845460146e+13
615.50000000,4.525998446417e+14,1.563031931331e+13,6.398835922687e+13,1.623507625517e+13,1.262009154886e+13,1.832786781421e+13,1.906979829378e+13
616.00000000,6.641744175343e+14,1.946472077837e+13,7.968586696475e+13,2.021783559171e+13,1.571602942153e+13,2.282402696423e+13,2.374796647770e+13
616.50000000,5.563717444597e+14,2.408662253119e+13,9.860729164860e+13,2.501856460415e+13,1.944780367907e+13,2.824359662740e+13,2.938692575891e+13
617.00000000,2.555237330113e+14,2.944114777232e+13,1.205279752732e+14,3.058026323983e+13,2.377110619063e+13,3.452222912749e+13,3.591972360267e+13
617.50000000,1.596798294455e+14,3.543249855411e+13,1.450557343288e+14,3.680342700661e+13,2.860858864073e+13,4.154759329031e+13,4.322948155616e+13
618.00000000,3.570944196724e+14,4.191625072122e+13,1.715993163562e+14,4.353804379483e+13,3.384364137950e+13,4.915033961153e+13,5.113999467717e+13
618.50000000,3.283923610690e+14,4.869906235769e+13,1.993672063694e+14,5.058329104380e+13,3.932015801970e+13,5.710375838630e+13,5.941537582451e+13
619.00000000,2.568651910389e+14,5.554178530687e+13,2.273803649867e+14,5.769076765040e+13,4.484504771204e+13,6.512742822874e+13,6.776385187324e+13
619.50000000,1.958245283831e+14,6.216975210059e+13,2.545143416917e+14,6.457517891263e+13,5.019654092487e+13,7.289927836419e+13,7.585031430056e+13
620.00000000,5.507742152775e+14,6.828867399108e+13,2.795643591713e+14,7.093084967662e+13,5.513702568979e+13,8.007423041259e+13,8.331571560733e+13
620.50000000,1.949975331865e+14,7.360361299185e+13,3.013229822188e+14,7.645143042994e+13,5.942836583594e+13,8.630644470676e+13,8.980021618962e+13
621.00000000,3.694962909404e+14,7.784319259106e+13,3.186792330367e+14,8.085504475817e+13,6.285144898595e+13,9.127770939589e+13,9.497272266161e+13
621.50000000,2.944428986464e+13,8.077963272144e+13,3.307006116243e+14,8.390509949345e+13,6.522236301082e+13,9.472093313785e+13,9.855533155562e+13
622.00000000,-1.983760581130e+14,8.225154485366e+13,3.367264157285e+14,8.543396177890e+13,6.641080103875e+13,9.644687426885e+13,1.003511405154e+14
622.50000000,2.660809374150e+14,8.217512397555e+13,3.364135592536e+14,8.535458407977e+13,6.634909798210e+13,9.635726434315e+13,1.002579030900e+14
623.00000000,5.948028357165e+14,8.055543849962e+13,3.297827915776e+14,8.367223091194e+13,6.504134613284e+13,9.445804650196e+13,9.828180300493e+13
623.50000000,3.215343106376e+14,7.748225684658e+13,3.172016121633e+14,8.048014395049e+13,6.256002550015e+13,9.085448179051e+13,9.453236237809e+13
624.00000000,2.948534064887e+14,7.312514147830e+13,2.993641862099e+14,7.595444624473e+13,5.904204267879e+13,8.574539649799e+13,8.921645618640e+13
624.50000000,3.735091626678e+14,6.771490967379e+13,2.772154476417e+14,7.033488568785e+13,5.467376207588e+13,7.940144335348e+13,8.261569345298e+13
625.00000000,5.903158671276e+14,6.152589833310e+13,2.518784936749e+14,6.390641362365e+13,4.967668631877e+13,7.214430551266e+13,7.506477939045e+13
625.50000000,5.387424522818e+14,5.485113661202e+13,2.245529450280e+14,5.697339687878e+13,4.428741036744e+13,6.431758437771e+13,6.692122473052e+13
626.00000000,4.165747207816e+14,4.798087661283e+13,1.964270535476e+14,4.983731777867e+13,3.874028695836e+13,5.626162502139e+13,5.853915205598e+13
626.50000000,3.715732354080e+14,4.118186836354e+13,1.685928568482e+14,4.277524724933e+13,3.325069299502e+13,4.828921435192e+13,5.024401020298e+13
627.00000000,2.525505931739e+13,3.468145910546e+13,1.419810830008e+14,3.602332888608e+13,2.800219113798e+13,4.066693618649e+13,4.231317456911e+13
627.50000000,8.437064973117e+14,2.865799142764e+13,1.173218418277e+14,2.976680557970e+13,2.313877715315e+13,3.360391225401e+13,3.496423234070e+13
628.00000000,3.419441779836e+14,2.323518790228e+13,9.512163637816e+13,2.413418688610e+13,1.876034600471e+13,2.724521770638e+13,2.834813145738e+13
628.50000000,1.725460652789e+14,1.848444709072e+13,7.567276245879e+13,1.919963386781e+13,1.492454567555e+13,2.167457337925e+13,2.255198185823e+13
629.00000000,1.189341827296e+14,1.442842953691e+13,5.906798919336e+13,1.498668383407e+13,1.164967253785e+13,1.691855067183e+13,1.760343057935e+13
629.50000000,4.590240995201e+14,1.105093825649e+13,4.524100837456e+13,1.147851311858e+13,8.922648968469e+12,1.295815725374e+13,1.348271646177e+13
630.00000000,1.558808739322e+14,8.305072504267e+12,3.399981485700e+13,8.626406326627e+12,6.705606790420e+12,9.738398045140e+12,1.013261816966e+13
630.50000000,3.907835835363e+14,6.124807267488e+12,2.507411139667e+13,6.361783853722e+12,4.945236682977e+12,7.181853149377e+12,7.472581771239e+12
631.00000000,4.899864210293e+14,4.432933925826e+12,1.814781661135e+13,4.604449779772e+12,3.579199557767e+12,5.197988946552e+12,5.408408754846e+12
631.50000000,2.236351967507e+14,3.150051991524e+12,1.289587591760e+13,3.271931511126e+12,2.543386588581e+12,3.693701667335e+12,3.843226417143e+12
632.00000000,5.878391325749e+14,2.199611149869e+12,9.004902945101e+12,2.284716903990e+12,1.775990210233e+12,2.579229610693e+12,2.683639413370e+12
632.50000000,4.670859499199e+14,1.512838868683e+12,6.193352486358e+12,1.571372529411e+12,1.221482724617e+12,1.773931181674e+12,1.845741695896e+12
633.00000000,4.711767358181e+14,1.030595247177e+12,4.219113990698e+12,1.070470288594e+12,8.321139260484e+11,1.208459858150e+12,1.257379525794e+12
633.50000000,4.174906262157e+14,7.049594731600e+11,2.886006299983e+12,7.322352521493e+11,5.691920242432e+11,8.266244456984e+11,8.600870327072e+11
634.00000000,2.928623214398e+14,4.990293608084e+11,2.042956984057e+12,5.183374417306e+11,4.029217889110e+11,5.851540187356e+11,6.088416405660e+11
634.50000000,-1.098326475121e+14,3.867600969627e+11,1.583342190457e+12,4.017243372178e+11,3.122743517436e+11,4.535088369506e+11,4.718673297277e+11
635.00000000,2.971139954233e+14,3.520834238857e+11,1.441380700792e+12,3.657059795378e+11,2.842760248977e+11,4.128475127860e+11,4.295599943608e+11
635.50000000,3.301375167579e+14,3.883892794951e+11,1.590011837764e+12,4.034165548957e+11,3.135897716210e+11,4.554191908920e+11,4.738550167135e+11
636.00000000,5.438541009278e+14,4.978488880383e+11,2.038124292277e+12,5.171112949672e+11,4.019686622263e+11,5.837698148398e+11,6.074014027076e+11
636.50000000,5.421056411002e+14,6.912421893020e+11,2.829849642558e+12,7.179872291260e+11,5.581165385406e+11,8.105397733203e+11,8.433512366516e+11
637.00000000,3.088381815560e+14,9.876475460669e+11,4.043292059521e+12,1.025860886283e+12,7.974374802923e+11,1.158100055956e+12,1.204981108275e+12
637.50000000,2.945141766117e+14,1.414585590908e+12,5.791117195612e+12,1.469317707306e+12,1.142151948603e+12,1.658720925810e+12,1.725867613271e+12
638.00000000,1.076994040716e+14,2.007580291824e+12,8.218755248374e+12,2.085256127711e+12,1.620942385543e+12,2.354057231809e+12,2.449351830647e+12
638.50000000,3.653251146227e+13,2.810020881047e+12,1.150383571616e+13,2.918744164337e+12,2.268841733951e+12,3.294986508635e+12,3.428370868742e+12
639.00000000,6.106127441780e+13,3.871659270500e+12,1.585003602542e+13,4.021458693880e+12,3.126020234154e+12,4.539847069597e+12,4.723624634322e+12
639.50000000,2.891194895200e+14,5.247317465812e+12,2.148178986298e+13,5.450342855122e+12,4.236741775843e+12,6.152922340538e+12,6.401998810814e+12
640.00000000,7.206060073090e+14,6.993343668875e+12,2.862977895147e+13,7.263925033582e+12,5.646502516342e+12,8.200285341155e+12,8.532241120049e+12
640.50000000,5.263092695193e+14,9.164491401509e+12,3.751815661450e+13,9.519077234508e+12,7.399511050763e+12,1.074613919425e+13,1.118115369166e+13
641.00000000,-7.843452451660e+13,1.180793402225e+13,4.834004403863e+13,1.226479801370e+13,9.533855667095e+12,1.384579864178e+13,1.440629046387e+13
641.50000000,1.162165086252e+14,1.495845917208e+13,6.123785700071e+13,1.553722099022e+13,1.207762428889e+13,1.754005512714e+13,1.825009415863e+13
642.00000000,2.400603671997e+14,1.863090259578e+13,7.627233098204e+13,1.935175592271e+13,1.504279545949e+13,2.184630481248e+13,2.273066515218e+13
642.50000000,2.717058776167e+14,2.281509794604e+13,9.340184636692e+13,2.369784311494e+13,1.842116075837e+13,2.675262679805e+13,2.783559997481e+13
643.00000000,-5.688350581383e+13,2.746915465572e+13,1.124549089840e+14,2.853197120042e+13,2.217889728137e+13,3.220990086040e+13,3.351378996711e+13
643.50000000,2.292378446167e+14,3.251676218051e+13,1.331191140497e+14,3.377487708280e+13,2.625439105655e+13,3.812864644953e+13,3.967213231664e+13
644.00000000,4.627682136278e+14,3.784471412697e+13,1.549310102918e+14,3.930897426923e+13,3.055623799803e+13,4.437611952017e+13,4.617250936598e+13
644.50000000,5.875215940203e+14,4.330525889854e+13,1.772857231684e+14,4.498079446587e+13,3.496514184334e+13,5.077906886245e+13,5.283465652246e+13
645.00000000,2.337351385301e+14,4.872067339249e+13,1.994556789483e+14,5.060573823704e+13,3.933760700664e+13,5.712909914749e+13,5.944174240515e+13
645.50000000,7.039029443051e+14,5.389174233435e+13,2.206253179304e+14,5.597688241580e+13,4.351278488648e+13,6.319261366212e+13,6.575071407155e+13
646.00000000,4.014799121684e+14,5.860968680930e+13,2.399399281968e+14,6.087737016548e+13,4.732210509311e+13,6.872480151820e+13,7.150685044311e+13
646.50000000,3.733072535406e+14,6.266889525002e+13,2.565577645106e+14,6.509363454561e+13,5.059955458797e+13,7.348456580968e+13,7.645929476913e+13
647.00000000,6.245328349739e+14,6.588303269925e+13,2.697159974030e+14,6.843213106234e+13,5.319468447923e+13,7.725341308179e+13,8.038070876053e+13
647.50000000,3.519344288799e+14,6.809733028538e+13,2.787810245810e+14,7.073210263950e+13,5.498253267946e+13,7.984986377780e+13,8.308226638603e+13
648.00000000,4.786965272326e+14,6.920314490142e+13,2.833080762343e+14,7.188070263004e+13,5.587537955039e+13,8.114652469071e+13,8.443141743378e+13
648.50000000,5.097869182826e+14,6.914429755103e+13,2.830671633444e+14,7.181957840079e+13,5.582786555311e+13,8.107752120859e+13,8.435962062147e+13
649.00000000,4.250546374667e+14,6.792445337845e+13,2.780732905033e+14,7.055253690507e+13,5.484294996535e+13,7.964715102223e+13,8.287134761471e+13
649.50000000,5.780512306258e+14,6.560408582492e+13,2.685740275914e+14,6.814239137851e+13,5.296945970801e+13,7.692632434243e+13,8.004037914079e+13
650.00000000,2.474188836797e+14,6.229806417399e+13,2.550396335224e+14,6.470845554341e+13,5.030014150274e+13,7.304973509338e+13,7.600686166912e+13
650.50000000,4.767189421716e+14,5.816391725326e+13,2.381150094659e+14,6.041435321813e+13,4.696218585576e+13,6.820209911303e+13,7.096298852010e+13
651.00000000,3.664678910270e+14,5.339136862228e+13,2.185768573587e+14,5.545714860814e+13,4.310877765359e+13,6.260588327813e+13,6.514023225288e+13
651.50000000,5.022743556806e+14,4.818642302788e+13,1.972685320600e+14,5.005081704605e+13,3.890624739227e+13,5.650264553090e+13,5.878992931756e+13
652.00000000,3.736972434833e+14,4.275784114142e+13,1.750446708016e+14,4.441219641921e+13,3.452315073159e+13,5.013717536747e+13,5.216677853472e+13
652.50000000,5.385063975150e+14,3.730304182934e+13,1.527134790393e+14,3.874634398120e+13,3.011888583341e+13,4.374096306107e+13,4.551164113610e+13
653.00000000,1.620192262836e+14,3.199699941746e+13,1.309912773927e+14,3.323500403711e+13,2.583472889087e+13,3.751918076781e+13,3.903799485257e+13
653.50000000,4.308365951801e+14,2.698444832659e+13,1.104705885049e+14,2.802851096670e+13,2.178754006561e+13,3.164154180447e+13,3.292242316629e+13
654.00000000,7.009600797515e+14,2.237454769596e+13,9.159829475069e+13,2.324024741514e+13,1.806545564599e+13,2.623604446936e+13,2.729810587511e+13
654.50000000,7.107891926016e+14,1.824058347687e+13,7.467441864941e+13,1.894633486046e+13,1.472764751432e+13,2.138862272209e+13,2.225445563154e+13
655.00000000,5.495785120840e+14,1.462057988449e+13,5.985462606366e+13,1.518626872309e+13,1.180481683970e+13,1.714386316227e+13,1.783786394548e+13
655.50000000,3.571360308190e+14,1.152260528715e+13,4.717194777433e+13,1.196842954679e+13,9.303478111376e+12,1.351122663236e+13,1.405817464379e+13
656.00000000,1.490368725848e+14,8.929139647224e+12,3.655465917750e+13,9.274619421394e+12,7.209485458469e+12,1.047016941040e+13,1.089401237405e+13
656.50000000,4.639773061787e+14,6.804642011322e+12,2.785726053978e+13,7.067922268799e+12,5.494142724709e+12,7.979016730666e+12,8.302015334184e+12
657.00000000,1.496412617912e+14,5.100820945980e+12,2.088205343095e+13,5.298178198539e+12,4.118458876128e+12,5.981142814036e+12,6.223265476713e+12
657.50000000,2.559061102024e+14,3.763504107606e+12,1.540726379046e+13,3.909118870120e+12,3.038694567299e+12,4.413026018202e+12,4.591669739513e+12
658.00000000,3.658556892197e+14,2.736743250058e+12,1.120384725905e+13,2.842631328569e+12,2.209676569567e+12,3.209062305323e+12,3.338968367462e+12
658.50000000,1.627360071690e+14,1.967444708635e+12,8.054445737903e+12,2.043567647740e+12,1.588536474693e+12,2.306994875077e+12,2.400384342492e+12
659.00000000,4.078881595672e+14,1.407566509533e+12,5.762382050061e+12,1.462027048741e+12,1.136484665179e+12,1.650490460836e+12,1.717303970817e+12
659.50000000,3.720372937290e+14,1.016404428399e+12,4.161018746996e+12,1.055730408982e+12,8.206561030487e+11,1.191819926138e+12,1.240065992637e+12
660.00000000,5.392501453563e+14,7.611808982698e+11,3.116169016051e+12,7.906319557318e+11,6.145858205999e+11,8.925488089242e+11,9.286800803058e+11
660.50000000,3.915734834342e+14,6.177077027111e+11,2.528809654236e+12,6.416075996846e+11,4.987439861197e+11,7.243143851492e+11,7.536353582475e+11
661.00000000,5.262325118597e+14,5.700738803886e+11,2.333803392814e+12,5.921307641687e+11,4.602839146088e+11,6.684597105574e+11,6.955196303829e+11
661.50000000,6.392807989817e+14,6.105355733054e+11,2.499447951277e+12,6.341579714672e+11,4.929531300356e+11,7.159044584507e+11,7.448849892776e+11
662.00000000,3.101403698930e+14,7.388707688943e+11,3.024834440970e+12,7.674586190641e+11,5.965723770137e+11,8.663883003688e+11,9.014605681142e+11
662.50000000,6.732804890443e+14,9.620288156632e+11,3.938412530757e+12,9.992509346044e+11,7.767526358843e+11,1.128059933614e+12,1.173724931639e+12
663.00000000,3.946730243360e+14,1.293317218697e+12,5.294661300606e+12,1.343357307475e+12,1.044238532465e+12,1.516523530389e+12,1.577913924601e+12
663.50000000,4.193670919391e+14,1.751898593153e+12,7.172029838974e+12,1.819681778796e+12,1.414502172780e+12,2.054248873334e+12,2.137406928989e+12
664.00000000,2.459403271095e+13,2.361586479223e+12,9.668007476290e+12,2.452959264930e+12,1.906770870828e+12,2.769159346999e+12,2.881257695980e+12
664.50000000,2.625166853122e+14,3.149952876953e+12,1.289547015630e+13,3.271828561687e+12,2.543306562389e+12,3.693585447141e+12,3.843105492238e+12
665.00000000,4.047215843825e+14,4.146334928409e+12,1.697452006934e+13,4.306761902486e+12,3.347796378300e+12,4.861927447422e+12,5.058743149022e+12
665.50000000,5.689290991534e+14,5.380260598895e+12,2.202604060962e+13,5.588429727177e+12,4.344081522183e+12,6.308809377847e+12,6.564196311813e+12
666.00000000,5.247631345369e+14,6.878421866146e+12,2.815930503161e+13,7.144556760083e+12,5.553713390137e+12,8.065529833787e+12,8.392030574528e+12
666.50000000,4.759937332392e+14,8.662393892114e+12,3.546263905570e+13,8.997552933617e+12,6.994112004972e+12,1.015738751249e+13,1.056856875107e+13
667.00000000,3.589454954012e+14,1.074482265264e+13,4.398781355290e+13,1.116055351252e+13,8.675487866528e+12,1.259921088733e+13,1.310923958628e+13
667.50000000,3.858151915053e+14,1.312693152820e+13,5.373983687318e+13,1.363482921141e+13,1.059882874564e+13,1.539243447510e+13,1.601553566765e+13
668.00000000,6.649541805834e+14,1.579484807362e+13,6.466191715021e+13,1.640597084256e+13,1.275293387766e+13,1.852079166369e+13,1.927053189427e+13
668.50000000,3.922629484976e+14,1.871792344518e+13,7.662858226906e+13,1.944214371951e+13,1.511305704942e+13,2.194834409863e+13,2.283683509102e+13
669.00000000,3.779601629160e+14,2.184664866384e+13,8.943714933673e+13,2.269192329778e+13,1.763922416727e+13,2.561703832586e+13,2.665404174179e+13
669.50000000,4.397942764752e+14,2.511299812569e+13,1.028091309665e+14,2.608465197633e+13,2.027651061118e+13,2.944710858685e+13,3.063915709010e+13
670.00000000,2.451114354867e+14,2.843135631339e+13,1.163940291059e+14,2.953140166451e+13,2.295578947179e+13,3.333816346585e+13,3.468772577494e+13
670.50000000,2.665416008793e+14,3.170163843230e+13,1.297821104882e+14,3.292821515963e+13,2.559625118623e+13,3.717284509897e+13,3.867763916835e+13
671.00000000,6.744894668822e+14,3.481383838334e+13,1.425230254025e+14,3.616083008667e+13,2.810907562143e+13,4.082216205602e+13,4.247468413759e+13
671.50000000,4.174890214029e+14,3.765358497843e+13,1.541485540687e+14,3.911045009074e+13,3.040191822350e+13,4.415200447173e+13,4.593932191551e+13
672.00000000,2.816129576758e+14,4.010952227038e+13,1.642028206852e+14,4.166141072140e+13,3.238486897719e+13,4.703179810516e+13,4.893569248485e+13
672.50000000,3.440241252631e+14,4.207966731537e+13,1.722683212256e+14,4.370778318494e+13,3.397558573313e+13,4.934195935239e+13,5.133937137741e+13
673.00000000,3.284822038394e+14,4.347947215436e+13,1.779989280730e+14,4.516174825423e+13,3.510580354023e+13,5.098334859981e+13,5.304720570856e+13
673.50000000,4.548184547529e+14,4.424656741460e+13,1.811393096666e+14,4.595852340612e+13,3.572516468167e+13,5.188283249703e+13,5.398310161649e+13
674.00000000,3.819993591883e+14,4.434679337860e+13,1.815496208612e+14,4.606262724019e+13,3.580608822622e+13,5.200035589389e+13,5.410538247838e+13
674.50000000,3.360613782824e+14,4.377520491097e+13,1.792096169583e+14,4.546892328747e+13,3.534458141723e+13,5.133012020203e+13,5.340801497320e+13
675.00000000,5.709895815538e+14,4.255801540800e+13,1.742266119664e+14,4.420463917391e+13,3.436180923888e+13,4.990286283972e+13,5.192298080073e+13
675.50000000,3.269095771202e+14,4.074910778895e+13,1.668211950829e+14,4.232574261747e+13,3.290127735221e+13,4.778176607480e+13,4.971601991042e+13
676.00000000,8.069599403650e+14,3.842746174927e+13,1.573166982261e+14,3.991426913851e+13,3.102675483112e+13,4.505944026215e+13,4.688349161726e+13
676.50000000,7.509174530651e+13,3.569022850089e+13,1.461108449819e+14,3.707112885296e+13,2.881668263152e+13,4.184980339246e+13,4.354392542648e+13
677.00000000,3.109613260127e+13,3.264699529735e+13,1.336522703657e+14,3.391014908465e+13,2.635954270601e+13,3.828135576422e+13,3.983102345762e+13
677.50000000,4.693387994123e+14,2.941181680275e+13,1.204078983522e+14,3.054979741773e+13,2.374742404354e+13,3.448783609160e+13,3.588393830218e+13
678.00000000,6.933351876480e+14,2.609671961075e+13,1.068363502769e+14,2.710643489732e+13,2.107077814669e+13,3.060060500512e+13,3.183934820082e+13
678.50000000,1.043266565543e+14,2.280529342008e+13,9.336170799758e+13,2.368765923940e+13,1.841324447639e+13,2.674113016435e+13,2.782363794584e+13
679.00000000,3.690670019761e+14,1.962771778071e+13,8.035315408345e+13,2.038713915548e+13,1.584763499213e+13,2.301515469830e+13,2.394683125422e+13
679.50000000,1.206335775882e+14,1.663760276722e+13,6.811203796946e+13,1.728133278799e+13,1.343338327722e+13,1.950899262867e+13,2.029873622588e+13
680.00000000,4.649416740748e+14,1.388976409482e+13,5.686276759037e+13,1.442717680420e+13,1.121474819082e+13,1.628692004311e+13,1.694623090899e+13
680.50000000,4.535406437574e+14,1.142055352514e+13,4.675416201599e+13,1.186243537760e+13,9.221085143346e+12,1.339156604356e+13,1.393367007429e+13
681.00000000,3.531037645360e+14,9.248378313041e+12,3.786157799457e+13,9.606591168845e+12,7.467538687084e+12,1.084473541063e+13,1.128374118182e+13
681.50000000,1.233940207840e+14,7.379948276717e+12,3.021248459104e+13,7.681017565344e+12,5.970723102217e+12,8.663049318111e+12,9.013738247137e+12
682.00000000,3.210388965004e+14,5.897197850246e+12,2.414231001360e+13,6.538498292841e+12,5.082602985706e+12,7.166022969841e+12,7.456110770151e+12
682.50000000,3.743622852772e+14,6.280157608434e+12,2.571009414425e+13,1.371110432565e+13,1.065812005475e+13,1.173216782912e+13,1.220709775507e+13
683.00000000,2.830898860647e+14,2.389176562264e+13,9.780957449307e+13,1.066840702961e+14,8.292925224251e+13,7.776658017428e+13,8.091464937185e+13
683.50000000,1.443076921047e+15,1.553475894464e+14,6.359714833250e+14,7.722111313618e+14,6.002666707356e+14,5.533760672804e+14,5.757772857495e+14
684.00000000,4.431116168468e+15,7.491986045086e+14,3.067115167427e+15,3.766005086287e+15,2.927447226942e+15,2.694208804288e+15,2.803273080093e+15
684.50000000,1.096661377368e+16,2.398804885702e+15,9.820374469944e+15,1.207683439482e+16,9.387744984222e+15,8.637777734616e+15,8.987443644584e+15
685.00000000,2.055077500465e+16,5.047679185720e+15,2.066449843561e+16,2.542029626856e+16,1.976008372650e+16,1.818066973539e+16,1.891664148902e+16
685.50000000,2.638122489349e+16,6.973461068536e+15,2.854838234355e+16,3.512127321081e+16,2.730099177031e+16,2.511854968714e+16,2.613537378279e+16
686.00000000,2.246618121831e+16,6.324527520535e+15,2.589173840995e+16,3.185356214085e+16,2.476088587798e+16,2.278143648162e+16,2.370365188962e+16
686.50000000,1.315814383847e+16,3.765285406034e+15,1.541455617915e+16,1.896373340907e+16,1.474117201355e+16,1.356274318925e+16,1.411177664260e+16
687.00000000,5.127318192278e+15,1.471222518026e+15,6.022980919267e+15,7.409385654660e+15,5.759574135218e+15,5.299186682695e+15,5.513703076891e+15
687.50000000,1.610637549030e+15,3.772001642074e+14,1.544205151790e+15,1.899293590164e+15,1.476387213050e+15,1.358412561773e+15,1.413402465324e+15
688.00000000,3.788801820754e+14,6.347204342729e+13,2.598457417457e+14,3.193076016531e+14,2.482089459742e+14,2.284062653660e+14,2.376523801742e+14
688.50000000,2.449106113122e+14,7.043516326696e+12,2.883517885327e+13,3.522584791340e+13,2.738228133740e+13,2.522002579991e+13,2.624095775043e+13
689.00000000,2.823460018111e+14,5.434190524853e+11,2.224682224601e+12,2.577762062459e+12,2.003784442284e+12,1.860706184691e+12,1.936029438107e+12
689.50000000,6.489626113571e+14,4.868186501177e+10,1.992968028206e+11,1.456008207237e+11,1.131806009557e+11,1.148370023729e+11,1.194857194580e+11
690.00000000,3.796648015418e+14,1.606933181277e+10,6.578561550537e+10,1.962352012780e+10,1.525404726354e+10,2.062470646746e+10,2.145961528039e+10
690.50000000,5.034666435272e+14,9.313299572256e+09,3.812735662474e+10,9.732705613079e+09,7.565571847313e+09,1.095652193644e+10,1.140005293836e+10
691.00000000,3.798330301275e+14,5.552661340275e+09,2.273182533157e+10,5.768275605292e+09,4.483882001763e+09,6.511434597832e+09,6.775024004019e+09
691.50000000,5.416165038216e+14,3.265597923347e+09,1.336890493541e+10,3.391954658112e+09,2.636684770810e+09,3.829193027535e+09,3.984202603557e+09
692.00000000,5.853514789707e+14,1.891491810386e+09,7.743505107705e+09,1.964676071966e+09,1.527211298694e+09,2.217933718180e+09,2.307717900598e+09
692.50000000,2.768221704539e+14,1.079075141730e+09,4.417583954477e+09,1.120825931412e+09,8.712571251551e+08,1.265306624038e+09,1.316527505806e+09
693.00000000,1.062569772611e+14,6.062669542876e+08,2.481972817107e+09,6.297241939380e+08,4.895065999764e+08,7.108991429605e+08,7.396770535940e+08
693.50000000,3.161171036105e+14,3.354916359916e+08,1.373456222559e+09,3.484722343112e+08,2.708796330932e+08,3.933922420251e+08,4.093171547177e+08
694.00000000,6.985920305603e+14,1.828370919814e+08,7.485096937040e+08,1.899112922705e+08,1.476246773927e+08,2.143919128067e+08,2.230707125611e+08
694.50000000,3.955723117347e+14,9.814145008271e+07,4.017774836879e+08,1.019386687310e+08,7.924048594128e+07,1.150791284855e+08,1.197376470787e+08
695.00000000,5.688283499618e+14,5.188067990657e+07,2.123923073004e+08,5.388801021692e+07,4.188903160259e+07,6.083447332856e+07,6.329711385109e+07
695.50000000,4.976567564616e+14,2.701244839594e+07,1.105852169050e+08,2.805759471313e+07,2.181014787705e+07,3.167437328964e+07,3.295658370293e+07
696.00000000,5.807613451386e+14,1.385121632048e+07,5.670495834908e+07,1.438713593673e+07,1.118362302669e+07,1.624171828198e+07,1.689919933521e+07
696.50000000,2.267577676291e+14,6.995456704496e+06,2.863842942621e+07,7.266118637455e+06,5.648207681212e+06,8.202761952256e+06,8.534817986853e+06
697.00000000,1.739292343240e+14,3.479453719019e+06,1.424440089950e+07,3.614078502645e+06,2.809349389634e+06,4.079953076487e+06,4.245113670907e+06
697.50000000,4.547540990746e+14,1.704583447907e+06,6.978328197298e+06,1.770683688727e+06,1.376414246818e+06,1.998857616795e+06,2.079773378805e+06
698.00000000,2.827595977836e+14,8.285973626961e+05,3.392162670246e+06,8.854952940394e+05,6.883264051992e+05,9.866952093566e+05,1.026637621496e+06
698.50000000,4.275020988657e+14,1.066916184972e+06,4.367806872045e+06,3.811440679991e+06,2.962765900111e+06,2.893822476031e+06,3.010967313563e+06
699.00000000,3.372152360625e+14,4.797085263810e+07,1.963860167855e+08,2.408893164667e+08,1.872516752721e+08,1.723593051837e+08,1.793365828054e+08
699.50000000,3.226338439999e+14,2.200837987477e+09,9.009925448094e+09,1.108488626743e+10,8.616669075333e+09,7.927793869021e+09,8.248718919702e+09
700.00000000,5.356727464262e+13,6.616914307679e+10,2.708872936030e+11,3.332818654097e+11,2.590716290417e+11,2.383586059972e+11,2.480076015404e+11
700.50000000,3.858325220028e+14,1.300262480651e+12,5.323094239685e+12,6.549187118491e+12,5.090911783036e+12,4.683888230198e+12,4.873496725637e+12
701.00000000,4.352904130203e+14,1.672176072787e+13,6.845656898701e+13,8.422448751025e+13,6.547063446630e+13,6.023619084453e+13,6.267461229178e+13
701.50000000,1.718908158462e+15,1.408508739508e+14,5.766239408883e+14,7.094404034934e+14,5.514727926018e+14,5.073819835386e+14,5.279213153466e+14
702.00000000,4.933149890201e+15,7.775988599128e+14,3.183381873724e+15,3.916624962757e+15,3.044529315148e+15,2.801116108682e+15,2.914508099442e+15
702.50000000,1.301778134864e+16,2.815262308025e+15,1.152529339118e+16,1.417996759096e+16,1.102258383916e+16,1.014131708226e+16,1.055184777370e+16
703.00000000,2.718960364039e+16,6.687269883491e+15,2.737675532883e+16,3.368257016394e+16,2.618263766604e+16,2.408930923057e+16,2.506446863978e+16
703.50000000,4.040889218399e+16,1.042525870007e+16,4.267956305697e+16,5.251014446256e+16,4.081796844964e+16,3.755453047507e+16,3.907477555145e+16
704.00000000,3.982198256109e+16,1.066860826834e+16,4.367580243510e+16,5.373585227018e+16,4.177075391866e+16,3.843113977954e+16,3.998687088017e+16
704.50000000,2.422650356843e+16,7.166639784108e+15,2.933922920977e+16,3.609706974200e+16,2.805951247961e+16,2.581612599929e+16,2.686118868402e+16
705.00000000,1.127188415781e+16,3.159678969203e+15,1.293528742889e+16,1.591473208498e+16,1.237107684197e+16,1.138199670188e+16,1.184275134923e+16
705.50000000,3.695152473584e+15,9.140197419564e+14,3.741870042217e+15,4.603752297433e+15,3.578657380396e+15,3.292540093408e+15,3.425825420171e+15
706.00000000,1.171265714354e+15,1.734042795675e+14,7.098930680832e+14,8.734060259300e+14,6.789289950547e+14,6.246479333395e+14,6.499343084619e+14
706.50000000,6.113710520080e+14,2.156314046818e+13,8.827650610841e+13,1.086096425639e+14,8.442606678911e+13,7.767611712556e+13,8.082052428814e+13
707.00000000,4.428074591752e+14,1.756406348600e+12,7.190483964514e+12,8.846701434791e+12,6.876849868623e+12,6.327038747219e+12,6.583163624349e+12
707.50000000,4.700818813746e+14,9.364079157157e+10,3.833524120182e+11,4.716517483618e+11,3.666313696314e+11,3.373188197969e+11,3.509738240929e+11
708.00000000,3.854407253332e+14,3.285658764226e+09,1.345103123538e+10,1.654926955041e+10,1.286432496591e+10,1.183580913856e+10,1.231493456871e+10
708.50000000,3.111277805333e+14,1.084170655581e+09,4.438444281398e+09,5.460771707665e+09,4.244848487003e+09,3.905468544966e+09,4.063565830470e+09
709.00000000,1.164841101785e+15,3.145564928362e+10,1.287750650341e+11,1.584364221399e+11,1.231581620346e+11,1.133115420627e+11,1.178985069839e+11
709.50000000,4.385179736577e+14,6.405142232382e+11,2.622176385840e+12,3.226154416489e+12,2.507802454815e+12,2.307301104923e+12,2.400702968830e+12
710.00000000,5.422570308304e+14,8.535468169975e+12,3.494302275481e+13,4.299161101241e+13,3.341888010145e+13,3.074700674103e+13,3.199167642590e+13
710.50000000,1.326179831959e+15,7.449479586396e+13,3.049713612835e+14,3.752168272969e+14,2.916691388899e+14,2.683498953997e+14,2.792129684317e+14
711.00000000,2.732996364934e+15,4.261084685994e+14,1.744428966025e+15,2.146231368486e+15,1.668340568878e+15,1.534955048221e+15,1.597091568769e+15
711.50000000,7.766389646005e+15,1.598315309983e+15,6.543281180823e+15,8.050425438137e+15,6.257876737977e+15,5.757553145499e+15,5.990624674040e+15
712.00000000,1.668052026551e+16,3.933297868567e+15,1.610237589618e+16,1.981131070891e+16,1.540002343812e+16,1.416877594421e+16,1.474234221159e+16
712.50000000,2.442356142898e+16,6.352575094738e+15,2.600656128833e+16,3.199677299024e+16,2.487220867078e+16,2.288365036002e+16,2.381000348838e+16
713.00000000,2.420654942176e+16,6.734759816142e+15,2.757117252589e+16,3.392176838010e+16,2.636857479000e+16,2.426038049026e+16,2.524246503572e+16
713.50000000,1.624327449301e+16,4.686878830914e+15,1.918743182873e+16,2.360696186177e+16,1.835051558757e+16,1.688337325367e+16,1.756682914400e+16
714.00000000,7.013742311745e+15,2.140785855493e+15,8.764080349432e+15,1.078275156411e+16,8.381809222752e+15,7.711675073840e+15,8.023851418835e+15
714.50000000,2.398789605749e+15,6.415959913793e+14,2.626604994560e+15,3.231603087166e+15,2.512037896749e+15,2.311197918979e+15,2.404757529828e+15
715.00000000,8.307054857831e+14,1.261130355961e+14,5.162892749121e+14,6.352085746171e+14,4.937698005411e+14,4.542924041640e+14,4.726826165281e+14
715.50000000,3.623704774880e+14,1.624906814488e+13,6.652143111827e+13,8.184362041865e+13,6.361990335858e+13,5.853342755628e+13,6.090291943704e+13
716.00000000,5.107987093051e+14,1.371461116155e+12,5.614571577656e+12,6.907801851079e+12,5.369675534120e+12,4.940364528779e+12,5.140355442137e+12
716.50000000,2.638531464902e+14,7.576955660152e+10,3.101900549243e+11,3.816375668144e+11,2.966602038685e+11,2.729419196702e+11,2.839908824523e+11
717.00000000,4.189894131614e+14,2.737526445831e+09,1.120705355391e+10,1.378842610141e+10,1.071822497039e+10,9.861292012703e+09,1.026048700834e+10
717.50000000,1.882777556434e+14,6.459898582211e+07,2.644592875948e+08,3.253734206785e+08,2.529241188639e+08,2.327025793211e+08,2.421226132291e+08
718.00000000,3.511372921605e+14,9.937287794894e+05,4.068187785640e+06,5.005232341946e+06,3.890741834892e+06,3.579673479578e+06,3.724582253928e+06
718.50000000,6.388455679831e+14,9.935053518133e+03,4.067273103725e+04,5.004086565438e+04,3.889851182812e+04,3.578898989297e+04,3.723776411503e+04
719.00000000,4.142025106233e+14,6.421627465278e+01,2.628925211525e+02,3.234302053627e+02,2.514135897601e+02,2.317521212674e+02,2.411336796797e+02
719.50000000,4.107288298605e+14,3.575738425926e-01,1.463857713416e+00,1.838522636960e+00,1.429147829576e+00,1.607095563272e+00,1.672152404256e+00
720.00000000,7.638748213566e+14,5.303945312500e-02,2.171361641262e-01,8.930925540123e-01,6.942320206009e-01,3.306791570216e-01,3.440653811061e-01
720.50000000,7.017462379380e+14,5.243451003086e-01,2.146596110089e+00,2.674802719907e+00,2.079217533063e+00,1.789949966242e+00,1.862408936937e+00
721.00000000,6.576175265513e+14,3.330528404707e-01,1.363472131975e+00,2.403211294367e+00,1.868100036580e+00,1.259898345872e+00,1.310900295113e+00
721.50000000,6.265844770370e+14,3.529454668210e-01,1.444909784998e+00,1.936963946759e+00,1.505669696325e+00,1.288064284336e+00,1.340206419029e+00
722.00000000,5.879729335970e+14,4.057023341049e-01,1.660889081887e+00,2.194762987076e+00,1.706065890273e+00,1.293373254244e+00,1.345730301365e+00
722.50000000,1.254325552793e+14,5.554324363426e-02,2.273863351767e-01,9.666807098765e-01,7.514346631583e-01,3.344993489583e-01,3.480402182456e-01
723.00000000,3.897040107387e+14,-8.054409239969e-02,-3.297363422183e-01,-1.582228395062e-01,-1.229921367971e-01,-2.313972318673e-01,-2.407644240006e-01
723.50000000,4.248172564323e+14,-2.157953125000e-01,-8.834360769564e-01,-9.626782214506e-01,-7.483233891757e-01,-4.230654320988e-01,-4.401915453001e-01
724.00000000,9.113767906692e+14,-1.292033564815e-01,-5.289406199664e-01,-2.179117862654e-01,-1.693904388880e-01,-6.684032696759e-01,-6.954609047179e-01
724.50000000,5.878529055770e+14,1.577365547840e-01,6.457515760494e-01,7.314202642747e-01,5.685585057166e-01,3.903461612654e-01,4.061477655524e-01
725.00000000,7.184325005597e+14,3.994409529321e-01,1.635255855866e+00,2.244805864198e+00,1.744965965685e+00,1.097081751543e+00,1.141492721673e+00
725.50000000,4.534125471471e+14,3.163945312500e-01,1.295275324657e+00,1.351971045525e+00,1.050934291762e+00,2.381231867284e-01,2.477626522634e-01
726.00000000,8.133287862003e+14,1.659798900463e-01,6.794986472014e-01,5.768076003086e-01,4.483726844001e-01,-1.796610243056e-01,-1.869338828439e-01
726.50000000,1.761562963711e+14,1.404920524691e-01,5.751549755136e-01,4.128512345679e-01,3.209236775002e-01,5.279707754630e-02,5.493435622272e-02
727.00000000,9.204971010882e+14,1.241705246914e-01,5.083369047090e-01,-2.449416280864e-01,-1.904016785626e-01,1.355762442130e-02,1.410645066179e-02
727.50000000,5.316163192451e+14,2.605091531636e-01,1.066488338490e+00,2.948046778549e-01,2.291619678950e-01,9.618499228395e-02,1.000786572850e-01
728.00000000,5.869731402205e+14,3.543304108796e-01,1.450579553872e+00,8.666420235340e-01,6.736710998570e-01,8.146463831019e-01,8.476240861178e-01
728.50000000,4.371212803424e+14,1.726294560185e-01,7.067210479473e-01,6.243884259259e-01,4.853589212260e-01,3.864110050154e-01,4.020533102288e-01
729.00000000,3.706560330226e+14,1.159892650463e-01,4.748439625238e-01,6.977184702932e-01,5.423609247060e-01,5.588057870370e-01,5.814268060101e-01
729.50000000,2.081989091324e+14,2.416844425154e-01,9.894225842243e-01,1.221880381944e+00,9.498102774219e-01,1.204355951003e+00,1.253109488368e+00
730.00000000,3.916315689482e+14,1.838514081790e-01,7.526621635240e-01,1.260909673997e+00,9.801491086690e-01,1.153540104167e+00,1.200236565062e+00
730.50000000,4.352923859196e+14,6.230402199074e-02,2.550640239978e-01,3.381509645062e-01,2.628565497524e-01,6.686258005401e-01,6.956924438548e-01
731.00000000,6.674394020541e+14,1.019075617284e-01,4.171954223775e-01,3.696221739969e-01,2.873202195673e-01,7.099127989969e-01,7.386507814371e-01
731.50000000,2.980763161832e+14,-3.123910879630e-01,-1.278885783148e+00,-1.597164120370e+00,-1.241531428668e+00,-5.539239583333e-01,-5.763473559820e-01
732.00000000,4.686579699750e+14,-4.179499807099e-01,-1.711029248248e+00,-1.471806163194e+00,-1.144086312238e+00,-1.047503761574e+00,-1.089907764923e+00
732.50000000,7.175891366073e+14,-6.564199556327e-01,-2.687292248019e+00,-3.184390369406e+00,-2.475337803011e+00,-1.912170746528e+00,-1.989577337047e+00
733.00000000,1.150708599339e+14,-3.204147858796e-01,-1.311733689472e+00,-1.729013768326e+00,-1.344022762970e+00,-7.810875868056e-01,-8.127067960740e-01
733.50000000,8.338909278020e+14,-1.842545380015e-01,-7.543125211003e-01,-9.762312162423e-01,-7.588586051700e-01,-8.894006510417e-01,-9.254044818333e-01
734.00000000,4.807114600786e+14,2.085953414352e-02,8.539603941067e-02,-1.406892988040e-01,-1.093627035035e-01,-4.306539834105e-01,-4.480872887834e-01
734.50000000,2.908385386170e+14,1.836545621142e-02,7.518563030386e-02,4.923406153549e-02,3.827135482052e-02,-2.997185860340e-01,-3.118514951386e-01
735.00000000,3.946214138683e+14,5.104720775463e-02,2.089801879192e-01,5.295297598380e-01,4.116219685060e-01,1.360108748071e-01,1.415167314946e-01
735.50000000,6.825227135671e+14,-1.946855951003e-02,-7.970158219973e-02,4.231511477623e-01,3.289301596020e-01,7.509651162230e-01,7.813649376569e-01
736.00000000,4.082626547531e+14,3.352583622685e-01,1.372501232293e+00,1.748732894483e+00,1.359351128138e+00,1.295150470197e+00,1.347579460803e+00
736.50000000,5.766552092603e+14,4.563779381269e-01,1.868347975669e+00,1.546115622589e+00,1.201849649211e+00,1.626324655189e+00,1.692159909109e+00
737.00000000,7.446885000083e+14,2.245026126061e-01,9.190825558234e-01,7.054442141686e-01,5.483664151305e-01,5.348080463927e-01,5.564576127448e-01
737.50000000,7.253844693197e+14,3.408430965471e-01,1.395364359785e+00,1.239077039931e+00,9.631778400195e-01,9.311668029032e-01,9.688613694309e-01
738.00000000,3.989224377054e+14,2.131737081645e-01,8.727035924431e-01,6.908365481530e-01,5.370113663746e-01,2.792838559751e-01,2.905895467024e-01
738.50000000,9.280464565615e+14,2.489706199363e-01,1.019251183938e+00,1.176337617549e+00,9.144082967337e-01,6.622947904610e-01,6.891051481351e-01
739.00000000,6.346366226446e+14,1.429608940972e-01,5.852620706923e-01,9.604421154634e-01,7.465851859282e-01,1.130857854697e+00,1.176636115374e+00
739.50000000,4.875200373552e+14,3.790383237486e-01,1.551730321985e+00,1.489471461468e+00,1.157818165292e+00,6.083483986183e-01,6.329749522200e-01
740.00000000,4.790273606747e+14,1.502402313609e-02,6.150626677515e-02,-5.785404167269e-01,-4.497196630956e-01,-1.683657497830e-02,-1.751813642748e-02
740.50000000,6.061864510547e+14,-9.359082257306e-02,-3.831478458693e-01,-1.002717345438e-03,-7.794471980396e-04,-4.941079199520e-01,-5.141099043467e-01
741.00000000,5.604109643843e+14,-4.230182434836e-02,-1.731778013038e-01,-2.573950816967e-01,-2.000821828110e-01,-5.571015890239e-01,-5.796536203514e-01
741.50000000,9.002128762241e+14,3.675782583731e-02,1.504814403935e-01,1.864010331519e-01,1.448960304346e-01,-3.435800880715e-01,-3.574885547898e-01
742.00000000,3.320558279140e+14,-2.372315907419e-02,-9.711932267074e-02,7.796184074496e-02,6.060246050309e-02,-6.831604424371e-01,-7.108154626400e-01
742.50000000,5.098992042096e+14,8.399072943793e-02,3.438463961786e-01,4.531120585877e-01,3.522198215389e-01,-1.876124632282e-01,-1.952072039927e-01
743.00000000,5.423507845558e+14,7.885467966339e-02,3.228201208100e-01,6.873800441412e-01,5.343245051378e-01,-4.088063551161e-01,-4.253552465734e-01
743.50000000,3.556369060190e+14,7.038795135875e-02,2.881585095291e-01,9.951318051939e-01,7.735506927924e-01,-5.329267998589e-01,-5.545002114637e-01
744.00000000,2.473328546345e+14,8.599621612172e-02,3.520565804861e-01,1.155214354414e+00,8.979884468735e-01,-4.205123785325e-01,-4.375351415637e-01
744.50000000,9.524409812823e+14,2.851671020508e-01,1.167434560993e+00,1.271462198743e+00,9.883519545483e-01,3.214189558618e-02,3.344303177115e-02
745.00000000,6.046582910494e+14,2.719565227744e-01,1.113352281841e+00,1.055994530044e+00,8.208614135709e-01,7.193804289641e-01,7.485016705653e-01
745.50000000,3.719308724935e+14,2.068515184944e-01,8.468214248684e-01,7.047963204090e-02,5.478627846928e-02,2.199465844425e-01,2.288502428783e-01
746.00000000,6.522103748195e+14,1.485824532215e-01,6.082759539947e-01,7.969943576389e-04,6.195315377173e-04,3.868188277633e-01,4.024776420508e-01
746.50000000,2.482325798277e+14,1.201313295718e-01,4.918010001558e-01,-2.460377109857e-01,-1.912537020651e-01,3.280021942515e-01,3.412800521970e-01
747.00000000,4.078363953640e+14,-8.761374421296e-02,-3.586785161284e-01,-5.553143048322e-01,-4.316651954831e-01,-3.487459551022e-01,-3.628635413015e-01
747.50000000,6.407312857237e+14,-5.835145640432e-02,-2.388827687373e-01,-7.858431821470e-01,-6.108633397136e-01,-1.504625783661e-01,-1.565534545147e-01
748.00000000,6.556751154170e+14,-1.551625602816e-01,-6.352139995892e-01,-2.817691237461e-01,-2.190289766076e-01,-2.998878882137e-01,-3.120276508405e-01
748.50000000,4.410141982151e+14,1.779156515239e-01,7.283619991117e-01,-2.197234953704e-01,-1.707987436231e-01,-7.194642168210e-03,-7.485888502387e-03
749.00000000,4.464095804078e+14,1.687658396026e-01,6.909039382531e-01,9.807079137731e-01,7.623384984448e-01,8.361685956790e-02,8.700175394557e-02
749.50000000,5.011398839731e+14,5.295493827160e-02,2.167901720392e-01,-3.142113184799e-01,-2.442474271496e-01,-6.849015335648e-01,-7.126270348836e-01
750.00000000,5.441606941870e+14,7.193716242284e-03,2.945007647384e-02,4.125283468364e-01,3.206726855943e-01,2.294103491512e-02,2.386971102785e-02
750.50000000,4.058789707860e+14,1.664456114969e-01,6.814052462212e-01,1.136876639660e+00,8.837339010157e-01,5.608384645062e-01,5.835417683028e-01
751.00000000,2.107593721402e+14,-7.937070794753e-03,-3.249326690283e-02,6.146879243827e-01,4.778183827264e-01,2.728309510031e-01,2.838754216622e-01
751.50000000,3.817339498229e+14,-1.410256896219e-01,-5.773396119976e-01,-7.607872781636e-02,-5.913865108315e-02,-7.438314139660e-01,-7.739424559746e-01
752.00000000,8.042308166739e+14,-1.692997395833e-01,-6.930896507182e-01,-6.994726080247e-02,-5.437244772027e-02,-9.529697530864e-01,-9.915469249150e-01
752.50000000,6.575320560272e+14,-2.731706211420e-02,-1.118322632154e-01,1.033014660494e-01,8.029983587290e-02,-4.040660252701e-01,-4.204230234187e-01
753.00000000,9.110566125337e+14,-1.032681520062e-01,-4.227654902507e-01,8.134145447531e-02,6.322955223992e-02,-8.059776957948e-01,-8.386044816502e-01
753.50000000,1.044927052075e+15,-6.061624710648e-02,-2.481545077286e-01,2.736576292438e-01,2.127236287541e-01,-5.287452305170e-01,-5.501493679989e-01
754.00000000,4.256591710233e+14,1.371643518519e-03,5.615318307634e-03,3.392790461034e-01,2.637334469599e-01,-1.094969135802e-02,-1.139294585128e-02
754.50000000,7.391679095478e+14,-6.702984664352e-02,-2.744108946191e-01,3.556631172840e-01,2.764693574658e-01,5.501263503086e-02,5.723960169739e-02
755.00000000,4.148142085411e+14,-1.422942853009e-01,-5.825330667438e-01,-4.297255690586e-01,-3.340406867924e-01,-3.441840952932e-01,-3.581170128300e-01
755.50000000,5.821310879838e+14,8.083084490741e-02,3.309102672102e-01,8.143955343364e-01,6.330580798492e-01,6.816503761574e-01,7.092442673621e-01
756.00000000,6.071654549286e+14,-2.816292438272e-02,-1.152951060153e-01,-1.039344425154e-01,-8.079187057752e-02,1.292827642747e-01,1.345162602967e-01
756.50000000,4.428599407868e+14,-2.796209394290e-01,-1.144729340514e+00,-1.620787750772e+00,-1.259894901293e+00,-1.236293094136e+00,-1.286339479101e+00
757.00000000,2.658058148793e+14,-3.291252604167e-01,-1.347393164019e+00,-1.938903491512e+00,-1.507177372172e+00,-1.257188435571e+00,-1.308080684924e+00
757.50000000,5.569590496626e+14,-2.270008728781e-01,-9.293100868496e-01,-1.478386443866e+00,-1.149201394125e+00,-9.869895736883e-01,-1.026943901991e+00
758.00000000,8.683365146544e+14,-1.812762008102e-01,-7.421196217565e-01,-1.407741753472e+00,-1.094286810036e+00,-5.403482060185e-01,-5.622220435913e-01
758.50000000,5.422226935370e+14,-9.547325424383e-02,-3.908542600221e-01,-3.152993103781e-01,-2.450931612345e-01,-4.654528983410e-01,-4.842948987081e-01
759.00000000,2.099142247938e+14,1.458061776620e-01,5.969102669446e-01,5.223739776235e-01,4.060595291782e-01,-3.781777970679e-01,-3.934868137623e-01
759.50000000,2.471362798216e+14,1.563543354552e-01,6.400929618419e-01,1.203370244985e+00,9.354217017636e-01,1.126263117284e-01,1.171855378380e-01
760.00000000,6.582147074262e+14,2.832690634645e-01,1.159664254293e+00,1.425550270062e+00,1.108129991687e+00,2.050349006559e-01,2.133349191694e-01
760.50000000,5.754867516337e+14,3.747560185185e-01,1.534199158361e+00,2.146715055941e+00,1.668716556022e+00,6.544917872299e-01,6.809862715035e-01
761.00000000,4.099762688775e+14,2.154909071181e-01,8.821898835461e-01,1.648415405575e+00,1.281370841869e+00,8.142691936728e-01,8.472316276822e-01
761.50000000,6.120742265545e+14,8.250201581790e-02,3.377518091139e-01,7.167337239583e-01,5.571421452132e-01,1.324773582176e-02,1.378401746079e-02
762.00000000,4.594626948336e+14,-8.775995852623e-03,-3.592770972459e-02,-2.682425033758e-01,-2.085142623718e-01,-3.904169029707e-01,-4.062213709529e-01
762.50000000,3.824345315741e+14,-8.008299816744e-02,-3.278486863886e-01,-3.928064694252e-01,-3.053421817806e-01,-3.307082513503e-01,-3.440956532024e-01
763.00000000,2.589488172390e+14,-3.370357108410e-02,-1.379777450818e-01,-3.846161892361e-01,-2.989755910623e-01,-3.629176167052e-01,-3.776088859863e-01
763.50000000,6.833484813992e+14,-1.062760416667e-02,-4.350793733041e-02,-3.845886549961e-01,-2.989541877364e-01,-2.782370370370e-01,-2.895003514834e-01
764.00000000,3.177714041172e+14,3.511248553241e-02,1.437456454062e-01,-3.596835238233e-01,-2.795945598235e-01,-5.717681086034e-01,-5.949138553600e-01
764.50000000,4.966537276190e+14,-5.351734423225e-02,-2.190925840322e-01,-9.700170850212e-01,-7.540281440330e-01,-8.041808207948e-01,-8.367348673472e-01
765.00000000,6.730945734510e+14,-1.401024450231e-01,-5.735599766712e-01,-9.622606372975e-01,-7.479987864354e-01,-1.099580697820e+00,-1.144092827803e+00
765.50000000,5.258989637850e+14,-9.002815152392e-03,-3.685627647632e-02,-4.797233573254e-01,-3.729057130633e-01,-6.805532769097e-02,-7.081027564360e-02
766.00000000,4.676575096799e+14,-2.678030960648e-02,-1.096348729003e-01,-1.490829686294e-01,-1.158873960866e-01,-1.714669174383e-02,-1.784080703086e-02
766.50000000,8.101131343659e+14,6.431352478781e-02,2.632906497160e-01,-6.355762833960e-02,-4.940556334119e-02,4.016229190779e-01,4.178810178364e-01
767.00000000,5.338062283847e+13,5.922795711564e-02,2.424710410723e-01,7.629554030430e-01,5.930718699907e-01,5.651308337553e-01,5.880078969662e-01
767.50000000,7.620795554646e+14,-7.203301866319e-02,-2.948931868904e-01,-5.928442819854e-02,-4.608385569171e-02,1.982499662423e-01,2.062753238027e-01
768.00000000,7.454504604323e+14,-1.091761459539e-02,-4.469519979899e-02,-2.540570110557e-01,-1.974873839678e-01,-1.647890825436e-01,-1.714599099568e-01
768.50000000,3.904818087091e+14,-1.827901566117e-02,-7.483175468109e-02,5.933772482036e-01,4.612528501646e-01,2.223808363173e-01,2.313830357115e-01
769.00000000,4.583021968857e+14,-2.518153686523e-01,-1.030897190594e+00,2.006283652223e-01,1.559554323372e-01,-3.328199172032e-01,-3.462928014079e-01
769.50000000,6.167378922756e+14,-1.777095647364e-01,-7.275183083896e-01,-2.957078025535e-01,-2.298639982518e-01,2.014093023606e-01,2.095625530172e-01
770.00000000,7.395097967722e+14,-1.318990556882e-01,-5.399764386051e-01,-1.969922941985e-01,-1.531289873931e-01,-4.081005346981e-01,-4.246208538367e-01
770.50000000,6.680311161806e+14,-1.367062478901e-01,-5.596564166865e-01,-5.588878912278e-02,-4.344430689443e-02,-1.861606629171e-01,-1.936966333483e-01
771.00000000,5.690591753986e+14,-1.993231155961e-01,-8.160011876482e-01,-5.994889012466e-01,-4.660036514362e-01,-5.363263029876e-01,-5.580373298901e-01
771.50000000,3.738010523035e+14,-1.341158932533e-01,-5.490518641047e-01,-6.408742724007e-01,-4.981739452210e-01,-5.960090319975e-01,-6.201360756568e-01
772.00000000,5.013654295619e+14,-2.893674889082e-01,-1.184630362162e+00,-7.299395055700e-01,-5.674074602813e-01,-7.479650589554e-01,-7.782434350609e-01
772.50000000,5.250886455193e+14,-1.173468490789e-01,-4.804017232462e-01,-5.841378634983e-01,-4.540707538810e-01,-7.580237039448e-01,-7.887092640924e-01
773.00000000,4.882048910059e+14,-4.088768566744e-02,-1.673885136957e-01,-3.653109326775e-01,-2.839689411818e-01,-2.664206645448e-01,-2.772056403759e-01
773.50000000,6.492772206561e+14,-6.151885730131e-02,-2.518496686674e-01,-9.745071313175e-01,-7.575184137692e-01,-8.906250048225e-01,-9.266783986837e-01
774.00000000,6.441417582331e+14,-2.398707441165e-02,-9.819975545526e-02,-1.000580471161e+00,-7.777861310648e-01,-8.896578896605e-01,-9.256721337295e-01
774.50000000,5.936910081382e+14,4.805077160494e-02,1.967131939504e-01,-4.217198941454e-01,-3.278175961997e-01,-4.561976417824e-01,-4.746649800771e-01
775.00000000,4.019981503559e+14,1.618616620853e-01,6.626391931579e-01,6.449254653742e-01,5.013230789488e-01,2.527799587674e-01,2.630127451413e-01
775.50000000,4.568685652027e+14,2.881163833430e-01,1.179508509516e+00,1.490424359809e+00,1.158558886438e+00,1.113115439333e+00,1.158175469233e+00
776.00000000,6.995807137545e+14,8.103746190201e-01,3.317561285267e+00,2.381075154321e+00,1.850892842136e+00,1.419728660301e+00,1.477200701046e+00
776.50000000,8.407257721822e+14,5.133785083912e-01,2.101700403927e+00,2.176744311825e+00,1.692059344959e+00,5.178098186728e-01,5.387712797106e-01
777.00000000,6.365375534235e+14,1.611421682099e-01,6.596936850312e-01,5.383552927276e-01,4.184823633255e-01,1.615176504630e-01,1.680560470228e-01
777.50000000,9.779218648542e+14,-5.360898919753e-03,-2.194677658082e-02,-8.024530526620e-02,-6.237747719249e-02,-1.710154007523e-01,-1.779382757741e-01
778.00000000,6.627564168847e+14,-4.942283950617e-03,-2.023302496220e-02,-5.416559027778e-01,-4.210480427436e-01,-3.425552662037e-02,-3.564222471045e-02
778.50000000,6.652642355880e+14,-3.397770302855e-02,-1.391000032382e-01,-3.269269868827e-01,-2.541317601103e-01,-7.178321759259e-02,-7.468907426906e-02
779.00000000,8.249553600440e+14,-4.157027391975e-02,-1.701829353206e-01,-3.160686053241e-01,-2.456911610525e-01,-8.502283950617e-02,-8.846464936253e-02
779.50000000,1.026638426858e+15,-6.283738425926e-02,-2.572475351438e-01,-6.877253809799e-01,-5.345929475184e-01,-5.927758487654e-04,-6.167720099233e-04
780.00000000,6.433216341021e+14,-1.689857638889e-01,-6.918042777759e-01,-1.340627811535e+00,-1.042116799983e+00,-6.025408179012e-01,-6.269322748080e-01
780.50000000,5.551060234668e+14,-1.655217447917e-01,-6.776230640771e-01,-1.267207494213e+00,-9.850446241834e-01,-2.256142264660e-01,-2.347473167380e-01
781.00000000,5.626327820829e+14,-1.384196132330e-01,-5.666706967438e-01,-8.893134114583e-01,-6.912943611616e-01,5.875305266204e-02,6.113143518746e-02
781.50000000,5.583904473769e+14,2.088354648920e-01,8.549434262319e-01,7.557637008102e-01,5.874815087788e-01,1.068891685957e+00,1.112161493946e+00
782.00000000,4.392600060755e+14,2.154137972608e-01,8.818742064862e-01,1.022255782215e+00,7.946351070439e-01,8.536800974151e-01,8.882379243534e-01
782.50000000,6.178667124520e+14,1.463559413580e-01,5.991609232596e-01,8.897969618056e-01,6.916702417276e-01,3.598390239198e-01,3.744056686757e-01
783.00000000,5.520362644076e+14,4.704534143519e-02,1.925971022961e-01,6.952631172840e-01,5.404522930942e-01,5.610201581790e-02,5.837308171178e-02
783.50000000,3.818493965345e+14,1.212630497685e-01,4.964341056633e-01,8.432848379630e-01,6.555147441001e-01,2.401018036265e-01,2.498213655590e-01
784.00000000,6.909077071337e+14,2.588765432099e-02,1.059804659795e-01,6.225812017747e-01,4.839541028020e-01,6.893434124228e-02,7.172487254548e-02
784.50000000,5.893411996274e+14,1.873805459105e-02,7.671099638790e-02,5.489994357639e-01,4.267564273006e-01,3.533909481096e-01,3.676965682866e-01
785.00000000,9.102239206640e+14,3.702212770062e-01,1.515634555612e+00,6.735491801698e-01,5.235732917295e-01,-2.230005111883e-01,-2.320277956431e-01
785.50000000,5.190170263624e+14,3.506761766975e-01,1.435619626000e+00,8.860474392361e-01,6.887556069364e-01,6.776487654321e-01,7.050806674193e-01
786.00000000,2.285858270063e+14,2.141065297068e-01,8.765224344478e-01,5.061263165509e-01,3.934296550115e-01,3.316819685571e-01,3.451087874588e-01
786.50000000,2.972398122939e+14,2.291642746914e-01,9.381667537931e-01,9.293356963735e-01,7.224050804268e-01,3.699470100309e-01,3.849228362071e-01
787.00000000,6.038067491037e+14,7.649659529321e-02,3.131664504824e-01,6.521317515432e-01,5.069247767635e-01,4.285213927469e-01,4.458683687099e-01
787.50000000,5.440241787688e+14,2.838839940201e-02,1.162181694692e-01,1.185661723573e+00,9.216562498555e-01,5.619273099923e-01,5.846746913467e-01
788.00000000,8.899285795755e+14,1.064782310957e-01,4.359071087813e-01,7.756329933449e-01,6.029266035143e-01,8.068439211998e-01,8.395057727289e-01
788.50000000,5.860478354737e+14,-4.947577281057e-02,-2.025469512280e-01,8.787034517265e-01,6.830468690624e-01,2.463956090856e-01,2.563699505783e-01
789.00000000,7.457793424366e+14,-5.364729456019e-02,-2.196245826497e-01,5.651123324171e-01,4.392815443795e-01,1.557203354070e-01,1.620240508363e-01
789.50000000,7.581981217022e+14,3.104803994261e-02,1.271063689305e-01,-2.574022834683e-04,-2.000877809995e-04,1.314080795476e-01,1.367276104645e-01
790.00000000,5.180899919945e+14,1.268899092121e-01,5.194696877379e-01,7.417713511526e-01,5.766047669091e-01,4.397752086121e-01,4.575777503335e-01
790.50000000,5.148578612937e+14,1.027921359592e-01,4.208167465814e-01,4.406590749482e-01,3.425396826152e-01,3.943614471812e-01,4.103255942711e-01
791.00000000,5.950528252835e+14,7.247399887273e-02,2.966984987010e-01,5.011132330247e-01,3.895328101770e-01,6.359982542438e-01,6.617441017454e-01
791.50000000,5.257242710249e+14,-9.660721450617e-02,-3.954965360474e-01,-6.893364197531e-01,-5.358452641991e-01,-3.605305555556e-01,-3.751251942060e-01
792.00000000,6.933382019661e+14,-2.236817901235e-01,-9.157222224336e-01,-6.466111111111e-01,-5.026333902269e-01,-2.801172839506e-02,-2.914567126787e-02
792.50000000,4.690977522909e+14,-3.496604938272e-01,-1.431461561211e+00,-9.972987654321e-01,-7.752351466353e-01,-5.251827160494e-01,-5.464426393710e-01
793.00000000,5.895164407174e+14,-4.098024691358e-01,-1.677674465984e+00,-1.202770370370e+00,-9.349553982840e-01,-2.476345679012e-01,-2.576590636900e-01
793.50000000,6.087027217480e+14,-5.537987654321e-01,-2.267175329662e+00,-2.615901234568e+00,-2.033431352224e+00,-1.272543209877e+00,-1.324057035901e+00
794.00000000,7.165860405846e+14,-4.944969135802e-01,-2.024401773789e+00,-2.566664197531e+00,-1.995157684442e+00,-2.119296296296e+00,-2.205087536903e+00
794.50000000,4.907479480010e+14,-5.176135802469e-01,-2.119038200669e+00,-2.223253086420e+00,-1.728212239099e+00,-1.717538271605e+00,-1.787065944242e+00
795.00000000,6.338920237349e+14,-4.121243055556e-01,-1.687179742231e+00,-1.657312345679e+00,-1.288286744009e+00,-1.298868518519e+00,-1.351448019452e+00
795.50000000,5.902940350158e+14,-2.402037615741e-01,-9.833608818318e-01,-7.178541666667e-01,-5.580131044457e-01,-4.440769290123e-01,-4.620536086920e-01
796.00000000,7.030714834702e+14,7.014259018133e-03,2.871540349022e-02,6.082542438272e-02,4.728172582271e-02,5.414946952160e-02,5.634149438220e-02
796.50000000,3.579915867100e+14,-1.636626446759e-01,-6.700121660743e-01,3.763193913966e-01,2.925262004558e-01,3.818049864969e-01,3.972608354589e-01
797.00000000,5.118296315374e+14,-5.595837191358e-02,-2.290858127709e-01,7.222042341821e-01,5.613945637888e-01,1.778497347608e-01,1.850492704809e-01
797.50000000,9.330620467717e+14,-1.822297116127e-01,-7.460231627227e-01,1.300914641204e-01,1.011246366275e-01,-7.658687307099e-02,-7.968718654128e-02
798.00000000,8.376477780683e+14,-1.208754484954e-01,-4.948473198142e-01,8.407932098765e-02,6.535779146044e-02,2.684385609568e-01,2.793052232594e-01
798.50000000,4.191089088711e+14,-2.629153645833e-02,-1.076339034283e-01,3.171472993827e-01,2.465296676021e-01,4.913749035494e-03,5.112662526977e-03
799.00000000,3.843549056489e+14,-3.573583863812e-02,-1.462975665572e-01,-2.142878448110e-01,-1.665734226816e-01,6.199550781250e-02,6.450514817594e-02
799.50000000,5.824522927485e+14,1.073629533179e-01,4.395290388415e-01,2.037414472415e-01,1.583753396702e-01,2.229365957755e-01,2.319612928703e-01
800.00000000,9.376341707490e+14,1.471839723187e-01,6.025507671585e-01,3.435984157986e-01,2.670910438156e-01,-1.336815200617e-03,-1.390930821318e-03
800.50000000,4.602971574415e+14,1.519963589892e-02,6.222520106737e-02,-5.419983579282e-01,-4.213142450874e-01,-6.387161072531e-01,-6.645719761717e-01
801.00000000,5.621340913308e+14,7.522195698302e-03,3.079482580423e-02,7.201318841628e-02,5.597836537719e-02,-4.068862774884e-01,-4.233574422767e-01
801.50000000,3.130412554439e+14,3.051120153356e-02,1.249086269473e-01,2.845697362076e-01,2.212059904449e-01,-6.173240125868e-01,-6.423139080481e-01
802.00000000,6.236609085907e+14,-1.230628858025e-02,-5.038023847356e-02,1.983257306134e-01,1.541655140694e-01,-4.112689441069e-01,-4.279175236375e-01
802.50000000,9.052527351185e+14,9.677176167052e-03,3.961701693144e-02,4.213466073495e-01,3.275274273416e-01,-3.473126820505e-01,-3.613722479185e-01
803.00000000,5.299290709915e+14,-2.703318684896e-02,-1.106701172551e-01,2.427575942805e-01,1.887039528394e-01,-3.205512562693e-01,-3.335274927688e-01
803.50000000,7.992447240469e+14,4.730266203704e-02,1.936505371478e-01,-3.696035397377e-02,-2.873057345071e-02,-3.659729588638e-01,-3.807879114612e-01
804.00000000,5.837597298860e+14,4.795777271412e-02,1.963324693910e-01,-2.117305875048e-01,-1.645855773023e-01,-7.174589690032e-01,-7.465024279771e-01
804.50000000,4.300683846395e+14,1.032949655792e-01,4.228752612994e-01,-4.945739507981e-01,-3.844495978122e-01,-2.675359790943e-01,-2.783661039775e-01
805.00000000,5.051854919114e+14,1.557814129111e-01,6.377474964148e-01,-3.592271610966e-01,-2.792398131442e-01,-1.509641915027e-01,-1.570753734544e-01
805.50000000,4.873023997834e+14,-1.311635736159e-01,-5.369654770182e-01,-7.918619921272e-01,-6.155419708313e-01,-1.034737253448e-01,-1.076624455738e-01
806.00000000,5.211719554697e+14,1.932322512629e+00,7.910660339165e+00,1.389686127689e+00,1.080251541782e+00,2.041083148269e+00,2.123708242163e+00
806.50000000,7.061449293584e+14,5.105890250936e+02,2.090280646229e+03,5.103366529341e+02,3.967024964674e+02,5.103225272188e+02,5.309808951856e+02
807.00000000,4.665959096828e+14,7.644967090700e+04,3.129743485540e+05,7.644964782538e+04,5.942698015519e+04,7.644948379012e+04,7.954423560446e+04
807.50000000,9.508192950061e+14,6.704441121904e+06,2.744705199711e+07,6.704440532676e+06,5.211595681867e+06,6.704440758982e+06,6.975843248238e+06
808.00000000,5.240863400444e+14,3.470960967319e+08,1.420963275204e+09,3.470960968000e+08,2.698099133640e+08,3.470960965035e+08,3.611468947712e+08
808.50000000,3.912623810926e+14,1.065251585638e+10,4.360992233266e+10,1.065251585609e+10,8.280572460305e+09,1.065251585583e+10,1.108374038656e+10
809.00000000,5.953771930305e+14,1.942774245680e+11,7.953448284544e+11,1.942774245680e+11,1.510186244516e+11,1.942774245681e+11,2.021419696554e+11
809.50000000,5.517204927489e+14,2.109022079909e+12,8.634043858064e+12,2.109022079909e+12,1.639416489869e+12,2.109022079910e+12,2.194397409928e+12
810.00000000,5.442448061877e+14,1.364610991396e+13,5.586528117059e+13,1.364610991396e+13,1.060759762955e+13,1.364610991396e+13,1.419851813599e+13
810.50000000,4.551409487067e+14,5.268575765096e+13,2.156881839157e+14,5.268575765096e+13,4.095447871174e+13,5.268575765096e+13,5.481852998632e+13
811.00000000,1.074507989634e+15,1.214836845432e+14,4.973373538272e+14,1.214836845432e+14,9.443350905969e+13,1.214836845432e+14,1.264014659920e+14
811.50000000,6.098492015511e+14,1.673926511505e+14,6.852822952015e+14,1.673926511505e+14,1.301201515116e+14,1.673926511505e+14,1.741688736333e+14
812.00000000,1.041363572633e+15,1.378635091850e+14,5.643940839071e+14,1.378635091850e+14,1.071661185828e+14,1.378635091850e+14,1.434443623711e+14
812.50000000,5.049357116919e+14,6.785713249951e+13,2.777976881628e+14,6.785713249951e+13,5.274771802281e+13,6.785713249951e+13,7.060405731191e+13
813.00000000,6.113849476246e+14,1.995066595411e+13,8.167525911003e+13,1.995066595411e+13,1.550834913518e+13,1.995066595411e+13,2.075828893072e+13
813.50000000,4.824908541212e+14,3.500909046389e+12,1.433223603373e+13,3.500909046389e+12,2.721378820477e+12,3.500909046390e+12,3.642629357450e+12
814.00000000,9.777500450742e+14,3.662701884288e+11,1.499459347022e+12,3.662701884294e+11,2.847146041660e+11,3.662701884291e+11,3.810971731775e+11
814.50000000,6.502241687680e+14,2.281725019793e+10,9.341065738764e+10,2.281725019797e+10,1.773664514202e+10,2.281725019790e+10,2.374091538107e+10
815.00000000,6.427669445433e+14,8.450658108198e+08,3.459582212569e+09,8.450658112437e+08,6.568991568060e+08,8.450658109590e+08,8.792749229379e+08
815.50000000,7.039014541019e+14,1.856705865511e+07,7.601096274456e+07,1.856705907793e+07,1.443282320782e+07,1.856705884548e+07,1.931867201800e+07
816.00000000,8.643469303057e+14,2.411300157069e+05,9.871528377732e+05,2.411301432584e+05,1.874388783447e+05,2.411300180068e+05,2.508912030891e+05
816.50000000,7.723947230461e+14,1.838995639178e+03,7.528593064391e+03,1.839094145621e+03,1.429592083210e+03,1.838424880025e+03,1.912846163871e+03
817.00000000,9.447999486200e+14,8.214829128086e+00,3.363037099235e+01,8.539573784722e+00,6.638108824224e+00,8.409068904321e+00,8.749476451349e+00
817.50000000,6.358894601721e+14,6.309672067901e-02,2.583092224743e-01,6.642721257716e-01,5.163619134786e-01,1.272961033951e-02,1.324491773912e-02
818.00000000,6.657509105154e+14,1.436439718364e-01,5.880584962086e-01,1.219581659011e+00,9.480233998359e-01,7.001036108700e-01,7.284445075321e-01
818.50000000,4.281781653759e+14,4.902091441213e-02,2.006848240370e-01,4.769285879630e-01,3.707332412708e-01,-3.811880787037e-02,-3.966189546193e-02
819.00000000,3.925324225028e+14,-2.889969135802e-02,-1.183113278171e-01,1.783947530864e-01,1.386724694360e-01,1.529805555556e-01,1.591733619473e-01
819.50000000,7.208581712746e+14,1.691481481481e-02,6.924690564094e-02,-3.372962962963e-02,-2.621921863159e-02,-1.211327160494e-01,-1.260362899414e-01
820.00000000,8.868195925637e+14,7.038209876543e-02,2.881345498239e-01,3.377777777778e-02,2.625664586803e-02,-1.125407407407e-01,-1.170965028509e-01
