wavelength_nm,measurement,init_raw,init_fit,opt_raw,opt_fit,truth_raw,truth_fit
300.00000000,-3.605650014332e+14,-3.823464023920e-01,-1.565273137096e+00,-7.408391203704e-01,-5.758801113773e-01,-6.002179783951e-01,-6.245154044279e-01
300.50000000,-3.817840941129e+14,1.089822048611e-01,4.461580300571e-01,1.357793209877e+00,1.055460063367e+00,1.312207754630e+00,1.365327241225e+00
301.00000000,-7.683836236919e+14,1.312408371914e-01,5.372817833789e-01,1.046867283951e+00,8.137664865449e-01,1.182465277778e-01,1.230332658725e-01
301.50000000,-6.020794215701e+14,-3.367361111111e-01,-1.378550931080e+00,-1.153217592593e+00,-8.964362942018e-01,-9.845871913580e-02,-1.024444268813e-01
302.00000000,-1.714184679998e+14,-1.260474537037e-01,-5.160207917415e-01,-8.682986111111e-01,-6.749588232132e-01,1.367399691358e-01,1.422753402933e-01
302.50000000,-3.041457439399e+14,-2.602777777778e-01,-1.065541119754e+00,-1.190785108025e+00,-9.256388354504e-01,1.683516589506e-01,1.751667030314e-01
303.00000000,-4.820583311571e+14,5.150589554398e-02,2.108579921054e-01,-9.129904513889e-01,-7.096993508785e-01,8.781061921296e-01,9.136528118915e-01
303.50000000,-5.426166627984e+14,8.110590277778e-01,3.320363159789e+00,-2.089973958333e+00,-1.624609719988e+00,1.055740740741e+00,1.098478185271e+00
304.00000000,-7.876202724700e+13,1.496332248264e+01,6.125776671955e+01,9.545567129630e+00,7.420102571018e+00,1.822342303241e+01,1.896112548241e+01
304.50000000,-1.607002248795e+14,1.767619979745e+02,7.236391015009e+02,1.298278134645e+02,1.009196917685e+02,2.168819376929e+02,2.256615361532e+02
305.00000000,-1.365419162529e+15,1.890538961468e+03,7.739604276402e+03,1.404672183642e+03,1.091900726247e+03,2.315289974923e+03,2.409015236303e+03
305.50000000,-9.421233346434e+14,1.816567525128e+04,7.436775476418e+04,1.349723501519e+04,1.049187197343e+04,2.224404053747e+04,2.314450161842e+04
306.00000000,-7.910947939974e+14,1.568763698703e+05,6.422300983272e+05,1.165477416725e+05,9.059662834970e+04,1.920822396986e+05,1.998579214997e+05
306.50000000,-2.413125714502e+14,1.217505385831e+06,4.984298172520e+06,9.045138192554e+05,7.031101687972e+05,1.490727863951e+06,1.551074023701e+06
307.00000000,-1.816771292737e+14,8.491626086900e+06,3.476353934793e+07,6.308613168079e+06,4.903905252808e+06,1.039723873515e+07,1.081812939189e+07
307.50000000,8.894431233550e+14,5.322575519295e+07,2.178988589509e+08,3.954256482965e+07,3.073781609543e+07,6.517018639258e+07,6.780834093046e+07
308.00000000,-4.431238270238e+14,2.998251130890e+08,1.227442425008e+09,2.227465663201e+08,1.731486822094e+08,3.671090944876e+08,3.819700389950e+08
308.50000000,-3.159262777770e+14,1.517866053579e+09,6.213933084017e+09,1.127655541666e+09,8.765660196312e+08,1.858491536860e+09,1.933725139109e+09
309.00000000,-4.682789413320e+14,6.905927789476e+09,2.827191046645e+10,5.130563213205e+09,3.988165896493e+09,8.455692337095e+09,8.797987247464e+09
309.50000000,1.501781330907e+14,2.823822667525e+10,1.156033831559e+11,2.097878972771e+10,1.630754563678e+10,3.457518876361e+10,3.597482709800e+10
310.00000000,-9.156479108835e+14,1.037726852191e+11,4.248309792418e+11,7.709497369441e+10,5.992861448188e+10,1.270603930366e+11,1.322039252410e+11
310.50000000,4.839667009918e+14,3.427379234238e+11,1.403121518192e+12,2.546274208333e+11,1.979307834012e+11,4.196520034801e+11,4.366399376659e+11
311.00000000,-4.425856569094e+14,1.017367211796e+12,4.164960248676e+12,7.558241194662e+11,5.875284743094e+11,1.245675367464e+12,1.296101556268e+12
311.50000000,-4.895840336099e+14,2.714141873199e+12,1.111132035717e+13,2.016394736954e+12,1.567414022517e+12,3.323224530973e+12,3.457751994558e+12
312.00000000,-3.460321551342e+14,6.507723736886e+12,2.664171830901e+13,4.834728804039e+12,3.758203482502e+12,7.968127007936e+12,8.290684784551e+12
312.50000000,8.117643867275e+12,1.402392880916e+13,5.741201932125e+13,1.041868021766e+13,8.098803855214e+12,1.717104942060e+13,1.786615073082e+13
313.00000000,-1.582352707354e+14,2.716166153813e+13,1.111960748122e+14,2.017898618831e+13,1.568583042402e+13,3.325703081949e+13,3.460330879765e+13
313.50000000,4.442934223953e+14,4.728144784639e+13,1.935636891938e+14,3.512641086836e+13,2.730498545089e+13,5.789191379218e+13,6.023543655207e+13
314.00000000,1.749967614985e+14,7.397321365354e+13,3.028360760614e+14,5.495630134866e+13,4.271945159393e+13,9.057359921958e+13,9.424010939885e+13
314.50000000,-3.943784646627e+14,1.040180491936e+14,4.258354653196e+14,7.727725990053e+13,6.007031191361e+13,1.273608193283e+14,1.325165130904e+14
315.00000000,4.426974295043e+14,1.314602207747e+14,5.381799093390e+14,9.766464307058e+13,7.591813658679e+13,1.609613096645e+14,1.674771849906e+14
315.50000000,2.720379228459e+14,1.493248543617e+14,6.113152412864e+14,1.109366659881e+14,8.623494333440e+13,1.828349593655e+14,1.902363019799e+14
316.00000000,-2.021021965120e+14,1.524482012623e+14,6.241017902659e+14,1.132570679959e+14,8.803867282162e+13,1.866592189377e+14,1.942153714168e+14
316.50000000,4.133962374849e+14,1.398830391527e+14,5.726617594709e+14,1.039221371299e+14,8.078230517177e+13,1.712742991696e+14,1.782076546591e+14
317.00000000,-9.790583021101e+14,1.153613071431e+14,4.722731899707e+14,8.570441172161e+13,6.662103122078e+13,1.412496264873e+14,1.469675530994e+14
317.50000000,3.223019335431e+14,8.550807933477e+13,3.500582161885e+14,6.352580270037e+13,4.938082416077e+13,1.046970129482e+14,1.089352530868e+14
318.00000000,-7.810345119105e+14,5.696462559889e+13,2.332052757836e+14,4.232025318365e+13,3.289701022367e+13,6.974810088490e+13,7.257157399498e+13
318.50000000,-1.897102493190e+14,3.410777702842e+13,1.396325081514e+14,2.533940571361e+13,1.969720467420e+13,4.176192941017e+13,4.345249421722e+13
319.00000000,-2.104623186113e+14,1.835482886357e+13,7.514212341587e+13,1.363619959725e+13,1.059989399440e+13,2.247385007524e+13,2.338361407687e+13
319.50000000,-2.419607212088e+14,8.877576726208e+12,3.634356773102e+13,6.595343878076e+12,5.126791043620e+12,1.086980052275e+13,1.130982095482e+13
320.00000000,-3.341659679673e+14,3.859080599474e+12,1.579854069100e+13,2.866994495423e+12,2.228614909695e+12,4.725099834243e+12,4.916376616766e+12
320.50000000,-7.918660521789e+14,1.507705346210e+12,6.172336557411e+12,1.120106931401e+12,8.706982213457e+11,1.846050658396e+12,1.920780641402e+12
321.00000000,2.856822853899e+14,5.294073310133e+11,2.167320180425e+12,3.933081636218e+11,3.057321661941e+11,6.482120358812e+11,6.744523095190e+11
321.50000000,-5.705058893056e+14,1.670712312042e+11,6.839664465249e+11,1.241208334100e+11,9.648345693821e+10,2.045638142349e+11,2.128447626974e+11
322.00000000,-1.214084191976e+15,4.738586360322e+10,1.939911528190e+11,3.520398359356e+10,2.736528543829e+10,5.801976156836e+10,6.036845973452e+10
322.50000000,1.170140484966e+15,1.207892433919e+10,4.944944080779e+10,8.973694302899e+09,6.975565858396e+09,1.478956500753e+10,1.538826143910e+10
323.00000000,7.519888675920e+14,2.767175871439e+09,1.132843418975e+10,2.055794842881e+09,1.598041100334e+09,3.388159930164e+09,3.525316043866e+09
323.50000000,-2.437693838490e+14,5.697322452652e+08,2.332404786006e+09,4.232664159497e+08,3.290197615881e+08,6.975862959604e+08,7.258252891890e+08
324.00000000,4.008324649670e+14,1.054209695770e+08,4.315788267739e+08,7.831952025653e+07,6.088049727423e+07,1.290785711535e+08,1.343038012331e+08
324.50000000,1.634981613800e+14,1.753152133554e+07,7.177161659501e+07,1.302454626378e+07,1.012443450513e+07,2.146578426942e+07,2.233474075573e+07
325.00000000,6.550646483783e+13,2.625986050752e+06,1.075042264794e+07,1.950900644090e+06,1.516503177698e+06,3.215284704985e+06,3.345442656105e+06
325.50000000,5.965878683472e+13,3.954424889506e+05,1.618886698943e+06,2.937830160494e+05,2.283677945067e+05,4.841822369599e+05,5.037824197475e+05
326.00000000,-1.097385243617e+15,3.304424874730e+05,1.352785708878e+06,2.454924396142e+05,1.908298435923e+05,4.045961483642e+05,4.209746064276e+05
326.50000000,1.004978918637e+15,1.756522851765e+06,7.190960912312e+06,1.304958754514e+06,1.014389996733e+06,2.150703796458e+06,2.237766444186e+06
327.00000000,1.067620878845e+14,9.810864248079e+06,4.016431739162e+07,7.288703211860e+06,5.665763459337e+06,1.201252673809e+07,1.249880587399e+07
327.50000000,-1.291944272744e+15,5.056795748666e+07,2.070182037977e+08,3.756803050596e+07,2.920294163351e+07,6.191595003882e+07,6.442236982375e+07
328.00000000,4.809941006186e+14,2.399265384492e+08,9.822259688116e+08,1.782466183153e+08,1.385573191069e+08,2.937686355358e+08,3.056606846740e+08
328.50000000,-2.414189537407e+14,1.047849166030e+09,4.289749141237e+09,7.784698245419e+08,6.051317714391e+08,1.282997798694e+09,1.334934836963e+09
329.00000000,-1.030664165220e+14,4.212483594246e+09,1.724532353196e+10,3.129545228137e+09,2.432704760028e+09,5.157810264428e+09,5.366603599353e+09
329.50000000,-1.300647280775e+15,1.558828126711e+10,6.381626129673e+10,1.158087151434e+10,9.002215722881e+09,1.908645941088e+10,1.985909843946e+10
330.00000000,-3.244282214086e+14,5.309826407272e+10,2.173769279886e+11,3.944784953002e+10,3.066419058646e+10,6.501408620462e+10,6.764592165026e+10
330.50000000,-4.739569072407e+14,1.664891467534e+11,6.815834735227e+11,1.236883902752e+11,9.614730379270e+10,2.038511037663e+11,2.121032009939e+11
331.00000000,2.386419187467e+14,4.805254555188e+11,1.967204562431e+12,3.569927604190e+11,2.775029354932e+11,5.883605412471e+11,6.121779663263e+11
331.50000000,2.068545442427e+14,1.276653392421e+12,5.226441907230e+12,9.484534345138e+11,7.372659656944e+11,1.563148158589e+12,1.626425964535e+12
332.00000000,-7.216406422955e+13,3.122172680514e+12,1.278174188540e+13,2.319529654295e+12,1.803051376378e+12,3.822821844455e+12,3.977573508593e+12
332.50000000,1.058331145953e+15,7.028606569686e+12,2.877414037617e+13,5.221703933454e+12,4.059012760117e+12,8.605901556428e+12,8.954277086718e+12
333.00000000,-2.886623577766e+14,1.456501527060e+13,5.962715224163e+13,1.082066506003e+13,8.411280706710e+12,1.783356150951e+13,1.855548197387e+13
333.50000000,-1.469283669806e+14,2.778324394486e+13,1.137407469672e+14,2.064077321053e+13,1.604479359764e+13,3.401810301047e+13,3.539518995459e+13
334.00000000,3.745018952247e+14,4.878497250436e+13,1.997189105935e+14,3.624341187599e+13,2.817326932925e+13,5.973284557088e+13,6.215089109639e+13
334.50000000,-3.063609577846e+14,7.885350298563e+13,3.228153036545e+14,5.858197391251e+13,4.553781345210e+13,9.654907802075e+13,1.004574815778e+14
335.00000000,-5.558358745274e+14,1.173244003651e+14,4.803098213259e+14,8.716283616143e+13,6.775471545228e+13,1.436532589637e+14,1.494684870303e+14
335.50000000,-6.208209432987e+14,1.606899191428e+14,6.578422400810e+14,1.193800185763e+14,9.279825606342e+13,1.967504670439e+14,2.047151233721e+14
336.00000000,-9.421037505467e+13,2.025919892347e+14,8.293835029078e+14,1.505099732905e+14,1.169966566272e+14,2.480558127972e+14,2.580973610020e+14
336.50000000,-1.996832002415e+14,2.351199939701e+14,9.625486424177e+14,1.746757319783e+14,1.357815444955e+14,2.878834520033e+14,2.995372630068e+14
337.00000000,-3.991584671688e+14,2.511832749532e+14,1.028309486666e+15,1.866094910615e+14,1.450580720452e+14,3.075515061821e+14,3.200014997540e+14
337.50000000,6.354714584673e+14,2.470164310772e+14,1.011251005810e+15,1.835138525674e+14,1.426517241732e+14,3.024495776786e+14,3.146930400653e+14
338.00000000,2.290437532373e+14,2.236119123587e+14,9.154361525571e+14,1.661261290917e+14,1.291356397003e+14,2.737928329781e+14,2.848762415848e+14
338.50000000,5.078030029034e+14,1.863364839142e+14,7.628357188852e+14,1.384334065869e+14,1.076091197286e+14,2.281523970700e+14,2.373882350348e+14
339.00000000,9.474021512690e+13,1.429336618800e+14,5.851505857724e+14,1.061885107755e+14,8.254403652687e+13,1.750095144811e+14,1.820940752343e+14
339.50000000,-7.668767645460e+14,1.009263347226e+14,4.131784151194e+14,7.498035830929e+13,5.828485012061e+13,1.235752908436e+14,1.285777426141e+14
340.00000000,-1.953312245554e+14,6.560054278873e+13,2.685595228927e+14,4.873606296218e+13,3.788424314407e+13,8.032201086954e+13,8.357352646580e+13
340.50000000,2.293926876685e+13,3.925028424489e+13,1.606852193916e+14,2.915988561868e+13,2.266699707953e+13,4.805847061211e+13,5.000392572505e+13
341.00000000,2.187492452573e+13,2.161772632881e+13,8.849997305036e+13,1.606027673968e+13,1.248421378311e+13,2.646897686121e+13,2.754046760390e+13
341.50000000,-4.340368322221e+14,1.095994444647e+13,4.486849233783e+13,8.142379923976e+12,6.329356170003e+12,1.341947397895e+13,1.396270775091e+13
342.00000000,1.088871654418e+14,5.114898492867e+12,2.093968495525e+13,3.799968786785e+12,2.953848397032e+12,6.262736783499e+12,6.516258652616e+12
342.50000000,-9.135170589574e+12,2.197329154096e+12,8.995560770935e+12,1.632443383089e+12,1.268955231198e+12,2.690433473509e+12,2.799344920137e+12
343.00000000,6.180073514095e+14,8.689237327532e+11,3.557253235692e+12,6.455422462741e+11,5.018025242744e+11,1.063919573526e+12,1.106988105415e+12
343.50000000,2.743628694595e+14,3.162973568372e+11,1.294877506090e+12,2.349841516872e+11,1.826613845363e+11,3.872778890833e+11,4.029552866336e+11
344.00000000,5.829811947364e+14,1.059828659689e+11,4.338791526630e+11,7.873696480384e+10,6.120499149408e+10,1.297665621419e+11,1.350196427870e+11
344.50000000,-4.536413241821e+14,3.268892978570e+10,1.338239443444e+11,2.428531338944e+10,1.887782191166e+10,4.002467756991e+10,4.164491667928e+10
345.00000000,6.110060842955e+14,9.280889173384e+09,3.799467294732e+10,6.894973424574e+09,5.359703550350e+09,1.136362062578e+10,1.182363139113e+10
345.50000000,-4.251395951287e+13,2.425531232067e+09,9.929788424818e+09,1.801979647294e+09,1.400741687972e+09,2.969846555405e+09,3.090068923954e+09
346.00000000,-3.368409173578e+14,5.837181456820e+08,2.389661122364e+09,4.336568462967e+08,3.370966058326e+08,7.147107826061e+08,7.436429922371e+08
346.50000000,-5.594468445632e+13,1.305130586566e+08,5.343023590058e+08,9.696097969619e+07,7.537115448059e+07,1.598015942681e+08,1.662705231513e+08
347.00000000,3.782202853519e+14,3.320723378364e+07,1.359458090193e+08,2.467037574621e+07,1.917714432433e+07,4.065929497541e+07,4.230522403414e+07
347.50000000,-9.091820092776e+13,3.843344624254e+07,1.573411979114e+08,2.855304012546e+07,2.219527489233e+07,4.705832399897e+07,4.896329217345e+07
348.00000000,1.442631552971e+15,1.522385386228e+08,6.232434605014e+08,1.131013043874e+08,8.791759233097e+07,1.864025042426e+08,1.939482646533e+08
348.50000000,2.582604558696e+14,6.346666724327e+08,2.598237323941e+09,4.715076053277e+08,3.665193222188e+08,7.770927055483e+08,8.085501980150e+08
349.00000000,1.503631129737e+14,2.466364694715e+09,1.009695495699e+10,1.832315707924e+09,1.424322966949e+09,3.019843485695e+09,3.142089780150e+09
349.50000000,7.349875547929e+14,8.889708272677e+09,3.639323259953e+10,6.604356666436e+09,5.133796998654e+09,1.088465452034e+10,1.132527625714e+10
350.00000000,-1.035741477543e+14,2.971356236810e+10,1.216432028424e+11,2.207484854369e+10,1.715955041848e+10,3.638160566984e+10,3.785436957318e+10
350.50000000,-7.286241527508e+14,9.209941800806e+10,3.770422424491e+11,6.842265085030e+10,5.318731517945e+10,1.127675189843e+11,1.173324613054e+11
351.00000000,-2.248587491817e+14,2.647249608386e+11,1.083747270348e+12,1.966699025732e+11,1.528783811279e+11,3.241320921725e+11,3.372532845025e+11
351.50000000,-2.126790762128e+14,7.056180638563e+11,2.888702478942e+12,5.242189305965e+11,4.074936755326e+11,8.639663543223e+11,8.989405792615e+11
352.00000000,5.435428388353e+14,1.744143319394e+12,7.140280823918e+12,1.295761818658e+12,1.007240897422e+12,2.135547858335e+12,2.221996978480e+12
352.50000000,2.374311870307e+13,3.997911327975e+12,1.636689443662e+13,2.970134848195e+12,2.308789506592e+12,4.895085672919e+12,5.093243652758e+12
353.00000000,-2.578338843194e+14,8.498131007990e+12,3.479016959259e+13,6.313445442060e+12,4.907661548071e+12,1.040520310011e+13,1.082641616233e+13
353.50000000,3.676429830475e+14,1.675149855200e+13,6.857831151416e+13,1.244505080957e+13,9.673972458055e+12,2.051071517972e+13,2.134100951094e+13
354.00000000,9.075713338448e+13,3.062136319036e+13,1.253596134900e+14,2.274927342049e+13,1.768380441977e+13,3.749312677087e+13,3.901088616370e+13
354.50000000,-3.835977646251e+14,5.190827077509e+13,2.125052604891e+14,3.856377775562e+13,2.997697073277e+13,6.355704560011e+13,6.612989858006e+13
355.00000000,7.778799654222e+14,8.160002462317e+13,3.340591822755e+14,6.062242427716e+13,4.712392675381e+13,9.991194868380e+13,1.039564846196e+14
355.50000000,-2.978927056063e+14,1.189559420542e+14,4.869891266937e+14,8.837494379196e+13,6.869692902885e+13,1.456509361735e+14,1.515470322181e+14
356.00000000,5.834029449519e+14,1.608142317183e+14,6.583511585218e+14,1.194723730789e+14,9.287004644249e+13,1.969026766996e+14,2.048734946274e+14
356.50000000,-2.985170139649e+14,2.016069991623e+14,8.253510901766e+14,1.497782028486e+14,1.164278259161e+14,2.468497803477e+14,2.568425071488e+14
357.00000000,1.621568675476e+14,2.343849613618e+14,9.595395208737e+14,1.741296603460e+14,1.353570639521e+14,2.869834701641e+14,2.986008489997e+14
357.50000000,2.499225877775e+14,2.526952333141e+14,1.034499234475e+15,1.877327576496e+14,1.459312263780e+14,3.094027642775e+14,3.219276986346e+14
358.00000000,3.175623017561e+13,2.526431989956e+14,1.034286213193e+15,1.876941002282e+14,1.459011766148e+14,3.093390528976e+14,3.218614081542e+14
358.50000000,3.233319381472e+14,2.342402077758e+14,9.589469197711e+14,1.740221197742e+14,1.352734689113e+14,2.868062323149e+14,2.984164363846e+14
359.00000000,-1.089478903536e+15,2.013995486933e+14,8.245018167317e+14,1.496240834056e+14,1.163080234927e+14,2.465957757600e+14,2.565782202006e+14
359.50000000,4.516581642673e+14,1.605826539898e+14,6.574031114229e+14,1.193003289726e+14,9.273631055251e+13,1.966191304356e+14,2.045784701261e+14
360.00000000,-6.728698307013e+14,1.187212727515e+14,4.860284231192e+14,8.820060288834e+13,6.856140775813e+13,1.453636045528e+14,1.512480691251e+14
360.50000000,-5.009405658736e+14,8.128908980267e+13,3.327862582494e+14,6.039142406976e+13,4.694436222826e+13,9.953123674193e+13,1.035603610763e+14
361.00000000,7.107300428031e+13,5.160173800837e+13,2.112503578605e+14,3.833604792925e+13,2.979994838856e+13,6.318172358030e+13,6.573938314828e+13
361.50000000,4.480139370555e+14,3.037671609094e+13,1.243580621993e+14,2.256751979569e+13,1.754252098209e+13,3.719357822839e+13,3.869921159565e+13
362.00000000,-2.348022042092e+14,1.658292937819e+13,6.788821269839e+13,1.231981712219e+13,9.576623940871e+12,2.030431726844e+13,2.112625640511e+13
362.50000000,-1.598794192764e+14,8.395084304260e+12,3.436831068086e+13,6.236889815729e+12,4.848152187124e+12,1.027903160663e+13,1.069513712020e+13
363.00000000,1.315704630881e+13,3.941228664969e+12,1.613484347659e+13,2.928024071127e+12,2.276055329466e+12,4.825682810074e+12,5.021031292385e+12
363.50000000,-5.077220796091e+14,1.715853790534e+12,7.024467416735e+12,1.274744915431e+12,9.909037248318e+11,2.100909854630e+12,2.185956793628e+12
364.00000000,-5.088551794650e+14,6.927399737284e+11,2.835981364246e+12,5.146515187360e+11,4.000565922896e+11,8.481982821215e+11,8.825341996761e+11
364.50000000,-2.271464824906e+14,2.593586465443e+11,1.061778323975e+12,1.926831515505e+11,1.497793403782e+11,3.175615191794e+11,3.304167281216e+11
365.00000000,6.354319418588e+14,9.004733234024e+10,3.686412883646e+11,6.689811200042e+10,5.200223790892e+10,1.102549232018e+11,1.147181531244e+11
365.50000000,1.217684946120e+14,2.899210007595e+10,1.186896362905e+11,2.153885859681e+10,1.674290672106e+10,3.549823947532e+10,3.693524382873e+10
366.00000000,1.572132958548e+14,8.656178736273e+09,3.543719506978e+10,6.430862522149e+09,4.998933943521e+09,1.059871844290e+10,1.102776520038e+10
366.50000000,-1.334796346332e+15,2.396677361314e+09,9.811664680204e+09,1.780543481719e+09,1.384078608122e+09,2.934517566454e+09,3.053309782081e+09
367.00000000,-7.562124617346e+13,6.153643462519e+08,2.519216277933e+09,4.571674924636e+08,3.553722518681e+08,7.534587327623e+08,7.839594982958e+08
367.50000000,9.520973316229e+13,1.465490592507e+08,5.999515211255e+08,1.088744685748e+08,8.463192529256e+07,1.794362458521e+08,1.867000051332e+08
368.00000000,1.683309035761e+14,3.253545234140e+07,1.331956289759e+08,2.417129170827e+07,1.878918887832e+07,3.983675713117e+07,4.144938903262e+07
368.50000000,-4.313442723823e+13,7.566158097969e+06,3.097480177055e+07,5.621060536706e+06,4.369446589590e+06,9.264082477775e+06,9.639101832190e+06
369.00000000,3.723676450801e+13,5.730971420100e+06,2.346180206543e+07,4.257662012398e+06,3.309629319630e+06,7.017059908074e+06,7.301117534173e+06
369.50000000,6.561465287447e+14,2.009222758130e+07,8.225479277608e+07,1.492694980273e+07,1.160323918994e+07,2.460113750510e+07,2.559701623644e+07
370.00000000,3.614479591590e+14,8.265948232717e+07,3.383964551610e+08,6.140951737585e+07,4.773576169729e+07,1.012091576545e+08,1.053062059110e+08
370.50000000,-6.902836829630e+14,3.215931747669e+08,1.316557850125e+09,2.389185293574e+08,1.857197136507e+08,3.937621434622e+08,4.097020301361e+08
371.00000000,-4.445842913975e+14,1.171674088704e+09,4.796671199223e+09,8.704620392171e+08,6.766405314065e+08,1.434610369162e+09,1.492684836414e+09
371.50000000,-6.528939656607e+14,3.995993664566e+09,1.635904378862e+10,2.968710176207e+09,2.307682059320e+09,4.892737666211e+09,5.090800596383e+09
372.00000000,5.546651824894e+14,1.275718534537e+10,5.222614728723e+10,9.477589084818e+09,7.367260863634e+09,1.562003508672e+10,1.625234978040e+10
372.50000000,7.003875754728e+14,3.812391362405e+10,1.560740143059e+11,2.832308050789e+10,2.201651925357e+10,4.667933029776e+10,4.856895642692e+10
373.00000000,6.043735180881e+12,1.066481345583e+11,4.366026699904e+11,7.923120723688e+10,6.158918339157e+10,1.305811241660e+11,1.358671790993e+11
373.50000000,-2.042667345941e+14,2.792690685251e+11,1.143288829840e+12,2.074750349372e+11,1.612775877277e+11,3.419400542139e+11,3.557821307161e+11
374.00000000,-5.814504289217e+14,6.845525186882e+11,2.802463058972e+12,5.085688811919e+11,3.953283457782e+11,8.381734740212e+11,8.721035772849e+11
374.50000000,1.561086066868e+13,1.570744733255e+12,6.430411063942e+12,1.166940256332e+12,9.071033997921e+11,1.923236762600e+12,2.001091316554e+12
375.00000000,5.124255708727e+14,3.373804072494e+12,1.381188590101e+13,2.506472061193e+12,1.948368235525e+12,4.130922029949e+12,4.298145898748e+12
375.50000000,-1.024426284861e+15,6.783439815368e+12,2.777046169045e+13,5.039564245778e+12,3.917429222286e+12,8.305716742887e+12,8.641940490716e+12
376.00000000,1.009000880518e+15,1.276722152303e+13,5.226723400647e+13,9.485045177172e+12,7.373056744517e+12,1.563232348929e+13,1.626513562984e+13
376.50000000,2.821511111430e+14,2.249362756471e+13,9.208579121609e+13,1.671100272404e+13,1.299004580797e+13,2.754143976471e+13,2.865634488186e+13
377.00000000,1.202869554881e+15,3.709707299802e+13,1.518702712133e+14,2.756021838366e+13,2.142351989246e+13,4.542205557919e+13,4.726078596618e+13
377.50000000,5.988373851717e+14,5.727131270853e+13,2.344608102707e+14,4.254809767472e+13,3.307412170075e+13,7.012361188385e+13,7.296228605595e+13
378.00000000,-5.600811632777e+14,8.276605385533e+13,3.388327442150e+14,6.148869262888e+13,4.779730738553e+13,1.013396474295e+14,1.054419780431e+14
378.50000000,5.070826782068e+14,1.119657540658e+14,4.583722666608e+14,8.318178185407e+13,6.466010295830e+13,1.370920747418e+14,1.426416994875e+14
379.00000000,7.020903885706e+14,1.417869325291e+14,5.804560348694e+14,1.053365807232e+14,8.188180155584e+13,1.736054467176e+14,1.806331693990e+14
379.50000000,6.014586638424e+13,1.680758786363e+14,6.880793337595e+14,1.248672077306e+14,9.706363975396e+13,2.057939153675e+14,2.141246595582e+14
380.00000000,4.011430853098e+14,1.865060251296e+14,7.635297971043e+14,1.385593624250e+14,1.077070295988e+14,2.283599851595e+14,2.376042264985e+14
380.50000000,3.875610448381e+14,1.937308130210e+14,7.931070765998e+14,1.439268137081e+14,1.118793368619e+14,2.372060932384e+14,2.468084339087e+14
381.00000000,-1.689922549980e+14,1.883748496451e+14,7.711805054512e+14,1.399477526026e+14,1.087862737534e+14,2.306481940168e+14,2.399850643463e+14
381.50000000,1.077311962162e+15,1.714610591989e+14,7.019377934333e+14,1.273821316325e+14,9.901857790037e+13,2.099387668945e+14,2.184372988340e+14
382.00000000,4.131412867016e+14,1.460919861178e+14,5.980803271187e+14,1.085348982041e+14,8.436796538881e+13,1.788766006814e+14,1.861177049644e+14
382.50000000,-5.726850678811e+14,1.165213458667e+14,4.770222275991e+14,8.656622959489e+13,6.729095234023e+13,1.426699903899e+14,1.484454147580e+14
383.00000000,1.311940294872e+15,8.699667576474e+13,3.561523234934e+14,6.463171320435e+13,5.024048700347e+13,1.065196664438e+14,1.108316894248e+14
383.50000000,7.946579065440e+14,6.080197814765e+13,2.489148648489e+14,4.517110543997e+13,3.511307720737e+13,7.444659665993e+13,7.746026959351e+13
384.00000000,3.565605207909e+14,3.977868500887e+13,1.628484188262e+14,2.955244598186e+13,2.297214795434e+13,4.870545019648e+13,5.067709569218e+13
384.50000000,-5.077981103677e+14,2.436130420531e+13,9.973180032205e+13,1.809854012054e+13,1.406862706598e+13,2.982824315154e+13,3.103572036440e+13
385.00000000,-4.408331099872e+14,1.396586192101e+13,5.717430153544e+13,1.037554106976e+13,8.065270289545e+12,1.709995169757e+13,1.779217490062e+13
385.50000000,-3.331299407366e+14,7.494656043775e+12,3.068208227855e+13,5.567942173980e+12,4.328155831851e+12,9.176537550159e+12,9.548012998059e+12
386.00000000,-1.903668453895e+14,3.764887819168e+12,1.541292851367e+13,2.797016640418e+12,2.174218680033e+12,4.609769179924e+12,4.796377261837e+12
386.50000000,-6.713934894825e+13,1.770387460540e+12,7.247720697511e+12,1.315259159093e+12,1.022396860806e+12,2.167681467312e+12,2.255431388192e+12
387.00000000,-1.065395331731e+15,7.792917908065e+11,3.190312497981e+12,5.789527367937e+11,4.500401738778e+11,9.541732587979e+11,9.927991497453e+11
387.50000000,1.566169275191e+14,3.211048557992e+11,1.314558740004e+12,2.385557467139e+11,1.854377100370e+11,3.931642425698e+11,4.090799256157e+11
388.00000000,4.582386016070e+12,1.238534494322e+11,5.070388425786e+11,9.201340801416e+10,7.152523428962e+10,1.516474969347e+11,1.577863397759e+11
388.50000000,-3.611643566166e+14,4.471808858013e+10,1.830696519148e+11,3.322203579086e+10,2.582464822033e+10,5.475330910821e+10,5.696977800117e+10
389.00000000,-5.525386938425e+14,1.511372943531e+10,6.187351192123e+10,1.122831668875e+10,8.728162549061e+09,1.850541304179e+10,1.925453073032e+10
389.50000000,-4.269901885702e+14,4.781594021923e+09,1.957518268302e+10,3.552349682641e+09,2.761365422857e+09,5.854635201851e+09,6.091636709447e+09
390.00000000,-1.054199104955e+15,1.416073273871e+09,5.797207563310e+09,1.052031483272e+09,8.177807989624e+08,1.733855364661e+09,1.804043569598e+09
390.50000000,-8.281192068352e+14,3.925635870008e+08,1.607100873685e+09,2.916439852741e+08,2.267050512104e+08,4.806590841517e+08,5.001166461785e+08
391.00000000,-2.507724673022e+14,1.018696510934e+08,4.170402214962e+08,7.568117027058e+07,5.882961572385e+07,1.247302995172e+08,1.297795071978e+08
391.50000000,1.563139495071e+14,2.474510904249e+07,1.013030440889e+08,1.838367871307e+07,1.429027524831e+07,3.029817915793e+07,3.152467985188e+07
392.00000000,-1.001837599988e+15,5.626559166393e+06,2.303435278151e+07,4.180094321602e+06,3.249333245642e+06,6.889220873359e+06,7.168103447057e+06
392.50000000,-4.169903860372e+14,1.197580161808e+06,4.902727069145e+06,8.897101244036e+05,6.916027399835e+05,1.466329803273e+06,1.525688305045e+06
393.00000000,-5.719989143933e+14,2.386019734544e+05,9.768033834499e+05,1.772658828783e+05,1.377949592137e+05,2.921472470047e+05,3.039736607082e+05
393.50000000,1.972537893290e+14,4.449888938480e+04,1.821722808137e+05,3.306061350165e+04,2.569916903958e+04,5.448453313830e+04,5.669012171031e+04
394.00000000,4.956095466067e+14,7.768489170134e+03,3.180311711517e+04,5.773106915990e+03,4.487637548232e+03,9.510918737506e+03,9.895930271394e+03
394.50000000,1.659850245588e+14,1.269452885060e+03,5.196964028857e+03,9.445678950841e+02,7.342456002493e+02,1.552944294188e+03,1.615809037464e+03
395.00000000,-2.848091248045e+14,1.940418785058e+02,7.943805355477e+02,1.446396312934e+02,1.124334348558e+02,2.362878794281e+02,2.458530498820e+02
395.50000000,1.122517762328e+14,2.760502192874e+01,1.130111307539e+02,2.165924182581e+01,1.683648480761e+01,3.275035971085e+01,3.407612713413e+01
396.00000000,-1.513531197622e+15,3.538302184090e+00,1.448531835277e+01,2.450904304625e+00,1.905173478443e+00,2.909735956101e+00,3.027524987275e+00
396.50000000,2.042395881413e+14,6.454897293010e-01,2.642545417521e+00,7.462788421792e-01,5.801085970431e-01,1.252216331845e-01,1.302907305450e-01
397.00000000,9.196060169704e+13,3.936772486772e-02,1.611660050115e-01,9.503645316634e-04,7.387515282263e-04,-9.953315223008e-01,-1.035623541054e+00
397.50000000,6.740909144256e+14,-2.985747612847e-01,-1.222323658154e+00,5.570033766328e-01,4.329781699601e-01,-1.086979377222e+00,-1.130981393103e+00
398.00000000,-9.672205056425e+14,-3.965935510706e-01,-1.623598987601e+00,-2.548874731316e-01,-1.981329311313e-01,3.589247375165e-01,3.734543710415e-01
398.50000000,5.701343939083e+13,-1.150823231854e-01,-4.711310683447e-01,-1.082925433769e+00,-8.417957452095e-01,-1.962955424314e+00,-2.042417829548e+00
399.00000000,-1.441160023727e+14,-2.617668340774e-01,-1.071637109701e+00,-1.705501687025e+00,-1.325746001354e+00,-2.582424458499e+00,-2.686963591821e+00
399.50000000,3.822331851617e+14,-2.490574001736e-01,-1.019606450193e+00,-2.989088345321e+00,-2.323522721586e+00,-2.809129076761e+00,-2.922845440509e+00
400.00000000,3.910962812967e+14,-6.703245701058e-01,-2.744215810998e+00,-2.807238555101e+00,-2.182164531168e+00,-3.692071258061e+00,-3.841530007264e+00
400.50000000,-6.126174533307e+14,-5.912489355985e-01,-2.420491131705e+00,-1.630049411996e+00,-1.267094313893e+00,-3.847138992229e+00,-4.002875038909e+00
401.00000000,-7.248161870388e+13,-2.268025483631e-01,-9.284981737943e-01,-6.596871796462e-01,-5.127978747922e-01,-3.008033006779e+00,-3.129801201197e+00
401.50000000,-2.056401455017e+13,3.179696283896e-02,1.301723553869e-01,-6.787574146412e-01,-5.276218342065e-01,-2.109016679067e+00,-2.194391790454e+00
402.00000000,8.546790726720e+14,4.122899770585e-01,1.687857978384e+00,-4.378855406746e-01,-3.403837175987e-01,-3.160185805225e-01,-3.288113297596e-01
402.50000000,1.950011841697e+14,4.405703176670e-01,1.803633770141e+00,-3.630879009590e-01,-2.822409010198e-01,5.765699404762e-02,5.999100702053e-02
403.00000000,-3.054036954822e+14,3.991422474372e-01,1.634032997003e+00,-8.653574890460e-01,-6.726725863557e-01,1.528123243221e-01,1.589983205447e-01
403.50000000,1.911021952512e+14,5.543144944610e-01,2.269286652771e+00,7.696213159309e-01,5.982535167893e-01,-2.954354642030e-01,-3.073949882382e-01
404.00000000,-9.827394236481e+14,5.797411024306e-01,2.373379658938e+00,1.683440031829e-01,1.308596706586e-01,9.632429108796e-01,1.002235950444e+00
404.50000000,-4.008827542075e+14,2.150691964286e-01,8.804634584777e-01,3.633517381779e-01,2.824459909007e-01,1.926141699735e-01,2.004113848459e-01
405.00000000,-3.303705387955e+13,1.567539165840e-01,6.417287915581e-01,-9.485040819279e-01,-7.373053356975e-01,-6.811663566468e-01,-7.087406542560e-01
405.50000000,-7.425506600311e+13,-5.080597924934e-02,-2.079926318787e-01,1.270887535136e+00,9.879052484648e-01,-5.223775318287e-01,-5.435238984783e-01
406.00000000,3.192431417802e+14,7.716877480159e-02,3.159182601534e-01,6.898766534392e-01,5.362652067031e-01,4.198391410384e-01,4.368346507402e-01
406.50000000,-4.429027870395e+14,1.132481812169e-02,4.636223455351e-02,3.327445922206e+00,2.586539878353e+00,-2.804933449074e-02,-2.918479969603e-02
407.00000000,-1.061044096953e+15,-9.475184978505e-02,-3.879009302321e-01,2.437154937583e+00,1.894485615443e+00,-5.051609416336e-01,-5.256103634367e-01
407.50000000,1.420289357437e+14,-1.162974123677e-01,-4.761054749154e-01,1.200320973876e+00,9.330513968789e-01,-5.404950603505e-01,-5.623748427341e-01
408.00000000,-6.535482330043e+14,-6.541014694940e-01,-2.677800687359e+00,-1.742970165757e+00,-1.354871557919e+00,-1.094935629547e+00,-1.139259722505e+00
408.50000000,1.032046240898e+15,-5.524547887731e-01,-2.261673275640e+00,-1.434617363178e+00,-1.115178159703e+00,-1.279986431465e+00,-1.331801566568e+00
409.00000000,4.165323436272e+14,-3.383034060847e-01,-1.384967219306e+00,-2.029030640294e+00,-1.577236351310e+00,-1.036744016617e+00,-1.078712454694e+00
409.50000000,8.097001049853e+14,-2.828380714699e-01,-1.157899832849e+00,-1.717513806217e+00,-1.335083440953e+00,-6.674013103505e-02,-6.944183850736e-02
410.00000000,-7.602278065704e+14,5.132021949405e-02,2.100978601116e-01,1.519847506407e+00,1.181430525468e+00,7.311522300761e-01,7.607500059982e-01
410.50000000,5.435208552731e+14,9.964599867725e-02,4.079368969418e-01,-1.109588407325e+00,-8.625218053735e-01,1.143154384714e+00,1.189430421265e+00
411.00000000,6.793350422975e+14,3.677833064649e-02,1.505653842381e-01,-2.078368161479e+00,-1.615588128928e+00,-2.830260520007e-02,-2.944832305781e-02
411.50000000,1.043628962939e+14,-3.642198970734e-01,-1.491065738604e+00,-2.552703037161e+00,-1.984305187095e+00,-1.706130818039e+00,-1.775196705510e+00
412.00000000,6.723691387979e+14,-1.953359788360e-01,-7.996784027980e-01,-1.091224082341e+00,-8.482465744549e-01,-2.388830163380e+00,-2.485532405381e+00
412.50000000,-1.715629490779e+14,-2.085458777695e-02,-8.537578967204e-02,6.310412856006e-01,4.905304213062e-01,-2.230460092696e+00,-2.320751355324e+00
413.00000000,2.666343195086e+13,1.175125583871e-01,4.810801141688e-01,3.272590032345e+00,2.543898480114e+00,4.770872886698e-01,4.964002608314e-01
413.50000000,1.649115553789e+14,3.691775328621e-01,1.511361611861e+00,3.045300442812e+00,2.367218347361e+00,1.939603731347e+00,2.018120836618e+00
414.00000000,3.666118698474e+14,2.353301039600e-01,9.634088035724e-01,3.013394679801e+00,2.342416883925e+00,1.274245008681e+00,1.325827725228e+00
414.50000000,-9.646248183619e+13,1.201691390749e-01,4.919557870172e-01,2.978957880575e+00,2.315647957679e+00,1.801346627372e+00,1.874266946345e+00
415.00000000,4.198100172460e+13,2.695115340298e-01,1.103342837059e+00,2.462350772595e+00,1.914071217599e+00,1.575243107226e-04,1.639010528829e-04
415.50000000,2.084907628804e+14,1.015665899045e+00,4.157995310257e+00,2.792766891237e+00,2.170915201633e+00,-4.560084486865e-01,-4.744681282548e-01
416.00000000,2.278294695760e+14,3.901515502930e-01,1.597226329971e+00,3.837442921149e+00,2.982978349916e+00,-5.151353152643e-01,-5.359885097205e-01
416.50000000,8.621251479651e+14,2.771157801391e-01,1.134473565865e+00,3.042912185104e+00,2.365361871270e+00,-8.123896997845e-01,-8.452760499954e-01
417.00000000,-5.288615001260e+14,2.397903576402e-01,9.816684634687e-01,4.930304785834e-01,3.832498029763e-01,-9.814074839436e-01,-1.021135843652e+00
417.50000000,-2.261428800238e+13,3.852262162304e-01,1.577062695499e+00,1.026520513625e+00,7.979502316538e-01,-1.132024453784e-01,-1.177849939563e-01
418.00000000,1.096069385256e+15,3.555055018834e-02,1.455390213447e-01,1.223630165060e+00,9.511704449233e-01,1.831090598132e-02,1.905214982887e-02
418.50000000,-4.320453622917e+13,1.458520923594e-01,5.970982353470e-01,1.643527735231e+00,1.277571485079e+00,2.808100589167e-01,2.921775318705e-01
419.00000000,-4.024807986444e+14,-1.208483394239e-02,-4.947363390360e-02,3.097183308273e-01,2.407548709945e-01,2.606850989609e-01,2.712378933420e-01
419.50000000,9.758933588043e+14,-1.408297847364e-01,-5.765376045699e-01,-3.004840325250e-01,-2.335767285495e-01,-4.863607377956e-01,-5.060491084829e-01
420.00000000,5.246106046365e+13,-3.718925797397e-01,-1.522476637181e+00,-2.602049458499e+00,-2.022663883112e+00,-1.556992170707e+00,-1.620020776086e+00
420.50000000,-2.924856833049e+14,-6.362912032516e-01,-2.604887927779e+00,-2.084669678219e+00,-1.620486517879e+00,-2.296622787233e+00,-2.389592382125e+00
421.00000000,1.897060873451e+14,-9.230477291693e-01,-3.778829369618e+00,-2.446397078903e+00,-1.901669854539e+00,-1.243557892976e+00,-1.293898364288e+00
421.50000000,6.690651351500e+12,5.147539088335e-02,2.107331102560e-01,-3.104351217926e+00,-2.413120576354e+00,-7.869146140770e-01,-8.187697072563e-01
422.00000000,2.434644771429e+14,3.457715664011e-01,1.415540831752e+00,8.043995542173e-01,6.252878555373e-01,1.708731444667e+00,1.777902608113e+00
422.50000000,8.743339211443e+13,5.875857024016e-01,2.405494363115e+00,1.207319847470e+00,9.384918656586e-01,2.117772826503e+00,2.203502395523e+00
423.00000000,6.684713399513e+13,3.614602270379e-01,1.479768032265e+00,1.963555802280e+00,1.526340473958e+00,1.702662664827e+00,1.771588157976e+00
423.50000000,-4.623285320884e+14,5.266535218254e-01,2.156046467584e+00,2.111641861204e+00,1.641452937328e+00,1.973363919374e+00,2.053247670932e+00
424.00000000,-4.008482519768e+14,3.247071604249e-02,1.329306075476e-01,1.018992782996e+00,7.920986638386e-01,1.425252518911e+00,1.482948170996e+00
424.50000000,3.859788796005e+14,-5.278054987186e-02,-2.160762501197e-01,-3.529093321139e-01,-2.743287441169e-01,6.967355530754e-01,7.249401073784e-01
425.00000000,-5.856794208533e+14,1.726784319196e-01,7.069215484932e-01,-3.853646505043e-01,-2.995573961353e-01,-1.690325510499e+00,-1.758751583261e+00
425.50000000,-6.257410571532e+12,6.409777715774e-01,2.624074088442e+00,5.689026020999e-01,4.422278533244e-01,1.417425646908e-01,1.474804459360e-01
426.00000000,-1.922326904244e+14,4.834308759094e-01,1.979098950507e+00,-6.477061631944e-02,-5.034846124402e-02,2.183294477513e-01,2.271676428712e-01
426.50000000,2.500007783335e+14,8.462673197751e-01,3.464501023573e+00,1.324917818907e+00,1.029904874268e+00,1.466257771164e+00,1.525613357005e+00
427.00000000,1.476839189142e+14,5.583383659888e-01,2.285759824664e+00,6.021710947834e-01,4.680886141092e-01,1.301759166253e+00,1.354455683507e+00
427.50000000,-1.173642075757e+14,6.649290881283e-01,2.722127456176e+00,4.420310071511e-01,3.436061334115e-01,8.604381407077e-01,8.952695400196e-01
428.00000000,9.955976887298e+14,-2.816059544478e-02,-1.152855716664e-01,-1.882117802373e+00,-1.463035873583e+00,-1.998426029266e-01,-2.079324320180e-01
428.50000000,-5.647129980560e+14,-2.480345413773e-01,-1.015419008159e+00,-6.768720031415e-01,-5.261562380271e-01,-1.111391720403e+00,-1.156381972432e+00
429.00000000,1.310654692511e+15,-3.790202391286e-01,-1.551656286060e+00,-3.064566488922e+00,-2.382194517592e+00,-3.236122003142e+00,-3.367123469000e+00
429.50000000,-4.866889823257e+14,-8.906679997520e-01,-3.646271248693e+00,-4.767081395709e+00,-3.705618790397e+00,-3.522187251984e+00,-3.664768926158e+00
430.00000000,-3.797369019236e+14,-4.555859685020e-01,-1.865105761877e+00,-3.573306852472e+00,-2.777656162593e+00,-3.332513475529e+00,-3.467416964911e+00
430.50000000,6.095285720765e+13,8.246052414021e-03,3.375819479406e-02,-6.133821821263e-01,-4.768033836863e-01,-1.181858661954e+00,-1.229701486484e+00
431.00000000,8.456875159894e+14,5.516925636574e-01,2.258552831742e+00,1.313247938368e+00,1.020833468723e+00,4.653658027447e-01,4.842042773946e-01
431.50000000,5.298892596720e+14,1.051664155506e+00,4.305367178983e+00,2.480359896867e+00,1.928070338604e+00,2.088330574157e+00,2.172868291260e+00
432.00000000,3.509731077433e+14,1.338944237765e+00,5.481451987861e+00,3.077948676215e+00,2.392596958954e+00,2.752780175265e+00,2.864215478939e+00
432.50000000,1.082346343371e+15,1.126662936095e+00,4.612401783823e+00,2.641963319486e+00,2.053690320673e+00,3.597648044808e+00,3.743284447594e+00
433.00000000,-6.956460446821e+13,9.681860739087e-02,3.963619491956e-01,-5.789193586723e-01,-4.500142278988e-01,8.920873119213e-01,9.281999014412e-01
433.50000000,2.210357839506e+13,1.845429584160e-01,7.554932742711e-01,-1.032018714864e+00,-8.022241754222e-01,7.433907696759e-01,7.734839739614e-01
434.00000000,-3.400714493946e+14,-7.410626653439e-01,-3.033807761002e+00,-1.792855628927e+00,-1.393649269971e+00,-1.491868024554e+00,-1.552260339149e+00
434.50000000,1.949647244761e+14,1.393900876323e-02,5.706436843223e-02,1.008460591311e+00,7.839116235568e-01,-2.197609964038e+00,-2.286571420496e+00
435.00000000,2.993569852024e+14,1.945692119296e-01,7.965393654395e-01,1.746574947297e+00,1.357673680455e+00,-4.989472552910e-01,-5.191451408361e-01
435.50000000,-1.624301401933e+14,6.087527591766e-01,2.492149357523e+00,3.165554961351e+00,2.460696382775e+00,8.971337425595e-01,9.334506166553e-01
436.00000000,2.369131982678e+14,5.714130911045e-01,2.339285935726e+00,4.146742575025e+00,3.223407768700e+00,1.195394748264e+00,1.243785527150e+00
436.50000000,-1.094675070030e+15,1.716792018022e-01,7.028308389933e-01,2.330649181548e+00,1.811694973100e+00,1.337004149099e+00,1.391127418624e+00
437.00000000,9.297247341717e+14,-2.034389209243e-01,-8.328507237690e-01,-1.041864027881e+00,-8.098772809355e-01,-1.164574461599e+00,-1.211717604355e+00
437.50000000,4.019926797914e+14,-3.778747984871e-01,-1.546967010955e+00,-3.374405353526e+00,-2.623043083699e+00,-1.408366934317e+00,-1.465379040994e+00
438.00000000,-2.013296535278e+14,-4.736813977761e-01,-1.939185939354e+00,-4.180922135933e+00,-3.249976734622e+00,-2.216463453828e+00,-2.306188118470e+00
438.50000000,1.150084353366e+14,-3.715790266410e-01,-1.521192994287e+00,-4.130595995060e+00,-3.210856468407e+00,-1.514245701058e+00,-1.575543886453e+00
439.00000000,2.865648306862e+14,-3.231340603299e-01,-1.322866021887e+00,-1.072591569527e+00,-8.337628717729e-01,1.986514524430e-01,2.066930625676e-01
439.50000000,-1.828026965812e+14,2.436094860904e-01,9.973034456025e-01,-4.367574172247e-01,-3.395067878577e-01,1.607647401517e+00,1.672726581467e+00
440.00000000,8.117934688869e+14,6.722809167287e-01,2.752224822712e+00,4.546979705326e+00,3.534526062588e+00,3.528630451182e+00,3.671472952525e+00
440.50000000,-6.623833339697e+14,6.209223296958e-01,2.541969891218e+00,4.997871957930e+00,3.885020351441e+00,2.355035523107e+00,2.450369724159e+00
441.00000000,5.595689539261e+14,2.589994988013e-01,1.060308022931e+00,4.052154985377e+00,3.149881533160e+00,2.254474132719e+00,2.345737507784e+00
441.50000000,-1.553519100922e+14,2.139537321222e-01,8.758969023306e-01,1.029650361561e+00,8.003831717186e-01,5.312418464782e-01,5.527470494794e-01
442.00000000,-3.739223567411e+14,-1.309197106740e-01,-5.359671359594e-01,6.917285705243e-01,5.377047665049e-01,5.891330043248e-01,6.129816994844e-01
442.50000000,-4.818979320220e+14,3.619643244668e-01,1.481831737217e+00,2.222448809911e+00,1.727587046891e+00,3.628224490534e-01,3.775098658524e-01
443.00000000,8.144695204371e+14,1.790684772471e-01,7.330815077170e-01,2.104400821423e+00,1.635824224317e+00,1.531985250806e-01,1.594001550975e-01
443.50000000,6.004561819640e+14,5.466098526243e-01,2.237744917783e+00,4.933140619833e+00,3.834702422530e+00,1.420116557126e+00,1.477604300324e+00
444.00000000,5.365763315331e+13,6.604918642397e-01,2.703962077052e+00,4.017005039114e+00,3.122558252825e+00,2.196330923898e+00,2.285240603527e+00
444.50000000,-1.054655174021e+15,3.019400927024e-01,1.236100858182e+00,3.692838688926e+00,2.870572431993e+00,1.881796019539e+00,1.957973010631e+00
445.00000000,7.578327909380e+14,8.028537105177e-01,3.286771729065e+00,3.577962415261e+00,2.781275094078e+00,2.813423068092e+00,2.927313256918e+00
445.50000000,-2.165161851731e+14,2.379658766651e-01,9.741992914257e-01,2.173578273067e+00,1.689598272504e+00,2.281565323764e+00,2.373925377426e+00
446.00000000,4.165823974457e+14,3.055112198118e-01,1.250720557226e+00,1.743191753892e+00,1.355043806112e+00,-1.793612328585e-01,-1.866219555382e-01
446.50000000,-4.004743714400e+14,-1.566309401093e-01,-6.412253429286e-01,-2.155798193230e+00,-1.675777195734e+00,-1.555342064267e+00,-1.618303871681e+00
447.00000000,6.622561289484e+14,-4.308271813771e-01,-1.763746721616e+00,-4.289914264336e+00,-3.334700121006e+00,-1.101970521634e+00,-1.146579394083e+00
447.50000000,-8.671647267874e+13,-9.321847453445e-01,-3.816235046467e+00,-5.932026607453e+00,-4.611171372383e+00,-2.058934767950e+00,-2.142282513322e+00
448.00000000,-1.755017445759e+14,-7.588072690611e-01,-3.106451707311e+00,-4.035860942538e+00,-3.137215604827e+00,-1.106655840515e+00,-1.151454379374e+00
448.50000000,-1.721513926911e+14,-1.729126971209e-01,-7.078805977330e-01,2.852662657077e-01,2.217474271415e-01,-9.031801176525e-01,-9.397417550791e-01
449.00000000,1.347459131600e+14,-3.755313184627e-01,-1.537373128793e+00,-1.389369865296e+00,-1.080005699984e+00,-2.691317708333e+00,-2.800264949674e+00
449.50000000,-2.919747539119e+14,1.912820793031e-01,7.830823004164e-01,3.311638661541e-02,2.574252342798e-02,-2.478871181589e+00,-2.579218374355e+00
450.00000000,-9.033901666735e+13,-1.537445229828e-02,-6.294087515801e-02,9.307805266204e-02,7.235281974176e-02,-2.096291377315e+00,-2.181151355718e+00
450.50000000,3.996013399641e+14,2.095587720114e-01,8.579045452508e-01,1.060389700107e+00,8.242779326988e-01,-3.674126984127e-01,-3.822859331117e-01
451.00000000,7.858032951511e+13,3.670357840402e-01,1.502593589261e+00,4.667327473958e-01,3.628076584554e-01,-4.717921781994e-01,-4.908907989760e-01
451.50000000,-5.543535536685e+14,6.715149997933e-01,2.749089265017e+00,7.509493607133e+00,5.837391541501e+00,3.812973012773e-01,3.967325986322e-01
452.00000000,7.173659881980e+14,1.433268694196e-01,5.867603228988e-01,1.614673368262e-01,1.255141978312e-01,-2.071927910053e-01,-2.155801630854e-01
452.50000000,1.768106982576e+13,3.552315305680e-01,1.454268612884e+00,8.890554031291e-01,6.910938022801e-01,-6.248347413401e-01,-6.501286786378e-01
453.00000000,2.889443984430e+14,4.040217582259e-01,1.654009037347e+00,1.155463500331e+00,8.981821166925e-01,-8.509581266534e-01,-8.854057654840e-01
453.50000000,6.765775366756e+13,4.561983791129e-01,1.867612885972e+00,2.582916041460e+00,2.007790810089e+00,2.433736824157e-01,2.532256932845e-01
454.00000000,6.905830395631e+14,5.677788163442e-01,2.324407718959e+00,2.067966122582e+00,1.607502260952e+00,-3.395443483383e-01,-3.532894442627e-01
454.50000000,-7.309703035575e+13,4.162481760499e-01,1.704062296023e+00,1.646128758991e+00,1.279593351651e+00,2.974323898396e-01,3.094727514283e-01
455.00000000,-5.881133498893e+14,2.192417069692e-01,8.975451378729e-01,3.130920913938e-01,2.433774128627e-01,-1.328879273107e+00,-1.382673639499e+00
455.50000000,7.447519725900e+14,-1.476261884094e-01,-6.043611384952e-01,-3.028146127852e+00,-2.353883699477e+00,-1.132613462095e+00,-1.178462791521e+00
456.00000000,-7.373303596083e+14,-4.700484922702e-01,-1.924313328124e+00,-3.196856605489e+00,-2.485028243522e+00,-2.081113937459e+00,-2.165359517867e+00
456.50000000,7.828007356942e+14,-3.877406787368e-02,-1.587356556226e-01,-1.926968967014e+00,-1.497900249638e+00,-1.539126570767e-01,-1.601431958734e-01
457.00000000,-2.033352692901e+14,-2.414252180473e-01,-9.883613552081e-01,-1.767168955646e+00,-1.373682122094e+00,6.201317480985e-01,6.452353035107e-01
457.50000000,4.286957566305e+14,2.629769190228e-01,1.076591029620e+00,8.613427734375e-01,6.695518077572e-01,-9.572606646825e-03,-9.960115369181e-03
458.00000000,5.058703538400e+14,-6.232712260251e-02,-2.551585946981e-01,1.670123956267e-01,1.298245656180e-01,2.178226831184e+00,2.266403638974e+00
458.50000000,-2.676336971813e+14,6.227722490906e-02,2.549543204623e-01,6.602108548280e-01,5.132049457929e-01,3.633561507937e-01,3.780651723746e-01
459.00000000,7.931831652112e+14,2.820359312996e-01,1.154615982254e+00,1.919745990410e+00,1.492285577766e+00,1.022212404927e-01,1.063592588781e-01
459.50000000,3.718268619443e+14,3.616378606564e-01,1.480495239660e+00,2.091173301091e+00,1.625542010983e+00,1.033469762731e+00,1.075305655725e+00
460.00000000,-3.617841133663e+14,4.723704943783e-01,1.933819282676e+00,2.501817356978e+00,1.944749971440e+00,1.157456824570e+00,1.204311838238e+00
460.50000000,5.081363987317e+14,4.533917204034e-02,1.856122814520e-01,1.188473668981e-01,9.238420731885e-02,2.295915395585e+00,2.388856354553e+00
461.00000000,2.101419973078e+13,2.207519221230e-01,9.037277492344e-01,-2.328669281167e+00,-1.810155927415e+00,8.427598482970e-01,8.768756125934e-01
461.50000000,6.563124151640e+14,5.236852058532e-02,2.143894593721e-01,3.361132424975e+00,2.612725572971e+00,1.607529865245e+00,1.672604287208e+00
462.00000000,7.005891440287e+14,1.815734850364e-01,7.433366621429e-01,3.923485754588e+00,3.049862448152e+00,3.998576078869e-01,4.160442450771e-01
462.50000000,-3.192779031056e+14,-1.293948826058e-01,-5.297247013534e-01,4.069770471644e+00,3.163574665602e+00,6.671325231481e-02,6.941387170956e-02
463.00000000,-7.772284187322e+14,-1.808526579034e-02,-7.403856958448e-02,4.010855561756e+00,3.117778049393e+00,4.524513733879e-01,4.707670589789e-01
463.50000000,5.831908366918e+14,-2.692466362847e-01,-1.102258382434e+00,2.909505694031e+00,2.261660348463e+00,-1.820424629010e+00,-1.894117244632e+00
464.00000000,-1.587527092509e+14,3.963703652034e-02,1.622685295618e-01,-2.239453254175e-01,-1.740805195052e-01,-2.375709377067e+00,-2.471880476472e+00
464.50000000,-3.340433562781e+13,1.765703099165e-01,7.228543571799e-01,9.619990402302e-01,7.477954379025e-01,-2.424558443907e+00,-2.522707002553e+00
465.00000000,-5.638464221623e+14,3.689436241836e-01,1.510404022177e+00,2.620876863994e+00,2.037299082679e+00,-4.478552439856e-01,-4.659848736466e-01
465.50000000,-5.260673686853e+14,3.709740681320e-01,1.518716378064e+00,2.628586074102e+00,2.043291720829e+00,1.384826738307e+00,1.440885914229e+00
466.00000000,5.188588379113e+14,5.737285394416e-01,2.348765060049e+00,3.636548691401e+00,2.826816251802e+00,1.626988378939e+00,1.692850501062e+00
466.50000000,7.166835613144e+14,3.086648544634e-01,1.263631100057e+00,2.091926171358e+00,1.626127243325e+00,4.822372576194e-01,5.017587056916e-01
467.00000000,7.297067700977e+14,-1.095633680556e-01,-4.485372315635e-01,-7.139186921296e-01,-5.549539226984e-01,-1.373465029762e+00,-1.429064272321e+00
467.50000000,1.229249515168e+15,-3.876366567460e-01,-1.586930704624e+00,-2.036212301587e+00,-1.582818907349e+00,-2.308096560847e+00,-2.401530625607e+00
468.00000000,7.640838284013e+14,-3.410264550265e-01,-1.396115003967e+00,-2.118716931217e-01,-1.646952636243e-01,-1.208566137566e+00,-1.257490107508e+00
468.50000000,-8.044047599698e+14,-3.749007936508e-01,-1.534791847671e+00,-2.433502645503e+00,-1.891646561305e+00,-1.202793650794e+00,-1.251483944678e+00
469.00000000,1.769984279961e+14,-9.203082010582e-01,-3.767614121524e+00,-2.548412698413e+00,-1.980970157007e+00,-3.907428571429e+00,-4.065605200770e+00
469.50000000,5.766521827290e+14,-3.399285714286e-01,-1.391620420802e+00,2.265925925926e-01,1.761383326980e-01,-2.323682539683e+00,-2.417747540506e+00
470.00000000,3.825114549372e+14,-5.671613756614e-01,-2.321880002447e+00,5.674497354497e-01,4.410984893569e-01,-1.587798941799e+00,-1.652074636183e+00
470.50000000,8.126612187563e+14,-9.932142857143e-02,-4.066081519489e-01,2.837978835979e+00,2.206060024656e+00,-1.305671957672e+00,-1.358526868649e+00
471.00000000,5.229062230285e+14,-2.627182539683e-01,-1.075532090766e+00,4.969193121693e-01,3.862727290839e-01,2.840555555556e-01,2.955544094699e-01
471.50000000,-6.166026905647e+13,-6.292797205688e-01,-2.576183890220e+00,-3.200000000000e-01,-2.487471713813e-01,-1.650303406085e+00,-1.717109343901e+00
472.00000000,-4.311487485040e+14,-5.497146422371e-01,-2.250455495800e+00,-2.868767815807e+00,-2.229993373537e+00,-1.794740988757e+00,-1.867393904851e+00
472.50000000,1.640623231881e+13,-3.318736359127e-01,-1.358644632079e+00,-5.439484675978e-01,-4.228301334129e-01,-5.893144066220e-01,-6.131704451287e-01
473.00000000,4.345073441570e+14,-3.109237764550e-01,-1.272878813361e+00,-2.880212844122e+00,-2.238889993598e+00,-2.439958545180e+00,-2.538730515379e+00
473.50000000,1.044031992393e+15,2.041580532821e-01,8.357947518929e-01,-2.451402989625e+00,-1.905561123703e+00,-1.034790519593e+00,-1.076679878150e+00
474.00000000,1.049153367800e+15,-2.156454613095e-02,-8.828226069681e-02,-2.501810717386e+00,-1.944744810254e+00,-1.579693664228e+00,-1.643641248843e+00
474.50000000,1.351189611987e+14,1.565479032325e-01,6.408854014725e-01,-1.588128079530e+00,-1.234507398670e+00,-5.846919229497e-01,-6.083608386791e-01
475.00000000,8.018411638032e+14,3.008413783482e-01,1.231602874016e+00,-2.864102621734e-01,-2.226366955320e-01,-5.187738198578e-02,-5.397743046308e-02
475.50000000,6.750174124395e+13,4.981201275215e-01,2.039234709098e+00,8.873243014220e-01,6.897481564894e-01,-4.277088345321e-01,-4.450229173232e-01
476.00000000,6.251621334129e+14,2.587969499215e-01,1.059478815912e+00,6.280625645875e-01,4.882149574738e-01,8.832969576720e-02,9.190537048314e-02
476.50000000,-3.319636904019e+14,-1.588135721520e-01,-6.501607357637e-01,-2.177294255332e+00,-1.692486835246e+00,-1.525796459057e+00,-1.587562230726e+00
477.00000000,3.228309740975e+14,-3.240138320519e-01,-1.326467685287e+00,-2.377935283358e+00,-1.848452110822e+00,-8.260851417824e-01,-8.595258972275e-01
477.50000000,3.509862403004e+14,-2.100669836620e-01,-8.599850932554e-01,-2.376027284330e+00,-1.846968956568e+00,-6.295034231357e-01,-6.549863533571e-01
478.00000000,6.026925315088e+14,-4.557402912120e-01,-1.865737537646e+00,-9.320201616237e-01,-7.244918089820e-01,-9.798527677021e-01,-1.019518190937e+00
478.50000000,2.648760939925e+13,-4.954944403108e-01,-2.028485509860e+00,-1.475844703957e+00,-1.147225610961e+00,-1.583919171369e+00,-1.648037808753e+00
479.00000000,4.261241667714e+14,-3.039645317925e-01,-1.244388631012e+00,-5.943803446129e-01,-4.620325920222e-01,-1.169346498843e+00,-1.216682818455e+00
479.50000000,-3.840485757113e+14,5.124613766948e-03,2.097945793975e-02,-3.931787387101e-01,-3.056315596919e-01,-1.379433123553e+00,-1.435273960538e+00
480.00000000,1.175228222909e+15,-2.833796874354e-01,-1.160117133485e+00,-2.056051078352e+00,-1.598240281111e+00,-1.510561854771e+00,-1.571710914372e+00
480.50000000,6.145174553670e+14,1.537126251705e-01,6.292781663611e-01,-1.266719098126e+00,-9.846649768551e-01,-1.859076389535e+00,-1.934333667207e+00
481.00000000,4.493490838282e+14,-2.979685949901e-03,-1.219842097424e-02,-5.031874693210e-01,-3.911451864628e-01,-3.095329285960e+00,-3.220631321353e+00
481.50000000,1.639189031035e+14,-2.147753903021e-01,-8.792606569489e-01,3.762871004942e-01,2.925010996100e-01,-1.875370166274e+00,-1.951287032378e+00
482.00000000,4.540163369201e+14,-1.084403102007e-01,-4.439395884822e-01,1.999970608666e+00,1.554646974223e+00,-2.567349538652e+00,-2.671278424092e+00
482.50000000,3.810724930674e+14,1.319516832463e-01,5.401918885281e-01,3.168647812778e+00,2.463100564163e+00,-5.003526319070e-01,-5.206074085076e-01
483.00000000,1.399521231209e+15,6.456491911550e-01,2.643198232233e+00,5.529638463500e+00,4.298381020490e+00,2.503791578182e-01,2.605147573607e-01
483.50000000,5.439561253090e+14,7.886831555240e-01,3.228759442482e+00,5.139758226586e+00,3.995313501397e+00,1.690863326138e+00,1.759311170217e+00
484.00000000,1.128490439002e+15,7.413225244996e-01,3.034871588341e+00,6.133507099313e+00,4.767789192504e+00,5.677396681044e-01,5.907223395474e-01
484.50000000,1.298321560804e+14,5.876018221416e-01,2.405560355095e+00,4.478353983238e+00,3.481180893046e+00,1.382957692626e-01,1.438941207703e-01
485.00000000,1.166692209497e+15,2.948726335152e-01,1.207167660579e+00,8.133146081349e-01,6.322178381771e-01,3.481638971561e-01,3.622579210656e-01
485.50000000,6.741156240393e+14,3.916889880952e-01,1.603520387079e+00,-9.703082010582e-01,-7.542544386916e-01,2.128919808201e+00,2.215100618226e+00
486.00000000,-1.483536885300e+14,1.687791005291e-01,6.909582266467e-01,-2.221271164021e+00,-1.726671621629e+00,2.812822751323e+00,2.926688638723e+00
486.50000000,5.769968428244e+14,1.458730158730e-02,5.971838933094e-02,-2.062920634921e+00,-1.603580227252e+00,1.220333333333e+00,1.269733651167e+00
487.00000000,6.389081668787e+14,-1.221267195767e+00,-4.999698500606e+00,-6.106211640212e+00,-4.746571479245e+00,-2.151915343915e+00,-2.239027036300e+00
487.50000000,3.513715525128e+12,-1.280280423280e+00,-5.241290468471e+00,-8.613015873016e+00,-6.695197923360e+00,-7.449428571429e+00,-7.750988914864e+00
488.00000000,-2.732786289643e+14,-2.911859788360e+00,-1.192075007688e+01,-7.920846560847e+00,-6.157150552987e+00,-1.129889947090e+01,-1.175629025896e+01
488.50000000,-6.296425797318e+14,-1.500832010582e+00,-6.144198074734e+00,-6.760476190476e+00,-5.255154154911e+00,-7.169052910053e+00,-7.459263365383e+00
489.00000000,4.902880759670e+14,-1.341410052910e+00,-5.491546693039e+00,-2.449582010582e+00,-1.904145613121e+00,-3.236902116402e+00,-3.367935162028e+00
489.50000000,1.089993954779e+15,-4.432498346561e-01,-1.814603341026e+00,-6.563783068783e-01,-5.102257724751e-01,-1.210989417989e+00,-1.260011484754e+00
490.00000000,1.175232498318e+15,-1.555784970238e-01,-6.369167869181e-01,9.984700727513e-01,7.761456447056e-01,-9.783316798942e-01,-1.017935527968e+00
490.50000000,5.013934735867e+14,1.824281509642e-01,7.468355459028e-01,-1.417146577381e-01,-1.101597507988e-01,-8.711074012070e-01,-9.063707028896e-01
491.00000000,-4.115185495159e+14,1.627405288938e-01,6.662371519669e-01,-9.415351071635e-01,-7.318881083223e-01,-2.245858186591e-01,-2.336772779510e-01
491.50000000,9.246829894943e+14,3.725875289352e-01,1.525321662793e+00,-6.363745246362e-02,-4.946761341950e-02,-7.601707485946e-01,-7.909432232640e-01
492.00000000,6.898318545120e+14,-1.679827938988e-01,-6.876982577559e-01,-6.838362888558e-02,-5.315698204399e-02,-2.310637194114e-01,-2.404174106258e-01
492.50000000,-5.623365829707e+14,-1.716527467758e-01,-7.027225357845e-01,-1.418899408896e+00,-1.102960045117e+00,-1.757669456845e+00,-1.828821680129e+00
493.00000000,1.053247916758e+14,-4.220178881448e-01,-1.727682697038e+00,2.531966869213e+00,1.968186239837e+00,1.284365100033e+00,1.336357488033e+00
493.50000000,8.678189846383e+14,-2.946254960317e-02,-1.206155914001e-01,1.867673512938e+00,1.451807823147e+00,1.350006675761e+00,1.404656300612e+00
494.00000000,-8.722963340381e+13,-1.203208447007e-01,-4.925768488066e-01,1.284557972419e+00,9.985317566076e-01,2.845482938575e+00,2.960670943127e+00
494.50000000,3.465515047308e+14,1.624583979208e-01,6.650821468969e-01,3.004499007937e-01,2.335501967632e-01,1.055452546296e+00,1.098178324427e+00
495.00000000,1.368710886364e+15,2.978475529101e-01,1.219346567938e+00,-1.654133597884e-01,-1.285815792376e-01,1.253851851852e+00,1.304609032948e+00
495.50000000,2.046782402889e+14,3.275165343915e-01,1.340807262814e+00,6.181375661376e-01,4.804999096914e-01,2.237370370370e+00,2.327941367973e+00
496.00000000,-1.147035751214e+14,-2.951719576720e-02,-1.208393052158e-01,-6.480846560847e-01,-5.037788281772e-01,7.950582010582e-01,8.272429548099e-01
496.50000000,9.860046687787e+14,-9.433465608466e-01,-3.861929970905e+00,-8.372137566138e+00,-6.507954806225e+00,-1.474105820106e+00,-1.533779102843e+00
497.00000000,5.762552842852e+14,-2.050427248677e+00,-8.394164746540e+00,-6.018253968254e+00,-4.678198910180e+00,-3.481243386243e+00,-3.622167611648e+00
497.50000000,2.064893224268e+14,-1.579407407407e+00,-6.465874850344e+00,-5.609222222222e+00,-4.360244254459e+00,-5.372968253968e+00,-5.590471400203e+00
498.00000000,3.439114298815e+14,-1.200169642857e+00,-4.913328045381e+00,-3.486185185185e+00,-2.709933449145e+00,-3.589506613757e+00,-3.734813443244e+00
498.50000000,1.739885682005e+15,-6.107198247354e-01,-2.500202251074e+00,-1.980842592593e+00,-1.539778099559e+00,-1.722068121693e+00,-1.791779167207e+00
499.00000000,-2.352510610267e+14,-7.338681588955e-01,-3.004354449534e+00,-2.578668402778e+00,-2.004488972254e+00,-2.817201306217e+00,-2.931244441913e+00
499.50000000,1.115359860960e+15,-3.586321072049e-01,-1.468190101950e+00,-2.377550657242e+00,-1.848153127515e+00,-1.481037372892e+00,-1.540991251841e+00
500.00000000,9.019970297351e+14,-3.321863731812e-01,-1.359924935078e+00,-1.973875094039e+00,-1.534362019695e+00,-1.274028483796e+00,-1.325602435199e+00
500.50000000,1.068096759137e+13,-4.140443590856e-01,-1.695040175057e+00,-1.891605682870e+00,-1.470411134321e+00,-3.182215557002e+00,-3.311034835831e+00
501.00000000,-1.468920370172e+13,-4.679949855324e-01,-1.915906556376e+00,-3.506535640914e-01,-2.725752568829e-01,-1.353784007523e+00,-1.408586542554e+00
501.50000000,2.076713471072e+14,-5.165304542824e-02,-2.114604033208e-01,2.849581217448e+00,2.215078960817e+00,-2.024486906829e-01,-2.106440168217e-01
502.00000000,7.076377572308e+14,-2.029854021991e-02,-8.309940810145e-02,4.520554182581e+00,3.513984581228e+00,9.098947960069e-01,9.467282503509e-01
502.50000000,2.269099058859e+14,2.942925947627e-01,1.204793062382e+00,4.587202502170e+00,3.565792646775e+00,1.290007010272e+00,1.342227788459e+00
503.00000000,3.035622550672e+14,2.619311096644e-01,1.072309631168e+00,3.469673204210e+00,2.697098109890e+00,3.229911500289e+00,3.360661558761e+00
503.50000000,-1.319181201829e+14,2.892882928241e-01,1.184306144379e+00,1.296398796658e+00,1.007736042659e+00,1.871204006076e+00,1.946952221835e+00
504.00000000,5.346534805623e+14,6.170867693866e-02,2.526267639333e-01,4.202705367477e-02,3.266909600965e-02,1.799465997179e+00,1.872310186355e+00
504.50000000,6.486681211509e+14,1.188386794705e-01,4.865090699414e-01,7.021632123481e-01,5.458159778738e-01,2.766043339482e+00,2.878015549352e+00
505.00000000,-5.055983781979e+14,3.054360973669e-01,1.250413016356e+00,-9.275757904731e-01,-7.210370441311e-01,1.193142805990e-01,1.241442423993e-01
505.50000000,1.824817817275e+14,-9.372999873409e-01,-3.837176137678e+00,-9.915112375217e-01,-7.707362991447e-01,-6.575957497830e-01,-6.842158855753e-01
506.00000000,4.386069212382e+14,-5.353322442853e-01,-2.191575953531e+00,-3.287099935258e+00,-2.555177534197e+00,-1.842328522859e-02,-1.916907830083e-02
506.50000000,1.004459164193e+15,-3.206585380498e-01,-1.312731577046e+00,-5.209195229311e-01,-4.049289307701e-01,-2.661774331597e+00,-2.769525627403e+00
507.00000000,5.749455636114e+14,-6.135510431134e-01,-2.511792866403e+00,-1.837872226201e+00,-1.428642242587e+00,-2.055609335938e+00,-2.138822464484e+00
507.50000000,5.912735187529e+14,-6.445028139468e-01,-2.638505122953e+00,-1.043866423973e+00,-8.114338133224e-01,-8.691997757523e-01,-9.043858548424e-01
508.00000000,2.702539349334e+14,-4.749325470197e-01,-1.944307970814e+00,-1.871808410012e+00,-1.455022022994e+00,-2.963870475260e+00,-3.083850926089e+00
508.50000000,-2.570336051894e+14,-7.033067997685e-02,-2.879240484356e-01,1.155423310185e+00,8.981508754894e-01,-6.264931582755e-01,-6.518542299547e-01
509.00000000,1.792699570020e+14,-2.757331872106e-01,-1.128813422192e+00,7.508348618345e-01,5.836501501744e-01,-1.490027155671e-01,-1.550344950048e-01
509.50000000,1.507898952542e+14,-5.158568287037e-01,-2.111846303525e+00,1.049548125000e+00,8.158503978822e-01,-2.242791099537e+00,-2.333581533695e+00
510.00000000,9.599187793129e+14,-5.538021643519e-01,-2.267189244368e+00,-1.938729166667e-01,-1.507041863384e-01,-2.300470682870e+00,-2.393596044438e+00
510.50000000,1.573611958063e+14,-3.568356712963e-01,-1.460835742519e+00,6.412491435185e-01,4.984653456279e-01,-2.312481932870e+00,-2.406093521891e+00
511.00000000,4.750608389958e+14,-3.834928819444e-01,-1.569966665359e+00,1.295442332176e+00,1.006992549426e+00,1.235200462963e-01,1.285202617122e-01
511.50000000,-2.468772702022e+14,9.539127314815e-02,3.905186407878e-01,2.363173402778e+00,1.836977185702e+00,6.456258796296e-01,6.717614630674e-01
512.00000000,4.164516410144e+14,-2.616801620370e-01,-1.071282286390e+00,1.753511574074e-02,1.363065762610e-02,1.946594733796e+00,2.025394841862e+00
512.50000000,9.032348848567e+13,-3.777189814815e-02,-1.546329117747e-01,-1.831080972222e+00,-1.423363163783e+00,1.670331736111e+00,1.737948440824e+00
513.00000000,-1.594374547970e+14,-8.796746527778e-02,-3.601266011040e-01,-2.790523356481e+00,-2.169171223745e+00,1.280356504630e+00,1.332186620665e+00
513.50000000,1.080570155299e+15,1.284610995370e-01,5.259019229925e-01,-1.550873784722e+00,-1.205548334747e+00,1.435711180556e+00,1.493830209758e+00
514.00000000,-3.874827751900e+13,5.229858680556e-01,2.141031601781e+00,1.986008900463e+00,1.543794051026e+00,1.329557361111e+00,1.383379177186e+00
514.50000000,-4.857463631632e+14,4.966433564815e-01,2.033189013299e+00,2.075827731481e+00,1.613613364003e+00,2.177087569444e+00,2.265218258777e+00
515.00000000,1.034990755541e+14,3.087978819444e-01,1.264175696112e+00,1.647038460648e+00,1.280300494508e+00,1.807641550926e+00,1.880816694721e+00
515.50000000,7.166462289156e+14,8.236366898148e-02,3.371854363553e-01,-6.301004629630e-02,-4.897990870253e-02,2.031727106481e+00,2.113973458416e+00
516.00000000,1.045624117777e+15,-2.460853935185e-01,-1.007439467186e+00,-4.741821296296e-01,-3.685983233279e-01,-9.263823842593e-01,-9.638832727195e-01
516.50000000,1.450841012732e+15,-5.748118055556e-02,-2.353199801262e-01,-6.535465625000e-01,-5.080245587120e-01,-8.761345370370e-01,-9.116013422223e-01
517.00000000,4.898280979605e+14,-6.028261921296e-01,-2.467886814092e+00,-5.660118981481e-01,-4.399808082266e-01,-4.007289432870e+00,-4.169508530085e+00
517.50000000,3.277364668251e+14,4.587615740741e-03,1.878106250609e-02,-7.429703356481e-01,-5.775367794147e-01,-2.132237604167e+00,-2.218552721901e+00
518.00000000,1.695417637423e+15,-1.195204976852e-01,-4.893003391391e-01,-7.401613831019e-01,-5.753532825383e-01,-2.014550266204e+00,-2.096101282408e+00
518.50000000,-2.565535903374e+13,2.851395081019e-01,1.167321595194e+00,7.377878877315e-01,5.735082817269e-01,-1.026609108796e+00,-1.068167275635e+00
519.00000000,1.526084006641e+15,1.594331597222e-01,6.526972413350e-01,9.614131307870e-01,7.473399900379e-01,-1.455745677083e+00,-1.514675722808e+00
519.50000000,1.518342695480e+14,-4.575199189815e-01,-1.873023086887e+00,1.977282881944e+00,1.537011012201e+00,-3.353929126157e+00,-3.489699542565e+00
520.00000000,-3.217348647315e+13,-6.089691435185e-01,-2.493035205005e+00,1.161356695602e+00,9.027631031116e-01,-6.151917013889e-01,-6.400952787533e-01
520.50000000,-2.797290042672e+14,-6.680803009259e-01,-2.735028084273e+00,1.957014215856e+00,1.521255470460e+00,-2.693622077546e-01,-2.802662602065e-01
521.00000000,4.008738450552e+14,-9.813981973380e-01,-4.017708092655e+00,2.531899335938e+00,1.968133743865e+00,3.262361574074e-01,3.394425244093e-01
521.50000000,2.959029395094e+14,-5.294956901042e-01,-2.167681910287e+00,9.135587659144e-01,7.101411215994e-01,-2.655188165509e-01,-2.762672846703e-01
522.00000000,6.821174076704e+14,2.126917317708e-01,8.707304479410e-01,1.908497651186e+00,1.483541851002e+00,1.769300516493e+00,1.840923576742e+00
522.50000000,-2.066235317504e+14,1.849330143229e-01,7.570901090503e-01,-7.458742180266e-01,-5.797940685637e-01,1.124245815972e+00,1.169756414687e+00
523.00000000,2.143630174142e+14,1.906492766204e-01,7.804916940079e-01,1.252022183883e+00,9.732405523362e-01,-1.269735519387e+00,-1.321135687282e+00
523.50000000,8.367846133909e+14,-3.510748267506e-01,-1.437251644021e+00,-4.829863297888e+00,-3.754421354712e+00,-7.012209244792e-01,-7.296070511173e-01
524.00000000,6.514493073088e+13,-9.692979224537e-01,-3.968171245678e+00,-5.307748135851e+00,-4.125897922492e+00,-4.839962411024e+00,-5.035888945911e+00
524.50000000,3.801395394921e+14,-7.509120194951e-01,-3.074129650718e+00,-1.100232624964e+00,-8.552492291287e-01,-2.863309582610e+00,-2.979219227600e+00
525.00000000,1.614217444410e+13,-5.091100775825e-01,-2.084226040260e+00,1.718321608706e+00,1.335711374028e+00,-2.085427493490e+00,-2.169847690974e+00
525.50000000,9.030301614487e+14,-3.547421693251e-01,-1.452265235833e+00,8.599644174986e-01,6.684803635667e-01,-2.194010492622e-01,-2.282826238865e-01
526.00000000,-8.527732662437e+14,-9.537472810872e-01,-3.904509076913e+00,-1.233161117531e+00,-9.585791870103e-01,-2.056254348235e+00,-2.139493587527e+00
526.50000000,9.824241775282e+14,-9.346086616573e-01,-3.826158223636e+00,-1.381099750886e+00,-1.073577051339e+00,-1.719470548683e+00,-1.789076441836e+00
527.00000000,9.446320647575e+14,-9.788837263093e-01,-4.007414197040e+00,-2.718703884594e+00,-2.113343440988e+00,-2.447768188386e+00,-2.546856300778e+00
527.50000000,1.347496937411e+14,-5.924603953270e-01,-2.425450679795e+00,-6.499042862956e-01,-5.051932902644e-01,-2.497893167589e+00,-2.599010389435e+00
528.00000000,-6.438966405992e+14,-8.354095006872e-02,-3.420050618288e-01,9.373269735605e-01,7.286169791643e-01,-1.164497958804e+00,-1.211638004650e+00
528.50000000,-2.340761478967e+14,4.347383742043e-01,1.779758602539e+00,4.745456363028e+00,3.688808897552e+00,-6.906724703414e-01,-7.186315849716e-01
529.00000000,7.840696657095e+14,4.101725546152e-01,1.679189544603e+00,4.428586191587e+00,3.442494651174e+00,-9.380501363571e-01,-9.760233471298e-01
529.50000000,2.461826275611e+14,-1.760778464988e-01,-7.208382802563e-01,2.730698579282e+00,2.122667335911e+00,-1.176173536241e+00,-1.223786221178e+00
530.00000000,1.320338611083e+14,-1.705207957176e-01,-6.980884851623e-01,2.133223440394e+00,1.658229052257e+00,-1.497384351128e+00,-1.557999972159e+00
530.50000000,-2.619595771381e+14,2.348431712963e-02,9.614153687885e-02,2.337375136719e+00,1.816923292862e+00,-3.424383058449e-01,-3.563005520730e-01
531.00000000,4.248781243362e+14,-1.156989373553e-01,-4.736554012276e-01,1.441173802083e+00,1.120274708553e+00,-1.643329098669e+00,-1.709852709523e+00
531.50000000,1.128841141070e+15,-1.816596354167e-02,-7.436893498502e-02,3.650056018519e-01,2.837315968718e-01,2.679805570023e-01,2.788286788453e-01
532.00000000,1.048207113264e+15,-3.407777054398e-01,-1.395096657662e+00,-3.656449045139e-01,-2.842285491494e-01,-1.766428052662e+00,-1.837934832693e+00
532.50000000,2.547921262343e+14,-8.952608767361e-01,-3.665073850000e+00,-1.686256600116e+00,-1.310786123443e+00,-2.782270769676e+00,-2.894899882203e+00
533.00000000,-8.762545429260e+13,-1.238143200231e-01,-5.068786522056e-01,8.469020833333e-01,6.583265552066e-01,-1.513813382523e+00,-1.575094067230e+00
533.50000000,8.286525395826e+14,-1.165906030093e+00,-4.773057567341e+00,-1.653854644097e+00,-1.285598951859e+00,-1.135781967593e+00,-1.181759561301e+00
534.00000000,9.282499469439e+14,-5.329422771991e-01,-2.181791759786e+00,-2.163300329861e+00,-1.681608868441e+00,-6.592094791667e-01,-6.858949403436e-01
534.50000000,6.693060402837e+14,-4.520842592593e-02,-1.850770249950e-01,6.678232696759e-01,5.191223416078e-01,4.481183217593e-01,4.662586010725e-01
535.00000000,6.163243967041e+14,-2.458276331019e-01,-1.006384231794e+00,1.495363831019e+00,1.162398509849e+00,8.299068402778e-01,8.635023019127e-01
535.50000000,1.214698991968e+15,6.915138310185e-02,2.830961706066e-01,1.928277934028e+00,1.498917755395e+00,1.064518200231e+00,1.107610965130e+00
536.00000000,5.686236837682e+14,1.590374652778e-01,6.510773231652e-01,1.152663605324e+00,8.960056605580e-01,1.328787847222e-01,1.382578512603e-01
536.50000000,-5.242407397581e+14,1.954800578704e-01,8.002682423800e-01,4.688001892361e+00,3.644147531735e+00,2.103558171296e+00,2.188712316811e+00
537.00000000,5.219431520198e+14,3.462014814815e-01,1.417300844459e+00,3.735616469907e+00,2.903825094547e+00,2.828889699074e+00,2.943405992641e+00
537.50000000,3.786122824257e+13,-8.657372685185e-03,-3.544208293102e-02,3.124271851852e+00,2.428605580545e+00,7.337658680556e-01,7.634694466657e-01
538.00000000,6.464748092264e+13,-1.039511226852e-01,-4.255614774775e-01,9.862210763889e-01,7.666240722137e-01,1.665959756944e+00,1.733399479554e+00
538.50000000,6.868335796642e+14,-2.178906134259e-01,-8.920139483133e-01,1.384408020833e+00,1.076148685062e+00,1.640938194444e-01,1.707365019097e-01
539.00000000,1.312053746369e+15,-3.162925115741e-01,-1.294857670255e+00,-5.843126620370e-01,-4.542066308875e-01,3.035292129630e-01,3.158163800693e-01
539.50000000,4.496739564442e+14,1.373032407407e-03,5.621004226096e-03,-6.151194444444e-02,-4.781538183350e-02,-9.031242013889e-01,-9.396835752690e-01
540.00000000,7.179888267140e+14,4.355134027778e-01,1.782931462017e+00,7.065374189815e-01,5.492162013959e-01,7.361782523148e-01,7.659794866604e-01
540.50000000,2.121017623076e+14,4.855317592593e-01,1.987699675533e+00,1.091257453704e+00,8.482725151799e-01,7.648594907407e-02,7.958217703970e-02
541.00000000,-3.568479782159e+13,8.465432291667e-01,3.465630558352e+00,2.368378680556e+00,1.841023429837e+00,2.183585347222e+00,2.271979073119e+00
541.50000000,-4.209513727325e+13,8.500004050926e-01,3.479783757056e+00,2.907910208333e+00,2.260420121731e+00,1.446380486111e+00,1.504931419508e+00
542.00000000,1.995853668132e+13,1.054672731481e+00,4.317683871715e+00,2.676895636574e+00,2.080844430252e+00,2.813531435185e+00,2.927426010820e+00
542.50000000,5.862836122714e+14,4.865006250000e-01,1.991666077487e+00,3.061151521991e+00,2.379539944577e+00,3.319888229167e+00,3.454280635907e+00
543.00000000,8.318023346112e+14,5.359930555556e-01,2.194281223212e+00,5.317133206019e+00,4.133193265171e+00,3.313358784722e+00,3.447486873000e+00
543.50000000,-2.432045570579e+14,2.388329282407e-01,9.777488803100e-01,4.027093865741e+00,3.130400649969e+00,1.114972083333e+00,1.160107272046e+00
544.00000000,-1.870096329894e+14,-1.528202430556e-01,-6.256248777625e-01,-4.682284143519e-01,-3.639702925949e-01,1.951079282407e-01,2.030060929500e-01
544.50000000,-1.448671223694e+14,-3.317384432870e-01,-1.358091172222e+00,-1.531418171296e+00,-1.190424807225e+00,-5.326655150463e-01,-5.542283495796e-01
545.00000000,2.767932115356e+14,-2.127631828704e-01,-8.710229588317e-01,-2.324272835648e+00,-1.806738416831e+00,-2.781431585648e+00,-2.894026727164e+00
545.50000000,6.122351633724e+14,-3.825109432870e-01,-1.565946744698e+00,-7.752102199074e-01,-6.025979669620e-01,-1.808658697917e+00,-1.881875016843e+00
546.00000000,1.748435944913e+15,-2.057602864583e-01,-8.423540722748e-01,-2.398520225694e-01,-1.864453505132e-01,-1.786152546296e-01,-1.858457793622e-01
546.50000000,1.500806118417e+14,-1.010921701389e-01,-4.138573223110e-01,2.004835928819e+00,1.558428957430e+00,6.212125434028e-01,6.463598504934e-01
547.00000000,-3.613346808359e+14,1.485468055556e-01,6.081300173951e-01,2.305898177083e+00,1.792455153259e+00,-7.268544270833e-02,-7.562782236279e-02
547.50000000,1.171072402681e+14,-9.646643518519e-03,-3.949202050344e-02,3.679798447627e+00,2.860435797189e+00,2.726820601852e-01,2.837205035946e-01
548.00000000,3.655685190904e+14,-2.502745949074e-02,-1.024589476599e-01,9.130791536458e-01,7.097683022395e-01,-5.432990480324e-01,-5.652923386509e-01
548.50000000,1.173584358116e+15,2.587168836806e-02,1.059151035828e-01,-1.856505353009e-01,-1.443126422548e-01,-5.959120370370e-01,-6.200351542430e-01
549.00000000,-1.317426397458e+14,-1.711115335648e-01,-7.005068839690e-01,-2.118165701678e+00,-1.646524146279e+00,-1.021572847222e+00,-1.062927141139e+00
549.50000000,5.732754283466e+14,-1.291438230613e-01,-5.286968984021e-01,-2.083712154586e+00,-1.619742201332e+00,-2.227986384549e+00,-2.318177508989e+00
550.00000000,1.399227905796e+14,-2.089689073351e-01,-8.554897210845e-01,-1.889164070095e+00,-1.468513183473e+00,-1.481033185041e+00,-1.540986894461e+00
550.50000000,6.652868580729e+14,-1.947187709780e-01,-7.971516394388e-01,-1.760670414135e+00,-1.368630578909e+00,-1.975791355613e+00,-2.055773372226e+00
551.00000000,4.721085029347e+14,-3.632199112052e-01,-1.486971935164e+00,-2.081584919162e+00,-1.618088626974e+00,-2.051299687500e+00,-2.134338357154e+00
551.50000000,7.558907834444e+14,-9.708684939236e-01,-3.974600947425e+00,-4.050605044850e+00,-3.148676710279e+00,-3.531174837963e+00,-3.674120338636e+00
552.00000000,7.639096619528e+14,-7.014613831019e-01,-2.871685604496e+00,-3.809447669361e+00,-2.961216663371e+00,-3.817062536169e-01,-3.971581057729e-01
552.50000000,1.666439471392e+15,-5.131264879919e-01,-2.100668667370e+00,-7.539127407046e-01,-5.860426928706e-01,2.308203509838e+00,2.401641904001e+00
553.00000000,1.205163675578e+15,1.625263446723e-01,6.653603114728e-01,2.298092536712e+00,1.786387556498e+00,2.516711367368e+00,2.618590368824e+00
553.50000000,1.134671965931e+15,1.940954614077e+00,7.945998965157e+00,2.930427180990e+00,2.277923350656e+00,3.166539189453e+00,3.294723873193e+00
554.00000000,7.970108656608e+14,5.493414810836e+00,2.248927825798e+01,6.570538504593e+00,5.107508960843e+00,6.508825858652e+00,6.772309660460e+00
554.50000000,7.424626236908e+14,1.707850063079e+01,6.991701266709e+01,1.385364911802e+01,1.076892509818e+01,1.989461036675e+01,2.069996415694e+01
555.00000000,1.339530581707e+14,5.152948902633e+01,2.109545805495e+02,4.042527712240e+01,3.142397917657e+01,6.238025223777e+01,6.490546744161e+01
555.50000000,1.755436705709e+15,1.504811593374e+02,6.160489934686e+02,1.138132744799e+02,8.847103153912e+01,1.851876635511e+02,1.926842459916e+02
556.00000000,9.518536976539e+14,4.321908782270e+02,1.769329507365e+03,3.223849658858e+02,2.506010886248e+02,5.309902569488e+02,5.524852753534e+02
556.50000000,8.385978075694e+14,1.215481550351e+03,4.976012870784e+03,9.023830792766e+02,7.014538702263e+02,1.487889686134e+03,1.548120953598e+03
557.00000000,5.218474638485e+14,3.349133033953e+03,1.371088609128e+04,2.485107623711e+03,1.931760912426e+03,4.100183171729e+03,4.266162700703e+03
557.50000000,3.232555392571e+14,9.033331063161e+03,3.698120438222e+04,6.708318599454e+03,5.214610238559e+03,1.106057134841e+04,1.150831437493e+04
558.00000000,2.808510221133e+14,2.384725557602e+04,9.762735653610e+04,1.771498646627e+04,1.377047742044e+04,2.919920301276e+04,3.038121604962e+04
558.50000000,1.170015834679e+15,6.162348013940e+04,2.522779800546e+05,4.577865928847e+04,3.558535002386e+04,7.545229300979e+04,7.850667754074e+04
559.00000000,1.151077316222e+15,1.558554138248e+05,6.380504458910e+05,1.157832408239e+05,9.000235515096e+04,1.908298680712e+05,1.985548526122e+05
559.50000000,5.591642774185e+14,3.858671253210e+05,1.579686488417e+06,2.866616460335e+05,2.228321049823e+05,4.724576449731e+05,4.915832045125e+05
560.00000000,5.206401598906e+14,9.350223178696e+05,3.827851674792e+06,6.946450044248e+05,5.399718123901e+05,1.144850416460e+06,1.191195110077e+06
560.50000000,6.254227925369e+14,2.217933958024e+06,9.079913980177e+06,1.647748808771e+06,1.280852672902e+06,2.715660076436e+06,2.825592721263e+06
561.00000000,3.092158120370e+14,5.149184291479e+06,2.108004625907e+07,3.825441092815e+06,2.973648909761e+06,6.304717753989e+06,6.559939054916e+06
561.50000000,1.189803760149e+15,1.170236270401e+07,4.790784970529e+07,8.693939560337e+06,6.758102730606e+06,1.432850028753e+07,1.490853235660e+07
562.00000000,3.212738284544e+14,2.602981586168e+07,1.065624556082e+08,1.933811412579e+07,1.503219121450e+07,3.187118860681e+07,3.316136630162e+07
562.50000000,-2.273467746480e+14,5.667803489262e+07,2.320320131844e+08,4.210734058432e+07,3.273150582731e+07,6.939719735373e+07,7.220646553676e+07
563.00000000,4.775437600813e+14,1.207871090034e+08,4.944856701875e+08,8.973535880593e+07,6.975442711207e+07,1.478930380260e+08,1.538798966033e+08
563.50000000,1.154659530599e+15,2.519836786647e+08,1.031586228438e+09,1.872041289481e+08,1.455203048335e+08,3.085315308263e+08,3.210211967792e+08
564.00000000,6.328932959235e+14,5.145019813722e+08,2.106299746477e+09,3.822346572016e+08,2.971243430713e+08,6.299617661649e+08,6.554632505720e+08
564.50000000,7.870131178843e+14,1.028363442792e+09,4.209977293114e+09,7.639934559983e+08,5.938787847919e+08,1.259139271956e+09,1.310110493124e+09
565.00000000,4.930703986710e+14,2.011734158156e+09,8.235760600967e+09,1.494560843561e+09,1.161774319666e+09,2.463188963166e+09,2.562901323995e+09
565.50000000,9.587989793384e+14,3.852455209197e+09,1.577141726220e+10,2.862072349792e+09,2.224788754061e+09,4.716987636613e+09,4.907936029237e+09
566.00000000,1.041593792935e+15,7.220566786718e+09,2.955999887838e+10,5.364315332854e+09,4.169869579515e+09,8.840939714016e+09,9.198829824766e+09
566.50000000,2.190753910495e+14,1.324785208648e+10,5.423486886621e+10,9.842116024141e+09,7.650620379412e+09,1.622081272721e+10,1.687744750261e+10
567.00000000,3.192231283507e+14,2.378971445008e+10,9.739179114789e+10,1.767389372216e+10,1.373853459588e+10,2.912838250282e+10,3.030752865438e+10
567.50000000,-1.961264647918e+14,4.181868697590e+10,1.711999039157e+11,3.106800759058e+10,2.415024690191e+10,5.120325056781e+10,5.327600952888e+10
568.00000000,6.054541569495e+14,7.194895369750e+10,2.945490365813e+11,5.345243481453e+10,4.155044363612e+10,8.809507353354e+10,9.166125050605e+10
568.50000000,8.433121788892e+14,1.211748531313e+11,4.960730408642e+11,9.002342085010e+10,6.997834779541e+10,1.483677947831e+11,1.543738719903e+11
569.00000000,1.228476641692e+15,1.997455517182e+11,8.177305825374e+11,1.483952932554e+11,1.153528420112e+11,2.445706040542e+11,2.544710675120e+11
569.50000000,1.344183133383e+15,3.223086247215e+11,1.319486803001e+12,2.394500526972e+11,1.861328852985e+11,3.946381501983e+11,4.106134985040e+11
570.00000000,9.553910287414e+14,5.090344686798e+11,2.083916507900e+12,3.781727232865e+11,2.939668600346e+11,6.232672838995e+11,6.484977689472e+11
570.50000000,1.069457237835e+15,7.869529853031e+11,3.221676365585e+12,5.846444039879e+11,4.544645054872e+11,9.635537078241e+11,1.002559328760e+12
571.00000000,2.580921488150e+14,1.190788855104e+12,4.874924401504e+12,8.846628114618e+11,6.876792874293e+11,1.458014694650e+12,1.517036592482e+12
571.50000000,1.339104194631e+15,1.763775039661e+12,7.220650363627e+12,1.310346648519e+12,1.018578194838e+12,2.159585148000e+12,2.247007321749e+12
572.00000000,9.064879818337e+14,2.557053864483e+12,1.046822383876e+13,1.899690655589e+12,1.476695865867e+12,3.130884281835e+12,3.257625619138e+12
572.50000000,9.394273570119e+14,3.628734904733e+12,1.485553736739e+13,2.695865693668e+12,2.095590517887e+12,4.443062085621e+12,4.622921697080e+12
573.00000000,-2.087632052126e+13,5.040371891838e+12,2.063458338803e+13,3.744601361982e+12,2.910809364824e+12,6.171485610823e+12,6.421313540907e+12
573.50000000,3.896414921219e+14,6.853067766627e+12,2.805550886498e+13,5.091292357657e+12,3.957639289507e+12,8.390969956049e+12,8.730644839491e+12
574.00000000,5.391345126906e+14,9.120169587008e+12,3.733670925370e+13,6.775571364549e+12,5.266888160699e+12,1.116683383336e+13,1.161887847189e+13
574.50000000,2.806789740599e+14,1.188044268956e+13,4.863688446509e+13,8.826237990157e+12,6.860942918718e+12,1.454654193821e+13,1.513540055208e+13
575.00000000,6.885626188996e+14,1.514819580351e+13,6.201461245190e+13,1.125392249910e+13,8.748066839361e+12,1.854761403274e+13,1.929844005973e+13
575.50000000,1.355698945975e+15,1.890593245774e+13,7.739826508823e+13,1.404562638432e+13,1.091815572931e+13,2.314862724932e+13,2.408570690804e+13
576.00000000,1.121438903699e+15,2.309599088757e+13,9.455178310759e+13,1.715851147292e+13,1.333790998126e+13,2.827897990248e+13,2.942374138447e+13
576.50000000,-1.718635574462e+14,2.761731912499e+13,1.130614737697e+14,2.051750407092e+13,1.594897219201e+13,3.381494287462e+13,3.518380569259e+13
577.00000000,1.826807432151e+14,3.232436543918e+13,1.323314684775e+14,2.401447064744e+13,1.866728639303e+13,3.957830105947e+13,4.118047039979e+13
577.50000000,6.740542239262e+14,3.703249033690e+13,1.516058787568e+14,2.751223852702e+13,2.138622347489e+13,4.534297987360e+13,4.717850919669e+13
578.00000000,1.004137606430e+15,4.152801349839e+13,1.700099270174e+14,3.085205997563e+13,2.398238328195e+13,5.084734683295e+13,5.290569845371e+13
578.50000000,7.056854583309e+14,4.558294030220e+13,1.866102349036e+14,3.386455285475e+13,2.632409916472e+13,5.581224286832e+13,5.807157846244e+13
579.00000000,9.196516595394e+14,4.897450600373e+13,2.004948344502e+14,3.638422041455e+13,2.828272472198e+13,5.996491242809e+13,6.239235225284e+13
579.50000000,2.922120424012e+14,5.150386173654e+13,2.108496659798e+14,3.826333352867e+13,2.974342494649e+13,6.306188281930e+13,6.561469111303e+13
580.00000000,-3.709595633898e+14,5.301719447004e+13,2.170450402802e+14,3.938762116788e+13,3.061737297797e+13,6.491482371128e+13,6.754264091158e+13
580.50000000,8.698978718457e+14,5.341894452576e+13,2.186897492826e+14,3.968608997894e+13,3.084938320451e+13,6.540673080489e+13,6.805446089793e+13
581.00000000,-5.993554815926e+14,5.268429842874e+13,2.156822100623e+14,3.914030549428e+13,3.042512587094e+13,6.450722221424e+13,6.711853929695e+13
581.50000000,1.188345102259e+15,5.085912263884e+13,2.082101935440e+14,3.778434289957e+13,2.937108880866e+13,6.227245732659e+13,6.479330888425e+13
582.00000000,4.501462328328e+14,4.805775149312e+13,1.967417686444e+14,3.570314364825e+13,2.775329997476e+13,5.884242833519e+13,6.122442887754e+13
582.50000000,4.350691151586e+14,4.444884392581e+13,1.819674016463e+14,3.302200811266e+13,2.566915972298e+13,5.442364305498e+13,5.662676673532e+13
583.00000000,8.122032086649e+14,4.024051160250e+13,1.647390728417e+14,2.989554695310e+13,2.323885231713e+13,4.927091564990e+13,5.126545175456e+13
583.50000000,9.128721989431e+14,3.565907946956e+13,1.459833251682e+14,2.649190187036e+13,2.059308017114e+13,4.366136082099e+13,4.542881651746e+13
584.00000000,1.405331867197e+15,3.093010640300e+13,1.266235653775e+14,2.297864543496e+13,1.786210329413e+13,3.787115528447e+13,3.940421765085e+13
584.50000000,6.195719039791e+14,2.626019842191e+13,1.075056098540e+14,1.950926972984e+13,1.516523644067e+13,3.215326967452e+13,3.345486629400e+13
585.00000000,1.604415777649e+15,2.182316385767e+13,8.934100579778e+13,1.621290072594e+13,1.260285373582e+13,2.672051678335e+13,2.780219011450e+13
585.50000000,-5.338158642060e+13,1.775192158420e+13,7.267390464185e+13,1.318828673131e+13,1.025171568681e+13,2.173564391126e+13,2.261552458665e+13
586.00000000,3.090792415463e+14,1.413434807273e+13,5.786406047032e+13,1.050071307825e+13,8.162570861570e+12,1.730624795573e+13,1.800682223831e+13
586.50000000,1.805121308317e+15,1.101592499686e+13,4.509766894621e+13,8.183969086390e+12,6.361684877849e+12,1.348801716756e+13,1.403402563657e+13
587.00000000,7.262022345410e+14,8.403851894836e+12,3.440420398055e+13,6.243403448515e+12,4.853215461282e+12,1.028976673893e+13,1.070630682142e+13
587.50000000,4.390617055937e+14,6.276014188152e+12,2.569313155634e+13,4.662586765636e+12,3.624391466474e+12,7.684419341797e+12,7.995492347411e+12
588.00000000,7.169648343256e+14,4.588593049602e+12,1.878506347301e+13,3.408965082703e+12,2.649907567688e+12,5.618322732375e+12,5.845758074088e+12
588.50000000,8.281098174402e+14,3.285759949983e+12,1.345144547583e+13,2.441062177134e+12,1.897522849150e+12,4.023119858433e+12,4.185979787159e+12
589.00000000,3.789163021534e+14,2.306365416309e+12,9.441940104294e+12,1.713448782051e+12,1.331923555756e+12,2.823938646891e+12,2.938254516897e+12
589.50000000,6.991137208357e+14,1.590795077219e+12,6.512494390997e+12,1.181836090791e+12,9.186824519398e+11,1.947786619618e+12,2.026634976418e+12
590.00000000,1.316731755017e+15,1.084756200407e+12,4.440841420694e+12,8.058888575336e+11,6.264455429975e+11,1.328187170654e+12,1.381953520045e+12
590.50000000,8.728735942498e+14,7.426166395151e+11,3.040169515711e+12,5.517059731767e+11,4.288603133184e+11,9.092678087013e+11,9.460758819700e+11
591.00000000,1.089824133675e+15,5.286327428156e+11,2.164149123785e+12,3.927327052877e+11,3.052848423414e+11,6.472636217536e+11,6.734655026358e+11
591.50000000,3.224852230510e+14,4.179782779465e+11,1.711145093210e+12,3.105251085557e+11,2.413820074878e+11,5.117771036226e+11,5.324943543017e+11
592.00000000,1.060860266991e+15,3.967985896958e+11,1.624438387292e+12,2.947902597854e+11,2.291507602262e+11,4.858444653002e+11,5.055119367590e+11
592.50000000,6.546765048138e+14,4.625400406448e+11,1.893574768648e+12,3.436310064679e+11,2.671163776806e+11,5.663390056371e+11,5.892649768580e+11
593.00000000,3.588141372446e+14,6.240079599587e+11,2.554602033515e+12,4.635890182091e+11,3.603639280092e+11,7.640420644673e+11,7.949712538878e+11
593.50000000,1.609266944243e+15,9.019801900017e+11,3.692581786490e+12,6.701006037719e+11,5.208925929036e+11,1.104394255681e+12,1.149101243316e+12
594.00000000,3.051435543309e+14,1.329541566704e+12,5.442958756761e+12,9.877452037920e+11,7.678088296522e+11,1.627905008597e+12,1.693804236808e+12
594.50000000,3.095244787962e+14,1.952918641023e+12,7.994978031975e+12,1.450865523405e+12,1.127808421881e+12,2.391174609894e+12,2.487971757442e+12
595.00000000,4.016289743555e+13,2.831263804136e+12,1.159080129674e+13,2.103407154195e+12,1.635051812092e+12,3.466629884190e+12,3.606962540369e+12
595.50000000,1.008870967937e+15,4.036627760566e+12,1.652539414139e+13,2.998898123869e+12,2.331148204916e+12,4.942490489833e+12,5.142567464227e+12
596.00000000,8.145341761510e+14,5.651489131405e+12,2.313641260030e+13,4.198613585047e+12,3.263728915636e+12,6.919744138463e+12,7.199862324560e+12
596.50000000,4.310104556250e+13,7.766212763623e+12,3.179379782267e+13,5.769687538185e+12,4.484979546492e+12,9.509034521622e+12,9.893969780560e+12
597.00000000,9.494959251991e+13,1.047250863914e+13,4.287299775363e+13,7.780253313652e+12,6.047862513753e+12,1.282265232856e+13,1.334172616125e+13
597.50000000,-6.398664724679e+13,1.385716094423e+13,5.672929481416e+13,1.029478476162e+13,8.002495591974e+12,1.696685705129e+13,1.765369244952e+13
598.00000000,7.352435742887e+14,1.799086786542e+13,7.365211757353e+13,1.336580509489e+13,1.038970690809e+13,2.202821231057e+13,2.291993644832e+13
598.50000000,1.335478012947e+15,2.291887011369e+13,9.382667522729e+13,1.702692461677e+13,1.323562292420e+13,2.806211131999e+13,2.919809374415e+13
599.00000000,5.800195544304e+14,2.864739796941e+13,1.172784736791e+14,2.128277193737e+13,1.654384162054e+13,3.507618250193e+13,3.649610156556e+13
599.50000000,5.628104750996e+14,3.513466480174e+13,1.438364442584e+14,2.610230286428e+13,2.029023126259e+13,4.301926185568e+13,4.476072474175e+13
600.00000000,6.453703912076e+14,4.228036619587e+13,1.730899546039e+14,3.141099907697e+13,2.441686615830e+13,5.176853557583e+13,5.386417784124e+13
600.50000000,2.059080579207e+15,4.992269289187e+13,2.043765800497e+14,3.708864897437e+13,2.883030163353e+13,6.112588266246e+13,6.360031972723e+13
601.00000000,6.928296309510e+14,5.783773792989e+13,2.367796765595e+14,4.296890723022e+13,3.340123165894e+13,7.081714902322e+13,7.368389827463e+13
601.50000000,8.594723588131e+14,6.574750326519e+13,2.691611586989e+14,4.884524308065e+13,3.796911266170e+13,8.050195085914e+13,8.376075060674e+13
602.00000000,1.384911173593e+15,7.333355066314e+13,3.002173845047e+14,5.448108186953e+13,4.235004690263e+13,8.979038896730e+13,9.342519400967e+13
602.50000000,2.178980713376e+15,8.025639249021e+13,3.285585386950e+14,5.962421088674e+13,4.634798063725e+13,9.826679103417e+13,1.022447293376e+14
603.00000000,1.558135699432e+15,8.618131912381e+13,3.528143665014e+14,6.402596710988e+13,4.976961941730e+13,1.055213349942e+14,1.097929445164e+14
603.50000000,9.651888644246e+14,9.080284343195e+13,3.717342459791e+14,6.745939753725e+13,5.243854475149e+13,1.111799791141e+14,1.156806562283e+14
604.00000000,1.341877125723e+15,9.387354643631e+13,3.843052781495e+14,6.974068925522e+13,5.421187244506e+13,1.149397809329e+14,1.195926585973e+14
604.50000000,1.789510826722e+15,9.522258759887e+13,3.898280655470e+14,7.074292113079e+13,5.499094227042e+13,1.165915614567e+14,1.213113048541e+14
605.00000000,4.264577694061e+14,9.477536183427e+13,3.879971853003e+14,7.041066743142e+13,5.473266987074e+13,1.160439734155e+14,1.207415498995e+14
605.50000000,2.284262382164e+15,9.255631193611e+13,3.789127028160e+14,6.876208723749e+13,5.345117093313e+13,1.133269448291e+14,1.179145332697e+14
606.00000000,9.376506507098e+14,8.869093036410e+13,3.630883668174e+14,6.589041161320e+13,5.121891721854e+13,1.085941300162e+14,1.129901293642e+14
606.50000000,8.936752781268e+14,8.339037968708e+13,3.413886475716e+14,6.195251780093e+13,4.815785488416e+13,1.021040786996e+14,1.062373542581e+14
607.00000000,1.173456475146e+15,7.693611387489e+13,3.149657785913e+14,5.715750404608e+13,4.443052329587e+13,9.420140615026e+13,9.801477359428e+13
607.50000000,1.192362979273e+15,6.965293338637e+13,2.851494479027e+14,5.174667163885e+13,4.022449437050e+13,8.528380154678e+13,8.873617540839e+13
608.00000000,6.639751497128e+14,6.188487327812e+13,2.533480873074e+14,4.597561166837e+13,3.573844798448e+13,7.577250511651e+13,7.883985215486e+13
608.50000000,5.524069790894e+14,5.396863515968e+13,2.209401064917e+14,4.009446704726e+13,3.116682895640e+13,6.607977793523e+13,6.875475365146e+13
609.00000000,5.486162054343e+14,4.621237354268e+13,1.891870472830e+14,3.433217243128e+13,2.668759618642e+13,5.658292770468e+13,5.887346139429e+13
609.50000000,-2.359500690274e+12,3.888001140458e+13,1.591693737429e+14,2.888480191218e+13,2.245316491114e+13,4.760510455994e+13,4.953220696018e+13
610.00000000,2.948422449577e+14,3.218104612287e+13,1.317447390760e+14,2.390799562565e+13,1.858451964149e+13,3.940281934555e+13,4.099788501002e+13
610.50000000,4.339965132343e+14,2.626970506289e+13,1.075445287235e+14,1.951633241917e+13,1.517072651564e+13,3.216490970809e+13,3.346697752780e+13
611.00000000,1.338790036473e+15,2.124694304940e+13,8.698203773484e+13,1.578481381692e+13,1.227008683669e+13,2.601498582190e+13,2.706809855179e+13
611.50000000,5.988807458565e+14,1.717115848666e+13,7.029634107668e+13,1.275682525729e+13,9.916325620490e+12,2.102455132192e+13,2.187564625577e+13
612.00000000,2.883823288921e+14,1.406754116931e+13,5.759056227432e+13,1.045108078387e+13,8.123989946451e+12,1.722444886391e+13,1.792171183718e+13
612.50000000,4.022977239720e+14,1.194290398930e+13,4.889259236239e+13,8.872641841522e+12,6.897014252369e+12,1.462302022610e+13,1.521497475780e+13
613.00000000,1.566623893481e+15,1.079508171046e+13,4.419356716432e+13,8.019899829445e+12,6.234148116675e+12,1.321761427002e+13,1.375267655841e+13
613.50000000,2.242183705225e+14,1.062435297834e+13,4.349462741635e+13,7.893061759446e+12,6.135552456875e+12,1.300857217228e+13,1.353517222680e+13
614.00000000,2.492928904191e+14,1.143668230919e+13,4.682019102073e+13,8.496558799738e+12,6.604671774718e+12,1.400319695080e+13,1.457006041438e+13
614.50000000,8.838495175524e+14,1.324701022522e+13,5.423142240299e+13,9.841490587604e+12,7.650134205757e+12,1.621978194183e+13,1.687637499000e+13
615.00000000,1.528372008615e+15,1.607341054223e+13,6.580231325804e+13,1.194128455196e+13,9.282377359248e+12,1.968045692003e+13,2.047714156380e+13
615.50000000,2.434056194315e+14,1.993156691469e+13,8.159707029183e+13,1.480759241913e+13,1.151045852883e+13,2.440442512076e+13,2.539234073740e+13
616.00000000,1.504149529190e+15,2.482114260708e+13,1.016143149559e+14,1.844016402102e+13,1.433418325011e+13,3.039127424145e+13,3.162154351779e+13
616.50000000,6.795057393529e+14,3.071492776994e+13,1.257426539007e+14,2.281878457158e+13,1.773783786419e+13,3.760768824947e+13,3.913008520590e+13
617.00000000,1.405406068643e+15,3.754294426792e+13,1.536956063466e+14,2.789146579960e+13,2.168101007291e+13,4.596798516247e+13,4.782881532679e+13
617.50000000,5.305871353000e+14,4.518303188373e+13,1.849730653086e+14,3.356745223586e+13,2.609315248171e+13,5.532259069519e+13,5.756210467802e+13
618.00000000,1.204384418846e+15,5.345102293282e+13,2.188210738316e+14,3.970992172178e+13,3.086790845021e+13,6.544600795187e+13,6.809532802323e+13
618.50000000,2.270272762877e+15,6.210037047924e+13,2.542303029577e+14,4.613570920286e+13,3.586289738713e+13,7.603636220968e+13,7.911439044791e+13
619.00000000,1.097909691286e+15,7.082611610263e+13,2.899522952138e+14,5.261825446873e+13,4.090200613162e+13,8.672025909547e+13,9.023078220001e+13
619.50000000,1.290701769628e+15,7.927800764811e+13,3.245531668607e+14,5.889734761338e+13,4.578296443966e+13,9.706884609986e+13,1.009982903903e+14
620.00000000,7.322427640934e+14,8.708077217654e+13,3.564966025385e+14,6.469419024868e+13,5.028905259114e+13,1.066226349958e+14,1.109388262472e+14
620.50000000,-1.532483403890e+14,9.385830884857e+13,3.842428975789e+14,6.972936892152e+13,5.420307275447e+13,1.149211238665e+14,1.195732462741e+14
621.00000000,1.771240348103e+15,9.926456209125e+13,4.063753484668e+14,7.374579145743e+13,5.732517820723e+13,1.215405985425e+14,1.264606839271e+14
621.50000000,1.578380836945e+15,1.030090699146e+14,4.217048441043e+14,7.652766735787e+13,5.948762746150e+13,1.261254142361e+14,1.312310975604e+14
622.00000000,1.020884328477e+15,1.048860318990e+14,4.293888661201e+14,7.792210303726e+13,6.057157099563e+13,1.284235866979e+14,1.336223023495e+14
622.50000000,6.962038715161e+14,1.047885810527e+14,4.289899158723e+14,7.784970469448e+13,6.051529323632e+13,1.283042668324e+14,1.334981522961e+14
623.00000000,1.299288615152e+15,1.027231805450e+14,4.205344526805e+14,7.631527395804e+13,5.932252665704e+13,1.257753682140e+14,1.308668813241e+14
623.50000000,4.652171240183e+14,9.880430182409e+13,4.044911067746e+14,7.340385414402e+13,5.705937839629e+13,1.209770509160e+14,1.258743233272e+14
624.00000000,1.147868955825e+15,9.324816859501e+13,3.817450680118e+14,6.927608252252e+13,5.385071741205e+13,1.141740615710e+14,1.187959421473e+14
624.50000000,1.294636965946e+15,8.634911585820e+13,3.535013030574e+14,6.415062693530e+13,4.986652185155e+13,1.057267871224e+14,1.100067135529e+14
625.00000000,1.174161515927e+15,7.845697423268e+13,3.211919699414e+14,5.828738412028e+13,4.530881852230e+13,9.606356394647e+13,9.995231340659e+13
625.50000000,9.107189034461e+14,6.994541044331e+13,2.863468084051e+14,5.196395917422e+13,4.039339955738e+13,8.564191360421e+13,8.910878420124e+13
626.00000000,9.056620769784e+14,6.118454995477e+13,2.504810607616e+14,4.545532631508e+13,3.533401201591e+13,7.491502169947e+13,7.794765694868e+13
626.50000000,1.048509908384e+15,5.251454871182e+13,2.149872782668e+14,3.901419475586e+13,3.032709559137e+13,6.429937883325e+13,6.690228220735e+13
627.00000000,6.969672063059e+14,4.422531677079e+13,1.810523124785e+14,3.285594495163e+13,2.554007303055e+13,5.414995399980e+13,5.634199847256e+13
627.50000000,1.862308940038e+15,3.654427413357e+13,1.496071893396e+14,2.714953214360e+13,2.110427914077e+13,4.474520269792e+13,4.655653340112e+13
628.00000000,1.637677381075e+15,2.962919011229e+13,1.212977945302e+14,2.201216656821e+13,1.711082553068e+13,3.627829937199e+13,3.774688133274e+13
628.50000000,1.096819118487e+15,2.357111116444e+13,9.649685961839e+13,1.751148860915e+13,1.361229143188e+13,2.886072228480e+13,3.002903328215e+13
629.00000000,1.147243518533e+15,1.839893370214e+13,7.532268250729e+13,1.366896603634e+13,1.062536449139e+13,2.252785251443e+13,2.343980258899e+13
629.50000000,3.678447249364e+14,1.409200355503e+13,5.769070788836e+13,1.046925441964e+13,8.138116947986e+12,1.725440087236e+13,1.795287633299e+13
630.00000000,2.065773430352e+15,1.059051354179e+13,4.335609345693e+13,7.867921709688e+12,6.116010218546e+12,1.296713880185e+13,1.349206159196e+13
630.50000000,5.849954571607e+14,7.810269479754e+12,3.197415990751e+13,5.802418226064e+12,4.510422252828e+12,9.562978039179e+12,9.950096985835e+12
631.00000000,2.634284803778e+14,5.652816004582e+12,2.314184463504e+13,4.199599347835e+12,3.264495183465e+12,6.921368776259e+12,7.201552729324e+12
631.50000000,1.227079093069e+15,4.016902712944e+12,1.644464253244e+13,2.984243959109e+12,2.319757011063e+12,4.918338929150e+12,5.117438224135e+12
632.00000000,1.686156564646e+14,2.804913702729e+12,1.148292763653e+13,2.083831093593e+12,1.619834656774e+12,3.434366536330e+12,3.573393139813e+12
632.50000000,3.029592043237e+14,1.929151192492e+12,7.897677394410e+12,1.433208171517e+12,1.114082745830e+12,2.362073490026e+12,2.457692595041e+12
633.00000000,1.054742096388e+15,1.314200799057e+12,5.380155781892e+12,9.763482155034e+11,7.589495527802e+11,1.609121607527e+12,1.674260464815e+12
633.50000000,-9.488297530005e+13,8.989545657888e+11,3.680195300639e+12,6.678528020658e+11,5.191452981654e+11,1.100689648822e+12,1.145246670254e+12
634.00000000,1.060292925371e+15,6.363553359324e+11,2.605150478078e+12,4.727621510434e+11,3.674945244006e+11,7.791603245479e+11,8.107015163063e+11
634.50000000,2.940536177468e+14,4.931911241239e+11,2.019056052878e+12,3.664023597352e+11,2.848173455362e+11,6.038685222511e+11,6.283137259622e+11
635.00000000,1.424406671502e+15,4.489719104299e+11,1.838028725549e+12,3.335509488913e+11,2.592807970258e+11,5.497260409229e+11,5.719795026625e+11
635.50000000,7.654597717865e+14,4.952686351460e+11,2.027561094836e+12,3.679457876360e+11,2.860171059254e+11,6.064122491119e+11,6.309604254388e+11
636.00000000,1.999149010836e+15,6.348500133896e+11,2.598987896387e+12,4.716438143461e+11,3.666252022440e+11,7.773171914154e+11,8.087837712952e+11
636.50000000,-3.634476137570e+14,8.814624752162e+11,3.608585108119e+12,6.548575494153e+11,5.090436346086e+11,1.079272144796e+12,1.122962164174e+12
637.00000000,4.256785439725e+14,1.259434484861e+12,5.155950088070e+12,9.356611354352e+11,7.273220650342e+11,1.542065142787e+12,1.604489487098e+12
637.50000000,1.455354059798e+15,1.803859972186e+12,7.384752517305e+12,1.340126612410e+12,1.041727200406e+12,2.208665570952e+12,2.298074569471e+12
638.00000000,1.572533629798e+15,2.560038609643e+12,1.048044297144e+13,1.901908087362e+12,1.478419552995e+12,3.134538835944e+12,3.261428113265e+12
638.50000000,4.842213015972e+14,3.583299745808e+12,1.466953212895e+13,2.662110930799e+12,2.069351762311e+12,4.387430787863e+12,4.565038388567e+12
639.00000000,8.207927617359e+14,4.937086330358e+12,2.021174662581e+13,3.667868283055e+12,2.851162063779e+12,6.045021657337e+12,6.289730199688e+12
639.50000000,7.413319850837e+14,6.691306626309e+12,2.739328119400e+13,4.971116505685e+12,3.864222404363e+12,8.192907874266e+12,8.524565005898e+12
640.00000000,1.100845152590e+15,8.917815081036e+12,3.650829797433e+13,6.625237822712e+12,5.150028650400e+12,1.091906879762e+13,1.136108365890e+13
640.50000000,1.598770876346e+15,1.168643262795e+13,4.784263418350e+13,8.682103716630e+12,6.748902316096e+12,1.430899393000e+13,1.488823636213e+13
641.00000000,1.530857577703e+15,1.505731408113e+13,6.164255528643e+13,1.118640450068e+13,8.695582742098e+12,1.843633747339e+13,1.918265891360e+13
641.50000000,1.066656687236e+15,1.907482015900e+13,7.808966791118e+13,1.417109671264e+13,1.101568819575e+13,2.335541516904e+13,2.430086581025e+13
642.00000000,7.539020366724e+14,2.375786919802e+13,9.726142110313e+13,1.765023519410e+13,1.372014399608e+13,2.908939083181e+13,3.026695856140e+13
642.50000000,1.184227480061e+15,2.909349721279e+13,1.191047421042e+14,2.161418871973e+13,1.680146345542e+13,3.562239121839e+13,3.706442135893e+13
643.00000000,2.452539813123e+14,3.502828593171e+13,1.434009439200e+14,2.602327169948e+13,2.022879757917e+13,4.288901042189e+13,4.462520059923e+13
643.50000000,1.084666140600e+15,4.146492520457e+13,1.697516522933e+14,3.080519031679e+13,2.394594985989e+13,5.077010084676e+13,5.282532547249e+13
644.00000000,1.398235734530e+15,4.825905580489e+13,1.975658805744e+14,3.585269697808e+13,2.786955299903e+13,5.908890750183e+13,6.148088576817e+13
644.50000000,1.312540103854e+15,5.522226694111e+13,2.260723011168e+14,4.102581722873e+13,3.189079996642e+13,6.761473818546e+13,7.035185063281e+13
645.00000000,1.426683989213e+15,6.212792857178e+13,2.543431219660e+14,4.615618270622e+13,3.587881215604e+13,7.607010463489e+13,7.914949880035e+13
645.50000000,1.843617261920e+15,6.872200413538e+13,2.813383526760e+14,5.105506415115e+13,3.968688372591e+13,8.414396174915e+13,8.755019375202e+13
646.00000000,3.546710350209e+13,7.473826164857e+13,3.059680764352e+14,5.552467206131e+13,4.316126599102e+13,9.151033222149e+13,9.521476229260e+13
646.50000000,1.264335831664e+15,7.991450808572e+13,3.271589113649e+14,5.937021756360e+13,4.615054276012e+13,9.784818408846e+13,1.018091767626e+14
647.00000000,4.700533443850e+14,8.401313168759e+13,3.439381078813e+14,6.241517373968e+13,4.851749349694e+13,1.028665829538e+14,1.070307254496e+14
647.50000000,1.766364918818e+15,8.683677333063e+13,3.554977051078e+14,6.451291822544e+13,5.014814351916e+13,1.063238801819e+14,1.106279775386e+14
648.00000000,1.473216332634e+15,8.824689282806e+13,3.612705387362e+14,6.556052651784e+13,5.096248601744e+13,1.080504456764e+14,1.124244361368e+14
648.50000000,1.211028477616e+15,8.817185150110e+13,3.609633299524e+14,6.550477669199e+13,5.091914973156e+13,1.079585642678e+14,1.123288352765e+14
649.00000000,8.751668349952e+14,8.661632309097e+13,3.545952124047e+14,6.434914097142e+13,5.002083374206e+13,1.060539585350e+14,1.103471291926e+14
649.50000000,6.652634963397e+13,8.365742249317e+13,3.424818837789e+14,6.215090968090e+13,4.831207181844e+13,1.024310487865e+14,1.065775604222e+14
650.00000000,2.239423297186e+15,7.944162942867e+13,3.252230117347e+14,5.901890577525e+13,4.587745584255e+13,9.726918636959e+13,1.012067406351e+14
650.50000000,8.478144409803e+14,7.416982247874e+13,3.036409653207e+14,5.510236629990e+13,4.283299297974e+13,9.081432918192e+13,9.449058435162e+13
651.00000000,1.098842604646e+15,6.808393450131e+13,2.787261840991e+14,5.058102841092e+13,3.931839919617e+13,8.336270241951e+13,8.673730826079e+13
651.50000000,1.974015512464e+15,6.144665989914e+13,2.515541025173e+14,4.565005346533e+13,3.548538022783e+13,7.523595193733e+13,7.828157876459e+13
652.00000000,1.073333334950e+15,5.452420739174e+13,2.232145421478e+14,4.050721368213e+13,3.148767132490e+13,6.676002655766e+13,6.946253942068e+13
652.50000000,1.721069826132e+15,4.756832278597e+13,1.947381154048e+14,3.533953646951e+13,2.747065542099e+13,5.824316655679e+13,6.060090838104e+13
653.00000000,1.567005289748e+15,4.080213092099e+13,1.670382644308e+14,3.031278609935e+13,2.356318687156e+13,4.995856839006e+13,5.198094136763e+13
653.50000000,1.269660956669e+15,3.441019512759e+13,1.408705659018e+14,2.556407866441e+13,1.987185080232e+13,4.213221338675e+13,4.383776766072e+13
654.00000000,1.248548640686e+15,2.853171362969e+13,1.168048780386e+14,2.119682753775e+13,1.647703403835e+13,3.493453735088e+13,3.634872247666e+13
654.50000000,1.738009467620e+15,2.326013965836e+13,9.522378540656e+13,1.728046114725e+13,1.343270572045e+13,2.847996542472e+13,2.963286300232e+13
655.00000000,4.909643776463e+14,1.864396116662e+13,7.632579095976e+13,1.385100224258e+13,1.076686758949e+13,2.282786678000e+13,2.375196173307e+13
655.50000000,7.416230626905e+14,1.469346682616e+13,6.015301509292e+13,1.091609450060e+13,8.485461342361e+12,1.799083897710e+13,1.871912619116e+13
656.00000000,1.907585713887e+15,1.138631532740e+13,4.661399558356e+13,8.459140078926e+12,6.575584896722e+12,1.394152707603e+13,1.450589408120e+13
656.50000000,8.155897241192e+14,8.677185338351e+12,3.552319318492e+13,6.446468779174e+12,5.011065231929e+12,1.062443914997e+13,1.105452710748e+13
657.00000000,6.406026120300e+14,6.504496291263e+12,2.662850559431e+13,4.832331064836e+12,3.756339636113e+12,7.964175288767e+12,8.286573095825e+12
657.50000000,1.969793139856e+15,4.799168363157e+12,1.964712959833e+13,3.565406040405e+12,2.771514585552e+12,5.876153413420e+12,6.114025999812e+12
658.00000000,1.542338162079e+15,3.489857124699e+12,1.428699099932e+13,2.592690385293e+12,2.015388748778e+12,4.273018636536e+12,4.445994718552e+12
658.50000000,1.088778767478e+15,2.508858269307e+12,1.027091775720e+13,1.863885104881e+12,1.448862961309e+12,3.071873076207e+12,3.196225580694e+12
659.00000000,1.588937937080e+15,1.794909336737e+12,7.348109857296e+12,1.333476991622e+12,1.036558218025e+12,2.197706316538e+12,2.286671673442e+12
659.50000000,1.062617817799e+15,1.296104863308e+12,5.306073530977e+12,9.629043532055e+11,7.484991692832e+11,1.586964748964e+12,1.651206674386e+12
660.00000000,1.130937529064e+15,9.706473491642e+11,3.973695611455e+12,7.211149224097e+11,5.605478037196e+11,1.188471064655e+12,1.236581565881e+12
660.50000000,4.568189632471e+14,7.876923153981e+11,3.224703080443e+12,5.851936683171e+11,4.548914678254e+11,9.644589515514e+11,1.003501217662e+12
661.00000000,3.970273310872e+14,7.269503242726e+11,2.976033794143e+12,5.400671285348e+11,4.198130330596e+11,8.900858036468e+11,9.261173701034e+11
661.50000000,1.604472842879e+15,7.785465152194e+11,3.187261443103e+12,5.783990554315e+11,4.496097780256e+11,9.532607353444e+11,9.918496864267e+11
662.00000000,1.691121619632e+15,9.421977808854e+11,3.857227025089e+12,6.999791224292e+11,5.441182085320e+11,1.153637106955e+12,1.200337494621e+12
662.50000000,2.728947615227e+15,1.226765834331e+12,5.022209164185e+12,9.113908879460e+11,7.084559543727e+11,1.502065295358e+12,1.562870405708e+12
663.00000000,1.457205344946e+15,1.649220221908e+12,6.751678829352e+12,1.225241395221e+12,9.524229103766e+11,2.019322995804e+12,2.101067216891e+12
663.50000000,9.309263494955e+14,2.233996845315e+12,9.145673212701e+12,1.659684604458e+12,1.290130783575e+12,2.735329789415e+12,2.846058683960e+12
664.00000000,1.341500393379e+14,3.011462401500e+12,1.232850935946e+13,2.237280592030e+12,1.739116308918e+12,3.687266986884e+12,3.836531254370e+12
664.50000000,1.763135454102e+15,4.016776323416e+12,1.644412511124e+13,2.984150061589e+12,2.319684021243e+12,4.918184176451e+12,5.117277206891e+12
665.00000000,1.590688609086e+15,5.287348928692e+12,2.164567311935e+13,3.928085947731e+12,3.053438338877e+12,6.473886953791e+12,6.735956393673e+12
665.50000000,1.290388830811e+15,6.860833870109e+12,2.808730221542e+13,5.097061964006e+12,3.962124205943e+12,8.400478856765e+12,8.740538670048e+12
666.00000000,1.908512323893e+15,8.771268388347e+12,3.590835614158e+13,6.516365113156e+12,5.065398092455e+12,1.073963544932e+13,1.117438666861e+13
666.50000000,2.443758719803e+14,1.104616483139e+13,4.522146663431e+13,8.206434913917e+12,6.379148349880e+12,1.352504314654e+13,1.407255046433e+13
667.00000000,1.723376341003e+15,1.370164917266e+13,5.609265119198e+13,1.017925170094e+13,7.912687710584e+12,1.677644676388e+13,1.745557416261e+13
667.50000000,6.500429624767e+14,1.673928145000e+13,6.852829639319e+13,1.243597446010e+13,9.666917094748e+12,2.049575642851e+13,2.132544521447e+13
668.00000000,1.185845471052e+15,2.014137171329e+13,8.245598203578e+13,1.496346094460e+13,1.163162057514e+13,2.466131237499e+13,2.565962704545e+13
668.50000000,6.216025608461e+14,2.386883698109e+13,9.771570781497e+13,1.773267556171e+13,1.378422777187e+13,2.922526098013e+13,3.040832886965e+13
669.00000000,1.093861094540e+15,2.785854408837e+13,1.140490153101e+14,2.069671531679e+13,1.608827934980e+13,3.411030131690e+13,3.549112054097e+13
669.50000000,2.052523759977e+15,3.202374772629e+13,1.311007812589e+14,2.379113524258e+13,1.849367998607e+13,3.921022149524e+13,4.079749060547e+13
670.00000000,2.380658074497e+15,3.625527217178e+13,1.484240553947e+14,2.693482633162e+13,2.093738081762e+13,4.439134558441e+13,4.618835179658e+13
670.50000000,4.621218850475e+14,4.042549067956e+13,1.654963515252e+14,3.003297191277e+13,2.334567753586e+13,4.949740602341e+13,5.150111068565e+13
671.00000000,1.317310771086e+15,4.439412499424e+13,1.817433899303e+14,3.298135623417e+13,2.563755959865e+13,5.435664460605e+13,5.655705612194e+13
671.50000000,1.247751594714e+15,4.801533055928e+13,1.965681032254e+14,3.567162821843e+13,2.772880193094e+13,5.879048768708e+13,6.117038561988e+13
672.00000000,1.244131639750e+15,5.114710781166e+13,2.093891648958e+14,3.799829331703e+13,2.953739993728e+13,6.262506947274e+13,6.516019512389e+13
672.50000000,8.809177447825e+14,5.365940951253e+13,2.196741795842e+14,3.986473662174e+13,3.098825147662e+13,6.570115872362e+13,6.836080755425e+13
673.00000000,1.578378933664e+15,5.544442127438e+13,2.269817701427e+14,4.119086049078e+13,3.201909385576e+13,6.788674634291e+13,7.063486995341e+13
673.50000000,2.407954239228e+14,5.642261053609e+13,2.309863412981e+14,4.191757846324e+13,3.258399710589e+13,6.908445180650e+13,7.188105973596e+13
674.00000000,1.989742987666e+15,5.655041729858e+13,2.315095644559e+14,4.201252887308e+13,3.265780537423e+13,6.924093978250e+13,7.204388250225e+13
674.50000000,1.272027968638e+15,5.582153559361e+13,2.285256238571e+14,4.147102688003e+13,3.223687697089e+13,6.834848917553e+13,7.111530459922e+13
675.00000000,6.373352093435e+14,5.426939238144e+13,2.221713648403e+14,4.031790609628e+13,3.134051592958e+13,6.644802831562e+13,6.913791117674e+13
675.50000000,9.094290964972e+14,5.196269841512e+13,2.127280796979e+14,3.860421322732e+13,3.000840263655e+13,6.362368738856e+13,6.619923809497e+13
676.00000000,2.280612218114e+15,4.900216750948e+13,2.006080768179e+14,3.640477074583e+13,2.829869921190e+13,5.999878147356e+13,6.242759235125e+13
676.50000000,1.158799677305e+15,4.551168554570e+13,1.863185278140e+14,3.381161615406e+13,2.628294961923e+13,5.572499777732e+13,5.798080160261e+13
677.00000000,1.268001515908e+15,4.163099667317e+13,1.704315258504e+14,3.092856840493e+13,2.404185595500e+13,5.097344054089e+13,5.303689656148e+13
677.50000000,9.115607155689e+14,3.750554182138e+13,1.535424859185e+14,2.786367871261e+13,2.165941020012e+13,4.592218920424e+13,4.778116550221e+13
678.00000000,5.009855101981e+14,3.327817575249e+13,1.362362355996e+14,2.472307697153e+13,1.921811082659e+13,4.074615667614e+13,4.239560198367e+13
678.50000000,1.288666062838e+15,2.908099461695e+13,1.190535582110e+14,2.160490027070e+13,1.679424321973e+13,3.560708290543e+13,3.704849335010e+13
679.00000000,1.121422680643e+15,2.502899412911e+13,1.024652302565e+14,1.859458141506e+13,1.445421728130e+13,3.064576988284e+13,3.188634139810e+13
679.50000000,7.714712017091e+14,2.121604083769e+13,8.685552836647e+13,1.576185589637e+13,1.225224084357e+13,2.597714882197e+13,2.702872987213e+13
680.00000000,1.614432437886e+15,1.771203500589e+13,7.251061452281e+13,1.315865432241e+13,1.022868138089e+13,2.168680647192e+13,2.256471015876e+13
680.50000000,1.183261820682e+15,1.456333395383e+13,5.962026916398e+13,1.081943454799e+13,8.410324186743e+12,1.783151408655e+13,1.855335166918e+13
681.00000000,1.374009663682e+15,1.179353662630e+13,4.828110309662e+13,8.762833738329e+12,6.811656580294e+12,1.444083271858e+13,1.502541211717e+13
681.50000000,1.312574851392e+15,9.416206811681e+12,3.854864458894e+13,7.042750591786e+12,5.474575901409e+12,1.155779208729e+13,1.202566310823e+13
682.00000000,7.833631451105e+14,7.663649441865e+12,3.137391780969e+13,6.950377740223e+12,5.402771259100e+12,1.014128544889e+13,1.055181485977e+13
682.50000000,1.538232179318e+15,1.050725676695e+13,4.301525176905e+13,2.967434950990e+13,2.306690782240e+13,2.605051689381e+13,2.710506795713e+13
683.00000000,1.625347242614e+15,5.892774058329e+13,2.412419962311e+14,2.928494217911e+14,2.276420790974e+14,2.223271162445e+14,2.313271409963e+14
683.50000000,3.963887846859e+15,4.104594932211e+14,1.680364231456e+15,2.163367079962e+15,1.681660755625e+15,1.623096365190e+15,1.688800934691e+15
684.00000000,1.392587353395e+16,1.994079899779e+15,8.163486515949e+15,1.057143331542e+16,8.217544170806e+15,7.922314161605e+15,8.243017388232e+15
684.50000000,3.583669623019e+16,6.391213496960e+15,2.616474154760e+16,3.390974509530e+16,2.635922867099e+16,2.540822648436e+16,2.643677698743e+16
685.00000000,6.367861867333e+16,1.345135373469e+16,5.506797638679e+16,7.137973847837e+16,5.548596262635e+16,5.348248103293e+16,5.564750553023e+16
685.50000000,7.745201756885e+16,1.858421903297e+16,7.608121495127e+16,9.862122366107e+16,7.666172007454e+16,7.389305774340e+16,7.688432286622e+16
686.00000000,6.754915572623e+16,1.685502143991e+16,6.900211985785e+16,8.944571770935e+16,6.952927897617e+16,6.701808127911e+16,6.973104045620e+16
686.50000000,3.798892547628e+16,1.003451784120e+16,4.107992417944e+16,5.325062269594e+16,4.139356803096e+16,3.989858834441e+16,4.151372323541e+16
687.00000000,1.538120771824e+16,3.920689501981e+15,1.605075899225e+16,2.080554859951e+16,1.617287925989e+16,1.558885613390e+16,1.621990867229e+16
687.50000000,4.266186437914e+15,1.005080927639e+15,4.114661905537e+15,5.333034641145e+15,4.145554005823e+15,3.995930700751e+15,4.157689985092e+15
688.00000000,2.301787913593e+15,1.690258782403e+14,6.919685003663e+14,8.964425898774e+14,6.968361204305e+14,6.717472422551e+14,6.989402446625e+14
688.50000000,1.737657690453e+14,1.868461086615e+13,7.649220519120e+13,9.879258075398e+13,7.679492192504e+13,7.407432764940e+13,7.707293075990e+13
689.00000000,1.895625963625e+15,1.392888186505e+12,5.702291031575e+12,7.160021031345e+12,5.565734308056e+12,5.398619995233e+12,5.617161549694e+12
689.50000000,1.587344200186e+15,9.511739681837e+10,3.893974290824e+11,3.597956021134e+11,2.796816821911e+11,2.907920633475e+11,3.025636178568e+11
690.00000000,8.396409321097e+14,2.151085120611e+10,8.806244112238e+10,2.490239924161e+10,1.935750428737e+10,3.171728382926e+10,3.300123130425e+10
690.50000000,1.114614653973e+15,1.189672381123e+10,4.870353711888e+10,9.018022719109e+09,7.010023883846e+09,1.467481895473e+10,1.526887035094e+10
691.00000000,1.898187856031e+15,7.080946245459e+09,2.898841174888e+10,5.262945216725e+09,4.091071049360e+09,8.671407957925e+09,9.022435253078e+09
691.50000000,1.929363300139e+15,4.164247580059e+09,1.704785198058e+10,3.093729715998e+09,2.404864112102e+09,5.098761671386e+09,5.305164660015e+09
692.00000000,1.723935653082e+15,2.412004197658e+09,9.874410622250e+09,1.791930234004e+09,1.392929928191e+09,2.953283976330e+09,3.072835875060e+09
692.50000000,9.218676068724e+14,1.376021689991e+09,5.633241934357e+09,1.022276295027e+09,7.946510523691e+08,1.684815771942e+09,1.753018804958e+09
693.00000000,1.334759328597e+15,7.731032314597e+08,3.164977394415e+09,5.743551225976e+08,4.464662878579e+08,9.465959203899e+08,9.849150730753e+08
693.50000000,1.260065494920e+15,4.278142925125e+08,1.751412372515e+09,3.178324957057e+08,2.470622946246e+08,5.238204248785e+08,5.450252012866e+08
694.00000000,6.293265880126e+14,2.331513300015e+08,9.544892051984e+08,1.732131675541e+08,1.346446421096e+08,2.854729971649e+08,2.970292305379e+08
694.50000000,1.353650128312e+15,1.251486194378e+08,5.123410889317e+08,9.297561691944e+07,7.227319286294e+07,1.532333148212e+08,1.594363531617e+08
695.00000000,2.079871226896e+15,6.615752506179e+07,2.708397310611e+08,4.914985449768e+07,3.820589775032e+07,8.100398333370e+07,8.428310585961e+07
695.50000000,1.369183482416e+15,3.444589983725e+07,1.410167360306e+08,2.559060001864e+07,1.989246677683e+07,4.217592657438e+07,4.388325040204e+07
696.00000000,1.084197384917e+15,1.766287850962e+07,7.230937464548e+07,1.312212714037e+07,1.020028752710e+07,2.162661254886e+07,2.250207952529e+07
696.50000000,6.715718940851e+14,8.920509086625e+06,3.651932685953e+07,6.627233273560e+06,5.151579784007e+06,1.092236358672e+07,1.136451182437e+07
697.00000000,1.374630140701e+15,4.436951219540e+06,1.816426285459e+07,3.296306176683e+06,2.562333867052e+06,5.432649962592e+06,5.652569084278e+06
697.50000000,8.392469608964e+14,2.173712757783e+06,8.898878520201e+06,1.615347427174e+06,1.255665947837e+06,2.661788280205e+06,2.769540140665e+06
698.00000000,1.358591452460e+15,1.065251110339e+06,4.360990287459e+06,8.669645397184e+05,6.739218029464e+05,1.349866786396e+06,1.404510748386e+06
698.50000000,6.248354564457e+14,2.300296920738e+06,9.417096525170e+06,9.933151159622e+06,7.721385168309e+06,7.775235982021e+06,8.089985336357e+06
699.00000000,1.997351045327e+15,1.275944174051e+08,5.223538465595e+08,6.760711837648e+08,5.255337331685e+08,5.067055763395e+08,5.272175265054e+08
699.50000000,1.302465507829e+15,5.865404941462e+09,2.401215425496e+10,3.112684570100e+10,2.419598381921e+10,2.332202241227e+10,2.426612128117e+10
700.00000000,7.462425637791e+14,1.763493982489e+11,7.219499754549e+11,9.358749781627e+11,7.274882924517e+11,7.012092153304e+11,7.295948679704e+11
700.50000000,7.010163234679e+14,3.465370155202e+12,1.418674474272e+13,1.839050206433e+13,1.429557927745e+13,1.377917909691e+13,1.433697409298e+13
701.00000000,1.314022019362e+15,4.456568717082e+13,1.824457416843e+14,2.365073078750e+14,1.838453870154e+14,1.772043274410e+14,1.843777364252e+14
701.50000000,3.712379711067e+15,3.753860666817e+14,1.536778488149e+15,1.992150322287e+15,1.548567992610e+15,1.492628964330e+15,1.553052082532e+15
702.00000000,1.561002974574e+16,2.072403026651e+15,8.484130533360e+15,1.099811294005e+16,8.549217138657e+15,8.240393178977e+15,8.573972563391e+15
702.50000000,4.043764686073e+16,7.503043572654e+15,3.071641965837e+16,3.981818186185e+16,3.095206283650e+16,2.983397933828e+16,3.104168875774e+16
703.00000000,8.626297250534e+16,1.782245198784e+16,7.296264633125e+16,9.458263538042e+16,7.352238441459e+16,7.086653025721e+16,7.373527851052e+16
703.50000000,1.227647161105e+17,2.778468281972e+16,1.137466375213e+17,1.474515698565e+17,1.146192528673e+17,1.104788536995e+17,1.149511485534e+17
704.00000000,1.117755391631e+17,2.843324136042e+16,1.164017462270e+17,1.508934293728e+17,1.172947304266e+17,1.130576847986e+17,1.176343733230e+17
704.50000000,6.989624071006e+16,1.910003569345e+16,7.819289681163e+16,1.013626920123e+17,7.879275913014e+16,7.594652286381e+16,7.902091431517e+16
705.00000000,3.153556441146e+16,8.420959181656e+15,3.447423883989e+16,4.468950245318e+16,3.473871039271e+16,3.348384156394e+16,3.483930106861e+16
705.50000000,9.926269737946e+15,2.435982583441e+15,9.972574807662e+15,1.292760685454e+16,1.004908011811e+16,9.686076504695e+15,1.007817860075e+16
706.00000000,3.269387268138e+15,4.621451655043e+14,1.891958204595e+15,2.452575420686e+15,1.906472495297e+15,1.837604858006e+15,1.911992946538e+15
706.50000000,1.141766655826e+15,5.746859965229e+13,2.352684756533e+14,3.049822555531e+14,2.370733543447e+14,2.285095372330e+14,2.377598325900e+14
707.00000000,1.144615616249e+15,4.681053458951e+12,1.916358356393e+13,2.484205724366e+13,1.931059834579e+13,1.861304027138e+13,1.936651481816e+13
707.50000000,1.672475394974e+15,2.495650005104e+11,1.021684495563e+12,1.324425812065e+12,1.029522420173e+12,9.923329108631e+11,1.032503542816e+12
708.00000000,1.064286833792e+15,8.756711870983e+09,3.584876377859e+10,4.647132092432e+10,3.612378009462e+10,3.481887829886e+10,3.622838143017e+10
708.50000000,1.076319109025e+15,2.889457101703e+09,1.182903658513e+10,1.533416769383e+10,1.191978387289e+10,1.148920469858e+10,1.195429923321e+10
709.00000000,6.115102135774e+14,8.383343410689e+10,3.432024509113e+11,4.448987792088e+11,3.458353527474e+11,3.333427184473e+11,3.468367661709e+11
709.50000000,1.153132657310e+15,1.707054476737e+12,6.988444246580e+12,9.059231091264e+12,7.042056590130e+12,6.787675894237e+12,7.062447825288e+12
710.00000000,1.519968225416e+15,2.274814301069e+13,9.312774214876e+13,1.207229688562e+14,9.384217819919e+13,9.045231072385e+13,9.411391102311e+13
710.50000000,2.929935504528e+15,1.985384089213e+14,8.127887073666e+14,1.053630889594e+15,8.190240733331e+14,7.894384102444e+14,8.213956692250e+14
711.00000000,9.189181540164e+15,1.135634998425e+15,4.649132162511e+15,6.026743742663e+15,4.684798308211e+15,4.515569015815e+15,4.698363780562e+15
711.50000000,2.481216525403e+16,4.259720090759e+15,1.743870319664e+16,2.260606747598e+16,1.757248543970e+16,1.693771333620e+16,1.762336896760e+16
712.00000000,5.341384140948e+16,1.048275509158e+16,4.291494530865e+16,5.563132409768e+16,4.324417034217e+16,4.168205819437e+16,4.336938973446e+16
712.50000000,7.374478991428e+16,1.693044644576e+16,6.931089936981e+16,8.984881790275e+16,6.984262282895e+16,6.731969294749e+16,7.004486166756e+16
713.00000000,7.322211901242e+16,1.794901889262e+16,7.348079368367e+16,9.525431802303e+16,7.404450678152e+16,7.136979195624e+16,7.425891274811e+16
713.50000000,4.729568143097e+16,1.249114726881e+16,5.113702430328e+16,6.628973547435e+16,5.152932559644e+16,4.966792821397e+16,5.167853578559e+16
714.00000000,2.194955385586e+16,5.705475297458e+15,2.335742447583e+16,3.027859972224e+16,2.353661260717e+16,2.268639792665e+16,2.360476607858e+16
714.50000000,7.638363025172e+15,1.709937530823e+15,7.000247070106e+15,9.074531278557e+15,7.053949959851e+15,6.799139638944e+15,7.074375633883e+15
715.00000000,1.769508201665e+15,3.361077930492e+14,1.375978684087e+15,1.783702986812e+15,1.386534601731e+15,1.336448716684e+15,1.390549501748e+15
715.50000000,1.608160049301e+15,4.330589940579e+13,1.772883453162e+14,2.298216932608e+14,1.786484253772e+14,1.721950959860e+14,1.791657262545e+14
716.00000000,2.460707560407e+15,3.655123888065e+12,1.496357020481e+13,1.939751333096e+13,1.507836429034e+13,1.453368749713e+13,1.512202575032e+13
716.50000000,2.099615538957e+15,2.019358136085e+11,8.266972109104e+11,1.071660703282e+12,8.330392769432e+11,8.029473416881e+11,8.354514557686e+11
717.00000000,1.333020854421e+15,7.295867297254e+09,2.986826872377e+10,3.871871036087e+10,3.009740525562e+10,2.901019461040e+10,3.018455639748e+10
717.50000000,1.649832055583e+15,1.721647770036e+08,7.048187165145e+08,9.136676759918e+08,7.102257812047e+08,6.845702460441e+08,7.122823365116e+08
718.00000000,1.547543006030e+15,2.648418048275e+06,1.084225613431e+07,1.405498581718e+07,1.092543114322e+07,1.053077174285e+07,1.095706794972e+07
718.50000000,1.535911850746e+15,2.647841041767e+04,1.083989394970e+05,1.405164627210e+05,1.092283519824e+05,1.052839962182e+05,1.095459980286e+05
719.00000000,1.910848020336e+15,1.714142624518e+02,7.017462140415e+02,9.053451233893e+02,7.037563705217e+02,6.795771660494e+02,7.070871316286e+02
719.50000000,1.460691866636e+15,1.315628366127e+00,5.386000043460e+00,4.426401128472e+00,3.440796125333e+00,3.825310609568e+00,3.980163021415e+00
720.00000000,5.825409602933e+14,4.736806471836e-01,1.939182866533e+00,3.639856095679e-01,2.829387212610e-01,3.915755401235e-01,4.074269109002e-01
720.50000000,9.601242469581e+14,1.477768600502e+00,6.049779672932e+00,6.618171320409e+00,5.144535611465e+00,6.122816300154e+00,6.370674047707e+00
721.00000000,2.124815100081e+15,1.181998914931e+00,4.838939605665e+00,5.963167751736e+00,4.635378470989e+00,4.486502575231e+00,4.668120701298e+00
721.50000000,1.202062528831e+15,1.481853578318e+00,6.066503005495e+00,6.283958289931e+00,4.884740155307e+00,2.854297067901e+00,2.969841877253e+00
722.00000000,3.298569797212e+15,1.208966010802e+00,4.949339155627e+00,7.853267476852e+00,6.104618971774e+00,5.016375501543e+00,5.219443415349e+00
722.50000000,1.967181263775e+15,4.390222318673e-01,1.797296121608e+00,4.642647781636e+00,3.608892198130e+00,2.932377285880e+00,3.051082860802e+00
723.00000000,1.508424529758e+15,4.801296296296e-02,1.965584106145e-01,2.588278496335e+00,2.011959233470e+00,1.225448977623e-01,1.275056381871e-01
723.50000000,8.016405672068e+14,-2.208478395062e-01,-9.041204216965e-01,6.472942418981e-01,5.031644116362e-01,-2.335376957948e+00,-2.429915360556e+00
724.00000000,2.204288387083e+15,7.566384066358e-02,3.097572685379e-01,1.252940750386e+00,9.739545861464e-01,-9.074689429012e-01,-9.442041962773e-01
724.50000000,1.993644299650e+15,1.037010802469e-01,4.245378384180e-01,1.820521373457e+00,1.415154819021e+00,5.905931520062e-01,6.145009554091e-01
725.00000000,8.096996370699e+14,1.019303144290e+00,4.172885687779e+00,5.549933429784e+00,4.314157006292e+00,3.885338792438e+00,4.042621205361e+00
725.50000000,2.263662977925e+15,6.294363570602e-01,2.576825138289e+00,2.142172834684e+00,1.665185728867e+00,2.517680246914e+00,2.619598469585e+00
726.00000000,1.709970989676e+15,3.720344280478e-01,1.523057344479e+00,-7.751524112654e-01,-6.025530302865e-01,6.013136766975e-01,6.256554576971e-01
726.50000000,1.544080534761e+15,5.544784288194e-01,2.269957777295e+00,-4.112502314815e-01,-3.196791619092e-01,1.108755478395e+00,1.153639012702e+00
727.00000000,6.409353748107e+14,2.193507619599e-01,8.979915938778e-01,-1.644315880594e+00,-1.278184137985e+00,-1.562167245370e-02,-1.625405342964e-02
727.50000000,8.786429219940e+14,6.513519193673e-01,2.666544410523e+00,-4.491616464120e-01,-3.491490282436e-01,6.301631847994e-01,6.556728228349e-01
728.00000000,9.694153853080e+14,6.299581886574e-01,2.578961444466e+00,-4.527782069830e-01,-3.519603070317e-01,8.974656442901e-01,9.337959541010e-01
728.50000000,1.789626081472e+15,3.131820601852e-01,1.282123913712e+00,1.422308516590e+00,1.105610063541e+00,1.647082523148e+00,1.713758076392e+00
729.00000000,1.601548422196e+15,5.679071855710e-01,2.324933244767e+00,8.738236014660e-01,6.792535910966e-01,4.999772955247e-01,5.202168781320e-01
729.50000000,1.452220328434e+15,5.680667148920e-01,2.325586335680e+00,3.869770437886e+00,3.008107657247e+00,2.275785773534e+00,2.367911865203e+00
730.00000000,1.360504575973e+15,2.532148148148e-01,1.036626329069e+00,3.497001543210e+00,2.718341381842e+00,1.635068344907e+00,1.701257552160e+00
730.50000000,1.434306374205e+15,-2.176872685185e-01,-8.911814824678e-01,2.460929562114e+00,1.912966461077e+00,1.948141010802e-01,2.027003713713e-01
731.00000000,1.000491650283e+15,6.933786651235e-03,2.838596078226e-02,1.784199103009e+00,1.386920250171e+00,8.181789930556e-01,8.512996996671e-01
731.50000000,1.247235886207e+15,-7.766063657407e-01,-3.179318740250e+00,-3.124225501543e+00,-2.428569550832e+00,-1.683316030093e+00,-1.751458352054e+00
732.00000000,9.115877275335e+14,-6.936636284722e-01,-2.839762678649e+00,-4.639158439429e+00,-3.606179810618e+00,-3.173309230324e+00,-3.301767972112e+00
732.50000000,3.210079922169e+15,-1.345386332948e+00,-5.507825031973e+00,-9.162192216435e+00,-7.122091867157e+00,-5.133516521991e+00,-5.341326421846e+00
733.00000000,2.377065222622e+15,-7.641192901235e-01,-3.128198384724e+00,-6.384315808256e+00,-4.962751557840e+00,-3.761019820602e+00,-3.913269676801e+00
733.50000000,1.855613579573e+15,-5.048531780478e-01,-2.066798884028e+00,-3.447900308642e+00,-2.680173278061e+00,-3.681584789738e+00,-3.830619036182e+00
734.00000000,9.764551004692e+14,-1.422701871142e-01,-5.824344121100e-01,-2.920206264468e+00,-2.269978275426e+00,-1.583394280478e+00,-1.647491669753e+00
734.50000000,1.171325927113e+15,5.757073688272e-02,2.356866113075e-01,-2.037879851466e+00,-1.584115152085e+00,-8.347120707948e-01,-8.685020529827e-01
735.00000000,1.376132119665e+15,3.899941792052e-01,1.596582074566e+00,-7.016727695795e-01,-5.454347395881e-01,3.196929832176e-01,3.326344759628e-01
735.50000000,8.578822633846e+14,5.561008584105e-01,2.276599778998e+00,1.015912852045e+00,7.897045259877e-01,1.252348177083e+00,1.303044487916e+00
736.00000000,1.588974574167e+15,1.275506037809e+00,5.221744796592e+00,4.764893364198e+00,3.703917957118e+00,3.781849086130e+00,3.934942131899e+00
736.50000000,1.103032383977e+15,9.735313826196e-01,3.985502444384e+00,4.093672384983e+00,3.182154457269e+00,2.563310428723e+00,2.667075806940e+00
737.00000000,1.053434769899e+15,5.738734833140e-01,2.349358440157e+00,1.445696930459e+00,1.123790694145e+00,-2.710955319252e-01,-2.820697510787e-01
737.50000000,1.507559398659e+15,9.060956790123e-01,3.709430027651e+00,3.116554154610e+00,2.422606345050e+00,1.509398800395e+00,1.570500778388e+00
738.00000000,1.999649482177e+15,5.916859375000e-01,2.422280156875e+00,1.668010140577e+00,1.296602513449e+00,-3.902121865355e-01,-4.060083673910e-01
738.50000000,1.499874850531e+15,6.576851297261e-01,2.692471695268e+00,2.670624180773e+00,2.075969408718e+00,1.390153897208e+00,1.446428721867e+00
739.00000000,1.721075488357e+15,2.520833465953e-01,1.031994255122e+00,3.248192667945e+00,2.524933557040e+00,1.750064348838e+00,1.820908709719e+00
739.50000000,1.469786557116e+15,-6.106688548900e-03,-2.499993587597e-02,3.896349909276e+00,3.028768808263e+00,1.712714335576e+00,1.782046730442e+00
740.00000000,1.632187290396e+15,-2.907906946253e-01,-1.190456768959e+00,2.410974596414e+00,1.874134722282e+00,9.473396502459e-01,9.856889098622e-01
740.50000000,7.370378307632e+14,-1.690553077980e-01,-6.920889808937e-01,2.430629558949e+00,1.889413210826e+00,1.799695405032e+00,1.872548880868e+00
741.00000000,1.301932948621e+15,2.105391208225e-01,8.619179573016e-01,1.370103379238e-01,1.065029187767e-01,3.622684133271e-01,3.769334022039e-01
741.50000000,2.019329241906e+15,1.425186732163e-01,5.834516797450e-01,-5.498038525993e-02,-4.273817285895e-02,6.922412862895e-03,7.202639081634e-03
742.00000000,1.647363575447e+15,2.246759967568e-02,9.197923664869e-02,-1.384939115397e+00,-1.076561523407e+00,-3.808777171947e-01,-3.962960293650e-01
742.50000000,2.095111268391e+15,7.316625524450e-04,2.995325002660e-03,-9.892392824526e-01,-7.689702291543e-01,4.326899507499e-01,4.502056741236e-01
743.00000000,1.694443108744e+15,-8.769797054338e-02,-3.590233270423e-01,-1.596160030261e+00,-1.240750914373e+00,-2.278754189574e-02,-2.371000445702e-02
743.50000000,1.286832298674e+15,-1.583851982964e-01,-6.484070326179e-01,-1.178528142934e+00,-9.161110685877e-01,-3.850285529996e-01,-4.006148951682e-01
744.00000000,2.118043546737e+15,-1.949445858049e-01,-7.980760940178e-01,-3.441535011574e-01,-2.675225310434e-01,6.087494128569e-01,6.333921999173e-01
744.50000000,2.017828403722e+15,1.115054238402e-01,4.564877385682e-01,1.782964588909e+00,1.385960619263e+00,3.479136965905e+00,3.619975921301e+00
745.00000000,1.564055602396e+15,3.324839346427e-01,1.361143110427e+00,3.166802232530e+00,2.461665930206e+00,3.258538713469e+00,3.390447630255e+00
745.50000000,1.943900196342e+15,-2.470788363233e-02,-1.011506484231e-01,-1.117622305712e+00,-8.687668350581e-01,9.864593424479e-01,1.026392206458e+00
746.00000000,1.714200620920e+15,3.584084195361e-01,1.467274355661e+00,-1.250469453487e+00,-9.720335607923e-01,1.219731832923e+00,1.269107801417e+00
746.50000000,1.680383941796e+15,-8.552599103009e-02,-3.501315441847e-01,-7.158817804784e-01,-5.564798998044e-01,1.277268565538e+00,1.328973678701e+00
747.00000000,1.114884225685e+15,-4.783829547647e-01,-1.958433461524e+00,-1.505344522811e+00,-1.170156850011e+00,6.777964578511e-01,7.052343385756e-01
747.50000000,1.063633907395e+15,-3.257259645062e-01,-1.333476918069e+00,-3.511166317033e-01,-2.729352155035e-01,4.290035083912e-01,4.463700008792e-01
748.00000000,2.202475186793e+15,-5.431562668789e-01,-2.223606416779e+00,-3.529284698110e-02,-2.743436205169e-02,1.641235701196e-01,1.707674569220e-01
748.50000000,1.722699218776e+15,1.234879991319e-01,5.055427397401e-01,2.037101058546e+00,1.583509769160e+00,3.665654803241e+00,3.814044187847e+00
749.00000000,2.221737796935e+15,5.422341290509e-01,2.219831312419e+00,1.435741063850e+00,1.116051651465e+00,3.280375356867e+00,3.413168242889e+00
749.50000000,1.929818060397e+15,-2.726293885031e-01,-1.116106900803e+00,-1.578085349151e+00,-1.226700833749e+00,1.376272998650e+00,1.431985910607e+00
750.00000000,1.525840239164e+15,1.281146508488e-01,5.244836101177e-01,8.134441454475e-01,6.323185320524e-01,1.394681327160e+00,1.451139426727e+00
750.50000000,1.523942319336e+15,4.739224537037e-01,1.940172788886e+00,4.772758039159e+00,3.710031443526e+00,2.911243788580e+00,3.029093858326e+00
751.00000000,1.106234205730e+15,4.607599247685e-01,1.886287221166e+00,2.140795380015e-01,1.664114985266e-01,1.663274025849e+00,1.730605027368e+00
751.50000000,1.014215987706e+15,-5.771391203704e-01,-2.362727505298e+00,2.248269434799e-01,1.747658320029e-01,-1.389150713735e+00,-1.445384928520e+00
752.00000000,1.812558666872e+15,-2.496484519676e-01,-1.022026134254e+00,-2.932962157600e+00,-2.279893876473e+00,-2.396367119985e+00,-2.493374465551e+00
752.50000000,1.074669901107e+15,-2.513012104552e-01,-1.028792298252e+00,-1.151946161265e+00,-8.954479662448e-01,-1.791387596451e+00,-1.863904763859e+00
753.00000000,2.484657989936e+15,-3.917470052083e-01,-1.603757901093e+00,-2.051498321759e+00,-1.594701264472e+00,-1.759211902006e+00,-1.830426565018e+00
753.50000000,1.550965832073e+15,-5.989914158951e-02,-2.452187772100e-01,6.066348427855e-01,4.715584412632e-01,-6.214507330247e-01,-6.466076822702e-01
754.00000000,1.154903494326e+15,4.418550829475e-01,1.808893420993e+00,1.236889327739e+00,9.614772549589e-01,5.106694830247e-01,5.313418961107e-01
754.50000000,1.958274370268e+15,3.164791473765e-01,1.295621731343e+00,8.023944155093e-01,6.237291912190e-01,7.471669560185e-02,7.774130241163e-02
755.00000000,9.476988874724e+14,1.334816743827e-02,5.464554600195e-02,-9.660682146991e-01,-7.509585492743e-01,-1.417854108796e+00,-1.475250265816e+00
755.50000000,1.514176803709e+15,3.552849440586e-01,1.454487280306e+00,1.187502522184e+00,9.230871668792e-01,1.529532204861e+00,1.591449203269e+00
756.00000000,1.221466658124e+15,4.328472222222e-02,1.772016488641e-01,1.251947593557e+00,9.731825706718e-01,-5.950113811728e-01,-6.190980389257e-01
756.50000000,1.469490364741e+15,-1.172201456404e+00,-4.798830169439e+00,-3.875353264853e+00,-3.012447383549e+00,-3.397692071759e+00,-3.535234056117e+00
757.00000000,1.369166024588e+15,-1.012364072145e+00,-4.144478088918e+00,-2.757788035301e+00,-2.143724915782e+00,-2.584201784336e+00,-2.688812865592e+00
757.50000000,1.530005048517e+15,-4.586618152006e-01,-1.877697851618e+00,-3.388364110725e+00,-2.633893712978e+00,-1.148740528549e+00,-1.195242697808e+00
758.00000000,1.918415307672e+15,-6.310366126543e-01,-2.583376362724e+00,-3.845311443866e+00,-2.989094827318e+00,-3.073031356096e+00,-3.197430748914e+00
758.50000000,3.076433600737e+14,-4.061369405864e-01,-1.662668300539e+00,-1.616579248650e+00,-1.256623485673e+00,-3.226465567130e-01,-3.357076130769e-01
759.00000000,1.884975482658e+15,-4.751830150463e-02,-1.945333352173e-01,-3.565928337191e-02,-2.771920585078e-02,4.130226080247e-01,4.297421776304e-01
759.50000000,1.046996450431e+15,1.197763406636e-01,4.903477248053e-01,-1.277664448302e-02,-9.931731796553e-03,6.890824266975e-01,7.169771747655e-01
760.00000000,1.295549834014e+15,6.078328125000e-01,2.488383223433e+00,1.640700641397e+00,1.275373886347e+00,1.710742910880e+00,1.779995500496e+00
760.50000000,1.677384912860e+15,4.402485050154e-01,1.802316313784e+00,1.911130767747e+00,1.485588664428e+00,2.952760382909e+00,3.072291086052e+00
761.00000000,1.132438140953e+15,3.456482204861e-01,1.415035870685e+00,2.795991688368e+00,2.173421949023e+00,3.757711029128e+00,3.909826942129e+00
761.50000000,1.711183347779e+15,-3.492417004244e-01,-1.429747079110e+00,7.068080849730e-01,5.494265995202e-01,2.320425491898e-01,2.414358644159e-01
762.00000000,1.994234777423e+15,-2.705288532022e-01,-1.107507600641e+00,4.017147304205e-01,3.122668840447e-01,-4.289654562114e-01,-4.463304083090e-01
762.50000000,2.598675929123e+15,-3.318635778356e-01,-1.358603455707e+00,8.587961058063e-01,6.675721941019e-01,-4.865300829475e-01,-5.062253088966e-01
763.00000000,2.591180713599e+15,-8.571209731867e-02,-3.508934375158e-01,1.500068272569e+00,1.166055436502e+00,-2.262387225116e-01,-2.353970930100e-01
763.50000000,1.192309045165e+15,6.013519724151e-02,2.461851563066e-01,1.423206286169e+00,1.106307931177e+00,1.572090926408e+00,1.635730744568e+00
764.00000000,1.866637068546e+15,-4.273497661073e-01,-1.749510665845e+00,-8.212782961998e-02,-6.384082909268e-02,-4.083635175540e-01,-4.248944825024e-01
764.50000000,1.184570427329e+15,-5.487368441358e-01,-2.246452526001e+00,-3.477099579234e+00,-2.702870890455e+00,-4.143004967207e-01,-4.310717965430e-01
765.00000000,1.926058807972e+15,-7.416223042052e-01,-3.036098844874e+00,-2.736181870901e+00,-2.126929689911e+00,-8.574755702643e-01,-8.921870417519e-01
765.50000000,1.226196772110e+15,-1.616682219329e-01,-6.618472760056e-01,-1.280321043716e+00,-9.952382440137e-01,4.689281153549e-01,4.879107959937e-01
766.00000000,1.850942730262e+15,-6.414464277103e-02,-2.625992701644e-01,-6.480366868007e-01,-5.037415399781e-01,1.565173963759e+00,1.628533776330e+00
766.50000000,1.758164833883e+15,7.704145206404e-02,3.153970185265e-01,7.804907829379e-02,6.067027329531e-02,1.899789918499e+00,1.976695320677e+00
767.00000000,1.285215699517e+15,3.719315722053e-01,1.522636266927e+00,3.134951974224e+00,2.436907612514e+00,3.115214958285e+00,3.241321985648e+00
767.50000000,2.145377959441e+15,1.796789565852e-01,7.355807254489e-01,8.854250723380e-01,6.882718194193e-01,8.173320119599e-01,8.504184319268e-01
768.00000000,1.640721893118e+15,4.195182020399e-02,1.717449328849e-01,1.390169807340e+00,1.080627522861e+00,1.810420446024e+00,1.883708082281e+00
768.50000000,6.663476146486e+14,4.219088048864e-01,1.727236125309e+00,2.633476873553e+00,2.047093509983e+00,2.090620575027e+00,2.175250993662e+00
769.00000000,1.305590378259e+15,-6.516831732856e-02,-2.667900518117e-01,-5.442559702932e-01,-4.230691659932e-01,7.961681515541e-01,8.283978372156e-01
769.50000000,1.584011975433e+15,-3.892769624687e-02,-1.593645888730e-01,1.219310935842e+00,9.478129572658e-01,2.230270228106e+00,2.320553804825e+00
770.00000000,1.742468234077e+15,-5.326880093798e-02,-2.180750822603e-01,-8.058845520773e-01,-6.264421962160e-01,2.062022986292e+00,2.145495745841e+00
770.50000000,3.463877770264e+15,-2.087226833767e-01,-8.544817143522e-01,-1.395661608435e+00,-1.084896491574e+00,7.333530779803e-01,7.630399464340e-01
771.00000000,1.614039624046e+15,-6.454633939767e-01,-2.642437604356e+00,-2.554399108133e+00,-1.985623602272e+00,9.760406599633e-02,1.015551765252e-01
771.50000000,1.867901988529e+15,-6.387839837722e-01,-2.615093025463e+00,-2.862715584008e+00,-2.225288762473e+00,-1.882011763358e+00,-1.958197487977e+00
772.00000000,2.179384339916e+15,-7.581227412471e-01,-3.103649345390e+00,-4.355600537109e+00,-3.385760353978e+00,-1.788272303000e+00,-1.860663360203e+00
772.50000000,1.846261930688e+15,-2.349406623746e-01,-9.618144837404e-01,-2.704161709105e+00,-2.102039300305e+00,-1.677184892216e+00,-1.745079019565e+00
773.00000000,9.349190471137e+14,-2.555120816454e-01,-1.046031020826e+00,-1.359755315635e+00,-1.056985276671e+00,-2.189519868827e+00,-2.278153830113e+00
773.50000000,1.577271102814e+15,-2.861346715856e-01,-1.171395656460e+00,-2.032164805170e+00,-1.579672647083e+00,-8.275380063657e-01,-8.610375752270e-01
774.00000000,1.007411872102e+15,-3.541861304012e-01,-1.449988889606e+00,-7.743311101466e-01,-6.019146042547e-01,-7.394998215664e-01,-7.694355163682e-01
774.50000000,2.434117501751e+15,-2.638731168017e-01,-1.080259939018e+00,1.061744791667e-01,8.253312926748e-02,-3.834722849151e-01,-3.989956277901e-01
775.00000000,1.629813726314e+15,1.420060064622e-01,5.813528931645e-01,2.872462861690e+00,2.232865661698e+00,1.933236125579e+00,2.011495463779e+00
775.50000000,1.720509148641e+15,1.704242790316e+00,6.976933592375e+00,4.178732640095e+00,3.248274763070e+00,6.458331016107e+00,6.719770736022e+00
776.00000000,1.841732795757e+15,1.522562234761e+00,6.233158598378e+00,2.760815294657e+00,2.146078110163e+00,7.993687490355e+00,8.317279980946e+00
776.50000000,6.295053829752e+14,1.336233779417e+00,5.470355747348e+00,4.870557134934e+00,3.786054094894e+00,7.473004361979e+00,7.775519077073e+00
777.00000000,3.007099778635e+15,4.442099585262e-01,1.818533954974e+00,3.012533969907e+00,2.341747824077e+00,4.330960570988e+00,4.506282200650e+00
777.50000000,1.733243002692e+15,1.086287929205e-01,4.447112105932e-01,5.943142216435e-01,4.619811923297e-01,1.276491391782e+00,1.328165044172e+00
778.00000000,1.588311941250e+15,1.013347559799e-01,4.148504350958e-01,-5.945894362461e-01,-4.621951262482e-01,1.906931471836e-01,1.984125971259e-01
778.50000000,1.733008491604e+15,2.630109809028e-01,1.076730474232e+00,-5.202161627122e-01,-4.043821843172e-01,6.520456645448e-01,6.784411273176e-01
779.00000000,2.020369064369e+15,8.568414834105e-02,3.507790182781e-01,-1.577858362269e-01,-1.226524388921e-01,7.288713300540e-01,7.583767728546e-01
779.50000000,2.034436219301e+15,-8.155107060185e-02,-3.338587713025e-01,-2.281350940394e+00,-1.773373729222e+00,1.284147328318e-01,1.336130900700e-01
780.00000000,1.607030620677e+15,-5.693049527392e-01,-2.330655509673e+00,-2.179810281636e+00,-1.694442630328e+00,-1.811224831211e+00,-1.884545029788e+00
780.50000000,2.067330548728e+15,-6.485765914352e-01,-2.655182602927e+00,-1.363212721836e+00,-1.059672839212e+00,-2.194793672840e+00,-2.283641123004e+00
781.00000000,8.738151410325e+14,-2.403267216435e-01,-9.838642633007e-01,2.237025028935e-01,1.738917650803e-01,-3.123122964892e+00,-3.249550116297e+00
781.50000000,1.929757182517e+15,2.581457513503e-01,1.056812899288e+00,3.773652049576e+00,2.933391478466e+00,1.048655459105e+00,1.091106084326e+00
782.00000000,2.484119835133e+15,1.446744695216e-01,5.922772107940e-01,2.857652281057e+00,2.221352880326e+00,2.158886554784e+00,2.246280448780e+00
782.50000000,1.604518351021e+15,-2.160567949460e-01,-8.845065498207e-01,7.350653549383e-01,5.713919619415e-01,1.273520100309e+00,1.325073471838e+00
783.00000000,2.621453663000e+15,-3.739145736883e-01,-1.530754399941e+00,2.250494791667e-01,1.749388167611e-01,2.583903067130e-01,2.688502056013e-01
783.50000000,1.754964202689e+15,-1.948548659336e-01,-7.977087933098e-01,3.565938657407e-01,2.771928607342e-01,2.227939293981e+00,2.318128512148e+00
784.00000000,2.170096869909e+15,4.595890239198e-01,1.881493715504e+00,1.298656751543e+00,1.009491229818e+00,3.533300925926e-01,3.676332492773e-01
784.50000000,1.796182652571e+15,6.193771508488e-01,2.535644143347e+00,2.734420023148e+00,2.125560144145e+00,2.476672173997e+00,2.576930348729e+00
785.00000000,1.861559597561e+15,5.699925154321e-01,2.333470295968e+00,4.796490268133e+00,3.728479333613e+00,4.341305854552e+00,4.517046271674e+00
785.50000000,1.193997513136e+15,9.541020351080e-01,3.905961390667e+00,4.333394256366e+00,3.368498636722e+00,2.933549286265e+00,3.052302304939e+00
786.00000000,1.944554123376e+15,5.899963252315e-01,2.415363118609e+00,4.397561897184e+00,3.418378384058e+00,2.950365750386e+00,3.069799516401e+00
786.50000000,1.507756104503e+15,5.216486496914e-01,2.135557215280e+00,3.274897038966e+00,2.545691796900e+00,2.944914544753e+00,3.064127640494e+00
787.00000000,1.756397101338e+15,3.101978105710e-01,1.269906809729e+00,3.390676919367e+00,2.635691539877e+00,2.432378534915e+00,2.530843658692e+00
787.50000000,1.852844068472e+15,1.023369502315e-02,4.189532793498e-02,1.929768663194e+00,1.500076551218e+00,2.195203679591e+00,2.284067727240e+00
788.00000000,1.038515970326e+15,1.211048297647e-01,4.957863749138e-01,2.022200720968e+00,1.571927216582e+00,3.718287143133e+00,3.868807137670e+00
788.50000000,2.194290993025e+15,2.236619960455e-01,9.156411882242e-01,-1.451930409674e+00,-1.128636195153e+00,2.154147921489e+00,2.241349990854e+00
789.00000000,1.298001170543e+15,1.710825291763e-01,7.003881440256e-01,8.460546332465e-01,6.576678026691e-01,1.965763809317e+00,2.045339900794e+00
789.50000000,9.880928520734e+14,3.443865608121e-01,1.409870810981e+00,1.656039469702e+00,1.287297293076e+00,1.129113076895e+00,1.174820707216e+00
790.00000000,9.503468444607e+14,5.664624281895e-01,2.319018608446e+00,4.069543286020e+00,3.163398066285e+00,2.006704465211e+00,2.087937875519e+00
790.50000000,1.351659969950e+15,5.342748674934e-01,2.187247199611e+00,3.279972181231e+00,2.549636882158e+00,1.726806924024e+00,1.796709801012e+00
791.00000000,2.139884719254e+15,4.660596064815e-01,1.907983382993e+00,4.475091936728e+00,3.478645190414e+00,1.272497762346e+00,1.324009748608e+00
791.50000000,2.332100024557e+15,-9.234205246914e-02,-3.780355542776e-01,2.114018518519e-01,1.643300396029e-01,3.503074074074e-01,3.644882027628e-01
792.00000000,2.906749123686e+15,-1.934000000000e-01,-7.917527739782e-01,2.010901234568e-01,1.563143731331e-01,-1.246079012346e+00,-1.296521541099e+00
792.50000000,2.074862612860e+15,-6.905123456790e-01,-2.826861764000e+00,-2.879525925926e+00,-2.238356028104e+00,-1.947377777778e+00,-2.026209584249e+00
793.00000000,2.201962569532e+15,-8.608580246914e-01,-3.524233345661e+00,-6.650893827160e+00,-5.169971958324e+00,-3.254795061728e+00,-3.386552431736e+00
793.50000000,1.599273891412e+15,-1.036935802469e+00,-4.245071344583e+00,-6.975101234568e+00,-5.421989694366e+00,-5.702913580247e+00,-5.933773244361e+00
794.00000000,1.395317812536e+15,-1.271523456790e+00,-5.205440662316e+00,-8.572128395062e+00,-6.663414659341e+00,-6.970044444444e+00,-7.252198837399e+00
794.50000000,2.061043668175e+15,-9.293098765432e-01,-3.804465732360e+00,-6.681807407407e+00,-5.194002163460e+00,-4.940790123457e+00,-5.140798265314e+00
795.00000000,1.803751874822e+15,-8.756777777778e-01,-3.584903359186e+00,-3.443998765432e+00,-2.677140472319e+00,-2.303933333333e+00,-2.397198866467e+00
795.50000000,2.209395798975e+15,-3.526731867284e-01,-1.443795108066e+00,-1.321479012346e+00,-1.027231769877e+00,-3.662916666667e-02,-3.811195208757e-02
796.00000000,2.390850857997e+15,1.552453221451e-02,6.355528151784e-02,8.569305169753e-01,6.661220067748e-01,1.566283487654e+00,1.629688214866e+00
796.50000000,1.992622768060e+15,3.078366126543e-03,1.260240392974e-02,-4.690610851900e-01,-3.646175567064e-01,3.145401765046e-01,3.272730784637e-01
797.00000000,1.534740555393e+15,4.775616705247e-01,1.955071237764e+00,1.904372670718e+00,1.480335359678e+00,1.589748365162e+00,1.654102974160e+00
797.50000000,2.647677488689e+15,-3.718214216821e-02,-1.522185325963e-01,2.097313512731e-01,1.630315011849e-01,1.508116348380e+00,1.569166411428e+00
798.00000000,1.996746461212e+15,1.495401041667e-01,6.121964441311e-01,1.257691198881e+00,9.776472756027e-01,2.119091902971e+00,2.204874869530e+00
798.50000000,9.709034707724e+14,-1.094974440586e-02,-4.482673478643e-02,1.204763078704e+00,9.365044000381e-01,1.121559915123e+00,1.166961785877e+00
799.00000000,1.127818791019e+15,2.613744357639e-01,1.070030685435e+00,1.223837936439e+00,9.513319528699e-01,5.951676359954e-01,6.192606191003e-01
799.50000000,1.989768159728e+15,2.258694396219e-01,9.246781560370e-01,1.729062422840e+00,1.344060583822e+00,1.190117211613e+00,1.238294350520e+00
800.00000000,2.008947054823e+15,-6.604971305941e-02,-2.703983636776e-01,1.184292570891e+00,9.205919596784e-01,4.744726466049e-01,4.936797754322e-01
800.50000000,2.007900649858e+15,-2.815863739390e-01,-1.152775556777e+00,9.059442274306e-01,7.042220750081e-01,2.075085431134e-01,2.159086971557e-01
801.00000000,6.594921288300e+14,-1.996617525077e-01,-8.173875201931e-01,9.115080246914e-01,7.085470088542e-01,-3.687118055556e-02,-3.836376294152e-02
801.50000000,1.882942254655e+15,-2.165713457272e-01,-8.866130493472e-01,1.002930095004e+00,7.796125757044e-01,5.927065996335e-01,6.166999575170e-01
802.00000000,2.715951543624e+15,-2.011103829090e-01,-8.233180121199e-01,-2.968777247299e-01,-2.307734196022e-01,-4.203846824363e-01,-4.374022762014e-01
802.50000000,1.702203559313e+15,-1.671887201003e-01,-6.844474297688e-01,-9.013278688030e-01,-7.006336182872e-01,2.140595618731e-01,2.227249077281e-01
803.00000000,1.524831215597e+15,-2.959535174334e-01,-1.211592649413e+00,-8.412248583382e-01,-6.539134500227e-01,-5.700765046296e-01,-5.931537735600e-01
803.50000000,1.904686039725e+15,-1.897413736979e-01,-7.767748653762e-01,-9.108859260465e-01,-7.080634298597e-01,-8.419308690201e-01,-8.760130754036e-01
804.00000000,1.711107060466e+15,-2.448360354577e-01,-1.002324768580e+00,-5.347235484182e-01,-4.156592816875e-01,-1.528677306978e+00,-1.590559698262e+00
804.50000000,2.243952786219e+15,-3.006215295862e-01,-1.230702843679e+00,-1.410055498288e+00,-1.096085364656e+00,-1.160649007161e+00,-1.207633243583e+00
805.00000000,2.092802337708e+15,-4.911518717448e-01,-2.010707636497e+00,1.342067155249e+00,1.043235652100e+00,-2.458987777898e-01,-2.558530070532e-01
805.50000000,2.368826197901e+15,-7.115754301095e-01,-2.913091110051e+00,-1.444091546254e+00,-1.122542772957e+00,-2.341751783131e+00,-2.436548245059e+00
806.00000000,1.667730702288e+15,2.260427182798e+00,9.253875348274e+00,1.384594033173e+00,1.076293278948e+00,1.894015393217e+00,1.970687036817e+00
806.50000000,9.501182072288e+14,7.079435084634e+02,2.898222526607e+03,7.053994911234e+02,5.483316503461e+02,7.066503396028e+02,7.352562544130e+02
807.00000000,2.246084471123e+15,1.060323949198e+05,4.340819173182e+05,1.060323641579e+05,8.242265830986e+04,1.060317185927e+05,1.103239889551e+05
807.50000000,1.793955195895e+15,9.298758051149e+06,3.806782565434e+07,9.298757711161e+06,7.228248993786e+06,9.298757616024e+06,9.675180654828e+06
808.00000000,1.551416890648e+15,4.814066629895e+08,1.970812103586e+09,4.814066632893e+08,3.742142055541e+08,4.814066642669e+08,5.008944890868e+08
808.50000000,1.369498926927e+15,1.477455999911e+10,6.048499929476e+10,1.477455999869e+10,1.148478127524e+10,1.477456000004e+10,1.537264901385e+10
809.00000000,1.262801438434e+15,2.694540430102e+11,1.103107476799e+12,2.694540430098e+11,2.094560344248e+11,2.694540430111e+11,2.803618130463e+11
809.50000000,9.291675331607e+14,2.925118692987e+12,1.197503019332e+13,2.925118692987e+12,2.273796877610e+12,2.925118692989e+12,3.043530432787e+12
810.00000000,1.035611148083e+15,1.892654020844e+13,7.748263036114e+13,1.892654020844e+13,1.471226044026e+13,1.892654020844e+13,1.969270554724e+13
810.50000000,2.657309637019e+15,7.307277435694e+13,2.991498024787e+14,7.307277435693e+13,5.680201851960e+13,7.307277435694e+13,7.603083358518e+13
811.00000000,2.990894010879e+15,1.684924022064e+14,6.897845234807e+14,1.684924022064e+14,1.309750264003e+14,1.684924022064e+14,1.753131437154e+14
811.50000000,1.451430559007e+15,2.321660724244e+14,9.504556973406e+14,2.321660724244e+14,1.804707931446e+14,2.321660724244e+14,2.415643879950e+14
812.00000000,3.044482832439e+15,1.912104816917e+14,7.827891897268e+14,1.912104816917e+14,1.486345826852e+14,1.912104816917e+14,1.989508738540e+14
812.50000000,1.824841115923e+15,9.411478837403e+13,3.852928891805e+14,9.411478837403e+13,7.315871060372e+13,9.411478837403e+13,9.792464944355e+13
813.00000000,1.494557773450e+15,2.767067565382e+13,1.132799079977e+14,2.767067565382e+13,2.150938218468e+13,2.767067565382e+13,2.879081236944e+13
813.50000000,2.128968503732e+15,4.855603263519e+12,1.987816625248e+13,4.855603263519e+12,3.774429928594e+12,4.855603263521e+12,5.052162955810e+12
814.00000000,1.558842248731e+15,5.080002647022e+11,2.079682620267e+12,5.080002647037e+11,3.948863403313e+11,5.080002647045e+11,5.285646251545e+11
814.50000000,1.698674151350e+15,3.164649896839e+10,1.295563771713e+11,3.164649896720e+10,2.459992844441e+10,3.164649896938e+10,3.292758100222e+10
815.00000000,2.641508119090e+15,1.172068241315e+09,4.798284805342e+09,1.172068241129e+09,9.110895613963e+08,1.172068241821e+09,1.219514740320e+09
815.50000000,1.677521335062e+15,2.575167484557e+07,1.054237848685e+08,2.575167458993e+07,2.001767566430e+07,2.575167518552e+07,2.679412883663e+07
816.00000000,1.960765133661e+15,3.344367598050e+05,1.369137705770e+06,3.344380212891e+05,2.599703493688e+05,3.344372724055e+05,3.479756287717e+05
816.50000000,1.119224045680e+15,2.550871885426e+03,1.044291567399e+04,2.550342748765e+03,1.982470452526e+03,2.551437139101e+03,2.654721874641e+03
817.00000000,2.000099360211e+15,1.215677321566e+01,4.976814330985e+01,1.431885582562e+01,1.113054651262e+01,1.316953053627e+01,1.370264634687e+01
817.50000000,2.410618711033e+15,8.273029320988e-01,3.386863450928e+00,4.004208531057e+00,3.112611080379e+00,2.679117766204e+00,2.787571141645e+00
818.00000000,1.533715743076e+15,5.749387779707e-01,2.353719608717e+00,5.990964292776e+00,4.656985692733e+00,2.328223273534e+00,2.422472087819e+00
818.50000000,1.997392190906e+15,3.847146243248e-01,1.574968309200e+00,4.252857870370e+00,3.305894892317e+00,1.575673611111e+00,1.639458459943e+00
819.00000000,1.915773258528e+15,2.876385802469e-01,1.177552449915e+00,3.313583333333e+00,2.575764004072e+00,8.151382716049e-01,8.481358867610e-01
819.50000000,1.762704112399e+15,2.507771604938e-01,1.026646910400e+00,3.223170370370e+00,2.505482851593e+00,1.262266666667e+00,1.313364487910e+00
820.00000000,1.728159156431e+15,2.251814814815e-01,9.218617508350e-01,5.856790123457e-01,4.552687426825e-01,-2.251358024691e-02,-2.342495256576e-02
