wavelength_nm,measurement,init_raw,init_fit,opt_raw,opt_fit,truth_raw,truth_fit
300.00000000,-3.605650014332e+14,-3.823464023920e-01,-1.617288402417e+00,-3.401935040509e-01,-1.438987255701e+00,-6.002179783951e-01,-6.385015107341e-01
300.50000000,-3.817840941129e+14,1.089822048611e-01,4.609842145474e-01,7.702835648148e-02,3.258228684104e-01,1.312207754630e+00,1.395903928050e+00
301.00000000,-7.683836236919e+14,1.312408371914e-01,5.551360823201e-01,5.713252314815e-03,2.416653219926e-02,1.182465277778e-01,1.257886123755e-01
301.50000000,-6.020794215701e+14,-3.367361111111e-01,-1.424361269697e+00,1.753086419753e-02,7.415394433252e-02,-9.845871913580e-02,-1.047386835717e-01
302.00000000,-1.714184679998e+14,-1.260474537037e-01,-5.331685711017e-01,-8.266203703704e-02,-3.496528193813e-01,1.367399691358e-01,1.454616156357e-01
302.50000000,-3.041457439399e+14,-2.602777777778e-01,-1.100949894581e+00,5.502748842593e-02,2.327612185867e-01,1.683516589506e-01,1.790895848571e-01
303.00000000,-4.820583311571e+14,5.150589554398e-02,2.178649700854e-01,2.838892505787e-01,1.200825438313e+00,8.781061921296e-01,9.341141892466e-01
303.50000000,-5.426166627984e+14,8.110590277778e-01,3.430701455786e+00,1.034316285687e+00,4.375062826728e+00,1.055740740741e+00,1.123078751671e+00
304.00000000,-7.876202724700e+13,1.496332248264e+01,6.329341079555e+01,1.489645447531e+01,6.301063333030e+01,1.822342303241e+01,1.938576243259e+01
304.50000000,-1.607002248795e+14,1.767619979745e+02,7.476862016324e+02,1.768052850116e+02,7.478701058155e+02,2.168819376929e+02,2.307152565442e+02
305.00000000,-1.365419162529e+15,1.890538961468e+03,7.996797452706e+03,1.890549700280e+03,7.996851475933e+03,2.315289974923e+03,2.462965455864e+03
305.50000000,-9.421233346434e+14,1.816567525128e+04,7.683905411997e+04,1.816598335401e+04,7.684043999203e+04,2.224404053747e+04,2.366282583868e+04
306.00000000,-7.910947939974e+14,1.568763698703e+05,6.635719128448e+05,1.568762957388e+05,6.635723128208e+05,1.920822396986e+05,2.043337664771e+05
306.50000000,-2.413125714502e+14,1.217505385831e+06,5.149930346060e+06,1.217502260005e+06,5.149922661875e+06,1.490727863951e+06,1.585810534651e+06
307.00000000,-1.816771292737e+14,8.491626086900e+06,3.591875927716e+07,8.491602641597e+06,3.591869872950e+07,1.039723873515e+07,1.106040285166e+07
307.50000000,8.894431233550e+14,5.322575519295e+07,2.251398105093e+08,5.322560799118e+07,2.251394299545e+08,6.517018639258e+07,6.932691782701e+07
308.00000000,-4.431238270238e+14,2.998251130890e+08,1.268231308360e+09,2.998242834314e+08,1.268229162727e+09,3.671090944876e+08,3.905243092873e+08
308.50000000,-3.159262777770e+14,1.517866053579e+09,6.420426998970e+09,1.517861855018e+09,6.420416143395e+09,1.858491536860e+09,1.977031173149e+09
309.00000000,-4.682789413320e+14,6.905927789476e+09,2.921140842957e+10,6.905908687211e+09,2.921135904008e+10,8.455692337095e+09,8.995019352759e+09
309.50000000,1.501781330907e+14,2.823822667525e+10,1.194449750828e+11,2.823814856642e+10,1.194447731300e+11,3.457518876361e+10,3.678048817950e+10
310.00000000,-9.156479108835e+14,1.037726852191e+11,4.389484489524e+11,1.037723981756e+11,4.389477067909e+11,1.270603930366e+11,1.351646498915e+11
310.50000000,4.839667009918e+14,3.427379234238e+11,1.449748356867e+12,3.427369753828e+11,1.449745905670e+12,4.196520034801e+11,4.464185476768e+11
311.00000000,-4.425856569094e+14,1.017367211796e+12,4.303365174468e+12,1.017364397674e+12,4.303357898446e+12,1.245675367464e+12,1.325127924587e+12
311.50000000,-4.895840336099e+14,2.714141873199e+12,1.148055832768e+13,2.714134365659e+12,1.148053891664e+13,3.323224530973e+12,3.535188814584e+12
312.00000000,-3.460321551342e+14,6.507723736886e+12,2.752704369638e+13,6.507705735984e+12,2.752699715434e+13,7.968127007936e+12,8.476355783097e+12
312.50000000,8.117643867275e+12,1.402392880916e+13,5.931986616715e+13,1.402389001782e+13,5.931976587059e+13,1.717104942060e+13,1.826626557448e+13
313.00000000,-1.582352707354e+14,2.716166153813e+13,1.148912083942e+14,2.716158640673e+13,1.148910141390e+14,3.325703081949e+13,3.537825454272e+13
313.50000000,4.442934223953e+14,4.728144784639e+13,1.999959637990e+14,4.728131706200e+13,1.999956256507e+14,5.789191379218e+13,6.158441723860e+13
314.00000000,1.749967614985e+14,7.397321365354e+13,3.128995585755e+14,7.397300903751e+13,3.128990295327e+14,9.057359921958e+13,9.635062929798e+13
314.50000000,-3.943784646627e+14,1.040180491936e+14,4.399863148976e+14,1.040177614710e+14,4.399855709796e+14,1.273608193283e+14,1.354842381878e+14
315.00000000,4.426974295043e+14,1.314602207747e+14,5.560640537168e+14,1.314598571449e+14,5.560631135374e+14,1.609613096645e+14,1.712278590277e+14
315.50000000,2.720379228459e+14,1.493248543617e+14,6.316297306342e+14,1.493244413168e+14,6.316286626903e+14,1.828349593655e+14,1.944966694967e+14
316.00000000,-2.021021965120e+14,1.524482012623e+14,6.448411867574e+14,1.524477795780e+14,6.448400964759e+14,1.866592189377e+14,1.985648507278e+14
316.50000000,4.133962374849e+14,1.398830391527e+14,5.916917630223e+14,1.398826522247e+14,5.916907626045e+14,1.712742991696e+14,1.821986390047e+14
317.00000000,-9.790583021101e+14,1.153613071431e+14,4.879672018961e+14,1.153609880442e+14,4.879663768532e+14,1.412496264873e+14,1.502589111775e+14
317.50000000,3.223019335431e+14,8.550807933477e+13,3.616909277972e+14,8.550784281235e+13,3.616903162591e+14,1.046970129482e+14,1.113748727013e+14
318.00000000,-7.810345119105e+14,5.696462559889e+13,2.409548716890e+14,5.696446803002e+13,2.409544642885e+14,6.974810088490e+13,7.419682413533e+13
318.50000000,-1.897102493190e+14,3.410777702842e+13,1.442726069218e+14,3.410768268348e+13,1.442723629893e+14,4.176192941017e+13,4.442561865752e+13
319.00000000,-2.104623186113e+14,1.835482886357e+13,7.763915565490e+13,1.835477809260e+13,7.763902438454e+13,2.247385007524e+13,2.390729325273e+13
319.50000000,-2.419607212088e+14,8.877576726208e+12,3.755129325408e+13,8.877552170096e+12,3.755122976328e+13,1.086980052275e+13,1.156310591314e+13
320.00000000,-3.341659679673e+14,3.859080599474e+12,1.632353870332e+13,3.859069924938e+12,1.632351110389e+13,4.725099834243e+12,5.026479530987e+12
320.50000000,-7.918660521789e+14,1.507705346210e+12,6.377448186860e+12,1.507701175772e+12,6.377437404028e+12,1.846050658396e+12,1.963796781678e+12
321.00000000,2.856822853899e+14,5.294073310133e+11,2.239341945539e+12,5.294058666286e+11,2.239338159314e+12,6.482120358812e+11,6.895567595173e+11
321.50000000,-5.705058893056e+14,1.670712312042e+11,7.066951929291e+11,1.670707690712e+11,7.066939980655e+11,2.045638142349e+11,2.176114497266e+11
322.00000000,-1.214084191976e+15,4.738586360322e+10,2.004376323788e+11,4.738573252992e+10,2.004372934835e+11,5.801976156836e+10,6.172041949308e+10
322.50000000,1.170140484966e+15,1.207892433919e+10,5.109268486700e+10,1.207889092769e+10,5.109259847992e+10,1.478956500753e+10,1.573288361948e+10
323.00000000,7.519888675920e+14,2.767175871439e+09,1.170488702477e+10,2.767168217305e+09,1.170486723488e+10,3.388159930164e+09,3.604265969845e+09
323.50000000,-2.437693838490e+14,5.697322452652e+08,2.409912443235e+09,5.697306695739e+08,2.409908369609e+09,6.975862959604e+08,7.420802439625e+08
324.00000000,4.008324649670e+14,1.054209695770e+08,4.459205327991e+08,1.054206782650e+08,4.459197800791e+08,1.290785711535e+08,1.373115528883e+08
324.50000000,1.634981613800e+14,1.753152133554e+07,7.415664422450e+07,1.753147278342e+07,7.415651859489e+07,2.146578426942e+07,2.283493027278e+07
325.00000000,6.550646483783e+13,2.625986050752e+06,1.110766770191e+07,2.625979053017e+06,1.110765004632e+07,3.215284704985e+06,3.420364293423e+06
325.50000000,5.965878683472e+13,3.954424889506e+05,1.672683585361e+06,3.954416241667e+05,1.672681726058e+06,4.841822369599e+05,5.150646946567e+05
326.00000000,-1.097385243617e+15,3.304424874730e+05,1.397739848767e+06,3.304417069753e+05,1.397738050338e+06,4.045961483642e+05,4.304023892428e+05
326.50000000,1.004978918637e+15,1.756522851765e+06,7.429922235355e+06,1.756518071358e+06,7.429910004145e+06,2.150703796458e+06,2.287881524062e+06
327.00000000,1.067620878845e+14,9.810864248079e+06,4.149900945017e+07,9.810837087683e+06,4.149893918852e+07,1.201252673809e+07,1.277871830916e+07
327.50000000,-1.291944272744e+15,5.056795748666e+07,2.138975825729e+08,5.056781787405e+07,2.138972220307e+08,6.191595003882e+07,6.586511744289e+07
328.00000000,4.809941006186e+14,2.399265384492e+08,1.014866115225e+09,2.399258751267e+08,1.014864400728e+09,2.937686355358e+08,3.125059967338e+08
328.50000000,-2.414189537407e+14,1.047849166030e+09,4.432300900704e+09,1.047846268070e+09,4.432293408700e+09,1.282997798694e+09,1.364830881816e+09
329.00000000,-1.030664165220e+14,4.212483594246e+09,1.781839928328e+10,4.212471942554e+09,1.781836915801e+10,5.157810264428e+09,5.486789407280e+09
329.50000000,-1.300647280775e+15,1.558828126711e+10,6.593692617268e+10,1.558823814924e+10,6.593681469074e+10,1.908645941088e+10,2.030384561455e+10
330.00000000,-3.244282214086e+14,5.309826407272e+10,2.246005353680e+11,5.309811719886e+10,2.246001556204e+11,6.501408620462e+10,6.916086114522e+10
330.50000000,-4.739569072407e+14,1.664891467534e+11,7.042330318479e+11,1.664886862307e+11,7.042318411482e+11,2.038511037663e+11,2.168532806492e+11
331.00000000,2.386419187467e+14,4.805254555188e+11,2.032576327160e+12,4.805241263459e+11,2.032572890531e+12,5.883605412471e+11,6.258877740502e+11
331.50000000,2.068545442427e+14,1.276653392421e+12,5.400120708740e+12,1.276649861092e+12,5.400111578350e+12,1.563148158589e+12,1.662849992313e+12
332.00000000,-7.216406422955e+13,3.122172680514e+12,1.320648928550e+13,3.122164044326e+12,1.320646695629e+13,3.822821844455e+12,4.066651801198e+12
332.50000000,1.058331145953e+15,7.028606569686e+12,2.973032783672e+13,7.028587127979e+12,2.973027756942e+13,8.605901556428e+12,9.154809323941e+12
333.00000000,-2.886623577766e+14,1.456501527060e+13,6.160860970784e+13,1.456497498256e+13,6.160850554153e+13,1.783356150951e+13,1.897103448324e+13
333.50000000,-1.469283669806e+14,2.778324394486e+13,1.175204420192e+14,2.778316709411e+13,1.175202433185e+14,3.401810301047e+13,3.618786998446e+13
334.00000000,3.745018952247e+14,4.878497250436e+13,2.063557280778e+14,4.878483756109e+13,2.063553791767e+14,5.973284557088e+13,6.354276864454e+13
334.50000000,-3.063609577846e+14,7.885350298563e+13,3.335427117158e+14,7.885328487032e+13,3.335421477701e+14,9.654907802075e+13,1.027072403614e+14
335.00000000,-5.558358745274e+14,1.173244003651e+14,4.962708968726e+14,1.173240758361e+14,4.962700577900e+14,1.436532589637e+14,1.528158538594e+14
335.50000000,-6.208209432987e+14,1.606899191428e+14,6.797028584267e+14,1.606894746612e+14,6.797017092020e+14,1.967504670439e+14,2.092997460374e+14
336.00000000,-9.421037505467e+13,2.025919892347e+14,8.569445731989e+14,2.025914288485e+14,8.569431242982e+14,2.480558127972e+14,2.638774860441e+14
336.50000000,-1.996832002415e+14,2.351199939701e+14,9.945348957001e+14,2.351193436088e+14,9.945332141651e+14,2.878834520033e+14,3.062454402165e+14
337.00000000,-3.991584671688e+14,2.511832749532e+14,1.062481024855e+15,2.511825801595e+14,1.062479228438e+15,3.075515061821e+14,3.271679762924e+14
337.50000000,6.354714584673e+14,2.470164310772e+14,1.044855677177e+15,2.470157478093e+14,1.044853910561e+15,3.024495776786e+14,3.217406329364e+14
338.00000000,2.290437532373e+14,2.236119123587e+14,9.458568205101e+14,2.236112938296e+14,9.458552212788e+14,2.737928329781e+14,2.912560832519e+14
338.50000000,5.078030029034e+14,1.863364839142e+14,7.881853536380e+14,1.863359684920e+14,7.881840209937e+14,2.281523970700e+14,2.427045764213e+14
339.00000000,9.474021512690e+13,1.429336618800e+14,6.045956029071e+14,1.429332665137e+14,6.045945806719e+14,1.750095144811e+14,1.861720964903e+14
339.50000000,-7.668767645460e+14,1.009263347226e+14,4.269086609007e+14,1.009260555520e+14,4.269079390941e+14,1.235752908436e+14,1.314572584180e+14
340.00000000,-1.953312245554e+14,6.560054278873e+13,2.774839684138e+14,6.560036133220e+13,2.774834992508e+14,8.032201086954e+13,8.544516680845e+13
340.50000000,2.293926876685e+13,3.925028424489e+13,1.660249164206e+14,3.925017567536e+13,1.660246357097e+14,4.805847061211e+13,5.112377035331e+13
341.00000000,2.187492452573e+13,2.161772632881e+13,9.144089720601e+13,2.161766653239e+13,9.144074260001e+13,2.646897686121e+13,2.815724007244e+13
341.50000000,-4.340368322221e+14,1.095994444647e+13,4.635950785338e+13,1.095991413035e+13,4.635942946988e+13,1.341947397895e+13,1.427540446511e+13
342.00000000,1.088871654418e+14,5.114898492867e+12,2.163552726089e+13,5.114884344635e+12,2.163549068007e+13,6.262736783499e+12,6.662191139770e+12
342.50000000,-9.135170589574e+12,2.197329154096e+12,9.294490375691e+12,2.197323076102e+12,9.294474660797e+12,2.690433473509e+12,2.862036625359e+12
343.00000000,6.180073514095e+14,8.689237327532e+11,3.675463576419e+12,8.689213292381e+11,3.675457362036e+12,1.063919573526e+12,1.131779252618e+12
343.50000000,2.743628694595e+14,3.162973568372e+11,1.337907310564e+12,3.162964819324e+11,1.337905048463e+12,3.872778890833e+11,4.119795243635e+11
344.00000000,5.829811947364e+14,1.059828659689e+11,4.482973003383e+11,1.059825728115e+11,4.482965423681e+11,1.297665621419e+11,1.380434258099e+11
344.50000000,-4.536413241821e+14,3.268892978570e+10,1.382710199419e+11,3.268883936542e+10,1.382707861566e+11,4.002467756991e+10,4.257756017800e+10
345.00000000,6.110060842955e+14,9.280889173384e+09,3.925726600362e+10,9.280863501625e+09,3.925719962819e+10,1.136362062578e+10,1.208842320313e+10
345.50000000,-4.251395951287e+13,2.425531232067e+09,1.025976315399e+10,2.425524522802e+09,1.025974580685e+10,2.969846555405e+09,3.159271432263e+09
346.00000000,-3.368409173578e+14,5.837181456820e+08,2.469071452970e+09,5.837165308820e+08,2.469067277533e+09,7.147107826061e+08,7.602969768619e+08
346.50000000,-5.594468445632e+13,1.305130586566e+08,5.520576493167e+08,1.305126975018e+08,5.520567152985e+08,1.598015942681e+08,1.699941738345e+08
347.00000000,3.782202853519e+14,3.320723378364e+07,1.404633958595e+08,3.320714202183e+07,1.404631587572e+08,4.065929497541e+07,4.325265520469e+07
347.50000000,-9.091820092776e+13,3.843344624254e+07,1.625697704597e+08,3.843334000070e+07,1.625694958795e+08,4.705832399897e+07,5.005983167365e+07
348.00000000,1.442631552971e+15,1.522385386228e+08,6.439543340154e+08,1.522381176470e+08,6.439532457775e+08,1.864025042426e+08,1.982917620724e+08
348.50000000,2.582604558696e+14,6.346666724327e+08,2.684578806822e+09,6.346649169971e+08,2.684574268246e+09,7.770927055483e+08,8.266577882252e+08
349.00000000,1.503631129737e+14,2.466364694715e+09,1.043248476235e+10,2.466357872804e+09,1.043246712445e+10,3.019843485695e+09,3.212457302516e+09
349.50000000,7.349875547929e+14,8.889708272677e+09,3.760260852548e+10,8.889683683366e+09,3.760254494943e+10,1.088465452034e+10,1.157890733903e+10
350.00000000,-1.035741477543e+14,2.971356236810e+10,1.256855027582e+11,2.971348017855e+10,1.256852902549e+11,3.638160566984e+10,3.870212326068e+10
350.50000000,-7.286241527508e+14,9.209941800806e+10,3.895716546094e+11,9.209916325372e+10,3.895709959324e+11,1.127675189843e+11,1.199601375249e+11
351.00000000,-2.248587491817e+14,2.647249608386e+11,1.119761049970e+12,2.647242285876e+11,1.119759156706e+12,3.241320921725e+11,3.448061170759e+11
351.50000000,-2.126790762128e+14,7.056180638563e+11,2.984696348838e+12,7.056161120583e+11,2.984691302387e+12,8.639663543223e+11,9.190724741922e+11
352.00000000,5.435428388353e+14,1.744143319394e+12,7.377558007508e+12,1.744138494949e+12,7.377545533717e+12,2.135547858335e+12,2.271758899055e+12
352.50000000,2.374311870307e+13,3.997911327975e+12,1.691077929379e+13,3.997900269421e+12,1.691075070146e+13,4.895085672919e+12,5.207307527990e+12
353.00000000,-2.578338843194e+14,8.498131007990e+12,3.594627446593e+13,8.498107501457e+12,3.594621368886e+13,1.040520310011e+13,1.106887520544e+13
353.50000000,3.676429830475e+14,1.675149855200e+13,7.085722308819e+13,1.675145221597e+13,7.085710328456e+13,2.051071517972e+13,2.181894428339e+13
354.00000000,9.075713338448e+13,3.062136319036e+13,1.295254126733e+14,3.062127848913e+13,1.295251936749e+14,3.749312677087e+13,3.988454019548e+13
354.50000000,-3.835977646251e+14,5.190827077509e+13,2.195669785014e+14,5.190812719252e+13,2.195666072630e+14,6.355704560011e+13,6.761088653488e+13
355.00000000,7.778799654222e+14,8.160002462317e+13,3.451602333235e+14,8.159979891076e+13,3.451596497351e+14,9.991194868380e+13,1.062846040460e+14
355.50000000,-2.978927056063e+14,1.189559420542e+14,5.031721608447e+14,1.189556130122e+14,5.031713100937e+14,1.456509361735e+14,1.549409483456e+14
356.00000000,5.834029449519e+14,1.608142317183e+14,6.802286886301e+14,1.608137868928e+14,6.802275385163e+14,1.969026766996e+14,2.094616640383e+14
356.50000000,-2.985170139649e+14,2.016069991623e+14,8.527781602008e+14,2.016064415006e+14,8.527767183446e+14,2.468497803477e+14,2.625945295704e+14
357.00000000,1.621568675476e+14,2.343849613618e+14,9.914257786654e+14,2.343843130336e+14,9.914241023872e+14,2.869834701641e+14,3.052880550920e+14
357.50000000,2.499225877775e+14,2.526952333141e+14,1.068876462884e+15,2.526945343382e+14,1.068874655654e+15,3.094027642775e+14,3.291373126555e+14
358.00000000,3.175623017561e+13,2.526431989956e+14,1.068656362735e+15,2.526425001636e+14,1.068654555877e+15,3.093390528976e+14,3.290695375909e+14
358.50000000,3.233319381472e+14,2.342402077758e+14,9.908134849590e+14,2.342395598480e+14,9.908118097161e+14,2.868062323149e+14,3.050995125316e+14
359.00000000,-1.089478903536e+15,2.013995486933e+14,8.519006647271e+14,2.013989916055e+14,8.518992243546e+14,2.465957757600e+14,2.623243238805e+14
359.50000000,4.516581642673e+14,1.605826539898e+14,6.792491371757e+14,1.605822098049e+14,6.792479887181e+14,1.966191304356e+14,2.091600324236e+14
360.00000000,-6.728698307013e+14,1.187212727515e+14,5.021795323299e+14,1.187209443587e+14,5.021786832572e+14,1.453636045528e+14,1.546352899340e+14
360.50000000,-5.009405658736e+14,8.128908980267e+13,3.438450090243e+14,8.128886495032e+13,3.438444276597e+14,9.953123674193e+13,1.058796092628e+14
361.00000000,7.107300428031e+13,5.160173800837e+13,2.182703744651e+14,5.160159527369e+13,2.182700054190e+14,6.318172358030e+13,6.721162545759e+13
361.50000000,4.480139370555e+14,3.037671609094e+13,1.284905790405e+14,3.037663206643e+13,1.284903617918e+14,3.719357822839e+13,3.956588563364e+13
362.00000000,-2.348022042092e+14,1.658292937819e+13,7.014419174253e+13,1.658288350844e+13,7.014407314446e+13,2.030431726844e+13,2.159938175292e+13
362.50000000,-1.598794192764e+14,8.395084304260e+12,3.551039684865e+13,8.395061082762e+12,3.551033680855e+13,1.027903160663e+13,1.093465615153e+13
363.00000000,1.315704630881e+13,3.941228664969e+12,1.667101709667e+13,3.941217763204e+12,1.667098890973e+13,4.825682810074e+12,5.133477962114e+12
363.50000000,-5.077220796091e+14,1.715853790534e+12,7.257896029133e+12,1.715849044341e+12,7.257883757662e+12,2.100909854630e+12,2.234911589426e+12
364.00000000,-5.088551794650e+14,6.927399737284e+11,2.930223269770e+12,6.927380575525e+11,2.930218315421e+12,8.481982821215e+11,9.022986715338e+11
364.50000000,-2.271464824906e+14,2.593586465443e+11,1.097062058119e+12,2.593579291371e+11,1.097060203235e+12,3.175615191794e+11,3.378164550972e+11
365.00000000,6.354319418588e+14,9.004733234024e+10,3.808915301710e+11,9.004708326252e+10,3.808908861718e+11,1.102549232018e+11,1.172872815614e+11
365.50000000,1.217684946120e+14,2.899210007595e+10,1.226337868519e+11,2.899201988151e+10,1.226335795062e+11,3.549823947532e+10,3.776241357182e+10
366.00000000,1.572132958548e+14,8.656178736273e+09,3.661480111187e+10,8.656154792700e+09,3.661473920504e+10,1.059871844290e+10,1.127473348222e+10
366.50000000,-1.334796346332e+15,2.396677361314e+09,1.013771406384e+10,2.396670731914e+09,1.013769692328e+10,2.934517566454e+09,3.121689064474e+09
367.00000000,-7.562124617346e+13,6.153643462519e+08,2.602931828907e+09,6.153626441974e+08,2.602927428332e+09,7.534587327623e+08,8.015163764852e+08
367.50000000,9.520973316229e+13,1.465490592507e+08,6.198883850576e+08,1.465486538897e+08,6.198873369903e+08,1.794362458521e+08,1.908811768075e+08
368.00000000,1.683309035761e+14,3.253545234140e+07,1.376218251563e+08,3.253536288936e+07,1.376215947686e+08,3.983675713117e+07,4.237765366344e+07
368.50000000,-4.313442723823e+13,7.566158097969e+06,3.200411895115e+07,7.566137325317e+06,3.200406549911e+07,9.264082477775e+06,9.854970811506e+06
369.00000000,3.723676450801e+13,5.730971420100e+06,2.424145631900e+07,5.730955617863e+06,2.424141554408e+07,7.017059908074e+06,7.464627041325e+06
369.50000000,6.561465287447e+14,2.009222758130e+07,8.498818464791e+07,2.009217234786e+07,8.498804240422e+07,2.460113750510e+07,2.617026485075e+07
370.00000000,3.614479591590e+14,8.265948232717e+07,3.496416372200e+08,8.265925364135e+07,3.496410458733e+08,1.012091576545e+08,1.076645525269e+08
370.50000000,-6.902836829630e+14,3.215931747669e+08,1.360308109591e+09,3.215922850507e+08,1.360305808927e+09,3.937621434622e+08,4.188773620923e+08
371.00000000,-4.445842913975e+14,1.171674088704e+09,4.956068379926e+09,1.171670847604e+09,4.956059999686e+09,1.434610369162e+09,1.526113713677e+09
371.50000000,-6.528939656607e+14,3.995993664566e+09,1.690266776254e+10,3.995982611206e+09,1.690263918346e+10,4.892737666211e+09,5.204809759039e+09
372.00000000,5.546651824894e+14,1.275718534537e+10,5.396166350062e+10,1.275715005785e+10,5.396157226322e+10,1.562003508672e+10,1.661632333516e+10
372.50000000,7.003875754728e+14,3.812391362405e+10,1.612604773399e+11,3.812380817008e+10,1.612602046844e+11,4.667933029776e+10,4.965666472515e+10
373.00000000,6.043735180881e+12,1.066481345583e+11,4.511113223023e+11,1.066478395608e+11,4.511105595744e+11,1.305811241660e+11,1.389099428116e+11
373.50000000,-2.042667345941e+14,2.792690685251e+11,1.181281222613e+12,2.792682960436e+11,1.181279225332e+12,3.419400542139e+11,3.637499192875e+11
374.00000000,-5.814504289217e+14,6.845525186882e+11,2.895591124681e+12,6.845506251593e+11,2.895586228887e+12,8.381734740212e+11,8.916344539542e+11
374.50000000,1.561086066868e+13,1.570744733255e+12,6.644098713518e+12,1.570740388445e+12,6.644087479841e+12,1.923236762600e+12,2.045906025179e+12
375.00000000,5.124255708727e+14,3.373804072494e+12,1.427086580215e+13,3.373794740273e+12,1.427084167333e+13,4.130922029949e+12,4.394403453059e+12
375.50000000,-1.024426284861e+15,6.783439815368e+12,2.869329611382e+13,6.783421051812e+12,2.869324759991e+13,8.305716742887e+12,8.835477907948e+12
376.00000000,1.009000880518e+15,1.276722152303e+13,5.400411556407e+13,1.276718620784e+13,5.400402425525e+13,1.563232348929e+13,1.662939552541e+13
376.50000000,2.821511111430e+14,2.249362756471e+13,9.514587494771e+13,2.249356534548e+13,9.514571407742e+13,2.754143976471e+13,2.929810757182e+13
377.00000000,1.202869554881e+15,3.709707299802e+13,1.569170405370e+14,3.709697038445e+13,1.569167752256e+14,4.542205557919e+13,4.831919761136e+13
377.50000000,5.988373851717e+14,5.727131270853e+13,2.422521285809e+14,5.727115429134e+13,2.422517189870e+14,7.012361188385e+13,7.459628624536e+13
378.00000000,-5.600811632777e+14,8.276605385533e+13,3.500924245047e+14,8.276582491758e+13,3.500918325771e+14,1.013396474295e+14,1.078033652941e+14
378.50000000,5.070826782068e+14,1.119657540658e+14,4.736043399015e+14,1.119654443593e+14,4.736035391430e+14,1.370920747418e+14,1.458361794932e+14
379.00000000,7.020903885706e+14,1.417869325291e+14,5.997450483617e+14,1.417865403347e+14,5.997440343277e+14,1.736054467176e+14,1.846784734727e+14
379.50000000,6.014586638424e+13,1.680758786363e+14,7.109447546620e+14,1.680754137245e+14,7.109435526143e+14,2.057939153675e+14,2.189200100494e+14
380.00000000,4.011430853098e+14,1.865060251296e+14,7.889024966258e+14,1.865055092385e+14,7.889011627690e+14,2.283599851595e+14,2.429254050427e+14
380.50000000,3.875610448381e+14,1.937308130210e+14,8.194626525304e+14,1.937302771455e+14,8.194612670033e+14,2.372060932384e+14,2.523357419133e+14
381.00000000,-1.689922549980e+14,1.883748496451e+14,7.968074440668e+14,1.883743285847e+14,7.968060968445e+14,2.306481940168e+14,2.453595620738e+14
381.50000000,1.077311962162e+15,1.714610591989e+14,7.252637419203e+14,1.714605849235e+14,7.252625156623e+14,2.099387668945e+14,2.233292314606e+14
382.00000000,4.131412867016e+14,1.460919861178e+14,6.179550097928e+14,1.460915820153e+14,6.179539649697e+14,1.788766006814e+14,1.902858359482e+14
382.50000000,-5.726850678811e+14,1.165213458667e+14,4.928740538039e+14,1.165210235591e+14,4.928732204647e+14,1.426699903899e+14,1.517698697462e+14
383.00000000,1.311940294872e+15,8.699667576474e+13,3.679875471116e+14,8.699643512474e+13,3.679869249273e+14,1.065196664438e+14,1.133137799856e+14
383.50000000,7.946579065440e+14,6.080197814765e+13,2.571865028336e+14,6.080180996435e+13,2.571860679891e+14,7.444659665993e+13,7.919500272797e+13
384.00000000,3.565605207909e+14,3.977868500887e+13,1.682600006846e+14,3.977857497774e+13,1.682597161948e+14,4.870545019648e+13,5.181201605222e+13
384.50000000,-5.077981103677e+14,2.436130420531e+13,1.030459669884e+14,2.436123681993e+13,1.030457927608e+14,2.982824315154e+13,3.173076948766e+13
385.00000000,-4.408331099872e+14,1.396586192101e+13,5.907424883115e+13,1.396582329028e+13,5.907414894987e+13,1.709995169757e+13,1.819063304563e+13
385.50000000,-3.331299407366e+14,7.494656043775e+12,3.170167215873e+13,7.494635312936e+12,3.170161855833e+13,9.176537550159e+12,9.761842030709e+12
386.00000000,-1.903668453895e+14,3.764887819168e+12,1.592511232811e+13,3.764877405176e+12,1.592508540232e+13,4.609769179924e+12,4.903792774397e+12
386.50000000,-6.713934894825e+13,1.770387460540e+12,7.488568193144e+12,1.770382563501e+12,7.488555531657e+12,2.167681467312e+12,2.305942076860e+12
387.00000000,-1.065395331731e+15,7.792917908065e+11,3.296329107546e+12,7.792896352212e+11,3.296323534195e+12,9.541732587979e+11,1.015033019960e+12
387.50000000,1.566169275191e+14,3.211048557992e+11,1.358242567459e+12,3.211039675968e+11,1.358240270978e+12,3.931642425698e+11,4.182413254576e+11
388.00000000,4.582386016070e+12,1.238534494322e+11,5.238881446586e+11,1.238531068437e+11,5.238872588831e+11,1.516474969347e+11,1.613199860336e+11
388.50000000,-3.611643566166e+14,4.471808858013e+10,1.891532013547e+11,4.471796488711e+10,1.891528815430e+11,5.475330910821e+10,5.824562382613e+10
389.00000000,-5.525386938425e+14,1.511372943531e+10,6.392961769768e+10,1.511368763046e+10,6.392950961117e+10,1.850541304179e+10,1.968573853042e+10
389.50000000,-4.269901885702e+14,4.781594021923e+09,2.022568149809e+10,4.781580795912e+09,2.022564730217e+10,5.854635201851e+09,6.228059731190e+09
390.00000000,-1.054199104955e+15,1.416073273871e+09,5.989853359355e+09,1.416069357212e+09,5.989843233198e+09,1.733855364661e+09,1.844445367483e+09
390.50000000,-8.281192068352e+14,3.925635870008e+08,1.660506107801e+09,3.925625012358e+08,1.660503300675e+09,4.806590841517e+08,5.113168255966e+08
391.00000000,-2.507724673022e+14,1.018696510934e+08,4.308987981602e+08,1.018693695309e+08,4.308980705268e+08,1.247302995172e+08,1.326859366808e+08
391.50000000,1.563139495071e+14,2.474510904249e+07,1.046694244292e+08,2.474504024095e+07,1.046692459572e+08,3.029817915793e+07,3.223067928848e+07
392.00000000,-1.001837599988e+15,5.626559166393e+06,2.379980255703e+07,5.626543036299e+06,2.379975992039e+07,6.889220873359e+06,7.328634085874e+06
392.50000000,-4.169903860372e+14,1.197580161808e+06,5.065648570353e+06,1.197576510908e+06,5.065638574529e+06,1.466329803273e+06,1.559856299419e+06
393.00000000,-5.719989143933e+14,2.386019734544e+05,1.009263333060e+06,2.386009554764e+05,1.009260112378e+06,2.921472470047e+05,3.107811916399e+05
393.50000000,1.972537893290e+14,4.449888938480e+04,1.882260099016e+05,4.449853470819e+04,1.882247120536e+05,5.448453313830e+04,5.795970459510e+04
394.00000000,4.956095466067e+14,7.768489170134e+03,3.285995987031e+04,7.768122446821e+03,3.285844399907e+04,9.510918737506e+03,1.011755095808e+04
394.50000000,1.659850245588e+14,1.269452885060e+03,5.369663257136e+03,1.269386894144e+03,5.369389895680e+03,1.552944294188e+03,1.651995297736e+03
395.00000000,-2.848091248045e+14,1.940418785058e+02,8.207784295272e+02,1.944422199513e+02,8.224727196388e+02,2.362878794281e+02,2.513589619332e+02
395.50000000,1.122517762328e+14,2.760502192874e+01,1.167665800816e+02,2.819311269221e+01,1.192542755213e+02,3.275035971085e+01,3.483926657509e+01
396.00000000,-1.513531197622e+15,3.538302184090e+00,1.496667694733e+01,4.256682072069e+00,1.800537394260e+01,2.909735956101e+00,3.095326815727e+00
396.50000000,2.042395881413e+14,6.454897293010e-01,2.730359293423e+00,1.113691003224e+00,4.710810586756e+00,1.252216331845e-01,1.332086089435e-01
397.00000000,9.196060169704e+13,3.936772486772e-02,1.665216789273e-01,9.287597682085e-01,3.928568459262e+00,-9.953315223008e-01,-1.058816469259e+00
397.50000000,6.740909144256e+14,-2.985747612847e-01,-1.262942440832e+00,2.978576466394e-02,1.259910469846e-01,-1.086979377222e+00,-1.156309873204e+00
398.00000000,-9.672205056425e+14,-3.965935510706e-01,-1.677552467101e+00,2.944236162781e-01,1.245384837032e+00,3.589247375165e-01,3.818179318069e-01
398.50000000,5.701343939083e+13,-1.150823231854e-01,-4.867871266644e-01,3.613091130332e-01,1.528304341007e+00,-1.962955424314e+00,-2.088158050979e+00
399.00000000,-1.441160023727e+14,-2.617668340774e-01,-1.107248459099e+00,-6.112183004712e-02,-2.585397235268e-01,-2.582424458499e+00,-2.747138502111e+00
399.50000000,3.822331851617e+14,-2.490574001736e-01,-1.053488779591e+00,-5.575105768436e-01,-2.358218500482e+00,-2.809129076761e+00,-2.988302956461e+00
400.00000000,3.910962812967e+14,-6.703245701058e-01,-2.835408274552e+00,-9.394685200686e-01,-3.973865495412e+00,-3.692071258061e+00,-3.927561587397e+00
400.50000000,-6.126174533307e+14,-5.912489355985e-01,-2.500925967925e+00,-6.476071583581e-01,-2.739318759710e+00,-3.847138992229e+00,-4.092519962681e+00
401.00000000,-7.248161870388e+13,-2.268025483631e-01,-9.593529030520e-01,-4.074695147156e-02,-1.723558597623e-01,-3.008033006779e+00,-3.199893519188e+00
401.50000000,-2.056401455017e+13,3.179696283896e-02,1.344980857929e-01,8.882987661210e-02,3.757422139113e-01,-2.109016679067e+00,-2.243535489138e+00
402.00000000,8.546790726720e+14,4.122899770585e-01,1.743946835011e+00,3.119499627976e-01,1.319519672001e+00,-3.160185805225e-01,-3.361751036235e-01
402.50000000,1.950011841697e+14,4.405703176670e-01,1.863569947970e+00,2.414266183036e-01,1.021212406436e+00,5.765699404762e-02,6.133451367490e-02
403.00000000,-3.054036954822e+14,3.991422474372e-01,1.688333206894e+00,2.126156374008e-01,8.993446051714e-01,1.528123243221e-01,1.625591092745e-01
403.50000000,1.911021952512e+14,5.543144944610e-01,2.344696844471e+00,1.757160424934e-02,7.432627100734e-02,-2.954354642030e-01,-3.142791402591e-01
404.00000000,-9.827394236481e+14,5.797411024306e-01,2.452248943627e+00,1.162158461475e-01,4.915823480620e-01,9.632429108796e-01,1.024681159077e+00
404.50000000,-4.008827542075e+14,2.150691964286e-01,9.097219561242e-01,-1.637089327050e-01,-6.924737392156e-01,1.926141699735e-01,2.048996247093e-01
405.00000000,-3.303705387955e+13,1.567539165840e-01,6.630539472550e-01,-2.653719824735e-01,-1.122499096110e+00,-6.811663566468e-01,-7.246129963371e-01
405.50000000,-7.425506600311e+13,-5.080597924934e-02,-2.149043916703e-01,-1.009163979828e-01,-4.268670884639e-01,-5.223775318287e-01,-5.556961891379e-01
406.00000000,3.192431417802e+14,7.716877480159e-02,3.264164739999e-01,-6.587642609127e-03,-2.786512278091e-02,4.198391410384e-01,4.466176213766e-01
406.50000000,-4.429027870395e+14,1.132481812169e-02,4.790288830525e-02,4.851334015377e-01,2.052069700964e+00,-2.804933449074e-02,-2.983839720248e-02
407.00000000,-1.061044096953e+15,-9.475184978505e-02,-4.007911851824e-01,3.593040881283e-01,1.519823269937e+00,-5.051609416336e-01,-5.373814780746e-01
407.50000000,1.420289357437e+14,-1.162974123677e-01,-4.919268367029e-01,3.068158068783e-01,1.297802664332e+00,-5.404950603505e-01,-5.749693028205e-01
408.00000000,-6.535482330043e+14,-6.541014694940e-01,-2.766786123783e+00,-2.055757585152e-01,-8.695665645051e-01,-1.094935629547e+00,-1.164773596905e+00
408.50000000,1.032046240898e+15,-5.524547887731e-01,-2.336830468792e+00,-3.524905443948e-01,-1.491002606162e+00,-1.279986431465e+00,-1.361627441409e+00
409.00000000,4.165323436272e+14,-3.383034060847e-01,-1.430990776259e+00,-3.231012731481e-01,-1.366688689892e+00,-1.036744016617e+00,-1.102870364904e+00
409.50000000,8.097001049853e+14,-2.828380714699e-01,-1.196377760817e+00,-1.222131851438e-01,-5.169505408144e-01,-6.674013103505e-02,-7.099699780139e-02
410.00000000,-7.602278065704e+14,5.132021949405e-02,2.170795783038e-01,2.907495556382e-01,1.229843898200e+00,7.311522300761e-01,7.777871044924e-01
410.50000000,5.435208552731e+14,9.964599867725e-02,4.214929629252e-01,1.103580470817e-01,4.668043963910e-01,1.143154384714e+00,1.216067875197e+00
411.00000000,6.793350422975e+14,3.677833064649e-02,1.555687911347e-01,1.807178509425e-01,7.644199001078e-01,-2.830260520007e-02,-3.010782220532e-02
411.50000000,1.043628962939e+14,-3.642198970734e-01,-1.540615033334e+00,-9.717084418403e-02,-4.110237401406e-01,-1.706130818039e+00,-1.814952474001e+00
412.00000000,6.723691387979e+14,-1.953359788360e-01,-8.262523490997e-01,-1.427395936673e-03,-6.037753623318e-03,-2.388830163380e+00,-2.541196237214e+00
412.50000000,-1.715629490779e+14,-2.085458777695e-02,-8.821289474112e-02,5.302980814939e-01,2.243112146193e+00,-2.230460092696e+00,-2.372724893424e+00
413.00000000,2.666343195086e+13,1.175125583871e-01,4.970667871563e-01,4.708404314959e-01,1.991611751323e+00,4.770872886698e-01,5.075172113009e-01
413.50000000,1.649115553789e+14,3.691775328621e-01,1.561585354525e+00,4.783570524347e-01,2.023406367058e+00,1.939603731347e+00,2.063316923632e+00
414.00000000,3.666118698474e+14,2.353301039600e-01,9.954236406908e-01,3.152999622809e-01,1.333689861925e+00,1.274245008681e+00,1.355519815090e+00
414.50000000,-9.646248183619e+13,1.201691390749e-01,5.083038672220e-01,2.519605054098e-01,1.065769780750e+00,1.801346627372e+00,1.916241406177e+00
415.00000000,4.198100172460e+13,2.695115340298e-01,1.140007792874e+00,1.030189867777e-01,4.357608458218e-01,1.575243107226e-04,1.675716389614e-04
415.50000000,2.084907628804e+14,1.015665899045e+00,4.296168785632e+00,1.268775996455e-02,5.366805854605e-02,-4.560084486865e-01,-4.850939056714e-01
416.00000000,2.278294695760e+14,3.901515502930e-01,1.650303425183e+00,3.270678840112e-01,1.383467089280e+00,-5.151353152643e-01,-5.479920443374e-01
416.50000000,8.621251479651e+14,2.771157801391e-01,1.172173020439e+00,2.279645408348e-01,9.642690560133e-01,-8.123896997845e-01,-8.642061205901e-01
417.00000000,-5.288615001260e+14,2.397903576402e-01,1.014290083539e+00,1.738057425363e-01,7.351823168263e-01,-9.814074839436e-01,-1.044004317930e+00
417.50000000,-2.261428800238e+13,3.852262162304e-01,1.629469737178e+00,1.442329732098e-01,6.100922205431e-01,-1.132024453784e-01,-1.204228047053e-01
418.00000000,1.096069385256e+15,3.555055018834e-02,1.503753982238e-01,-2.312426031203e-02,-9.781349582018e-02,1.831090598132e-02,1.947882528151e-02
418.50000000,-4.320453622917e+13,1.458520923594e-01,6.169402823342e-01,-4.613924629978e-02,-1.951647712918e-01,2.808100589167e-01,2.987208869135e-01
419.00000000,-4.024807986444e+14,-1.208483394239e-02,-5.111768191853e-02,7.584538559687e-02,3.208190102928e-01,2.606850989609e-01,2.773123023697e-01
419.50000000,9.758933588043e+14,-1.408297847364e-01,-5.956964055218e-01,-3.255371230998e-01,-1.376992111314e+00,-4.863607377956e-01,-5.173821461906e-01
420.00000000,5.246106046365e+13,-3.718925797397e-01,-1.573069740934e+00,-5.756369356024e-01,-2.434891332078e+00,-1.556992170707e+00,-1.656301358810e+00
420.50000000,-2.924856833049e+14,-6.362912032516e-01,-2.691450415489e+00,-2.339511531446e-01,-9.895918758677e-01,-2.296622787233e+00,-2.443107624260e+00
421.00000000,1.897060873451e+14,-9.230477291693e-01,-3.904402860661e+00,1.630562204835e-01,6.897128265080e-01,-1.243557892976e+00,-1.322875391826e+00
421.50000000,6.690651351500e+12,5.147539088335e-02,2.177359383133e-01,3.711151026166e-01,1.569782775698e+00,-7.869146140770e-01,-8.371061647476e-01
422.00000000,2.434644771429e+14,3.457715664011e-01,1.462580374047e+00,5.399333812572e-01,2.283868578633e+00,1.708731444667e+00,1.817718975656e+00
422.50000000,8.743339211443e+13,5.875857024016e-01,2.485430844844e+00,4.805783394304e-01,2.032802206896e+00,2.117772826503e+00,2.252850127431e+00
423.00000000,6.684713399513e+13,3.614602270379e-01,1.528941895271e+00,3.273456540385e-01,1.384642030966e+00,1.702662664827e+00,1.811263112561e+00
423.50000000,-4.623285320884e+14,5.266535218254e-01,2.227693598296e+00,4.048070488178e-01,1.712296611577e+00,1.973363919374e+00,2.099230428115e+00
424.00000000,-4.008482519768e+14,3.247071604249e-02,1.373479968562e-01,1.903447756490e-01,8.051409068270e-01,1.425252518911e+00,1.516158994330e+00
424.50000000,3.859788796005e+14,-5.278054987186e-02,-2.232566349439e-01,-1.858522626281e-01,-7.861379896458e-01,6.967355530754e-01,7.411752383864e-01
425.00000000,-5.856794208533e+14,1.726784319196e-01,7.304131111057e-01,-3.382659556878e-02,-1.430833903282e-01,-1.690325510499e+00,-1.798139061033e+00
425.50000000,-6.257410571532e+12,6.409777715774e-01,2.711274147459e+00,2.822091858879e-01,1.193718919082e+00,1.417425646908e-01,1.507832903180e-01
426.00000000,-1.922326904244e+14,4.834308759094e-01,2.044865975166e+00,1.515683077050e-01,6.411200112836e-01,2.183294477513e-01,2.322550927243e-01
426.50000000,2.500007783335e+14,8.462673197751e-01,3.579629134875e+00,3.302562624008e-01,1.396953636831e+00,1.466257771164e+00,1.559779672907e+00
427.00000000,1.476839189142e+14,5.583383659888e-01,2.361717432906e+00,1.946285962302e-01,8.232610741689e-01,1.301759166253e+00,1.384788900338e+00
427.50000000,-1.173642075757e+14,6.649290881283e-01,2.812585906215e+00,-4.127969990079e-02,-1.746093366543e-01,8.604381407077e-01,9.153192215337e-01
428.00000000,9.955976887298e+14,-2.816059544478e-02,-1.191166024659e-01,-6.027410094246e-01,-2.549539073270e+00,-1.998426029266e-01,-2.125891067423e-01
428.50000000,-5.647129980560e+14,-2.480345413773e-01,-1.049162185544e+00,-2.933504877645e-02,-1.240845602048e-01,-1.111391720403e+00,-1.182279301917e+00
429.00000000,1.310654692511e+15,-3.790202391286e-01,-1.603219052642e+00,-8.505439298115e-02,-3.597722651487e-01,-3.236122003142e+00,-3.442530651032e+00
429.50000000,-4.866889823257e+14,-8.906679997520e-01,-3.767439728453e+00,-2.519586123512e-01,-1.065761773286e+00,-3.522187251984e+00,-3.746841918154e+00
430.00000000,-3.797369019236e+14,-4.555859685020e-01,-1.927084702648e+00,-5.185330894511e-02,-2.193347311146e-01,-3.332513475529e+00,-3.545070233245e+00
430.50000000,6.095285720765e+13,8.246052414021e-03,3.488000632800e-02,4.062687665344e-01,1.718479543175e+00,-1.181858661954e+00,-1.257240816328e+00
431.00000000,8.456875159894e+14,5.516925636574e-01,2.333606330074e+00,7.615687624008e-01,3.221365870851e+00,4.653658027447e-01,4.950480971780e-01
431.50000000,5.298892596720e+14,1.051664155506e+00,4.448437938207e+00,8.102074859458e-01,3.427103201169e+00,2.088330574157e+00,2.221529968290e+00
432.00000000,3.509731077433e+14,1.338944237765e+00,5.663604976201e+00,8.857654389881e-01,3.746706398173e+00,2.752780175265e+00,2.928359969032e+00
432.50000000,1.082346343371e+15,1.126662936095e+00,4.765675545996e+00,6.813775628307e-01,2.882164466866e+00,3.597648044808e+00,3.827115805231e+00
433.00000000,-6.956460446821e+13,9.681860739087e-02,4.095333705034e-01,4.715228174603e-01,1.994498181236e+00,8.920873119213e-01,9.489870628193e-01
433.50000000,2.210357839506e+13,1.845429584160e-01,7.805989137775e-01,1.852956865906e-01,7.837837241607e-01,7.433907696759e-01,7.908062513773e-01
434.00000000,-3.400714493946e+14,-7.410626653439e-01,-3.134623594277e+00,-3.497902199074e-03,-1.479580481761e-02,-1.491868024554e+00,-1.587023417793e+00
434.50000000,1.949647244761e+14,1.393900876323e-02,5.896066256391e-02,-1.334148375496e-01,-5.643325009716e-01,-2.197609964038e+00,-2.337779494367e+00
435.00000000,2.993569852024e+14,1.945692119296e-01,8.230089990450e-01,1.773103815311e-01,7.500066176707e-01,-4.989472552910e-01,-5.307714659461e-01
435.50000000,-1.624301401933e+14,6.087527591766e-01,2.574965453307e+00,4.993430421214e-01,2.112175174656e+00,8.971337425595e-01,9.543553685054e-01
436.00000000,2.369131982678e+14,5.714130911045e-01,2.417022259007e+00,5.549235801091e-01,2.347275742060e+00,1.195394748264e+00,1.271640270975e+00
436.50000000,-1.094675070030e+15,1.716792018022e-01,7.261864640911e-01,1.075657242063e-02,4.549931272646e-02,1.337004149099e+00,1.422281903884e+00
437.00000000,9.297247341717e+14,-2.034389209243e-01,-8.605270125538e-01,-1.445942511987e-01,-6.116203932322e-01,-1.164574461599e+00,-1.238854182745e+00
437.50000000,4.019926797914e+14,-3.778747984871e-01,-1.598373949214e+00,-3.666295598752e-01,-1.550809342158e+00,-1.408366934317e+00,-1.498196401304e+00
438.00000000,-2.013296535278e+14,-4.736813977761e-01,-2.003626623061e+00,-4.780329292741e-01,-2.022035355878e+00,-2.216463453828e+00,-2.357835510926e+00
438.50000000,1.150084353366e+14,-3.715790266410e-01,-1.571743441571e+00,-4.025839921255e-01,-1.702893286085e+00,-1.514245701058e+00,-1.610828403264e+00
439.00000000,2.865648306862e+14,-3.231340603299e-01,-1.366825906895e+00,2.024765935020e-01,8.564573813366e-01,1.986514524430e-01,2.113219814466e-01
439.50000000,-1.828026965812e+14,2.436094860904e-01,1.030444628504e+00,3.601884636450e-01,1.523564097092e+00,1.607647401517e+00,1.710187517777e+00
440.00000000,8.117934688869e+14,6.722809167287e-01,2.843683432064e+00,7.591246305597e-01,3.211027417798e+00,3.528630451182e+00,3.753696082091e+00
440.50000000,-6.623833339697e+14,6.209223296958e-01,2.626441562772e+00,5.979502133970e-01,2.529274446385e+00,2.355035523107e+00,2.505246083026e+00
441.00000000,5.595689539261e+14,2.589994988013e-01,1.095542897808e+00,4.969376369254e-01,2.102000531753e+00,2.254474132719e+00,2.398270614122e+00
441.50000000,-1.553519100922e+14,2.139537321222e-01,9.050036497017e-01,2.317773398748e-01,9.803968455265e-01,5.312418464782e-01,5.651258938435e-01
442.00000000,-3.739223567411e+14,-1.309197106740e-01,-5.537777481263e-01,-3.028449364718e-01,-1.281006247466e+00,5.891330043248e-01,6.267095069203e-01
442.50000000,-4.818979320220e+14,3.619643244668e-01,1.531074178772e+00,1.732612621166e-01,7.328792146931e-01,3.628224490534e-01,3.859642499685e-01
443.00000000,8.144695204371e+14,1.790684772471e-01,7.574423864811e-01,-8.849706708313e-02,-3.743344601915e-01,1.531985250806e-01,1.629699429660e-01
443.50000000,6.004561819640e+14,5.466098526243e-01,2.312106952663e+00,4.526721775923e-01,1.914761707115e+00,1.420116557126e+00,1.510695446958e+00
444.00000000,5.365763315331e+13,6.604918642397e-01,2.793816877164e+00,5.180018811100e-01,2.191100348686e+00,2.196330923898e+00,2.336418873574e+00
444.50000000,-1.054655174021e+15,3.019400927024e-01,1.277177468121e+00,3.016465802874e-01,1.275937310944e+00,1.881796019539e+00,2.001822079008e+00
445.00000000,7.578327909380e+14,8.028537105177e-01,3.395993755230e+00,1.825554615808e-01,7.721928242172e-01,2.813423068092e+00,2.992870830218e+00
445.50000000,-2.165161851731e+14,2.379658766651e-01,1.006572704997e+00,-2.782870659399e-01,-1.177128712176e+00,2.281565323764e+00,2.427089754887e+00
446.00000000,4.165823974457e+14,3.055112198118e-01,1.292282991337e+00,-2.103683859204e-01,-8.898389379495e-01,-1.793612328585e-01,-1.908013792814e-01
446.50000000,-4.004743714400e+14,-1.566309401093e-01,-6.625337686290e-01,-4.561533664925e-01,-1.929486816214e+00,-1.555342064267e+00,-1.654546004100e+00
447.00000000,6.622561289484e+14,-4.308271813771e-01,-1.822357421250e+00,-4.107341231089e-01,-1.737367591084e+00,-1.101970521634e+00,-1.172257193510e+00
447.50000000,-8.671647267874e+13,-9.321847453445e-01,-3.943051557760e+00,-5.677836830099e-01,-2.401672795387e+00,-2.058934767950e+00,-2.190259217750e+00
448.00000000,-1.755017445759e+14,-7.588072690611e-01,-3.209681556423e+00,-5.512050083705e-01,-2.331546525372e+00,-1.106655840515e+00,-1.177241354751e+00
448.50000000,-1.721513926911e+14,-1.729126971209e-01,-7.314040303109e-01,5.729013077670e-02,2.423319877760e-01,-9.031801176525e-01,-9.607873978186e-01
449.00000000,1.347459131600e+14,-3.755313184627e-01,-1.588461254754e+00,-1.975579543341e-01,-8.356519897176e-01,-2.691317708333e+00,-2.862977259080e+00
449.50000000,-2.919747539119e+14,1.912820793031e-01,8.091047450995e-01,-1.990440899884e-01,-8.419382069481e-01,-2.478871181589e+00,-2.636980316038e+00
450.00000000,-9.033901666735e+13,-1.537445229828e-02,-6.503245025967e-02,-4.052158151455e-01,-1.714025655574e+00,-2.096291377315e+00,-2.229998533088e+00
450.50000000,3.996013399641e+14,2.095587720114e-01,8.864133923545e-01,3.461061197917e-01,1.463997076869e+00,-3.674126984127e-01,-3.908472778951e-01
451.00000000,7.858032951511e+13,3.670357840402e-01,1.552525963594e+00,7.035175057870e-01,2.975814390738e+00,-4.717921781994e-01,-5.018843643077e-01
451.50000000,-5.543535536685e+14,6.715149997933e-01,2.840443677305e+00,2.055031312004e-01,8.692593576385e-01,3.812973012773e-01,4.056174784290e-01
452.00000000,7.173659881980e+14,1.433268694196e-01,6.062588328724e-01,6.447555312707e-01,2.727256639217e+00,-2.071927910053e-01,-2.204081097734e-01
452.50000000,1.768106982576e+13,3.552315305680e-01,1.502595110000e+00,2.593354543857e-01,1.096965137102e+00,-6.248347413401e-01,-6.646883976578e-01
453.00000000,2.889443984430e+14,4.040217582259e-01,1.708973066871e+00,8.235246982474e-01,3.483433785249e+00,-8.509581266534e-01,-9.052345464435e-01
453.50000000,6.765775366756e+13,4.561983791129e-01,1.929675140462e+00,1.014378890749e+00,4.290729478543e+00,2.433736824157e-01,2.588967166742e-01
454.00000000,6.905830395631e+14,5.677788163442e-01,2.401649627319e+00,9.224974268353e-01,3.902079330811e+00,-3.395443483383e-01,-3.612014087864e-01
454.50000000,-7.309703035575e+13,4.162481760499e-01,1.760689634952e+00,5.546154823909e-01,2.345972517029e+00,2.974323898396e-01,3.164034352347e-01
455.00000000,-5.881133498893e+14,2.192417069692e-01,9.273712732465e-01,2.732106119792e-01,1.155655778488e+00,-1.328879273107e+00,-1.413638801241e+00
455.50000000,7.447519725900e+14,-1.476261884094e-01,-6.244445375028e-01,-4.964972511574e-01,-2.100137740429e+00,-1.132613462095e+00,-1.204854623914e+00
456.00000000,-7.373303596083e+14,-4.700484922702e-01,-1.988259783187e+00,-4.888331111524e-01,-2.067719132603e+00,-2.081113937459e+00,-2.213853034909e+00
456.50000000,7.828007356942e+14,-3.877406787368e-02,-1.640105671044e-01,5.033457341270e-02,2.129106193962e-01,-1.539126570767e-01,-1.637296242398e-01
457.00000000,-2.033352692901e+14,-2.414252180473e-01,-1.021205385368e+00,1.074211412864e-01,4.543815548014e-01,6.201317480985e-01,6.596854347380e-01
457.50000000,4.286957566305e+14,2.629769190228e-01,1.112367001698e+00,3.183595248429e-01,1.346631530364e+00,-9.572606646825e-03,-1.018317348975e-02
458.00000000,5.058703538400e+14,-6.232712260251e-02,-2.636377167680e-01,2.344832485946e-02,9.918425907172e-02,2.178226831184e+00,2.317160052672e+00
458.50000000,-2.676336971813e+14,6.227722490906e-02,2.634266543376e-01,-7.487247333829e-02,-3.167036808572e-01,3.633561507937e-01,3.865319926548e-01
459.00000000,7.931831652112e+14,2.820359312996e-01,1.192984785268e+00,-3.476000847388e-02,-1.470316411288e-01,1.022212404927e-01,1.087411887565e-01
459.50000000,3.718268619443e+14,3.616378606564e-01,1.529693268344e+00,4.812639405589e-01,2.035702236657e+00,1.033469762731e+00,1.099387270216e+00
460.00000000,-3.617841133663e+14,4.723704943783e-01,1.998081628133e+00,6.763336123512e-01,2.860829019916e+00,1.157456824570e+00,1.231282563501e+00
460.50000000,5.081363987317e+14,4.533917204034e-02,1.917803244840e-01,2.083811487269e-01,8.814331072631e-01,2.295915395585e+00,2.442355113252e+00
461.00000000,2.101419973078e+13,2.207519221230e-01,9.337593376772e-01,1.832302620701e-01,7.750471682676e-01,8.427598482970e-01,8.965133596339e-01
461.50000000,6.563124151640e+14,5.236852058532e-02,2.215137908047e-01,6.162006861772e-01,2.606472268885e+00,1.607529865245e+00,1.710062484722e+00
462.00000000,7.005891440287e+14,1.815734850364e-01,7.680383278060e-01,3.755564132771e-01,1.588569111601e+00,3.998576078869e-01,4.253616117881e-01
462.50000000,-3.192779031056e+14,-1.293948826058e-01,-5.473278724772e-01,1.098028118800e-01,4.644558025181e-01,6.671325231481e-02,7.096840468340e-02
463.00000000,-7.772284187322e+14,-1.808526579034e-02,-7.649892985619e-02,5.154567625661e-01,2.180334731161e+00,4.524513733879e-01,4.813099504523e-01
463.50000000,5.831908366918e+14,-2.692466362847e-01,-1.138887300963e+00,1.304089575066e-01,5.516179046535e-01,-1.820424629010e+00,-1.936536254559e+00
464.00000000,-1.587527092509e+14,3.963703652034e-02,1.676608412410e-01,-3.292188016700e-01,-1.392565273291e+00,-2.375709377067e+00,-2.527238571524e+00
464.50000000,-3.340433562781e+13,1.765703099165e-01,7.468753796364e-01,-4.426901971726e-02,-1.872538847361e-01,-2.424558443907e+00,-2.579203364480e+00
465.00000000,-5.638464221623e+14,3.689436241836e-01,1.560595943377e+00,4.299501539765e-01,1.818649635551e+00,-4.478552439856e-01,-4.764206674376e-01
465.50000000,-5.260673686853e+14,3.709740681320e-01,1.569184525430e+00,5.074147219380e-01,2.146317638431e+00,1.384826738307e+00,1.473154747677e+00
466.00000000,5.188588379113e+14,5.737285394416e-01,2.426816382133e+00,7.578123061972e-01,3.205476406358e+00,1.626988378939e+00,1.730762115252e+00
466.50000000,7.166835613144e+14,3.086648544634e-01,1.305622561725e+00,6.159784688798e-01,2.605532310140e+00,4.822372576194e-01,5.129956592529e-01
467.00000000,7.297067700977e+14,-1.095633680556e-01,-4.634424788031e-01,1.917150814319e-01,8.109371743469e-01,-1.373465029762e+00,-1.461068358513e+00
467.50000000,1.229249515168e+15,-3.876366567460e-01,-1.639665668057e+00,-1.064507275132e-01,-4.502767937295e-01,-2.308096560847e+00,-2.455313226307e+00
468.00000000,7.640838284013e+14,-3.410264550265e-01,-1.442509010628e+00,-2.208660714286e-01,-9.342431828297e-01,-1.208566137566e+00,-1.285651767249e+00
468.50000000,-8.044047599698e+14,-3.749007936508e-01,-1.585794195617e+00,-2.087116402116e-01,-8.828310558690e-01,-1.202793650794e+00,-1.279511095597e+00
469.00000000,1.769984279961e+14,-9.203082010582e-01,-3.892814920996e+00,1.132195767196e-01,4.789084037624e-01,-3.907428571429e+00,-4.156654974937e+00
469.50000000,5.766521827290e+14,-3.399285714286e-01,-1.437865068907e+00,4.534232804233e-01,1.917938803058e+00,-2.323682539683e+00,-2.471893321191e+00
470.00000000,3.825114549372e+14,-5.671613756614e-01,-2.399037912787e+00,5.247023809524e-01,2.219442847191e+00,-1.587798941799e+00,-1.689073069406e+00
470.50000000,8.126612187563e+14,-9.932142857143e-02,-4.201200626844e-01,-2.695701058201e-01,-1.140256772026e+00,-1.305671957672e+00,-1.388951260217e+00
471.00000000,5.229062230285e+14,-2.627182539683e-01,-1.111272873467e+00,-2.482903439153e-02,-1.050245334944e-01,2.840555555556e-01,3.021733901400e-01
471.50000000,-6.166026905647e+13,-6.292797205688e-01,-2.661792520042e+00,-2.327058531746e-01,-9.843243714472e-01,-1.650303406085e+00,-1.755564238133e+00
472.00000000,-4.311487485040e+14,-5.497146422371e-01,-2.325239913249e+00,-4.900248584243e-01,-2.072760114032e+00,-1.794740988757e+00,-1.909214441996e+00
472.50000000,1.640623231881e+13,-3.318736359127e-01,-1.403793468624e+00,-3.283424840856e-01,-1.388858530449e+00,-5.893144066220e-01,-6.269024795486e-01
473.00000000,4.345073441570e+14,-3.109237764550e-01,-1.315177583862e+00,-4.664356347140e-01,-1.972979865770e+00,-2.439958545180e+00,-2.595585726025e+00
473.50000000,1.044031992393e+15,2.041580532821e-01,8.635688730625e-01,-4.504303488757e-01,-1.905278977685e+00,-1.034790519593e+00,-1.100792268536e+00
474.00000000,1.049153367800e+15,-2.156454613095e-02,-9.121595009862e-02,-3.943192842675e-01,-1.667934331437e+00,-1.579693664228e+00,-1.680450815225e+00
474.50000000,1.351189611987e+14,1.565479032325e-01,6.621825306493e-01,6.503844246032e-03,2.751066340675e-02,-5.846919229497e-01,-6.219851613170e-01
475.00000000,8.018411638032e+14,3.008413783482e-01,1.272530012381e+00,2.329431268601e-01,9.853280173297e-01,-5.187738198578e-02,-5.518626226329e-02
475.50000000,6.750174124395e+13,4.981201275215e-01,2.107000092615e+00,4.837258442874e-01,2.046115863161e+00,-4.277088345321e-01,-4.549892652887e-01
476.00000000,6.251621334129e+14,2.587969499215e-01,1.094686135584e+00,7.668497333829e-02,3.243703892743e-01,8.832969576720e-02,9.396360359089e-02
476.50000000,-3.319636904019e+14,-1.588135721520e-01,-6.717660916408e-01,-3.351276351687e-01,-1.417559095922e+00,-1.525796459057e+00,-1.623115899969e+00
477.00000000,3.228309740975e+14,-3.240138320519e-01,-1.370547256420e+00,-3.427818106192e-01,-1.449935554600e+00,-8.260851417824e-01,-8.787750950637e-01
477.50000000,3.509862403004e+14,-2.100669836620e-01,-8.885630786161e-01,-1.505484638517e-01,-6.368061655156e-01,-6.295034231357e-01,-6.696548606545e-01
478.00000000,6.026925315088e+14,-4.557402912120e-01,-1.927737472826e+00,7.647246248760e-02,3.234714879073e-01,-9.798527677021e-01,-1.042350437665e+00
478.50000000,2.648760939925e+13,-4.954944403108e-01,-2.095893688978e+00,2.053620372954e-01,8.686625433879e-01,-1.583919171369e+00,-1.684945836684e+00
479.00000000,4.261241667714e+14,-3.039645317925e-01,-1.285740650203e+00,3.833323632296e-01,1.621460665230e+00,-1.169346498843e+00,-1.243930593480e+00
479.50000000,-3.840485757113e+14,5.124613766948e-03,2.167662193315e-02,1.197114974733e-01,5.063686318927e-01,-1.379433123553e+00,-1.467417113530e+00
480.00000000,1.175228222909e+15,-2.833796874354e-01,-1.198668744109e+00,1.505853587963e-01,6.369622277404e-01,-1.510561854771e+00,-1.606909591258e+00
480.50000000,6.145174553670e+14,1.537126251705e-01,6.501895779275e-01,3.773016228247e-02,1.595951187589e-01,-1.859076389535e+00,-1.977653329315e+00
481.00000000,4.493490838282e+14,-2.979685949901e-03,-1.260378415874e-02,1.431359811611e-01,6.054520449995e-01,-3.095329285960e+00,-3.292757792076e+00
481.50000000,1.639189031035e+14,-2.147753903021e-01,-9.084791845485e-01,-2.127843072477e-01,-9.000580631219e-01,-1.875370166274e+00,-1.994986367375e+00
482.00000000,4.540163369201e+14,-1.084403102007e-01,-4.586920524030e-01,-3.103778399109e-01,-1.312869736681e+00,-2.567349538652e+00,-2.731102062945e+00
482.50000000,3.810724930674e+14,1.319516832463e-01,5.581428925669e-01,-3.417440198464e-01,-1.445545795012e+00,-5.003526319070e-01,-5.322664812984e-01
483.00000000,1.399521231209e+15,6.456491911550e-01,2.731033801684e+00,1.730103772683e-01,7.318179948430e-01,2.503791578182e-01,2.663490203188e-01
483.50000000,5.439561253090e+14,7.886831555240e-01,3.336053674445e+00,9.731830318390e-02,4.116474781575e-01,1.690863326138e+00,1.798711180013e+00
484.00000000,1.128490439002e+15,7.413225244996e-01,3.135722773441e+00,3.749406972814e-01,1.585964689529e+00,5.677396681044e-01,6.039516456298e-01
484.50000000,1.298321560804e+14,5.876018221416e-01,2.485499029789e+00,2.211486590350e-01,9.354385024330e-01,1.382957692626e-01,1.471166489188e-01
485.00000000,1.166692209497e+15,2.948726335152e-01,1.247282797460e+00,1.480094659392e-02,6.260664376993e-02,3.481638971561e-01,3.703707358311e-01
485.50000000,6.741156240393e+14,3.916889880952e-01,1.656806638791e+00,-9.975289351852e-02,-4.219455715151e-01,2.128919808201e+00,2.264708093887e+00
486.00000000,-1.483536885300e+14,1.687791005291e-01,7.139193154386e-01,-3.030687830688e-01,-1.281953097998e+00,2.812822751323e+00,2.992232223615e+00
486.50000000,5.769968428244e+14,1.458730158730e-02,6.170287867784e-02,-5.593928571429e-01,-2.366180373151e+00,1.220333333333e+00,1.298169506711e+00
487.00000000,6.389081668787e+14,-1.221267195767e+00,-5.165842439238e+00,-8.723915343915e-01,-3.690136010896e+00,-2.151915343915e+00,-2.289170347306e+00
487.50000000,3.513715525128e+12,-1.280280423280e+00,-5.415462699425e+00,-1.920515873016e+00,-8.123605632482e+00,-7.449428571429e+00,-7.924573351970e+00
488.00000000,-2.732786289643e+14,-2.911859788360e+00,-1.231688603768e+01,-6.115767195767e-01,-2.586913315143e+00,-1.129889947090e+01,-1.201957395727e+01
488.50000000,-6.296425797318e+14,-1.500832010582e+00,-6.348374640131e+00,-4.226256613757e-01,-1.787667705027e+00,-7.169052910053e+00,-7.626314569652e+00
489.00000000,4.902880759670e+14,-1.341410052910e+00,-5.674035136423e+00,-3.717440476190e-01,-1.572443155254e+00,-3.236902116402e+00,-3.443360522035e+00
489.50000000,1.089993954779e+15,-4.432498346561e-01,-1.874904046377e+00,2.189087301587e-01,9.259638091532e-01,-1.210989417989e+00,-1.288229611077e+00
490.00000000,1.175232498318e+15,-1.555784970238e-01,-6.580820358919e-01,2.464814814815e-02,1.042594013098e-01,-9.783316798942e-01,-1.040732330747e+00
490.50000000,5.013934735867e+14,1.824281509642e-01,7.716534822426e-01,-2.643420571625e-02,-1.118142606702e-01,-8.711074012070e-01,-9.266689964362e-01
491.00000000,-4.115185495159e+14,1.627405288938e-01,6.883767398794e-01,-1.541267929481e-01,-6.519421687170e-01,-2.245858186591e-01,-2.389105119555e-01
491.50000000,9.246829894943e+14,3.725875289352e-01,1.576009308999e+00,-2.256042286706e-01,-9.542851524901e-01,-7.601707485946e-01,-8.086565029114e-01
492.00000000,6.898318545120e+14,-1.679827938988e-01,-7.105510152012e-01,-3.600516803075e-01,-1.522985516146e+00,-2.310637194114e-01,-2.458015908062e-01
492.50000000,-5.623365829707e+14,-1.716527467758e-01,-7.260745618809e-01,-3.401752645503e-01,-1.438910104290e+00,-1.757669456845e+00,-1.869778387125e+00
493.00000000,1.053247916758e+14,-4.220178881448e-01,-1.785094960589e+00,4.054410135582e-01,1.714978224163e+00,1.284365100033e+00,1.366285393347e+00
493.50000000,8.678189846383e+14,-2.946254960317e-02,-1.246237429743e-01,5.687329179067e-01,2.405687971758e+00,1.350006675761e+00,1.436113767000e+00
494.00000000,-8.722963340381e+13,-1.203208447007e-01,-5.089455673863e-01,7.467465691138e-01,3.158669355522e+00,2.845482938575e+00,3.026975566287e+00
494.50000000,3.465515047308e+14,1.624583979208e-01,6.871833530767e-01,3.464776579034e-01,1.465568648935e+00,1.055452546296e+00,1.122772175403e+00
495.00000000,1.368710886364e+15,2.978475529101e-01,1.259866419551e+00,5.708756613757e-01,2.414751579697e+00,1.253851851852e+00,1.333825927349e+00
495.50000000,2.046782402889e+14,3.275165343915e-01,1.385363349459e+00,9.195039682540e-02,3.889417276134e-01,2.237370370370e+00,2.380075927371e+00
496.00000000,-1.147035751214e+14,-2.951719576720e-02,-1.248548909772e-01,3.829484126984e-01,1.619836589771e+00,7.950582010582e-01,8.457691718175e-01
496.50000000,9.860046687787e+14,-9.433465608466e-01,-3.990264960707e+00,8.844179894180e-02,3.741006810333e-01,-1.474105820106e+00,-1.568128291719e+00
497.00000000,5.762552842852e+14,-2.050427248677e+00,-8.673109485377e+00,-1.623637566138e-01,-6.867837679817e-01,-3.481243386243e+00,-3.703286541488e+00
497.50000000,2.064893224268e+14,-1.579407407407e+00,-6.680740989614e+00,-1.564730158730e+00,-6.618664760533e+00,-5.372968253968e+00,-5.715670757578e+00
498.00000000,3.439114298815e+14,-1.200169642857e+00,-5.076601825420e+00,-7.939672619048e-01,-3.358408546079e+00,-3.589506613757e+00,-3.818455091602e+00
498.50000000,1.739885682005e+15,-6.107198247354e-01,-2.583285950885e+00,-6.661242559524e-01,-2.817644380668e+00,-1.722068121693e+00,-1.831906302154e+00
499.00000000,-2.352510610267e+14,-7.338681588955e-01,-3.104191525956e+00,-8.266942687665e-01,-3.496840777237e+00,-2.817201306217e+00,-2.996890054629e+00
499.50000000,1.115359860960e+15,-3.586321072049e-01,-1.516979221168e+00,-1.103133902736e+00,-4.666155021973e+00,-1.481037372892e+00,-1.575501957762e+00
500.00000000,9.019970297351e+14,-3.321863731812e-01,-1.405116317104e+00,-1.278775778770e+00,-5.409104014737e+00,-1.274028483796e+00,-1.355289479661e+00
500.50000000,1.068096759137e+13,-4.140443590856e-01,-1.751367701765e+00,-1.122932021123e+00,-4.749899243145e+00,-3.182215557002e+00,-3.385185905395e+00
501.00000000,-1.468920370172e+13,-4.679949855324e-01,-1.979573647760e+00,-6.305431698495e-01,-2.667139656633e+00,-1.353784007523e+00,-1.440132027239e+00
501.50000000,2.076713471072e+14,-5.165304542824e-02,-2.184873999023e-01,-2.584694979745e-01,-1.093302221071e+00,-2.024486906829e-01,-2.153614178515e-01
502.00000000,7.076377572308e+14,-2.029854021991e-02,-8.586086720909e-02,1.084631814236e-01,4.587892888103e-01,9.098947960069e-01,9.679303565897e-01
502.50000000,2.269099058859e+14,2.942925947627e-01,1.244829289486e+00,8.766480468750e-02,3.708140667494e-01,1.290007010272e+00,1.372287159939e+00
503.00000000,3.035622550672e+14,2.619311096644e-01,1.107943328987e+00,2.461082544850e-01,1.041015297205e+00,3.229911500289e+00,3.435924025446e+00
503.50000000,-1.319181201829e+14,2.892882928241e-01,1.223661574981e+00,5.672022569444e-02,2.399213416567e-01,1.871204006076e+00,1.990554478168e+00
504.00000000,5.346534805623e+14,6.170867693866e-02,2.610217512628e-01,-5.946271375868e-02,-2.515218141124e-01,1.799465997179e+00,1.914240824284e+00
504.50000000,6.486681211509e+14,1.188386794705e-01,5.026761514265e-01,1.339031130642e-01,5.663978615221e-01,2.766043339482e+00,2.942469093874e+00
505.00000000,-5.055983781979e+14,3.054360973669e-01,1.291965230641e+00,9.489022316262e-02,4.013769228269e-01,1.193142805990e-01,1.269244693708e-01
505.50000000,1.824817817275e+14,-9.372999873409e-01,-3.964688538008e+00,1.608579897280e-02,6.804145124467e-02,-6.575957497830e-01,-6.995389921699e-01
506.00000000,4.386069212382e+14,-5.353322442853e-01,-2.264403757185e+00,-3.856932971644e-01,-1.631447198786e+00,-1.842328522859e-02,-1.959837238230e-02
506.50000000,1.004459164193e+15,-3.206585380498e-01,-1.356354686430e+00,-4.971108510561e-01,-2.102733211606e+00,-2.661774331597e+00,-2.831549525562e+00
507.00000000,5.749455636114e+14,-6.135510431134e-01,-2.595261731536e+00,-6.490016160301e-01,-2.745217187501e+00,-2.055609335938e+00,-2.186721680655e+00
507.50000000,5.912735187529e+14,-6.445028139468e-01,-2.726184736669e+00,-3.681958608218e-01,-1.557434651207e+00,-8.691997757523e-01,-9.246396974505e-01
508.00000000,2.702539349334e+14,-4.749325470197e-01,-2.008918863680e+00,-6.955351786748e-01,-2.942049880691e+00,-2.963870475260e+00,-3.152914181501e+00
508.50000000,-2.570336051894e+14,-7.033067997685e-02,-2.974919924683e-01,-8.507842447917e-02,-3.598739161767e-01,-6.264931582755e-01,-6.664525929281e-01
509.00000000,1.792699570020e+14,-2.757331872106e-01,-1.166324785711e+00,-9.588263888889e-02,-4.055747501383e-01,-1.490027155671e-01,-1.585065133295e-01
509.50000000,1.507898952542e+14,-5.158568287037e-01,-2.182024627800e+00,-3.597331770833e-01,-1.521638276780e+00,-2.242791099537e+00,-2.385842405362e+00
510.00000000,9.599187793129e+14,-5.538021643519e-01,-2.342529737527e+00,-3.135379629630e-02,-1.326236766751e-01,-2.300470682870e+00,-2.447200949128e+00
510.50000000,1.573611958063e+14,-3.568356712963e-01,-1.509380470552e+00,-6.731304398148e-02,-2.847279894484e-01,-2.312481932870e+00,-2.459978309265e+00
511.00000000,4.750608389958e+14,-3.834928819444e-01,-1.622137900339e+00,3.295561342593e-01,1.393992159140e+00,1.235200462963e-01,1.313984902235e-01
511.50000000,-2.468772702022e+14,9.539127314815e-02,4.034958843319e-01,6.465392129630e-01,2.734801448841e+00,6.456258796296e-01,6.868056511983e-01
512.00000000,4.164516410144e+14,-2.616801620370e-01,-1.106881844729e+00,2.331329745370e-01,9.861310555545e-01,1.946594733796e+00,2.070753831199e+00
512.50000000,9.032348848567e+13,-3.777189814815e-02,-1.597714858309e-01,-2.166506944444e-02,-9.164125256129e-02,1.670331736111e+00,1.776870029428e+00
513.00000000,-1.594374547970e+14,-8.796746527778e-02,-3.720938931130e-01,4.877193981481e-01,2.063008228953e+00,1.280356504630e+00,1.362021118844e+00
513.50000000,1.080570155299e+15,1.284610995370e-01,5.433780601654e-01,4.342195254630e-01,1.836708684550e+00,1.435711180556e+00,1.527284737811e+00
514.00000000,-3.874827751900e+13,5.229858680556e-01,2.212179776618e+00,6.877891203704e-01,2.909284765987e+00,1.329557361111e+00,1.414360139540e+00
514.50000000,-4.857463631632e+14,4.966433564815e-01,2.100753493560e+00,4.082685185185e-01,1.726938310275e+00,2.177087569444e+00,2.315948125725e+00
515.00000000,1.034990755541e+14,3.087978819444e-01,1.306185255139e+00,7.294053356481e-01,3.085317531757e+00,1.807641550926e+00,1.922937837047e+00
515.50000000,7.166462289156e+14,8.236366898148e-02,3.483903753008e-01,1.242368865741e-01,5.255106118703e-01,2.031727106481e+00,2.161316177760e+00
516.00000000,1.045624117777e+15,-2.460853935185e-01,-1.040917478109e+00,2.323050000000e-01,9.826287993602e-01,-9.263823842593e-01,-9.854695679869e-01
516.50000000,1.450841012732e+15,-5.748118055556e-02,-2.431398493307e-01,1.876525000000e-01,7.937528282729e-01,-8.761345370370e-01,-9.320167766388e-01
517.00000000,4.898280979605e+14,-6.028261921296e-01,-2.549896646353e+00,-7.237575115741e-01,-3.061427755003e+00,-4.007289432870e+00,-4.262885233258e+00
517.50000000,3.277364668251e+14,4.587615740741e-03,1.940517207911e-02,-4.330650694444e-01,-1.831825441695e+00,-2.132237604167e+00,-2.268237507888e+00
518.00000000,1.695417637423e+15,-1.195204976852e-01,-5.055601767090e-01,-9.099975694444e-02,-3.849206082882e-01,-2.014550266204e+00,-2.143043751972e+00
518.50000000,-2.565535903374e+13,2.851395081019e-01,1.206112615782e+00,-1.379012731481e-02,-5.833097112150e-02,-1.026609108796e+00,-1.092089025145e+00
519.00000000,1.526084006641e+15,1.594331597222e-01,6.743868872999e-01,2.327079571759e-01,9.843332711794e-01,-1.455745677083e+00,-1.548597088924e+00
519.50000000,1.518342695480e+14,-4.575199189815e-01,-1.935265126635e+00,1.136981365741e-01,4.809326679636e-01,-3.353929126157e+00,-3.567851832217e+00
520.00000000,-3.217348647315e+13,-6.089691435185e-01,-2.575880738202e+00,2.526010185185e-01,1.068479092331e+00,-6.151917013889e-01,-6.544302984362e-01
520.50000000,-2.797290042672e+14,-6.680803009259e-01,-2.825915232395e+00,3.473668258102e-01,1.469329747459e+00,-2.693622077546e-01,-2.865428607218e-01
521.00000000,4.008738450552e+14,-9.813981973380e-01,-4.151219712747e+00,8.928749710648e-02,3.776779065436e-01,3.262361574074e-01,3.470443853043e-01
521.50000000,2.959029395094e+14,-5.294956901042e-01,-2.239715695971e+00,-1.569720138889e-01,-6.639771917987e-01,-2.655188165509e-01,-2.824543275918e-01
522.00000000,6.821174076704e+14,2.126917317708e-01,8.996655099433e-01,8.941785590278e-02,3.782293122710e-01,1.769300516493e+00,1.882151307337e+00
522.50000000,-2.066235317504e+14,1.849330143229e-01,7.822488126404e-01,-5.455132233796e-02,-2.307470797980e-01,1.124245815972e+00,1.195953266602e+00
523.00000000,2.143630174142e+14,1.906492766204e-01,8.064280507894e-01,-7.376459707755e-02,-3.120174660967e-01,-1.269735519387e+00,-1.350722698325e+00
523.50000000,8.367846133909e+14,-3.510748267506e-01,-1.485012653793e+00,-8.764111881510e-01,-3.707138776861e+00,-7.012209244792e-01,-7.459466989568e-01
524.00000000,6.514493073088e+13,-9.692979224537e-01,-4.100036717134e+00,-4.314878472222e-01,-1.825153936654e+00,-4.839962411024e+00,-5.148668354784e+00
524.50000000,3.801395394921e+14,-7.509120194951e-01,-3.176285412305e+00,3.532309497975e-02,1.494134452966e-01,-2.863309582610e+00,-3.045939242081e+00
525.00000000,1.614217444410e+13,-5.091100775825e-01,-2.153486521324e+00,-3.635673889612e-01,-1.537856640630e+00,-2.085427493490e+00,-2.218441721256e+00
525.50000000,9.030301614487e+14,-3.547421693251e-01,-1.500525159145e+00,-5.041810474537e-02,-2.132639492562e-01,-2.194010492622e-01,-2.333950438891e-01
526.00000000,-8.527732662437e+14,-9.537472810872e-01,-4.034259004111e+00,-6.253455739113e-01,-2.645154303513e+00,-2.056254348235e+00,-2.187407833588e+00
526.50000000,9.824241775282e+14,-9.346086616573e-01,-3.953304489961e+00,-3.561417461480e-01,-1.506446854004e+00,-1.719470548683e+00,-1.829143048885e+00
527.00000000,9.446320647575e+14,-9.788837263093e-01,-4.140583742833e+00,-3.303755360243e-01,-1.397458153296e+00,-2.447768188386e+00,-2.603893489479e+00
527.50000000,1.347496937411e+14,-5.924603953270e-01,-2.506050325724e+00,-1.416525067817e-01,-5.991770847173e-01,-2.497893167589e+00,-2.657215575952e+00
528.00000000,-6.438966405992e+14,-8.354095006872e-02,-3.533701607437e-01,4.645834855143e-01,1.965145444883e+00,-1.164497958804e+00,-1.238772800393e+00
528.50000000,-2.340761478967e+14,4.347383742043e-01,1.838901389650e+00,8.076505040148e-01,3.416287402607e+00,-6.906724703414e-01,-7.347254357736e-01
529.00000000,7.840696657095e+14,4.101725546152e-01,1.734990342315e+00,7.079649591291e-01,2.994626709619e+00,-9.380501363571e-01,-9.978815209931e-01
529.50000000,2.461826275611e+14,-1.760778464988e-01,-7.447923068809e-01,2.736798386863e-01,1.157640564333e+00,-1.176173536241e+00,-1.251193077861e+00
530.00000000,1.320338611083e+14,-1.705207957176e-01,-7.212865180885e-01,-1.044697341580e-01,-4.418973739056e-01,-1.497384351128e+00,-1.592891590654e+00
530.50000000,-2.619595771381e+14,2.348431712963e-02,9.933639624911e-02,-1.236601772280e-01,-5.230711843405e-01,-3.424383058449e-01,-3.642799507603e-01
531.00000000,4.248781243362e+14,-1.156989373553e-01,-4.893953451271e-01,-2.471354673032e-02,-1.045360313017e-01,-1.643329098669e+00,-1.748145090454e+00
531.50000000,1.128841141070e+15,-1.816596354167e-02,-7.684027356049e-02,-1.127187123843e-01,-4.767897936574e-01,2.679805570023e-01,2.850730845332e-01
532.00000000,1.048207113264e+15,-3.407777054398e-01,-1.441456823870e+00,-4.911703313079e-01,-2.077605359051e+00,-1.766428052662e+00,-1.879095629964e+00
532.50000000,2.547921262343e+14,-8.952608767361e-01,-3.786867155085e+00,-8.155467346644e-01,-3.449687732530e+00,-2.782270769676e+00,-2.959731553626e+00
533.00000000,-8.762545429260e+13,-1.238143200231e-01,-5.237226310326e-01,-4.517489496528e-01,-1.910856537782e+00,-1.513813382523e+00,-1.610368510279e+00
533.50000000,8.286525395826e+14,-1.165906030093e+00,-4.931670048365e+00,-5.990594155093e-01,-2.533966269376e+00,-1.135781967593e+00,-1.208225225295e+00
534.00000000,9.282499469439e+14,-5.329422771991e-01,-2.254294426937e+00,-2.663751765046e-01,-1.126742514660e+00,-6.592094791667e-01,-7.012556495952e-01
534.50000000,6.693060402837e+14,-4.520842592593e-02,-1.912272810313e-01,8.343561342593e-02,3.529249764086e-01,4.481183217593e-01,4.767005250259e-01
535.00000000,6.163243967041e+14,-2.458276331019e-01,-1.039827176409e+00,-4.703075231481e-02,-1.989357597990e-01,8.299068402778e-01,8.828405518655e-01
535.50000000,1.214698991968e+15,6.915138310185e-02,2.925036804376e-01,6.738705439815e-01,2.850410467087e+00,1.064518200231e+00,1.132416061360e+00
536.00000000,5.686236837682e+14,1.590374652778e-01,6.727131379671e-01,8.713262905093e-01,3.685630127178e+00,1.328787847222e-01,1.413541543966e-01
536.50000000,-5.242407397581e+14,1.954800578704e-01,8.268617895179e-01,1.006388055556e+00,4.256928980095e+00,2.103558171296e+00,2.237728822920e+00
537.00000000,5.219431520198e+14,3.462014814815e-01,1.464398873369e+00,1.171765289352e+00,4.956459479597e+00,2.828889699074e+00,3.009323964918e+00
537.50000000,3.786122824257e+13,-8.657372685185e-03,-3.661985140061e-02,8.828632986111e-01,3.734430611108e+00,7.337658680556e-01,7.805674473986e-01
538.00000000,6.464748092264e+13,-1.039511226852e-01,-4.397032222226e-01,6.784256944444e-01,2.869678334892e+00,1.665959756944e+00,1.772219193559e+00
538.50000000,6.868335796642e+14,-2.178906134259e-01,-9.216562778797e-01,3.929364814815e-01,1.662085202742e+00,1.640938194444e-01,1.745601687866e-01
539.00000000,1.312053746369e+15,-3.162925115741e-01,-1.337886815568e+00,1.964340856481e-01,8.308981284684e-01,3.035292129630e-01,3.228891302906e-01
539.50000000,4.496739564442e+14,1.373032407407e-03,5.807794645773e-03,3.626950578704e-01,1.534166760289e+00,-9.031242013889e-01,-9.607279150638e-01
540.00000000,7.179888267140e+14,4.355134027778e-01,1.842179685759e+00,3.261799652778e-01,1.379711274644e+00,7.361782523148e-01,7.831337000759e-01
540.50000000,2.121017623076e+14,4.855317592593e-01,2.053752509093e+00,1.243472685185e-01,5.259775173503e-01,7.648594907407e-02,8.136443057622e-02
541.00000000,-3.568479782159e+13,8.465432291667e-01,3.580796204988e+00,2.969070717593e-01,1.255889625468e+00,2.183585347222e+00,2.322860349412e+00
541.50000000,-4.209513727325e+13,8.500004050926e-01,3.595419725688e+00,1.620716087963e-01,6.855480095645e-01,1.446380486111e+00,1.538634560644e+00
542.00000000,1.995853668132e+13,1.054672731481e+00,4.461163924387e+00,9.140220833333e-01,3.866229406748e+00,2.813531435185e+00,2.992986109258e+00
542.50000000,5.862836122714e+14,4.865006250000e-01,2.057850717723e+00,4.537248842593e-01,1.919214559564e+00,3.319888229167e+00,3.531639714391e+00
543.00000000,8.318023346112e+14,5.359930555556e-01,2.267198925119e+00,7.402932754630e-01,3.131372516487e+00,3.313358784722e+00,3.524693804251e+00
543.50000000,-2.432045570579e+14,2.388329282407e-01,1.010240249529e+00,4.139644212963e-01,1.751031455527e+00,1.114972083333e+00,1.186088030116e+00
544.00000000,-1.870096329894e+14,-1.528202430556e-01,-6.464148876571e-01,-6.344729745370e-02,-2.683762369281e-01,1.951079282407e-01,2.075524416496e-01
544.50000000,-1.448671223694e+14,-3.317384432870e-01,-1.403221616857e+00,2.662317361111e-01,1.126135774979e+00,-5.326655150463e-01,-5.666403678584e-01
545.00000000,2.767932115356e+14,-2.127631828704e-01,-8.999677412024e-01,3.409743055556e-02,1.442289974304e-01,-2.781431585648e+00,-2.958838844162e+00
545.50000000,6.122351633724e+14,-3.825109432870e-01,-1.617984394532e+00,4.738556770833e-01,2.004365963033e+00,-1.808658697917e+00,-1.924019860435e+00
546.00000000,1.748435944913e+15,-2.057602864583e-01,-8.703461648526e-01,7.180187210648e-01,3.037153198588e+00,-1.786152546296e-01,-1.900078205357e-01
546.50000000,1.500806118417e+14,-1.010921701389e-01,-4.276101287156e-01,6.005517361111e-01,2.540278648365e+00,6.212125434028e-01,6.608351661012e-01
547.00000000,-3.613346808359e+14,1.485468055556e-01,6.283386592318e-01,5.001496440972e-01,2.115587026881e+00,-7.268544270833e-02,-7.732151759556e-02
547.50000000,1.171072402681e+14,-9.646643518519e-03,-4.080437160425e-02,2.119388556134e-01,8.964818804124e-01,2.726820601852e-01,2.900744623543e-01
548.00000000,3.655685190904e+14,-2.502745949074e-02,-1.058637395909e-01,-4.852629195602e-02,-2.052617550296e-01,-5.432990480324e-01,-5.779521364499e-01
548.50000000,1.173584358116e+15,2.587168836806e-02,1.094347463108e-01,-4.200121310764e-01,-1.776612712065e+00,-5.959120370370e-01,-6.339209247450e-01
549.00000000,-1.317426397458e+14,-1.711115335648e-01,-7.237852822019e-01,-7.603536436632e-01,-3.216226030270e+00,-1.021572847222e+00,-1.086731537133e+00
549.50000000,5.732754283466e+14,-1.291438230613e-01,-5.462659148203e-01,-5.044321310764e-01,-2.133701553209e+00,-2.227986384549e+00,-2.370093405454e+00
550.00000000,1.399227905796e+14,-2.089689073351e-01,-8.839183216697e-01,-4.344968192998e-01,-1.837881611994e+00,-1.481033185041e+00,-1.575497502798e+00
550.50000000,6.652868580729e+14,-1.947187709780e-01,-8.236416193941e-01,-3.914634993490e-01,-1.655854623700e+00,-1.975791355613e+00,-2.101812692828e+00
551.00000000,4.721085029347e+14,-3.632199112052e-01,-1.536385189566e+00,-2.471586331742e-01,-1.045458302522e+00,-2.051299687500e+00,-2.182137151138e+00
551.50000000,7.558907834444e+14,-9.708684939236e-01,-4.106680082960e+00,-7.489181526693e-01,-3.167854954377e+00,-3.531174837963e+00,-3.756402756769e+00
552.00000000,7.639096619528e+14,-7.014613831019e-01,-2.967113990185e+00,-2.190628839337e-01,-9.266158654536e-01,-3.817062536169e-01,-4.060525148592e-01
552.50000000,1.666439471392e+15,-5.131264879919e-01,-2.170475549948e+00,5.496407271774e-02,2.324929759694e-01,2.308203509838e+00,2.455426996795e+00
553.00000000,1.205163675578e+15,1.625263446723e-01,6.874707612817e-01,5.929552790437e-01,2.508146333144e+00,2.516711367368e+00,2.677234051608e+00
553.50000000,1.134671965931e+15,1.940954614077e+00,8.210050800337e+00,1.949379425094e+00,8.245695804987e+00,3.166539189453e+00,3.368509656560e+00
554.00000000,7.970108656608e+14,5.493414810836e+00,2.323661477563e+01,5.180932749204e+00,2.191486936104e+01,6.508825858652e+00,6.923976444302e+00
554.50000000,7.424626236908e+14,1.707850063079e+01,7.224041034006e+01,1.694373493490e+01,7.167044151333e+01,1.989461036675e+01,2.116354263264e+01
555.00000000,1.339530581707e+14,5.152948902633e+01,2.179647682400e+02,5.113426349392e+01,2.162932349420e+02,6.238025223777e+01,6.635903409674e+01
555.50000000,1.755436705709e+15,1.504811593374e+02,6.365207891484e+02,1.504710370341e+02,6.364786571935e+02,1.851876635511e+02,1.969994355431e+02
556.00000000,9.518536976539e+14,4.321908782270e+02,1.828125727388e+03,4.321827128653e+02,1.828093154461e+03,5.309902569488e+02,5.648582572509e+02
556.50000000,8.385978075694e+14,1.215481550351e+03,5.141369717189e+03,1.215541431299e+03,5.141628536666e+03,1.487889686134e+03,1.582791330147e+03
557.00000000,5.218474638485e+14,3.349133033953e+03,1.416650968880e+04,3.348734365519e+03,1.416483859136e+04,4.100183171729e+03,4.361703987001e+03
557.50000000,3.232555392571e+14,9.033331063161e+03,3.821011907591e+04,9.033764030460e+03,3.821199157553e+04,1.106057134841e+04,1.176604462003e+04
558.00000000,2.808510221133e+14,2.384725557602e+04,1.008715908697e+05,2.384749017009e+04,1.008726916493e+05,2.919920301276e+04,3.106160746089e+04
558.50000000,1.170015834679e+15,6.162348013940e+04,2.606613770197e+05,6.162354728654e+04,2.606619413379e+05,7.545229300979e+04,8.026484512163e+04
559.00000000,1.151077316222e+15,1.558554138248e+05,6.592533672498e+05,1.558549251763e+05,6.592520092137e+05,1.908298680712e+05,2.030015151869e+05
559.50000000,5.591642774185e+14,3.858671253210e+05,1.632180720811e+06,3.858666104200e+05,1.632180297928e+06,4.724576449731e+05,5.025922763590e+05
560.00000000,5.206401598906e+14,9.350223178696e+05,3.955054215840e+06,9.350206056515e+05,3.955051226226e+06,1.144850416460e+06,1.217872084453e+06
560.50000000,6.254227925369e+14,2.217933958024e+06,9.381646708845e+06,2.217927551950e+06,9.381629699921e+06,2.715660076436e+06,2.888872249514e+06
561.00000000,3.092158120370e+14,5.149184291479e+06,2.178055288194e+07,5.149170943588e+06,2.178051984244e+07,6.304717753989e+06,6.706849770542e+06
561.50000000,1.189803760149e+15,1.170236270401e+07,4.949986547193e+07,1.170233107099e+07,4.949978489486e+07,1.432850028753e+07,1.524241093978e+07
562.00000000,3.212738284544e+14,2.602981586168e+07,1.101036103564e+08,2.602974449631e+07,1.101034268830e+08,3.187118860681e+07,3.390401955095e+07
562.50000000,-2.273467746480e+14,5.667803489262e+07,2.397426206449e+08,5.667787842007e+07,2.397422165782e+08,6.939719735373e+07,7.382353902419e+07
563.00000000,4.775437600813e+14,1.207871090034e+08,5.109178204126e+08,1.207867752134e+08,5.109169579067e+08,1.478930380260e+08,1.573260575419e+08
563.50000000,1.154659530599e+15,2.519836786647e+08,1.065866655350e+09,2.519829819741e+08,1.065864854551e+09,3.085315308263e+08,3.282105095693e+08
564.00000000,6.328932959235e+14,5.145019813722e+08,2.176293754271e+09,5.145005584882e+08,2.176290075794e+09,6.299617661649e+08,6.701424380465e+08
564.50000000,7.870131178843e+14,1.028363442792e+09,4.349878170925e+09,1.028360598824e+09,4.349870818671e+09,1.259139271956e+09,1.339450593464e+09
565.00000000,4.930703986710e+14,2.011734158156e+09,8.509441444664e+09,2.011728594160e+09,8.509427059763e+09,2.463188963166e+09,2.620297843145e+09
565.50000000,9.587989793384e+14,3.852455209197e+09,1.629551394151e+10,3.852444553453e+09,1.629548639143e+10,4.716987636613e+09,5.017849915367e+09
566.00000000,1.041593792935e+15,7.220566786718e+09,3.054230103900e+10,7.220546814301e+09,3.054224939997e+10,8.840939714016e+09,9.404838853382e+09
566.50000000,2.190753910495e+14,1.324785208648e+10,5.603713648765e+10,1.324781544185e+10,5.603704174155e+10,1.622081272721e+10,1.725542020476e+10
567.00000000,3.192231283507e+14,2.378971445008e+10,1.006281974571e+11,2.378964864562e+10,1.006280273169e+11,2.912838250282e+10,3.098626982654e+10
567.50000000,-1.961264647918e+14,4.181868697590e+10,1.768890122342e+11,4.181857130205e+10,1.768887131551e+11,5.120325056781e+10,5.446913291312e+10
568.00000000,6.054541569495e+14,7.194895369750e+10,3.043371342140e+11,7.194875468081e+10,3.043366196486e+11,8.809507353354e+10,9.371401651413e+10
568.50000000,8.433121788892e+14,1.211748531313e+11,5.125579406733e+11,1.211745179513e+11,5.125570740514e+11,1.483677947831e+11,1.578310955739e+11
569.00000000,1.228476641692e+15,1.997455517182e+11,8.449044170608e+11,1.997449992059e+11,8.449029885191e+11,2.445706040542e+11,2.601699812247e+11
569.50000000,1.344183133383e+15,3.223086247215e+11,1.363334393890e+12,3.223077331896e+11,1.363332088800e+12,3.946381501983e+11,4.198092429166e+11
570.00000000,9.553910287414e+14,5.090344686798e+11,2.153166702958e+12,5.090330606488e+11,2.153163062440e+12,6.232672838995e+11,6.630209635257e+11
570.50000000,1.069457237835e+15,7.869529853031e+11,3.328735221296e+12,7.869508085267e+11,3.328729593156e+12,9.635537078241e+11,1.025011779494e+12
571.00000000,2.580921488150e+14,1.190788855104e+12,5.036921998059e+12,1.190785561284e+12,5.036913481758e+12,1.458014694650e+12,1.551010830591e+12
571.50000000,1.339104194631e+15,1.763775039661e+12,7.460598290638e+12,1.763770160913e+12,7.460585676441e+12,2.159585148000e+12,2.297329352319e+12
572.00000000,9.064879818337e+14,2.557053864483e+12,1.081609120293e+13,2.557046791460e+12,1.081607291535e+13,3.130884281835e+12,3.330580582126e+12
572.50000000,9.394273570119e+14,3.628734904733e+12,1.534919863285e+13,3.628724867352e+12,1.534917268080e+13,4.443062085621e+12,4.726452648986e+12
573.00000000,-2.087632052126e+13,5.040371891838e+12,2.132028692709e+13,5.040357949753e+12,2.132025087928e+13,6.171485610823e+12,6.565119719540e+12
573.50000000,3.896414921219e+14,6.853067766627e+12,2.898781563160e+13,6.853048810475e+12,2.898776661972e+13,8.390969956049e+12,8.926168802520e+12
574.00000000,5.391345126906e+14,9.120169587008e+12,3.857743765566e+13,9.120144359864e+12,3.857737242989e+13,1.116683383336e+13,1.187908481479e+13
574.50000000,2.806789740599e+14,1.188044268956e+13,5.025312663386e+13,1.188040982727e+13,5.025304166712e+13,1.454654193821e+13,1.547435987896e+13
575.00000000,6.885626188996e+14,1.514819580351e+13,6.407540711066e+13,1.514815390235e+13,6.407529877355e+13,1.854761403274e+13,1.973063121515e+13
575.50000000,1.355698945975e+15,1.890593245774e+13,7.997027070086e+13,1.890588016237e+13,7.997013548910e+13,2.314862724932e+13,2.462510954709e+13
576.00000000,1.121438903699e+15,2.309599088757e+13,9.769381370169e+13,2.309592700215e+13,9.769364852341e+13,2.827897990248e+13,3.008269002210e+13
576.50000000,-1.718635574462e+14,2.761731912499e+13,1.168185960356e+14,2.761724273320e+13,1.168183985216e+14,3.381494287462e+13,3.597175174353e+13
577.00000000,1.826807432151e+14,3.232436543918e+13,1.367289479206e+14,3.232427602731e+13,1.367287167427e+14,3.957830105947e+13,4.210271256174e+13
577.50000000,6.740542239262e+14,3.703249033690e+13,1.566438621099e+14,3.703238790197e+13,1.566435972603e+14,4.534297987360e+13,4.823507824257e+13
578.00000000,1.004137606430e+15,4.152801349839e+13,1.756594914617e+14,4.152789862847e+13,1.756591944609e+14,5.084734683295e+13,5.409052867171e+13
578.50000000,7.056854583309e+14,4.558294030220e+13,1.928114407187e+14,4.558281421602e+13,1.928111147179e+14,5.581224286832e+13,5.937209925663e+13
579.00000000,9.196516595394e+14,4.897450600373e+13,2.071574364984e+14,4.897437053619e+13,2.071570862418e+14,5.996491242809e+13,6.378963735600e+13
579.50000000,2.922120424012e+14,5.150386173654e+13,2.178563672761e+14,5.150371927260e+13,2.178559989299e+14,6.306188281930e+13,6.708414092748e+13
580.00000000,-3.709595633898e+14,5.301719447004e+13,2.242576187684e+14,5.301704782009e+13,2.242572395991e+14,6.491482371128e+13,6.905526742054e+13
580.50000000,8.698978718457e+14,5.341894452576e+13,2.259569827528e+14,5.341879676454e+13,2.259566007103e+14,6.540673080489e+13,6.957854968419e+13
581.00000000,-5.993554815926e+14,5.268429842874e+13,2.228495006236e+14,5.268415269961e+13,2.228491238352e+14,6.450722221424e+13,6.862166799332e+13
581.50000000,1.188345102259e+15,5.085912263884e+13,2.151291830819e+14,5.085898195830e+13,2.151288193468e+14,6.227245732659e+13,6.624436373343e+13
582.00000000,4.501462328328e+14,4.805775149312e+13,2.032796533453e+14,4.805761856140e+13,2.032793096451e+14,5.884242833519e+13,6.259555817995e+13
582.50000000,4.350691151586e+14,4.444884392581e+13,1.880143224373e+14,4.444872097663e+13,1.880140045473e+14,5.442364305498e+13,5.789493077695e+13
583.00000000,8.122032086649e+14,4.024051160250e+13,1.702134826296e+14,4.024040029391e+13,1.702131948369e+14,4.927091564990e+13,5.241354842758e+13
583.50000000,9.128721989431e+14,3.565907946956e+13,1.508344666151e+14,3.565898083360e+13,1.508342115879e+14,4.366136082099e+13,4.644620096094e+13
584.00000000,1.405331867197e+15,3.093010640300e+13,1.308313666825e+14,3.093002084776e+13,1.308311454761e+14,3.787115528447e+13,4.028668039407e+13
584.50000000,6.195719039791e+14,2.626019842191e+13,1.110781063644e+14,2.626012578403e+13,1.110779185562e+14,3.215326967452e+13,3.420409251505e+13
585.00000000,1.604415777649e+15,2.182316385767e+13,9.230987813733e+13,2.182310349299e+13,9.230972206208e+13,2.672051678335e+13,2.842482389379e+13
585.50000000,-5.338158642060e+13,1.775192158420e+13,7.508891601734e+13,1.775187248092e+13,7.508878905886e+13,2.173564391126e+13,2.312200229528e+13
586.00000000,3.090792415463e+14,1.413434807273e+13,5.978692900141e+13,1.413430897596e+13,5.978682791515e+13,1.730624795573e+13,1.841008743926e+13
586.50000000,1.805121308317e+15,1.101592499686e+13,4.659630018186e+13,1.101589452590e+13,4.659622139799e+13,1.348801716756e+13,1.434831952439e+13
587.00000000,7.262022345410e+14,8.403851894836e+12,3.554748291110e+13,8.403828649087e+12,3.554742280830e+13,1.028976673893e+13,1.094607599971e+13
587.50000000,4.390617055937e+14,6.276014188152e+12,2.654693465507e+13,6.275996828178e+12,2.654688977018e+13,7.684419341797e+12,8.174552471706e+12
588.00000000,7.169648343256e+14,4.588593049602e+12,1.940930600133e+13,4.588580357175e+12,1.940927318456e+13,5.618322732375e+12,5.976674610789e+12
588.50000000,8.281098174402e+14,3.285759949983e+12,1.389844765634e+13,3.285750861300e+12,1.389842415719e+13,4.023119858433e+12,4.279725366345e+12
589.00000000,3.789163021534e+14,2.306365416309e+12,9.755703247624e+12,2.306359036712e+12,9.755686752925e+12,2.823938646891e+12,3.004057121183e+12
589.50000000,6.991137208357e+14,1.590795077219e+12,6.728909734504e+12,1.590790676948e+12,6.728898357431e+12,1.947786619618e+12,2.072021738735e+12
590.00000000,1.316731755017e+15,1.084756200407e+12,4.588414096203e+12,1.084753199881e+12,4.588406338225e+12,1.328187170654e+12,1.412902554615e+12
590.50000000,8.728735942498e+14,7.426166395151e+11,3.141196755131e+12,7.426145853759e+11,3.141191444073e+12,9.092678087013e+11,9.672633783314e+11
591.00000000,1.089824133675e+15,5.286327428156e+11,2.236065512177e+12,5.286312805734e+11,2.236061731491e+12,6.472636217536e+11,6.885478529616e+11
591.50000000,3.224852230510e+14,4.179782779465e+11,1.768007799096e+12,4.179771217834e+11,1.768004809789e+12,5.117771036226e+11,5.444196368391e+11
592.00000000,1.060860266991e+15,3.967985896958e+11,1.678419760708e+12,3.967974921176e+11,1.678416922876e+12,4.858444653002e+11,5.168329444338e+11
592.50000000,6.546765048138e+14,4.625400406448e+11,1.956499757049e+12,4.625387612205e+11,1.956496449046e+12,5.663390056371e+11,6.024616451074e+11
593.00000000,3.588141372446e+14,6.240079599587e+11,2.639493481156e+12,6.240062339006e+11,2.639489018364e+12,7.640420644673e+11,8.127747418216e+11
593.50000000,1.609266944243e+15,9.019801900017e+11,3.815289202078e+12,9.019776950496e+11,3.815282751280e+12,1.104394255681e+12,1.174835519896e+12
594.00000000,3.051435543309e+14,1.329541566704e+12,5.623832584563e+12,1.329537889083e+12,5.623823075926e+12,1.627905008597e+12,1.731737210038e+12
594.50000000,3.095244787962e+14,1.952918641023e+12,8.260657480315e+12,1.952913239089e+12,8.260643513400e+12,2.391174609894e+12,2.543690218892e+12
595.00000000,4.016289743555e+13,2.831263804136e+12,1.197597279840e+13,2.831255972625e+12,1.197595254972e+13,3.466629884190e+12,3.687740950596e+12
595.50000000,1.008870967937e+15,4.036627760566e+12,1.707454606921e+13,4.036616594917e+12,1.707451719998e+13,4.942490489833e+12,5.257735952837e+12
596.00000000,8.145341761510e+14,5.651489131405e+12,2.390525390438e+13,5.651473498915e+12,2.390521348595e+13,6.919744138463e+12,7.361104207702e+12
596.50000000,4.310104556250e+13,7.766212763623e+12,3.285033089035e+13,7.766191281636e+12,3.285027534782e+13,9.509034521622e+12,1.011554656179e+13
597.00000000,9.494959251991e+13,1.047250863914e+13,4.429770140464e+13,1.047247967132e+13,4.429762650718e+13,1.282265232856e+13,1.364051590939e+13
597.50000000,-6.398664724679e+13,1.385716094423e+13,5.861445418429e+13,1.385712261418e+13,5.861435508042e+13,1.696685705129e+13,1.804904926145e+13
598.00000000,7.352435742887e+14,1.799086786542e+13,7.609963573903e+13,1.799081810119e+13,7.609950707165e+13,2.202821231057e+13,2.343323150146e+13
598.50000000,1.335478012947e+15,2.291887011369e+13,9.694460991258e+13,2.291880671820e+13,9.694444600103e+13,2.806211131999e+13,2.985198897259e+13
599.00000000,5.800195544304e+14,2.864739796941e+13,1.211757301900e+14,2.864731872834e+13,1.211755253090e+14,3.507618250193e+13,3.731343665872e+13
599.50000000,5.628104750996e+14,3.513466480174e+13,1.486162431533e+14,3.513456761635e+13,1.486159918766e+14,4.301926185568e+13,4.576314718024e+13
600.00000000,6.453703912076e+14,4.228036619587e+13,1.788418708028e+14,4.228024924487e+13,1.788415684214e+14,5.176853557583e+13,5.507047333378e+13
600.50000000,2.059080579207e+15,4.992269289187e+13,2.111681755768e+14,4.992255480158e+13,2.111678185388e+14,6.112588266246e+13,6.502465742411e+13
601.00000000,6.928296309510e+14,5.783773792989e+13,2.446480526320e+14,5.783757794592e+13,2.446476389871e+14,7.081714902322e+13,7.533405906653e+13
601.50000000,8.594723588131e+14,6.574750326519e+13,2.781055970540e+14,6.574732140216e+13,2.781051268399e+14,8.050195085914e+13,8.563658385916e+13
602.00000000,1.384911173593e+15,7.333355066314e+13,3.101938458256e+14,7.333334781647e+13,3.101933213575e+14,8.979038896730e+13,9.551746376928e+13
602.50000000,2.178980713376e+15,8.025639249021e+13,3.394767990027e+14,8.025617049439e+13,3.394762250238e+14,9.826679103417e+13,1.045345137746e+14
603.00000000,1.558135699432e+15,8.618131912381e+13,3.645386671666e+14,8.618108073915e+13,3.645380508137e+14,1.055213349942e+14,1.122517722456e+14
603.50000000,9.651888644246e+14,9.080284343195e+13,3.840872692152e+14,9.080259226377e+13,3.840866198099e+14,1.111799791141e+14,1.182713400514e+14
604.00000000,1.341877125723e+15,9.387354643631e+13,3.970760467351e+14,9.387328677431e+13,3.970753753688e+14,1.149397809329e+14,1.222709522387e+14
604.50000000,1.789510826722e+15,9.522258759887e+13,4.027823607293e+14,9.522232420532e+13,4.027816797148e+14,1.165915614567e+14,1.240280878090e+14
605.00000000,4.264577694061e+14,9.477536183427e+13,4.008906388827e+14,9.477509967777e+13,4.008899610668e+14,1.160439734155e+14,1.234455731158e+14
605.50000000,2.284262382164e+15,9.255631193611e+13,3.915042718548e+14,9.255605591769e+13,3.915036099090e+14,1.133269448291e+14,1.205552450690e+14
606.00000000,9.376506507098e+14,8.869093036410e+13,3.751540806454e+14,8.869068503765e+13,3.751534463441e+14,1.085941300162e+14,1.155205584771e+14
606.50000000,8.936752781268e+14,8.339037968708e+13,3.527332625528e+14,8.339014902239e+13,3.527326661602e+14,1.021040786996e+14,1.086165540662e+14
607.00000000,1.173456475146e+15,7.693611387489e+13,3.254323407216e+14,7.693590106324e+13,3.254317904886e+14,9.420140615026e+13,1.002098276047e+14
607.50000000,1.192362979273e+15,6.965293338637e+13,2.946251897634e+14,6.965274072060e+13,2.946246916185e+14,8.528380154678e+13,9.072343396705e+13
608.00000000,6.639751497128e+14,6.188487327812e+13,2.617670447835e+14,6.188470209944e+13,2.617666021943e+14,7.577250511651e+13,8.060548122595e+13
608.50000000,5.524069790894e+14,5.396863515968e+13,2.282821211132e+14,5.396848587798e+13,2.282817351394e+14,6.607977793523e+13,7.029452558792e+13
609.00000000,5.486162054343e+14,4.621237354268e+13,1.954738826132e+14,4.621224571544e+13,1.954735521108e+14,5.658292770468e+13,6.019194046436e+13
609.50000000,-2.359500690274e+12,3.888001140458e+13,1.644586980212e+14,3.887990385925e+13,1.644584199585e+14,4.760510455994e+13,5.064148738339e+13
610.00000000,2.948422449577e+14,3.218104612287e+13,1.361227210366e+14,3.218095710744e+13,1.361224908837e+14,3.940281934555e+13,4.191603814766e+13
610.50000000,4.339965132343e+14,2.626970506289e+13,1.111183185387e+14,2.626963239871e+13,1.111181306626e+14,3.216490970809e+13,3.421647498156e+13
611.00000000,1.338790036473e+15,2.124694304940e+13,8.987251969845e+13,2.124688427859e+13,8.987236774422e+13,2.601498582190e+13,2.767429225200e+13
611.50000000,5.988807458565e+14,1.717115848666e+13,7.263234413296e+13,1.717111098981e+13,7.263222132799e+13,2.102455132192e+13,2.236555428988e+13
612.00000000,2.883823288921e+14,1.406754116931e+13,5.950434224388e+13,1.406750225733e+13,5.950424163541e+13,1.722444886391e+13,1.832307097927e+13
612.50000000,4.022977239720e+14,1.194290398930e+13,5.051733190698e+13,1.194287095424e+13,5.051724649353e+13,1.462302022610e+13,1.555571615969e+13
613.00000000,1.566623893481e+15,1.079508171046e+13,4.566215438213e+13,1.079505185037e+13,4.566207717769e+13,1.321761427002e+13,1.406066959586e+13
613.50000000,2.242183705225e+14,1.062435297834e+13,4.493998831310e+13,1.062432359050e+13,4.493991232968e+13,1.300857217228e+13,1.383829422555e+13
614.00000000,2.492928904191e+14,1.143668230919e+13,4.837606302836e+13,1.143665067438e+13,4.837598123531e+13,1.400319695080e+13,1.489635887299e+13
614.50000000,8.838495175524e+14,1.324701022522e+13,5.603357549573e+13,1.324697358290e+13,5.603348075555e+13,1.621978194183e+13,1.725432367309e+13
615.00000000,1.528372008615e+15,1.607341054223e+13,6.798897621270e+13,1.607336608185e+13,6.798886125863e+13,1.968045692003e+13,2.093572989762e+13
615.50000000,2.434056194315e+14,1.993156691469e+13,8.430860552490e+13,1.993151178233e+13,8.430846297800e+13,2.440442512076e+13,2.596100561644e+13
616.00000000,1.504149529190e+15,2.482114260708e+13,1.049910390736e+14,2.482107394975e+13,1.049908615573e+14,3.039127424145e+13,3.232971222919e+13
616.50000000,6.795057393529e+14,3.071492776994e+13,1.299211818200e+14,3.071484280991e+13,1.299209621525e+14,3.760768824947e+13,4.000640871623e+13
617.00000000,1.405406068643e+15,3.754294426792e+13,1.588030330016e+14,3.754284042103e+13,1.588027645014e+14,4.596798516247e+13,4.889994806574e+13
617.50000000,5.305871353000e+14,4.518303188373e+13,1.911198666822e+14,4.518290690372e+13,1.911195435415e+14,5.532259069519e+13,5.885121573841e+13
618.00000000,1.204384418846e+15,5.345102293282e+13,2.260926713205e+14,5.345087508287e+13,2.260922890486e+14,6.544600795187e+13,6.962033203424e+13
618.50000000,2.270272762877e+15,6.210037047924e+13,2.626785771582e+14,6.210019870447e+13,2.626781330277e+14,7.603636220968e+13,8.088616784092e+13
619.00000000,1.097909691286e+15,7.082611610263e+13,2.995876394924e+14,7.082592019173e+13,2.995871329570e+14,8.672025909547e+13,9.225151267839e+13
619.50000000,1.290701769628e+15,7.927800764811e+13,3.353383254920e+14,7.927778835858e+13,3.353377585103e+14,9.706884609986e+13,1.032601606598e+14
620.00000000,7.322427640934e+14,8.708077217654e+13,3.683432668218e+14,8.708053130392e+13,3.683426440362e+14,1.066226349958e+14,1.134233161515e+14
620.50000000,-1.532483403890e+14,9.385830884857e+13,3.970115932087e+14,9.385804922872e+13,3.970109219514e+14,1.149211238665e+14,1.222511051738e+14
621.00000000,1.771240348103e+15,9.926456209125e+13,4.198795229583e+14,9.926428751726e+13,4.198788130364e+14,1.215405985425e+14,1.292927879175e+14
621.50000000,1.578380836945e+15,1.030090699146e+14,4.357184298698e+14,1.030087849830e+14,4.357176931679e+14,1.261254142361e+14,1.341700356044e+14
622.00000000,1.020884328477e+15,1.048860318990e+14,4.436577980193e+14,1.048857417756e+14,4.436570478937e+14,1.284235866979e+14,1.366147917457e+14
622.50000000,6.962038715161e+14,1.047885810527e+14,4.432455903390e+14,1.047882911988e+14,4.432448409103e+14,1.283042668324e+14,1.364878613353e+14
623.00000000,1.299288615152e+15,1.027231805450e+14,4.345091454125e+14,1.027228964042e+14,4.345084107552e+14,1.257753682140e+14,1.337976626967e+14
623.50000000,4.652171240183e+14,9.880430182409e+13,4.179326664232e+14,9.880402852322e+13,4.179319597930e+14,1.209770509160e+14,1.286932956933e+14
624.00000000,1.147868955825e+15,9.324816859501e+13,3.944307587880e+14,9.324791066286e+13,3.944300918942e+14,1.141740615710e+14,1.214563932168e+14
624.50000000,1.294636965946e+15,8.634911585820e+13,3.652484311681e+14,8.634887700940e+13,3.652478136151e+14,1.057267871224e+14,1.124703286683e+14
625.00000000,1.174161515927e+15,7.845697423268e+13,3.318654333385e+14,7.845675721420e+13,3.318648722287e+14,9.606356394647e+13,1.021907588812e+14
625.50000000,9.107189034461e+14,6.994541044331e+13,2.958623395031e+14,6.994521696852e+13,2.958618392663e+14,8.564191360421e+13,9.110438738384e+13
626.00000000,9.056620769784e+14,6.118454995477e+13,2.588047446763e+14,6.118438071325e+13,2.588043070957e+14,7.491502169947e+13,7.969330518838e+13
626.50000000,1.048509908384e+15,5.251454871182e+13,2.221314756944e+14,5.251440345223e+13,2.221311001200e+14,6.429937883325e+13,6.840056779717e+13
627.00000000,6.969672063059e+14,4.422531677079e+13,1.870688241321e+14,4.422519443990e+13,1.870685078408e+14,5.414995399980e+13,5.760378509071e+13
627.50000000,1.862308940038e+15,3.654427413357e+13,1.545787546613e+14,3.654417304908e+13,1.545784933033e+14,4.474520269792e+13,4.759917321557e+13
628.00000000,1.637677381075e+15,2.962919011229e+13,1.253286162543e+14,2.962910815550e+13,1.253284043518e+14,3.627829937199e+13,3.859222780667e+13
628.50000000,1.096819118487e+15,2.357111116444e+13,9.970352664455e+13,2.357104596480e+13,9.970335806830e+13,2.886072228480e+13,3.070153751308e+13
629.00000000,1.147243518533e+15,1.839893370214e+13,7.782571486786e+13,1.839888280917e+13,7.782558328207e+13,2.252785251443e+13,2.396474011412e+13
629.50000000,3.678447249364e+14,1.409200355503e+13,5.960781577594e+13,1.409196457538e+13,5.960771499252e+13,1.725440087236e+13,1.835493340814e+13
630.00000000,2.065773430352e+15,1.059051354179e+13,4.479685076054e+13,1.059048424756e+13,4.479677501914e+13,1.296713880185e+13,1.379421812225e+13
630.50000000,5.849954571607e+14,7.810269479754e+12,3.303668655003e+13,7.810247875903e+12,3.303663069243e+13,9.562978039179e+12,1.017293074336e+13
631.00000000,2.634284803778e+14,5.652816004582e+12,2.391086644994e+13,5.652800368427e+12,2.391082602204e+13,6.921368776259e+12,7.362832469308e+12
631.50000000,1.227079093069e+15,4.016902712944e+12,1.699111102037e+13,4.016891601861e+12,1.699108229223e+13,4.918338929150e+12,5.232043940040e+12
632.00000000,1.686156564646e+14,2.804913702729e+12,1.186451441108e+13,2.804905944106e+12,1.186449435085e+13,3.434366536330e+12,3.653419758809e+12
632.50000000,3.029592043237e+14,1.929151192492e+12,8.160123465547e+12,1.929145856300e+12,8.160109668612e+12,2.362073490026e+12,2.512732950584e+12
633.00000000,1.054742096388e+15,1.314200799057e+12,5.558942617128e+12,1.314197163869e+12,5.558933218206e+12,1.609121607527e+12,1.711755752648e+12
633.50000000,-9.488297530005e+13,8.989545657888e+11,3.802491103498e+12,8.989520792062e+11,3.802484674341e+12,1.100689648822e+12,1.170894623152e+12
634.00000000,1.060292925371e+15,6.363553359324e+11,2.691721690543e+12,6.363535757211e+11,2.691717139448e+12,7.791603245479e+11,8.288572855784e+11
634.50000000,2.940536177468e+14,4.931911241239e+11,2.086150883677e+12,4.931897599164e+11,2.086147356464e+12,6.038685222511e+11,6.423848961890e+11
635.00000000,1.424406671502e+15,4.489719104299e+11,1.899107874971e+12,4.489706685366e+11,1.899104664007e+12,5.497260409229e+11,5.847890603971e+11
635.50000000,7.654597717865e+14,4.952686351460e+11,2.094938554911e+12,4.952672651921e+11,2.094935012842e+12,6.064122491119e+11,6.450908688556e+11
636.00000000,1.999149010836e+15,6.348500133896e+11,2.685354321385e+12,6.348482573423e+11,2.685349781056e+12,7.773171914154e+11,8.268965924104e+11
636.50000000,-3.634476137570e+14,8.814624752162e+11,3.728501247597e+12,8.814600370185e+11,3.728494943542e+12,1.079272144796e+12,1.148111052568e+12
637.00000000,4.256785439725e+14,1.259434484861e+12,5.327286390632e+12,1.259431001161e+12,5.327277383387e+12,1.542065142787e+12,1.640422244520e+12
637.50000000,1.455354059798e+15,1.803859972186e+12,7.630153688775e+12,1.803854982560e+12,7.630140787899e+12,2.208665570952e+12,2.349540257908e+12
638.00000000,1.572533629798e+15,2.560038609643e+12,1.082871638706e+13,2.560031528364e+12,1.082869807813e+13,3.134538835944e+12,3.334468233618e+12
638.50000000,4.842213015972e+14,3.583299745808e+12,1.515701229310e+13,3.583289834104e+12,1.515698666600e+13,4.387430787863e+12,4.667273036010e+12
639.00000000,8.207927617359e+14,4.937086330358e+12,2.088339896457e+13,4.937072673968e+12,2.088336365543e+13,6.045021657337e+12,6.430589551733e+12
639.50000000,7.413319850837e+14,6.691306626309e+12,2.830358161093e+13,6.691288117601e+12,2.830353375593e+13,8.192907874266e+12,8.715473783394e+12
640.00000000,1.100845152590e+15,8.917815081036e+12,3.772149761376e+13,8.917790413621e+12,3.772143383518e+13,1.091906879762e+13,1.161551665235e+13
640.50000000,1.598770876346e+15,1.168643262795e+13,4.943248278673e+13,1.168640030231e+13,4.943239920751e+13,1.430899393000e+13,1.522166041380e+13
641.00000000,1.530857577703e+15,1.505731408113e+13,6.369098619109e+13,1.505727243135e+13,6.369087850394e+13,1.843633747339e+13,1.961225713471e+13
641.50000000,1.066656687236e+15,1.907482015900e+13,8.068464938689e+13,1.907476739647e+13,8.068451296728e+13,2.335541516904e+13,2.484508696179e+13
642.00000000,7.539020366724e+14,2.375786919802e+13,1.004934951126e+14,2.375780348179e+13,1.004933252007e+14,2.908939083181e+13,3.094479116089e+13
642.50000000,1.184227480061e+15,2.909349721279e+13,1.230626869604e+14,2.909341673777e+13,1.230624788891e+14,3.562239121839e+13,3.789448405014e+13
643.00000000,2.452539813123e+14,3.502828593171e+13,1.481662707939e+14,3.502818904057e+13,1.481660202781e+14,4.288901042189e+13,4.562458795635e+13
643.50000000,1.084666140600e+15,4.146492520457e+13,1.753926340640e+14,4.146481050916e+13,1.753923375145e+14,5.077010084676e+13,5.400835572679e+13
644.00000000,1.398235734530e+15,4.825905580489e+13,2.041311511670e+14,4.825892231635e+13,2.041308060271e+14,5.908890750183e+13,6.285775845707e+13
644.50000000,1.312540103854e+15,5.522226694111e+13,2.335848626280e+14,5.522211419175e+13,2.335844676885e+14,6.761473818546e+13,7.192738977054e+13
645.00000000,1.426683989213e+15,6.212792857178e+13,2.627951452315e+14,6.212775672079e+13,2.627947009040e+14,7.607010463489e+13,8.092206244963e+13
645.50000000,1.843617261920e+15,6.872200413538e+13,2.906874488257e+14,6.872181404463e+13,2.906869573385e+14,8.414396174915e+13,8.951089209230e+13
646.00000000,3.546710350209e+13,7.473826164857e+13,3.161356378008e+14,7.473805491635e+13,3.161351032865e+14,9.151033222149e+13,9.734710967411e+13
646.50000000,1.264335831664e+15,7.991450808572e+13,3.380306609486e+14,7.991428703558e+13,3.380300894147e+14,9.784818408846e+13,1.040892069413e+14
647.00000000,4.700533443850e+14,8.401313168759e+13,3.553674434467e+14,8.401289930032e+13,3.553668426002e+14,1.028665829538e+14,1.094276929120e+14
647.50000000,1.766364918818e+15,8.683677333063e+13,3.673111752388e+14,8.683653313293e+13,3.673105541982e+14,1.063238801819e+14,1.131055059443e+14
648.00000000,1.473216332634e+15,8.824689282806e+13,3.732758446981e+14,8.824664872986e+13,3.732752135726e+14,1.080504456764e+14,1.149421964740e+14
648.50000000,1.211028477616e+15,8.817185150110e+13,3.729584271233e+14,8.817160761047e+13,3.729577965344e+14,1.079585642678e+14,1.148444546196e+14
649.00000000,8.751668349952e+14,8.661632309097e+13,3.663786919889e+14,8.661608350305e+13,3.663780725248e+14,1.060539585350e+14,1.128183679619e+14
649.50000000,6.652634963397e+13,8.365742249317e+13,3.538628278646e+14,8.365719108982e+13,3.538622295621e+14,1.024310487865e+14,1.089643791929e+14
650.00000000,2.239423297186e+15,7.944162942867e+13,3.360304298414e+14,7.944140968655e+13,3.360298616895e+14,9.726918636959e+13,1.034732791759e+14
650.50000000,8.478144409803e+14,7.416982247874e+13,3.137311949419e+14,7.416961731887e+13,3.137306644930e+14,9.081432918192e+13,9.660671367094e+13
651.00000000,1.098842604646e+15,6.808393450131e+13,2.879884758194e+14,6.808374617552e+13,2.879879888956e+14,8.336270241951e+13,8.867980192139e+13
651.50000000,1.974015512464e+15,6.144665989914e+13,2.599134444588e+14,6.144648993260e+13,2.599130050036e+14,7.523595193733e+13,8.003470522817e+13
652.00000000,1.073333334950e+15,5.452420739174e+13,2.306321380664e+14,5.452405657327e+13,2.306317481193e+14,6.676002655766e+13,7.101816231445e+13
652.50000000,1.721069826132e+15,4.756832278597e+13,2.012094171225e+14,4.756819120805e+13,2.012090769226e+14,5.824316655679e+13,6.195807385824e+13
653.00000000,1.567005289748e+15,4.080213092099e+13,1.725890781751e+14,4.080201805892e+13,1.725887863658e+14,4.995856839006e+13,5.314506152658e+13
653.50000000,1.269660956669e+15,3.441019512759e+13,1.455518063113e+14,3.441009994615e+13,1.455515602159e+14,4.213221338675e+13,4.481952035149e+13
654.00000000,1.248548640686e+15,2.853171362969e+13,1.206863965914e+14,2.853163470861e+13,1.206861925379e+14,3.493453735088e+13,3.716275699534e+13
654.50000000,1.738009467620e+15,2.326013965836e+13,9.838814716897e+13,2.326007531889e+13,9.838798081673e+13,2.847996542472e+13,3.029649494665e+13
655.00000000,4.909643776463e+14,1.864396116662e+13,7.886215740820e+13,1.864390959589e+13,7.886202407002e+13,2.282786678000e+13,2.428389010413e+13
655.50000000,7.416230626905e+14,1.469346682616e+13,6.215194739792e+13,1.469342618282e+13,6.215184231294e+13,1.799083897710e+13,1.913834353474e+13
656.00000000,1.907585713887e+15,1.138631532740e+13,4.816301555360e+13,1.138628383191e+13,4.816293412077e+13,1.394152707603e+13,1.483075552617e+13
656.50000000,8.155897241192e+14,8.677185338351e+12,3.670365701245e+13,8.677161336539e+12,3.670359495481e+13,1.062443914997e+13,1.130209472582e+13
657.00000000,6.406026120300e+14,6.504496291263e+12,2.751339191271e+13,6.504478299288e+12,2.751334539375e+13,7.964175288767e+12,8.472152012550e+12
657.50000000,1.969793139856e+15,4.799168363157e+12,2.030001926636e+13,4.799155088260e+12,2.029998494359e+13,5.876153413420e+12,6.250950432718e+12
658.00000000,1.542338162079e+15,3.489857124699e+12,1.476175901894e+13,3.489847471466e+12,1.476173406012e+13,4.273018636536e+12,4.545563367026e+12
658.50000000,1.088778767478e+15,2.508858269307e+12,1.061222848410e+13,2.508851329598e+12,1.061221054121e+13,3.071873076207e+12,3.267805481579e+12
659.00000000,1.588937937080e+15,1.794909336737e+12,7.592293364170e+12,1.794904371870e+12,7.592280527310e+12,2.197706316538e+12,2.337881992491e+12
659.50000000,1.062617817799e+15,1.296104863308e+12,5.482398554375e+12,1.296101278175e+12,5.482389284871e+12,1.586964748964e+12,1.688185669488e+12
660.00000000,1.130937529064e+15,9.706473491642e+11,4.105744661959e+12,9.706446642733e+11,4.105737720067e+12,1.188471064655e+12,1.264274976026e+12
660.50000000,4.568189632471e+14,7.876923153981e+11,3.331862516285e+12,7.876901365757e+11,3.331856882853e+12,9.644589515514e+11,1.025974762124e+12
661.00000000,3.970273310872e+14,7.269503242726e+11,3.074929752769e+12,7.269483134676e+11,3.074924553753e+12,8.900858036468e+11,9.468578929127e+11
661.50000000,1.604472842879e+15,7.785465152194e+11,3.293176663699e+12,7.785443616952e+11,3.293171095677e+12,9.532607353444e+11,1.014062293283e+12
662.00000000,1.691121619632e+15,9.421977808854e+11,3.985405732278e+12,9.421951746886e+11,3.985398993854e+12,1.153637106955e+12,1.227219213925e+12
662.50000000,2.728947615227e+15,1.226765834331e+12,5.189101149986e+12,1.226762440996e+12,5.189092376383e+12,1.502065295358e+12,1.597871098216e+12
663.00000000,1.457205344946e+15,1.649220221908e+12,6.976042461069e+12,1.649215660029e+12,6.976030666149e+12,2.019322995804e+12,2.148120899224e+12
663.50000000,9.309263494955e+14,2.233996845315e+12,9.449591172717e+12,2.233990665894e+12,9.449575195580e+12,2.735329789415e+12,2.909796550193e+12
664.00000000,1.341500393379e+14,3.011462401500e+12,1.273819548397e+13,3.011454071546e+12,1.273817394654e+13,3.687266986884e+12,3.922450886760e+12
664.50000000,1.763135454102e+15,4.016776323416e+12,1.699057640486e+13,4.016765212680e+12,1.699054767761e+13,4.918184176451e+12,5.231879316793e+12
665.00000000,1.590688609086e+15,5.287348928692e+12,2.236497597050e+13,5.287334303447e+12,2.236493815635e+13,6.473886953791e+12,6.886809041226e+12
665.50000000,1.290388830811e+15,6.860833870109e+12,2.902066550024e+13,6.860814892475e+12,2.902061643281e+13,8.400478856765e+12,8.936284206741e+12
666.00000000,1.908512323893e+15,8.771268388347e+12,3.710161923903e+13,8.771244126292e+12,3.710155650853e+13,1.073963544932e+13,1.142463855791e+13
666.50000000,2.443758719803e+14,1.104616483139e+13,4.672421176513e+13,1.104613427679e+13,4.672413276499e+13,1.352504314654e+13,1.438770712083e+13
667.00000000,1.723376341003e+15,1.370164917266e+13,5.795665439062e+13,1.370161127276e+13,5.795655639894e+13,1.677644676388e+13,1.784649408892e+13
667.50000000,6.500429624767e+14,1.673928145000e+13,7.080554592516e+13,1.673923514777e+13,7.080542620890e+13,2.049575642851e+13,2.180303142240e+13
668.00000000,1.185845471052e+15,2.014137171329e+13,8.519605958596e+13,2.014131600059e+13,8.519591553858e+13,2.466131237499e+13,2.623427783723e+13
668.50000000,6.216025608461e+14,2.386883698109e+13,1.009628781315e+14,2.386877095792e+13,1.009627074259e+14,2.922526098013e+13,3.108932747617e+13
669.00000000,1.093861094540e+15,2.785854408837e+13,1.178389543631e+14,2.785846702934e+13,1.178387551239e+14,3.411030131690e+13,3.628594894920e+13
669.50000000,2.052523759977e+15,3.202374772629e+13,1.354573639915e+14,3.202365914595e+13,1.354571349635e+14,3.921022149524e+13,4.171115588352e+13
670.00000000,2.380658074497e+15,3.625527217178e+13,1.533563042389e+14,3.625517188670e+13,1.533560449479e+14,4.439134558441e+13,4.722274613459e+13
670.50000000,4.621218850475e+14,4.042549067956e+13,1.709959262832e+14,4.042537885931e+13,1.709956371675e+14,4.949740602341e+13,5.265448497207e+13
671.00000000,1.317310771086e+15,4.439412499424e+13,1.877828666347e+14,4.439400219642e+13,1.877825491361e+14,5.435664460605e+13,5.782365898502e+13
671.50000000,1.247751594714e+15,4.801533055928e+13,2.031002168869e+14,4.801519774490e+13,2.030998734901e+14,5.879048768708e+13,6.254030461628e+13
672.00000000,1.244131639750e+15,5.114710781166e+13,2.163473325850e+14,5.114696633453e+13,2.163469667903e+14,6.262506947274e+13,6.661946643966e+13
672.50000000,8.809177447825e+14,5.365940951253e+13,2.269741264524e+14,5.365926108616e+13,2.269737426902e+14,6.570115872362e+13,6.989175701498e+13
673.00000000,1.578378933664e+15,5.544442127438e+13,2.345245540295e+14,5.544426791052e+13,2.345241575012e+14,6.788674634291e+13,7.221674734681e+13
673.50000000,2.407954239228e+14,5.642261053609e+13,2.386622002541e+14,5.642245446649e+13,2.386617967300e+14,6.908445180650e+13,7.349084571680e+13
674.00000000,1.989742987666e+15,5.655041729858e+13,2.392028105317e+14,5.655026087545e+13,2.392024060935e+14,6.924093978250e+13,7.365731492080e+13
674.50000000,1.272027968638e+15,5.582153559361e+13,2.361197112249e+14,5.582138118663e+13,2.361193119995e+14,6.834848917553e+13,7.270794139099e+13
675.00000000,6.373352093435e+14,5.426939238144e+13,2.295542951513e+14,5.426924226781e+13,2.295539070266e+14,6.644802831562e+13,7.068626397741e+13
675.50000000,9.094290964972e+14,5.196269841512e+13,2.197972021688e+14,5.196255468200e+13,2.197968305411e+14,6.362368738856e+13,6.768177891754e+13
676.00000000,2.280612218114e+15,4.900216750948e+13,2.072744419997e+14,4.900203196544e+13,2.072740915452e+14,5.999878147356e+13,6.382566666115e+13
676.50000000,1.158799677305e+15,4.551168554570e+13,1.925100399717e+14,4.551155965661e+13,1.925097144805e+14,5.572499777732e+13,5.927928943683e+13
677.00000000,1.268001515908e+15,4.163099667317e+13,1.760951003576e+14,4.163088151839e+13,1.760948026203e+14,5.097344054089e+13,5.422466497872e+13
677.50000000,9.115607155689e+14,3.750554182138e+13,1.586448242604e+14,3.750543807795e+13,1.586445560277e+14,4.592218920424e+13,4.885123111694e+13
678.00000000,5.009855101981e+14,3.327817575249e+13,1.407634735449e+14,3.327808370230e+13,1.407632355455e+14,4.074615667614e+13,4.334505718054e+13
678.50000000,1.288666062838e+15,2.908099461695e+13,1.230098021859e+14,2.908091417651e+13,1.230095942040e+14,3.560708290543e+13,3.787819933142e+13
679.00000000,1.121422680643e+15,2.502899412911e+13,1.058702309632e+14,2.502892489685e+13,1.058700519604e+14,3.064576988284e+13,3.260044029358e+13
679.50000000,7.714712017091e+14,2.121604083769e+13,8.974180632363e+13,2.121598215236e+13,8.974165459040e+13,2.597714882197e+13,2.763404190548e+13
680.00000000,1.614432437886e+15,1.771203500589e+13,7.492019963839e+13,1.771198601294e+13,7.492007296518e+13,2.168680647192e+13,2.307004987146e+13
680.50000000,1.183261820682e+15,1.456333395383e+13,6.160149790007e+13,1.456329367045e+13,6.160139374582e+13,1.783151408655e+13,1.896885647009e+13
681.00000000,1.374009663682e+15,1.179353662630e+13,4.988552236890e+13,1.179350400483e+13,4.988543802551e+13,1.444083271858e+13,1.536190823828e+13
681.50000000,1.312574851392e+15,9.416206811681e+12,3.982964656139e+13,9.416180783182e+12,3.982957929247e+13,1.155779208729e+13,1.229497944766e+13
682.00000000,7.833631451105e+14,7.663649441865e+12,3.241649793218e+13,7.663628709360e+12,3.241644509340e+13,1.014128544889e+13,1.078812416984e+13
682.50000000,1.538232179318e+15,1.050725676695e+13,4.444468263359e+13,1.050723580708e+13,4.444464176708e+13,2.605051689381e+13,2.771208959214e+13
683.00000000,1.625347242614e+15,5.892774058329e+13,2.492586587183e+14,5.892766988628e+13,2.492586277069e+14,2.223271162445e+14,2.365077433682e+14
683.50000000,3.963887846859e+15,4.104594932211e+14,1.736204064941e+15,4.104590465626e+14,1.736204042575e+15,1.623096365190e+15,1.726621858299e+15
684.00000000,1.392587353395e+16,1.994079899779e+15,8.434765634592e+15,1.994077752607e+15,8.434765622242e+15,7.922314161605e+15,8.427620869040e+15
684.50000000,3.583669623019e+16,6.391213496960e+15,2.703421661964e+16,6.391206625190e+15,2.703421662286e+16,2.540822648436e+16,2.702883215648e+16
685.00000000,6.367861867333e+16,1.345135373469e+16,5.689792883057e+16,1.345133927606e+16,5.689792885481e+16,5.348248103293e+16,5.689373888573e+16
685.50000000,7.745201756885e+16,1.858421903297e+16,7.860945394535e+16,1.858419905855e+16,7.860945398493e+16,7.389305774340e+16,7.860615759641e+16
686.00000000,6.754915572623e+16,1.685502143991e+16,7.129511491860e+16,1.685500332435e+16,7.129511495584e+16,6.701808127911e+16,7.129267646669e+16
686.50000000,3.798892547628e+16,1.003451784120e+16,4.244504257628e+16,1.003450705614e+16,4.244504259806e+16,3.989858834441e+16,4.244342863934e+16
687.00000000,1.538120771824e+16,3.920689501981e+15,1.658413841837e+16,3.920685287836e+15,1.658413842601e+16,1.558885613390e+16,1.658315570408e+16
687.50000000,4.266186437914e+15,1.005080927639e+15,4.251395377574e+15,1.005079847132e+15,4.251395378700e+15,3.995930700751e+15,4.250802010364e+15
688.00000000,2.301787913593e+15,1.690258782403e+14,7.149631613536e+14,1.690256963738e+14,7.149631608825e+14,6.717472422551e+14,7.145931052552e+14
688.50000000,1.737657690453e+14,1.868461086615e+13,7.903410171627e+13,1.868459064989e+13,7.903410118956e+13,7.407432764940e+13,7.879898938919e+13
689.00000000,1.895625963625e+15,1.392888186505e+12,5.891782676141e+12,1.392886603576e+12,5.891782315992e+12,5.398619995233e+12,5.742958636549e+12
689.50000000,1.587344200186e+15,9.511739681837e+10,4.023374138741e+11,9.511724086296e+10,4.023371868346e+11,2.907920633475e+11,3.093395706896e+11
690.00000000,8.396409321097e+14,2.151085120611e+10,9.098882574574e+10,2.151079501061e+10,9.098868588518e+10,3.171728382926e+10,3.374029830882e+10
690.50000000,1.114614653973e+15,1.189672381123e+10,5.032199420809e+10,1.189669096957e+10,5.032190940267e+10,1.467481895473e+10,1.561081875188e+10
691.00000000,1.898187856031e+15,7.080946245459e+09,2.995171961675e+10,7.080926659120e+09,2.995166897574e+10,8.671407957925e+09,9.224493901584e+09
691.50000000,1.929363300139e+15,4.164247580059e+09,1.761436559593e+10,4.164236060865e+09,1.761433581171e+10,5.098761671386e+09,5.423974534648e+09
692.00000000,1.723935653082e+15,2.412004197658e+09,1.020254510321e+10,2.411997525601e+09,1.020252785192e+10,2.953283976330e+09,3.141652446926e+09
692.50000000,9.218676068724e+14,1.376021689991e+09,5.820439022767e+09,1.376017883720e+09,5.820429181370e+09,1.684815771942e+09,1.792277896390e+09
693.00000000,1.334759328597e+15,7.731032314597e+08,3.270152098434e+09,7.731010930377e+08,3.270146569534e+09,9.465959203899e+08,1.006972378335e+09
693.50000000,1.260065494920e+15,4.278142925125e+08,1.809613191965e+09,4.278131089174e+08,1.809610131362e+09,5.238204248785e+08,5.572311138241e+08
694.00000000,6.293265880126e+14,2.331513300015e+08,9.862076370027e+08,2.331506850605e+08,9.862059694409e+08,2.854729971649e+08,3.036812400238e+08
694.50000000,1.353650128312e+15,1.251486194378e+08,5.293665888549e+08,1.251482729128e+08,5.293656923197e+08,1.532333148212e+08,1.630069516907e+08
695.00000000,2.079871226896e+15,6.615752506179e+07,2.798399497045e+08,6.615734161066e+07,2.798394746378e+08,8.100398333370e+07,8.617063732803e+07
695.50000000,1.369183482416e+15,3.444589983725e+07,1.457028337892e+08,3.444580450530e+07,1.457025872195e+08,4.217592657438e+07,4.486602168491e+07
696.00000000,1.084197384917e+15,1.766287850962e+07,7.471227240064e+07,1.766282955641e+07,7.471214567195e+07,2.162661254886e+07,2.300601661655e+07
696.50000000,6.715718940851e+14,8.920509086625e+06,3.773289299755e+07,8.920484189139e+06,3.773282825804e+07,1.092236358672e+07,1.161902159205e+07
697.00000000,1.374630140701e+15,4.436951219540e+06,1.876787568697e+07,4.436938718308e+06,1.876784298920e+07,5.432649962592e+06,5.779159127622e+06
697.50000000,8.392469608964e+14,2.173712757783e+06,9.194595297237e+06,2.173706397448e+06,9.194578280649e+06,2.661788280205e+06,2.831564363850e+06
698.00000000,1.358591452460e+15,1.065251110339e+06,4.505909446605e+06,1.065247715073e+06,4.505899930193e+06,1.349866786396e+06,1.435964955113e+06
698.50000000,6.248354564457e+14,2.300296920738e+06,9.730034096701e+06,2.300293090411e+06,9.730028357579e+06,7.775235982021e+06,8.271161643823e+06
699.00000000,1.997351045327e+15,1.275944174051e+08,5.397120783441e+08,1.275942793867e+08,5.397120748969e+08,5.067055763395e+08,5.390246337759e+08
699.50000000,1.302465507829e+15,5.865404941462e+09,2.481009714741e+10,5.865398637366e+09,2.481009716022e+10,2.332202241227e+10,2.480956432433e+10
700.00000000,7.462425637791e+14,1.763493982489e+11,7.459409445909e+11,1.763492087212e+11,7.459409450241e+11,7.012092153304e+11,7.459342429667e+11
700.50000000,7.010163234679e+14,3.465370155202e+12,1.465818149988e+13,3.465366430882e+12,1.465818150845e+13,1.377917909691e+13,1.465805255214e+13
701.00000000,1.314022019362e+15,4.456568717082e+13,1.885085580934e+14,4.456563927497e+13,1.885085582036e+14,1.772043274410e+14,1.885069005800e+14
701.50000000,3.712379711067e+15,3.753860666817e+14,1.587846853730e+15,3.753856632449e+14,1.587846854658e+15,1.492628964330e+15,1.587832892374e+15
702.00000000,1.561002974574e+16,2.072403026651e+15,8.766064906504e+15,2.072400799388e+15,8.766064911628e+15,8.240393178977e+15,8.765987829768e+15
702.50000000,4.043764686073e+16,7.503043572654e+15,3.173715059686e+16,7.503035508947e+15,3.173715061541e+16,2.983397933828e+16,3.173687154396e+16
703.00000000,8.626297250534e+16,1.782245198784e+16,7.538725282162e+16,1.782243283360e+16,7.538725286568e+16,7.086653025721e+16,7.538658996970e+16
703.50000000,1.227647161105e+17,2.778468281972e+16,1.175265283211e+17,2.778465295884e+16,1.175265283897e+17,1.104788536995e+17,1.175254949542e+17
704.00000000,1.117755391631e+17,2.843324136042e+16,1.202698683907e+17,2.843321080251e+16,1.202698684610e+17,1.130576847986e+17,1.202688109027e+17
704.50000000,6.989624071006e+16,1.910003569345e+16,8.079130866541e+16,1.910001516616e+16,8.079130871263e+16,7.594652286381e+16,8.079059829765e+16
705.00000000,3.153556441146e+16,8.420959181656e+15,3.561984508424e+16,8.420950131443e+15,3.561984510506e+16,3.348384156394e+16,3.561953189227e+16
705.50000000,9.926269737946e+15,2.435982583441e+15,1.030397136220e+16,2.435979965430e+15,1.030397136823e+16,9.686076504695e+15,1.030388076324e+16
706.00000000,3.269387268138e+15,4.621451655043e+14,1.954829473292e+15,4.621446688254e+14,1.954829474435e+15,1.837604858006e+15,1.954812285208e+15
706.50000000,1.141766655826e+15,5.746859965229e+13,2.430866333234e+14,5.746853788936e+13,2.430866334655e+14,2.285095372330e+14,2.430844959536e+14
707.00000000,1.144615616249e+15,4.681053458951e+12,1.980040461449e+13,4.681048428107e+12,1.980040462606e+13,1.861304027138e+13,1.980023051694e+13
707.50000000,1.672475394974e+15,2.495650005104e+11,1.055635880054e+12,2.495647322965e+11,1.055635880670e+12,9.923329108631e+11,1.055626598243e+12
708.00000000,1.064286833792e+15,8.756711870983e+09,3.704004657465e+10,8.756702459844e+09,3.704004659595e+10,3.481887829886e+10,3.703972089496e+10
708.50000000,1.076319109025e+15,2.889457101703e+09,1.222212483400e+10,2.889453996057e+09,1.222212483998e+10,1.148920469858e+10,1.222201736908e+10
709.00000000,6.115102135774e+14,8.383343410689e+10,3.546073400133e+11,8.383334400842e+10,3.546073402180e+11,3.333427184473e+11,3.546042221026e+11
709.50000000,1.153132657310e+15,1.707054476737e+12,7.220675780520e+12,1.707052642123e+12,7.220675784741e+12,6.787675894237e+12,7.220612292275e+12
710.00000000,1.519968225416e+15,2.274814301069e+13,9.622245073461e+13,2.274811856270e+13,9.622245079085e+13,9.045231072385e+13,9.622160469268e+13
710.50000000,2.929935504528e+15,1.985384089213e+14,8.397983194664e+14,1.985381955472e+14,8.397983199573e+14,7.894384102444e+14,8.397909354871e+14
711.00000000,9.189181540164e+15,1.135634998425e+15,4.803626504241e+15,1.135633777930e+15,4.803626507049e+15,4.515569015815e+15,4.803584268054e+15
711.50000000,2.481216525403e+16,4.259720090759e+15,1.801820510728e+16,4.259715512732e+15,1.801820511781e+16,1.693771333620e+16,1.801804668108e+16
712.00000000,5.341384140948e+16,1.048275509158e+16,4.434104291011e+16,1.048274382550e+16,4.434104293603e+16,4.168205819437e+16,4.434065303871e+16
712.50000000,7.374478991428e+16,1.693044644576e+16,7.161415541815e+16,1.693042825019e+16,7.161415546001e+16,6.731969294749e+16,7.161352574620e+16
713.00000000,7.322211901242e+16,1.794901889262e+16,7.592261862070e+16,1.794899960237e+16,7.592261866508e+16,7.136979195624e+16,7.592195106632e+16
713.50000000,4.729568143097e+16,1.249114726881e+16,5.283634809783e+16,1.249113384427e+16,5.283634812871e+16,4.966792821397e+16,5.283588353093e+16
714.00000000,2.194955385586e+16,5.705475297458e+15,2.413361017948e+16,5.705469165642e+15,2.413361019359e+16,2.268639792665e+16,2.413339798320e+16
714.50000000,7.638363025172e+15,1.709937530823e+15,7.232870821215e+15,1.709935693111e+15,7.232870825442e+15,6.799139638944e+15,7.232807225745e+15
715.00000000,1.769508201665e+15,3.361077930492e+14,1.421703544900e+15,3.361074318258e+14,1.421703545731e+15,1.336448716684e+15,1.421691044482e+15
715.50000000,1.608160049301e+15,4.330589940579e+13,1.831797773617e+14,4.330585286387e+13,1.831797774688e+14,1.721950959860e+14,1.831781667421e+14
716.00000000,2.460707560407e+15,3.655123888065e+12,1.546082148696e+13,3.655119959813e+12,1.546082149600e+13,1.453368749713e+13,1.546068554672e+13
716.50000000,2.099615538957e+15,2.019358136085e+11,8.541690135921e+11,2.019355965830e+11,8.541690140913e+11,8.029473416881e+11,8.541615032570e+11
717.00000000,1.333020854421e+15,7.295867297254e+09,3.086081493537e+10,7.295859456043e+09,3.086081495272e+10,2.901019461040e+10,3.086054358945e+10
717.50000000,1.649832055583e+15,1.721647770036e+08,7.282404003558e+08,1.721645914150e+08,7.282403984180e+08,6.845702460441e+08,7.282339950421e+08
718.00000000,1.547543006030e+15,2.648418048275e+06,1.120255288773e+07,2.648414410666e+06,1.120254954719e+07,1.053077174285e+07,1.120245295714e+07
718.50000000,1.535911850746e+15,2.647841041767e+04,1.120011220585e+05,2.647777929529e+04,1.119985729048e+05,1.052839962182e+05,1.119992953580e+05
719.00000000,1.910848020336e+15,1.714142624518e+02,7.250657961936e+02,1.705091063079e+02,7.212378485667e+02,6.795771660494e+02,7.229224428484e+02
719.50000000,1.460691866636e+15,1.315628366127e+00,5.564981088134e+00,6.053367573302e-01,2.560518848342e+00,3.825310609568e+00,4.069299306507e+00
720.00000000,5.825409602933e+14,4.736806471836e-01,2.003623448127e+00,-2.428853202160e-01,-1.027382581460e+00,3.915755401235e-01,4.165512912557e-01
720.50000000,9.601242469581e+14,1.477768600502e+00,6.250818640100e+00,7.729420669367e-01,3.269473903743e+00,6.122816300154e+00,6.513346148093e+00
721.00000000,2.124815100081e+15,1.181998914931e+00,4.999741398971e+00,7.994185522762e-01,3.381467003334e+00,4.486502575231e+00,4.772663890971e+00
721.50000000,1.202062528831e+15,1.481853578318e+00,6.268097702242e+00,1.167652039931e+00,4.939060812584e+00,2.854297067901e+00,3.036351884714e+00
722.00000000,3.298569797212e+15,1.208966010802e+00,5.113809613364e+00,1.348000149498e+00,5.701916740660e+00,5.016375501543e+00,5.336333551203e+00
722.50000000,1.967181263775e+15,4.390222318673e-01,1.857021694359e+00,5.087893422068e-01,2.152132155829e+00,2.932377285880e+00,3.119412270993e+00
723.00000000,1.508424529758e+15,4.801296296296e-02,2.030902021829e-01,2.285423418210e-01,9.667131010806e-01,1.225448977623e-01,1.303611440684e-01
723.50000000,8.016405672068e+14,-2.208478395062e-01,-9.341650589562e-01,3.856975308642e-02,1.631465106947e-01,-2.335376957948e+00,-2.484333641205e+00
724.00000000,2.204288387083e+15,7.566384066358e-02,3.200507477564e-01,2.826641878858e-01,1.195643535715e+00,-9.074689429012e-01,-9.653497759864e-01
724.50000000,1.993644299650e+15,1.037010802469e-01,4.386455668269e-01,6.521719714506e-01,2.758627499550e+00,5.905931520062e-01,6.282627867853e-01
725.00000000,8.096996370699e+14,1.019303144290e+00,4.311553982186e+00,1.153952584877e+00,4.881113376793e+00,3.885338792438e+00,4.133156249866e+00
725.50000000,2.263662977925e+15,6.294363570602e-01,2.662455077292e+00,5.145248119213e-01,2.176392665587e+00,2.517680246914e+00,2.678264728921e+00
726.00000000,1.709970989676e+15,3.720344280478e-01,1.573669745596e+00,-2.947349537037e-02,-1.246701765728e-01,6.013136766975e-01,6.396670956493e-01
726.50000000,1.544080534761e+15,5.544784288194e-01,2.345390270995e+00,-8.708085455247e-02,-3.683440113478e-01,1.108755478395e+00,1.179474913236e+00
727.00000000,6.409353748107e+14,2.193507619599e-01,9.278325653378e-01,-2.041389853395e-01,-8.634891460225e-01,-1.562167245370e-02,-1.661806513786e-02
727.50000000,8.786429219940e+14,6.513519193673e-01,2.755155791958e+00,3.472591628086e-02,1.468874342857e-01,6.301631847994e-01,6.703567037084e-01
728.00000000,9.694153853080e+14,6.299581886574e-01,2.664662374615e+00,1.005681037809e-01,4.253938360006e-01,8.974656442901e-01,9.547084398295e-01
728.50000000,1.789626081472e+15,3.131820601852e-01,1.324729906215e+00,2.337669945988e-01,9.888129021443e-01,1.647082523148e+00,1.752137918537e+00
729.00000000,1.601548422196e+15,5.679071855710e-01,2.402192616766e+00,2.157540123457e-01,9.126196427472e-01,4.999772955247e-01,5.318672049426e-01
729.50000000,1.452220328434e+15,5.680667148920e-01,2.402867410407e+00,5.092460455247e-01,2.154063968889e+00,2.275785773534e+00,2.420941569251e+00
730.00000000,1.360504575973e+15,2.532148148148e-01,1.071074242515e+00,5.490412905093e-01,2.322394197681e+00,1.635068344907e+00,1.739357443388e+00
730.50000000,1.434306374205e+15,-2.176872685185e-01,-9.207961485352e-01,2.259574652778e-02,9.557793108731e-02,1.948141010802e-01,2.072398733951e-01
731.00000000,1.000491650283e+15,6.933786651235e-03,2.932924872765e-02,1.098644097222e-01,4.647163557296e-01,8.181789930556e-01,8.703646707047e-01
731.50000000,1.247235886207e+15,-7.766063657407e-01,-3.284970018544e+00,-8.854570216049e-01,-3.745401820988e+00,-1.683316030093e+00,-1.790682496934e+00
732.00000000,9.115877275335e+14,-6.936636284722e-01,-2.934130240243e+00,-1.301944454090e+00,-5.507105381957e+00,-3.173309230324e+00,-3.375711509019e+00
732.50000000,3.210079922169e+15,-1.345386332948e+00,-5.690854417444e+00,-1.638079079861e+00,-6.928923955580e+00,-5.133516521991e+00,-5.460946143989e+00
733.00000000,2.377065222622e+15,-7.641192901235e-01,-3.232150893139e+00,-8.635919367284e-01,-3.652914521532e+00,-3.761019820602e+00,-4.000907876462e+00
733.50000000,1.855613579573e+15,-5.048531780478e-01,-2.135480246897e+00,-5.289215518904e-01,-2.237289552484e+00,-3.681584789738e+00,-3.916406263652e+00
734.00000000,9.764551004692e+14,-1.422701871142e-01,-6.017891686440e-01,-3.275297357253e-01,-1.385420679583e+00,-1.583394280478e+00,-1.684387466827e+00
734.50000000,1.171325927113e+15,5.757073688272e-02,2.435186639564e-01,-2.389743971836e-01,-1.010839736477e+00,-8.347120707948e-01,-8.879522730318e-01
735.00000000,1.376132119665e+15,3.899941792052e-01,1.649637760661e+00,-1.778330922068e-01,-7.522176357877e-01,3.196929832176e-01,3.400838696990e-01
735.50000000,8.578822633846e+14,5.561008584105e-01,2.352252991672e+00,1.665588589892e-02,7.045286654672e-02,1.252348177083e+00,1.332226344121e+00
736.00000000,1.588974574167e+15,1.275506037809e+00,5.395267509398e+00,7.171896243248e-01,3.033646195579e+00,3.781849086130e+00,4.023065689101e+00
736.50000000,1.103032383977e+15,9.735313826196e-01,4.117943845292e+00,8.729592809606e-01,3.692537526703e+00,2.563310428723e+00,2.726805327618e+00
737.00000000,1.053434769899e+15,5.738734833140e-01,2.427429480733e+00,2.287045150945e-01,9.673990791226e-01,-2.710955319252e-01,-2.883867410142e-01
737.50000000,1.507559398659e+15,9.060956790123e-01,3.832697323629e+00,4.453854576582e-01,1.883939551500e+00,1.509398800395e+00,1.605672354117e+00
738.00000000,1.999649482177e+15,5.916859375000e-01,2.502774443817e+00,2.125044536073e-01,8.988743079434e-01,-3.902121865355e-01,-4.151009792742e-01
738.50000000,1.499874850531e+15,6.576851297261e-01,2.781944660898e+00,2.013004032841e-01,8.514822048162e-01,1.390153897208e+00,1.478821687237e+00
739.00000000,1.721075488357e+15,2.520833465953e-01,1.066288241083e+00,3.408122462143e-01,1.441604478185e+00,1.750064348838e+00,1.861688204680e+00
739.50000000,1.469786557116e+15,-6.106688548900e-03,-2.583070353356e-02,8.504103597005e-01,3.597157662194e+00,1.712714335576e+00,1.821955906161e+00
740.00000000,1.632187290396e+15,-2.907906946253e-01,-1.230016589684e+00,9.936728889371e-01,4.203144993922e+00,9.473396502459e-01,1.007763545300e+00
740.50000000,7.370378307632e+14,-1.690553077980e-01,-7.150876455442e-01,2.555265474296e-01,1.080853810746e+00,1.799695405032e+00,1.914484864394e+00
741.00000000,1.301932948621e+15,2.105391208225e-01,8.905601732645e-01,1.464349109037e-02,6.194062146134e-02,3.622684133271e-01,3.853748763392e-01
741.50000000,2.019329241906e+15,1.425186732163e-01,6.028402408877e-01,-9.900279563621e-02,-4.187727264127e-01,6.922412862895e-03,7.363943150624e-03
742.00000000,1.647363575447e+15,2.246759967568e-02,9.503577948768e-02,-2.421748747649e-01,-1.024377462497e+00,-3.808777171947e-01,-4.051711321345e-01
742.50000000,2.095111268391e+15,7.316625524450e-04,3.094862023415e-03,-4.980916868610e-03,-2.106882056914e-02,4.326899507499e-01,4.602880906233e-01
743.00000000,1.694443108744e+15,-8.769797054338e-02,-3.709539563809e-01,-1.798721918553e-01,-7.608428398920e-01,-2.278754189574e-02,-2.424099318926e-02
743.50000000,1.286832298674e+15,-1.583851982964e-01,-6.699541115513e-01,-1.461297630027e-01,-6.181154670376e-01,-3.850285529996e-01,-4.095867195171e-01
744.00000000,2.118043546737e+15,-1.949445858049e-01,-8.245967943305e-01,4.670974008066e-01,1.975779075521e+00,6.087494128569e-01,6.475771032499e-01
744.50000000,2.017828403722e+15,1.115054238402e-01,4.716571874487e-01,6.215418047116e-01,2.629064709395e+00,3.479136965905e+00,3.701045767941e+00
745.00000000,1.564055602396e+15,3.324839346427e-01,1.406374973384e+00,6.374478331766e-01,2.696345747914e+00,3.258538713469e+00,3.466377160009e+00
745.50000000,1.943900196342e+15,-2.470788363233e-02,-1.045119645349e-01,1.651837794174e-01,6.987122052592e-01,9.864593424479e-01,1.049378397686e+00
746.00000000,1.714200620920e+15,3.584084195361e-01,1.516033043905e+00,2.033478340808e-01,8.601426489113e-01,1.219731832923e+00,1.297529640972e+00
746.50000000,1.680383941796e+15,-8.552599103009e-02,-3.617666925407e-01,5.190729890046e-02,2.195631036637e-01,1.277268565538e+00,1.358736222614e+00
747.00000000,1.114884225685e+15,-4.783829547647e-01,-2.023513755627e+00,-2.502435546875e-01,-1.058507236995e+00,6.777964578511e-01,7.210281562464e-01
747.50000000,1.063633907395e+15,-3.257259645062e-01,-1.377789411555e+00,-1.958850646219e-01,-8.285758199868e-01,4.290035083912e-01,4.563665169618e-01
748.00000000,2.202475186793e+15,-5.431562668789e-01,-2.297498618080e+00,-1.590025921103e-01,-6.725663510494e-01,1.641235701196e-01,1.745918170406e-01
748.50000000,1.722699218776e+15,1.234879991319e-01,5.223423251385e-01,7.519838204090e-02,3.180822447157e-01,3.665654803241e+00,3.899460219364e+00
749.00000000,2.221737796935e+15,5.422341290509e-01,2.293598064013e+00,6.955889274691e-01,2.942277233151e+00,3.280375356867e+00,3.489606603813e+00
749.50000000,1.929818060397e+15,-2.726293885031e-01,-1.153196016559e+00,-5.150869502315e-02,-2.178770458974e-01,1.376272998650e+00,1.464055427280e+00
750.00000000,1.525840239164e+15,1.281146508488e-01,5.419126156312e-01,-7.796514274691e-02,-3.297853882153e-01,1.394681327160e+00,1.483637888964e+00
750.50000000,1.523942319336e+15,4.739224537037e-01,2.004646266383e+00,2.364035300926e-01,9.999652049650e-01,2.911243788580e+00,3.096930821856e+00
751.00000000,1.106234205730e+15,4.607599247685e-01,1.948970038595e+00,-1.714540895062e-02,-7.252350406442e-02,1.663274025849e+00,1.769362159242e+00
751.50000000,1.014215987706e+15,-5.771391203704e-01,-2.441242810490e+00,-3.265685763889e-01,-1.381355063928e+00,-1.389150713735e+00,-1.477754517998e+00
752.00000000,1.812558666872e+15,-2.496484519676e-01,-1.055988871669e+00,-2.926043209877e-01,-1.237689385160e+00,-2.396367119985e+00,-2.549213921374e+00
752.50000000,1.074669901107e+15,-2.513012104552e-01,-1.062979880653e+00,-1.009779128086e-01,-4.271272905235e-01,-1.791387596451e+00,-1.905647161224e+00
753.00000000,2.484657989936e+15,-3.917470052083e-01,-1.657052045583e+00,-2.298507378472e-01,-9.722474960198e-01,-1.759211902006e+00,-1.871419213626e+00
753.50000000,1.550965832073e+15,-5.989914158951e-02,-2.533675912769e-01,-1.262367380401e-01,-5.339697997698e-01,-6.214507330247e-01,-6.610885481039e-01
754.00000000,1.154903494326e+15,4.418550829475e-01,1.869004381183e+00,2.530407889660e-01,1.070339280906e+00,5.106694830247e-01,5.432413691921e-01
754.50000000,1.958274370268e+15,3.164791473765e-01,1.338676267010e+00,3.378791666667e-01,1.429197821272e+00,7.471669560185e-02,7.948232931377e-02
755.00000000,9.476988874724e+14,1.334816743827e-02,5.646146074968e-02,3.222218557099e-01,1.362968834953e+00,-1.417854108796e+00,-1.508288693530e+00
755.50000000,1.514176803709e+15,3.552849440586e-01,1.502821043914e+00,5.985139467593e-01,2.531658986696e+00,1.529532204861e+00,1.627089921784e+00
756.00000000,1.221466658124e+15,4.328472222222e-02,1.830901999179e-01,5.441653356481e-01,2.301769356757e+00,-5.950113811728e-01,-6.329628226044e-01
756.50000000,1.469490364741e+15,-1.172201456404e+00,-4.958299094431e+00,-7.649293209877e-01,-3.235580724812e+00,-3.397692071759e+00,-3.614406097312e+00
757.00000000,1.369166024588e+15,-1.012364072145e+00,-4.282202376329e+00,-3.195644290123e-01,-1.351728164261e+00,-2.584201784336e+00,-2.749029190616e+00
757.50000000,1.530005048517e+15,-4.586618152006e-01,-1.940095237499e+00,-5.215479648920e-01,-2.206099957171e+00,-1.148740528549e+00,-1.222010318454e+00
758.00000000,1.918415307672e+15,-6.310366126543e-01,-2.669224004101e+00,-2.430392554012e-02,-1.028033713146e-01,-3.073031356096e+00,-3.269037639704e+00
758.50000000,3.076433600737e+14,-4.061369405864e-01,-1.717920084233e+00,3.314038387346e-02,1.401807779252e-01,-3.226465567130e-01,-3.432258301313e-01
759.00000000,1.884975482658e+15,-4.751830150463e-02,-2.009978319273e-01,4.647431809414e-01,1.965820941862e+00,4.130226080247e-01,4.393663113795e-01
759.50000000,1.046996450431e+15,1.197763406636e-01,5.066423678300e-01,4.569725356867e-01,1.932951826618e+00,6.890824266975e-01,7.330339748289e-01
760.00000000,1.295549834014e+15,6.078328125000e-01,2.571074167600e+00,4.448668692130e-01,1.881745970039e+00,1.710742910880e+00,1.819858738645e+00
760.50000000,1.677384912860e+15,4.402485050154e-01,1.862208711494e+00,6.323402970679e-01,2.674741339596e+00,2.952760382909e+00,3.141095457294e+00
761.00000000,1.132438140953e+15,3.456482204861e-01,1.462058632724e+00,2.713353443287e-01,1.147723568678e+00,3.757711029128e+00,3.997388041285e+00
761.50000000,1.711183347779e+15,-3.492417004244e-01,-1.477258706250e+00,-7.741416618441e-02,-3.274548079949e-01,2.320425491898e-01,2.468428530056e-01
762.00000000,1.994234777423e+15,-2.705288532022e-01,-1.144310954846e+00,-3.299971305941e-01,-1.395857533105e+00,-4.289654562114e-01,-4.563260377107e-01
762.50000000,2.598675929123e+15,-3.318635778356e-01,-1.403750923928e+00,-2.250017481674e-01,-9.517367153342e-01,-4.865300829475e-01,-5.175622926361e-01
763.00000000,2.591180713599e+15,-8.571209731867e-02,-3.625539041903e-01,-3.628719232253e-01,-1.534914884486e+00,-2.262387225116e-01,-2.406688425036e-01
763.50000000,1.192309045165e+15,6.013519724151e-02,2.543660839158e-01,-3.015869864005e-01,-1.275685234280e+00,1.572090926408e+00,1.672363154144e+00
764.00000000,1.866637068546e+15,-4.273497661073e-01,-1.807648290077e+00,-4.608951991705e-01,-1.949544332631e+00,-4.083635175540e-01,-4.344100514685e-01
764.50000000,1.184570427329e+15,-5.487368441358e-01,-2.321103921595e+00,-6.350198664159e-01,-2.686075671665e+00,-4.143004967207e-01,-4.407257072862e-01
765.00000000,1.926058807972e+15,-7.416223042052e-01,-3.136990812680e+00,-7.021605782215e-01,-2.970074711848e+00,-8.574755702643e-01,-9.121676903036e-01
765.50000000,1.226196772110e+15,-1.616682219329e-01,-6.838409848652e-01,-6.142825846354e-01,-2.598358875651e+00,4.689281153549e-01,4.988376237586e-01
766.00000000,1.850942730262e+15,-6.414464277103e-02,-2.713256517696e-01,-2.240589584539e-01,-9.477488014956e-01,1.565173963759e+00,1.665005008837e+00
766.50000000,1.758164833883e+15,7.704145206404e-02,3.258779111012e-01,-1.353892572097e-01,-5.726841146692e-01,1.899789918499e+00,2.020963677700e+00
767.00000000,1.285215699517e+15,3.719315722053e-01,1.573234675303e+00,2.654170506607e-01,1.122689730399e+00,3.115214958285e+00,3.313911826575e+00
767.50000000,2.145377959441e+15,1.796789565852e-01,7.600246551965e-01,-1.058921365620e-01,-4.479140053448e-01,8.173320119599e-01,8.694636668551e-01
768.00000000,1.640721893118e+15,4.195182020399e-02,1.774521529475e-01,-3.164247489270e-01,-1.338447606061e+00,1.810420446024e+00,1.925893977620e+00
768.50000000,6.663476146486e+14,4.219088048864e-01,1.784633548927e+00,-2.484599943938e-01,-1.050962940876e+00,2.090620575027e+00,2.223966031633e+00
769.00000000,1.305590378259e+15,-6.516831732856e-02,-2.756556964081e-01,-7.605442379798e-01,-3.217032226712e+00,7.961681515541e-01,8.469499179697e-01
769.50000000,1.584011975433e+15,-3.892769624687e-02,-1.646604003045e-01,-7.094335917908e-01,-3.000838890800e+00,2.230270228106e+00,2.372522918754e+00
770.00000000,1.742468234077e+15,-5.326880093798e-02,-2.253218898588e-01,-4.285889078776e-01,-1.812891689662e+00,2.062022986292e+00,2.193544411043e+00
770.50000000,3.463877770264e+15,-2.087226833767e-01,-8.828768180758e-01,-1.946994402850e-01,-8.235607380098e-01,7.333530779803e-01,7.801283284516e-01
771.00000000,1.614039624046e+15,-6.454633939767e-01,-2.730247897541e+00,-1.979805808738e-01,-8.374396611381e-01,9.760406599633e-02,1.038295183345e-01
771.50000000,1.867901988529e+15,-6.387839837722e-01,-2.701994636647e+00,-3.466804729697e-01,-1.466426538025e+00,-1.882011763358e+00,-2.002051583554e+00
772.00000000,2.179384339916e+15,-7.581227412471e-01,-3.206786069797e+00,-2.386928650656e-01,-1.009648881493e+00,-1.788272303000e+00,-1.902333165898e+00
772.50000000,1.846261930688e+15,-2.349406623746e-01,-9.937763403488e-01,-2.562199327257e-01,-1.083786766821e+00,-1.677184892216e+00,-1.784160298437e+00
773.00000000,9.349190471137e+14,-2.555120816454e-01,-1.080791459622e+00,-2.017398353106e-01,-8.533409619007e-01,-2.189519868827e+00,-2.329173390918e+00
773.50000000,1.577271102814e+15,-2.861346715856e-01,-1.210322061329e+00,-4.501036217207e-01,-1.903896951848e+00,-8.275380063657e-01,-8.803206272949e-01
774.00000000,1.007411872102e+15,-3.541861304012e-01,-1.498173168130e+00,-1.889602961034e-01,-7.992846855936e-01,-7.394998215664e-01,-7.866671280328e-01
774.50000000,2.434117501751e+15,-2.638731168017e-01,-1.116157831859e+00,5.344061053241e-02,2.260488709435e-01,-3.834722849151e-01,-4.079311884287e-01
775.00000000,1.629813726314e+15,1.420060064622e-01,6.006717099679e-01,9.087049720293e-01,3.843738514616e+00,1.933236125579e+00,2.056543174679e+00
775.50000000,1.720509148641e+15,1.704242790316e+00,7.208782618165e+00,1.419506606867e+00,6.004382483329e+00,6.458331016107e+00,6.870260903600e+00
776.00000000,1.841732795757e+15,1.522562234761e+00,6.440291392391e+00,1.419554328221e+00,6.004584340272e+00,7.993687490355e+00,8.503546582486e+00
776.50000000,6.295053829752e+14,1.336233779417e+00,5.652139998833e+00,1.401105987172e+00,5.926549553179e+00,7.473004361979e+00,7.949652870453e+00
777.00000000,3.007099778635e+15,4.442099585262e-01,1.878965277738e+00,8.676105034722e-01,3.669912689521e+00,4.330960570988e+00,4.607200995378e+00
777.50000000,1.733243002692e+15,1.086287929205e-01,4.594893161276e-01,2.391823447145e-01,1.011719335421e+00,1.276491391782e+00,1.357909478606e+00
778.00000000,1.588311941250e+15,1.013347559799e-01,4.286362434243e-01,2.966761477623e-01,1.254912838185e+00,1.906931471836e-01,2.028560738700e-01
778.50000000,1.733008491604e+15,2.630109809028e-01,1.112511080165e+00,2.721015335648e-01,1.150964478728e+00,6.520456645448e-01,6.936349074259e-01
779.00000000,2.020369064369e+15,8.568414834105e-02,3.624356827108e-01,3.644003616898e-01,1.541380038715e+00,7.288713300540e-01,7.753607224739e-01
779.50000000,2.034436219301e+15,-8.155107060185e-02,-3.449531625352e-01,2.015572723765e-01,8.525687374687e-01,1.284147328318e-01,1.366053731560e-01
780.00000000,1.607030620677e+15,-5.693049527392e-01,-2.408105037065e+00,-5.563383005401e-02,-2.353259879459e-01,-1.811224831211e+00,-1.926749668679e+00
780.50000000,2.067330548728e+15,-6.485765914352e-01,-2.743416422503e+00,-2.291837191358e-01,-9.694260681747e-01,-2.194793672840e+00,-2.334783572469e+00
781.00000000,8.738151410325e+14,-2.403267216435e-01,-1.016558851537e+00,-3.185434702932e-01,-1.347409602713e+00,-3.123122964892e+00,-3.322324227315e+00
781.50000000,1.929757182517e+15,2.581457513503e-01,1.091931628440e+00,4.115551070602e-01,1.740840277743e+00,1.048655459105e+00,1.115541551535e+00
782.00000000,2.484119835133e+15,1.446744695216e-01,6.119590513192e-01,5.384553481867e-01,2.277616634587e+00,2.158886554784e+00,2.296586200931e+00
782.50000000,1.604518351021e+15,-2.160567949460e-01,-9.138994025928e-01,3.791552999614e-01,1.603792071510e+00,1.273520100309e+00,1.354748670094e+00
783.00000000,2.621453663000e+15,-3.739145736883e-01,-1.581622580303e+00,-2.139693817515e-01,-9.050708193554e-01,2.583903067130e-01,2.748711420415e-01
783.50000000,1.754964202689e+15,-1.948548659336e-01,-8.242172879292e-01,-1.424808352623e-01,-6.026808380606e-01,2.227939293981e+00,2.370043311323e+00
784.00000000,2.170096869909e+15,4.595890239198e-01,1.944017240946e+00,1.195174093364e-01,5.055476569118e-01,3.533300925926e-01,3.758664452395e-01
784.50000000,1.796182652571e+15,6.193771508488e-01,2.619905605291e+00,5.820574556327e-01,2.462049541710e+00,2.476672173997e+00,2.634641049771e+00
785.00000000,1.861559597561e+15,5.699925154321e-01,2.411013360936e+00,8.642900848765e-01,3.655867624034e+00,4.341305854552e+00,4.618206129217e+00
785.50000000,1.193997513136e+15,9.541020351080e-01,4.035759579400e+00,7.614465663580e-01,3.220848992821e+00,2.933549286265e+00,3.120659024746e+00
786.00000000,1.944554123376e+15,5.899963252315e-01,2.495627546895e+00,3.507795814043e-01,1.483765389963e+00,2.950365750386e+00,3.138548088607e+00
786.50000000,1.507756104503e+15,5.216486496914e-01,2.206523471921e+00,2.233066213349e-01,9.445664846278e-01,2.944914544753e+00,3.132749190278e+00
787.00000000,1.756397101338e+15,3.101978105710e-01,1.312106818197e+00,7.310354938272e-02,3.092212951030e-01,2.432378534915e+00,2.587522242125e+00
787.50000000,1.852844068472e+15,1.023369502315e-02,4.328754284405e-02,3.171691936728e-01,1.341596538916e+00,2.195203679591e+00,2.335219730565e+00
788.00000000,1.038515970326e+15,1.211048297647e-01,5.122617485865e-01,6.427829764660e-01,2.718912913687e+00,3.718287143133e+00,3.955449592799e+00
788.50000000,2.194290993025e+15,2.236619960455e-01,9.460686696746e-01,2.409110291281e-01,1.019031511611e+00,2.154147921489e+00,2.291545324739e+00
789.00000000,1.298001170543e+15,1.710825291763e-01,7.236625964362e-01,5.009692177855e-01,2.119053748258e+00,1.965763809317e+00,2.091145562403e+00
789.50000000,9.880928520734e+14,3.443865608121e-01,1.456721933998e+00,2.873570197965e-01,1.215493783390e+00,1.129113076895e+00,1.201130974642e+00
790.00000000,9.503468444607e+14,5.664624281895e-01,2.396081432399e+00,5.464601887644e-01,2.311476374524e+00,2.006704465211e+00,2.134697524490e+00
790.50000000,1.351659969950e+15,5.342748674934e-01,2.259931155346e+00,7.559045835895e-01,3.197406915062e+00,1.726806924024e+00,1.836947358164e+00
791.00000000,2.139884719254e+15,4.660596064815e-01,1.971387181054e+00,3.702723476080e-01,1.566217999468e+00,1.272497762346e+00,1.353661124640e+00
791.50000000,2.332100024557e+15,-9.234205246914e-02,-3.905979749761e-01,-2.375391975309e-01,-1.004768973852e+00,3.503074074074e-01,3.726509649862e-01
792.00000000,2.906749123686e+15,-1.934000000000e-01,-8.180633453608e-01,-4.562657407407e-01,-1.929962148956e+00,-1.246079012346e+00,-1.325557315034e+00
792.50000000,2.074862612860e+15,-6.905123456790e-01,-2.920800617989e+00,-4.337506172840e-01,-1.834725246049e+00,-1.947377777778e+00,-2.071586819851e+00
793.00000000,2.201962569532e+15,-8.608580246914e-01,-3.641346409306e+00,-4.716567901235e-01,-1.995064873288e+00,-3.254795061728e+00,-3.462394727996e+00
793.50000000,1.599273891412e+15,-1.036935802469e+00,-4.386138425503e+00,-1.036943209877e+00,-4.386174474616e+00,-5.702913580247e+00,-6.066660892615e+00
794.00000000,1.395317812536e+15,-1.271523456790e+00,-5.378421575835e+00,-1.306833333333e+00,-5.527784891833e+00,-6.970044444444e+00,-7.414612803771e+00
794.50000000,2.061043668175e+15,-9.293098765432e-01,-3.930891140030e+00,-1.423346913580e+00,-6.020626627771e+00,-4.940790123457e+00,-5.255927132477e+00
795.00000000,1.803751874822e+15,-8.756777777778e-01,-3.704032535403e+00,-8.550990740741e-01,-3.616990493065e+00,-2.303933333333e+00,-2.450884456839e+00
795.50000000,2.209395798975e+15,-3.526731867284e-01,-1.491773562327e+00,-1.746930555556e-01,-7.389355693468e-01,-3.662916666667e-02,-3.896547437005e-02
796.00000000,2.390850857997e+15,1.552453221451e-02,6.566727382916e-02,2.735642023534e-01,1.157151433273e+00,1.566283487654e+00,1.666185301179e+00
796.50000000,1.992622768060e+15,3.078366126543e-03,1.302119178762e-02,3.741284384645e-01,1.582528909386e+00,3.145401765046e-01,3.346024029833e-01
797.00000000,1.534740555393e+15,4.775616705247e-01,2.020039802510e+00,4.338246479552e-01,1.835038388985e+00,1.589748365162e+00,1.691146832284e+00
797.50000000,2.647677488689e+15,-3.718214216821e-02,-1.572768749214e-01,1.718074652778e-01,7.267297876801e-01,1.508116348380e+00,1.604308103829e+00
798.00000000,1.996746461212e+15,1.495401041667e-01,6.325402165470e-01,3.020200665509e-01,1.277517123513e+00,2.119091902971e+00,2.254253338177e+00
798.50000000,9.709034707724e+14,-1.094974440586e-02,-4.631636266550e-02,5.568243827160e-01,2.355315962389e+00,1.121559915123e+00,1.193096051704e+00
799.00000000,1.127818791019e+15,2.613744357639e-01,1.105588652083e+00,2.710737027392e-01,1.146616848801e+00,5.951676359954e-01,6.331290437837e-01
799.50000000,1.989768159728e+15,2.258694396219e-01,9.554059430810e-01,3.958593315972e-01,1.674448590099e+00,1.190117211613e+00,1.266026118706e+00
800.00000000,2.008947054823e+15,-6.604971305941e-02,-2.793839153335e-01,-2.661074218750e-01,-1.125609937185e+00,4.744726466049e-01,5.047358002660e-01
800.50000000,2.007900649858e+15,-2.815863739390e-01,-1.191083200996e+00,-4.029470486111e-02,-1.704428981651e-01,2.075085431134e-01,2.207440014083e-01
801.00000000,6.594921288300e+14,-1.996617525077e-01,-8.445499544832e-01,-1.550410469715e-01,-6.558093792088e-01,-3.687118055556e-02,-3.922292456188e-02
801.50000000,1.882942254655e+15,-2.165713457272e-01,-9.160759027658e-01,1.904849054784e-03,8.057336431264e-03,5.927065996335e-01,6.305110358406e-01
802.00000000,2.715951543624e+15,-2.011103829090e-01,-8.506775213510e-01,-8.322982976466e-02,-3.520545304346e-01,-4.203846824363e-01,-4.471979588862e-01
802.50000000,1.702203559313e+15,-1.671887201003e-01,-7.071921596269e-01,3.373453595197e-01,1.426939866101e+00,2.140595618731e-01,2.277128619314e-01
803.00000000,1.524831215597e+15,-2.959535174334e-01,-1.251854832176e+00,1.477698724441e-01,6.250529792355e-01,-5.700765046296e-01,-6.064375319335e-01
803.50000000,1.904686039725e+15,-1.897413736979e-01,-8.025877090004e-01,3.769673858266e-01,1.594537395806e+00,-8.419308690201e-01,-8.956315058079e-01
804.00000000,1.711107060466e+15,-2.448360354577e-01,-1.035632814019e+00,1.840552975502e-01,7.785369925210e-01,-1.528677306978e+00,-1.626180496193e+00
804.50000000,2.243952786219e+15,-3.006215295862e-01,-1.271600073324e+00,1.860343668620e-01,7.869082738181e-01,-1.160649007161e+00,-1.234678352165e+00
805.00000000,2.092802337708e+15,-4.911518717448e-01,-2.077525042812e+00,2.653568208671e-01,1.122434963908e+00,-2.458987777898e-01,-2.615828694873e-01
805.50000000,2.368826197901e+15,-7.115754301095e-01,-3.009895433464e+00,-3.664609161000e-01,-1.550095994489e+00,-2.341751783131e+00,-2.491115070047e+00
806.00000000,1.667730702288e+15,2.260427182798e+00,9.561388950901e+00,2.598323937235e+00,1.099067144828e+01,1.894015393217e+00,2.014820837517e+00
806.50000000,9.501182072288e+14,7.079435084634e+02,2.994532755222e+03,7.078693009301e+02,2.994222084229e+03,7.066503396028e+02,7.517224169186e+02
807.00000000,2.246084471123e+15,1.060323949198e+05,4.485068030235e+05,1.060320597525e+05,4.485058675804e+05,1.060317185927e+05,1.127947094957e+05
807.50000000,1.793955195895e+15,9.298758051149e+06,3.933284963301e+07,9.298757916437e+06,3.933289135821e+07,9.298757616024e+06,9.891857624221e+06
808.00000000,1.551416890648e+15,4.814066629895e+08,2.036303749763e+09,4.814066626259e+08,2.036305937884e+09,4.814066642669e+08,5.121120884012e+08
808.50000000,1.369498926927e+15,1.477455999911e+10,6.249496369756e+10,1.477455999908e+10,6.249503089890e+10,1.477456000004e+10,1.571692155187e+10
809.00000000,1.262801438434e+15,2.694540430102e+11,1.139764611406e+12,2.694540430103e+11,1.139765837007e+12,2.694540430111e+11,2.866405534803e+11
809.50000000,9.291675331607e+14,2.925118692987e+12,1.237296992535e+13,2.925118692987e+12,1.237298323013e+13,2.925118692989e+12,3.111690705340e+12
810.00000000,1.035611148083e+15,1.892654020844e+13,8.005743949857e+13,1.892654020844e+13,8.005752558517e+13,1.892654020844e+13,2.013372633118e+13
810.50000000,2.657309637019e+15,7.307277435694e+13,3.090907872039e+14,7.307277435694e+13,3.090911195724e+14,7.307277435694e+13,7.773355430837e+13
811.00000000,2.990894010879e+15,1.684924022064e+14,7.127066091874e+14,1.684924022064e+14,7.127073755683e+14,1.684924022064e+14,1.792393050999e+14
811.50000000,1.451430559007e+15,2.321660724244e+14,9.820400924861e+14,2.321660724244e+14,9.820411484841e+14,2.321660724244e+14,2.469742548875e+14
812.00000000,3.044482832439e+15,1.912104816917e+14,8.088018941096e+14,1.912104816917e+14,8.088027638228e+14,1.912104816917e+14,2.034064053776e+14
812.50000000,1.824841115923e+15,9.411478837403e+13,3.980964768624e+14,9.411478837403e+13,3.980969049397e+14,9.411478837403e+13,1.001176851115e+14
813.00000000,1.494557773450e+15,2.767067565382e+13,1.170442890060e+14,2.767067565382e+13,1.170444148649e+14,2.767067565382e+13,2.943558647683e+13
813.50000000,2.128968503732e+15,4.855603263519e+12,2.053873345139e+13,4.855603263519e+12,2.053875553691e+13,4.855603263521e+12,5.165306823320e+12
814.00000000,1.558842248731e+15,5.080002647022e+11,2.148792119888e+12,5.080002647024e+11,2.148794430508e+12,5.080002647045e+11,5.404019008801e+11
814.50000000,1.698674151350e+15,3.164649896839e+10,1.338616381336e+11,3.164649896850e+10,1.338617820769e+11,3.164649896938e+10,3.366499859839e+10
815.00000000,2.641508119090e+15,1.172068241315e+09,4.957735607453e+09,1.172068241365e+09,4.957740938771e+09,1.172068241821e+09,1.246825936616e+09
815.50000000,1.677521335062e+15,2.575167484557e+07,1.089271006867e+08,2.575167484240e+07,1.089272178037e+08,2.575167518552e+07,2.739418694830e+07
816.00000000,1.960765133661e+15,3.344367598050e+05,1.414635235459e+06,3.344364365943e+05,1.414635389479e+06,3.344372724055e+05,3.557685896842e+05
816.50000000,1.119224045680e+15,2.550871885426e+03,1.078994202781e+04,2.550506676235e+03,1.078840882903e+04,2.551437139101e+03,2.714174727347e+03
817.00000000,2.000099360211e+15,1.215677321566e+01,5.142197810547e+01,1.153412002315e+01,4.878826762240e+01,1.316953053627e+01,1.400951895101e+01
817.50000000,2.410618711033e+15,8.273029320988e-01,3.499411604237e+00,2.555092689043e-01,1.080780724172e+00,2.679117766204e+00,2.849999171517e+00
818.00000000,1.533715743076e+15,5.749387779707e-01,2.431935574376e+00,2.450365740741e-01,1.036482187563e+00,2.328223273534e+00,2.476723675377e+00
818.50000000,1.997392190906e+15,3.847146243248e-01,1.627305752763e+00,5.033301504630e-01,2.129040276495e+00,1.575673611111e+00,1.676174352205e+00
819.00000000,1.915773258528e+15,2.876385802469e-01,1.216683449905e+00,5.802104938272e-01,2.454237063023e+00,8.151382716049e-01,8.671300037840e-01
819.50000000,1.762704112399e+15,2.507771604938e-01,1.060763199864e+00,6.001425925926e-01,2.538548008886e+00,1.262266666667e+00,1.342777461900e+00
820.00000000,1.728159156431e+15,2.251814814815e-01,9.524959465049e-01,1.576666666667e-01,6.669155092047e-01,-2.251358024691e-02,-2.394955752263e-02
