wavelength_nm,measurement,init_raw,init_fit,opt_raw,opt_fit,truth_raw,truth_fit
300.00000000,-4.523157434806e+14,-2.498034818673e-01,-9.879732040308e-01,-4.183627507716e-01,-1.654625624058e+00,-5.093072434414e-01,-5.145970083264e-01
300.50000000,-3.924067030179e+13,1.434242380401e-01,5.672431101960e-01,7.595654899691e-02,3.004083228096e-01,2.138078703704e-01,2.160285208312e-01
301.00000000,-1.361515473368e+15,2.332783564815e-01,9.226163044697e-01,5.235194830247e-02,2.070520737586e-01,1.498591820988e-01,1.514156489454e-01
301.50000000,-5.357894393872e+14,5.049575617284e-02,1.997108032407e-01,6.284625771605e-02,2.485570911878e-01,-1.103819444444e+00,-1.115283929609e+00
302.00000000,-2.567572419186e+14,1.724720293210e-01,6.821271750907e-01,8.058979552469e-02,3.187328232899e-01,-2.975347222222e-01,-3.006249761818e-01
302.50000000,-2.871627675094e+14,1.245351080247e-01,4.925365682246e-01,1.038146219136e-01,4.105870641048e-01,-2.039255401235e-02,-2.060435507648e-02
303.00000000,-4.034041123647e+14,2.801018759645e-01,1.107803405233e+00,2.449408637153e-01,9.687416691250e-01,7.078387827932e-01,7.151905351700e-01
303.50000000,-2.289065127751e+14,8.202866391782e-01,3.244235080611e+00,9.477757884838e-01,3.748455383742e+00,1.235915316358e+00,1.248751775147e+00
304.00000000,6.113985548483e+14,1.375197808160e+01,5.438909716341e+01,1.387398726852e+01,5.487165097754e+01,1.704118875386e+01,1.721818188135e+01
304.50000000,-3.463981245401e+14,1.636551302083e+02,6.472563238086e+02,1.634803231096e+02,6.465650470733e+02,1.981887316744e+02,2.002471586984e+02
305.00000000,7.413344042518e+14,1.747383789786e+03,6.910905919172e+03,1.747190846354e+03,6.910143742877e+03,2.114337696277e+03,2.136297622127e+03
305.50000000,-1.890857521199e+14,1.678873158755e+04,6.639946254622e+04,1.678832861394e+04,6.639787757994e+04,2.030412708448e+04,2.051500972920e+04
306.00000000,-6.053437384446e+13,1.449833529983e+05,5.734094125596e+05,1.449826886941e+05,5.734068611882e+05,1.753310604302e+05,1.771520831992e+05
306.50000000,-5.978391604801e+14,1.125203683588e+06,4.450182520082e+06,1.125198890588e+06,4.450164153226e+06,1.360719769864e+06,1.374852472176e+06
307.00000000,7.080093615762e+12,7.847857474769e+06,3.103828992361e+07,7.847824512031e+06,3.103816366722e+07,9.490480632218e+06,9.589050624766e+06
307.50000000,1.261184586475e+14,4.919059581312e+07,1.945488917544e+08,4.919038900686e+07,1.945480996050e+08,5.948660018028e+07,6.010443967268e+07
308.00000000,-2.824856579302e+14,2.770947214950e+08,1.095910104091e+09,2.770935554948e+08,1.095905637721e+09,3.350929703113e+08,3.385733115992e+08
308.50000000,3.670421815324e+14,1.402793341856e+09,5.548050099969e+09,1.402787436201e+09,5.548027477981e+09,1.696409747888e+09,1.714028992128e+09
309.00000000,-4.894947474911e+14,6.382374454167e+09,2.524230203548e+10,6.382347582812e+09,2.524219910278e+10,7.718258924046e+09,7.798422274471e+09
309.50000000,6.646743954984e+14,2.609742558311e+10,1.032153634432e+11,2.609731570691e+10,1.032149425544e+11,3.155983550263e+10,3.188762214177e+10
310.00000000,1.542469011509e+14,9.590545331394e+10,3.793062341899e+11,9.590504952934e+10,3.793046874635e+11,1.159792685577e+11,1.171838519798e+11
310.50000000,-6.297176083737e+14,3.167542195177e+11,1.252763487554e+12,3.167528859079e+11,1.252758379064e+12,3.830535326492e+11,3.870320017406e+11
311.00000000,1.424124273056e+14,9.402384011549e+11,3.718644507266e+12,9.402344425298e+11,3.718629343464e+12,1.137038179454e+12,1.148847680913e+12
311.50000000,1.347478767522e+14,2.508376902436e+12,9.920634999529e+12,2.508366341578e+12,9.920594545391e+12,3.033401212956e+12,3.064906712681e+12
312.00000000,2.783996449561e+14,6.014359112995e+12,2.378680072288e+13,6.014333791125e+12,2.378670372560e+13,7.273214886802e+12,7.348755922601e+12
312.50000000,1.648420315770e+14,1.296074440827e+13,5.125976661311e+13,1.296068984048e+13,5.125955758721e+13,1.567353684793e+13,1.583632527459e+13
313.00000000,-5.975591662513e+14,2.510247717954e+13,9.928034078147e+13,2.510237149219e+13,9.927993593837e+13,3.035663605842e+13,3.067192603224e+13
313.50000000,-3.640871313122e+12,4.369693893407e+13,1.728214692699e+14,4.369675495966e+13,1.728207645424e+14,5.284307451417e+13,5.339191304648e+13
314.00000000,-3.080311647464e+14,6.836514419519e+13,2.703842638608e+14,6.836485636180e+13,2.703831612940e+14,8.267454190164e+13,8.353321590298e+13
314.50000000,-4.494712453265e+14,9.613221571428e+13,3.802030798765e+14,9.613181097498e+13,3.802015294931e+14,1.162534942291e+14,1.174609258128e+14
315.00000000,-1.036532825084e+15,1.214939368632e+14,4.805087310067e+14,1.214934253451e+14,4.805067715991e+14,1.469236361927e+14,1.484496138840e+14
315.50000000,3.526080630235e+14,1.380042139061e+14,5.458069053457e+14,1.380036328758e+14,5.458046796668e+14,1.668896526073e+14,1.686230012596e+14
316.00000000,-1.732755786075e+14,1.408907731170e+14,5.572232520310e+14,1.408901799336e+14,5.572209797988e+14,1.703803928557e+14,1.721499970207e+14
316.50000000,-2.764191195714e+14,1.292782031470e+14,5.112955176594e+14,1.292776588553e+14,5.112934327103e+14,1.563372146562e+14,1.579609636190e+14
317.00000000,-4.822472567969e+14,1.066155167237e+14,4.216645535505e+14,1.066150678472e+14,4.216628340964e+14,1.289310380093e+14,1.302701410482e+14
317.50000000,-4.047158488446e+14,7.902552673938e+13,3.125460953119e+14,7.902519402327e+13,3.125448208185e+14,9.556623186606e+13,9.655880148691e+13
318.00000000,3.423780921624e+14,5.264601401979e+13,2.082150767547e+14,5.264579236765e+13,2.082142277000e+14,6.366526602513e+13,6.432650596027e+13
318.50000000,7.665334546762e+14,3.152199261811e+13,1.246695354747e+14,3.152185990309e+13,1.246690271001e+14,3.811980988570e+13,3.851572970494e+13
319.00000000,-7.080340538084e+13,1.696330955436e+13,6.708991870776e+13,1.696323813483e+13,6.708964513002e+13,2.051387242801e+13,2.072693352899e+13
319.50000000,-3.356643847400e+14,8.204548417128e+12,3.244900321927e+13,8.204513874044e+12,3.244887089946e+13,9.921829170129e+12,1.002487923316e+13
320.00000000,-5.541313115265e+14,3.566515345399e+12,1.410557437663e+13,3.566500329529e+12,1.410551685724e+13,4.313016901189e+12,4.357812740334e+12
320.50000000,-2.726509113079e+14,1.393402940154e+12,5.510911044952e+12,1.393397073599e+12,5.510888572687e+12,1.685053854822e+12,1.702555154530e+12
321.00000000,-1.304197436968e+14,4.892718152305e+11,1.935070877803e+12,4.892697552809e+11,1.935062987016e+12,5.916805071608e+11,5.978258169129e+11
321.50000000,-2.389989256049e+14,1.544051995042e+11,6.106728318311e+11,1.544045494219e+11,6.106703416436e+11,1.867235019619e+11,1.886628488622e+11
322.00000000,-7.109114200775e+14,4.379343870629e+10,1.732031260363e+11,4.379325432559e+10,1.732024197526e+11,5.295977249790e+10,5.350982307834e+10
322.50000000,8.985810106645e+13,1.116319493749e+10,4.415045533863e+10,1.116314793792e+10,4.415027530336e+10,1.349974520656e+10,1.363995620704e+10
323.00000000,-4.608877950835e+14,2.557390278420e+09,1.011448298655e+10,2.557379511379e+09,1.011444174264e+10,3.092673499894e+09,3.124794613213e+09
323.50000000,7.594380561563e+14,5.265396103916e+08,2.082465072301e+09,5.265373936083e+08,2.082456580760e+09,6.367487645808e+08,6.433621620906e+08
324.00000000,-2.991465010513e+14,9.742877774784e+07,3.853309849679e+08,9.742836767476e+07,3.853294141686e+08,1.178214375928e+08,1.190451541436e+08
324.50000000,3.400926546494e+14,1.620241896850e+07,6.408059512103e+07,1.620235047517e+07,6.408033271783e+07,1.959372125425e+07,1.979722548474e+07
325.00000000,5.952641542517e+13,2.426904394792e+06,9.598411090493e+06,2.426894118198e+06,9.598371717942e+06,2.934875359938e+06,2.965357550838e+06
325.50000000,-8.974918008084e+14,3.654632382986e+05,1.445407741311e+06,3.654616152160e+05,1.445401513473e+06,4.419561918981e+05,4.465464355570e+05
326.00000000,6.829405559859e+14,3.053912549267e+05,1.207822942889e+06,3.053896796393e+05,1.207816872611e+06,3.693111664352e+05,3.731469046168e+05
326.50000000,-5.706674385801e+14,1.623357239754e+06,6.420380698691e+06,1.623350370516e+06,6.420354381278e+06,1.963138130077e+06,1.983527667589e+06
327.00000000,3.482254595125e+14,9.067081767408e+06,3.586032411556e+07,9.067043650991e+06,3.586017811507e+07,1.096489675564e+07,1.107878032312e+07
327.50000000,-1.503525163998e+14,4.673429165939e+07,1.848342045663e+08,4.673409495347e+07,1.848334510770e+08,5.651616920696e+07,5.710315722089e+07
328.00000000,-6.235362427700e+14,2.217371888020e+08,8.769709662809e+08,2.217362551763e+08,8.769673899522e+08,2.681486404976e+08,2.709336848509e+08
328.50000000,-1.953075529046e+14,9.684094530942e+08,3.830061066545e+09,9.684053758530e+08,3.830045448374e+09,1.171105667531e+09,1.183269000600e+09
329.00000000,-1.268442748706e+14,3.893126094446e+09,1.539732045556e+10,3.893109703676e+09,1.539725766955e+10,4.707990016728e+09,4.756888124089e+09
329.50000000,2.370391296204e+14,1.440649992058e+10,5.697773217175e+10,1.440643926581e+10,5.697749982923e+10,1.742190110605e+10,1.760284838667e+10
330.00000000,2.200637516771e+14,4.907276973092e+10,1.940828893950e+11,4.907256312291e+10,1.940820979679e+11,5.934411175561e+10,5.996047133530e+10
330.50000000,-2.719645472880e+14,1.538672441359e+11,6.085452174165e+11,1.538665963184e+11,6.085427359043e+11,1.860729480257e+11,1.880055381453e+11
331.00000000,1.919855196171e+14,4.440957805333e+11,1.756399582225e+12,4.440939107851e+11,1.756392420018e+12,5.370487497436e+11,5.426266433520e+11
331.50000000,-5.247144137548e+14,1.179867535145e+12,4.666378147797e+12,1.179862567624e+12,4.666359119346e+12,1.426823699725e+12,1.441642970413e+12
332.00000000,-8.362023973595e+13,2.885474010975e+12,1.141205471782e+13,2.885461862449e+12,1.141200818200e+13,3.489427907084e+12,3.525669789463e+12
332.50000000,-4.351560336627e+14,6.495752690675e+12,2.569071315750e+13,6.495725342023e+12,2.569060839650e+13,7.855368175261e+12,7.936955569251e+12
333.00000000,-9.977538365705e+13,1.346080993376e+13,5.323752663372e+13,1.346075326057e+13,5.323730954295e+13,1.627827027939e+13,1.644733958602e+13
333.50000000,-5.932445171727e+14,2.567693607846e+13,1.015523267230e+14,2.567682797250e+13,1.015519126153e+14,3.105133401992e+13,3.137383926296e+13
334.00000000,-2.100351413408e+14,4.508647813301e+13,1.783170992116e+14,4.508628830830e+13,1.783163720742e+14,5.452345591436e+13,5.508974721734e+13
334.50000000,-2.635260804503e+13,7.287544822856e+13,2.882225241352e+14,7.287514140574e+13,2.882213488280e+14,8.812889037389e+13,8.904421430784e+13
335.00000000,-1.628816519725e+14,1.084297835990e+14,4.288399821889e+14,1.084293270841e+14,4.288382334750e+14,1.311250461485e+14,1.324869365861e+14
335.50000000,-6.888457644855e+13,1.485076685240e+14,5.873480865760e+14,1.485070432717e+14,5.873456915014e+14,1.795915683151e+14,1.814568415543e+14
336.00000000,8.307746776475e+14,1.872330519760e+14,7.405070452919e+14,1.872322636807e+14,7.405040256692e+14,2.264224991139e+14,2.287741675821e+14
336.50000000,1.097995903452e+14,2.172950382583e+14,8.594022531766e+14,2.172941233950e+14,8.593987487257e+14,2.627767111003e+14,2.655059615417e+14
337.00000000,-2.523354813022e+14,2.321405271376e+14,9.181161874413e+14,2.321395497712e+14,9.181124435681e+14,2.807294852346e+14,2.836451967080e+14
337.50000000,-3.822502324902e+14,2.282895807159e+14,9.028856876646e+14,2.282886195629e+14,9.028820058980e+14,2.760725034488e+14,2.789398465963e+14
338.00000000,5.438036603884e+14,2.066594092256e+14,8.173383219063e+14,2.066585391408e+14,8.173349889828e+14,2.499149557648e+14,2.525106214936e+14
338.50000000,-1.945688685182e+14,1.722099117024e+14,6.810904994545e+14,1.722091866580e+14,6.810877221192e+14,2.082548896594e+14,2.104178657738e+14
339.00000000,-2.594191848800e+14,1.320975515616e+14,5.224460455289e+14,1.320969953997e+14,5.224439151104e+14,1.597466763253e+14,1.614058366255e+14
339.50000000,1.113821715976e+14,9.327489081007e+13,3.689023549248e+14,9.327449810078e+13,3.689008506232e+14,1.127981072728e+14,1.139696505301e+14
340.00000000,-1.123653500570e+15,6.062722363313e+13,2.397807746176e+14,6.062696837822e+13,2.397797968451e+14,7.331700970785e+13,7.407849454519e+13
340.50000000,-1.142526320653e+14,3.627463523042e+13,1.434662452491e+14,3.627448250565e+13,1.434656602257e+14,4.386722043271e+13,4.432283398472e+13
341.00000000,-2.697490602814e+14,1.997883969951e+13,7.901634566178e+13,1.997875558388e+13,7.901602345073e+13,2.416057830826e+13,2.441151481148e+13
341.50000000,-2.499098513794e+14,1.012904733277e+13,4.006039976839e+13,1.012900468709e+13,4.006023641100e+13,1.224914183968e+13,1.237636382839e+13
342.00000000,-3.683065784519e+14,4.727126965801e+12,1.869579534822e+13,4.727107063482e+12,1.869571911093e+13,5.716554261813e+12,5.775927515162e+12
342.50000000,-7.600767257028e+14,2.030744874322e+12,8.031599499959e+12,2.030736324407e+12,8.031566748886e+12,2.455796797917e+12,2.481303184943e+12
343.00000000,2.627645577376e+14,8.030487435968e+11,3.176059173690e+12,8.030453625724e+11,3.176046222429e+12,9.711335766654e+11,9.812199603928e+11
343.50000000,-4.270340048142e+14,2.923181695203e+11,1.156118867434e+12,2.923169387919e+11,1.156114153039e+12,3.535028125679e+11,3.571743620869e+11
344.00000000,1.115904944669e+15,9.794807547693e+10,3.873848083871e+11,9.794766309193e+10,3.873832287162e+11,1.184494286616e+11,1.196796676508e+11
344.50000000,-1.689463035350e+14,3.021071125692e+10,1.194834154170e+11,3.021058406218e+10,1.194829281882e+11,3.653406634548e+10,3.691351632140e+10
345.00000000,-2.734821065658e+14,8.577284875030e+09,3.392317655672e+10,8.577248762536e+09,3.392303822517e+10,1.037258249316e+10,1.048031416858e+10
345.50000000,-1.975230086337e+13,2.241646458879e+09,8.865715632656e+09,2.241637020859e+09,8.865679479614e+09,2.710841851514e+09,2.738997186471e+09
346.00000000,-2.968643128397e+14,5.394652093953e+08,2.133585838778e+09,5.394629379957e+08,2.133577138000e+09,6.523797999918e+08,6.591555444999e+08
346.50000000,-4.249034764530e+14,1.206185808560e+08,4.770466964799e+08,1.206180732196e+08,4.770447519658e+08,1.458650618010e+08,1.473800449311e+08
347.00000000,-2.094994291906e+14,3.068972129182e+07,1.213779009357e+08,3.068959234010e+07,1.213774070090e+08,3.711333795992e+07,3.749880436441e+07
347.50000000,3.564633974149e+14,3.551972320813e+07,1.404805668917e+08,3.551957413961e+07,1.404799959333e+08,4.295429895661e+07,4.340043072718e+07
348.00000000,-1.038423739273e+14,1.406970053089e+08,5.564569000140e+08,1.406964131691e+08,5.564546318075e+08,1.701460673375e+08,1.719132377517e+08
348.50000000,-4.283100901847e+14,5.865512180252e+08,2.319811084572e+09,5.865487486467e+08,2.319801625455e+09,7.093213037868e+08,7.166884539173e+08
349.00000000,-9.367015874217e+14,2.279384247963e+09,9.014968653935e+09,2.279374651530e+09,9.014931894136e+09,2.756478475792e+09,2.785107801676e+09
349.50000000,1.151472884471e+15,8.215760244781e+09,3.249334601708e+10,8.215725654716e+09,3.249321351734e+10,9.935387727696e+09,1.003857861257e+10
350.00000000,-2.184588691083e+14,2.746091288363e+10,1.086079580815e+11,2.746079726717e+10,1.086075152042e+11,3.320871212210e+10,3.355362431709e+10
350.50000000,6.461244360841e+12,8.511716175942e+10,3.366385223811e+11,8.511680339644e+10,3.366371496456e+11,1.029328971548e+11,1.040019784057e+11
351.00000000,1.243026537716e+14,2.446555885020e+11,9.676132768429e+11,2.446545584444e+11,9.676093311319e+11,2.958640538411e+11,2.989369559114e+11
351.50000000,-4.579711293580e+14,6.521236309700e+11,2.579150091495e+12,6.521208853757e+11,2.579139574295e+12,7.886185729335e+11,7.968093200483e+11
352.00000000,-7.212548312968e+14,1.611916038769e+12,6.375130728953e+12,1.611909252222e+12,6.375104732590e+12,1.949303576522e+12,1.969549425647e+12
352.50000000,-5.201592135489e+14,3.694821015844e+12,1.461302352576e+13,3.694805459775e+12,1.461296393711e+13,4.468178023895e+12,4.514585396881e+12
353.00000000,5.419431559716e+14,7.853869300203e+12,3.106206670363e+13,7.853836233560e+12,3.106194003944e+13,9.497749974691e+12,9.596395468054e+12
353.50000000,1.987498307378e+14,1.548153118447e+13,6.122948268493e+13,1.548146600358e+13,6.122923300475e+13,1.872194542526e+13,1.891639522107e+13
354.00000000,-8.310728248546e+14,2.829989136023e+13,1.119261194115e+14,2.829977221101e+13,1.119256630017e+14,3.422329582738e+13,3.457874568765e+13
354.50000000,-1.548805009188e+14,4.797299240077e+13,1.897332681468e+14,4.797279042316e+13,1.897324944568e+14,5.801414181269e+13,5.861668806379e+13
355.00000000,4.920140307881e+12,7.541375011531e+13,2.982615124996e+14,7.541343260563e+13,2.982602962556e+14,9.119848012120e+13,9.214568541609e+13
355.50000000,1.081885175997e+15,1.099376345808e+14,4.348035354368e+14,1.099371717174e+14,4.348017624049e+14,1.329485029793e+14,1.343293321971e+14
356.00000000,-5.804241593656e+14,1.486225566940e+14,5.878024694876e+14,1.486219309579e+14,5.878000725601e+14,1.797305035420e+14,1.815972197897e+14
356.50000000,1.054286547066e+14,1.863227361331e+14,7.369067445547e+14,1.863219516705e+14,7.369037396132e+14,2.253216465351e+14,2.276618813325e+14
357.00000000,3.841093071991e+14,2.166157300632e+14,8.567155880866e+14,2.166148180599e+14,8.567120945914e+14,2.619552180060e+14,2.646759362591e+14
357.50000000,-1.659003489757e+14,2.335378606622e+14,9.236426439546e+14,2.335368774128e+14,9.236388775457e+14,2.824192923782e+14,2.853525545199e+14
358.00000000,4.809616104348e+14,2.334897711780e+14,9.234524499611e+14,2.334887881310e+14,9.234486843278e+14,2.823611373618e+14,2.852937954941e+14
358.50000000,-2.213012836218e+14,2.164819505599e+14,8.561864899191e+14,2.164810391199e+14,8.561829985814e+14,2.617934373314e+14,2.645124752987e+14
359.00000000,5.017539999642e+14,1.861310129333e+14,7.361484789669e+14,1.861302292779e+14,7.361454771175e+14,2.250897940625e+14,2.274276207947e+14
359.50000000,9.640770824639e+14,1.484085353744e+14,5.869560147974e+14,1.484079105394e+14,5.869536213216e+14,1.794716857663e+14,1.813357138819e+14
360.00000000,-6.491782922591e+13,1.097207560660e+14,4.339457805346e+14,1.097202941157e+14,4.339440110004e+14,1.326862299735e+14,1.340643351724e+14
360.50000000,-4.877074914477e+14,7.512638793663e+13,2.971249945845e+14,7.512607163682e+13,2.971237829750e+14,9.085097062990e+13,9.179456662308e+13
361.00000000,6.297569453193e+14,4.768969854665e+13,1.886128404625e+14,4.768949776178e+13,1.886120713413e+14,5.767155218038e+13,5.827054022839e+13
361.50000000,8.737245857691e+14,2.807379148701e+13,1.110318940208e+14,2.807367328973e+13,1.110314412575e+14,3.394987135556e+13,3.430248137566e+13
362.00000000,-6.969529474572e+14,1.532574160464e+13,6.061333462648e+13,1.532567707965e+13,6.061308745881e+13,1.853354778056e+13,1.872604084149e+13
362.50000000,-5.059285400764e+14,7.758634790149e+12,3.068541405120e+13,7.758602124467e+12,3.068528892292e+13,9.382582083444e+12,9.480031420510e+12
363.00000000,7.794531033088e+14,3.642435588222e+12,1.440583906866e+13,3.642420252709e+12,1.440578032486e+13,4.404827887188e+12,4.450577293233e+12
363.50000000,-7.947157930842e+13,1.585771200331e+12,6.271727847587e+12,1.585764523860e+12,6.271702272877e+12,1.917686404258e+12,1.937603871234e+12
364.00000000,7.465989374441e+14,6.402218567323e+11,2.532078553743e+12,6.402191612472e+11,2.532068228490e+12,7.742256575914e+11,7.822669170656e+11
364.50000000,-2.962233542094e+14,2.396961061106e+11,9.479985153833e+11,2.396950969336e+11,9.479946496574e+11,2.898665102194e+11,2.928771206257e+11
365.00000000,9.492258238119e+12,8.322064914819e+10,3.291378117145e+11,8.322029876990e+10,3.291364695649e+11,1.006394285601e+11,1.016846893965e+11
365.50000000,1.379491994352e+14,2.679414620915e+10,1.059708947275e+11,2.679403339971e+10,1.059704626028e+11,3.240238559714e+10,3.273892312676e+10
366.00000000,2.505191626100e+14,7.999935087861e+09,3.163975714715e+10,7.999901406476e+09,3.163962812817e+10,9.674388557230e+09,9.774868653543e+09
366.50000000,4.902901661582e+14,2.214980062248e+09,8.760249987732e+09,2.214970737015e+09,8.760214266790e+09,2.678593955353e+09,2.706414357337e+09
367.00000000,-6.863392284225e+14,5.687122430917e+08,2.249257907771e+09,5.687098488255e+08,2.249248736378e+09,6.877484823061e+08,6.948915728831e+08
367.50000000,1.176204493173e+14,1.354388574866e+08,5.356609162575e+08,1.354382877968e+08,5.356587340863e+08,1.637873458171e+08,1.654884733029e+08
368.00000000,-6.077312195008e+14,3.006886960475e+07,1.189224314366e+08,3.006874300622e+07,1.189219464915e+08,3.636253620325e+07,3.674020463348e+07
368.50000000,-6.399148597597e+14,6.992551244520e+06,2.765555229958e+07,6.992521865172e+06,2.765543976743e+07,8.456150358319e+06,8.543977593851e+06
369.00000000,-7.625941113301e+14,5.296494005111e+06,2.094764297617e+07,5.296471896616e+06,2.094755831173e+07,6.405094543475e+06,6.471619111185e+06
369.50000000,-2.292575552642e+14,1.856899245803e+07,7.344039737657e+07,1.856891433877e+07,7.344009814259e+07,2.245563906706e+07,2.268886773706e+07
370.00000000,-5.126691715321e+14,7.639288808666e+07,3.021340048745e+08,7.639256644958e+07,3.021327728195e+08,9.238256068591e+07,9.334206407370e+07
370.50000000,-3.177727000124e+14,2.972124998823e+08,1.175475952504e+09,2.972112485543e+08,1.175471159201e+09,3.594215682841e+08,3.631545911604e+08
371.00000000,-3.714874779630e+14,1.082846939598e+09,4.282661524143e+09,1.082842380611e+09,4.282644060617e+09,1.309495881475e+09,1.323096562439e+09
371.50000000,-9.908731178560e+13,3.693048734597e+09,1.460601415036e+10,3.693033185952e+09,1.460595459013e+10,4.466034790311e+09,4.512419903252e+09
372.00000000,-2.804300839543e+14,1.179003550847e+10,4.662961088401e+10,1.178998586983e+10,4.662942073960e+10,1.425778876359e+10,1.440587295306e+10
372.50000000,-3.648451524537e+14,3.523365720465e+10,1.393491753517e+11,3.523350886243e+10,1.393486071160e+11,4.260835698085e+10,4.305089573024e+10
373.00000000,-4.752994332375e+13,9.856290861431e+10,3.898164745118e+11,9.856249364130e+10,3.898148849274e+11,1.191929515260e+11,1.204309128895e+11
373.50000000,1.332607206436e+14,2.580970759010e+11,1.020774382818e+12,2.580959892511e+11,1.020770220326e+12,3.121189572176e+11,3.153606859013e+11
374.00000000,-5.012642540698e+13,6.326551103821e+11,2.502152058804e+12,6.326524467546e+11,2.502141855585e+12,7.650751278057e+11,7.730213480835e+11
374.50000000,7.422548389148e+13,1.451663174805e+12,5.741330374039e+12,1.451657062960e+12,5.741306962174e+12,1.755508444915e+12,1.773741499808e+12
375.00000000,-3.405031387756e+14,3.118028682418e+12,1.233180884670e+13,3.118015554782e+12,1.233175856034e+13,3.770658220498e+12,3.809821016051e+12
375.50000000,-1.195090831044e+15,6.269172558719e+12,2.479458834265e+13,6.269146164024e+12,2.479448723584e+13,7.581362922525e+12,7.660104444238e+12
376.00000000,-5.572664718618e+14,1.179931082191e+13,4.666629476475e+13,1.179926114403e+13,4.666610447000e+13,1.426900547699e+13,1.441720616545e+13
376.50000000,1.355824232322e+14,2.078833696663e+13,8.221790875719e+13,2.078824944283e+13,8.221757349088e+13,2.513951013847e+13,2.540061401962e+13
377.00000000,1.033740057379e+14,3.428466358928e+13,1.355959039571e+14,3.428451924276e+13,1.355953510272e+14,4.146073104743e+13,4.189135032887e+13
377.50000000,4.502625903113e+13,5.292945051576e+13,2.093360685878e+14,5.292922767029e+13,2.093352149620e+14,6.400802815543e+13,6.467282808525e+13
378.00000000,6.257623045832e+14,7.649138014725e+13,3.025235411449e+14,7.649105810049e+13,3.025223075213e+14,9.250166715135e+13,9.346240760224e+13
378.50000000,-1.091189267400e+15,1.034773878756e+14,4.092532485137e+14,1.034769522114e+14,4.092515796702e+14,1.251360724900e+14,1.264357602730e+14
379.00000000,5.357642995347e+14,1.310377582451e+14,5.182545611240e+14,1.310372065452e+14,5.182524477974e+14,1.584650593846e+14,1.601109085600e+14
379.50000000,4.070771540867e+14,1.553336824397e+14,6.143449834513e+14,1.553330284482e+14,6.143424782894e+14,1.878463241580e+14,1.897973329098e+14
380.00000000,-3.370483803000e+14,1.723665996312e+14,6.817102004848e+14,1.723658739272e+14,6.817074206225e+14,2.084443736850e+14,2.106093178177e+14
380.50000000,-5.358642396832e+14,1.790436607129e+14,7.081179886433e+14,1.790429068969e+14,7.081151010959e+14,2.165189996173e+14,2.187678083980e+14
381.00000000,3.794301302919e+14,1.740937445148e+14,6.885410614947e+14,1.740930115390e+14,6.885382537777e+14,2.105330244694e+14,2.127196617386e+14
381.50000000,-5.302564201360e+13,1.584622251359e+14,6.267183752409e+14,1.584615579726e+14,6.267158196230e+14,1.916296970635e+14,1.936200006681e+14
382.00000000,1.441295730416e+14,1.350164364020e+14,5.339902401351e+14,1.350158679510e+14,5.339880626419e+14,1.632765082285e+14,1.649723300549e+14
382.50000000,-1.447546536102e+14,1.076876104005e+14,4.259046859017e+14,1.076871570103e+14,4.259029491573e+14,1.302275298788e+14,1.315800985365e+14
383.00000000,-6.335668502709e+14,8.040126945160e+13,3.179871601247e+14,8.040093094329e+13,3.179858634439e+14,9.722992905922e+13,9.823977816530e+13
383.50000000,-4.336316726782e+14,5.619244856504e+13,2.222412315319e+14,5.619221198158e+13,2.222403252817e+14,6.795399904639e+13,6.865978260353e+13
384.00000000,3.853254742475e+14,3.676297678864e+13,1.453976369588e+14,3.676282200784e+13,1.453970440597e+14,4.445777597227e+13,4.491952314990e+13
384.50000000,-4.465948038005e+14,2.251442099811e+13,8.904457409533e+13,2.251432620709e+13,8.904421099140e+13,2.722687802552e+13,2.750966171879e+13
385.00000000,9.273122481206e+13,1.290707969660e+13,5.104752258539e+13,1.290702535475e+13,5.104731442497e+13,1.560863966230e+13,1.577075405406e+13
385.50000000,6.307022879899e+13,6.926469945266e+12,2.739420064642e+13,6.926440783194e+12,2.739408893898e+13,8.376238161444e+12,8.463235413232e+12
386.00000000,1.284216080855e+14,3.479463523670e+12,1.376128427071e+13,3.479448874308e+12,1.376122815526e+13,4.207744403517e+12,4.251446861861e+12
386.50000000,-4.614757907365e+14,1.636170554764e+12,6.471057381776e+12,1.636163666100e+12,6.471030994248e+12,1.978634766013e+12,1.999185254623e+12
387.00000000,-1.928758665972e+14,7.202119931971e+11,2.848439682191e+12,7.202089609349e+11,2.848428066890e+12,8.709584000829e+11,8.800043447861e+11
387.50000000,-6.241291011840e+12,2.967612015790e+11,1.173691066932e+12,2.967599521446e+11,1.173686280882e+12,3.588758084776e+11,3.626031629856e+11
388.00000000,6.874475575429e+13,1.144638513226e+11,4.527047305010e+11,1.144633694033e+11,4.527028844740e+11,1.384220948224e+11,1.398597738382e+11
388.50000000,5.438535938826e+14,4.132791348266e+10,1.634519695008e+11,4.132773948245e+10,1.634513029803e+11,4.997819217858e+10,5.049727548126e+10
389.00000000,-2.558087775239e+14,1.396792489048e+10,5.524316716705e+10,1.396786608208e+10,5.524294189716e+10,1.689152864768e+10,1.706696737596e+10
389.50000000,-5.539153357010e+14,4.419091028323e+09,1.747751268125e+10,4.419072422894e+09,1.747744141180e+10,5.344043821975e+09,5.399548108862e+09
390.00000000,3.299331045646e+14,1.308717693954e+09,5.175980749359e+09,1.308712183722e+09,5.175959641984e+09,1.582643277933e+09,1.599080921310e+09
390.50000000,-5.965561170561e+14,3.628024917141e+08,1.434884483954e+09,3.628009644418e+08,1.434878633653e+09,4.387400947282e+08,4.432969353713e+08
391.00000000,9.773128090772e+12,9.414669233181e+07,3.723503314553e+08,9.414629620166e+07,3.723488140809e+08,1.138523849210e+08,1.150348781126e+08
391.50000000,2.160972000041e+14,2.286912869394e+07,9.044744364751e+07,2.286903283617e+07,9.044707651041e+07,2.765582877962e+07,2.794306763952e+07
392.00000000,3.566744093795e+14,5.199997074358e+06,2.056599744768e+07,5.199975716252e+06,2.056591570048e+07,6.288400865717e+06,6.353713430010e+06
392.50000000,7.802251210225e+13,1.106788627836e+06,4.377350942644e+06,1.106784046247e+06,4.377333402271e+06,1.338450176484e+06,1.352351582433e+06
393.00000000,2.725171088657e+14,2.205127064051e+05,8.721281362777e+05,2.205118895055e+05,8.721250209591e+05,2.666698903897e+05,2.694395761545e+05
393.50000000,-2.116149488731e+14,4.112518250479e+04,1.626501681318e+05,4.112499798646e+04,1.626494599058e+05,4.973437547545e+04,5.025092645004e+04
394.00000000,8.191227500291e+14,7.179295717861e+03,2.839412701553e+04,7.179283966104e+03,2.839408429837e+04,8.683146131004e+03,8.773330989136e+03
394.50000000,6.417492797745e+13,1.173129608667e+03,4.639729636891e+03,1.173194943093e+03,4.639988649269e+03,1.420077925890e+03,1.434827133648e+03
395.00000000,-4.027933054696e+14,1.793272965805e+02,7.092397689914e+02,1.793819851061e+02,7.094561561792e+02,2.178791261548e+02,2.201420614764e+02
395.50000000,-7.997870527261e+14,2.562444268250e+01,1.013447152509e+02,2.560516649099e+01,1.012684912940e+02,3.178866376023e+01,3.211882705452e+01
396.00000000,6.393104203047e+14,3.328904128948e+00,1.316582160346e+01,3.335435027592e+00,1.319165306628e+01,4.379891472388e+00,4.425381883940e+00
396.50000000,1.599486253991e+14,5.162093641493e-01,2.041608930496e+00,7.404723126447e-01,2.928569668661e+00,1.919580643911e+00,1.939517784831e+00
397.00000000,1.272339936265e+15,2.408129611545e-01,9.524156790191e-01,4.545746140253e-01,1.797843625001e+00,1.016320452009e+00,1.026876155483e+00
397.50000000,-4.571464852996e+14,-3.258334754258e-02,-1.288671960417e-01,4.139464776579e-01,1.637159253920e+00,5.216504125847e-01,5.270683760445e-01
398.00000000,-3.149720299859e+14,-1.241297368448e-01,-4.909333245052e-01,6.520662047371e-02,2.578923312246e-01,1.196374514302e+00,1.208800294569e+00
398.50000000,-4.102384869076e+14,-1.586573131097e-01,-6.274899485156e-01,9.866681650959e-02,3.902274821071e-01,-4.487120174024e-01,-4.533724283896e-01
399.00000000,1.156446557485e+15,-1.802524930762e-01,-7.128989227367e-01,-1.007499793320e-01,-3.984663957740e-01,-9.227291304977e-01,-9.323127761571e-01
399.50000000,1.394994243542e+14,-1.917220852968e-01,-7.582611798613e-01,-4.201430664062e-01,-1.661666776413e+00,-1.812440657035e+00,-1.831265021046e+00
400.00000000,-1.865862717956e+14,-7.169029379547e-01,-2.835352362969e+00,-8.025356522817e-01,-3.174030317079e+00,-2.599858217593e+00,-2.626860854768e+00
400.50000000,-2.066368803245e+14,-6.645614614335e-01,-2.628341732549e+00,-6.560342261905e-01,-2.594616846055e+00,-3.835821397569e+00,-3.875660990655e+00
401.00000000,3.760101040239e+14,-6.730977130870e-01,-2.662102622643e+00,-2.161763444527e-01,-8.549779304848e-01,-2.191603624132e+00,-2.214366049057e+00
401.50000000,1.339298801526e+13,-4.009601107804e-01,-1.585797933540e+00,-6.198680865575e-02,-2.451579682135e-01,-1.028056991981e+00,-1.038734593460e+00
402.00000000,-2.486682496704e+14,-3.318206535218e-01,-1.312351260171e+00,3.720073268022e-02,1.471289817578e-01,-6.620783316799e-01,-6.689548070396e-01
402.50000000,7.732131177952e+13,-1.198332558284e-01,-4.739407346336e-01,1.460506779101e-01,5.776307609492e-01,2.927435825893e-01,2.957840748333e-01
403.00000000,2.753225036228e+14,-8.218729332011e-03,-3.250508876222e-02,3.018737030837e-01,1.193911177394e+00,2.755681423611e-01,2.784302471155e-01
403.50000000,-6.056465646831e+14,2.116338769015e-01,8.370123501917e-01,3.353650276951e-01,1.326369441863e+00,9.505672433036e-01,9.604400210605e-01
404.00000000,2.030839257982e+14,3.848620205026e-01,1.522129958572e+00,4.063924127811e-01,1.607282910274e+00,8.978650586971e-01,9.071904612319e-01
404.50000000,-1.374471692945e+14,2.252430762235e-01,8.908367571136e-01,2.314767381779e-01,9.154910222197e-01,2.368185143849e+00,2.392781579059e+00
405.00000000,-2.671744522973e+13,-8.722808159722e-02,-3.449872140007e-01,-9.402997891865e-02,-3.718887789639e-01,8.456481791501e-01,8.544312469364e-01
405.50000000,2.957335862104e+14,1.393427579365e-02,5.511008493075e-02,-5.805220734127e-02,-2.295966111295e-01,8.706794394841e-01,8.797224868478e-01
406.00000000,-2.754439827731e+14,-1.479775855655e-01,-5.852516075558e-01,-1.002660073578e-01,-3.965522855231e-01,6.520078641700e-01,6.587797456797e-01
406.50000000,-2.822913162851e+14,4.640170304233e-03,1.835188160090e-02,1.830392278439e-01,7.239205594660e-01,3.377754732970e-01,3.412836755868e-01
407.00000000,-5.221951730887e+14,-2.047351500496e-01,-8.097278735278e-01,1.295211226852e-02,5.122563327075e-02,-7.230203579696e-01,-7.305297891626e-01
407.50000000,8.445661436245e+13,-1.237396246693e-01,-4.893904301745e-01,7.244519882606e-02,2.865209249545e-01,-8.414091848545e-01,-8.501482256149e-01
408.00000000,-6.070489791998e+13,-3.919687500000e-01,-1.550237086059e+00,-2.771558159722e-01,-1.096151878050e+00,-1.851169136491e+00,-1.870395742083e+00
408.50000000,-1.850666363030e+14,-3.754751880787e-01,-1.485005020055e+00,-4.069835896164e-01,-1.609621015992e+00,-1.598151599702e+00,-1.614750315550e+00
409.00000000,8.680040061329e+14,-2.757141978753e-01,-1.090450130781e+00,-5.160653573495e-01,-2.041039653708e+00,-4.477294766865e-01,-4.523796828131e-01
409.50000000,-4.518156233709e+14,-4.786576657573e-02,-1.893091898228e-01,-2.025292452050e-02,-8.010036221420e-02,1.999540653935e-01,2.020308275196e-01
410.00000000,-2.239515432669e+14,6.806016968419e-02,2.691780891409e-01,3.048912967097e-01,1.205845766999e+00,1.174410259590e+00,1.186607914801e+00
410.50000000,4.072933528521e+14,4.972206204530e-02,1.966508416244e-01,2.969678871114e-01,1.174508664145e+00,6.963354001323e-01,7.035676761214e-01
411.00000000,-2.516018741847e+14,-4.696051380622e-03,-1.857289135494e-02,5.186898096478e-01,2.051419368474e+00,7.787229456019e-01,7.868109147911e-01
411.50000000,7.616630427345e+14,-1.929589947090e-01,-7.631531587318e-01,2.707806299603e-01,1.070938002976e+00,-1.322346436839e-01,-1.336080586191e-01
412.00000000,4.710538466911e+14,-2.041871512277e-01,-8.075605372367e-01,4.406878100198e-01,1.742921283800e+00,1.239625519283e+00,1.252500512967e+00
412.50000000,4.509681562960e+14,-7.343664227844e-02,-2.904420475758e-01,1.422968129960e-01,5.627842167372e-01,2.627623852927e-01,2.654914869434e-01
413.00000000,2.776206395508e+14,3.494132254464e-01,1.381929912644e+00,3.614039700624e-01,1.429353517728e+00,2.649130916212e+00,2.676645309296e+00
413.50000000,1.419025403712e+13,2.210194808718e-01,8.741324301722e-01,8.138249214616e-02,3.218679402179e-01,2.341081355665e+00,2.365396285617e+00
414.00000000,-3.659871246271e+14,1.080483107794e-01,4.273312565257e-01,2.234879699384e-01,8.838954257920e-01,2.433733274430e+00,2.459010505375e+00
414.50000000,1.093699121855e+14,-1.798208162822e-01,-7.111916402678e-01,1.123794675151e-01,4.444610478000e-01,1.397015190972e+00,1.411524864644e+00
415.00000000,9.757622902829e+14,-7.685323951358e-01,-3.039546955663e+00,1.218862033420e-01,4.820602094639e-01,1.495525528196e+00,1.511058349545e+00
415.50000000,-1.466360459740e+14,1.187800289739e-01,4.697752205976e-01,3.510795730510e-02,1.388520504233e-01,1.889603678062e+00,1.909229472338e+00
416.00000000,-9.611094777863e+12,2.420793079195e-01,9.574240826708e-01,3.945568460131e-01,1.560473216979e+00,-8.460066379769e-01,-8.547934287868e-01
416.50000000,-3.220694554175e+14,-1.461181308000e-01,-5.778974607332e-01,5.264130714053e-01,2.081964886166e+00,-9.755233919658e-01,-9.856553691757e-01
417.00000000,-6.713480810409e+14,-9.705692771629e-02,-3.838603174482e-01,2.531361030700e-01,1.001153859279e+00,-3.538250005813e-01,-3.574998964082e-01
417.50000000,-5.771073934993e+14,2.278048896588e-01,9.009687336930e-01,1.179538420016e-01,4.665077114824e-01,-2.633215120507e-01,-2.660564209016e-01
418.00000000,3.496220063503e+14,-9.014969227301e-02,-3.565421892905e-01,1.351780111323e-02,5.346293392903e-02,-5.830131567900e-01,-5.890684457418e-01
418.50000000,-4.232722871509e+13,-5.769102324632e-02,-2.281680969954e-01,-3.310995241195e-02,-1.309499365589e-01,-6.346417943561e-01,-6.412333084600e-01
419.00000000,9.148734187114e+14,-5.874468614689e-02,-2.323353355946e-01,-1.094240864749e-04,-4.327725091117e-04,-5.877817647621e-01,-5.938865814113e-01
419.50000000,7.238416433900e+14,-3.505207157841e-01,-1.386310038851e+00,-2.677166224888e-01,-1.058819846507e+00,-6.546351785004e-01,-6.614343478119e-01
420.00000000,-3.285539014658e+14,-5.905868772476e-01,-2.335772123797e+00,-3.755246443168e-01,-1.485200816291e+00,-1.388352328346e+00,-1.402772027828e+00
420.50000000,-2.997437415629e+14,-4.349575190468e-01,-1.720257742197e+00,-3.162384314159e-01,-1.250723710387e+00,-1.646591786218e+00,-1.663693611340e+00
421.00000000,-1.145660758680e+13,-4.298677364935e-01,-1.700127643371e+00,-4.565258437061e-01,-1.805560742795e+00,-1.443672766953e+00,-1.458667035357e+00
421.50000000,-2.516161754418e+14,-1.423843600157e-01,-5.631303908059e-01,-2.261905407779e-01,-8.945840995654e-01,-1.232331077939e+00,-1.245130310125e+00
422.00000000,8.578650447636e+14,2.442512026186e-01,9.660139299728e-01,9.345265286562e-02,3.696054531204e-01,7.526000924893e-01,7.604167446044e-01
422.50000000,-1.855114544573e+14,2.346652283038e-01,9.281013849322e-01,1.033510483838e-01,4.087536297475e-01,2.646068535053e-01,2.673551121646e-01
423.00000000,-4.985181087841e+14,1.751892696966e-01,6.928738654889e-01,1.329795813182e-01,5.259345444110e-01,2.680274832589e-01,2.708112692495e-01
423.50000000,-1.347092272113e+14,-4.250905128762e-02,-1.681233715679e-01,-2.615270104787e-01,-1.034339917029e+00,3.215376958292e-01,3.248772493787e-01
424.00000000,-2.845690988088e+14,7.105808996776e-02,2.810348690618e-01,2.682141203704e-01,1.060787451752e+00,-2.748125930060e-01,-2.776668504766e-01
424.50000000,1.226516910086e+14,-3.290236390129e-01,-1.301289062937e+00,-1.273299592841e-01,-5.035902765079e-01,-4.511516978753e-02,-4.558374478622e-02
425.00000000,2.684423292188e+14,-4.429686983300e-02,-1.751941970156e-01,1.875125713046e-01,7.416126429547e-01,-1.756072363798e+00,-1.774311275663e+00
425.50000000,-6.496758069245e+14,1.483887235450e-01,5.868776589778e-01,-4.761762669478e-02,-1.883278211090e-01,-1.680230463583e+00,-1.697681666603e+00
426.00000000,3.718267226508e+14,2.409121300430e-02,9.528078921451e-02,9.682200210813e-02,3.829312369833e-01,-1.144212482432e+00,-1.156096497609e+00
426.50000000,-3.016702772772e+14,2.075324642444e-01,8.207912560196e-01,2.251452546296e-01,8.904499904883e-01,-1.929935515873e-03,-1.949980204524e-03
427.00000000,9.422663842424e+13,5.501637938161e-02,2.175898758717e-01,3.141663566468e-02,1.242528649996e-01,-1.475119770999e-01,-1.490440654152e-01
427.50000000,-1.161022110497e+14,-1.900959201389e-01,-7.518296938414e-01,-1.033611472801e-01,-4.087935709053e-01,6.764175450562e-01,6.834429502974e-01
428.00000000,7.776572175106e+14,-3.270991030093e-01,-1.293677519705e+00,-3.738326512897e-01,-1.478508980048e+00,7.687966683201e-01,7.767815412474e-01
428.50000000,3.256934831884e+14,-3.066365947421e-02,-1.212748264019e-01,-4.658928571429e-01,-1.842607302090e+00,-1.066319764798e+00,-1.077394770938e+00
429.00000000,3.866882400826e+14,-3.470834780093e-01,-1.372715757490e+00,-3.122822937335e-01,-1.235077176919e+00,-1.712975115741e+00,-1.730766411138e+00
429.50000000,-4.325895718408e+13,-5.408313130374e-01,-2.138988781051e+00,-5.785259383267e-01,-2.288071392523e+00,-2.423921513310e+00,-2.449096837381e+00
430.00000000,-4.220772477274e+14,-4.110325830853e-01,-1.625634578975e+00,-4.676822813327e-01,-1.849684478801e+00,-1.841173993469e+00,-1.860296787545e+00
430.50000000,-4.146304727903e+14,-2.341064401455e-01,-9.258913767971e-01,-1.804160776290e-01,-7.135459944423e-01,-6.866306010251e-02,-6.937620810680e-02
431.00000000,2.186105513667e+14,6.260839327050e-02,2.476163039695e-01,-2.117685598545e-02,-8.375451324451e-02,1.914104239005e+00,1.933984500910e+00
431.50000000,3.097637703236e+14,3.716394055886e-01,1.469834493654e+00,1.422993241567e-01,5.627941483835e-01,2.915402695106e+00,2.945682639090e+00
432.00000000,1.571810827972e+14,5.318912657077e-01,2.103630878357e+00,5.247589802414e-01,2.075422951877e+00,3.711624131944e+00,3.750173787879e+00
432.50000000,6.659478466941e+14,3.096317687665e-01,1.224594182480e+00,7.277454737103e-01,2.878234991936e+00,3.567895864335e+00,3.604952730303e+00
433.00000000,3.480706435572e+14,8.206278935185e-02,3.245584742119e-01,2.401957361938e-01,9.499746790619e-01,1.518861121445e+00,1.534636310840e+00
433.50000000,-4.709420618042e+14,1.202553013393e-01,4.756099253612e-01,1.892562520668e-01,7.485089043070e-01,-6.162232969577e-01,-6.226235129365e-01
434.00000000,1.681149338209e+14,-5.882232452877e-01,-2.326423955296e+00,-3.920971085483e-01,-1.550744949751e+00,-1.138110542741e+00,-1.149931181976e+00
434.50000000,3.726617473292e+14,-4.689942439649e-01,-1.854873048280e+00,1.659361204117e-01,6.562777309490e-01,-1.074775483631e+00,-1.085938312524e+00
435.00000000,-2.245746968945e+14,-2.976456473214e-01,-1.177189051377e+00,2.107692832341e-01,8.335929911550e-01,-7.468066922950e-01,-7.545631730199e-01
435.50000000,1.191489190790e+14,2.575711547206e-01,1.018694363637e+00,4.033257120122e-01,1.595154101808e+00,7.005893528853e-01,7.078658112617e-01
436.00000000,5.024031169368e+14,2.992245938740e-01,1.183433787731e+00,6.623094411376e-01,2.619435335341e+00,1.491870701058e+00,1.507365562655e+00
436.50000000,6.244365237733e+14,-1.887302104001e-02,-7.464283094560e-02,3.096826016865e-01,1.224795389002e+00,-8.468855871776e-01,-8.556815069262e-01
437.00000000,-2.614386861748e+14,-2.959206452546e-01,-1.170366665211e+00,-1.915273954200e-01,-7.574912813975e-01,4.044597697586e-01,4.086605682256e-01
437.50000000,5.813218227324e+13,2.251435391865e-02,8.904430879595e-02,-2.045183505911e-01,-8.088705384358e-01,-5.485891978753e-01,-5.542869528407e-01
438.00000000,-1.343017522438e+14,-3.220557984044e-01,-1.273731241246e+00,-1.610547908399e-01,-6.369720614696e-01,-5.321411572007e-01,-5.376680795909e-01
438.50000000,1.631430165438e+14,-1.290447746156e-01,-5.103723074129e-01,-1.949354280341e-01,-7.709700580823e-01,-8.408819883639e-01,-8.496155535582e-01
439.00000000,2.204490833204e+14,2.138952494626e-01,8.459560825931e-01,2.594710260623e-01,1.026208494020e+00,6.892432725694e-01,6.964018883312e-01
439.50000000,-1.721515371357e+14,4.144536572007e-01,1.639164933035e+00,1.869303721271e-01,7.393100438933e-01,1.107537491733e+00,1.119040593265e+00
440.00000000,-1.073720564370e+14,7.355977492560e-01,2.909290374088e+00,2.648628110532e-01,1.047533015835e+00,3.010277615017e+00,3.041542948521e+00
440.50000000,5.811035871021e+13,4.946356104291e-01,1.956284697116e+00,4.319424874442e-01,1.708333513264e+00,2.453005430514e+00,2.478482825851e+00
441.00000000,2.159329577228e+13,2.179253782242e-01,8.618952488348e-01,5.785851766596e-01,2.288305680263e+00,2.094575143643e+00,2.116329811746e+00
441.50000000,-5.784758606207e+14,-3.028503082114e-01,-1.197773494223e+00,2.198054405899e-01,8.693310139026e-01,1.203832040292e+00,1.216335275886e+00
442.00000000,-1.232645345188e+14,-3.912816756314e-01,-1.547519705740e+00,1.092403958437e-01,4.320460122509e-01,4.575900413876e-01,4.623426612725e-01
442.50000000,-1.450275439349e+14,-2.343293579747e-01,-9.267730171983e-01,4.201081349206e-01,1.661528622309e+00,6.668274565197e-01,6.737532572212e-01
443.00000000,2.645670676563e+14,-2.080418320106e-01,-8.228058064184e-01,8.456623509321e-02,3.344596507631e-01,-2.435012226407e-01,-2.460302740799e-01
443.50000000,-1.371621304059e+14,1.863392023965e-01,7.369718686547e-01,3.390286106332e-01,1.340858920656e+00,4.233683355422e-01,4.277655220807e-01
444.00000000,-2.587159389776e+14,2.957526211209e-01,1.169702129470e+00,4.121077622510e-01,1.629887130334e+00,3.083249498801e-02,3.115272732597e-02
444.50000000,8.120600230360e+13,-4.698906469597e-02,-1.858418323679e-01,3.720259115229e-01,1.471363320191e+00,1.435632529284e-01,1.450543290203e-01
445.00000000,-7.328544443839e+14,3.109810015966e-01,1.229930400663e+00,6.779415152414e-01,2.681260223723e+00,3.707956869135e-01,3.746468436159e-01
445.50000000,-1.274498573688e+14,7.077309001943e-02,2.799076937719e-01,3.703501037921e-01,1.464735496831e+00,5.881880260649e-01,5.942970622236e-01
446.00000000,1.029078529843e+15,-8.814356243800e-02,-3.486079423137e-01,5.658184491516e-02,2.237813244139e-01,-7.829693894159e-02,-7.911014630032e-02
446.50000000,2.286611480093e+14,-2.899790788277e-01,-1.146867759688e+00,-1.103004195602e-01,-4.362384084435e-01,-1.533421762941e+00,-1.549348182013e+00
447.00000000,2.457103090309e+14,-2.646684757616e-01,-1.046764280664e+00,-2.364496485796e-01,-9.351588940883e-01,-2.036940171338e+00,-2.058096231319e+00
447.50000000,-8.588435046466e+13,-3.264674802104e-01,-1.291179450440e+00,-6.788050136667e-01,-2.684675361945e+00,-2.816415163716e+00,-2.845667003792e+00
448.00000000,-9.298016811425e+13,-1.362566344246e-01,-5.388952254655e-01,-7.974829792648e-01,-3.154046983887e+00,-2.466218450314e+00,-2.491833078665e+00
448.50000000,1.028934024062e+14,-4.520928535260e-02,-1.788028019781e-01,-3.301391381965e-01,-1.305701037095e+00,-1.055580747251e+00,-1.066544215849e+00
449.00000000,5.484027127807e+14,-2.190470338852e-01,-8.663313989192e-01,-6.527265134135e-01,-2.581534834552e+00,-7.976794226914e-01,-8.059642775683e-01
449.50000000,5.246182231200e+14,-3.357592217985e-01,-1.327928304536e+00,-5.820159246858e-01,-2.301874296454e+00,-9.713545076885e-01,-9.814431860489e-01
450.00000000,3.887083082671e+14,-5.853663607804e-01,-2.315124972114e+00,-3.565831602389e-01,-1.410287203989e+00,-5.022203931052e-01,-5.074365525732e-01
450.50000000,1.801572643265e+14,-3.822211513620e-01,-1.511685316541e+00,1.143290951038e-01,4.521718293159e-01,-6.576638713211e-02,-6.644944972301e-02
451.00000000,-3.232712068099e+14,-7.005909081515e-01,-2.770838256806e+00,5.974516937417e-01,2.362922797928e+00,8.851754169767e-01,8.943690224047e-01
451.50000000,5.687866686131e+14,-1.544966182002e-01,-6.110343929325e-01,3.645408554481e-01,1.441759906512e+00,2.709841985470e+00,2.737986935622e+00
452.00000000,-8.097213459883e+14,5.372171120618e-01,2.124694609925e+00,1.348254417783e+00,5.332349266990e+00,-5.940931144593e-02,-6.002634820238e-02
452.50000000,5.999313400051e+14,-1.777487160012e-01,-7.029964800624e-01,4.931221529845e-01,1.950299228633e+00,-3.015420764096e+00,-3.046739515354e+00
453.00000000,3.940921598364e+14,-3.070138630539e-02,-1.214240360846e-01,3.981593011119e-01,1.574720935030e+00,-1.414209449405e-01,-1.428897706016e-01
453.50000000,4.347233486425e+14,2.499877206308e-01,9.887018686600e-01,4.006859783193e-01,1.584713949091e+00,8.384997261491e-01,8.472085487010e-01
454.00000000,-2.504350301952e+14,3.391853091931e-01,1.341478486124e+00,5.935619574653e-01,2.347538882170e+00,2.203603923818e+00,2.226490986209e+00
454.50000000,7.230908394259e+14,2.224778955853e-01,8.799004628936e-01,4.189279927249e-01,1.656861157260e+00,2.110001172908e+00,2.131916058777e+00
455.00000000,-2.149317850042e+14,-1.699657428075e-01,-6.722148075833e-01,1.111060267857e-01,4.394245868397e-01,2.028643430680e+00,2.049713319086e+00
455.50000000,-7.193601533596e+14,-1.293782087054e-01,-5.116910398163e-01,-2.628418020420e-01,-1.039539920631e+00,-3.693865740741e-01,-3.732230954542e-01
456.00000000,4.305460632913e+14,-4.676847976604e-01,-1.849694185874e+00,-3.848894210896e-01,-1.522238529575e+00,1.033880518353e+00,1.044618604119e+00
456.50000000,-5.628539686577e+14,-5.140483424272e-02,-2.033062085838e-01,-1.383242910880e-02,-5.470728836200e-02,8.455701988261e-01,8.543524566933e-01
457.00000000,4.771571966825e+14,-1.871486183449e-01,-7.401731101346e-01,-1.574642960483e-02,-6.227716464604e-02,9.394561528604e-01,9.492135286536e-01
457.50000000,2.242599853636e+14,1.197054294808e-02,4.734351812073e-02,9.746810929233e-02,3.854865923559e-01,1.717936471768e+00,1.735779296781e+00
458.00000000,-1.009862723362e+13,8.073339843750e-02,3.193007308400e-01,-7.682652839782e-02,-3.038490933048e-01,1.281399646577e+00,1.294708514538e+00
458.50000000,-6.369344472701e+14,-2.069474103009e-01,-8.184773666586e-01,3.337300037202e-01,1.319902918350e+00,8.743770978009e-01,8.834585497688e-01
459.00000000,4.675764389306e+14,-1.478553034061e-01,-5.847679814033e-01,3.684359343998e-01,1.457164952562e+00,4.272482845569e-01,4.316857690065e-01
459.50000000,4.441386114434e+14,1.498359995040e-01,5.926016379057e-01,5.199756944444e-01,2.056505045749e+00,1.929750465030e+00,1.949793231706e+00
460.00000000,1.234096721988e+14,-1.139267319775e-01,-4.505804225595e-01,5.416757812500e-01,2.142328938068e+00,2.133617797206e+00,2.155777969964e+00
460.50000000,1.739241577172e+14,-3.361464533730e-01,-1.329459806085e+00,6.701167069692e-01,2.650313089336e+00,1.692998532573e+00,1.710582347261e+00
461.00000000,-3.454227655188e+14,4.274490947421e-01,1.690561911050e+00,2.962308614418e-01,1.171593725958e+00,-2.513950169478e-01,-2.540060548822e-01
461.50000000,2.860756352449e+14,-1.632390873016e-02,-6.456108733909e-02,1.055410982970e-01,4.174152820998e-01,2.291543588790e-01,2.315344009782e-01
462.00000000,-3.813352714502e+14,2.541036292989e-02,1.004980294581e-01,3.368422929067e-02,1.332212029111e-01,2.322808056382e-01,2.346933196265e-01
462.50000000,3.641858391130e+14,9.573330543155e-02,3.786253890165e-01,-7.633001095403e-02,-3.018853656934e-01,5.831669715195e-01,5.892238580213e-01
463.00000000,-4.740188695868e+13,2.137746930804e-01,8.454792818921e-01,8.327773644180e-02,3.293636356870e-01,9.260370267030e-01,9.356550288210e-01
463.50000000,2.940096205351e+14,1.729127862517e-01,6.838703695159e-01,2.275286096644e-01,8.998761650328e-01,4.986538008433e-01,5.038329169848e-01
464.00000000,3.936768898197e+13,4.855520678323e-02,1.920359270392e-01,5.189797272859e-01,2.052565993387e+00,8.319969876405e-01,8.406382714753e-01
464.50000000,3.086572223362e+14,-2.119821712756e-01,-8.383898550456e-01,-2.129472372065e-01,-8.422068040341e-01,6.872698851893e-01,6.944080049629e-01
465.00000000,4.403340643828e+13,4.737233124587e-02,1.873576522374e-01,1.776619414476e-01,7.026533796254e-01,1.563814286489e+00,1.580056368270e+00
465.50000000,5.374512013011e+14,2.005238527974e-01,7.930721855915e-01,2.423237795552e-03,9.583910953620e-03,2.042955815714e+00,2.064174355357e+00
466.00000000,2.633878732956e+14,2.925576467968e-01,1.157066000478e+00,1.155897880837e-01,4.571578728984e-01,2.337203677384e+00,2.361478333009e+00
466.50000000,4.182067843997e+14,1.254438802729e-01,4.961307640425e-01,9.517114386987e-02,3.764020889230e-01,9.621051261942e-01,9.720977386650e-01
467.00000000,5.139018932071e+14,-1.539956132192e-01,-6.090529173638e-01,-3.061178333747e-01,-1.210696722279e+00,5.526316550926e-02,5.583713958112e-02
467.50000000,6.175849058569e+14,-2.758771494709e-02,-1.091094604624e-01,-3.236166501323e-01,-1.279904582072e+00,3.080026455026e-02,3.112016213658e-02
468.00000000,-8.090605416474e+13,-2.968998015873e-01,-1.174239230205e+00,-3.852314814815e-01,-1.523591379198e+00,-1.838207671958e-01,-1.857299657237e-01
468.50000000,1.014690267088e+15,-4.739841269841e-01,-1.874608044275e+00,-1.697559523810e-01,-6.713851750134e-01,-4.525502645503e-01,-4.572505403248e-01
469.00000000,-3.663901211183e+14,-4.955767195767e-01,-1.960006785428e+00,-1.698756613757e-01,-6.718586243578e-01,-1.414391534392e-01,-1.429081682173e-01
469.50000000,1.010394029235e+12,-5.242857142857e-01,-2.073550909293e+00,7.085846560847e-02,2.802453914957e-01,-7.931640211640e-01,-8.014019781954e-01
470.00000000,-8.138513292424e+13,1.702433862434e-01,6.733128878536e-01,1.842751322751e-01,7.288085642824e-01,-7.938571428571e-01,-8.021022987863e-01
470.50000000,7.633716641721e+14,-1.986693121693e-01,-7.857374741910e-01,2.199014550265e-01,8.697107512161e-01,5.676719576720e-02,5.735679099220e-02
471.00000000,-9.638912805774e+13,1.775826719577e-02,7.023397755824e-02,2.005950727513e-01,7.933539657198e-01,4.118558201058e-01,4.161334354018e-01
471.50000000,2.712826936683e+14,-1.812408234127e-01,-7.168077709315e-01,-7.371536044974e-02,-2.915444170444e-01,-3.734639550265e-02,-3.773428248846e-02
472.00000000,-6.240257515516e+14,-1.128650196217e-01,-4.463813483507e-01,-1.580611785404e-01,-6.251323180647e-01,-8.225931506283e-01,-8.311367643681e-01
472.50000000,1.666112046049e+14,-3.497439959491e-01,-1.383238110556e+00,-1.935579943783e-01,-7.655223048633e-01,-9.502000919726e-01,-9.600690564238e-01
473.00000000,3.081917772950e+14,-1.447636977100e-01,-5.725406755134e-01,-4.218674716849e-01,-1.668486803184e+00,-8.233719928075e-01,-8.319236957549e-01
473.50000000,3.245447272978e+14,6.729874545304e-03,2.661666549861e-02,-4.827184813161e-01,-1.909152683691e+00,6.799876818783e-01,6.870501672605e-01
474.00000000,-6.923898429262e+13,-2.617825934193e-01,-1.035350610995e+00,-3.347980995784e-01,-1.324127239881e+00,3.172146370701e-01,3.205092904837e-01
474.50000000,-5.655496523046e+14,-8.878561094577e-02,-3.511472452755e-01,-2.037672164352e-01,-8.058998011529e-01,5.934248770255e-01,5.995883041450e-01
475.00000000,-3.906890264603e+14,-1.268445043816e-01,-5.016702348216e-01,-2.207514415923e-01,-8.730724500033e-01,1.342870473710e-01,1.356817789733e-01
475.50000000,7.112340789011e+14,-1.028476924190e-01,-4.067628018906e-01,5.156134775959e-02,2.039252468262e-01,-2.191732855903e-01,-2.214496623055e-01
476.00000000,-1.696867356093e+13,-2.326318927745e-01,-9.200595393873e-01,5.479829075728e-02,2.167273636918e-01,-7.778101748512e-01,-7.858886638245e-01
476.50000000,6.649032296340e+13,-3.152593290137e-01,-1.246851193018e+00,-4.352049825355e-01,-1.721236688718e+00,-1.409630453766e+00,-1.424271152030e+00
477.00000000,1.644429697911e+14,-3.696844178861e-01,-1.462102513900e+00,-1.777654183201e-01,-7.030626308899e-01,-5.926358326100e-01,-5.987910645595e-01
477.50000000,4.840470147443e+14,-3.733525300203e-01,-1.476609903753e+00,-1.421445764612e-01,-5.621821208983e-01,8.823093894676e-02,8.914732277720e-02
478.00000000,7.576159303664e+14,-2.869078362682e-01,-1.134720990038e+00,-2.454628712488e-01,-9.708062100987e-01,2.153387470548e-01,2.175752975010e-01
478.50000000,-3.712622565977e+14,-1.853074350508e-01,-7.328912270133e-01,-2.627675987930e-02,-1.039246446614e-01,-4.292679708168e-01,-4.337264321239e-01
479.00000000,-2.940063235188e+14,-9.431434203456e-02,-3.730133863204e-01,1.835088497747e-02,7.257779152629e-02,-2.477662618324e-01,-2.503396108048e-01
479.50000000,8.694876983556e+13,-1.382544474930e-01,-5.467965796158e-01,3.261011588283e-01,1.289730819575e+00,-8.058862550120e-01,-8.142563476584e-01
480.00000000,2.150636662579e+14,-1.904654773531e-01,-7.532912932644e-01,6.185641818576e-03,2.446422736103e-02,-1.325195011522e+00,-1.338958746729e+00
480.50000000,8.127695280614e+13,-2.819919982587e-01,-1.115278842185e+00,-6.602870848318e-02,-2.611436911585e-01,-2.222742958674e-02,-2.245828802834e-02
481.00000000,-3.254414118494e+14,-5.476008242653e-02,-2.165762209698e-01,-4.665848065735e-01,-1.845343963650e+00,-9.110722488323e-01,-9.205348238332e-01
481.50000000,2.242611003674e+14,1.806236653000e-01,7.143669095254e-01,-1.282527146112e-01,-5.072397759106e-01,4.153956734794e-01,4.197100543865e-01
482.00000000,-3.724096984572e+14,-1.419233824715e-02,-5.613072238190e-02,-2.061426637034e-01,-8.152947004630e-01,1.099220849093e-02,1.110637572344e-02
482.50000000,-5.176853822586e+13,-4.788427153088e-02,-1.893823769525e-01,-1.239524949493e-01,-4.902323974367e-01,9.947988704298e-01,1.005131046538e+00
483.00000000,5.815624714794e+13,6.981663715019e-02,2.761249210152e-01,-1.681713794527e-02,-6.651181855037e-02,1.994857427365e+00,2.015576407717e+00
483.50000000,2.245852184392e+14,1.994233182069e-01,7.887195693775e-01,2.896940822702e-01,1.145740749573e+00,2.734497416501e+00,2.762898442794e+00
484.00000000,3.749166550578e+14,-1.400477464161e-01,-5.538890799670e-01,5.078214195090e-01,2.008434860932e+00,3.749505633480e+00,3.788448734117e+00
484.50000000,-4.108870516713e+13,2.983942328559e-01,1.180149708464e+00,4.893736929111e-01,1.935474060578e+00,2.979492359303e+00,3.010437951105e+00
485.00000000,-2.212204827595e+14,-1.525018394511e-01,-6.031450395199e-01,3.779318938079e-01,1.494721493465e+00,2.214685970569e+00,2.237688133270e+00
485.50000000,-2.348587440096e+13,-1.144627976190e-01,-4.527005631014e-01,3.799114583333e-01,1.502550675633e+00,1.109008597884e+00,1.120526978613e+00
486.00000000,3.082106409216e+14,-8.350429894180e-02,-3.302596471402e-01,2.894500661376e-01,1.144775665217e+00,5.044378306878e-01,5.096770208973e-01
486.50000000,6.485949448469e+14,-4.503776455026e-01,-1.781244369074e+00,1.343174603175e-01,5.312258588743e-01,3.196455026455e-01,3.229654035056e-01
487.00000000,-1.616984404095e+14,-6.834100529101e-01,-2.702887944529e+00,-2.035687830688e-01,-8.051149967407e-01,-1.105291005291e+00,-1.116770774375e+00
487.50000000,-1.706775511113e+14,-1.658661375661e+00,-6.560008617434e+00,-1.164576719577e-01,-4.605903555800e-01,-8.148328042328e+00,-8.232958174935e+00
488.00000000,-3.601018147701e+14,-1.514206349206e+00,-5.988688737269e+00,-1.339521164021e+00,-5.297809228641e+00,-5.474994708995e+00,-5.531859077468e+00
488.50000000,4.274858149325e+14,-1.529829365079e+00,-6.050477792143e+00,-1.238451058201e+00,-4.898076731884e+00,-3.497047619048e+00,-3.533368641249e+00
489.00000000,9.375941264909e+13,-6.050562169312e-01,-2.392998387340e+00,-1.159171296296e+00,-4.584525094519e+00,-2.026609788360e+00,-2.047658554958e+00
489.50000000,-6.575520649518e+14,-1.222250330688e-01,-4.834002177676e-01,-2.918210978836e-01,-1.154153101127e+00,1.465476190476e-02,1.480696913511e-02
490.00000000,-1.312083070636e+14,1.077313988095e-01,4.260778691352e-01,-3.274030464616e-01,-1.294879788105e+00,2.200562169312e-02,2.223417639444e-02
490.50000000,-3.878069692885e+14,5.838144066220e-02,2.308986990726e-01,-1.252577789145e-01,-4.953947984669e-01,2.752612330522e-01,2.781201501864e-01
491.00000000,2.356431540526e+14,-6.875983796296e-02,-2.719452783969e-01,-3.509180255870e-01,-1.387881583648e+00,-7.286438039951e-01,-7.362116414011e-01
491.50000000,3.347874163252e+14,7.675272817460e-02,3.035571730464e-01,-3.804157676091e-01,-1.504545219958e+00,-3.134706204530e-01,-3.167263877760e-01
492.00000000,-2.495188552946e+14,-2.263289000496e-01,-8.951311922288e-01,-3.444734002976e-01,-1.362393076075e+00,1.158418278770e-01,1.170449838132e-01
492.50000000,5.410993136032e+14,-1.616553922784e-01,-6.393473568276e-01,-4.389503761574e-01,-1.736049728950e+00,-4.129712301587e-02,-4.172604303222e-02
493.00000000,4.851024523554e+14,-2.078793919478e-01,-8.221633556882e-01,-1.982234519676e-01,-7.839742001645e-01,1.086631066055e+00,1.097917029352e+00
493.50000000,4.096652793573e+14,2.718645006614e-01,1.075224571623e+00,1.710977802579e-02,6.766921072970e-02,1.822468140294e+00,1.841396651712e+00
494.00000000,1.947443704907e+14,-3.182491112765e-02,-1.258675787053e-01,2.379041366981e-01,9.409113978815e-01,2.498837880291e+00,2.524791300437e+00
494.50000000,6.810744536984e+14,-4.293142102761e-02,-1.697938446222e-01,1.564762886491e-02,6.188640749657e-02,3.284618882275e-01,3.318733577968e-01
495.00000000,-4.111688691396e+14,1.700466269841e-01,6.725347046419e-01,4.168783068783e-01,1.648754645108e+00,1.369722883598e+00,1.383949094014e+00
495.50000000,2.961551733295e+14,1.600694444444e-01,6.330749303936e-01,1.802777777778e-01,7.129990182185e-01,6.181031746032e-01,6.245229153598e-01
496.00000000,9.334969243079e+14,1.620132275132e-01,6.407625958018e-01,5.891772486772e-01,2.330197349012e+00,-2.653915343915e-01,-2.681479429003e-01
496.50000000,1.627315656775e+14,-6.043928571429e-01,-2.390374798226e+00,-6.779854497354e-01,-2.681433984746e+00,-1.061164021164e+00,-1.072185478739e+00
497.00000000,5.221639797429e+14,-7.374365079365e-01,-2.916562667859e+00,-7.080555555556e-01,-2.800361321169e+00,-2.831894179894e+00,-2.861306788067e+00
497.50000000,1.142951098231e+15,-1.121804232804e+00,-4.436737686338e+00,-8.561309523810e-01,-3.385999850001e+00,-2.568341269841e+00,-2.595016565818e+00
498.00000000,-1.748655312246e+14,-1.015542658730e+00,-4.016472976580e+00,-6.203882275132e-01,-2.453636840790e+00,-2.112067460317e+00,-2.134003807052e+00
498.50000000,-3.826117857766e+14,-6.060462962963e-01,-2.396914152946e+00,-8.406605489418e-02,-3.324814369464e-01,-7.982010582011e-01,-8.064913308866e-01
499.00000000,5.064465536136e+13,-5.442926793981e-01,-2.152678491012e+00,-2.560197689319e-01,-1.012558764275e+00,-1.213008763228e+00,-1.225607310065e+00
499.50000000,5.615234404543e+14,-1.056259145585e-01,-4.177506752709e-01,-4.217122886698e-01,-1.667873054009e+00,-6.652724583540e-01,-6.721821085396e-01
500.00000000,2.809293391809e+14,-4.026765891617e-01,-1.592586608515e+00,-5.874341873347e-01,-2.323303537466e+00,-1.027947543816e+00,-1.038624008545e+00
500.50000000,6.162099029338e+14,-2.443374768519e-01,-9.663551447148e-01,-6.300876548032e-01,-2.491998097625e+00,-1.815138425926e+00,-1.833990809493e+00
501.00000000,-5.442252981557e+14,-1.683884157986e-01,-6.659764765273e-01,-1.583384924769e-01,-6.262290953095e-01,-1.146262281539e+00,-1.158167586331e+00
501.50000000,5.974218676643e+14,-1.265727235243e-01,-5.005953410595e-01,6.829261574074e-02,2.700974494746e-01,1.012383420139e-01,1.022898232828e-01
502.00000000,6.215791827077e+14,-9.194073206019e-02,-3.636257547551e-01,3.303823148148e-01,1.306662801169e+00,1.129485104167e+00,1.141216157905e+00
502.50000000,1.067830990024e+15,9.735292462384e-02,3.850309857310e-01,3.330002922454e-01,1.317016907819e+00,1.279942571615e+00,1.293236306109e+00
503.00000000,2.993925995998e+14,2.423433854167e-01,9.584685096302e-01,3.119347446470e-01,1.233702619497e+00,1.154034327980e+00,1.166020354770e+00
503.50000000,5.324850553001e+13,1.925391174769e-01,7.614925435504e-01,-1.183352828414e-02,-4.680163108653e-02,-1.505141905382e-01,-1.520774604309e-01
504.00000000,3.091497559273e+14,1.610734335214e-01,6.370457089343e-01,9.630387984664e-02,3.808820622691e-01,3.617757848669e-01,3.655332590982e-01
504.50000000,5.503619680364e+14,2.415007009549e-01,9.551356911223e-01,1.732041775174e-01,6.850229132148e-01,1.595328516710e+00,1.611897911464e+00
505.00000000,2.433740781332e+14,-3.360336132812e-01,-1.329013523326e+00,-1.342831626157e-01,-5.310902113866e-01,6.609538219763e-01,6.678186179578e-01
505.50000000,8.028831935529e+13,-5.398780703848e-01,-2.135218704707e+00,-2.269891001157e-01,-8.977424035497e-01,-1.164079084563e+00,-1.176169438164e+00
506.00000000,2.437347170482e+14,-2.575366666667e-01,-1.018557963324e+00,-4.685086324508e-01,-1.852952699340e+00,-1.214105458984e+00,-1.226715396319e+00
506.50000000,-2.823397362839e+14,-4.257701909722e-01,-1.683921843728e+00,-6.104172352431e-01,-2.414201543844e+00,-1.105491673177e+00,-1.116973526437e+00
507.00000000,-1.898815346233e+13,-1.081501139323e-01,-4.277338881719e-01,-3.292390664786e-01,-1.302141251418e+00,-9.473490067998e-01,-9.571883593214e-01
507.50000000,2.990741948957e+14,-2.108386067708e-02,-8.338670554458e-02,4.976867621528e-02,1.968352268202e-01,-3.757961588542e-02,-3.796992514385e-02
508.00000000,6.429802803785e+14,9.561302300347e-02,3.781496718048e-01,-9.547863136574e-03,-3.776182026635e-02,-2.945172989005e-01,-2.975762133098e-01
508.50000000,-3.083927096397e+14,1.954249146412e-01,7.729058763404e-01,2.456686957465e-01,9.716202464522e-01,2.178828993056e-02,2.201458738158e-02
509.00000000,1.021042104131e+15,7.164782407407e-02,2.833672684751e-01,2.659817288773e-01,1.051958338356e+00,-1.392850516493e+00,-1.407316935039e+00
509.50000000,5.598329611615e+14,1.879520833333e-01,7.433508155573e-01,9.893115740741e-02,3.912729509549e-01,-1.960809994213e+00,-1.981175351249e+00
510.00000000,5.748636236518e+14,-2.568323958333e-01,-1.015772570957e+00,1.604661168981e-01,6.346438547004e-01,-2.087695578704e+00,-2.109378794297e+00
510.50000000,2.090243331988e+14,-4.084687152778e-01,-1.615494477350e+00,-1.176101851852e-02,-4.651485479974e-02,-1.957055196759e+00,-1.977381555733e+00
511.00000000,-2.816967925617e+14,-4.706052430556e-01,-1.861244552477e+00,2.747099074074e-01,1.086478304152e+00,-8.661056828704e-01,-8.751012263011e-01
511.50000000,5.967141958474e+13,-1.400976967593e-01,-5.540866336608e-01,2.516106712963e-01,9.951207731698e-01,1.353408854167e+00,1.367465623875e+00
512.00000000,1.263303771385e+14,4.423363425926e-02,1.749441002118e-01,8.568516203704e-02,3.388850093527e-01,1.602480162037e+00,1.619123835182e+00
512.50000000,3.565453026534e+14,-1.326670254630e-01,-5.246983157966e-01,-6.725947916667e-02,-2.660113919911e-01,8.844408217593e-01,8.936267975373e-01
513.00000000,8.500125241937e+14,2.818548958333e-01,1.114736601855e+00,-1.856108680556e-01,-7.340914023104e-01,6.009920370370e-01,6.072340581641e-01
513.50000000,6.540247974083e+13,4.926960879630e-01,1.948613882399e+00,4.465703703704e-02,1.766186823270e-01,1.218363055556e+00,1.231017213123e+00
514.00000000,-2.099978650599e+14,7.559340856481e-01,2.989720619790e+00,6.228800000000e-01,2.463491806602e+00,2.265009375000e+00,2.288534206446e+00
514.50000000,5.026713406564e+14,6.793788773148e-01,2.686944638058e+00,6.614244328704e-01,2.615935125646e+00,2.124657106481e+00,2.146724211749e+00
515.00000000,6.259263935166e+14,4.072735995370e-01,1.610767792522e+00,4.859666550926e-01,1.921999218312e+00,1.945676550926e+00,1.965884729053e+00
515.50000000,2.832309045923e+14,7.360844907407e-03,2.911215437505e-02,1.748387962963e-01,6.914878341768e-01,8.369454050926e-01,8.456380841612e-01
516.00000000,-5.409496926185e+14,-3.702958680556e-01,-1.464520800381e+00,-3.859356018519e-01,-1.526376176853e+00,1.619152199074e-01,1.635969031264e-01
516.50000000,2.484420853833e+14,-2.437525925926e-01,-9.640419264551e-01,-3.467743518519e-01,-1.371493344668e+00,2.874355902778e-01,2.904209526730e-01
517.00000000,5.458189446455e+14,-2.717483564815e-01,-1.074765221190e+00,-5.582140162037e-01,-2.207737694657e+00,-8.842219907407e-01,-8.934056936969e-01
517.50000000,7.224476158418e+14,-1.061943634259e-01,-4.199988915273e-01,-2.891689004630e-01,-1.143663654339e+00,3.889391782407e-01,3.929787768013e-01
518.00000000,4.971818984438e+14,9.607891203704e-02,3.799922637406e-01,-5.724644733796e-01,-2.264098284969e+00,-4.099447800926e-01,-4.142025469523e-01
518.50000000,7.315269389591e+14,2.226464293981e-01,8.805670144157e-01,-8.203252314815e-02,-3.244388142986e-01,-6.399204803241e-01,-6.465668198954e-01
519.00000000,5.982772528086e+14,3.158874016204e-01,1.249335221267e+00,8.966603009259e-03,3.546293515021e-02,1.130707638889e-01,1.142451390113e-01
519.50000000,2.702496940816e+14,-6.224751736111e-02,-2.461890391219e-01,1.646786168981e-01,6.513043017132e-01,-1.166313923611e+00,-1.178427488689e+00
520.00000000,-3.441794022762e+14,-1.948400954861e-01,-7.705929155677e-01,1.262881365741e-02,4.994698653372e-02,-2.401409085648e-01,-2.426350591231e-01
520.50000000,-7.914108331515e+13,-1.375171325231e-01,-5.438804976314e-01,1.613980208333e-01,6.383295368685e-01,8.252238715278e-02,8.337948084507e-02
521.00000000,-1.641667559178e+14,-1.183309519676e-01,-4.679991202587e-01,8.497624421296e-03,3.360812377576e-02,-3.248971585648e-01,-3.282716041529e-01
521.50000000,4.285226277490e+14,-1.096958304398e-01,-4.338471996400e-01,-2.002334982639e-01,-7.919239378055e-01,-2.661030931713e-01,-2.688668920691e-01
522.00000000,2.106429578322e+14,3.901659635417e-01,1.543107062490e+00,3.038376591435e-01,1.201678628046e+00,9.678378877315e-01,9.778900417875e-01
522.50000000,7.439107687522e+14,1.555107617188e-01,6.150453323071e-01,3.220253298611e-01,1.273610906806e+00,5.951816478588e-01,6.013633211446e-01
523.00000000,9.449814863162e+14,1.865352372685e-01,7.377471869137e-01,4.640814380787e-01,1.835443135601e+00,7.166480454282e-01,7.240912925339e-01
523.50000000,3.814679882591e+14,1.831330107060e-01,7.242913749583e-01,-4.151900260417e-01,-1.642077490586e+00,-1.466015603299e+00,-1.481241928781e+00
524.00000000,-1.086986796328e+14,-3.099175918692e-01,-1.225724613347e+00,-7.563748365162e-01,-2.991464186484e+00,-2.017880813079e+00,-2.038838918829e+00
524.50000000,6.223376320397e+14,-7.851459418403e-04,-3.105253561693e-03,-4.081284660735e-01,-1.614149004966e+00,1.148889461806e+00,1.160822053007e+00
525.00000000,1.011119879438e+14,-3.799554958767e-01,-1.502724645167e+00,-5.695033709491e-02,-2.252387118169e-01,-4.018180777995e-01,-4.059914391359e-01
525.50000000,7.243076369004e+14,-5.459093132415e-01,-2.159072280666e+00,-2.888561719654e-01,-1.142426812425e+00,1.443096647135e-01,1.458084931846e-01
526.00000000,7.291725730080e+14,-8.178286679868e-01,-3.234513800286e+00,-3.950950523546e-01,-1.562601824275e+00,-2.153129908583e+00,-2.175492737956e+00
526.50000000,1.575556683045e+14,-5.813310390444e-01,-2.299165267650e+00,-4.341295537652e-01,-1.716983365503e+00,-2.032206731047e+00,-2.053313628590e+00
527.00000000,1.295920683215e+15,-6.415051224320e-01,-2.537153871811e+00,-6.682113533981e-01,-2.642777411659e+00,-2.608538258011e+00,-2.635631047788e+00
527.50000000,9.185429606873e+14,-3.433467608869e-01,-1.357937034790e+00,-4.251259658927e-01,-1.681374155135e+00,-1.011057543132e+00,-1.021558585002e+00
528.00000000,9.650226425346e+13,-2.626750610352e-01,-1.038880321964e+00,-1.867903960503e-01,-7.387564381934e-01,-1.083107484719e+00,-1.094356851409e+00
528.50000000,7.756131618329e+14,2.356720853226e-01,9.320835061880e-01,3.445177300347e-01,1.362568400285e+00,3.364115393519e-01,3.399055755563e-01
529.00000000,-4.084233417053e+14,2.028848088469e-01,8.024097708621e-01,5.955872301794e-01,2.355548840328e+00,-2.944508407480e-01,-2.975090649099e-01
529.50000000,1.124864365613e+15,3.006424461082e-01,1.189041395776e+00,4.867360355179e-01,1.925042119632e+00,-7.927196021412e-01,-8.009529433494e-01
530.00000000,9.333195988281e+14,3.339368641493e-01,1.320720876873e+00,3.052269534867e-01,1.207173290310e+00,3.711942165799e-01,3.750495124895e-01
530.50000000,-2.067708832449e+14,5.434090878183e-01,2.149183884781e+00,1.674207436343e-01,6.621494191468e-01,9.889313035301e-01,9.992025379382e-01
531.00000000,-5.270622014171e+14,4.293664590567e-01,1.698145090239e+00,1.268404658565e-02,5.016543288964e-02,9.132180121528e-02,9.227028734723e-02
531.50000000,3.737342770802e+14,6.133384765625e-01,2.425754738546e+00,1.122896889468e-01,4.441059733596e-01,1.202211708623e+00,1.214698115134e+00
532.00000000,5.180805678143e+13,3.636870471644e-01,1.438382902294e+00,-1.648730859375e-01,-6.520734272030e-01,8.497020283565e-01,8.585272002154e-01
532.50000000,-3.360851044967e+13,3.764179542824e-02,1.488733662026e-01,-1.725545703125e-01,-6.824537152526e-01,-4.406087326389e-01,-4.451849813217e-01
533.00000000,8.312651244448e+14,-1.579549074074e-01,-6.247119327448e-01,-1.591131828704e-01,-6.292929975653e-01,-1.464687850116e+00,-1.479900385293e+00
533.50000000,-1.683131161202e+14,-5.406841319444e-01,-2.138406679574e+00,-8.409112673611e-01,-3.325805961378e+00,-1.957834505208e+00,-1.978168958232e+00
534.00000000,2.488803553352e+14,-1.883753472222e-01,-7.450248249719e-01,-1.816465682870e-01,-7.184125877736e-01,-4.710539525463e-01,-4.759464112522e-01
534.50000000,1.366412851833e+14,1.552805555556e-02,6.141348665325e-02,2.240583159722e-01,8.861511456437e-01,1.083225648148e+00,1.094476242107e+00
535.00000000,4.834062839545e+14,-7.896791666667e-02,-3.123182473744e-01,7.576936342593e-02,2.996680034536e-01,1.511281134259e-01,1.526977596421e-01
535.50000000,7.399941146037e+14,1.932828472222e-01,7.644339959833e-01,2.722338888889e-01,1.076685645320e+00,2.011093327546e+00,2.031980937141e+00
536.00000000,5.315049097393e+14,1.216149479167e-01,4.809873299328e-01,2.550736921296e-01,1.008817028386e+00,1.107214386574e+00,1.118714132273e+00
536.50000000,1.117667602540e+15,3.854929108796e-01,1.524625131107e+00,3.827556076389e-01,1.513799292559e+00,9.534477314815e-01,9.633504265534e-01
537.00000000,3.563109109129e+14,4.818950000000e-01,1.905895560773e+00,2.476832523148e-01,9.795878222291e-01,2.047998819444e+00,2.069269736713e+00
537.50000000,6.753018644299e+14,3.069134837963e-01,1.213843360709e+00,2.480803472222e-01,9.811583334846e-01,1.008292685185e+00,1.018765010699e+00
538.00000000,4.774683304650e+14,9.027725694444e-02,3.570467077873e-01,2.302481828704e-01,9.106320832040e-01,5.890785532407e-01,5.951968385893e-01
538.50000000,1.008275515090e+15,1.732763888889e-02,6.853084185768e-02,2.210893402778e-01,8.744088400676e-01,-2.908477083333e-01,-2.938685096556e-01
539.00000000,5.064752665031e+14,-2.734468865741e-01,-1.081482910652e+00,1.157632175926e-01,4.578437869978e-01,-4.940057638889e-01,-4.991366046073e-01
539.50000000,2.135505528418e+14,-1.407977199074e-01,-5.568552264258e-01,1.161874305556e-01,4.595215502243e-01,6.329133564815e-01,6.394869186907e-01
540.00000000,3.491425702812e+14,1.776664583333e-01,7.026711508435e-01,1.312043055556e-01,5.189133247608e-01,1.052293113426e+00,1.063222436014e+00
540.50000000,-1.800108415410e+14,3.028829282407e-01,1.197902506496e+00,1.967611805556e-01,7.781909134278e-01,1.087650208333e+00,1.098946756642e+00
541.00000000,-1.097935604760e+14,4.667543287037e-01,1.846014179537e+00,6.297857986111e-01,2.490804255704e+00,1.697649432870e+00,1.715281552721e+00
541.50000000,8.969357368980e+14,6.961414930556e-01,2.753240812385e+00,6.551430787037e-01,2.591092355732e+00,3.219770439815e+00,3.253211606870e+00
542.00000000,2.448270468023e+14,7.069016782407e-01,2.795797363454e+00,2.949738773148e-01,1.166622350897e+00,2.699786284722e+00,2.727826794395e+00
542.50000000,8.306523059648e+14,6.444144328704e-01,2.548660199640e+00,3.490591203704e-01,1.380529609318e+00,3.369510127315e+00,3.404506520122e+00
543.00000000,3.555913904071e+14,5.223479282407e-01,2.065886962124e+00,6.010620717593e-01,2.377201851140e+00,3.550868819444e+00,3.587748839186e+00
543.50000000,1.050767126192e+14,3.782577951389e-01,1.496010235804e+00,1.114569791667e-01,4.408126042989e-01,2.389200497685e+00,2.414015202480e+00
544.00000000,8.735732926847e+14,-4.729804398148e-02,-1.870638459779e-01,-3.775076967593e-02,-1.493043793179e-01,1.124805891204e+00,1.136488345719e+00
544.50000000,4.645541261847e+14,3.640242824074e-01,1.439716668265e+00,-2.794153819444e-01,-1.105088466572e+00,1.867827309028e+00,1.887226929665e+00
545.00000000,6.915405390495e+14,-1.320647743056e-01,-5.223164114245e-01,-5.989838310185e-01,-2.368982404317e+00,3.907794733796e-01,3.948381856063e-01
545.50000000,3.810136512536e+14,-3.045424710648e-01,-1.204466001243e+00,-4.368194444444e-01,-1.727621889213e+00,1.711331325231e+00,1.729105547899e+00
546.00000000,3.180384156926e+13,3.102250868056e-02,1.226940756354e-01,-1.241841174769e-01,-4.911484650564e-01,2.615838755787e+00,2.643007369965e+00
546.50000000,4.177135276546e+14,-5.599199074074e-02,-2.214484204891e-01,1.584602459491e-01,6.267106305671e-01,2.267386739005e+00,2.290936262219e+00
547.00000000,6.793340910965e+14,2.237280844907e-01,8.848449621828e-01,2.798277314815e-01,1.106719309923e+00,1.214867838542e+00,1.227485694099e+00
547.50000000,4.819580245238e+14,3.177512630208e-01,1.256706796338e+00,3.615214785880e-01,1.429818264211e+00,1.384118012153e+00,1.398493733197e+00
548.00000000,1.031985377702e+15,1.770851215278e-01,7.003719627693e-01,1.827124826389e-01,7.226282814423e-01,7.936425506366e-01,8.018854777688e-01
548.50000000,-4.290141856901e+13,1.750653443287e-01,6.923837404439e-01,4.033115509259e-01,1.595098094679e+00,7.021922497106e-01,7.094853560878e-01
549.00000000,2.895174599112e+14,7.243158130787e-02,2.864670296941e-01,-2.369564966725e-01,-9.371634794401e-01,-1.290478977141e+00,-1.303882144809e+00
549.50000000,1.128641180548e+15,-9.007672309028e-02,-3.562535960463e-01,-1.806107074653e-01,-7.143157558844e-01,-1.109084011863e+00,-1.120603175857e+00
550.00000000,9.121285233700e+14,-2.051568786169e-01,-8.113958107429e-01,-5.219529079861e-02,-2.064324929771e-01,-2.213091451823e+00,-2.236077053540e+00
550.50000000,-1.313982351800e+14,-9.415053385417e-02,-3.723655246828e-01,2.274763852720e-02,8.996696174431e-02,-1.672333285590e+00,-1.689702466972e+00
551.00000000,1.124311955447e+15,-2.922003501157e-01,-1.155652891484e+00,-1.425479110605e-01,-5.637773101491e-01,-1.836525016999e+00,-1.855599525895e+00
551.50000000,4.198894650006e+13,-7.978753700087e-01,-3.155598472176e+00,-6.989240547237e-01,-2.764246214758e+00,-3.174580996636e+00,-3.207552817275e+00
552.00000000,8.696228492442e+14,-4.183600525354e-01,-1.654614733359e+00,-4.287931936306e-01,-1.695878049120e+00,-1.424666277850e+00,-1.439463141132e+00
552.50000000,1.627848026226e+14,1.392449435764e-02,5.507139933436e-02,1.600463644748e-01,6.329837329183e-01,-2.056419547526e-01,-2.077777924128e-01
553.00000000,5.617245032532e+14,4.327877484809e-01,1.711676295846e+00,9.167316529225e-01,3.625675757493e+00,1.221448949653e+00,1.234135157921e+00
553.50000000,3.895432208308e+14,1.744766402814e+00,6.900554149158e+00,1.873630868598e+00,7.410214316381e+00,9.308542243562e-01,9.405222588334e-01
554.00000000,9.913114211325e+14,5.198167454608e+00,2.055876129840e+01,5.127468861762e+00,2.027915092724e+01,5.041145964988e+00,5.093504295347e+00
554.50000000,5.351196489415e+14,1.559656431840e+01,6.168443892910e+01,1.578451996003e+01,6.242781208689e+01,1.827977482277e+01,1.846963214801e+01
555.00000000,1.393698363030e+14,4.723039409650e+01,1.867962905655e+02,4.709528225188e+01,1.862619476578e+02,5.767822937174e+01,5.827728677038e+01
555.50000000,8.679812587470e+14,1.388236726447e+02,5.490478660780e+02,1.389193860453e+02,5.494264855200e+02,1.699268291833e+02,1.716917225470e+02
556.00000000,3.368380409662e+14,3.992049004669e+02,1.578856073706e+03,3.991234256879e+02,1.578534049905e+03,4.835558576584e+02,4.885781636019e+02
556.50000000,7.429373583861e+14,1.123375341573e+03,4.442951424244e+03,1.123213419227e+03,4.442311609508e+03,1.356409296335e+03,1.370497229224e+03
557.00000000,3.556403461572e+14,3.095043645020e+03,1.224090298393e+04,3.094979575450e+03,1.224065121006e+04,3.740340407213e+03,3.779188316012e+03
557.50000000,3.561492058592e+14,8.348623657487e+03,3.301882104476e+04,8.348764537260e+03,3.301938259823e+04,1.009453165426e+04,1.019937543915e+04
558.00000000,7.765523578170e+14,2.203940911866e+04,8.716590128828e+04,2.203920754534e+04,8.716511561128e+04,2.665175865148e+04,2.692856904217e+04
558.50000000,-1.451440827050e+14,5.695154242502e+04,2.252434490646e+05,5.695138559608e+04,2.252428586414e+05,6.887246085974e+04,6.958778374134e+04
559.00000000,1.609433567401e+14,1.440395672175e+05,5.696767381595e+05,1.440394195780e+05,5.696762297042e+05,1.741889386365e+05,1.759980991046e+05
559.50000000,5.286943689088e+14,3.566138689045e+05,1.410408470009e+06,3.566135685151e+05,1.410407468790e+06,4.312544050773e+05,4.357334978800e+05
560.00000000,2.942785953011e+14,8.641359208938e+05,3.417659065846e+06,8.641327253165e+05,3.417646880031e+06,1.045007215002e+06,1.055860864821e+06
560.50000000,6.965183631254e+14,2.049786980431e+06,8.106911062644e+06,2.049778490078e+06,8.106878557114e+06,2.478825526203e+06,2.504571094116e+06
561.00000000,-1.925703644051e+14,4.758813850356e+06,1.882111703159e+07,4.758793803652e+06,1.882104023986e+07,5.754874458421e+06,5.814645712845e+06
561.50000000,1.324603092691e+14,1.081518182642e+07,4.277406288077e+07,1.081513604485e+07,4.277388748036e+07,1.307888977537e+07,1.321472968882e+07
562.00000000,-7.963540151959e+13,2.405643956703e+07,9.514326020979e+07,2.405633829341e+07,9.514287227503e+07,2.909165463779e+07,2.939380626656e+07
562.50000000,5.097085343782e+14,5.238115045210e+07,2.071675408851e+08,5.238093020808e+07,2.071666972608e+08,6.334496428498e+07,6.400287750344e+07
563.00000000,3.296235955355e+12,1.116299767587e+08,4.414967516858e+08,1.116295070629e+08,4.414949525182e+08,1.349950666838e+08,1.363971519134e+08
563.50000000,3.644440233897e+14,2.328802502993e+08,9.210417938286e+08,2.328792702577e+08,9.210380397626e+08,2.816240387866e+08,2.845490412686e+08
564.00000000,2.970172671250e+14,4.754964720667e+08,1.880589371699e+09,4.754944706581e+08,1.880581705225e+09,5.750218698990e+08,5.809941597784e+08
564.50000000,7.061973356167e+14,9.504009844387e+08,3.758837541779e+09,9.503969831216e+08,3.758822214454e+09,1.149327877409e+09,1.161265022081e+09
565.00000000,1.149059361699e+15,1.859220236690e+09,7.353219260641e+09,1.859212409411e+09,7.353189277737e+09,2.248370616954e+09,2.271722634996e+09
565.50000000,-4.568765438132e+13,3.560392240314e+09,1.408135748540e+10,3.560377250099e+09,1.408130006427e+10,4.305612179338e+09,4.350331111590e+09
566.00000000,4.400454864024e+14,6.673159988148e+09,2.639235932669e+10,6.673131892838e+09,2.639225170559e+10,8.069908307263e+09,8.153723957126e+09
566.50000000,-4.318279639695e+14,1.224350374170e+10,4.842307853290e+10,1.224345219391e+10,4.842288107536e+10,1.480617169853e+10,1.495995150069e+10
567.00000000,4.551183796970e+14,2.198616469911e+10,8.695531951661e+10,2.198607213231e+10,8.695496493274e+10,2.658805325683e+10,2.686420199080e+10
567.50000000,9.000683213562e+14,3.864832178984e+10,1.528541797084e+11,3.864815907193e+10,1.528535564056e+11,4.673773948427e+10,4.722316680994e+10
568.00000000,1.695875809849e+15,6.649434776793e+10,2.629852607464e+11,6.649406781127e+10,2.629841883520e+11,8.041217210069e+10,8.124734868572e+10
568.50000000,5.074274647720e+13,1.119883252053e+11,4.429140204135e+11,1.119878537080e+11,4.429122143087e+11,1.354284203394e+11,1.368350064652e+11
569.00000000,8.537674759648e+14,1.846024090496e+11,7.301028479556e+11,1.846016318301e+11,7.300998707595e+11,2.232412405724e+11,2.255598678656e+11
569.50000000,1.852203958161e+14,2.978737101736e+11,1.178091040353e+12,2.978724560552e+11,1.178086236361e+12,3.602211744456e+11,3.639625021883e+11
570.00000000,2.160715154249e+14,4.704434636924e+11,1.860604714815e+12,4.704414830147e+11,1.860597127685e+12,5.689112238293e+11,5.748200473406e+11
570.50000000,6.366644259653e+14,7.272923759552e+11,2.876442608279e+12,7.272893138826e+11,2.876430878787e+12,8.795207662978e+11,8.886556414152e+11
571.00000000,5.315074454630e+14,1.100512574275e+12,4.352529139928e+12,1.100507940857e+12,4.352511391283e+12,1.330859080402e+12,1.344681643739e+12
571.50000000,8.044845690268e+14,1.630059435826e+12,6.446887895781e+12,1.630052572892e+12,6.446861606808e+12,1.971244538659e+12,1.991718270919e+12
572.00000000,4.070106127835e+14,2.363198075711e+12,9.346452488041e+12,2.363188126090e+12,9.346414375292e+12,2.857835240930e+12,2.887517278049e+12
572.50000000,9.847026880726e+13,3.353632656411e+12,1.326362297247e+13,3.353618536827e+12,1.326356888637e+13,4.055576081044e+12,4.097698089357e+12
573.00000000,2.686461430441e+14,4.658250387726e+12,1.842338836247e+13,4.658230775393e+12,1.842331323600e+13,5.633261238634e+12,5.691769394314e+12
573.50000000,6.198911674323e+14,6.333521864268e+12,2.504908995770e+13,6.333495198648e+12,2.504898781309e+13,7.659181077092e+12,7.738730833415e+12
574.00000000,5.415103444574e+14,8.428749788006e+12,3.333572002993e+13,8.428714300981e+12,3.333558409430e+13,1.019295776715e+13,1.029882382495e+13
574.50000000,3.673303169860e+14,1.097976061144e+13,4.342497226094e+13,1.097971438405e+13,4.342479518358e+13,1.327791653812e+13,1.341582358255e+13
575.00000000,1.215322509844e+14,1.399977828805e+13,5.536914740970e+13,1.399971934568e+13,5.536892162666e+13,1.693004922778e+13,1.710588803836e+13
575.50000000,1.619852579506e+14,1.747263279208e+13,6.910429299626e+13,1.747255922817e+13,6.910401120435e+13,2.112980128845e+13,2.134925954733e+13
576.00000000,1.032222664073e+15,2.134503382204e+13,8.441964578583e+13,2.134494395441e+13,8.441930154132e+13,2.581272831186e+13,2.608082436894e+13
576.50000000,7.586830918365e+14,2.552359037837e+13,1.009458442132e+14,2.552348291803e+13,1.009454325785e+14,3.086589177947e+13,3.118647098305e+13
577.00000000,4.361471743599e+14,2.987378532205e+13,1.181508727602e+14,2.987365954636e+13,1.181503909672e+14,3.612661898754e+13,3.650183713532e+13
577.50000000,5.275571437353e+14,3.422497707950e+13,1.353598437074e+14,3.422483298428e+13,1.353592917401e+14,4.138855165088e+13,4.181842126295e+13
578.00000000,3.815409725017e+14,3.837968489857e+13,1.517917203375e+14,3.837952331104e+13,1.517911013647e+14,4.641287464061e+13,4.689492785633e+13
578.50000000,9.153325024019e+14,4.212719892360e+13,1.666131448060e+14,4.212702155816e+13,1.666124653947e+14,5.094477476218e+13,5.147389718108e+13
579.00000000,1.138170045680e+15,4.526164268750e+13,1.790098753284e+14,4.526145212531e+13,1.790091453661e+14,5.473528387831e+13,5.530377526805e+13
579.50000000,5.281728261830e+14,4.759924248687e+13,1.882550865891e+14,4.759904208283e+13,1.882543189268e+14,5.756216290909e+13,5.816001481869e+13
580.00000000,2.038889058785e+14,4.899784618990e+13,1.937865666603e+14,4.899763989741e+13,1.937857764418e+14,5.925350609005e+13,5.986892462153e+13
580.50000000,-3.628399923476e+13,4.936913870422e+13,1.952550291984e+14,4.936893084850e+13,1.952542329919e+14,5.970251323974e+13,6.032259524751e+13
581.00000000,3.394172540156e+14,4.869018771812e+13,1.925697768708e+14,4.868998272094e+13,1.925689916142e+14,5.888145212138e+13,5.949300642740e+13
581.50000000,8.855793782945e+14,4.700338245584e+13,1.858984591330e+14,4.700318456052e+13,1.858977010805e+14,5.684158437916e+13,5.743195221887e+13
582.00000000,1.197756708992e+15,4.441438932086e+13,1.756589867939e+14,4.441420232581e+13,1.756582704957e+14,5.371069328047e+13,5.426854307139e+13
582.50000000,7.180956295156e+14,4.107908084851e+13,1.624678360012e+14,4.107890789589e+13,1.624671734936e+14,4.967727678880e+13,5.019323472524e+13
583.00000000,9.282466693119e+14,3.718979130848e+13,1.470856891250e+14,3.718963473069e+13,1.470850893424e+14,4.497392634861e+13,4.544103436524e+13
583.50000000,3.836529046176e+14,3.295568746306e+13,1.303398010730e+14,3.295554871184e+13,1.303392695763e+14,3.985358907871e+13,4.026751626857e+13
584.00000000,7.713637816262e+14,2.858522808157e+13,1.130546266393e+14,2.858510773102e+13,1.130541656277e+14,3.456835591614e+13,3.492738963815e+13
584.50000000,7.904986255479e+14,2.426935593358e+13,9.598534480876e+13,2.426925375386e+13,9.598495340191e+13,2.934913555258e+13,2.965396142861e+13
585.00000000,4.553312221891e+14,2.016870256458e+13,7.976725362245e+13,2.016861764959e+13,7.976692834936e+13,2.439018106240e+13,2.464350226484e+13
585.50000000,-7.477428898621e+13,1.640610998097e+13,6.488619342860e+13,1.640604090737e+13,6.488592883716e+13,1.984004631354e+13,2.004610892439e+13
586.00000000,8.124162215538e+14,1.306279254844e+13,5.166336718447e+13,1.306273755100e+13,5.166315651277e+13,1.579694451920e+13,1.596101468212e+13
586.50000000,3.145982715357e+14,1.018078387645e+13,4.026501788838e+13,1.018074101295e+13,4.026485369661e+13,1.231170727560e+13,1.243957908120e+13
587.00000000,6.217809418956e+14,7.766737690705e+12,3.071746103695e+13,7.766704990907e+12,3.071733577799e+13,9.392380989002e+12,9.489932099422e+12
587.50000000,5.483933034320e+14,5.800215966737e+12,2.293986420803e+13,5.800191546459e+12,2.293977066437e+13,7.014249785116e+12,7.087101158597e+12
588.00000000,8.624459779694e+14,4.240721877494e+12,1.677206238037e+13,4.240704023055e+12,1.677199398764e+13,5.128340511550e+12,5.181604461564e+12
588.50000000,4.803565154480e+14,3.036659375426e+12,1.200999309643e+13,3.036646590374e+12,1.200994412235e+13,3.672257635528e+12,3.710398423312e+12
589.00000000,-2.446318190990e+14,2.131514861464e+12,8.430144973875e+12,2.131505887284e+12,8.430110597624e+12,2.577658788008e+12,2.604430857555e+12
589.50000000,7.780982702455e+14,1.470193458789e+12,5.814617679335e+12,1.470187268928e+12,5.814593968622e+12,1.777917272654e+12,1.796383070026e+12
590.00000000,5.498770388240e+13,1.002518484661e+12,3.964962345548e+12,1.002514263822e+12,3.964946177316e+12,1.212354006459e+12,1.224945752864e+12
590.50000000,3.404759472679e+14,6.863172645166e+11,2.714385971475e+12,6.863143749594e+11,2.714374902815e+12,8.299692205882e+11,8.385894436368e+11
591.00000000,6.200381251834e+14,4.885559502408e+11,1.932239630528e+12,4.885538933053e+11,1.932231751286e+12,5.908148056297e+11,5.969511240360e+11
591.50000000,6.290060711106e+14,3.862904398888e+11,1.527779359722e+12,3.862888135153e+11,1.527773129779e+12,4.671442667870e+11,4.719961187300e+11
592.00000000,6.194413479171e+14,3.667164296528e+11,1.450364115290e+12,3.667148856906e+11,1.450358201030e+12,4.434732521426e+11,4.480792522866e+11
592.50000000,1.024559069569e+15,4.274738788936e+11,1.690659932412e+12,4.274720791280e+11,1.690653038278e+12,5.169477447680e+11,5.223168653978e+11
593.00000000,6.627847719690e+14,5.767005657118e+11,2.280851737589e+12,5.766981376663e+11,2.280842436783e+12,6.974088279327e+11,7.046522527534e+11
593.50000000,-1.599377119236e+14,8.335991192632e+11,3.296885962435e+12,8.335956096145e+11,3.296872518470e+12,1.008078402027e+12,1.018548501954e+12
594.00000000,7.792096176325e+14,1.228746142448e+12,4.859693124452e+12,1.228740969137e+12,4.859673307707e+12,1.485933009227e+12,1.501366200793e+12
594.50000000,1.343682514502e+15,1.804863651326e+12,7.138238871253e+12,1.804856052424e+12,7.138209763105e+12,2.182636741646e+12,2.205306034772e+12
595.00000000,5.771575367481e+14,2.616619566252e+12,1.034873492265e+13,2.616608549665e+12,1.034869272281e+13,3.164299973583e+12,3.197165013501e+12
595.50000000,1.478491392554e+14,3.730602271867e+12,1.475453845539e+13,3.730586565152e+12,1.475447828967e+13,4.511448596727e+12,4.558305386366e+12
596.00000000,6.531133214579e+13,5.223037506460e+12,2.065712239661e+13,5.223015516239e+12,2.065703816146e+13,6.316263035286e+12,6.381864981535e+12
596.50000000,8.080219731396e+14,7.177439362337e+12,2.838678512621e+13,7.177409143624e+12,2.838666937122e+13,8.679737581100e+12,8.769887037365e+12
597.00000000,-1.897989514842e+14,9.678565089163e+12,3.827874171362e+13,9.678524340121e+12,3.827858562144e+13,1.170436988661e+13,1.182593376701e+13
597.50000000,6.253025011740e+14,1.280661957618e+13,5.065020263490e+13,1.280656565729e+13,5.064999609467e+13,1.548715239664e+13,1.564800499784e+13
598.00000000,5.773727587341e+14,1.662694122735e+13,6.575958139106e+13,1.662687122401e+13,6.575931323814e+13,2.010709939077e+13,2.031593566724e+13
598.50000000,1.739440089587e+15,2.118134095744e+13,8.377224022245e+13,2.118125177900e+13,8.377189861792e+13,2.561477315866e+13,2.588081321471e+13
599.00000000,4.785469066833e+14,2.647557671576e+13,1.047109518287e+14,2.647546524734e+13,1.047105248407e+14,3.201713683669e+13,3.234967309715e+13
599.50000000,1.268335273203e+15,3.247102980642e+13,1.284229792004e+14,3.247089309573e+13,1.284224555201e+14,3.926748851221e+13,3.967532834668e+13
600.00000000,9.239113703023e+14,3.907500010941e+13,1.545416932023e+14,3.907483559445e+13,1.545410630157e+14,4.725372515311e+13,4.774451160711e+13
600.50000000,9.291919658744e+14,4.613794547510e+13,1.824756543732e+14,4.613775122347e+13,1.824749102781e+14,5.579500418439e+13,5.637450203700e+13
601.00000000,7.299015975743e+14,5.345293381493e+13,2.114064459439e+14,5.345270876547e+13,2.114055838756e+14,6.464108089688e+13,6.531245583659e+13
601.50000000,9.136827093486e+14,6.076304271774e+13,2.403179393328e+14,6.076278689100e+13,2.403169593698e+14,7.348125686528e+13,7.424444760580e+13
602.00000000,-2.620147581664e+13,6.777397544078e+13,2.680461904118e+14,6.777369009636e+13,2.680450973792e+14,8.195963657184e+13,8.281088542627e+13
602.50000000,5.889453351343e+14,7.417198164293e+13,2.933503160377e+14,7.417166936139e+13,2.933491198205e+14,8.969679909924e+13,9.062840764061e+13
603.00000000,7.999655392128e+14,7.964772676263e+13,3.150068974829e+14,7.964739142691e+13,3.150056129550e+14,9.631866356936e+13,9.731904809341e+13
603.50000000,1.502038395985e+15,8.391888330867e+13,3.318993290302e+14,8.391852999038e+13,3.318979756187e+14,1.014838089807e+14,1.025378397176e+14
604.00000000,2.012755646450e+14,8.675678967105e+13,3.431232536153e+14,8.675642440451e+13,3.431218544352e+14,1.049157129316e+14,1.060053880959e+14
604.50000000,6.759114490803e+14,8.800355710279e+13,3.480542209702e+14,8.800318658706e+13,3.480528016826e+14,1.064234392370e+14,1.075287739423e+14
605.00000000,9.989558556007e+13,8.759023649151e+13,3.464195372357e+14,8.758986771596e+13,3.464181246141e+14,1.059236071574e+14,1.070237505087e+14
605.50000000,2.598778520004e+14,8.553941756976e+13,3.383085448434e+14,8.553905742864e+13,3.383071652965e+14,1.034435346457e+14,1.045179194776e+14
606.00000000,8.565124950712e+14,8.196707894219e+13,3.241799393756e+14,8.196673384145e+13,3.241786174421e+14,9.912347560057e+13,1.001529914523e+14
606.50000000,7.149869588100e+14,7.706837448620e+13,3.048055547562e+14,7.706805001017e+13,3.048043118270e+14,9.319943124173e+13,9.416741880727e+13
607.00000000,5.780213313429e+14,7.110342053691e+13,2.812141515414e+14,7.110312117474e+13,2.812130048128e+14,8.598596243351e+13,8.687902949773e+13
607.50000000,4.436619605612e+14,6.437239372727e+13,2.545929288354e+14,6.437212270431e+13,2.545918906621e+14,7.784607529415e+13,7.865459989464e+13
608.00000000,3.880095972528e+14,5.719324707150e+13,2.261993913607e+14,5.719300627444e+13,2.261984689700e+14,6.916427306880e+13,6.988262676922e+13
608.50000000,1.118567447788e+15,4.987715610126e+13,1.972642388847e+14,4.987694610667e+13,1.972634344851e+14,6.031686293611e+13,6.094332570027e+13
609.00000000,2.089573604065e+14,4.270891346758e+13,1.689138268363e+14,4.270873365298e+13,1.689131380434e+14,5.164824703606e+13,5.218467585592e+13
609.50000000,7.146725312816e+14,3.593243357567e+13,1.421128371111e+14,3.593228229165e+13,1.421122576066e+14,4.345339310334e+13,4.390470856357e+13
610.00000000,7.352462564486e+14,2.974133135335e+13,1.176270170843e+14,2.974120613533e+13,1.176265374275e+14,3.596644129300e+13,3.633999580384e+13
610.50000000,3.330130935875e+14,2.427814185552e+13,9.602009314530e+13,2.427803963882e+13,9.601970159676e+13,2.935976044163e+13,2.966469666985e+13
611.00000000,2.792272562727e+14,1.963616630315e+13,7.766107178485e+13,1.963608363025e+13,7.766075510031e+13,2.374618049780e+13,2.399281298412e+13
611.50000000,3.287127953934e+14,1.586937579104e+13,6.276340877655e+13,1.586930897722e+13,6.276315284135e+13,1.919096915883e+13,1.939029032709e+13
612.00000000,8.486691053444e+14,1.300105042098e+13,5.141917696330e+13,1.300099568349e+13,5.141896728736e+13,1.572227924695e+13,1.588557392171e+13
612.50000000,1.117116808203e+15,1.103748658483e+13,4.365327858584e+13,1.103744011441e+13,4.365310057750e+13,1.334772504160e+13,1.348635713083e+13
613.00000000,-1.622283431114e+14,9.976683197665e+12,3.945779934979e+13,9.976641193476e+12,3.945763844968e+13,1.206488661400e+13,1.219019489181e+13
613.50000000,7.286390441118e+14,9.818897780303e+12,3.883375775047e+13,9.818856440427e+12,3.883359939506e+13,1.187407538625e+13,1.199740186124e+13
614.00000000,7.756574054204e+14,1.056964266612e+13,4.180295507592e+13,1.056959816543e+13,4.180278461278e+13,1.278195746930e+13,1.291471338560e+13
614.50000000,8.283906519005e+14,1.224272570398e+13,4.842000139238e+13,1.224267415922e+13,4.841980394641e+13,1.480523081052e+13,1.495900084043e+13
615.00000000,4.500518627127e+14,1.485485049460e+13,5.875095946959e+13,1.485478795217e+13,5.875071989627e+13,1.796409521425e+13,1.815067382918e+13
615.50000000,9.140237324469e+14,1.842051168063e+13,7.285315564445e+13,1.842043412594e+13,7.285285856552e+13,2.227607917336e+13,2.250744289910e+13
616.00000000,1.110510684738e+15,2.293939805522e+13,9.072535909325e+13,2.293930147494e+13,9.072498913546e+13,2.774080634278e+13,2.802892779631e+13
616.50000000,7.701096652410e+14,2.838636260650e+13,1.122681133405e+14,2.838624309321e+13,1.122676555361e+14,3.432786623027e+13,3.468440217925e+13
617.00000000,1.017436039422e+15,3.469673239302e+13,1.372256367905e+14,3.469658631159e+13,1.372250772150e+14,4.195904930569e+13,4.239484421826e+13
617.50000000,1.112919773225e+15,4.175760842802e+13,1.651514137550e+14,4.175743261864e+13,1.651507403043e+14,5.049782587802e+13,5.102230619818e+13
618.00000000,9.078798575737e+14,4.939878517780e+13,1.953722810528e+14,4.939857719727e+13,1.953714843682e+14,5.973836496873e+13,6.035881933959e+13
618.50000000,9.454431173692e+14,5.739240696331e+13,2.269870690782e+14,5.739216532774e+13,2.269861434755e+14,6.940511879529e+13,7.012597396664e+13
619.00000000,5.157282023150e+14,6.545663492219e+13,2.588811046417e+14,6.545635933432e+13,2.588800489823e+14,7.915725725912e+13,7.997940005256e+13
619.50000000,6.223211142815e+14,7.326777027364e+13,2.897741585039e+14,7.326746179905e+13,2.897729768695e+14,8.860332871139e+13,8.952358025493e+13
620.00000000,-5.465633517302e+13,8.047899033237e+13,3.182945463430e+14,8.047865149684e+13,3.182932484087e+14,9.732391757178e+13,9.833474286098e+13
620.50000000,9.130525005961e+14,8.674270727783e+13,3.430675577257e+14,8.674234207057e+13,3.430661587726e+14,1.048986829755e+14,1.059881812632e+14
621.00000000,1.753697778869e+15,9.173910075916e+13,3.628283026098e+14,9.173871451591e+13,3.628268230769e+14,1.109408634915e+14,1.120931170507e+14
621.50000000,-2.410404888295e+14,9.519972933858e+13,3.765150946434e+14,9.519932852527e+13,3.765135592987e+14,1.151258306390e+14,1.163215500876e+14
622.00000000,4.203677767263e+14,9.693439477190e+13,3.833756994407e+14,9.693398665524e+13,3.833741361200e+14,1.172235760872e+14,1.184410831313e+14
622.50000000,1.038714682900e+15,9.684433188516e+13,3.830195005674e+14,9.684392414768e+13,3.830179386992e+14,1.171146622834e+14,1.183310381274e+14
623.00000000,6.922181345462e+14,9.493551386103e+13,3.754701219714e+14,9.493511416013e+13,3.754685908879e+14,1.148063126474e+14,1.159987135195e+14
623.50000000,6.536958561347e+14,9.131373381919e+13,3.611459756245e+14,9.131334936683e+13,3.611445029517e+14,1.104264636856e+14,1.115733745876e+14
624.00000000,6.633749726376e+14,8.617882307767e+13,3.408373947361e+14,8.617846024450e+13,3.408360048772e+14,1.042167730858e+14,1.052991889238e+14
624.50000000,8.281323926168e+14,7.980280246335e+13,3.156202221482e+14,7.980246647473e+13,3.156189351193e+14,9.650619791407e+13,9.750853020658e+13
625.00000000,6.902887238274e+14,7.250898117874e+13,2.867731463176e+14,7.250867589883e+13,2.867719769206e+14,8.768571869887e+13,8.859643976491e+13
625.50000000,1.015641979332e+15,6.464269746540e+13,2.556619805885e+14,6.464242530439e+13,2.556609380559e+14,7.817295587031e+13,7.898487551655e+13
626.00000000,4.810378319562e+14,5.654601677530e+13,2.236395944167e+14,5.654577870323e+13,2.236386824643e+14,6.838157204661e+13,6.909179646076e+13
626.50000000,7.895609102068e+14,4.853330709470e+13,1.919493137331e+14,4.853310275803e+13,1.919485310066e+14,5.869173506853e+13,5.930131893603e+13
627.00000000,9.467085763634e+14,4.087249977098e+13,1.616508074813e+14,4.087232768811e+13,1.616501483053e+14,4.942745656021e+13,4.994081981478e+13
627.50000000,1.034548354958e+15,3.377377360339e+13,1.335753331768e+14,3.377363140784e+13,1.335747884864e+14,4.084290750529e+13,4.126710995029e+13
628.00000000,2.886669135394e+14,2.738293707098e+13,1.082995636072e+14,2.738282178236e+13,1.082991219857e+14,3.311441531962e+13,3.345834812953e+13
628.50000000,8.453558783215e+14,2.178413420222e+13,8.615628855100e+13,2.178404248588e+13,8.615593722486e+13,2.634373608209e+13,2.661734728999e+13
629.00000000,8.949582289521e+14,1.700407070965e+13,6.725112914759e+13,1.700399911850e+13,6.725085491248e+13,2.056316523475e+13,2.077673830048e+13
629.50000000,1.576632911027e+15,1.302365826029e+13,5.150859100697e+13,1.302360342761e+13,5.150838096641e+13,1.574961909652e+13,1.591319772832e+13
630.00000000,3.523219775771e+14,9.787623784698e+12,3.871006904361e+13,9.787582576493e+12,3.870991119257e+13,1.183625548123e+13,1.195918915127e+13
630.50000000,9.454311365567e+14,7.218156043449e+12,2.854781967062e+13,7.218125653310e+12,2.854770325898e+13,8.728976604847e+12,8.819637467266e+12
631.00000000,4.385266211064e+14,5.224263786513e+12,2.066197233634e+13,5.224241791130e+12,2.066188808142e+13,6.317745986025e+12,6.383363334492e+12
631.50000000,1.293883882643e+15,3.712372622808e+12,1.468244016174e+13,3.712356992843e+12,1.468238029002e+13,4.489403329315e+12,4.536031152485e+12
632.00000000,3.477550450423e+14,2.592267123073e+12,1.025242096764e+13,2.592256209017e+12,1.025237916055e+13,3.134850359927e+12,3.167409530383e+12
632.50000000,-2.487257856432e+14,1.782898064517e+12,7.051364937328e+12,1.782890558096e+12,7.051336183433e+12,2.156073573407e+12,2.178466976260e+12
633.00000000,-5.737883145552e+14,1.214568391604e+12,4.803620095276e+12,1.214563277985e+12,4.803600507185e+12,1.468787736299e+12,1.484042853698e+12
633.50000000,7.460684710920e+14,8.308028741714e+11,3.285826808248e+12,8.307993762957e+11,3.285813409380e+12,1.004696879402e+12,1.015131858172e+12
634.00000000,1.274135746054e+15,5.881118603842e+11,2.325983427809e+12,5.881093842948e+11,2.325973942968e+12,7.112086022284e+11,7.185953542105e+11
634.50000000,7.022867344340e+14,4.558012373833e+11,1.802694684368e+12,4.557993183528e+11,1.802687333382e+12,5.512042568249e+11,5.569291723052e+11
635.00000000,4.673423058443e+14,4.149343780020e+11,1.641066184638e+12,4.149326310306e+11,1.641059492736e+12,5.017836212336e+11,5.069952443033e+11
635.50000000,1.338381341311e+15,4.577212477979e+11,1.810288328888e+12,4.577193206838e+11,1.810280946937e+12,5.535261415119e+11,5.592751725419e+11
636.00000000,4.016055172733e+14,5.867206596023e+11,2.320481226304e+12,5.867181893702e+11,2.320471763900e+12,7.095262114599e+11,7.168954898017e+11
636.50000000,1.131549228958e+15,8.146368968511e+11,3.221890339909e+12,8.146334670375e+11,3.221877201757e+12,9.851472275259e+11,9.953791597787e+11
637.00000000,1.316195324200e+15,1.163954030241e+12,4.603440208302e+12,1.163949129720e+12,4.603421436499e+12,1.407579364859e+12,1.422198760112e+12
637.50000000,5.215112370470e+14,1.667105442843e+12,6.593404917783e+12,1.667098423936e+12,6.593378031347e+12,2.016044585461e+12,2.036983619791e+12
638.00000000,7.411013080471e+14,2.365956540879e+12,9.357362222566e+12,2.365946579644e+12,9.357324065327e+12,2.861171075981e+12,2.890887759736e+12
638.50000000,8.617086477042e+14,3.311642035239e+12,1.309754999290e+13,3.311628092444e+12,1.309749658401e+13,4.004796470904e+12,4.046391072230e+12
639.00000000,9.184034937688e+14,4.562795128245e+12,1.804586264568e+13,4.562775917801e+12,1.804578905867e+13,5.517826393253e+12,5.575135619997e+12
639.50000000,8.873697102203e+14,6.184024186165e+12,2.445782638152e+13,6.183998149965e+12,2.445772664796e+13,7.478392281894e+12,7.556064330346e+12
640.00000000,8.873678137438e+14,8.241736215172e+12,3.259608102503e+13,8.241701515518e+12,3.259594810547e+13,9.966800686007e+12,1.007031783202e+13
640.50000000,7.253239627069e+14,1.080045887257e+13,4.271583357276e+13,1.080041340009e+13,4.271565938711e+13,1.306108544243e+13,1.319674043659e+13
641.00000000,4.547427053998e+14,1.391578650577e+13,5.503695976512e+13,1.391572791703e+13,5.503673533667e+13,1.682847726147e+13,1.700326112569e+13
641.50000000,1.135069678169e+15,1.762871675110e+13,6.972160532491e+13,1.762864253005e+13,6.972132101574e+13,2.131855492837e+13,2.153997361957e+13
642.00000000,5.439884565011e+14,2.195673370499e+13,8.683891988382e+13,2.195664126196e+13,8.683856577405e+13,2.655246210750e+13,2.682824118482e+13
642.50000000,-2.334470385086e+13,2.688785620982e+13,1.063415179427e+14,2.688774300561e+13,1.063410843057e+14,3.251570988452e+13,3.285342442240e+13
643.00000000,1.517442688435e+15,3.237271574880e+13,1.280341469320e+14,3.237257945203e+13,1.280336248373e+14,3.914859649828e+13,3.955520149698e+13
643.50000000,5.768843195936e+14,3.832137946487e+13,1.515611222461e+14,3.832121812283e+13,1.515605042136e+14,4.634236539093e+13,4.682368628375e+13
644.00000000,2.725157947559e+14,4.460043231699e+13,1.763947871663e+14,4.460024453865e+13,1.763940678676e+14,5.393567663507e+13,5.449586314722e+13
644.50000000,1.337407159672e+15,5.103574734357e+13,2.018464692575e+14,5.103553247104e+13,2.018456461726e+14,6.171795703657e+13,6.235897183876e+13
645.00000000,1.458768179080e+15,5.741787581720e+13,2.270877984395e+14,5.741763407440e+13,2.270868724261e+14,6.943591849378e+13,7.015709355684e+13
645.50000000,3.068935789955e+14,6.351204023800e+13,2.511902292931e+14,6.351177283733e+13,2.511892049954e+14,7.680564260822e+13,7.760336107084e+13
646.00000000,1.129541235334e+15,6.907219224560e+13,2.731806401264e+14,6.907190143538e+13,2.731795261567e+14,8.352958103537e+13,8.439713564080e+13
646.50000000,1.266048116454e+15,7.385601623523e+13,2.921006723022e+14,7.385570528398e+13,2.920994811808e+14,8.931469948332e+13,9.024233946318e+13
647.00000000,7.556121385901e+14,7.764391430947e+13,3.070818157554e+14,7.764358741028e+13,3.070805635442e+14,9.389543637410e+13,9.487065278540e+13
647.50000000,1.378218895378e+15,8.025348956716e+13,3.174026904254e+14,8.025315168104e+13,3.174013961280e+14,9.705121760629e+13,9.805921058019e+13
648.00000000,6.488486532340e+14,8.155670485298e+13,3.225569091411e+14,8.155636148002e+13,3.225555938259e+14,9.862720677479e+13,9.965156828118e+13
648.50000000,1.912861519287e+15,8.148735257146e+13,3.222826207474e+14,8.148700949048e+13,3.222813065507e+14,9.854333847945e+13,9.956682891328e+13
649.00000000,1.150233033993e+15,8.004975213738e+13,3.165969085373e+14,8.004941510904e+13,3.165956175257e+14,9.680483622476e+13,9.781027023332e+13
649.50000000,1.127471240451e+15,7.731517219909e+13,3.057816401387e+14,7.731484668398e+13,3.057803932293e+14,9.349788578455e+13,9.446897315748e+13
650.00000000,1.587846264553e+15,7.341898753282e+13,2.903722230262e+14,7.341867842157e+13,2.903710389530e+14,8.878619701040e+13,8.970834785995e+13
650.50000000,3.699748757657e+14,6.854684767975e+13,2.711029014574e+14,6.854655908135e+13,2.711017959602e+14,8.289427744853e+13,8.375523366634e+13
651.00000000,1.140580389162e+15,6.292234404413e+13,2.488579798237e+14,6.292207912622e+13,2.488569650363e+14,7.609251805823e+13,7.688282986947e+13
651.50000000,9.789289090522e+14,5.678825559739e+13,2.245976493782e+14,5.678801650544e+13,2.245967335190e+14,6.867451348458e+13,6.938778044593e+13
652.00000000,4.065572726112e+14,5.039060919975e+13,1.992949467798e+14,5.039039704340e+13,1.992941340994e+14,6.093778607179e+13,6.157069786538e+13
652.50000000,9.020032205629e+14,4.396206526347e+13,1.738700443625e+14,4.396188017281e+13,1.738693353592e+14,5.316369400656e+13,5.371586255578e+13
653.00000000,4.180271829252e+14,3.770883305069e+13,1.491385001156e+14,3.770867428761e+13,1.491378919621e+14,4.560160787799e+13,4.607523511805e+13
653.50000000,5.159892672476e+14,3.180148374654e+13,1.257749233724e+14,3.180134985480e+13,1.257744104902e+14,3.845780084997e+13,3.885723110962e+13
654.00000000,8.285878907147e+14,2.636866265626e+13,1.042881065379e+14,2.636855163797e+13,1.042876812743e+14,3.188784476840e+13,3.221903817609e+13
654.50000000,1.493619578757e+15,2.149673811918e+13,8.501963654413e+13,2.149664761284e+13,8.501928985300e+13,2.599618558996e+13,2.626618707030e+13
655.00000000,1.649480589565e+15,1.723052211163e+13,6.814674483520e+13,1.723044956707e+13,6.814646694796e+13,2.083701481325e+13,2.105343213440e+13
655.50000000,-1.254788645104e+13,1.357952329883e+13,5.370703819848e+13,1.357946612584e+13,5.370681919314e+13,1.642183134681e+13,1.659239170684e+13
656.00000000,9.302216146529e+14,1.052309411425e+13,4.161885547254e+13,1.052304980954e+13,4.161868576012e+13,1.272566591536e+13,1.285783717655e+13
656.50000000,3.412588285571e+14,8.019349134177e+12,3.171653973400e+13,8.019315370825e+12,3.171641040101e+13,9.697866124945e+12,9.798590063880e+12
657.00000000,7.299188536205e+13,6.011376347011e+12,2.377500387824e+13,6.011351037699e+12,2.377490692907e+13,7.269607802896e+12,7.345111374814e+12
657.50000000,2.975369549976e+14,4.435333020691e+12,1.754174978924e+13,4.435314346893e+12,1.754167825789e+13,5.363685398220e+12,5.419393686368e+12
658.00000000,9.889074644953e+14,3.225283501513e+12,1.275600184224e+13,3.225269922309e+12,1.275594982611e+13,3.900362372223e+12,3.940872300525e+12
658.50000000,1.043610570721e+15,2.318656292936e+12,9.170289659915e+12,2.318646530847e+12,9.170252265519e+12,2.803970489678e+12,2.833093076929e+12
659.00000000,5.903474609856e+14,1.658833374444e+12,6.560688872916e+12,1.658826390364e+12,6.560662119888e+12,2.006041103807e+12,2.026876240015e+12
659.50000000,8.322835534506e+14,1.197844347917e+12,4.737476473488e+12,1.197839304710e+12,4.737457155114e+12,1.448563210089e+12,1.463608271594e+12
660.00000000,1.169613758464e+15,8.970604724448e+11,3.547875724332e+12,8.970566956082e+11,3.547861256884e+12,1.084822748354e+12,1.096089930109e+12
660.50000000,1.039540619288e+15,7.279756558345e+11,2.879144981387e+12,7.279725908854e+11,2.879133240876e+12,8.803470623840e+11,8.894905195746e+11
661.00000000,5.125797725308e+14,6.718386465452e+11,2.657123012287e+12,6.718358179462e+11,2.657112177132e+12,8.124601065194e+11,8.208984764765e+11
661.50000000,8.538575926339e+14,7.195232185654e+11,2.845715577328e+12,7.195201892030e+11,2.845703973135e+12,8.701254591490e+11,8.791627527643e+11
662.00000000,5.652658386687e+14,8.707677275224e+11,3.443887872564e+12,8.707640613850e+11,3.443873829157e+12,1.053026711539e+12,1.063963653421e+12
662.50000000,5.982413656554e+14,1.133762060826e+12,4.484030916904e+12,1.133757287421e+12,4.484012632026e+12,1.371067963184e+12,1.385308143860e+12
663.00000000,4.021047039196e+14,1.524189266786e+12,6.028171193610e+12,1.524182849589e+12,6.028146612070e+12,1.843214855853e+12,1.862358846726e+12
663.50000000,4.108480680254e+14,2.064632708494e+12,8.165625942883e+12,2.064624015904e+12,8.165592645279e+12,2.496777639825e+12,2.522709661910e+12
664.00000000,4.978892561047e+14,2.783156917871e+12,1.100739043714e+13,2.783145200123e+12,1.100734555145e+13,3.365694988784e+12,3.400651756815e+12
664.50000000,1.567380703209e+15,3.712255815143e+12,1.468197818723e+13,3.712240185670e+12,1.468191831739e+13,4.489262072825e+12,4.535888428877e+12
665.00000000,8.301091656656e+14,4.886503560779e+12,1.932613005777e+13,4.886482987446e+12,1.932605125012e+13,5.909289713991e+12,5.970664755535e+12
665.50000000,7.227833824229e+14,6.340699202633e+12,2.507747634338e+13,6.340672506794e+12,2.507737408302e+13,7.667860692534e+12,7.747500597046e+12
666.00000000,1.317002819974e+15,8.106299544488e+12,3.206042875758e+13,8.106265415055e+12,3.206029802230e+13,9.803015984937e+12,9.904832030933e+12
666.50000000,1.047576027694e+15,1.020873116367e+13,4.037554945780e+13,1.020868818251e+13,4.037538481531e+13,1.234550416428e+13,1.247372699099e+13
667.00000000,7.256921064063e+14,1.266289748865e+13,5.008178152945e+13,1.266284417486e+13,5.008157730711e+13,1.531334807153e+13,1.547239550694e+13
667.50000000,7.379650053941e+14,1.547024028743e+13,6.118482716752e+13,1.547017515407e+13,6.118457766943e+13,1.870829124882e+13,1.890259922968e+13
668.00000000,6.340250860853e+14,1.861441072328e+13,7.362002669439e+13,1.861433235222e+13,7.361972648833e+13,2.251056291086e+13,2.274436203067e+13
668.50000000,9.753211508757e+14,2.205928878022e+13,8.724452538419e+13,2.205919590541e+13,8.724416962046e+13,2.667648281957e+13,2.695355000032e+13
669.00000000,9.292267979986e+14,2.574652755509e+13,1.018275611338e+14,2.574641915614e+13,1.018271459037e+14,3.113549157591e+13,3.145887089583e+13
669.50000000,8.536481318292e+14,2.959595808872e+13,1.170520655705e+14,2.959583348276e+13,1.170515882583e+14,3.579064018557e+13,3.616236879165e+13
670.00000000,1.018303039334e+15,3.350668150593e+13,1.325189834681e+14,3.350654043490e+13,1.325184430853e+14,4.051991079311e+13,4.094075853093e+13
670.50000000,8.201142746097e+14,3.736074672129e+13,1.477618180792e+14,3.736058942373e+13,1.477612155394e+14,4.518066416224e+13,4.564991939834e+13
671.00000000,1.310386332599e+15,4.102851027759e+13,1.622678293055e+14,4.102833753788e+13,1.622671676134e+14,4.961612137351e+13,5.013144413782e+13
671.50000000,1.178334489953e+15,4.437518440985e+13,1.755039313029e+14,4.437499757985e+13,1.755032156370e+14,5.366328245298e+13,5.422063982574e+13
672.00000000,1.195130228401e+15,4.726953484931e+13,1.869510923107e+14,4.726933583342e+13,1.869503299659e+14,5.716344469943e+13,5.775715544353e+13
672.50000000,1.220885886767e+15,4.959137351980e+13,1.961339682794e+14,4.959116472842e+13,1.961331684888e+14,5.997126366496e+13,6.059413696734e+13
673.00000000,7.750746024055e+14,5.124105967593e+13,2.026584798881e+14,5.124084393899e+13,2.026576534919e+14,6.196624296100e+13,6.260983650948e+13
673.50000000,3.955746962363e+14,5.214509029221e+13,2.062339225433e+14,5.214487074909e+13,2.062330815674e+14,6.305949476271e+13,6.371444303875e+13
674.00000000,9.343650222055e+14,5.226320774737e+13,2.067010772834e+14,5.226298770694e+13,2.067002344024e+14,6.320233519128e+13,6.385876703601e+13
674.50000000,6.373738822930e+14,5.158958414228e+13,2.040368947569e+14,5.158936693797e+13,2.040360627399e+14,6.238771651943e+13,6.303568757492e+13
675.00000000,6.950997365847e+14,5.015511226698e+13,1.983635560022e+14,5.015490110213e+13,1.983627471199e+14,6.065299765710e+13,6.128295158238e+13
675.50000000,2.490370992880e+14,4.802329376359e+13,1.899322101240e+14,4.802309157420e+13,1.899314356228e+14,5.807497167237e+13,5.867814971432e+13
676.00000000,1.273466611822e+15,4.528720711463e+13,1.791109826821e+14,4.528701644481e+13,1.791102523074e+14,5.476619915431e+13,5.533501163618e+13
676.50000000,7.829716647273e+14,4.206134614444e+13,1.663526969502e+14,4.206116905625e+13,1.663520186010e+14,5.086513844437e+13,5.139343374486e+13
677.00000000,6.981166358824e+14,3.847486069593e+13,1.521681407811e+14,3.847469870770e+13,1.521675202734e+14,4.652797153011e+13,4.701122016469e+13
677.50000000,9.746971452401e+14,3.466216550691e+13,1.370889246960e+14,3.466201957102e+13,1.370883656780e+14,4.191724728059e+13,4.235260802913e+13
678.00000000,9.866340437352e+14,3.075528521077e+13,1.216372063489e+14,3.075515572376e+13,1.216367103395e+14,3.719262419157e+13,3.757891407840e+13
678.50000000,1.058435453935e+15,2.687630146283e+13,1.062958188983e+14,2.687618830726e+13,1.062953854476e+14,3.250173663214e+13,3.283930604108e+13
679.00000000,9.804368250884e+14,2.313149190343e+13,9.148509059607e+13,2.313139451439e+13,9.148471754026e+13,2.797310704352e+13,2.826364121767e+13
679.50000000,1.475224677681e+15,1.960760685496e+13,7.754811911775e+13,1.960752430231e+13,7.754780289380e+13,2.371164331833e+13,2.395791709474e+13
680.00000000,7.402963453475e+14,1.636924728455e+13,6.474040140033e+13,1.636917836616e+13,6.474013740340e+13,1.979546803560e+13,2.000106764771e+13
680.50000000,1.810877827626e+15,1.345925550928e+13,5.323137888222e+13,1.345919884266e+13,5.323116181657e+13,1.627639912920e+13,1.644544900171e+13
681.00000000,7.480533481977e+13,1.089940736051e+13,4.310717501416e+13,1.089936147225e+13,4.310699923592e+13,1.318128359444e+13,1.331818699017e+13
681.50000000,1.337024204478e+15,8.700888913982e+12,3.441203074515e+13,8.700852314287e+12,3.441189055147e+13,1.054400522040e+13,1.065351732587e+13
682.00000000,1.060370066231e+15,7.043948110929e+12,2.785882699537e+13,7.043919334779e+12,2.785871687579e+13,9.102161406887e+12,9.196698239826e+12
682.50000000,5.299602166585e+14,9.037286044927e+12,3.574248198147e+13,9.037263316001e+12,3.574239682294e+13,2.108723971348e+13,2.130625591950e+13
683.00000000,1.940767081182e+15,4.679063347682e+13,1.850570365520e+14,4.679061096777e+13,1.850569720412e+14,1.722840069428e+14,1.740733824169e+14
683.50000000,2.913401068563e+15,3.221148587854e+14,1.273964825155e+15,3.221148045577e+14,1.273964779433e+15,1.252823299227e+15,1.265835367641e+15
684.00000000,8.791331893037e+15,1.562995189361e+15,6.181648684699e+15,1.562994976922e+15,6.181648663318e+15,6.112674396674e+15,6.176161831408e+15
684.50000000,2.403876598501e+16,5.008705592805e+15,1.980943930637e+16,5.008704934589e+15,1.980943932707e+16,1.960336419958e+16,1.980696858359e+16
685.00000000,4.351875723054e+16,1.054129690959e+16,4.169084755970e+16,1.054129553351e+16,4.169084763964e+16,4.126324321484e+16,4.169181134893e+16
685.50000000,5.825404279014e+16,1.456360192002e+16,5.759907085201e+16,1.456360002207e+16,5.759907097515e+16,5.701043178891e+16,5.760255331092e+16
686.00000000,5.129208547192e+16,1.320848244390e+16,5.223957097371e+16,1.320848072327e+16,5.223957108821e+16,5.170617459205e+16,5.224320505886e+16
686.50000000,2.893867228340e+16,7.863584420849e+15,3.110049002264e+16,7.863583396271e+15,3.110049008997e+16,3.078279738727e+16,3.110251355620e+16
687.00000000,1.132052856412e+16,3.072478718625e+15,1.215165866090e+16,3.072478317845e+15,1.215165868542e+16,1.202722827800e+16,1.215214542895e+16
687.50000000,3.349750306704e+15,7.876558521528e+14,3.115180261332e+15,7.876557489699e+14,3.115180265878e+15,3.082989850122e+15,3.115010387156e+15
688.00000000,9.913121460610e+14,1.324741718052e+14,5.239355792458e+14,1.324741541030e+14,5.239355786334e+14,5.182907073338e+14,5.236737762362e+14
688.50000000,1.425409048161e+15,1.465340286187e+13,5.795423373277e+13,1.465340065364e+13,5.795423267577e+13,5.716398273006e+13,5.775769906225e+13
689.00000000,1.177494998750e+15,1.098675793594e+12,4.345264669149e+12,1.098675459028e+12,4.345263921511e+12,4.173955991321e+12,4.217307516592e+12
689.50000000,8.495620841777e+14,7.900309758316e+10,3.124573879601e+11,7.900296751683e+10,3.124569149354e+11,2.298477480163e+11,2.322349917911e+11
690.00000000,1.347299015146e+15,1.960534540558e+10,7.753917508154e+10,1.960526911246e+10,7.753888361285e+10,2.785318305785e+10,2.814247167798e+10
690.50000000,1.066371232188e+14,1.098927423474e+10,4.346259865759e+10,1.098922809296e+10,4.346242192380e+10,1.337289162641e+10,1.351178510073e+10
691.00000000,6.505436267245e+14,6.544051802392e+09,2.588173622811e+10,6.544024251785e+09,2.588163069367e+10,7.914871587068e+09,7.997076995159e+09
691.50000000,9.285245447993e+14,3.848546338475e+09,1.522100744338e+10,3.848530134754e+09,1.522094537379e+10,4.654088666378e+09,4.702426943747e+09
692.00000000,3.793179927100e+14,2.229144934059e+09,8.816272080311e+09,2.229135548988e+09,8.816236130134e+09,2.695723704461e+09,2.723722019379e+09
692.50000000,5.705957113986e+14,1.271702506653e+09,5.029585619384e+09,1.271697152686e+09,5.029565110648e+09,1.537880499005e+09,1.553853227384e+09
693.00000000,7.865008724243e+14,7.144926019049e+08,2.825819479711e+09,7.144895939710e+08,2.825807957632e+09,8.640418906405e+08,8.730159991205e+08
693.50000000,1.247622118888e+15,3.953807647722e+08,1.563731610401e+09,3.953791002991e+08,1.563725234537e+09,4.781372712319e+08,4.831032986744e+08
694.00000000,7.934574581787e+14,2.154756228022e+08,8.522064618918e+08,2.154747160142e+08,8.522029884261e+08,2.605764753672e+08,2.632828737289e+08
694.50000000,8.084384324535e+14,1.156608316156e+08,4.574387896355e+08,1.156603447327e+08,4.574369246045e+08,1.398696113461e+08,1.413223245524e+08
695.00000000,1.239521246749e+15,6.114197979384e+07,2.418166361260e+08,6.114172272631e+07,2.418156514542e+08,7.393950678885e+07,7.470745700292e+07
695.50000000,1.229080543766e+15,3.183448192375e+07,1.259054312204e+08,3.183434785645e+07,1.259049176613e+08,3.849770183554e+07,3.889754651465e+07
696.00000000,8.390218382349e+14,1.632381778166e+07,6.456072763762e+07,1.632374923977e+07,6.456046510595e+07,1.974052542895e+07,1.994555439638e+07
696.50000000,-9.067710586649e+13,8.244225981859e+06,3.260592805659e+07,8.244191448858e+06,3.260579579745e+07,9.969808815870e+06,1.007335720491e+07
697.00000000,9.828986294518e+14,4.100576160857e+06,1.621778582801e+07,4.100559224727e+06,1.621772099377e+07,4.958861415952e+06,5.010365122851e+06
697.50000000,7.519953182979e+14,2.008904715799e+06,7.945221635122e+06,2.008896541259e+06,7.945190357216e+06,2.429595010653e+06,2.454829260779e+06
698.00000000,7.995281748887e+14,9.821648651531e+05,3.884463745094e+06,9.821608036112e+05,3.884448196220e+06,1.222844114772e+06,1.235544813498e+06
698.50000000,1.000520331089e+15,1.872657239923e+06,7.406362631733e+06,1.872654807970e+06,7.406353994394e+06,6.084976334889e+06,6.148176092122e+06
699.00000000,1.163657362666e+15,1.000218226638e+08,3.955864821080e+08,1.000218086255e+08,3.955864789853e+08,3.909759236712e+08,3.950366762691e+08
699.50000000,2.199147077968e+14,4.596425046265e+09,1.817886902977e+10,4.596424447917e+09,1.817886907126e+10,1.799352188930e+10,1.818040613545e+10
700.00000000,1.307090597792e+15,1.381957725208e+11,5.465645199993e+11,1.381957545427e+11,5.465645212932e+11,5.409998455733e+11,5.466187760377e+11
700.50000000,7.610228597672e+14,2.715628673534e+12,1.074031611367e+13,2.715628320256e+12,1.074031613911e+13,1.063096931261e+13,1.074138464420e+13
701.00000000,1.684803329951e+15,3.492378948993e+13,1.381236480026e+14,3.492378494666e+13,1.381236483297e+14,1.367174164145e+14,1.381373903061e+14
701.50000000,3.092191638820e+15,2.941703539656e+14,1.163444260127e+15,2.941703156968e+14,1.163444262883e+15,1.151599278715e+15,1.163560014606e+15
702.00000000,9.160031219620e+15,1.624033457867e+15,6.423055142502e+15,1.624033246596e+15,6.423055157715e+15,6.357662264376e+15,6.423694191135e+15
702.50000000,2.973235284227e+16,5.879741363588e+15,2.325438729050e+16,5.879740598688e+15,2.325438734558e+16,2.301763526515e+16,2.325670093785e+16
703.00000000,6.413846332016e+16,1.396652000468e+16,5.523761084128e+16,1.396651818776e+16,5.523761097211e+16,5.467523884333e+16,5.524310659357e+16
703.50000000,8.475572504747e+16,2.177339732435e+16,8.611382418042e+16,2.177339449183e+16,8.611382438437e+16,8.523710263836e+16,8.612239189793e+16
704.00000000,8.308304663783e+16,2.228163860558e+16,8.812391932913e+16,2.228163570694e+16,8.812391953785e+16,8.722673308544e+16,8.813268703692e+16
704.50000000,5.764458613473e+16,1.496769528596e+16,5.919726081514e+16,1.496769333880e+16,5.919726095534e+16,5.859457577262e+16,5.920315052464e+16
705.00000000,2.365131040249e+16,6.599063638912e+15,2.609930813696e+16,6.599062780435e+15,2.609930819877e+16,2.583359208156e+16,2.610190483385e+16
705.50000000,7.097318107186e+15,1.908951669832e+15,7.549907164967e+15,1.908951421495e+15,7.549907182849e+15,7.473041849613e+15,7.550658327425e+15
706.00000000,2.164000031309e+15,3.621589051544e+14,1.432339097994e+15,3.621588580408e+14,1.432339101387e+15,1.417756508559e+15,1.432481605622e+15
706.50000000,1.088380245784e+15,4.503512464123e+13,1.781139960626e+14,4.503511878258e+13,1.781139964844e+14,1.763006242982e+14,1.781317171476e+14
707.00000000,8.592222506219e+14,3.668295856374e+12,1.450811647406e+13,3.668295379163e+12,1.450811650842e+13,1.436040989653e+13,1.450955992921e+13
707.50000000,6.831011586403e+14,1.955709895852e+11,7.734836029971e+11,1.955709641433e+11,7.734836048297e+11,7.656087960939e+11,7.735605591552e+11
708.00000000,1.170942203663e+15,6.862175395451e+09,2.713991559040e+10,6.862174502922e+09,2.713991565538e+10,2.686360515139e+10,2.714261582137e+10
708.50000000,1.215685240687e+15,2.264315843861e+09,8.955373089580e+09,2.264315549104e+09,8.955373110036e+09,8.864198780357e+09,8.956264086802e+09
709.00000000,1.020697874046e+15,6.569586133824e+10,2.598272455321e+11,6.569585279163e+10,2.598272461468e+11,2.571819543252e+11,2.598530965259e+11
709.50000000,3.165126787559e+14,1.337728978846e+12,5.290720431422e+12,1.337728804820e+12,5.290720443952e+12,5.236855809910e+12,5.291246821088e+12
710.00000000,1.308590918811e+15,1.782652547710e+13,7.050393917928e+13,1.782652315803e+13,7.050393934627e+13,6.978614128233e+13,7.051095382794e+13
710.50000000,2.759852854419e+15,1.555841284783e+14,6.153354979685e+14,1.555841082382e+14,6.153354994258e+14,6.090707908967e+14,6.153967195453e+14
711.00000000,6.599782993053e+15,8.899375312784e+14,3.519704479666e+15,8.899374155057e+14,3.519704488002e+15,3.483870503539e+15,3.520054665636e+15
711.50000000,1.704907771539e+16,3.338119014265e+15,1.320226649087e+16,3.338118580007e+15,1.320226652214e+16,1.306785472279e+16,1.320358002402e+16
712.00000000,3.688904835877e+16,8.214784856169e+15,3.248948835343e+16,8.214783787501e+15,3.248948843038e+16,3.215871412032e+16,3.249272083020e+16
712.50000000,5.268582036312e+16,1.326750208850e+16,5.247299377048e+16,1.326750036252e+16,5.247299389476e+16,5.193876823622e+16,5.247821446623e+16
713.00000000,5.228873621907e+16,1.406570384351e+16,5.562988309589e+16,1.406570201369e+16,5.562988322764e+16,5.506351739266e+16,5.563541788003e+16
713.50000000,3.695157495934e+16,9.788656371687e+15,3.871415292694e+16,9.788655098273e+15,3.871415301863e+16,3.832000562288e+16,3.871800471429e+16
714.00000000,1.754249907996e+16,4.471081472508e+15,1.768313497817e+16,4.471080890862e+15,1.768313502005e+16,1.750310366011e+16,1.768489432638e+16
714.50000000,5.833367172366e+15,1.339988276983e+15,5.299655959471e+15,1.339988102663e+15,5.299655972023e+15,5.245700365690e+15,5.300183238159e+15
715.00000000,2.136178169387e+15,2.633900328930e+14,1.041708036901e+15,2.633899986284e+14,1.041708039369e+15,1.031102447386e+15,1.041811679563e+15
715.50000000,6.619113638504e+14,3.393655995143e+13,1.342191534656e+14,3.393655553659e+13,1.342191537835e+14,1.328526734191e+14,1.342325073323e+14
716.00000000,5.723444621267e+14,2.864328709465e+12,1.132842501367e+13,2.864328336842e+12,1.132842504050e+13,1.121309075369e+13,1.132955211270e+13
716.50000000,1.045690539734e+15,1.582464961794e+11,6.258651668437e+11,1.582464755929e+11,6.258651683259e+11,6.194932576170e+11,6.259274360483e+11
717.00000000,1.755704045270e+15,5.717388192556e+09,2.261228021749e+10,5.717387448762e+09,2.261228027099e+10,2.238206546089e+10,2.261452998099e+10
717.50000000,1.087377688034e+15,1.349164973430e+08,5.335949809836e+08,1.349164798109e+08,5.335949823236e+08,5.281624711461e+08,5.336480701228e+08
718.00000000,1.799219926595e+15,2.075425993405e+06,8.208313403426e+06,2.075425599377e+06,8.208312932309e+06,8.124744510263e+06,8.209129699682e+06
718.50000000,9.326774136526e+14,2.074960131664e+04,8.206470919429e+04,2.074957189771e+04,8.206460371262e+04,8.122924326398e+04,8.207290611030e+04
719.00000000,9.610808336737e+14,1.340606132909e+02,5.302099580730e+02,1.339496980324e+02,5.297713582064e+02,5.239434155671e+02,5.293851946054e+02
719.50000000,4.543872941658e+14,9.291041666667e-01,3.674608590555e+00,9.318023341049e-01,3.685280335602e+00,3.444758506944e+00,3.480536444176e+00
720.00000000,1.129301956490e+15,2.388734905478e-01,9.447450694060e-01,1.972372781636e-01,7.800738805427e-01,9.960479552469e-01,1.006393104595e+00
720.50000000,1.694535536170e+15,1.200441449653e+00,4.747748015358e+00,8.666548611111e-01,3.427621932794e+00,5.212109519676e+00,5.266243511032e+00
721.00000000,1.224774847308e+15,9.098596305941e-01,3.598496417011e+00,8.261036940586e-01,3.267241975528e+00,3.896466304977e+00,3.936935767961e+00
721.50000000,1.706178283239e+15,6.218166232639e-01,2.459285823454e+00,5.270977961034e-01,2.084672973893e+00,3.875879267940e+00,3.916134909921e+00
722.00000000,9.367721610614e+14,6.611249517747e-01,2.614750330888e+00,9.543877411265e-01,3.774605671376e+00,4.339114805170e+00,4.384181702262e+00
722.50000000,1.755839535144e+15,4.172191695602e-01,1.650102539213e+00,2.895964072145e-01,1.145354444507e+00,2.087979619985e+00,2.109665785686e+00
723.00000000,1.210269135687e+15,-1.245240258488e-01,-4.924927381996e-01,-1.629661361883e-01,-6.445314366385e-01,1.298177179784e-01,1.311660302493e-01
723.50000000,9.663935425755e+14,-2.756641975309e-01,-1.090252379332e+00,-4.486648244599e-01,-1.774470393924e+00,-8.408670717593e-01,-8.496004820267e-01
724.00000000,5.708112217788e+14,-1.274409915123e-01,-5.040293424581e-01,-3.999262731481e-01,-1.581709313424e+00,3.146981095679e-01,3.179666258335e-01
724.50000000,1.328659392150e+15,2.641528549383e-01,1.044724999413e+00,-1.330367669753e-01,-5.261607138140e-01,1.087935706019e+00,1.099235219562e+00
725.00000000,1.010620294675e+15,1.046037615741e+00,4.137080584446e+00,8.589864969136e-01,3.397293535076e+00,2.714776601080e+00,2.742972803117e+00
725.50000000,4.033932691701e+13,6.438044174383e-01,2.546247587548e+00,5.786557050540e-01,2.288584620222e+00,1.655261390818e+00,1.672453260153e+00
726.00000000,1.118580383284e+15,1.978209587191e-01,7.823822348242e-01,1.600523678627e-01,6.330074763307e-01,4.650015817901e-01,4.698311793867e-01
726.50000000,3.787573264863e+14,1.333933690201e-01,5.275710058246e-01,3.071910686728e-01,1.214941370307e+00,5.973565682870e-01,6.035608307228e-01
727.00000000,1.067370781097e+15,1.644425733025e-01,6.503706626116e-01,4.687551601080e-02,1.853927716781e-01,5.610651813272e-01,5.668925143027e-01
727.50000000,8.615808225997e+14,3.661385127315e-01,1.448078452864e+00,2.810620081019e-01,1.111600876743e+00,1.563914824460e+00,1.580157950447e+00
728.00000000,1.381999718686e+15,5.870751929012e-01,2.321883406116e+00,6.254665027006e-01,2.473721430624e+00,1.955600713735e+00,1.975911966162e+00
728.50000000,6.705870315981e+14,4.436628665123e-01,1.754687406521e+00,5.100494116512e-01,2.017246574886e+00,1.461395910494e+00,1.476574254941e+00
729.00000000,7.992212922350e+14,5.190091338735e-01,2.052682024611e+00,1.807864293981e-01,7.150107365257e-01,9.974934124228e-01,1.007853574573e+00
729.50000000,1.797240163846e+15,7.407558641975e-01,2.929690727628e+00,4.619636959877e-01,1.827067460848e+00,2.587073649691e+00,2.613943503838e+00
730.00000000,6.792987558425e+14,5.324082465278e-01,2.105675538398e+00,8.831945408951e-02,3.493036403690e-01,1.989155160108e+00,2.009814915594e+00
730.50000000,1.086958061910e+15,5.678877314815e-02,2.245996962923e-01,-1.020738811728e-01,-4.037024305441e-01,1.636791888503e+00,1.653791929966e+00
731.00000000,9.280481322089e+14,1.639469425154e-01,6.484104419893e-01,8.310075231481e-02,3.286636630651e-01,4.913968557099e-01,4.965005997964e-01
731.50000000,1.334627937779e+15,-4.056581404321e-01,-1.604378648961e+00,-5.023151716821e-01,-1.986657638342e+00,-1.886234567901e+00,-1.905825369938e+00
732.00000000,9.030714185060e+14,-4.779626157407e-01,-1.890342974207e+00,-5.569609760802e-01,-2.202781918139e+00,-2.972754137731e+00,-3.003629745043e+00
732.50000000,3.184685999842e+14,-1.125084114583e+00,-4.449709624462e+00,-9.730008487654e-01,-3.848220554120e+00,-4.031205844907e+00,-4.073074739170e+00
733.00000000,1.033893683466e+15,-5.125196807485e-01,-2.027016226247e+00,-6.190537760417e-01,-2.448359082206e+00,-2.457591338735e+00,-2.483116364213e+00
733.50000000,8.216193800574e+14,-6.426702305170e-01,-2.541761876307e+00,-5.853087673611e-01,-2.314897496671e+00,-2.671835407022e+00,-2.699585613398e+00
734.00000000,1.409009445694e+15,-3.322297116127e-01,-1.313969085629e+00,-1.947188560957e-01,-7.701135155770e-01,-1.961478395062e+00,-1.981850694240e+00
734.50000000,1.553281724762e+15,-1.219664400077e-01,-4.823774817625e-01,-2.039500819830e-01,-8.066230348076e-01,-1.235052469136e+00,-1.247879966224e+00
735.00000000,1.490698575064e+15,2.130105854552e-01,8.424572349096e-01,-6.668226755401e-02,-2.637285187595e-01,-5.140833719136e-01,-5.194227426053e-01
735.50000000,7.717851654043e+14,4.801154899691e-01,1.898857595514e+00,4.735099344136e-02,1.872732859897e-01,2.261109567901e-01,2.284593895186e-01
736.00000000,7.402437152668e+14,8.075401548032e-01,3.193822712801e+00,5.792022762346e-01,2.290746310475e+00,2.994342156154e+00,3.025441980857e+00
736.50000000,1.124483373012e+15,7.825437692901e-01,3.094961964744e+00,3.578827256944e-01,1.415426988300e+00,2.534951509452e+00,2.561280012831e+00
737.00000000,1.193623013161e+15,3.800824266975e-01,1.503226656783e+00,2.391311161748e-01,9.457641044825e-01,1.481996117863e+00,1.497388420103e+00
737.50000000,1.121207682570e+15,5.808955475984e-01,2.297442898226e+00,3.884898244599e-01,1.536478133035e+00,2.174691265191e+00,2.197278035041e+00
738.00000000,1.070383130754e+15,3.202599880642e-01,1.266628808236e+00,3.538676335841e-02,1.399547289937e-01,8.157727044753e-01,8.242454797242e-01
738.50000000,6.890326868620e+14,4.420443311150e-01,1.748286096218e+00,1.201067702305e-01,4.750225474895e-01,1.757423085455e+00,1.775676026181e+00
739.00000000,1.104098971843e+15,4.382253912278e-01,1.733182182341e+00,4.499986701871e-01,1.779745756787e+00,1.457968351538e+00,1.473111096686e+00
739.50000000,1.297002536910e+15,8.696452573423e-01,3.439448501055e+00,1.365931767216e-01,5.402263223919e-01,2.097358656744e+00,2.119142234961e+00
740.00000000,1.224339987525e+15,8.095484498577e-01,3.201765523225e+00,4.523662241995e-01,1.789109438253e+00,1.690306871805e+00,1.707862730377e+00
740.50000000,1.437748308628e+15,2.234362759814e-01,8.836908590222e-01,-5.535496027440e-02,-2.189289928891e-01,1.123576599573e+00,1.135246286425e+00
741.00000000,3.151269365163e+14,2.768819658444e-01,1.095068655124e+00,3.089276971511e-01,1.221809739860e+00,4.551269082152e-01,4.598539455160e-01
741.50000000,1.955439658657e+15,1.509674096378e-01,5.970763669474e-01,-1.104899836787e-01,-4.369881349604e-01,1.028158385025e+00,1.038837039592e+00
742.00000000,1.544161116395e+15,-1.077673522196e-01,-4.262200649343e-01,-1.163722651729e-01,-4.602525715533e-01,-2.046035804278e-01,-2.067286333286e-01
742.50000000,1.413018569791e+15,5.790612340856e-02,2.290188185101e-01,-1.330356204186e-02,-5.261561791796e-02,5.655669780213e-01,5.714410675400e-01
743.00000000,1.330451385634e+15,4.567979321892e-02,1.806636614054e-01,-7.232542799961e-02,-2.860472310654e-01,-6.574766378520e-01,-6.643053191175e-01
743.50000000,9.174419771557e+14,-3.465786193094e-02,-1.370719040456e-01,2.493341411073e-02,9.861170911312e-02,-4.088906727732e-01,-4.131374914676e-01
744.00000000,1.926086816136e+15,2.370962534963e-01,9.377160937850e-01,1.259959849416e-01,4.983144049712e-01,-8.913941559968e-02,-9.006523504675e-02
744.50000000,8.641409713127e+14,5.191757551782e-01,2.053341012160e+00,3.845392936801e-01,1.520853774880e+00,1.444212114499e+00,1.459211984672e+00
745.00000000,7.660951878292e+14,9.450510886863e-01,3.737678694800e+00,4.437881284361e-01,1.755183050137e+00,2.815263692974e+00,2.844503573649e+00
745.50000000,1.084039085040e+15,4.644895471644e-01,1.837056964621e+00,3.295176576968e-01,1.303243080315e+00,1.214324732350e+00,1.226936947100e+00
746.00000000,1.268140865208e+15,4.651874071663e-01,1.839817002139e+00,4.224724952980e-01,1.670879672941e+00,1.713381054688e+00,1.731176566247e+00
746.50000000,7.465639683457e+14,4.067901698736e-01,1.608855827365e+00,1.291346474730e-01,5.107278223705e-01,1.028685088735e+00,1.039369213750e+00
747.00000000,6.525519591611e+14,1.503555483218e-01,5.946564543811e-01,-1.281331006462e-01,-5.067667024089e-01,-5.217737316744e-01,-5.271929759504e-01
747.50000000,1.115044857561e+15,2.487064826871e-01,9.836345703707e-01,-6.101139805170e-02,-2.413002170718e-01,-7.361694082755e-01,-7.438154080830e-01
748.00000000,9.012573036069e+14,-7.958205536265e-03,-3.147471669821e-02,-2.385493441358e-01,-9.434631947547e-01,-7.509423707562e-01,-7.587418054484e-01
748.50000000,8.037384385684e+14,1.316636622299e-01,5.207300124698e-01,-2.628142891590e-01,-1.039431107117e+00,-1.222084056713e-02,-1.234776861327e-02
749.00000000,8.981654167620e+14,1.531245418596e-01,6.056078286256e-01,3.206652054398e-01,1.268231611648e+00,5.733255931713e-01,5.792802651880e-01
749.50000000,1.350496083973e+15,-1.600087962963e-01,-6.328350668625e-01,-3.339669608410e-01,-1.320840084298e+00,-3.576298369985e-01,-3.613442506023e-01
750.00000000,1.391229975717e+15,-9.637398726852e-03,-3.811592867928e-02,-1.110153983410e-01,-4.390661511364e-01,2.644569299769e-01,2.672036315010e-01
750.50000000,1.394872711937e+15,2.179739342207e-01,8.620872878850e-01,4.842214506173e-02,1.915096930671e-01,1.800785802469e+00,1.819489116875e+00
751.00000000,1.336739541046e+15,-7.682387152778e-02,-3.038385451315e-01,1.728498263889e-02,6.836214537015e-02,6.680468460648e-01,6.749853115851e-01
751.50000000,1.430320901991e+15,-4.403158950617e-01,-1.741450128629e+00,-3.557789207176e-01,-1.407106434866e+00,-8.846373746142e-01,-8.938253918287e-01
752.00000000,1.276101420844e+15,-3.305311149691e-01,-1.307251132958e+00,-4.546568865741e-01,-1.798169013117e+00,-1.847983043981e+00,-1.867176558191e+00
752.50000000,1.348548930173e+15,-1.075825327932e-01,-4.254891037825e-01,-4.826631944444e-01,-1.908934023989e+00,-1.331894184028e+00,-1.345727498154e+00
753.00000000,1.147483884654e+15,-5.876101466049e-02,-2.323999148942e-01,-2.489985628858e-01,-9.847898785076e-01,-2.296493518519e+00,-2.320345350452e+00
753.50000000,7.501666392123e+14,9.282832272377e-02,3.671361773689e-01,1.721768904321e-02,6.809599904727e-02,-1.154551263503e+00,-1.166542659287e+00
754.00000000,8.283389830662e+14,3.707389081790e-02,1.466273024838e-01,2.816258005401e-01,1.113830677110e+00,5.435490451389e-01,5.491944520898e-01
754.50000000,1.015916286410e+15,3.508614969136e-02,1.387657828809e-01,-2.067230902778e-02,-8.175902888754e-02,6.214683931327e-01,6.279230857087e-01
755.00000000,6.070411405281e+14,-1.599366608796e-01,-6.325497711645e-01,-2.425712770062e-01,-9.593699483394e-01,4.500132137346e-02,4.546871392019e-02
755.50000000,9.387557901388e+14,2.466720100309e-01,9.755882274867e-01,2.787783468364e-01,1.102568991282e+00,7.988372685185e-01,8.071341490092e-01
756.00000000,4.670180440190e+14,-2.172092978395e-02,-8.590631496714e-02,5.424262152778e-02,2.145296906343e-01,-1.902819830247e-01,-1.922582890070e-01
756.50000000,1.430633503037e+15,-1.017096170910e+00,-4.022617119948e+00,-8.068414544753e-01,-3.191059774478e+00,-2.904199141590e+00,-2.934362723271e+00
757.00000000,1.340604871786e+15,-8.596839120370e-01,-3.400051363096e+00,-7.445028260031e-01,-2.944510358095e+00,-3.327586005015e+00,-3.362146965669e+00
757.50000000,1.245502442480e+15,-4.689220389660e-01,-1.854587477384e+00,-7.244437982253e-01,-2.865176857937e+00,-1.434051543210e+00,-1.448945883697e+00
758.00000000,8.860165762204e+14,-1.970142843364e-01,-7.791918362415e-01,-2.654432388117e-01,-1.049828608930e+00,-1.665225144676e+00,-1.682520499512e+00
758.50000000,1.122685300165e+15,-2.427868923611e-01,-9.602225803647e-01,6.755452835648e-02,2.671783122031e-01,-2.681431905864e-01,-2.709281783359e-01
759.00000000,1.848465628513e+15,1.143493827160e-01,4.522520069634e-01,3.532041473765e-01,1.396923200488e+00,2.754161458333e-01,2.782766719220e-01
759.50000000,1.778861976700e+15,8.280363136574e-02,3.274885056617e-01,4.707826533565e-01,1.861946457157e+00,9.359554928627e-01,9.456765101147e-01
760.00000000,1.025321095082e+15,8.624797935957e-02,3.411109079509e-01,4.690386766975e-01,1.855049025533e+00,3.380216435185e-01,3.415324025805e-01
760.50000000,1.168245023049e+15,2.322064091435e-01,9.183767508889e-01,5.444113618827e-01,2.153148165648e+00,1.441545336613e+00,1.456517509108e+00
761.00000000,1.751445179277e+15,1.406274016204e-01,5.561816173052e-01,5.393170235340e-01,2.133000045975e+00,1.318869222608e+00,1.332567256931e+00
761.50000000,1.318809498359e+15,-3.419439621914e-01,-1.352388963516e+00,1.803948857060e-01,7.134621803391e-01,4.868560715664e-01,4.919126541785e-01
762.00000000,1.533194491447e+15,-2.035216097608e-01,-8.049283195809e-01,-8.312053433642e-02,-3.287419010052e-01,2.534509548611e-02,2.560833461698e-02
762.50000000,1.375479332850e+15,-2.675239703897e-01,-1.058057766870e+00,-2.216288917824e-01,-8.765427674868e-01,-2.846899667245e-01,-2.876468125352e-01
763.00000000,8.688308718752e+14,2.847000868056e-02,1.125989337084e-01,-2.640057219329e-01,-1.044143226428e+00,-1.731601562500e-01,-1.749586315825e-01
763.50000000,1.255476627418e+15,1.514565441744e-01,5.990108948878e-01,-2.761818214699e-01,-1.092299727594e+00,2.928096064815e-03,2.958507844626e-03
764.00000000,1.113865318258e+15,1.403195023148e-01,5.549638750177e-01,-4.183466869213e-01,-1.654562091494e+00,-3.723218098958e-01,-3.761888172107e-01
764.50000000,1.649650751087e+15,-1.628698423032e-01,-6.441505087820e-01,-5.502040545428e-01,-2.176058278200e+00,-9.156422212577e-01,-9.251522608883e-01
765.00000000,1.542904059672e+15,-3.385478298611e-01,-1.338957254260e+00,-5.510514624325e-01,-2.179409778317e+00,-8.480436197917e-01,-8.568515670940e-01
765.50000000,1.601345261350e+15,1.673643301505e-02,6.619262160128e-02,-1.760091736593e-01,-6.961166792906e-01,-8.023606589988e-01,-8.106941341138e-01
766.00000000,8.840765552194e+14,5.881258499711e-02,2.326038756649e-01,-1.110141143422e-01,-4.390610729180e-01,-5.186753749518e-01,-5.240624390874e-01
766.50000000,1.922098336708e+15,1.399221516927e-01,5.533923526181e-01,3.861413966049e-02,1.527190095566e-01,5.021632456838e-01,5.073788116075e-01
767.00000000,1.579217311962e+15,1.858683256173e-01,7.351095501764e-01,3.250493001302e-01,1.285570716049e+00,1.490943997758e+00,1.506429234432e+00
767.50000000,1.266010198870e+15,-1.145795777874e-02,-4.531624288699e-02,-2.482619026090e-02,-9.818763854492e-02,1.726533970812e+00,1.744466091136e+00
768.00000000,1.494441676928e+15,-1.099630773474e-01,-4.349041616229e-01,-1.488126645689e-01,-5.885544244220e-01,1.108666347174e+00,1.120181173221e+00
768.50000000,1.003118328005e+15,-3.905198989680e-02,-1.544506877715e-01,-4.918519422743e-03,-1.945275542406e-02,1.285859503852e+00,1.299214692764e+00
769.00000000,2.110333208534e+15,7.786434280961e-02,3.079536108557e-01,-1.323645780587e-01,-5.235022051308e-01,-6.887690101153e-01,-6.959227000942e-01
769.50000000,1.423894015816e+15,2.122630196277e-01,8.395006107651e-01,-1.561295346861e-01,-6.174926622586e-01,-6.749133014443e-01,-6.819230833165e-01
770.00000000,1.298587912325e+15,1.615575448495e-01,6.389603700766e-01,1.968891752267e-02,7.786971326411e-02,-3.051724699797e-01,-3.083420510850e-01
770.50000000,1.369811459324e+15,-1.505917293596e-01,-5.955905507953e-01,-2.378919077932e-01,-9.408630325351e-01,-2.269873761212e-01,-2.293449115127e-01
771.00000000,1.439901637784e+15,-4.621631564670e-01,-1.827856085378e+00,-3.742762595848e-01,-1.480263451857e+00,-1.005537832755e+00,-1.015981545831e+00
771.50000000,1.566192981166e+15,-4.747921887056e-01,-1.877803929785e+00,-2.919979992525e-01,-1.154852746440e+00,-1.409098616536e+00,-1.423733791035e+00
772.00000000,1.110823668423e+15,-4.021204668210e-01,-1.590387143693e+00,-3.346058153694e-01,-1.323366755400e+00,-1.410848177083e+00,-1.425501522861e+00
772.50000000,6.268524017655e+14,-2.409475320698e-01,-9.529479072226e-01,-2.541597041377e-01,-1.005202203814e+00,8.027320842978e-02,8.110694171088e-02
773.00000000,1.484366142444e+15,-9.526039134838e-02,-3.767550129973e-01,-2.376769145448e-02,-9.400127337519e-02,5.178368790992e-01,5.232152344524e-01
773.50000000,1.314870726540e+15,-1.991651174286e-01,-7.876983848515e-01,-1.684057677469e-01,-6.660451917368e-01,7.471412037037e-02,7.549011587297e-02
774.00000000,1.227122298790e+15,-3.066970196759e-01,-1.212987244737e+00,-1.418170066551e-01,-5.608865815753e-01,5.151300347222e-01,5.204802762591e-01
774.50000000,1.266342160823e+15,-2.259358277874e-01,-8.935765907502e-01,-1.496875373746e-01,-5.920145483444e-01,3.166614607446e-01,3.199503687605e-01
775.00000000,1.790302581190e+15,4.308498263889e-01,1.704011810611e+00,2.942783082562e-02,1.163871373699e-01,1.567385949556e+00,1.583665127330e+00
775.50000000,1.087716884056e+15,6.010387996721e-01,2.377109495112e+00,4.340702015818e-01,1.716748627483e+00,3.626420686246e+00,3.664085402489e+00
776.00000000,1.892328243810e+15,9.041646074460e-01,3.575972590583e+00,5.196333381559e-01,2.055151025854e+00,2.105493434124e+00,2.127361501734e+00
776.50000000,1.799773370573e+15,1.097947200521e+00,4.342383082280e+00,1.132737379437e+00,4.479978893646e+00,3.294475795718e+00,3.328692867246e+00
777.00000000,1.412007774592e+15,6.102409505208e-01,2.413504017679e+00,7.559819034529e-01,2.989910135332e+00,7.627698881173e-01,7.706921657237e-01
777.50000000,1.662602245817e+15,1.460794391397e-01,5.777444351497e-01,4.895227551119e-01,1.936063601919e+00,-4.791589023920e-02,-4.841355406960e-02
778.00000000,1.784319880715e+15,7.921662808642e-02,3.133019014708e-01,3.378940248843e-01,1.336371631457e+00,-2.359344955633e-01,-2.383849574914e-01
778.50000000,1.572683604950e+15,5.470656828704e-02,2.163645724554e-01,2.588902199074e-01,1.023911404366e+00,-2.317303771219e-01,-2.341371742517e-01
779.00000000,1.412719660912e+15,-1.908102527006e-01,-7.546548803620e-01,1.205432677469e-01,4.767488961526e-01,-8.418096016590e-01,-8.505528012268e-01
779.50000000,2.031877046649e+15,-2.509333478009e-01,-9.924418257579e-01,-1.082669801312e-01,-4.281961509097e-01,-7.465712770062e-01,-7.543253126617e-01
780.00000000,1.293511754076e+15,-4.633583670910e-01,-1.832583145469e+00,-3.005255449460e-01,-1.188579208915e+00,-1.244685378086e+00,-1.257612924456e+00
780.50000000,1.062335522533e+15,-5.840807773920e-01,-2.310040487584e+00,-3.395365692515e-01,-1.342867898139e+00,-1.674005256559e+00,-1.691391803358e+00
781.00000000,6.950983823691e+14,-1.911042872299e-01,-7.558177874354e-01,-2.305448640046e-01,-9.118054577600e-01,-9.200151716821e-01,-9.295706296331e-01
781.50000000,5.374119259656e+14,2.610451051312e-01,1.032433843536e+00,2.716306520062e-01,1.074299842087e+00,1.550144979745e+00,1.566245089426e+00
782.00000000,1.498030511628e+15,4.249008342978e-01,1.680483536573e+00,2.861791039738e-01,1.131839002472e+00,4.827512249228e-01,4.877651737930e-01
782.50000000,1.417465840453e+15,4.073772858796e-01,1.611177872187e+00,1.064203993056e-01,4.208929195744e-01,3.393078028549e-01,3.428319202200e-01
783.00000000,1.182756501589e+15,5.750077160494e-02,2.274156514238e-01,-3.992330729167e-02,-1.578967704943e-01,4.380391589506e-02,4.425887195373e-02
783.50000000,1.035127777112e+15,3.815160493827e-01,1.508896636990e+00,7.139035493827e-02,2.823490149962e-01,1.193949180170e+00,1.206349770440e+00
784.00000000,1.426040237388e+15,4.296911265432e-01,1.699429150712e+00,-2.725387731481e-02,-1.077891463254e-01,8.463325327932e-01,8.551227084105e-01
784.50000000,5.895152467020e+14,3.823923225309e-01,1.512362298810e+00,3.889136815201e-01,1.538154488666e+00,5.461624228395e-01,5.518349728436e-01
785.00000000,1.216160776645e+15,4.974170717593e-01,1.967285381501e+00,4.630011381173e-01,1.831170546814e+00,1.734011506559e+00,1.752021290036e+00
785.50000000,1.199808671185e+15,4.645009066358e-01,1.837101891350e+00,6.309116030093e-01,2.495256814641e+00,2.336461930941e+00,2.360728882642e+00
786.00000000,2.213652050954e+15,3.775043402778e-01,1.493030320522e+00,3.874595630787e-01,1.532403446946e+00,1.442245071373e+00,1.457224511451e+00
786.50000000,1.568722377332e+15,3.801746961806e-01,1.503591582749e+00,5.004035252701e-01,1.979097072466e+00,9.075458092207e-01,9.169717579284e-01
787.00000000,1.461749064322e+15,3.697950376157e-01,1.462540015123e+00,4.642218750000e-01,1.835998563941e+00,-4.330655189043e-01,-4.375634222904e-01
787.50000000,1.991792990626e+15,3.264987702546e-01,1.291303202619e+00,5.516880449460e-01,2.181927463596e+00,-2.156031057099e-02,-2.178424018369e-02
788.00000000,1.083887928953e+15,4.026122516397e-01,1.592332153504e+00,5.567874831211e-01,2.202095753094e+00,-1.157410783179e-02,-1.169431878495e-02
788.50000000,1.880419452339e+15,-1.387263382523e-01,-5.486629083874e-01,1.888791063850e-01,7.470172922839e-01,-1.477784989873e+00,-1.493133554512e+00
789.00000000,9.043405404473e+14,-9.634292293596e-02,-3.810364273037e-01,2.329829354745e-01,9.214480359292e-01,4.169591905382e-01,4.212898104400e-01
789.50000000,1.357515525706e+15,-2.682428415557e-01,-1.060900903579e+00,3.801392626350e-02,1.503451642161e-01,4.857268940490e-01,4.907717488021e-01
790.00000000,1.126872240312e+15,1.021294456765e-01,4.039221347782e-01,1.887308881972e-01,7.464310890161e-01,1.739880709424e+00,1.757951451593e+00
790.50000000,1.296440609245e+15,2.973131453149e-01,1.175874005364e+00,1.391841748650e-01,5.504737258998e-01,1.653990698318e+00,1.671169369991e+00
791.00000000,1.464756800838e+15,2.518601900077e-01,9.961074882933e-01,2.699215422454e-01,1.067540309123e+00,1.605897472994e+00,1.622576639000e+00
791.50000000,1.483670359416e+15,-6.259976851852e-02,-2.475821930604e-01,-1.518391203704e-01,-6.005240639514e-01,-3.272716049383e-01,-3.306707119919e-01
792.00000000,1.321065267930e+15,-2.480175925926e-01,-9.809100088521e-01,-6.197407407407e-02,-2.451076029142e-01,-6.141401234568e-01,-6.205187031872e-01
792.50000000,1.691696101097e+15,-5.016123456790e-01,-1.983877697130e+00,-2.360376543210e-01,-9.335294558651e-01,-8.497580246914e-01,-8.585837781391e-01
793.00000000,1.012736716158e+15,-4.127209876543e-01,-1.632312221974e+00,-1.887185185185e-01,-7.463821669092e-01,-1.816158024691e+00,-1.835020998011e+00
793.50000000,1.122041480275e+15,-1.190108641975e+00,-4.706881743073e+00,-9.308111111111e-01,-3.681360046423e+00,-3.299397530864e+00,-3.333665720499e+00
794.00000000,1.366846795076e+15,-1.130246913580e+00,-4.470128503449e+00,-1.118454320988e+00,-4.423489365225e+00,-2.731303703704e+00,-2.759671559469e+00
794.50000000,1.458230853010e+15,-7.529086419753e-01,-2.977754984817e+00,-1.158725308642e+00,-4.582761212339e+00,-3.717397530864e+00,-3.756007150452e+00
795.00000000,1.495178396082e+15,-4.789768518519e-01,-1.894354279786e+00,-5.568658950617e-01,-2.202405872496e+00,-2.174490123457e+00,-2.197074804209e+00
795.50000000,1.324594057575e+15,-2.498217592593e-02,-9.880454911478e-02,-8.735115740741e-02,-3.454740248047e-01,-3.009729938272e-01,-3.040989583497e-01
796.00000000,1.635928931591e+15,2.179818748192e-01,8.621186929658e-01,4.074172248746e-01,1.611336044418e+00,-3.433427662037e-01,-3.469087914892e-01
796.50000000,1.946594353307e+15,4.347566454475e-01,1.719463286764e+00,4.051163773148e-01,1.602236187123e+00,-7.525359230324e-01,-7.603519086710e-01
797.00000000,1.746231435787e+15,4.924541039738e-01,1.947656835302e+00,3.211587143133e-01,1.270183440357e+00,6.737818287037e-03,6.807798588781e-03
797.50000000,1.582621000029e+15,-1.292453173225e-01,-5.111654541667e-01,1.228005979938e-01,4.856766423767e-01,-6.989661651235e-01,-7.062257647536e-01
798.00000000,1.634926438985e+15,-1.400711226852e-01,-5.539815331517e-01,2.162985001929e-01,8.554610567131e-01,-1.779589313272e-01,-1.798072476785e-01
798.50000000,1.410479609272e+15,-1.469774691358e-01,-5.812961453419e-01,2.660949074074e-01,1.052405959698e+00,2.206023871528e-01,2.228936067970e-01
799.00000000,1.543985178033e+15,-2.774844425154e-01,-1.097451451403e+00,4.799947434414e-02,1.898380294246e-01,-1.019889756944e-01,-1.030482531919e-01
799.50000000,1.311942276932e+15,7.481398051698e-02,2.958894226980e-01,5.621580873843e-01,2.223336505083e+00,7.912088396991e-01,7.994264898324e-01
800.00000000,1.410584057591e+15,1.236306423611e-01,4.889594049565e-01,3.530828896605e-01,1.396443625947e+00,1.662881655093e-01,1.680152669987e-01
800.50000000,1.181942711154e+15,7.780506124614e-02,3.077191521694e-01,2.547006823881e-01,1.007341774016e+00,-1.338083357446e-01,-1.351980953541e-01
801.00000000,1.703558369064e+15,-1.587705680941e-02,-6.279378721754e-02,5.462871334877e-02,2.160566846582e-01,5.919153766397e-01,5.980631257922e-01
801.50000000,2.034845403758e+15,9.979850139853e-02,3.947032461163e-01,-1.314504641686e-01,-5.198868826312e-01,5.808832224151e-01,5.869163894509e-01
802.00000000,1.412438983609e+15,-6.647720389660e-02,-2.629174567056e-01,-2.075829607928e-01,-8.209910787042e-01,8.099351719232e-01,8.183473174145e-01
802.50000000,1.518295560506e+15,5.678470172647e-02,2.245835938125e-01,-1.675369550540e-01,-6.626090355744e-01,5.978675781250e-01,6.040771480092e-01
803.00000000,1.039507155054e+15,-9.566629533179e-02,-3.783603639557e-01,-5.908523763021e-02,-2.336822482551e-01,7.685046308353e-01,7.764864706039e-01
803.50000000,1.169917709204e+15,-1.441835177951e-01,-5.702460629439e-01,-7.656479974441e-02,-3.028139558895e-01,3.172675648630e-01,3.205627679951e-01
804.00000000,1.409167220116e+15,-7.969115728684e-02,-3.151786652815e-01,1.530396393953e-01,6.052721194058e-01,-3.081145676601e-01,-3.113147059687e-01
804.50000000,1.969435038665e+15,1.169259422020e-01,4.624423041988e-01,2.965382782359e-01,1.172809560073e+00,-8.453765802831e-01,-8.541568271902e-01
805.00000000,1.758118844197e+15,1.974565360364e-01,7.809409424818e-01,4.712205373505e-01,1.863678289342e+00,-7.809731626157e-02,-7.890845030001e-02
805.50000000,1.342232920636e+15,-1.115870156371e-01,-4.413268403751e-01,-6.538872914255e-02,-2.586125714211e-01,-2.187263174250e+00,-2.209980518412e+00
806.00000000,1.905753174225e+15,2.534586804953e+00,1.002429520944e+01,2.724981930881e+00,1.077730969025e+01,6.490487367983e-01,6.557898842310e-01
806.50000000,1.675053586967e+15,6.390854776976e+02,2.527584172689e+03,6.390332032368e+02,2.527377761881e+03,6.369699059302e+02,6.435856002574e+02
807.00000000,1.136860720479e+15,9.569318582568e+04,3.784667159057e+05,9.569346310928e+04,3.784678626944e+05,9.569239458819e+04,9.668627455981e+04
807.50000000,1.991550866373e+15,8.392057571487e+06,3.319060224996e+07,8.392057856441e+06,3.319060777336e+07,8.392057190390e+06,8.479218741714e+06
808.00000000,1.772141038620e+15,4.344658291143e+08,1.718313107661e+09,4.344658294350e+08,1.718313336536e+09,4.344658294615e+08,4.389782767475e+08
808.50000000,1.371043071508e+15,1.333392734404e+10,5.273570577132e+10,1.333392734410e+10,5.273571275691e+10,1.333392734482e+10,1.347241612847e+10
809.00000000,1.439416795601e+15,2.431802119487e+11,9.617781600159e+11,2.431802119488e+11,9.617782874126e+11,2.431802119493e+11,2.457059293085e+11
809.50000000,1.136400999078e+15,2.639897237350e+12,1.044079815222e+13,2.639897237351e+12,1.044079953520e+13,2.639897237351e+12,2.667315727636e+12
810.00000000,2.382614076549e+15,1.708105771183e+13,6.755561287475e+13,1.708105771183e+13,6.755562182312e+13,1.708105771183e+13,1.725846492613e+13
810.50000000,1.395747168579e+15,6.594761970271e+13,2.608229503002e+14,6.594761970271e+13,2.608229848486e+14,6.594761970271e+13,6.663256461061e+13
811.00000000,1.358557136067e+15,1.520631036838e+14,6.014098387996e+14,1.520631036838e+14,6.014099184619e+14,1.520631036838e+14,1.536424608921e+14
811.50000000,1.582923590181e+15,2.095281038233e+14,8.286840140155e+14,2.095281038233e+14,8.286841237823e+14,2.095281038233e+14,2.117043037897e+14
812.00000000,1.912888332727e+15,1.725659965801e+14,6.824988157635e+14,1.725659965801e+14,6.824989061668e+14,1.725659965801e+14,1.743583008538e+14
812.50000000,1.923462052913e+15,8.493787633919e+13,3.359294482332e+14,8.493787633919e+13,3.359294927301e+14,8.493787633919e+13,8.582005777575e+13
813.00000000,1.347548831518e+15,2.497257304097e+13,9.876656968813e+13,2.497257304097e+13,9.876658277068e+13,2.497257304097e+13,2.523194308069e+13
813.50000000,1.277945992827e+15,4.382144790146e+12,1.733139024518e+13,4.382144790146e+12,1.733139254089e+13,4.382144790146e+12,4.427658605099e+12
814.00000000,9.256544116063e+14,4.584663516652e+11,1.813235215975e+12,4.584663516653e+11,1.813235456155e+12,4.584663516647e+11,4.632280730799e+11
814.50000000,1.559856467858e+15,2.856072315962e+10,1.129577096305e+11,2.856072315968e+10,1.129577245930e+11,2.856072315841e+10,2.885736042875e+10
815.00000000,2.003574105076e+15,1.057782619417e+09,4.183532094357e+09,1.057782619286e+09,4.183532647987e+09,1.057782619235e+09,1.068768956907e+09
815.50000000,1.886120752048e+15,2.324068935857e+07,9.191696672055e+07,2.324068954255e+07,9.191697962345e+07,2.324068822454e+07,2.348207056900e+07
816.00000000,1.584451272612e+15,3.018263337647e+05,1.193723673511e+06,3.018265056637e+05,1.193724511491e+06,3.018266001360e+05,3.049614303811e+05
816.50000000,1.401387953427e+15,2.301857648640e+03,9.103850992589e+03,2.301976800984e+03,9.104323446267e+03,2.301248725463e+03,2.325149945908e+03
817.00000000,1.420052704401e+15,1.032520728202e+01,4.083621270788e+01,1.068794269869e+01,4.227083750907e+01,1.150554977816e+01,1.162504867393e+01
817.50000000,1.419478322966e+15,4.093625000000e-01,1.619029397476e+00,3.967983699846e-01,1.569338449348e+00,1.054891493056e-01,1.065847802924e-01
818.00000000,7.484751459054e+14,3.014583429784e-01,1.192268269313e+00,3.782371865355e-01,1.495928926892e+00,6.042954089506e-01,6.105717395460e-01
818.50000000,8.214827827361e+14,2.176752724730e-01,8.609060801550e-01,4.392314597801e-01,1.737161415313e+00,1.293689737654e+00,1.307126252910e+00
819.00000000,1.116974612091e+15,2.891419753086e-02,1.143557013818e-01,2.309114197531e-01,9.132551865729e-01,1.061712962963e+00,1.072740121955e+00
819.50000000,9.753536907979e+14,-2.324302469136e-01,-9.192620296577e-01,-7.042469135802e-02,-2.785298133556e-01,5.184320987654e-01,5.238166361869e-01
820.00000000,1.701761629337e+15,-3.265432098765e-01,-1.291478961401e+00,-2.477111111111e-01,-9.796980038313e-01,1.576987654321e-01,1.593366557283e-01
