wavelength_nm,measurement,init_raw,init_fit,opt_raw,opt_fit,truth_raw,truth_fit
300.00000000,-3.376332192557e+14,-1.662024980710e-01,-6.853669909888e-01,-3.120078607253e-01,-1.286624202407e+00,-1.373029031636e+00,-1.419675320850e+00
300.50000000,-3.376958744951e+14,3.777717496142e-01,1.557812249026e+00,2.406929976852e-01,9.925436989046e-01,4.020486111111e-01,4.157075180680e-01
301.00000000,-9.586510657258e+14,6.597728587963e-01,2.720696404793e+00,1.045206404321e-01,4.310108896564e-01,2.011188271605e-02,2.079514918472e-02
301.50000000,7.811200381533e+14,1.978163580247e-01,8.157326372426e-01,5.155574845679e-02,2.126000081649e-01,-1.116141975309e+00,-1.154060970599e+00
302.00000000,-1.040820018159e+14,2.853684413580e-01,1.176769977869e+00,-7.545524691358e-02,-3.111541698081e-01,-5.997569444444e-01,-6.201326504524e-01
302.50000000,4.118769759351e+14,1.229308931327e-01,5.069284595828e-01,-5.281732253086e-02,-2.178023506093e-01,-8.759182098765e-01,-9.056760177632e-01
303.00000000,8.297749738486e+14,3.807209683642e-01,1.569973902454e+00,2.147638768326e-01,8.856200003844e-01,-7.081794945988e-01,-7.322386694303e-01
303.50000000,-1.752698987895e+15,9.823067370756e-01,4.050724991691e+00,8.653679591049e-01,3.568510606058e+00,-1.760718074846e-01,-1.820535429506e-01
304.00000000,-4.579720926536e+13,1.521403597608e+01,6.273791416341e+01,1.506965277778e+01,6.214260096103e+01,1.787984664352e+01,1.848728354283e+01
304.50000000,3.020142270376e+14,1.805963621238e+02,7.447227732972e+02,1.806418913966e+02,7.449114547920e+02,2.208902980324e+02,2.283946642835e+02
305.00000000,-3.075139532862e+14,1.931797132041e+03,7.966125677739e+03,1.931686266879e+03,7.965678482092e+03,2.372684953704e+03,2.453292825799e+03
305.50000000,-7.450727952433e+14,1.856241952501e+04,7.654559806854e+04,1.856227161006e+04,7.654508399127e+04,2.279643246600e+04,2.357090187442e+04
306.00000000,-6.453566198228e+14,1.603024539283e+05,6.610370588414e+05,1.603017740615e+05,6.610350832728e+05,1.968626074730e+05,2.035506744491e+05
306.50000000,-3.976891315463e+14,1.244093036247e+06,5.130249609116e+06,1.244089587525e+06,5.130241813623e+06,1.527834396647e+06,1.579739930686e+06
307.00000000,-2.641121936135e+14,8.677062763103e+06,3.578148623271e+07,8.677041810237e+06,3.578144464820e+07,1.065604328650e+07,1.101806394708e+07
307.50000000,1.214939772526e+14,5.438807760305e+07,2.242793792218e+08,5.438794513345e+07,2.242791138826e+08,6.679237661701e+07,6.906153221767e+07
308.00000000,-1.288445614570e+15,3.063725697751e+08,1.263384417836e+09,3.063718235495e+08,1.263382923103e+09,3.762470159591e+08,3.890293582973e+08
308.50000000,2.237952750151e+14,1.551012584797e+09,6.395889595921e+09,1.551008805539e+09,6.395882022694e+09,1.904752297727e+09,1.969462966267e+09
309.00000000,-4.373047074086e+14,7.056736585966e+09,2.909976911453e+10,7.056719389243e+09,2.909973464992e+10,8.666167737643e+09,8.960585814289e+09
309.50000000,-2.724396599802e+14,2.885488139678e+10,1.189884837339e+11,2.885481107929e+10,1.189883428071e+11,3.543581925866e+10,3.663968999672e+10
310.00000000,-7.015249322941e+14,1.060388302218e+11,4.372708884678e+11,1.060385718123e+11,4.372703705772e+11,1.302231248336e+11,1.346472305178e+11
310.50000000,-6.411865345381e+14,3.502224925150e+11,1.444207750530e+12,3.502216390468e+11,1.444206040055e+12,4.300977978252e+11,4.447096274410e+11
311.00000000,-2.894536735625e+14,1.039584056408e+12,4.286918697913e+12,1.039581523014e+12,4.286913620622e+12,1.276682174536e+12,1.320055245735e+12
311.50000000,-3.607845066938e+14,2.773412181454e+12,1.143668226192e+13,2.773405422842e+12,1.143666871668e+13,3.405944784241e+12,3.521655873951e+12
312.00000000,-1.179030919574e+15,6.649836717686e+12,2.742184163695e+13,6.649820512499e+12,2.742180915940e+13,8.166466144526e+12,8.443907722862e+12
312.50000000,5.866344942785e+13,1.433017756928e+13,5.909315921833e+13,1.433014264764e+13,5.909308923030e+13,1.759846368157e+13,1.819634108089e+13
313.00000000,-2.762693852927e+14,2.775480667470e+13,1.144521204970e+14,2.775473903818e+13,1.144519849436e+14,3.408485030226e+13,3.524282420405e+13
313.50000000,-1.439101409604e+15,4.831396055923e+13,1.992316250090e+14,4.831384282149e+13,1.992313890455e+14,5.933293402011e+13,6.134866794596e+13
314.00000000,-7.604458879163e+13,7.558861011421e+13,3.117037280925e+14,7.558842591006e+13,3.117033589206e+14,9.282811768412e+13,9.598179260648e+13
314.50000000,-5.306829420309e+14,1.062895523528e+14,4.383047879250e+14,1.062892933326e+14,4.383042688109e+14,1.305310292052e+14,1.349655954085e+14
315.00000000,-9.505968052456e+14,1.343309947329e+14,5.539389041992e+14,1.343306673777e+14,5.539382481319e+14,1.649678882685e+14,1.705723872630e+14
315.50000000,3.731203068679e+14,1.525857488033e+14,6.292157863982e+14,1.525853769625e+14,6.292150411754e+14,1.873860073023e+14,1.937521231600e+14
316.00000000,-4.829130832525e+14,1.557773020624e+14,6.423767513605e+14,1.557769224440e+14,6.423759905502e+14,1.913054586731e+14,1.978047311196e+14
316.50000000,-6.772661986598e+14,1.429377471368e+14,5.894304525557e+14,1.429373988075e+14,5.894297544534e+14,1.755375842031e+14,1.815011703561e+14
317.00000000,-1.878696599389e+12,1.178805196804e+14,4.861023029573e+14,1.178802324138e+14,4.861017272334e+14,1.447655504847e+14,1.496837099559e+14
317.50000000,-1.289744695122e+15,8.737536942391e+13,3.603086278705e+14,8.737515649625e+13,3.603082011326e+14,1.073030852574e+14,1.109485221952e+14
318.00000000,2.667695307800e+13,5.820859554465e+13,2.400339973295e+14,5.820845369438e+13,2.400337130410e+14,7.148424014255e+13,7.391279370052e+13
318.50000000,2.571436213651e+12,3.485260856367e+13,1.437212300455e+14,3.485252363030e+13,1.437210598267e+14,4.280144911328e+13,4.425555440031e+13
319.00000000,-1.274497217343e+15,1.875565402877e+13,7.734243657536e+13,1.875560832255e+13,7.734234497349e+13,2.303325933357e+13,2.381577452566e+13
319.50000000,-9.849761622547e+14,9.071441576937e+12,3.740778080761e+13,9.071419470469e+12,3.740773650304e+13,1.114036684887e+13,1.151884156573e+13
320.00000000,1.181815572644e+14,3.943353606336e+12,1.626115387523e+13,3.943343996660e+12,1.626113461604e+13,4.842714955149e+12,5.007237829157e+12
320.50000000,2.031080578707e+14,1.540629992304e+12,6.353075039832e+12,1.540626237897e+12,6.353067515456e+12,1.892001744934e+12,1.956279235472e+12
321.00000000,-1.069906643052e+15,5.409683094610e+11,2.230783693258e+12,5.409669911592e+11,2.230781051191e+12,6.643470467066e+11,6.869170898488e+11
321.50000000,-4.348519053028e+14,1.707196636873e+11,7.039943656804e+11,1.707192476554e+11,7.039935318923e+11,2.096557273347e+11,2.167784184558e+11
322.00000000,-7.153774560568e+14,4.842065650414e+10,1.996716056324e+11,4.842053850638e+10,1.996713691478e+11,5.946396412770e+10,6.148414957508e+10
322.50000000,-9.636531193086e+14,1.234269889573e+10,5.089742032175e+10,1.234266881736e+10,5.089736004020e+10,1.515770039755e+10,1.567265708112e+10
323.00000000,5.911732015005e+14,2.827604314444e+09,1.166015362699e+10,2.827597423566e+09,1.166013981624e+10,3.472496526609e+09,3.590468596787e+09
323.50000000,3.649864746772e+13,5.821738225931e+08,2.400702309857e+09,5.821724036747e+08,2.400699465712e+09,7.149503087399e+08,7.392395102841e+08
324.00000000,4.666511587006e+14,1.077231094822e+08,4.442163280495e+08,1.077228466453e+08,4.442158006014e+08,1.322915383325e+08,1.367859147918e+08
324.50000000,-6.950576423493e+14,1.791436737558e+07,7.387323419426e+07,1.791432352523e+07,7.387314590001e+07,2.200010065246e+07,2.274751606331e+07
325.00000000,-6.932373398181e+14,2.683331057485e+06,1.106521595066e+07,2.683324810313e+06,1.106520404916e+07,3.295317376142e+06,3.407270090789e+06
325.50000000,-4.872813172884e+14,4.040779844753e+05,1.666290913548e+06,4.040768280710e+05,1.666288232032e+06,4.962338726080e+05,5.130925611036e+05
326.00000000,-1.268156187869e+15,3.376590984414e+05,1.392400252491e+06,3.376578891011e+05,1.392397009617e+06,4.146667370988e+05,4.287543230862e+05
326.50000000,6.315078489845e+14,1.794881062546e+06,7.401526735746e+06,1.794876815571e+06,7.401518493426e+06,2.204239129136e+06,2.279124345360e+06
327.00000000,1.111750712760e+15,1.002510985407e+07,4.134040976978e+07,1.002508569133e+07,4.134036191164e+07,1.231153904113e+07,1.272980230983e+07
327.50000000,-4.256352339791e+14,5.167223977989e+07,2.130801155616e+08,5.167211392006e+07,2.130798634513e+08,6.345713726007e+07,6.561298386575e+07
328.00000000,-7.337711110324e+14,2.451659552940e+08,1.010987530410e+09,2.451653578450e+08,1.010986333042e+09,3.010809971303e+08,3.113097038405e+08
328.50000000,-1.511607948541e+15,1.070731663385e+09,4.415361663080e+09,1.070729053900e+09,4.415356432898e+09,1.314933621204e+09,1.359606219219e+09
329.00000000,-3.580699278345e+14,4.304474069759e+09,1.775030144084e+10,4.304463579938e+09,1.775028041746e+10,5.286196224952e+09,5.465785608915e+09
329.50000000,2.176702698463e+14,1.592869171005e+10,6.568493033745e+10,1.592865289244e+10,6.568485254027e+10,1.956155122196e+10,2.022612112891e+10
330.00000000,-4.557363450342e+14,5.425780201403e+10,2.237421635392e+11,5.425766979117e+10,2.237418985446e+11,6.663238843846e+10,6.889610871716e+10
330.50000000,-3.965772082535e+14,1.701248679170e+11,7.015416144158e+11,1.701244533342e+11,7.015407835307e+11,2.089252763897e+11,2.160231517020e+11
331.00000000,-7.803327843855e+14,4.910189717769e+11,2.024808285742e+12,4.910177751975e+11,2.024805887622e+12,6.030057548134e+11,6.234918335408e+11
331.50000000,-2.849897249312e+14,1.304532421461e+12,5.379482683602e+12,1.304529242407e+12,5.379476312315e+12,1.602057359689e+12,1.656484490664e+12
332.00000000,-5.449436930954e+13,3.190353396865e+12,1.315601710671e+13,3.190345622197e+12,1.315600152515e+13,3.917977855799e+12,4.051084384494e+12
332.50000000,2.015146384239e+14,7.182094374465e+12,2.961670532968e+13,7.182076872204e+12,2.961667025261e+13,8.820115898466e+12,9.119764097905e+12
333.00000000,7.659072330882e+14,1.488308005318e+13,6.137315570516e+13,1.488304378416e+13,6.137308301678e+13,1.827746673198e+13,1.889841208685e+13
333.50000000,-1.215795452807e+13,2.838996294107e+13,1.170713057929e+14,2.838989375672e+13,1.170711671374e+14,3.486486676974e+13,3.604934038340e+13
334.00000000,2.095735816809e+14,4.985031856715e+13,2.055670837246e+14,4.985019708542e+13,2.055668402576e+14,6.121968946843e+13,6.329952265096e+13
334.50000000,1.923189151571e+14,8.057547318733e+13,3.322679878272e+14,8.057527683055e+13,3.322675942998e+14,9.895233549322e+13,1.023140701350e+14
335.00000000,-1.181451268872e+14,1.198864821207e+14,4.943742631124e+14,1.198861899657e+14,4.943736775916e+14,1.472290131307e+14,1.522308644893e+14
335.50000000,-2.095728260532e+14,1.641989991710e+14,6.771051897013e+14,1.641985990295e+14,6.771043877598e+14,2.016478937187e+14,2.084985325277e+14
336.00000000,4.237330183026e+12,2.070161093481e+14,8.536695272143e+14,2.070156048643e+14,8.536685161557e+14,2.542303097257e+14,2.628673452736e+14
336.50000000,4.082607924555e+14,2.402544472044e+14,9.907340110004e+14,2.402538617211e+14,9.907328376071e+14,2.950493211282e+14,3.050731120669e+14
337.00000000,2.686236126180e+14,2.566685114774e+14,1.058420465604e+15,2.566678859942e+14,1.058419212045e+15,3.152069439196e+14,3.259155552670e+14
337.50000000,7.777095830394e+13,2.524106737873e+14,1.040862477971e+15,2.524100586802e+14,1.040861245207e+15,3.099780204405e+14,3.205089881466e+14
338.00000000,1.949368184568e+13,2.284950568639e+14,9.422419722703e+14,2.284945000375e+14,9.422408563094e+14,2.806079645698e+14,2.901411353692e+14
338.50000000,7.732802157677e+14,1.904056230220e+14,7.851730896500e+14,1.904051590168e+14,7.851721597164e+14,2.338314668691e+14,2.417754869734e+14
339.00000000,2.109405076414e+14,1.460549881022e+14,6.022849769186e+14,1.460546321764e+14,6.022842635917e+14,1.793657748623e+14,1.854594171791e+14
339.50000000,4.023356589549e+14,1.031303222993e+14,4.252771137278e+14,1.031300709779e+14,4.252766100434e+14,1.266512729992e+14,1.309540311882e+14
340.00000000,-7.231667494082e+14,6.703310032417e+13,2.764234882090e+14,6.703293696919e+13,2.764231608219e+14,8.232135127529e+13,8.511807696109e+13
340.50000000,-1.104182934413e+14,4.010741572693e+13,1.653904071969e+14,4.010731798796e+13,1.653902113139e+14,4.925472106816e+13,5.092806512075e+13
341.00000000,4.153757525618e+14,2.208980530003e+13,9.109143102980e+13,2.208975146873e+13,9.109132314406e+13,2.712783107022e+13,2.804945226300e+13
341.50000000,8.327142800168e+14,1.119928318266e+13,4.618233242712e+13,1.119925589079e+13,4.618227773025e+13,1.375350566291e+13,1.422075725635e+13
342.00000000,-6.415949555532e+14,5.226595531755e+12,2.155284122856e+13,5.226582794907e+12,2.155281570207e+13,6.418626091627e+12,6.636687823849e+12
342.50000000,-3.677496477936e+14,2.245313519830e+12,9.258968961195e+12,2.245308048158e+12,9.258957995171e+12,2.757402568211e+12,2.851080556596e+12
343.00000000,-1.021432953315e+15,8.878989300328e+11,3.661416796027e+12,8.878967662850e+11,3.661412459562e+12,1.090402194773e+12,1.127446725490e+12
343.50000000,-8.912326264053e+14,3.232045277651e+11,1.332794135102e+12,3.232037401376e+11,1.332792556581e+12,3.969178411146e+11,4.104024390251e+11
344.00000000,-6.243141220084e+14,1.082972759852e+11,4.465840106843e+11,1.082970120720e+11,4.465834817631e+11,1.329966547172e+11,1.375149862875e+11
344.50000000,-9.765602971659e+13,3.340277712191e+10,1.377425797591e+11,3.340269572144e+10,1.377424166203e+11,4.102095436020e+10,4.241457041409e+10
345.00000000,-1.417368983412e+14,9.483561395011e+09,3.910723372148e+10,9.483538284126e+09,3.910718740369e+10,1.164647890639e+10,1.204214790601e+10
345.50000000,-5.062322164942e+14,2.478498980584e+09,1.022055268848e+10,2.478492940416e+09,1.022054058260e+10,3.043770677671e+09,3.147177527827e+09
346.00000000,9.079017022760e+14,5.964651410449e+08,2.459635226259e+09,5.964636876245e+08,2.459632313656e+09,7.325010514567e+08,7.573865091630e+08
346.50000000,-8.973561918149e+14,1.333631486535e+08,5.499478104259e+08,1.333628235989e+08,5.499471588465e+08,1.637793064155e+08,1.693434253950e+08
347.00000000,-3.386074675353e+14,3.393239948880e+07,1.399265763426e+08,3.393231678314e+07,1.399264105572e+08,4.167136927971e+07,4.308708205679e+07
347.50000000,-2.280552613803e+14,3.927273979653e+07,1.619484653638e+08,3.927264393601e+07,1.619482729157e+08,4.822968049618e+07,4.986820056627e+07
348.00000000,-7.613223580133e+14,1.555630606880e+08,6.414932871058e+08,1.555626814676e+08,6.414925268299e+08,1.910423554371e+08,1.975326894057e+08
348.50000000,-3.832934956426e+14,6.485262607163e+08,2.674318960564e+09,6.485246801651e+08,2.674315792618e+09,7.964357578618e+08,8.234932867604e+08
349.00000000,-5.213138292630e+14,2.520224147263e+09,1.039261419337e+10,2.520218005366e+09,1.039260188352e+10,3.095012108736e+09,3.200159797984e+09
349.50000000,-1.300480934331e+14,9.083838047314e+09,3.745889996466e+10,9.083815910538e+09,3.745885559914e+10,1.115559058287e+10,1.153458249979e+10
350.00000000,-1.157765926345e+15,3.036243486031e+10,1.252051615399e+11,3.036236086911e+10,1.252050132506e+11,3.728720070406e+10,3.855396892816e+10
350.50000000,1.215979656988e+15,9.411064702669e+10,3.880828009284e+11,9.411041768533e+10,3.880823412945e+11,1.155744788032e+11,1.195009220465e+11
351.00000000,-1.047277707877e+15,2.705059151013e+11,1.115481579576e+12,2.705052558972e+11,1.115480258435e+12,3.322002466137e+11,3.434861760614e+11
351.50000000,9.727027862707e+14,7.210270594463e+11,2.973289522659e+12,7.210253023534e+11,2.973286001189e+12,8.854718273878e+11,9.155542029239e+11
352.00000000,-1.042171558984e+14,1.782231200209e+12,7.349362669698e+12,1.782226857035e+12,7.349353965347e+12,2.188704982709e+12,2.263062453146e+12
352.50000000,-1.978947496706e+14,4.085216062897e+12,1.684615016659e+13,4.085206107511e+12,1.684613021456e+13,5.016932007063e+12,5.187373604422e+12
353.00000000,-1.022090130019e+15,8.683709679981e+12,3.580889603384e+13,8.683688518389e+12,3.580885362295e+13,1.066420487015e+13,1.102650280643e+13
353.50000000,-4.755124859349e+14,1.711731085264e+13,7.058642300239e+13,1.711726913895e+13,7.058633940211e+13,2.102125894184e+13,2.173541989667e+13
354.00000000,-4.820328679094e+14,3.129005986143e+13,1.290303961974e+14,3.128998360975e+13,1.290302433779e+14,3.842638930352e+13,3.973185949215e+13
354.50000000,1.779189759027e+14,5.304182213441e+13,2.187278437734e+14,5.304169287520e+13,2.187275847192e+14,6.513907981419e+13,6.735206751231e+13
355.00000000,-6.445917048115e+14,8.338197222903e+13,3.438411099268e+14,8.338176903301e+13,3.438407026925e+14,1.023989132637e+14,1.058777394308e+14
355.50000000,-4.375044559864e+14,1.215536527427e+14,5.012491520335e+14,1.215533565249e+14,5.012485583702e+14,1.492764156489e+14,1.543478239708e+14
356.00000000,-2.463149080385e+14,1.643260264331e+14,6.776290103021e+14,1.643256259820e+14,6.776282077402e+14,2.018038921108e+14,2.086598306956e+14
356.50000000,1.201954542239e+15,2.060096094696e+14,8.495190372929e+14,2.060091074386e+14,8.495180311501e+14,2.529942572433e+14,2.615893000437e+14
357.00000000,2.700201761266e+14,2.395033632578e+14,9.876367762993e+14,2.395027796049e+14,9.876356065742e+14,2.941269373342e+14,3.041193918771e+14
357.50000000,-7.445533305264e+14,2.582134873600e+14,1.064791461733e+15,2.582128581118e+14,1.064790200628e+15,3.171042827227e+14,3.278773528780e+14
358.00000000,1.225430882093e+15,2.581603167375e+14,1.064572202757e+15,2.581596876188e+14,1.064570941912e+15,3.170389854671e+14,3.278098372609e+14
358.50000000,3.228748896512e+14,2.393554486029e+14,9.870268226393e+14,2.393548653104e+14,9.870256536367e+14,2.939452877579e+14,3.039315710703e+14
359.00000000,-6.468720204491e+13,2.057976287831e+14,8.486448954060e+14,2.057971272686e+14,8.486438902985e+14,2.527339300845e+14,2.613201287193e+14
359.50000000,7.663913118854e+12,1.640893916059e+14,6.766532024691e+14,1.640889917315e+14,6.766524010629e+14,2.015132879370e+14,2.083593537471e+14
360.00000000,1.240392633094e+14,1.213138588288e+14,5.002603171177e+14,1.213135631954e+14,5.002597246256e+14,1.489819318950e+14,1.540433356402e+14
360.50000000,-6.124222967613e+14,8.306424734245e+13,3.425309121138e+14,8.306404492070e+13,3.425305064313e+14,1.020087248065e+14,1.054742949948e+14
361.00000000,-3.925362665701e+14,5.272859543184e+13,2.174361950610e+14,5.272846693595e+13,2.174359375366e+14,6.475441544261e+13,6.695433483329e+13
361.50000000,5.915316244922e+13,3.104007025980e+13,1.279995174618e+14,3.103999461732e+13,1.279993658633e+14,3.811938452958e+13,3.941442476141e+13
362.00000000,1.400589273043e+14,1.694506053489e+13,6.987611669929e+13,1.694501924097e+13,6.987603394028e+13,2.080972346391e+13,2.151669786635e+13
362.50000000,8.725780874559e+13,8.578412684933e+12,3.537468424104e+13,8.578391779941e+12,3.537464234440e+13,1.053489277097e+13,1.089279755209e+13
363.00000000,-1.122384263211e+15,4.027295587328e+12,1.660730428571e+13,4.027285773089e+12,1.660728461655e+13,4.945801598474e+12,5.113826663090e+12
363.50000000,-5.313530519296e+14,1.753323896312e+12,7.230158012009e+12,1.753319623583e+12,7.230149448841e+12,2.153204784946e+12,2.226356197496e+12
364.00000000,-9.061162011501e+14,7.078677429097e+11,2.919024627228e+12,7.078660178853e+11,2.919021170029e+12,8.693112632237e+11,8.988446115124e+11
364.50000000,-8.326184214956e+14,2.650224134537e+11,1.092869338076e+12,2.650217676124e+11,1.092868043716e+12,3.254661217863e+11,3.365232709774e+11
365.00000000,-6.288140079361e+14,9.201374876036e+10,3.794358499386e+11,9.201352452859e+10,3.794354005442e+11,1.129993405836e+11,1.168382979549e+11
365.50000000,8.579626986066e+14,2.962521757290e+10,1.221651085933e+11,2.962514537789e+10,1.221649639032e+11,3.638184614319e+10,3.761785651023e+10
366.00000000,8.010395648285e+13,8.845208789405e+09,3.647486772475e+10,8.845187234084e+09,3.647482452441e+10,1.086253711045e+10,1.123157304194e+10
366.50000000,1.060158677477e+14,2.449015010995e+09,1.009897004228e+10,2.449009042778e+09,1.009895808082e+10,3.007562294602e+09,3.109739027499e+09
367.00000000,-8.204783451690e+14,6.288024184653e+08,2.592984019326e+09,6.288008863442e+08,2.592980949213e+09,7.722134967550e+08,7.984481161805e+08
367.50000000,-5.523930205278e+14,1.497493366213e+08,6.175193118870e+08,1.497489720477e+08,6.175185819814e+08,1.839026948987e+08,1.901504712354e+08
368.00000000,3.504061933567e+14,3.324594829938e+07,1.370958668671e+08,3.324586705273e+07,1.370957035525e+08,4.082835764425e+07,4.221543055745e+07
368.50000000,-6.214480578413e+14,7.731384745621e+06,3.188180659607e+07,7.731365744334e+06,3.188176817467e+07,9.494682580955e+06,9.817248018004e+06
369.00000000,1.754901848875e+13,5.856121825249e+06,2.414881028154e+07,5.856107430002e+06,2.414878116795e+07,7.191728524088e+06,7.436055075790e+06
369.50000000,-2.989814179064e+14,2.053099366724e+07,8.466338060523e+07,2.053094319189e+07,8.466327850690e+07,2.521350047089e+07,2.607008558888e+07
370.00000000,6.629801095414e+13,8.446456588200e+07,3.483053867156e+08,8.446435962398e+07,3.483049724465e+08,1.037284140779e+08,1.072524077381e+08
370.50000000,-2.582770868960e+14,3.286159936777e+08,1.355109323817e+09,3.286151922875e+08,1.355107716494e+09,4.035635006569e+08,4.172738733688e+08
371.00000000,2.177060000159e+14,1.197260622978e+09,4.937127420606e+09,1.197257705211e+09,4.937121572712e+09,1.470320064328e+09,1.520271648291e+09
371.50000000,5.492023777421e+14,4.083256522304e+09,1.683806963558e+10,4.083246571507e+09,1.683804969235e+10,5.014525554806e+09,5.184885397107e+09
372.00000000,-4.774367351844e+14,1.303577148532e+10,5.375543437560e+10,1.303573971805e+10,5.375537070934e+10,1.600884217737e+10,1.655271493241e+10
372.50000000,2.812005627447e+14,3.895644788998e+10,1.606441767113e+11,3.895635295569e+10,1.606439864489e+11,4.784125179622e+10,4.946657567231e+10
373.00000000,6.822955780525e+13,1.089770724346e+11,4.493872780986e+11,1.089768068650e+11,4.493867458583e+11,1.338314924643e+11,1.383781862047e+11
373.50000000,9.178397285384e+14,2.853676309990e+11,1.176766636202e+12,2.853669355779e+11,1.176765242477e+12,3.504514766656e+11,3.623574601223e+11
374.00000000,-6.936232930477e+14,6.995014936110e+11,2.884524838270e+12,6.994997889745e+11,2.884521421931e+12,8.590369219774e+11,8.882212172729e+11
374.50000000,-8.875281829965e+14,1.605046007425e+12,6.618706489221e+12,1.605042096040e+12,6.618698650239e+12,1.971109131924e+12,2.038074159264e+12
375.00000000,2.425412639039e+14,3.447479811164e+12,1.421632581998e+13,3.447471409897e+12,1.421630898263e+13,4.233747136517e+12,4.377581380980e+12
375.50000000,-3.145686537582e+14,6.931573769914e+12,2.858363690463e+13,6.931556878154e+12,2.858360305109e+13,8.512459015683e+12,8.801655104057e+12
376.00000000,2.443554373641e+14,1.304602682893e+13,5.379772419716e+13,1.304599503667e+13,5.379766048087e+13,1.602143645658e+13,1.656573708050e+13
376.50000000,-5.158837277687e+14,2.298483410504e+13,9.478224919472e+13,2.298477809261e+13,9.478213693769e+13,2.822698925180e+13,2.918595244483e+13
377.00000000,3.771118857934e+14,3.790718354295e+13,1.563173395300e+14,3.790709116579e+13,1.563171543928e+14,4.655268154397e+13,4.813422847195e+13
377.50000000,-4.706644847208e+14,5.852197996061e+13,2.413262964025e+14,5.852183734665e+13,2.413260105834e+14,7.186909819724e+13,7.431072664271e+13
378.00000000,5.101820152652e+14,8.457346472554e+13,3.487544514023e+14,8.457325862593e+13,3.487540383489e+14,1.038621496629e+14,1.073906867587e+14
378.50000000,-1.035092490174e+14,1.144108159187e+14,4.717943325332e+14,1.144105371075e+14,4.717937737553e+14,1.405045107773e+14,1.452779087861e+14
379.00000000,-2.627311414118e+14,1.448832169497e+14,5.974529600822e+14,1.448828638794e+14,5.974522524783e+14,1.779267576575e+14,1.839715118509e+14
379.50000000,4.246875719586e+14,1.717462501946e+14,7.082276865612e+14,1.717458316610e+14,7.082268477593e+14,2.109164476074e+14,2.180819695218e+14
380.00000000,3.440330785885e+14,1.905788666084e+14,7.858874918815e+14,1.905784021810e+14,7.858865611018e+14,2.340442221506e+14,2.419954702480e+14
380.50000000,-3.758434608029e+14,1.979614264312e+14,8.163308538662e+14,1.979609440130e+14,8.163298870303e+14,2.431105236874e+14,2.513697837159e+14
381.00000000,1.123696065504e+14,1.924885017412e+14,7.937622284230e+14,1.924880326602e+14,7.937612883167e+14,2.363893881032e+14,2.444203091621e+14
381.50000000,-6.195060651018e+14,1.752053549311e+14,7.224919499281e+14,1.752049279679e+14,7.224910942320e+14,2.151644709680e+14,2.224743121368e+14
382.00000000,4.057578686679e+13,1.492822825190e+14,6.155933272093e+14,1.492819187286e+14,6.155925981205e+14,1.833291188830e+14,1.895574089657e+14
382.50000000,-1.266368910491e+13,1.190658908501e+14,4.909904020004e+14,1.190656006949e+14,4.909898204873e+14,1.462212694651e+14,1.511888844736e+14
383.00000000,-6.588225738519e+14,8.889647320736e+13,3.665811829472e+14,8.889625657288e+13,3.665807487803e+14,1.091711074476e+14,1.128800072120e+14
383.50000000,-3.275667088951e+14,6.212974661209e+13,2.562035948957e+14,6.212959520625e+13,2.562032914564e+14,7.629968882186e+13,7.889183892923e+13
384.00000000,-3.104083585914e+14,4.064735548836e+13,1.676169494806e+14,4.064725643360e+13,1.676167509605e+14,4.991780498571e+13,5.161367616881e+13
384.50000000,1.071150116306e+14,2.489329629606e+13,1.026521488921e+14,2.489323563284e+13,1.026520273142e+14,3.057071474955e+13,3.160930196719e+13
385.00000000,6.249909917953e+13,1.427084264042e+13,5.884848057556e+13,1.427080786338e+13,5.884841087733e+13,1.752559622508e+13,1.812099807845e+13
385.50000000,-8.699745813950e+14,7.658321244313e+12,3.158051562498e+13,7.658302581521e+12,3.158047822204e+13,9.404955914070e+12,9.724473042630e+12
386.00000000,-2.151122587600e+14,3.847103883031e+12,1.586425019441e+13,3.847094507908e+12,1.586423140531e+13,4.724513540565e+12,4.885020725725e+12
386.50000000,3.201529933881e+14,1.809048450059e+12,7.459948599814e+12,1.809044041535e+12,7.459939764492e+12,2.221638447441e+12,2.297114775444e+12
387.00000000,-4.778365626781e+14,7.963096427902e+11,3.283731292302e+12,7.963077022393e+11,3.283727403157e+12,9.779241227241e+11,1.011147405268e+12
387.50000000,-3.244105567198e+14,3.281170109014e+11,1.353051675299e+12,3.281162113036e+11,1.353050072790e+12,4.029507151421e+11,4.166402695249e+11
388.00000000,6.510647024037e+14,1.265581098620e+11,5.218859640984e+11,1.265578014492e+11,5.218853459957e+11,1.554222401810e+11,1.607024422735e+11
388.50000000,6.260498026150e+14,4.569462371294e+10,1.884303011205e+11,4.569451235852e+10,1.884300779505e+11,5.611620455929e+10,5.802265565915e+10
389.00000000,-1.307563003931e+14,1.544377681160e+10,6.368529333627e+10,1.544373917594e+10,6.368521790839e+10,1.896604169815e+10,1.961038019786e+10
389.50000000,2.402376937481e+14,4.886012494775e+09,2.014838357031e+10,4.886000588501e+09,2.014835970967e+10,6.000366220979e+09,6.204218296710e+09
390.00000000,-4.128616757050e+14,1.446996896909e+09,5.966961512100e+09,1.446993370370e+09,5.966954443750e+09,1.777013733209e+09,1.837384704709e+09
390.50000000,-1.761282488090e+14,4.011362286271e+08,1.654160034787e+09,4.011352504321e+08,1.654158072956e+09,4.926234399764e+08,5.093594702610e+08
391.00000000,-6.409205179153e+13,1.040942389217e+08,4.292520036526e+08,1.040939845166e+08,4.292514922307e+08,1.278350316153e+08,1.321780059582e+08
391.50000000,-9.190850997203e+14,2.528548317783e+07,1.042694046264e+08,2.528542067236e+07,1.042692774774e+08,3.105234884177e+07,3.210729874558e+07
392.00000000,5.988815011523e+14,5.749429406065e+06,2.370884419712e+07,5.749415108763e+06,2.370881493633e+07,7.060705789772e+06,7.300581070440e+06
392.50000000,2.959018214386e+14,1.223732464125e+06,5.046288993530e+06,1.223728983326e+06,5.046280960592e+06,1.502831385880e+06,1.553887485825e+06
393.00000000,9.091526483301e+12,2.438123630005e+05,1.005405740196e+06,2.438119553060e+05,1.005405318326e+06,2.994195220164e+05,3.095917829801e+05
393.50000000,5.771929620500e+14,4.547064025438e+04,1.875066635651e+05,4.547038132990e+04,1.875058307048e+05,5.584025646202e+04,5.773733270202e+04
394.00000000,-3.105015462624e+14,7.937805390516e+03,3.273302061459e+04,7.937884634053e+03,3.273338839074e+04,9.747765807829e+03,1.007892931027e+04
394.50000000,-3.934207247811e+14,1.297086473072e+03,5.348777927045e+03,1.297080915181e+03,5.348761707710e+03,1.592488917251e+03,1.646590976926e+03
395.00000000,4.507900800616e+14,1.982719168966e+02,8.176112191946e+02,1.981858668103e+02,8.172573992859e+02,2.438803843368e+02,2.521657990508e+02
395.50000000,-3.042263908349e+14,2.832820697700e+01,1.168166435600e+02,2.793520660239e+01,1.151961775268e+02,3.405860604229e+01,3.521568834069e+01
396.00000000,7.462906386689e+14,3.449849971065e+00,1.422609961627e+01,3.653090551629e+00,1.506421891546e+01,2.708819697627e+00,2.800847166919e+00
396.50000000,8.270701768840e+14,5.182373473152e-01,2.137048332425e+00,5.057940977389e-01,2.085738885144e+00,1.205289328600e+00,1.246236951202e+00
397.00000000,1.848869213707e+14,-7.230817354394e-01,-2.981762362232e+00,2.666661654679e-01,1.099649033382e+00,6.955054330977e-01,7.191340285863e-01
397.50000000,-1.182489761418e+15,-1.117163871321e+00,-4.606833530274e+00,-1.180947511057e-01,-4.869863361668e-01,2.083013917307e+00,2.153780716396e+00
398.00000000,2.359704414065e+14,-4.734861576141e-01,-1.952508457365e+00,1.996480202650e-01,8.232868692423e-01,2.296351962942e+00,2.374366553555e+00
398.50000000,-3.036941473998e+14,-5.776201843585e-01,-2.381924533523e+00,-2.189691581928e-01,-9.029612839131e-01,-1.121707108755e+00,-1.159815169840e+00
399.00000000,-8.862128415115e+14,-6.923200644841e-01,-2.854910876213e+00,-3.142574508102e-01,-1.295900818201e+00,-3.117634548611e+00,-3.223550796170e+00
399.50000000,-4.981134617556e+14,-5.910514245412e-01,-2.437310756812e+00,-6.705304181134e-01,-2.765060669911e+00,-3.548285205336e+00,-3.668832064937e+00
400.00000000,1.257654212310e+15,-9.012342354911e-01,-3.716407414591e+00,-7.051207010582e-01,-2.907700330019e+00,-2.898150752315e+00,-2.996610417089e+00
400.50000000,-4.769097051630e+14,-4.431417617394e-01,-1.827377682946e+00,-8.786867766204e-01,-3.623433302310e+00,-2.444171611483e+00,-2.527208119272e+00
401.00000000,3.341715781180e+13,-3.932901217345e-01,-1.621805150026e+00,-3.925703745040e-02,-1.618839165816e-01,-7.876301256614e-01,-8.143884984191e-01
401.50000000,-9.179461743795e+14,-6.602340649802e-02,-2.722598274489e-01,-6.404457051918e-02,-2.641000591177e-01,2.981921296296e-01,3.083226920575e-01
402.00000000,-4.535784828207e+14,-4.635498821925e-02,-1.911534372942e-01,-1.009863952960e-01,-4.164367525856e-01,4.487720424107e-01,4.640182972235e-01
402.50000000,-2.448814795904e+14,9.714445374504e-02,4.005932686165e-01,1.106905381944e-01,4.564536453900e-01,1.006850632440e+00,1.041056643176e+00
403.00000000,-6.031164242577e+14,1.027396350033e-01,4.236660418150e-01,5.298239087303e-05,2.184830415497e-04,3.886702732308e-01,4.018746742715e-01
403.50000000,-5.993123460004e+14,2.578151971726e-01,1.063149037880e+00,5.005992993552e-01,2.064317138552e+00,1.228439432457e+00,1.270173539842e+00
404.00000000,-1.577059533263e+15,2.532494729663e-01,1.044321422788e+00,7.214523912864e-01,2.975047184246e+00,2.363000310020e+00,2.443279163078e+00
404.50000000,-2.103943292312e+14,3.015970465443e-01,1.243691657347e+00,4.612172825728e-01,1.901917845746e+00,3.373444217097e-01,3.488051156188e-01
405.00000000,1.278353692776e+15,-6.925423693783e-02,-2.855827591895e-01,1.340371920470e-01,5.527280463684e-01,-3.369026951058e-02,-3.483483821168e-02
405.50000000,1.010234190000e+15,-4.400776909722e-01,-1.814742415810e+00,2.071822296627e-02,8.543556254415e-02,3.326090236442e-02,3.439088405853e-02
406.00000000,7.924717580045e+14,-5.409199425430e-01,-2.230584243254e+00,1.108156828704e-01,4.569697034421e-01,-2.988079117063e-01,-3.089593942664e-01
406.50000000,1.552045255735e+14,-5.189216476521e-01,-2.139870172459e+00,1.301527364418e-02,5.367097493192e-02,9.129616195437e-02,9.439779132751e-02
407.00000000,-2.340592547498e+14,-5.706495122354e-01,-2.353179667270e+00,-1.189195601852e-01,-4.903875944605e-01,-7.410514426257e-01,-7.662273850997e-01
407.50000000,1.330849626707e+14,-4.178609147652e-01,-1.723127396570e+00,-2.420870639054e-01,-9.982923981026e-01,-4.068948206019e-01,-4.207183691535e-01
408.00000000,-1.061475527542e+14,-7.323061755952e-01,-3.019801061208e+00,-6.938449074074e-01,-2.861202434169e+00,-9.272280919312e-01,-9.587290644143e-01
408.50000000,-4.747299523882e+14,-6.478657304067e-01,-2.671595140670e+00,-7.147410817626e-01,-2.947371813365e+00,-6.328814277447e-02,-6.543824808448e-02
409.00000000,-1.745723318014e+14,-4.823098544974e-01,-1.988894616734e+00,-2.888669394841e-01,-1.191198179275e+00,3.919647404101e-01,4.052810652814e-01
409.50000000,1.000158576234e+13,-1.472278129134e-01,-6.071213387130e-01,-2.141484064980e-01,-8.830819905200e-01,2.159385571677e+00,2.232746965778e+00
410.00000000,-3.248589564295e+14,-2.269472346230e-02,-9.358592386522e-02,1.219138609871e-01,5.027351676020e-01,3.217370980076e+00,3.326675600582e+00
410.50000000,-8.678652407042e+14,2.367290839947e-02,9.761965184645e-02,-6.691999937996e-02,-2.759574410310e-01,2.904411556506e+00,3.003083921286e+00
411.00000000,-9.831858311585e+13,2.092352327216e-02,8.628204962237e-02,1.904852843915e-02,7.855025720530e-02,2.950374266286e+00,3.050608134723e+00
411.50000000,-9.407322568140e+14,-3.304813781415e-01,-1.362801584474e+00,-4.414364485160e-01,-1.820347785998e+00,-4.558307911706e-01,-4.713168547774e-01
412.00000000,-3.365451034668e+13,-2.304028449487e-01,-9.501090921650e-01,-5.526314354952e-01,-2.278881622617e+00,5.303153625165e-01,5.483319107503e-01
412.50000000,-1.135418589114e+14,3.265366908482e-02,1.346534930892e-01,-2.360495876736e-01,-9.733957079255e-01,8.186827050265e-01,8.464960355196e-01
413.00000000,7.593757265078e+13,6.245660884797e-01,2.575514722722e+00,1.242063440394e-01,5.121886607664e-01,2.440948237021e+00,2.523875236231e+00
413.50000000,9.936450272889e+14,6.122130340092e-01,2.524574599257e+00,2.426451319134e-01,1.000593698474e+00,2.964393677404e+00,3.065103831112e+00
414.00000000,6.675988231589e+14,2.613443338707e-01,1.077702091099e+00,3.918090471540e-01,1.615699686599e+00,2.831049117477e+00,2.927229120136e+00
414.50000000,6.174172225450e+14,-3.563551096437e-02,-1.469496740751e-01,3.992582801133e-01,1.646418026171e+00,2.746619187128e+00,2.839930828771e+00
415.00000000,-2.662518407353e+13,-4.138714832124e-01,-1.706676231691e+00,1.656325793392e-01,6.830176803544e-01,2.962854921048e-01,3.063512798168e-01
415.50000000,-1.193530180463e+14,-3.223213010112e-01,-1.329151984895e+00,1.317827450707e+00,5.434314022518e+00,1.331212066812e+00,1.376437696892e+00
416.00000000,-5.896247786437e+14,-4.789815893426e-01,-1.975169894778e+00,1.175785648406e+00,4.848577431882e+00,2.039488732393e+00,2.108776838522e+00
416.50000000,6.187322074746e+14,-2.974497068698e-01,-1.226589328885e+00,5.451095506779e-01,2.247863689187e+00,1.514043721194e-02,1.565480740860e-02
417.00000000,-2.126178179556e+14,-3.357388609225e-01,-1.384481795034e+00,2.978509322878e-01,1.228245395164e+00,-3.969415036156e-01,-4.104269054187e-01
417.50000000,-3.540718339256e+13,-2.530163485411e-02,-1.043360090752e-01,3.528540872241e-01,1.455061444559e+00,4.029404527775e-01,4.166296585142e-01
418.00000000,4.805454593554e+14,-2.211992371574e-01,-9.121562993287e-01,3.281870423978e-01,1.353342158379e+00,4.498784252348e-01,4.651622674926e-01
418.50000000,1.159242050829e+14,3.202710994337e-01,1.320697596409e+00,2.905719452712e-01,1.198229097361e+00,1.061870633403e+00,1.097945853615e+00
419.00000000,-6.006458170873e+14,5.144702665137e-02,2.121514072328e-01,2.742470868630e-01,1.130910415453e+00,8.488389322594e-01,8.776767684729e-01
419.50000000,1.093086344889e+14,-4.335287798523e-02,-1.787736759694e-01,-2.297086034704e-01,-9.472474444684e-01,-3.003865727823e-01,-3.105916876250e-01
420.00000000,-3.596790307257e+14,-5.186372459452e-01,-2.138697388991e+00,-4.512769654289e-01,-1.860927043183e+00,-1.574148238732e+00,-1.627627205541e+00
420.50000000,4.782427838593e+14,-5.949725270751e-01,-2.453480154241e+00,-4.076883150938e-01,-1.681180890824e+00,-7.140737672836e-01,-7.383331898463e-01
421.00000000,6.896102764460e+14,-8.062002999442e-01,-3.324517261293e+00,-1.290396625176e-01,-5.321197756991e-01,5.879045884874e-01,6.078776311786e-01
421.50000000,-1.473071126949e+14,-4.377502002211e-01,-1.805144573713e+00,-3.536436179832e-02,-1.458317225938e-01,1.103566412063e+00,1.141058174319e+00
422.00000000,2.585745098493e+14,-1.106044676443e-02,-4.560981456903e-02,5.535480627635e-01,2.282661510807e+00,2.684137379480e+00,2.775326309655e+00
422.50000000,1.518001125600e+15,2.892183456825e-01,1.192645776205e+00,4.142437724764e-01,1.708213575535e+00,2.567317672164e+00,2.654537854609e+00
423.00000000,-1.608794543803e+13,2.607930604642e-01,1.075428812416e+00,3.312300889757e-01,1.365890744069e+00,2.872345327226e+00,2.969928297266e+00
423.50000000,2.090874223443e+14,-1.435469731729e-01,-5.919427097123e-01,1.523908652654e-01,6.284129349189e-01,2.438446929770e+00,2.521288951388e+00
424.00000000,-4.121570060604e+14,-3.008518208499e-01,-1.240618580241e+00,2.356247209821e-01,9.716436887078e-01,1.250640720589e+00,1.293129078382e+00
424.50000000,1.969556087356e+13,-5.207950148810e-01,-2.147595351536e+00,-3.369092752770e-01,-1.389309957060e+00,7.566667906746e-01,7.823732376205e-01
425.00000000,-1.707803727393e+14,-4.980516958085e-01,-2.053809034611e+00,-2.780845630787e-01,-1.146734983987e+00,-9.408914103836e-02,-9.728565705055e-02
425.50000000,7.079709349872e+14,-2.039711991567e-01,-8.411132722851e-01,1.790455729167e-01,7.383287296444e-01,-2.958154813575e-01,-3.058653012663e-01
426.00000000,7.142308585623e+14,-2.245900090939e-01,-9.261387796536e-01,9.176964492394e-02,3.784297162608e-01,1.620997643849e-02,1.676068238257e-02
426.50000000,1.050846104879e+15,3.445976975860e-02,1.421012859839e-01,4.611837384259e-01,1.901779520028e+00,9.131762359458e-01,9.441998208987e-01
427.00000000,-7.224664363325e+13,-6.891452752976e-02,-2.841819041030e-01,2.922842985284e-01,1.205290314148e+00,5.368165509259e-01,5.550539658041e-01
427.50000000,-7.492652805898e+13,-3.840833126653e-01,-1.583839156124e+00,3.759039971892e-01,1.550112165254e+00,8.645803984788e-01,8.939530238112e-01
428.00000000,3.429861626036e+14,-3.802199642444e-01,-1.567907918549e+00,2.690844752397e-01,1.109621397136e+00,-2.734527736442e-01,-2.827428591937e-01
428.50000000,9.552610488033e+14,-5.236215587798e-01,-2.159251132341e+00,2.210746321098e-03,9.116436090726e-03,-1.184337683945e+00,-1.224573510617e+00
429.00000000,2.106016777798e+14,-7.051910652282e-01,-2.907986847714e+00,-2.256596602183e-01,-9.305508510868e-01,-8.824233010913e-01,-9.124021082133e-01
429.50000000,3.256117874130e+14,-9.341975136409e-01,-3.852337638390e+00,-6.411239666005e-01,-2.643797532068e+00,-2.717463365989e+00,-2.809784488980e+00
430.00000000,-2.632818156752e+14,-4.959756324405e-01,-2.045248000209e+00,-5.012830894511e-01,-2.067136878044e+00,-1.040333726025e+00,-1.075677267018e+00
430.50000000,3.397393198337e+14,1.794453435020e-01,7.399763333905e-01,1.080209470073e-01,4.454450745676e-01,6.537027736442e-01,6.759111959988e-01
431.00000000,-5.539903693942e+13,6.837724661045e-01,2.819663260506e+00,4.442457320602e-01,1.831932405023e+00,1.887692325976e+00,1.951823411449e+00
431.50000000,-5.285350101927e+14,1.127549427497e+00,4.649660307660e+00,7.423741319444e-01,3.061321990991e+00,3.778733103919e+00,3.907109032736e+00
432.00000000,1.098989888894e+14,7.547551669974e-01,3.112373663104e+00,8.332477885251e-01,3.436056927624e+00,4.464852637235e+00,4.616538291812e+00
432.50000000,-6.997254617072e+14,8.653653480489e-01,3.568495369095e+00,8.052248367229e-01,3.320498915952e+00,4.646057777364e+00,4.803899563515e+00
433.00000000,4.233037625898e+14,1.107950975529e-01,4.568842436635e-01,4.794789083168e-01,1.977223158897e+00,2.072257977844e+00,2.142659362472e+00
433.50000000,4.353295698719e+14,-3.798604807374e-01,-1.566425521278e+00,2.042962549603e-01,8.424547557295e-01,2.898304346478e+00,2.996769229349e+00
434.00000000,1.772054011357e+14,-6.723619378307e-01,-2.772609819556e+00,1.460475053737e-01,6.022548748551e-01,1.611642671131e+00,1.666395446503e+00
434.50000000,6.186821719077e+13,-1.409836722884e-01,-5.813724605605e-01,4.789080067791e-01,1.974868937007e+00,1.492318163029e+00,1.543017094391e+00
435.00000000,-1.873356317056e+15,8.053360098380e-02,3.320953199884e-01,1.917866495122e-01,7.908690005032e-01,1.376442718667e+00,1.423204982001e+00
435.50000000,4.633881131631e+14,5.056001415757e-01,2.084936458219e+00,8.553981533151e-01,3.527398201414e+00,3.090362154845e+00,3.195351869943e+00
436.00000000,9.020080299734e+14,2.871492383846e-01,1.184113426456e+00,6.955115534061e-01,2.868075168317e+00,3.421644148892e+00,3.537888597393e+00
436.50000000,2.196312618511e+14,5.266436890294e-01,2.171713449934e+00,3.615844132358e-01,1.491062616822e+00,3.016748796090e+00,3.119237624503e+00
437.00000000,-1.308581976442e+14,5.777133969907e-02,2.382308913193e-01,3.156827876984e-01,1.301778467991e+00,1.346670144056e+00,1.392420935604e+00
437.50000000,5.548996016978e+14,-4.537633541047e-01,-1.871177799571e+00,-3.118527431589e-01,-1.285984545397e+00,6.812110563409e-01,7.043540250751e-01
438.00000000,-5.235725251587e+14,-9.051631841104e-01,-3.732609166817e+00,-2.577282391906e-01,-1.062791781641e+00,5.947361601976e-01,6.149412937350e-01
438.50000000,-5.687045369576e+14,-5.169368334573e-01,-2.131685421038e+00,-3.840166377315e-01,-1.583566193120e+00,-7.589512416295e-01,-7.847352988497e-01
439.00000000,4.814049488598e+14,5.991592778604e-02,2.470745001768e-01,4.077971953538e-01,1.681629879440e+00,1.534811197917e+00,1.586953756725e+00
439.50000000,-1.033459567565e+15,2.838142981151e-01,1.170361178420e+00,6.611427124669e-01,2.726348666753e+00,2.421527261078e+00,2.503794466183e+00
440.00000000,3.187651266146e+14,6.819155583457e-01,2.812005955123e+00,1.121650085772e+00,4.625339065597e+00,4.210554837343e+00,4.353601163510e+00
440.50000000,-3.526523416253e+14,9.011819093089e-01,3.716191637822e+00,6.867142702133e-01,2.831797885286e+00,5.203080153046e+00,5.379845812063e+00
441.00000000,-2.708287343626e+14,4.700381621507e-01,1.938290005157e+00,4.558977477059e-01,1.879981724363e+00,4.279213744471e+00,4.424592638389e+00
441.50000000,-8.915155494944e+13,5.932831230365e-02,2.446513581681e-01,-1.056955992684e-01,-4.358560575699e-01,2.319658674614e+00,2.398465070489e+00
442.00000000,1.570812005269e+14,-9.178741035260e-02,-3.785025013111e-01,-8.683295808015e-02,-3.580723420647e-01,1.362342529297e-01,1.408625763057e-01
442.50000000,-3.194287710946e+14,-1.027552561281e-02,-4.237304584357e-02,1.967991555835e-01,8.115390298125e-01,1.079894826415e+00,1.116582387445e+00
443.00000000,6.579030576519e+13,5.466659594339e-02,2.254279015308e-01,1.243204978660e-01,5.126593959456e-01,4.336798392805e-01,4.484133625663e-01
443.50000000,-7.784941305878e+13,2.816169746843e-01,1.161300105539e+00,8.021649234509e-01,3.307880777217e+00,1.920778482750e+00,1.986033613238e+00
444.00000000,3.011261710626e+14,5.715048390545e-01,2.356706766892e+00,4.158723659616e-01,1.714929392851e+00,1.742181208212e+00,1.801368804854e+00
444.50000000,4.886321316108e+14,4.867981268666e-01,2.007402844734e+00,5.176796703843e-01,2.134751321528e+00,1.084205809417e+00,1.121039828646e+00
445.00000000,-2.162677292524e+14,5.169492282767e-01,2.131736533386e+00,5.891837744334e-01,2.429612196594e+00,2.363861112726e+00,2.444169210069e+00
445.50000000,2.727479413377e+14,3.402249943163e-01,1.402981202570e+00,6.644249592130e-01,2.739883640173e+00,2.463636472349e+00,2.547334265156e+00
446.00000000,-7.401963989113e+14,2.849495248946e-02,1.175042497720e-01,5.641613404612e-01,2.326427395170e+00,1.279244116728e+00,1.322704225487e+00
446.50000000,4.557009123011e+14,-4.441364555561e-01,-1.831479488370e+00,-1.947052735021e-01,-8.029045058085e-01,9.403014200200e-02,9.722465362387e-02
447.00000000,-1.209526088060e+13,-8.134205574157e-01,-3.354291339269e+00,-4.590674306072e-01,-1.893052519199e+00,-1.364221748150e+00,-1.410568825124e+00
447.50000000,-5.157914698359e+14,-1.157264699462e+00,-4.772196772330e+00,-7.481160081329e-01,-3.084999717745e+00,-2.299077273091e+00,-2.377184451407e+00
448.00000000,2.182772876477e+13,-9.418182353671e-01,-3.883763105391e+00,-6.792431853764e-01,-2.800989435310e+00,-1.896468176463e+00,-1.960897406295e+00
448.50000000,5.757580061013e+13,-2.605424933862e-01,-1.074395552350e+00,-7.472834769759e-02,-3.081566615985e-01,-2.282032477162e-01,-2.359560587984e-01
449.00000000,-6.000230285756e+14,-5.045684058780e-01,-2.080681903691e+00,-4.475785099413e-01,-1.845675753261e+00,-8.476923608528e-01,-8.764912442837e-01
449.50000000,5.659333642204e+14,-5.174102983424e-01,-2.133637841774e+00,-4.190601180142e-01,-1.728074699295e+00,-1.410873579076e+00,-1.458805571407e+00
450.00000000,5.523342436093e+14,-6.061502071966e-01,-2.499573402417e+00,-6.290621150587e-01,-2.594058175875e+00,-1.924072474888e+00,-1.989439513069e+00
450.50000000,7.607281407057e+14,-3.756885282325e-02,-1.549221697220e-01,-3.067573268022e-01,-1.264972619638e+00,-5.317327913153e-01,-5.497974942437e-01
451.00000000,5.147835460614e+14,-8.740990823413e-02,-3.604510550945e-01,-1.514924432664e-01,-6.247081196453e-01,1.789452572131e+00,1.850246131693e+00
451.50000000,1.171378971233e+15,5.249670681424e-01,2.164799591082e+00,7.130007233796e-01,2.940195112076e+00,4.581572144201e+00,4.737223142374e+00
452.00000000,-4.519520704954e+14,-1.938143472016e-01,-7.992295993966e-01,1.272798771288e+00,5.248629634285e+00,4.258943253452e+00,4.403633492457e+00
452.50000000,-7.541562756870e+14,4.173512421462e-02,1.721025666491e-01,1.663155485284e-01,6.858340346805e-01,-1.664969643891e-01,-1.721534111031e-01
453.00000000,-2.497006565652e+14,-9.201930906911e-02,-3.794587789086e-01,-1.772209046379e-02,-7.308043603437e-02,1.700531844205e+00,1.758304475661e+00
453.50000000,6.691623040940e+14,2.856108114253e-01,1.177769436033e+00,3.062061321925e-01,1.262699663042e+00,1.359848756820e+00,1.406047268969e+00
454.00000000,5.577246199396e+14,3.893214595734e-01,1.605439631607e+00,5.943877469825e-01,2.451071774615e+00,2.265280800471e+00,2.342239802019e+00
454.50000000,-1.973721814175e+12,1.491243696263e-01,6.149421439517e-01,3.852580140129e-01,1.588685246096e+00,1.914479781539e+00,1.979520924536e+00
455.00000000,4.106929673265e+14,-2.870445498512e-01,-1.183681723768e+00,2.051942119296e-01,8.461576533638e-01,2.764470021081e-01,2.858388113967e-01
455.50000000,6.377291984233e+14,-8.224523189484e-01,-3.391535492016e+00,-3.761469907407e-01,-1.551114195727e+00,-1.687938936425e+00,-1.745283745596e+00
456.00000000,1.096770853073e+12,-9.304250630374e-01,-3.836781234913e+00,-5.519807012649e-01,-2.276198195321e+00,-1.520042979084e+00,-1.571683813172e+00
456.50000000,4.079480525910e+14,-2.810054098462e-01,-1.158778203897e+00,-1.261665891617e-01,-5.202721071617e-01,2.665473400298e-01,2.756028254026e-01
457.00000000,1.585053583456e+14,-1.905526258681e-01,-7.857792832959e-01,1.744849847057e-01,7.195222702308e-01,1.082087497933e+00,1.118849551190e+00
457.50000000,2.708810690184e+14,3.663419725529e-01,1.510679432112e+00,3.539327566964e-02,1.459509544829e-01,1.140420066551e+00,1.179163868047e+00
458.00000000,8.748346139829e+14,5.525556485615e-01,2.278566246620e+00,1.864120783730e-01,7.687059265050e-01,1.245540085565e+00,1.287855158096e+00
458.50000000,1.396632645499e+14,1.875837311921e-01,7.735364925183e-01,-4.006422577712e-02,-1.652125123248e-01,2.065876839451e-01,2.136061435927e-01
459.00000000,7.107810748925e+14,-4.128984788360e-02,-1.702663866718e-01,-9.538942625661e-02,-3.933565782290e-01,4.413892919147e-01,4.563847305343e-01
459.50000000,-4.979204119497e+14,4.815924169147e-02,1.985936129088e-01,-1.494414992560e-01,-6.162506590049e-01,6.782791728671e-01,7.013225359255e-01
460.00000000,7.171692263600e+14,1.900320922206e-01,7.836327657415e-01,-2.961277178406e-01,-1.221139390179e+00,3.423650039269e+00,3.539962634430e+00
460.50000000,2.820487187976e+13,2.995139405589e-02,1.235101581400e-01,-8.178800533234e-01,-3.372685126668e+00,2.025707372272e+00,2.094527280499e+00
461.00000000,6.574063333595e+14,1.396307663690e-02,5.757935007387e-02,-1.277699239418e-01,-5.268837653675e-01,1.948496414104e+00,2.014693213422e+00
461.50000000,6.303105997612e+14,2.773200644841e-01,1.143580995125e+00,-2.498180183532e-02,-1.030172470217e-01,-1.968190414187e-01,-2.035056283133e-01
462.00000000,3.623524108449e+14,-1.121868592923e-01,-4.626234327045e-01,-3.191203290344e-01,-1.315953828411e+00,8.544903273810e-02,8.835201599800e-02
462.50000000,1.042650461103e+15,-8.694904307209e-03,-3.585505916657e-02,-3.773347387566e-01,-1.556012102274e+00,4.486584408069e-01,4.639008362015e-01
463.00000000,4.781479242589e+13,2.675537057705e-01,1.103307593930e+00,-1.027504081928e-01,-4.237109977957e-01,1.706658502811e-01,1.764639276908e-01
463.50000000,5.328709070903e+14,9.301805348876e-02,3.835772877493e-01,-3.887396143353e-01,-1.603042292189e+00,-2.549237402860e-01,-2.635843339392e-01
464.00000000,1.436122806720e+14,-3.474582170759e-01,-1.432808745329e+00,-2.466490162037e-01,-1.017104482592e+00,9.479211464534e-01,9.801251297132e-01
464.50000000,7.091684386884e+14,-1.126000046503e-01,-4.643271146234e-01,-3.934367792039e-01,-1.622411951622e+00,2.613237366691e+00,2.702017591424e+00
465.00000000,-4.460685447268e+14,-1.157163912657e-02,-4.771781159149e-02,3.763018598607e-01,1.551752828220e+00,1.933879162016e+00,1.999579365449e+00
465.50000000,1.066937472315e+14,-1.005226966818e-02,-4.145240832748e-02,1.014710657836e-01,4.184353842167e-01,2.736284352459e+00,2.829244885949e+00
466.00000000,-1.223542787962e+14,1.369924812922e-01,5.649140402887e-01,4.963208880954e-01,2.046674289869e+00,2.905807943839e+00,3.004527748466e+00
466.50000000,2.280748719071e+14,-1.664759971982e-02,-6.864948156366e-02,2.464712441258e-01,1.016371405363e+00,1.432536100034e+00,1.481204039089e+00
467.00000000,-4.116545340515e+14,-4.684683108052e-01,-1.931816430419e+00,-1.464053612765e-01,-6.037305622445e-01,-9.995431960979e-01,-1.033500949309e+00
467.50000000,8.278073887670e+14,-1.920435681217e-01,-7.919274616805e-01,-1.156820436508e-01,-4.770370746397e-01,-6.060370370370e-01,-6.266260983409e-01
468.00000000,2.770929290509e+14,-6.661398809524e-01,-2.746952007851e+00,-6.980125661376e-01,-2.878388573573e+00,-1.922751322751e+00,-1.988073477070e+00
468.50000000,1.394924507239e+14,-3.819669312169e-01,-1.575111862600e+00,-9.903769841270e-01,-4.084009275671e+00,-1.626910052910e+00,-1.682181511201e+00
469.00000000,1.789288727958e+15,-1.698253968254e-01,-7.003066895300e-01,-1.444208994709e+00,-5.955472537156e+00,-3.397957671958e+00,-3.513397413327e+00
469.50000000,3.672305932231e+14,-1.983015873016e-01,-8.177335706419e-01,-9.635238095238e-01,-3.973275064438e+00,-2.380169312169e+00,-2.461031452413e+00
470.00000000,2.519412198892e+14,-6.946970899471e-01,-2.864712983931e+00,-1.191052910053e+00,-4.911534910879e+00,-9.642275132275e-01,-9.969854771265e-01
470.50000000,-6.468219340714e+13,1.844854497354e-01,7.607601512247e-01,-3.831719576720e-01,-1.580082993032e+00,-7.095687830688e-01,-7.336751565758e-01
471.00000000,-3.619662880873e+14,1.064609788360e-01,4.390116969925e-01,-3.621011904762e-01,-1.493193646801e+00,1.702407407407e-01,1.760243757883e-01
471.50000000,5.363384862819e+14,-4.037225115741e-01,-1.664825054758e+00,-4.987659143519e-01,-2.056756824167e+00,-2.551067460317e+00,-2.637735569890e+00
472.00000000,5.007659497123e+14,-6.535788225446e-01,-2.695154141366e+00,-7.745339781746e-01,-3.193939279572e+00,-3.527035135582e+00,-3.646860060776e+00
472.50000000,-6.102830952421e+13,-5.518325272817e-01,-2.275584321189e+00,-2.836110129382e-01,-1.169524358992e+00,-3.386923089244e+00,-3.501987949730e+00
473.00000000,5.608853671271e+14,-6.999135974702e-01,-2.886224225375e+00,-9.523104435351e-01,-3.927034601015e+00,-2.901284866898e+00,-2.999851007800e+00
473.50000000,6.453854640871e+13,-4.993228598297e-01,-2.059050916474e+00,-7.473447420635e-01,-3.081819254313e+00,-1.468511248553e+00,-1.518401381126e+00
474.00000000,6.384677345597e+14,-6.045912698413e-01,-2.493144833553e+00,-5.586470372437e-01,-2.303688109171e+00,-1.326820896371e+00,-1.371897344022e+00
474.50000000,3.942352300374e+14,-4.403489273313e-01,-1.815860909511e+00,-2.781787574405e-01,-1.147123412488e+00,1.273931258267e-01,1.317210871839e-01
475.00000000,8.083174175170e+14,-2.851909515542e-01,-1.176038065568e+00,1.015248377563e-01,4.186571232501e-01,-2.612775452629e-01,-2.701539984629e-01
475.50000000,-7.523777844158e+14,-2.093786685681e-02,-8.634119806821e-02,6.841530361276e-01,2.821236145736e+00,-3.288979156333e-01,-3.400716540912e-01
476.00000000,1.140997196847e+15,-9.368968047288e-02,-3.863468668502e-01,4.949549334491e-01,2.041041514133e+00,9.365543671462e-01,9.683721837170e-01
476.50000000,6.986224184603e+14,-6.586900266617e-01,-2.716231144580e+00,-8.010346912202e-02,-3.303220048032e-01,-1.663228363199e+00,-1.719733673336e+00
477.00000000,3.771717276020e+14,-6.955504402282e-01,-2.868231932931e+00,-1.215527886285e-01,-5.012462165404e-01,-7.243843419312e-01,-7.489940484543e-01
477.50000000,-4.018799630560e+13,-5.279451381138e-01,-2.177080217902e+00,2.664411918196e-02,1.098721311432e-01,7.276204943783e-02,7.523401435898e-02
478.00000000,2.092561401938e+14,-7.070218305638e-01,-2.915536349941e+00,-4.262820818866e-01,-1.757855851236e+00,-5.959480988033e-01,-6.161944058610e-01
478.50000000,-2.140593446149e+14,-4.320552829964e-01,-1.781660520660e+00,-6.061854990803e-01,-2.499722066142e+00,3.715220346602e-01,3.841438539219e-01
479.00000000,1.025552377549e+15,-3.509889839616e-01,-1.447368520931e+00,-3.997763458736e-01,-1.648554369608e+00,4.447890172888e-01,4.598999557044e-01
479.50000000,1.157901359894e+15,1.060406849372e-01,4.372785367326e-01,-4.948385184152e-01,-2.040561454433e+00,1.512017229999e+00,1.563385403127e+00
480.00000000,-5.308914263653e+13,-4.000504751054e-03,-1.649682727690e-02,-6.619413881655e-01,-2.729642159043e+00,-1.862082894139e-02,-1.925343943410e-02
480.50000000,-7.219773214046e+14,2.662041845574e-01,1.097742591575e+00,-4.855388286934e-01,-2.002212401806e+00,1.454519613922e+00,1.503934404881e+00
481.00000000,3.886701761587e+14,-7.479934676236e-02,-3.084490534947e-01,-3.520609072731e-01,-1.451790615037e+00,2.743681091632e-01,2.836892916556e-01
481.50000000,-5.997812513044e+14,6.681786431207e-02,2.755359223801e-01,-6.830637946558e-01,-2.816744449800e+00,-3.823152678959e-01,-3.953037686097e-01
482.00000000,7.933484475202e+14,-7.475888206845e-03,-3.082821897843e-02,-3.791663786066e-01,-1.563565220184e+00,-1.410864451575e-02,-1.458796133815e-02
482.50000000,5.583969612824e+14,2.236864307545e-01,9.224127058894e-01,-2.199582900597e-01,-9.070401587094e-01,-2.471681106810e-01,-2.555652202175e-01
483.00000000,4.215982352161e+14,4.230408181488e-01,1.744487694019e+00,1.754784269787e-01,7.236189198126e-01,9.001915087826e-01,9.307739600634e-01
483.50000000,1.307448102437e+15,8.400473976741e-01,3.464092079928e+00,4.658366325419e-01,1.920966620529e+00,1.388518900473e+00,1.435691431220e+00
484.00000000,-3.391702776224e+14,1.013148863898e+00,4.177908252481e+00,5.677482771899e-01,2.341218816119e+00,1.667125850587e+00,1.723763571124e+00
484.50000000,-1.472507681184e+14,6.345837537977e-01,2.616824433559e+00,7.067227405366e-01,2.914306646800e+00,2.373073007089e+00,2.453694062628e+00
485.00000000,-8.185394022197e+14,5.401674107143e-02,2.227481037941e-01,7.893235470403e-01,3.254926900851e+00,1.036264260913e+00,1.071469548859e+00
485.50000000,1.973599960840e+14,5.925656415344e-01,2.443554912925e+00,4.673979001323e-01,1.927404806617e+00,9.513315145503e-01,9.836513591742e-01
486.00000000,1.023484289098e+15,3.901580687831e-01,1.608889545677e+00,4.173875661376e-02,1.721177611128e-01,8.855661375661e-01,9.156517171276e-01
486.50000000,5.862464785371e+14,1.525370370370e-01,6.290149143473e-01,-1.743941798942e-01,-7.191478191900e-01,1.510841269841e+00,1.562169491755e+00
487.00000000,8.979886321593e+14,-3.198783068783e-01,-1.319077843067e+00,-1.584801587302e+00,-6.535233033857e+00,8.725714285714e-01,9.022155353454e-01
487.50000000,-4.033284329860e+14,-1.891383597884e+00,-7.799472934116e+00,-1.309637566138e+00,-5.400541464105e+00,-6.169227513228e+00,-6.378816359626e+00
488.00000000,6.895379259138e+14,-1.805529100529e+00,-7.445435905806e+00,-3.115992063492e+00,-1.284939037778e+01,-6.989470899471e+00,-7.226926097811e+00
488.50000000,3.739207708390e+14,-1.092744708995e+00,-4.506136561213e+00,-1.413353174603e+00,-5.828232650183e+00,-4.546105820106e+00,-4.700551911192e+00
489.00000000,6.878976789777e+13,-6.415291005291e-01,-2.645464865839e+00,-5.613432539683e-01,-2.314806475498e+00,-1.720600529101e+00,-1.779054959454e+00
489.50000000,1.506363907876e+14,-1.805858134921e-01,-7.446792740471e-01,1.404614748677e-01,5.792198076371e-01,-1.714582671958e+00,-1.772832656012e+00
490.00000000,2.373665460513e+14,1.027174685847e-01,4.235746344546e-01,-7.844543650794e-02,-3.234847895975e-01,-7.903470568783e-01,-8.171977326802e-01
490.50000000,1.079429095893e+15,7.834239721551e-02,3.230594826770e-01,-1.505635095021e-01,-6.208774832608e-01,-9.361296296296e-01,-9.679330164772e-01
491.00000000,3.781314586138e+14,-2.258781467014e-01,-9.314506552648e-01,-1.427684875165e-01,-5.887332163772e-01,-1.173228892816e+00,-1.213087317502e+00
491.50000000,-4.184955362875e+12,-1.798241980820e-01,-7.415386108926e-01,-1.835099206349e-01,-7.567383229441e-01,-8.625288938492e-01,-8.918318228561e-01
492.00000000,1.308508151953e+14,-5.621363260582e-01,-2.318073956695e+00,6.202571097884e-02,2.557749049378e-01,-1.582289620536e+00,-1.636045176726e+00
492.50000000,4.678282106980e+14,-5.516097986938e-01,-2.274665858327e+00,-2.006991464120e-01,-8.276213893324e-01,-1.118134589947e+00,-1.156121280878e+00
493.00000000,2.287772971142e+14,2.268854373347e-02,9.356044060109e-02,-1.997341269841e-01,-8.236419467990e-01,-7.042996238426e-01,-7.282269867683e-01
493.50000000,1.161245661569e+15,4.390435061177e-01,1.810477761728e+00,6.114269283234e-01,2.521336104018e+00,1.451907211062e+00,1.501233250147e+00
494.00000000,3.674822370473e+14,4.348069713128e-01,1.793007620513e+00,2.449254660632e-01,1.009997093311e+00,1.468449849124e+00,1.518337895757e+00
494.50000000,4.305561858177e+14,3.623036037223e-01,1.494026465243e+00,2.824244816694e-01,1.164631469936e+00,8.735744874339e-01,9.032526713997e-01
495.00000000,1.629959919829e+15,4.909128637566e-01,2.024370729535e+00,3.943711970899e-01,1.626265202833e+00,2.180556216931e+00,2.254636847129e+00
495.50000000,5.148917262190e+14,3.385304232804e-01,1.395993322933e+00,1.618558201058e-01,6.674434899315e-01,1.442346560847e+00,1.491347793359e+00
496.00000000,1.680936528238e+14,1.325806878307e-01,5.467211873250e-01,-4.565740740741e-01,-1.882770685744e+00,1.885407407407e+00,1.949460866720e+00
496.50000000,4.483700270503e+14,-3.389179894180e-01,-1.397591524167e+00,-1.120251322751e+00,-4.619570998242e+00,-1.827873015873e+00,-1.889971843634e+00
497.00000000,1.707133340026e+14,-7.376798941799e-01,-3.041960591778e+00,-1.829153439153e+00,-7.542864719048e+00,-6.018021164021e+00,-6.222473035940e+00
497.50000000,8.234524290521e+14,-1.372828042328e+00,-5.661112410679e+00,-1.298908730159e+00,-5.356299053026e+00,-6.376650793651e+00,-6.593286487644e+00
498.00000000,-6.565989267250e+14,-9.453915343915e-01,-3.898498270197e+00,-1.558423941799e+00,-6.426459757993e+00,-2.998503968254e+00,-3.100372960163e+00
498.50000000,-8.553549745920e+13,-1.856854332011e-01,-7.657085067946e-01,-1.092058697090e+00,-4.503313303897e+00,-2.346657738095e+00,-2.426381380507e+00
499.00000000,7.316050716957e+14,-4.425869088955e-01,-1.825089643786e+00,-8.799943989749e-01,-3.628825533663e+00,-2.407602347884e+00,-2.489396478121e+00
499.50000000,7.444064695519e+14,-5.586233103919e-01,-2.303587381556e+00,-9.719622550843e-01,-4.008072611729e+00,-3.223078822545e+00,-3.332577357138e+00
500.00000000,-2.294829375292e+14,-4.858146283896e-01,-2.003347205380e+00,-6.506434718089e-01,-2.683053035976e+00,-9.995655551422e-01,-1.033524067963e+00
500.50000000,5.398271889105e+14,-7.210400665509e-01,-2.973343159880e+00,-9.711785792824e-01,-4.004840974388e+00,-2.433830609086e+00,-2.516515799183e+00
501.00000000,4.772309942556e+14,-1.974450925926e-01,-8.142016550070e-01,-7.137171122685e-01,-2.943149278938e+00,-1.837859984086e+00,-1.900298101837e+00
501.50000000,2.320541207512e+14,1.157304499421e-01,4.772360894885e-01,-5.037000318287e-01,-2.077103603087e+00,-5.792834317130e-01,-5.989635854973e-01
502.00000000,-6.379377996514e+14,4.196755302373e-01,1.730610301823e+00,-2.921471419271e-01,-1.204724722619e+00,6.976996397569e-01,7.214027796259e-01
502.50000000,-4.340516389477e+14,3.005397663484e-01,1.239331765319e+00,-2.229988469329e-01,-9.195784776245e-01,1.573173098235e+00,1.626618936330e+00
503.00000000,9.379535763603e+14,5.611030208333e-01,2.313812929930e+00,1.947695442708e-01,8.031695386394e-01,1.535387724971e+00,1.587549870290e+00
503.50000000,6.425575733043e+13,3.626897189670e-01,1.495618683450e+00,1.099258933738e-01,4.533004859467e-01,-2.126902155671e-01,-2.199159981834e-01
504.00000000,5.121505029929e+14,6.608456072772e-01,2.725120083179e+00,6.180258550347e-01,2.548548042836e+00,1.389648489222e+00,1.436859395795e+00
504.50000000,1.400770758483e+14,1.940946412037e-01,8.003854439782e-01,4.177380320457e-01,1.722622824458e+00,1.328738429905e+00,1.373880022445e+00
505.00000000,8.777034231565e+14,-2.691986505353e-01,-1.110090830385e+00,2.883644466146e-01,1.189126053637e+00,1.080386932509e+00,1.117091211993e+00
505.50000000,7.734716613249e+14,-4.592357497830e-01,-1.893744243536e+00,-2.952362550637e-01,-1.217463272591e+00,-1.445355088614e+00,-1.494458530659e+00
506.00000000,-2.666133577409e+14,-1.031762160012e+00,-4.254663649648e+00,-1.199127587891e+00,-4.944832392259e+00,-1.005951169705e+00,-1.040126622748e+00
506.50000000,4.082086716676e+14,-1.097714014757e+00,-4.526628420103e+00,-5.654907798032e-01,-2.331909593051e+00,-2.070811435185e+00,-2.141163676026e+00
507.00000000,4.395069840248e+14,-7.103701077836e-01,-2.929343595378e+00,-8.689600687211e-01,-3.583323358401e+00,-1.858243564815e+00,-1.921374179506e+00
507.50000000,1.124054755794e+15,-3.521880967882e-01,-1.452313286258e+00,-7.797846383102e-01,-3.215591382802e+00,-6.497358463542e-01,-6.718094992077e-01
508.00000000,5.653809691272e+14,-7.213505273438e-01,-2.974623402848e+00,-6.433413375289e-01,-2.652941285996e+00,-9.563859620949e-01,-9.888775228418e-01
508.50000000,8.149592460678e+14,-1.932678262442e-01,-7.969759183245e-01,1.067948278356e-02,4.403889372075e-02,1.476573336227e-01,1.526737364300e-01
509.00000000,3.033707844688e+13,-2.834158072917e-01,-1.168717927207e+00,2.785435908565e-02,1.148627872991e-01,9.255551215278e-03,9.569992577318e-03
509.50000000,-1.958825653268e+14,-4.150801620370e-01,-1.711660444195e+00,4.198376157407e-02,1.731280860159e-01,2.486204745370e-01,2.570669256263e-01
510.00000000,5.281426253306e+14,-4.694236689815e-01,-1.935756027995e+00,-3.137753240741e-01,-1.293912676217e+00,5.040312384259e-01,5.211548289539e-01
510.50000000,-4.307126393568e+14,-2.743170138889e-01,-1.131197356046e+00,-6.007184837963e-01,-2.477177780998e+00,3.005739004630e-01,3.107853794400e-01
511.00000000,2.939778809213e+14,-1.046354050926e-01,-4.314836032644e-01,-6.273242013889e-01,-2.586891555829e+00,1.020068611111e+00,1.054723679836e+00
511.50000000,1.023513366382e+15,1.313367476852e-01,5.415915681894e-01,1.289510416667e-02,5.317543306384e-02,2.643399826389e+00,2.733204768579e+00
512.00000000,5.843138060978e+13,-6.898182870370e-03,-2.844594330428e-02,-4.699987268519e-02,-1.938129813980e-01,9.933481250000e-01,1.027095411373e+00
512.50000000,9.143499659708e+14,-1.791926157407e-01,-7.389341633433e-01,-4.924405208333e-01,-2.030672851886e+00,-1.464504861111e-01,-1.514258883592e-01
513.00000000,-1.714518389601e+14,-1.242651620370e-02,-5.124305661981e-02,-2.786527083333e-01,-1.149077839816e+00,1.484801273148e+00,1.535244831163e+00
513.50000000,5.509073915708e+14,3.052897222222e-01,1.258919094043e+00,2.435807407407e-01,1.004451860760e+00,2.774764861111e+00,2.869032703401e+00
514.00000000,1.428496417173e+15,6.173708333333e-01,2.545843746495e+00,7.577722685185e-01,3.124819157832e+00,5.606424953704e+00,5.796893555477e+00
514.50000000,2.060389813493e+15,5.132130902778e-01,2.116329871706e+00,5.224177314815e-01,2.154289624396e+00,3.517516597222e+00,3.637018146520e+00
515.00000000,1.168483569808e+15,2.894709490741e-01,1.193687433391e+00,3.469925925926e-01,1.430890448233e+00,1.858279652778e+00,1.921411493495e+00
515.50000000,1.341955506171e+15,-3.404842592593e-02,-1.404050329905e-01,-3.469136458333e-01,-1.430564896143e+00,-4.159056481481e-01,-4.300353239980e-01
516.00000000,4.832112006241e+14,-5.795952893519e-01,-2.390069247243e+00,-1.000964641204e+00,-4.127669508494e+00,-2.957795671296e+00,-3.058281669146e+00
516.50000000,9.346306354693e+14,-5.656984259259e-01,-2.332762939690e+00,-8.508454629630e-01,-3.508624310334e+00,-2.864837418981e+00,-2.962165320810e+00
517.00000000,5.647541007277e+14,-1.008378136574e+00,-4.158235268808e+00,-9.155064120370e-01,-3.775266124537e+00,-4.448720636574e+00,-4.599858234299e+00
517.50000000,6.705625083474e+14,-2.422864120370e-01,-9.991131968689e-01,-3.884852083333e-01,-1.601993200289e+00,-2.686182685185e+00,-2.777441101088e+00
518.00000000,8.045403302579e+14,-3.419744212963e-01,-1.410195290921e+00,-6.393544791667e-01,-2.636500711555e+00,-3.368629490741e+00,-3.483072857823e+00
518.50000000,-2.205136312225e+14,-1.330303067130e-01,-5.485752746222e-01,-2.166824363426e-01,-8.935315481692e-01,-1.149330138889e+00,-1.188376644699e+00
519.00000000,6.674168300346e+14,-1.109590104167e-01,-4.575601689205e-01,-4.730669560185e-02,-1.950782244901e-01,-7.957507870370e-01,-8.227850452352e-01
519.50000000,7.548547503460e+14,-3.415280902778e-01,-1.408354761743e+00,-4.788814004630e-01,-1.974759220764e+00,-1.496126956019e+00,-1.546955284542e+00
520.00000000,2.734156856206e+14,-1.682034056713e-01,-6.936181065688e-01,-5.402021903935e-01,-2.227627248678e+00,-6.098934027778e-01,-6.306134774452e-01
520.50000000,8.697999498245e+12,1.986172743056e-02,8.190353648659e-02,-6.170056539352e-01,-2.544341048105e+00,-1.534546105324e+00,-1.586679658070e+00
521.00000000,1.206908225187e+15,-2.326365451389e-01,-9.593201713958e-01,-5.286304108796e-01,-2.179908798403e+00,-1.241217965856e+00,-1.283386201837e+00
521.50000000,-3.401632322087e+14,-4.423850549769e-02,-1.824257261515e-01,-6.252523090278e-01,-2.578347710650e+00,-1.555882340856e+00,-1.608740755342e+00
522.00000000,9.192028329839e+14,2.546250665509e-01,1.049993939428e+00,6.561968171296e-02,2.705953319569e-01,1.488014827836e+00,1.538567560819e+00
522.50000000,8.912043544422e+14,2.379464105903e-01,9.812163916646e-01,-3.867732320602e-01,-1.594933538068e+00,2.693735746528e+00,2.785250764641e+00
523.00000000,3.633659229365e+14,1.210006163194e-01,4.989686032230e-01,-1.958104333044e-01,-8.074618440303e-01,6.472477690972e-01,6.692368938245e-01
523.50000000,4.117461087825e+14,3.128890270544e-01,1.290256244489e+00,-9.506779325810e-01,-3.920302629265e+00,-1.227549638310e+00,-1.269253516476e+00
524.00000000,2.386655223510e+13,-1.039647105035e+00,-4.287178690681e+00,-7.221274562355e-01,-2.977830943923e+00,-3.032768305845e+00,-3.135801369426e+00
524.50000000,6.621491697641e+14,-4.162448142723e-01,-1.716463104848e+00,-2.787214800347e-01,-1.149361433105e+00,-2.027964467593e-01,-2.096861056734e-01
525.00000000,1.049990946669e+15,-5.554767010272e-01,-2.290611751123e+00,-7.329147054036e-01,-3.022314232981e+00,-1.306368930664e+00,-1.350750558114e+00
525.50000000,-5.988266144604e+14,-2.855170287182e-01,-1.177382705554e+00,-8.043856104420e-01,-3.317038205565e+00,-3.376479745732e+00,-3.491189811665e+00
526.00000000,7.584563778912e+14,-5.960015027308e-01,-2.457723327221e+00,-1.178438561469e+00,-4.859517227262e+00,-3.396812893428e+00,-3.512213742925e+00
526.50000000,1.190745494330e+15,-3.148682843244e-01,-1.298418080894e+00,-1.123717706344e+00,-4.633865295234e+00,-2.957506689634e+00,-3.057982869831e+00
527.00000000,8.457723113001e+14,-5.618595346861e-01,-2.316932555861e+00,-9.596694473380e-01,-3.957380863370e+00,-2.783216923376e+00,-2.877771909879e+00
527.50000000,7.251533820958e+14,-2.519719807038e-01,-1.039053445242e+00,-1.560295695891e-01,-6.434178294669e-01,-6.291052594220e-01,-6.504780237273e-01
528.00000000,2.957747828454e+14,-4.082226933232e-01,-1.683382393307e+00,-9.337607204861e-02,-3.850541263420e-01,-2.431643889251e-01,-2.514254789320e-01
528.50000000,-6.596372963797e+14,-1.510323683449e-01,-6.228101324341e-01,3.924543650535e-01,1.618360778617e+00,8.358244314236e-01,8.642201224560e-01
529.00000000,2.736337760603e+14,-2.162516890914e-02,-8.917541623565e-02,4.071935006149e-01,1.679140428501e+00,3.029052929326e+00,3.131959769409e+00
529.50000000,8.347191184985e+14,-3.148124276620e-03,-1.298187745532e-02,1.380733101852e-01,5.693717529351e-01,1.965353598814e+00,2.032123091859e+00
530.00000000,8.432899947390e+14,-2.157944813368e-01,-8.898687809291e-01,4.231429361979e-01,1.744910982448e+00,1.529739445168e+00,1.581709699939e+00
530.50000000,1.677448380790e+14,-2.358355041956e-01,-9.725116755456e-01,-1.937439062500e-01,-7.989401237219e-01,6.843184063947e-01,7.075669419784e-01
531.00000000,1.079338125857e+14,-2.832443026620e-01,-1.168010695888e+00,2.448983362269e-02,1.009885218232e-01,1.166726210937e+00,1.206363718241e+00
531.50000000,1.256068563509e+15,1.555706004051e-01,6.415243785351e-01,2.016779484954e-01,8.316576672866e-01,3.186261015625e+00,3.294508728837e+00
532.00000000,-3.144903296700e+14,2.248714771412e-01,9.272994656293e-01,-4.809103587963e-02,-1.983126019252e-01,1.809426600116e+00,1.870898742770e+00
532.50000000,4.416922354790e+14,-6.014194502315e-01,-2.480065243973e+00,-5.557736111111e-01,-2.291838985891e+00,-1.496785590278e-01,-1.547636294762e-01
533.00000000,-1.552963142622e+14,-3.661687210648e-01,-1.509964997296e+00,-4.425775954861e-01,-1.825053524202e+00,-1.588518796296e+00,-1.642485977971e+00
533.50000000,3.319231061840e+14,-8.716271701389e-01,-3.594317160065e+00,-1.115761834491e+00,-4.601057733098e+00,-1.017568582176e+00,-1.052138716737e+00
534.00000000,1.047004950282e+15,-5.527350405093e-02,-2.279306002766e-01,-7.754384953704e-01,-3.197669229558e+00,-2.024653900463e+00,-2.093438018806e+00
534.50000000,1.112963023984e+15,-3.428651620370e-03,-1.413868426453e-02,-3.408411516204e-01,-1.405523802610e+00,2.550008391204e-01,2.636640520733e-01
535.00000000,8.828073967918e+14,3.316357407407e-01,1.367561813895e+00,-2.983111516204e-01,-1.230143197772e+00,-6.475370196759e-01,-6.695359711919e-01
535.50000000,9.613390269362e+14,3.767384722222e-01,1.553551337035e+00,5.474137152778e-02,2.257365353452e-01,1.393804467593e+00,1.441156566351e+00
536.00000000,-3.570636395371e+13,6.582028298611e-01,2.714222097730e+00,4.017416724537e-01,1.656658770368e+00,-3.417427199074e-01,-3.533528383991e-01
536.50000000,8.024637656636e+14,8.804769560185e-01,3.630810902275e+00,5.622747222222e-01,2.318647563337e+00,2.873591898148e-01,2.971217218281e-01
537.00000000,-5.097527962766e+14,8.273971990741e-01,3.411926627239e+00,6.248807060185e-01,2.576815334433e+00,5.784245717593e-01,5.980755472604e-01
537.50000000,4.566545714973e+14,5.919169907407e-01,2.440880080430e+00,2.914074421296e-01,1.201674428759e+00,6.659633101852e-02,6.885882630867e-02
538.00000000,9.972169432206e+13,4.153518518519e-01,1.712780807806e+00,1.951478703704e-01,8.047296388078e-01,-4.085074421296e-01,-4.223857767117e-01
538.50000000,9.072254179276e+14,2.128819097222e-01,8.778582487969e-01,-2.128697106481e-01,-8.778090431522e-01,6.213098842593e-01,6.424178141611e-01
539.00000000,-1.674857830498e+14,1.376345138889e-01,5.675615814147e-01,1.275659722222e-02,5.260427313694e-02,5.176999768519e-01,5.352879391529e-01
539.50000000,7.237955697701e+14,1.854451041667e-01,7.647174652094e-01,6.823634259259e-03,2.813856345134e-02,2.326533379630e+00,2.405573331730e+00
540.00000000,1.468407140299e+15,4.942696412037e-01,2.038213027245e+00,-1.594984953704e-02,-6.577226096610e-02,4.465384004630e+00,4.617087711496e+00
540.50000000,5.914736857509e+14,4.167545023148e-01,1.718564898529e+00,-1.504299768519e-02,-6.203268357892e-02,4.096435486111e+00,4.235604804480e+00
541.00000000,5.561917506142e+14,2.463762962963e-01,1.015978597214e+00,5.040954861111e-01,2.078734334599e+00,4.968219097222e+00,5.137005757628e+00
541.50000000,6.194149711839e+14,6.565174768519e-01,2.707272230345e+00,6.333104050926e-01,2.611576813911e+00,3.889452222222e+00,4.021589641799e+00
542.00000000,8.387631366016e+14,9.672635995370e-01,3.988691809100e+00,4.506396643519e-01,1.858299010069e+00,4.104913831019e+00,4.244371186508e+00
542.50000000,2.031596963276e+14,9.147503819444e-01,3.772143764719e+00,6.626091203704e-01,2.732395680744e+00,2.660538726852e+00,2.750925933575e+00
543.00000000,2.045317142156e+15,1.011015219907e+00,4.169109773644e+00,6.802398379630e-01,2.805099323235e+00,2.062537407407e+00,2.132608552449e+00
543.50000000,9.427510010913e+14,4.503738078704e-01,1.857200373658e+00,-3.821406250000e-02,-1.575830095129e-01,-8.360525000000e-01,-8.644559392682e-01
544.00000000,2.729587495754e+14,2.228627777778e-01,9.190162192612e-01,-2.753888831019e-01,-1.135618831041e+00,-2.501438935185e+00,-2.586421001358e+00
544.50000000,1.227020323347e+15,8.095415509259e-02,3.338295532728e-01,-3.119394097222e-01,-1.286341931579e+00,-2.207655636574e+00,-2.282656922736e+00
545.00000000,2.946881147435e+14,-4.373559606481e-01,-1.803518853323e+00,-6.023767187500e-01,-2.484015830590e+00,-3.053543443287e+00,-3.157282306270e+00
545.50000000,1.847488436406e+15,-1.718115798611e-01,-7.084970856223e-01,-4.484081250000e-01,-1.849096829931e+00,-2.173357459491e+00,-2.247193524342e+00
546.00000000,-4.021090168242e+14,5.442806423611e-02,2.244442715591e-01,-1.911048032407e-01,-7.880572767434e-01,-1.436721226852e+00,-1.485531348360e+00
546.50000000,1.122574798645e+15,-7.906144386574e-02,-3.260246056130e-01,-1.482359432870e-01,-6.112793179516e-01,-9.425416898148e-01,-9.745629153293e-01
547.00000000,5.372282469964e+14,1.517225260417e-01,6.256561263838e-01,3.133411458333e-02,1.292122259041e-01,2.420304890046e-01,2.502530567208e-01
547.50000000,8.057991484591e+14,-7.657703993056e-03,-3.157797027432e-02,3.569661053241e-01,1.472018139162e+00,1.934341649306e+00,2.000057564945e+00
548.00000000,1.504307970769e+15,-6.473849826389e-03,-2.669612687609e-02,8.268918402778e-02,3.409846957064e-01,-7.066896122685e-01,-7.306981709219e-01
548.50000000,8.788059514208e+14,-6.396226200810e-01,-2.637603138228e+00,-6.139403067130e-02,-2.531700501435e-01,-1.334287384259e-01,-1.379617492937e-01
549.00000000,1.804579342135e+15,-4.614077683738e-01,-1.902700967191e+00,-2.614893475116e-01,-1.078301432528e+00,-6.659089105903e-01,-6.885320153596e-01
549.50000000,6.927674924754e+14,-4.242011877894e-01,-1.749272694595e+00,-3.551808232060e-01,-1.464656186243e+00,-2.110762717014e-01,-2.182472233632e-01
550.00000000,1.796723746584e+14,-5.137803946036e-01,-2.118669256873e+00,-4.488952231626e-01,-1.851105472546e+00,-1.481925423900e+00,-1.532271279906e+00
550.50000000,-2.047553733691e+14,-3.674885861545e-01,-1.515407707096e+00,-2.750193887442e-01,-1.134095150253e+00,-1.017834274812e+00,-1.052413435821e+00
551.00000000,7.881726980757e+14,-3.069749139178e-01,-1.265868296222e+00,-4.532900168186e-01,-1.869228246341e+00,-1.107710229673e+00,-1.145342770973e+00
551.50000000,7.400189899337e+14,-7.226509029586e-01,-2.979985744165e+00,-7.973783633536e-01,-3.288142479428e+00,-3.469197385344e+00,-3.587057372898e+00
552.00000000,1.502599131709e+15,-2.967068666811e-01,-1.223526088856e+00,-5.327994896557e-01,-2.197100793638e+00,-2.241336237160e+00,-2.317481763538e+00
552.50000000,1.127436827478e+15,3.071121233001e-01,1.266434104693e+00,-7.666629593461e-03,-3.161481625144e-02,-1.620063914207e-01,-1.675102786763e-01
553.00000000,7.401600307094e+14,1.137562959708e+00,4.690952974860e+00,7.722782876700e-01,3.184637507528e+00,1.544632326027e+00,1.597108540696e+00
553.50000000,5.224860914380e+14,2.356213060348e+00,9.716283894900e+00,2.352217983670e+00,9.699821600939e+00,3.648653984737e+00,3.772610700214e+00
554.00000000,3.679911086053e+14,6.007621209129e+00,2.477354623962e+01,5.754427347909e+00,2.372948386493e+01,6.719596117983e+00,6.947882786875e+00
554.50000000,7.106047966359e+14,1.780192386321e+01,7.340955240473e+01,1.759717946253e+01,7.256534158452e+01,2.058391932870e+01,2.128322242576e+01
555.00000000,1.425111650825e+15,5.244125590169e+01,2.162512969310e+02,5.219243624711e+01,2.152255122739e+02,6.421939555736e+01,6.640113857177e+01
555.50000000,2.255768746263e+15,1.537752760880e+02,6.341210239564e+02,1.538393491468e+02,6.343860357705e+02,1.907341829076e+02,1.972140472470e+02
556.00000000,7.956607098114e+14,4.413608950637e+02,1.820033947147e+03,4.413158744618e+02,1.819850575780e+03,5.436892267347e+02,5.621601288997e+02
556.50000000,-2.500157991699e+14,1.241523168309e+03,5.119652279497e+03,1.241572365145e+03,5.119861564773e+03,1.524853328801e+03,1.576657586210e+03
557.00000000,1.039155613601e+15,3.422305147265e+03,1.411251339932e+04,3.421965175041e+03,1.411112913555e+04,4.201830608791e+03,4.344580544365e+03
557.50000000,2.242732049171e+15,9.230824701991e+03,3.806502684242e+04,9.230796738323e+03,3.806495920781e+04,1.133661896984e+04,1.172176101345e+04
558.00000000,4.669237720242e+14,2.436821211642e+04,1.004868663699e+05,2.436817317929e+04,1.004868316716e+05,2.992587843363e+04,3.094255845150e+04
558.50000000,2.624331245703e+14,6.296916291907e+04,2.596650845554e+05,6.296887932787e+04,2.596642403603e+05,7.733042508044e+04,7.995759267142e+04
559.00000000,4.053454686767e+14,1.592590062133e+05,6.567342076272e+05,1.592591195736e+05,6.567354976924e+05,1.955789261839e+05,2.022233823060e+05
559.50000000,-5.031659331866e+13,3.942936090460e+05,1.625943217066e+06,3.942931540553e+05,1.625943377425e+06,4.842180773981e+05,5.006685500107e+05
560.00000000,1.173034026767e+15,9.554414091653e+05,3.939940802731e+06,9.554393231956e+05,3.939937135869e+06,1.173345776223e+06,1.213208171821e+06
560.50000000,9.755901268273e+14,2.266367379886e+06,9.345788478849e+06,2.266362721438e+06,9.345780975055e+06,2.783256845034e+06,2.877813187806e+06
561.00000000,4.238394609838e+14,5.261630686997e+06,2.169731522387e+07,5.261618371629e+06,2.169729161640e+07,6.461651698660e+06,6.681175151547e+06
561.50000000,5.427532571405e+14,1.195791464329e+07,4.931069070978e+07,1.195788541508e+07,4.931063194653e+07,1.468515635146e+07,1.518405916745e+07
562.00000000,3.231471916433e+14,2.659824481885e+07,1.096828220313e+08,2.659818010855e+07,1.096826925709e+08,3.266451036289e+07,3.377423066912e+07
562.50000000,-2.700070455402e+14,5.791574647812e+07,2.388263795988e+08,5.791560544244e+07,2.388260971569e+08,7.112460068806e+07,7.354093611689e+07
563.00000000,3.208802313798e+14,1.234248083224e+08,5.089652109630e+08,1.234245072117e+08,5.089646067877e+08,1.515743250869e+08,1.567238009119e+08
563.50000000,-3.868109041792e+13,2.574863943386e+08,1.061793158085e+09,2.574857665181e+08,1.061791899112e+09,3.162113607252e+08,3.269540953983e+08
564.00000000,-2.329908560430e+14,5.257374630235e+08,2.167976458023e+09,5.257361815186e+08,2.167973889024e+09,6.456424963644e+08,6.675770847240e+08
564.50000000,6.522642679955e+14,1.050820418875e+09,4.333253933681e+09,1.050817857793e+09,4.333248800253e+09,1.290481215030e+09,1.334323084791e+09
565.00000000,5.306566269296e+14,2.055665577162e+09,8.476920307764e+09,2.055660567776e+09,8.476910268495e+09,2.524501585859e+09,2.610267165744e+09
565.50000000,7.663670900485e+14,3.936583533463e+09,1.623323621739e+10,3.936573940224e+09,1.623321699101e+10,4.834400831668e+09,4.998641247695e+09
566.00000000,-9.698302446450e+13,7.378246539342e+09,3.042557535617e+10,7.378228559499e+09,3.042553932287e+10,9.061004523116e+09,9.368836497402e+09
566.50000000,1.147802976820e+15,1.353715320395e+10,5.582297538021e+10,1.353712021518e+10,5.582290926664e+10,1.662457411204e+10,1.718936529579e+10
567.00000000,7.459639713459e+14,2.430922440015e+10,1.002436195230e+11,2.430916516054e+10,1.002435007988e+11,2.985343347510e+10,3.086765230066e+10
567.50000000,8.271813800309e+14,4.273190617516e+10,1.762129829239e+11,4.273180204074e+10,1.762127742239e+11,5.247777951184e+10,5.426062140669e+10
568.00000000,3.064043915323e+14,7.352014520683e+10,3.031740273600e+11,7.351996604315e+10,3.031736682895e+11,9.028789761794e+10,9.335527295220e+10
568.50000000,1.148871921629e+15,1.238210194826e+11,5.105990615600e+11,1.238207177394e+11,5.105984568227e+11,1.520609011174e+11,1.572269075224e+11
569.00000000,1.896565033833e+14,2.041075125060e+11,8.416753857979e+11,2.041070151106e+11,8.416743889462e+11,2.506583486889e+11,2.591740330317e+11
569.50000000,-5.252494088790e+14,3.293470672327e+11,1.358124041937e+12,3.293462646361e+11,1.358122433416e+12,4.044613106366e+11,4.182021848915e+11
570.00000000,9.288507146412e+14,5.201505529824e+11,2.144937792731e+12,5.201492854117e+11,2.144935252335e+12,6.387813808562e+11,6.604828746701e+11
570.50000000,1.532435181252e+14,8.041381392855e+11,3.316013557306e+12,8.041361796572e+11,3.316009629927e+12,9.875380657880e+11,1.021087965437e+12
571.00000000,1.363975275012e+15,1.216792809873e+12,5.017672035249e+12,1.216789844634e+12,5.017666092482e+12,1.494306959491e+12,1.545073456777e+12
571.50000000,7.498467439529e+14,1.802291629867e+12,7.432085591873e+12,1.802287237809e+12,7.432076789552e+12,2.213340598082e+12,2.288535020990e+12
572.00000000,1.346818373128e+15,2.612893749739e+12,1.077475457840e+13,2.612887382300e+12,1.077474181713e+13,3.208816885644e+12,3.317830895570e+12
572.50000000,1.056682287884e+15,3.707977717534e+12,1.529053750946e+13,3.707968681452e+12,1.529051939984e+13,4.553656846093e+12,4.708359470242e+12
573.00000000,4.568297675824e+14,5.150441449621e+12,2.123880567116e+13,5.150428898356e+12,2.123878051661e+13,6.325103534622e+12,6.539987999546e+12
573.50000000,-1.250985257652e+14,7.002722227590e+12,2.887703083623e+13,7.002705162446e+12,2.887699663521e+13,8.599834314584e+12,8.891998827783e+12
574.00000000,6.015959170139e+14,9.319332080348e+12,3.843000352020e+13,9.319309369789e+12,3.842995800495e+13,1.144479378288e+13,1.183361087888e+13
574.50000000,9.680734635425e+14,1.213988288587e+13,5.006107068795e+13,1.213985330183e+13,5.006101139724e+13,1.490862810546e+13,1.541512298821e+13
575.00000000,5.439473231188e+14,1.547899584150e+13,6.383052557301e+13,1.547895812027e+13,6.383044997420e+13,1.900929313869e+13,1.965510103137e+13
575.50000000,9.274147288320e+14,1.931879239541e+13,7.966464263326e+13,1.931874531687e+13,7.966454828104e+13,2.372483276629e+13,2.453084297095e+13
576.00000000,9.754022316412e+14,2.360035158914e+13,9.732045031006e+13,2.360029407673e+13,9.732033504687e+13,2.898288791648e+13,2.996753146070e+13
576.50000000,8.933028180916e+14,2.822041472358e+13,1.163721421040e+14,2.822034595240e+13,1.163720042766e+14,3.465664966054e+13,3.583404945765e+13
577.00000000,-2.115384802766e+14,3.303025156938e+13,1.362064011820e+14,3.303017107697e+13,1.362062398635e+14,4.056346683959e+13,4.194154054535e+13
577.50000000,5.669500681549e+13,3.784119055237e+13,1.560452051282e+14,3.784109833604e+13,1.560450203133e+14,4.647163752045e+13,4.805043111775e+13
578.00000000,1.467580780224e+15,4.243488509030e+13,1.749881610978e+14,4.243478167945e+13,1.749879538474e+14,5.211301677756e+13,5.388346648870e+13
578.50000000,7.789874019264e+14,4.657836170942e+13,1.920745595312e+14,4.657824820121e+13,1.920743320443e+14,5.720149683613e+13,5.914481886607e+13
579.00000000,1.753090278342e+15,5.004399102073e+13,2.063657281992e+14,5.004386906703e+13,2.063654837863e+14,6.145753283247e+13,6.354544633238e+13
579.50000000,1.074231701265e+15,5.262858177845e+13,2.170237701126e+14,5.262845352628e+13,2.170235130767e+14,6.463159165775e+13,6.682733832253e+13
580.00000000,9.421900618023e+14,5.417496204660e+13,2.234005574871e+14,5.417483002601e+13,2.234002928987e+14,6.653065514495e+13,6.879091921076e+13
580.50000000,1.991649950735e+15,5.458548535396e+13,2.250934268914e+14,5.458535233296e+13,2.250931602980e+14,6.703480657504e+13,6.931219831469e+13
581.00000000,1.541581253307e+15,5.383479635917e+13,2.219978208475e+14,5.383466516754e+13,2.219975579205e+14,6.611290780950e+13,6.835897963132e+13
581.50000000,2.653606864337e+14,5.196976313486e+13,2.143070085922e+14,5.196963648818e+13,2.143067547739e+14,6.382251613052e+13,6.599077585208e+13
582.00000000,2.797717813794e+14,4.910721680408e+13,2.025027650455e+14,4.910709713324e+13,2.025025252078e+14,6.030710835589e+13,6.235593817176e+13
582.50000000,1.643517956579e+15,4.541949940518e+13,1.872957747377e+14,4.541938872104e+13,1.872955529106e+14,5.577833260285e+13,5.767330508671e+13
583.00000000,1.346776686704e+15,4.111926726023e+13,1.695629656648e+14,4.111916705545e+13,1.695627648399e+14,5.049734575818e+13,5.221290583777e+13
583.50000000,3.002381735668e+14,3.643778770625e+13,1.502580118131e+14,3.643769890991e+13,1.502578338524e+14,4.474816034101e+13,4.626840177873e+13
584.00000000,1.283843963061e+15,3.160554528072e+13,1.303313591493e+14,3.160546826022e+13,1.303312047891e+14,3.881382753773e+13,4.013246027100e+13
584.50000000,5.342072892764e+14,2.683365777959e+13,1.106535912701e+14,2.683359238785e+13,1.106534602156e+14,3.295361481705e+13,3.407315694762e+13
585.00000000,4.639733310093e+14,2.229972908872e+13,9.195709091493e+13,2.229967474584e+13,9.195698200393e+13,2.738563221422e+13,2.831601175548e+13
585.50000000,1.412481961765e+15,1.813958070946e+13,7.480194336989e+13,1.813953650457e+13,7.480185477689e+13,2.227667806425e+13,2.303348971483e+13
586.00000000,1.417196590080e+15,1.444300812308e+13,5.955843704536e+13,1.444297292648e+13,5.955836650628e+13,1.773702751958e+13,1.833961238590e+13
586.50000000,1.269068267010e+15,1.125648621317e+13,4.641821978952e+13,1.125645878190e+13,4.641816481329e+13,1.382375499863e+13,1.429339319188e+13
587.00000000,1.541714711894e+15,8.587371738527e+12,3.541162856904e+13,8.587350811704e+12,3.541158662866e+13,1.054589511749e+13,1.090417368433e+13
587.50000000,9.059417689838e+14,6.413067191611e+12,2.644547834802e+13,6.413051563416e+12,2.644544702685e+13,7.875696551103e+12,8.143259734855e+12
588.00000000,7.139965051888e+14,4.688796847784e+12,1.933512807702e+13,4.688785421515e+12,1.933510517712e+13,5.758171567456e+12,5.953795498265e+12
588.50000000,1.464804439209e+15,3.357513017502e+12,1.384533097107e+13,3.357504835478e+12,1.384531457311e+13,4.123261600443e+12,4.263342289700e+12
589.00000000,9.914765335276e+14,2.356730870864e+12,9.718419183114e+12,2.356725127676e+12,9.718407672935e+12,2.894230894047e+12,2.992557388409e+12
589.50000000,6.698451308125e+14,1.625534202511e+12,6.703193381897e+12,1.625530241198e+12,6.703185442853e+12,1.996270073259e+12,2.064089900111e+12
590.00000000,7.782851308766e+14,1.108444657894e+12,4.570878227919e+12,1.108441956692e+12,4.570872814321e+12,1.361247825485e+12,1.407493868574e+12
590.50000000,1.497580974495e+15,7.588335947056e+11,3.129191820225e+12,7.588317454817e+11,3.129188114113e+12,9.319009057768e+11,9.635606290373e+11
591.00000000,5.723761681725e+14,5.401768061267e+11,2.227519781676e+12,5.401754897539e+11,2.227517143474e+12,6.633750250656e+11,6.859120454519e+11
591.50000000,4.806512349195e+14,4.271059147958e+11,1.761250878023e+12,4.271048739689e+11,1.761248792055e+12,5.245160357140e+11,5.423355618390e+11
592.00000000,6.123073702490e+14,4.054637132684e+11,1.672005224610e+12,4.054627251820e+11,1.672003244342e+12,4.979378934885e+11,5.148544731495e+11
592.50000000,1.208663921019e+15,4.726407988472e+11,1.949022462864e+12,4.726396470548e+11,1.949020154505e+12,5.804360687593e+11,6.001553813959e+11
593.00000000,2.142087911877e+15,6.376347878352e+11,2.629405941310e+12,6.376332339640e+11,2.629402827127e+12,7.830602657628e+11,8.096633854257e+11
593.50000000,3.577090721774e+14,9.216772605296e+11,3.800708040153e+12,9.216750144665e+11,3.800703538717e+12,1.131884355036e+12,1.170338170480e+12
594.00000000,1.045777681748e+15,1.358575545831e+12,5.602339583848e+12,1.358572235078e+12,5.602332948620e+12,1.668426108916e+12,1.725108003484e+12
594.50000000,5.689250833429e+14,1.995565671008e+12,8.229087138479e+12,1.995560807954e+12,8.229077392217e+12,2.450694683695e+12,2.533952801592e+12
595.00000000,7.752421225907e+14,2.893091772701e+12,1.193020337194e+13,2.893084722439e+12,1.193018924219e+13,3.552919720863e+12,3.673624030122e+12
595.50000000,9.625564466167e+14,4.124777968935e+12,1.700929106287e+13,4.124767917139e+12,1.700927091762e+13,5.065516803962e+12,5.237608985857e+12
596.00000000,9.149539144157e+14,5.774904014837e+12,2.381389349640e+13,5.774889941801e+12,2.381386529200e+13,7.091987386652e+12,7.332925405529e+12
596.50000000,-3.471423849801e+14,7.935808107554e+12,3.272478444587e+13,7.935788768545e+12,3.272474568770e+13,9.745729254890e+12,1.007682356896e+13
597.00000000,1.519457789246e+15,1.070120295367e+13,4.412840573062e+13,1.070117687559e+13,4.412835346637e+13,1.314182818872e+13,1.358829909675e+13
597.50000000,7.633284980318e+14,1.415976789665e+13,5.839044315858e+13,1.415973339029e+13,5.839037400283e+13,1.738918864501e+13,1.797995628652e+13
598.00000000,6.289216117692e+14,1.838374500079e+13,7.580880035218e+13,1.838370020089e+13,7.580871056669e+13,2.257652894834e+13,2.334352751466e+13
598.50000000,9.270879750963e+14,2.341936292502e+13,9.657410980632e+13,2.341930585367e+13,9.657399542707e+13,2.876062113598e+13,2.973771355034e+13
599.00000000,9.264031417212e+14,2.927298800399e+13,1.207126242891e+14,2.927291666777e+13,1.207124813209e+14,3.594928351368e+13,3.717059831271e+13
599.50000000,4.354392617706e+14,3.590192108770e+13,1.480482658936e+14,3.590183359723e+13,1.480480905500e+14,4.409007852875e+13,4.558796277385e+13
600.00000000,1.315354358153e+15,4.320366735497e+13,1.781583781136e+14,4.320356207066e+13,1.781581671086e+14,5.305713534821e+13,5.485965985667e+13
600.50000000,1.274036728029e+15,5.101288402218e+13,2.103611391509e+14,5.101275970735e+13,2.103608900060e+14,6.264740143074e+13,6.477573866058e+13
601.00000000,1.713326532986e+15,5.910077454180e+13,2.437130637803e+14,5.910063051735e+13,2.437127751345e+14,7.257989856011e+13,7.504567521988e+13
601.50000000,5.726530937836e+14,6.718327006276e+13,2.770427411268e+14,6.718310634183e+13,2.770424130063e+14,8.250577025251e+13,8.530876125445e+13
602.00000000,4.089010329562e+14,7.493497842786e+13,3.090083559573e+14,7.493479581656e+13,3.090079899778e+14,9.202541210438e+13,9.515181649148e+13
602.50000000,8.285689797568e+14,8.200899841298e+13,3.381793963909e+14,8.200879856279e+13,3.381789958622e+14,1.007128050686e+14,1.041343486227e+14
603.00000000,1.135547173463e+15,8.806331114515e+13,3.631454838319e+14,8.806309654103e+13,3.631450537342e+14,1.081479259677e+14,1.118220649090e+14
603.50000000,6.045357671036e+14,9.278575839069e+13,3.826193755986e+14,9.278553227829e+13,3.826189224366e+14,1.139474225851e+14,1.178185894043e+14
604.00000000,8.507867260313e+14,9.592351813789e+13,3.955585129842e+14,9.592328437899e+13,3.955580444975e+14,1.178008117483e+14,1.218028908070e+14
604.50000000,1.402287318215e+15,9.730201910369e+13,4.012430187527e+14,9.730178198548e+13,4.012425435334e+14,1.194937076712e+14,1.235532999441e+14
605.00000000,1.033873185535e+15,9.684502700771e+13,3.993585266339e+14,9.684479100316e+13,3.993580536466e+14,1.189324893077e+14,1.229730151564e+14
605.50000000,-2.716230429613e+14,9.457751841519e+13,3.900080321520e+14,9.457728793640e+13,3.900075702391e+14,1.161478296327e+14,1.200937514798e+14
606.00000000,9.080125850287e+14,9.062772623828e+13,3.737203276305e+14,9.062750538486e+13,3.737198850082e+14,1.112972076611e+14,1.150783380070e+14
606.50000000,1.847929758429e+15,8.521142432673e+13,3.513851967720e+14,8.521121667245e+13,3.513847806028e+14,1.046456088223e+14,1.082007625894e+14
607.00000000,8.558894300554e+14,7.861621292580e+13,3.241886128142e+14,7.861602134359e+13,3.241882288557e+14,9.654622640011e+13,9.982621764244e+13
607.50000000,8.666528827713e+14,7.117398535250e+13,2.934991997346e+14,7.117381190648e+13,2.934988521236e+14,8.740664867851e+13,9.037613855788e+13
608.00000000,7.794667989295e+14,6.323628955877e+13,2.607666310628e+14,6.323613545636e+13,2.607663222192e+14,7.765860121252e+13,8.029691802061e+13
608.50000000,8.589001510867e+14,5.514717990472e+13,2.274096791053e+14,5.514704551490e+13,2.274094097686e+14,6.772460690053e+13,7.002543341449e+13
609.00000000,1.180689414285e+15,4.722154025281e+13,1.947268261823e+14,4.722142517723e+13,1.947265955541e+14,5.799136522275e+13,5.996152166650e+13
609.50000000,2.296046942309e+15,3.972905702140e+13,1.638301745257e+14,3.972896020447e+13,1.638299804905e+14,4.879007002627e+13,5.044762836248e+13
610.00000000,4.318037446972e+14,3.288380250509e+13,1.356024911584e+14,3.288372236956e+13,1.356023305552e+14,4.038361711151e+13,4.175558073348e+13
610.50000000,1.587597058487e+15,2.684337202267e+13,1.106936497628e+14,2.684330660725e+13,1.106935186608e+14,3.296554458924e+13,3.408549201322e+13
611.00000000,9.917060345222e+14,2.171092500864e+13,8.952904750203e+13,2.171087210063e+13,8.952894146673e+13,2.666253948429e+13,2.756835319931e+13
611.50000000,1.152098642328e+15,1.754613514747e+13,7.235475994089e+13,1.754609238876e+13,7.235467424625e+13,2.154788526882e+13,2.227993744328e+13
612.00000000,9.876800726061e+14,1.437474231812e+13,5.927693026973e+13,1.437470728788e+13,5.927686006405e+13,1.765319232049e+13,1.825292903077e+13
612.50000000,5.844115886651e+14,1.220370818966e+13,5.032426622901e+13,1.220367845007e+13,5.032420662658e+13,1.498701005747e+13,1.549616783163e+13
613.00000000,1.177371185763e+15,1.103082024238e+13,4.548764408119e+13,1.103079336104e+13,4.548759020710e+13,1.354662135029e+13,1.400684440663e+13
613.50000000,1.783277734693e+15,1.085636320678e+13,4.476823796555e+13,1.085633675058e+13,4.476818494350e+13,1.333237586797e+13,1.378532030420e+13
614.00000000,1.362695155414e+15,1.168643184976e+13,4.819118078985e+13,1.168640337074e+13,4.819112371378e+13,1.435175841198e+13,1.483933460899e+13
614.50000000,5.367794414211e+14,1.353629295847e+13,5.581942799755e+13,1.353625997147e+13,5.581936188683e+13,1.662351766829e+13,1.718827296119e+13
615.00000000,8.703129815899e+14,1.642441503722e+13,6.772913790985e+13,1.642437501207e+13,6.772905769365e+13,2.017033425624e+13,2.085558651500e+13
615.50000000,1.069594463008e+15,2.036682423365e+13,8.398639733475e+13,2.036677460113e+13,8.398629786398e+13,2.501188940975e+13,2.586162514026e+13
616.00000000,4.988226582843e+12,2.536317645876e+13,1.045897873571e+14,2.536311465047e+13,1.045896634843e+14,3.114776056338e+13,3.220595191561e+13
616.50000000,2.707148871518e+14,3.138566766563e+13,1.294246528050e+14,3.138559118096e+13,1.294244995187e+14,3.854380239639e+13,3.985326149200e+13
617.00000000,1.680983741007e+15,3.836279156533e+13,1.581961241631e+14,3.836269807789e+13,1.581959368007e+14,4.711220016794e+13,4.871275577451e+13
617.50000000,6.320690781281e+14,4.616972025622e+13,1.903894503035e+14,4.616960774384e+13,1.903892248124e+14,5.669965645500e+13,5.862592932500e+13
618.00000000,4.426893259849e+14,5.461826427602e+13,2.252285968885e+14,5.461813117513e+13,2.252283301350e+14,6.707506139160e+13,6.935382071909e+13
618.50000000,1.199365562072e+15,6.345649269868e+13,2.616746797694e+14,6.345633805965e+13,2.616743698504e+14,7.792902612118e+13,8.057653014834e+13
619.00000000,9.687877740069e+14,7.237278754794e+13,2.984426841167e+14,7.237261118052e+13,2.984423306508e+14,8.887886190097e+13,9.189836768109e+13
619.50000000,1.804221938228e+15,8.100924800714e+13,3.340567391786e+14,8.100905059328e+13,3.340563435326e+14,9.948504141228e+13,1.028648738174e+14
620.00000000,9.329950749192e+14,8.898240608184e+13,3.669355431782e+14,8.898218923794e+13,3.669351085916e+14,1.092766390479e+14,1.129891240660e+14
620.50000000,1.059342242030e+15,9.590794779801e+13,3.954943057845e+14,9.590771407705e+13,3.954938373738e+14,1.177816902783e+14,1.217831197181e+14
621.00000000,1.282781916045e+15,1.014322605642e+14,4.182748395416e+14,1.014320133808e+14,4.182743441504e+14,1.245659340262e+14,1.287978464264e+14
621.50000000,1.376114342899e+15,1.052585394014e+14,4.340532137767e+14,1.052582828937e+14,4.340526996981e+14,1.292648729491e+14,1.336564236811e+14
622.00000000,1.942611281909e+15,1.071764897058e+14,4.419622394787e+14,1.071762285242e+14,4.419617160329e+14,1.316202505159e+14,1.360918211314e+14
622.50000000,7.980936617352e+14,1.070769107681e+14,4.415516071617e+14,1.070766498292e+14,4.415510842023e+14,1.314979605925e+14,1.359653766191e+14
623.00000000,2.740125467923e+14,1.049664068980e+14,4.328485509278e+14,1.049661511022e+14,4.328480382760e+14,1.289061137344e+14,1.332854762419e+14
623.50000000,7.221954766255e+14,1.009619493236e+14,4.163354234465e+14,1.009617032863e+14,4.163349303523e+14,1.239883588184e+14,1.282006490988e+14
624.00000000,5.226562227551e+14,9.528448355381e+13,3.929233347221e+14,9.528425135220e+13,3.929228693564e+14,1.170160324345e+14,1.209914499719e+14
624.50000000,1.362308026977e+15,8.823477215526e+13,3.638525352778e+14,8.823455713330e+13,3.638521043427e+14,1.083584921205e+14,1.120397846830e+14
625.00000000,1.496640734027e+14,8.017028520339e+13,3.305971196239e+14,8.017008983402e+13,3.305967280753e+14,9.845473621468e+13,1.017995657807e+14
625.50000000,1.050202480031e+15,7.147284940250e+13,2.947316213711e+14,7.147267522817e+13,2.947312723005e+14,8.777367470483e+13,9.075563365935e+13
626.00000000,9.707836004752e+13,6.252067286419e+13,2.578156521885e+14,6.252052050568e+13,2.578153468399e+14,7.677977369286e+13,7.938823385429e+13
626.50000000,1.241771640656e+15,5.366133971810e+13,2.212825400453e+14,5.366120894917e+13,2.212822779654e+14,6.589989088187e+13,6.813872582160e+13
627.00000000,1.853262924413e+14,4.519109095654e+13,1.863538899106e+14,4.519098082902e+13,1.863536691991e+14,5.549783099926e+13,5.738327392576e+13
627.50000000,4.893907191676e+14,3.734231288540e+13,1.539879900475e+14,3.734222188480e+13,1.539878076691e+14,4.585898073646e+13,4.741696037799e+13
628.00000000,9.583682602155e+14,3.027622011783e+13,1.248496389736e+14,3.027614633680e+13,1.248494911057e+14,3.718132295172e+13,3.844449416211e+13
628.50000000,7.966601873043e+14,2.408584734621e+13,9.932248259012e+13,2.408578865069e+13,9.932236495579e+13,2.957911077606e+13,3.058400996185e+13
629.00000000,1.672471077098e+15,1.880072201057e+13,7.752828280171e+13,1.880067619452e+13,7.752819097972e+13,2.308860597789e+13,2.387300147659e+13
629.50000000,1.260214797874e+15,1.439973890331e+13,5.938000834963e+13,1.439970381215e+13,5.937993802187e+13,1.768388988126e+13,1.828466948812e+13
630.00000000,8.364868217928e+14,1.082178479861e+13,4.462564745196e+13,1.082175842668e+13,4.462559459879e+13,1.328991115619e+13,1.374141292719e+13
630.50000000,1.009904710167e+15,7.980826916040e+12,3.291042789689e+13,7.980807467323e+12,3.291038891885e+13,9.801015510927e+12,1.013398808003e+13
631.00000000,9.209515357115e+14,5.776259863727e+12,2.381948459211e+13,5.776245787386e+12,2.381945638108e+13,7.093652464226e+12,7.334647051238e+12
631.50000000,4.628554580508e+14,4.104622173881e+12,1.692617488371e+13,4.104612171205e+12,1.692615483690e+13,5.040764073187e+12,5.212015323818e+12
632.00000000,6.200942188847e+14,2.866166248672e+12,1.181917095306e+13,2.866159264026e+12,1.181915695481e+13,3.519853287842e+12,3.639434222167e+12
632.50000000,2.241601458180e+15,1.971279198759e+12,8.128937341696e+12,1.971274394891e+12,8.128927714051e+12,2.420869191459e+12,2.503114039786e+12
633.00000000,6.702263880725e+14,1.342899772842e+12,5.537697611014e+12,1.342896500290e+12,5.537691052346e+12,1.649175159631e+12,1.705203036456e+12
633.50000000,1.503276758796e+15,9.185855639861e+11,3.787958852977e+12,9.185833254576e+11,3.787954366642e+12,1.128087534720e+12,1.166412359754e+12
634.00000000,1.554837880755e+15,6.502518007014e+11,2.681434546438e+12,6.502502160834e+11,2.681431370634e+12,7.985548429671e+11,8.256843641210e+11
634.50000000,1.254565671609e+15,5.039612280172e+11,2.078178092568e+12,5.039599998985e+11,2.078175631239e+12,6.188997537029e+11,6.399258035830e+11
635.00000000,1.235735106326e+15,4.587763734141e+11,1.891849919423e+12,4.587752554080e+11,1.891847678777e+12,5.634095813838e+11,5.825504485279e+11
635.50000000,2.854766878173e+14,5.060841068669e+11,2.086932179337e+12,5.060828735746e+11,2.086929707640e+12,6.215067979043e+11,6.426214176070e+11
636.00000000,7.186262847903e+14,6.487136055481e+11,2.675091511910e+12,6.487120246781e+11,2.675088343617e+12,7.966658313728e+11,8.237311766214e+11
636.50000000,5.891269824356e+14,9.007114883711e+11,3.714251769371e+12,9.007092933996e+11,3.714247370328e+12,1.106136915543e+12,1.143716006214e+12
637.00000000,-9.159589013105e+13,1.286937494516e+12,5.306926721585e+12,1.286934358339e+12,5.306920436230e+12,1.580449554668e+12,1.634142597800e+12
637.50000000,1.812893877780e+15,1.843251920578e+12,7.600992988093e+12,1.843247428702e+12,7.600983985722e+12,2.263642709486e+12,2.340546059723e+12
638.00000000,1.130219769198e+15,2.615943674530e+12,1.078733151197e+13,2.615937299658e+12,1.078731873580e+13,3.212562407321e+12,3.321703664876e+12
638.50000000,1.060807468908e+15,3.661550364391e+12,1.509908566191e+13,3.661541441449e+12,1.509906777904e+13,4.496640798377e+12,4.649406400810e+12
639.00000000,1.367502344569e+15,5.044900380744e+12,2.080358739441e+13,5.044888086676e+12,2.080356275532e+13,6.195491695653e+12,6.405972822274e+12
639.50000000,1.283177884272e+15,6.837428614358e+12,2.819541180134e+13,6.837411952024e+12,2.819537840761e+13,8.396842157986e+12,8.682110363367e+12
640.00000000,8.052544483113e+14,9.112558640324e+12,3.757733468519e+13,9.112536433656e+12,3.757729017981e+13,1.119086148812e+13,1.157105167311e+13
640.50000000,1.455691711343e+15,1.194163611273e+13,4.924356315374e+13,1.194160701180e+13,4.924350483126e+13,1.466516715599e+13,1.516339087361e+13
641.00000000,1.102734025101e+15,1.538612948163e+13,6.344757382218e+13,1.538609198671e+13,6.344749867693e+13,1.889524673183e+13,1.953718009487e+13
641.50000000,1.063215702830e+15,1.949136819647e+13,8.037629112749e+13,1.949132069737e+13,8.037619593241e+13,2.393676796057e+13,2.474997829730e+13
642.00000000,1.388687398648e+15,2.427668372453e+13,1.001094319795e+14,2.427662456395e+13,1.001093134132e+14,2.981347124065e+13,3.082633241833e+13
642.50000000,1.521567302468e+15,2.972882897824e+13,1.225923695427e+14,2.972875653116e+13,1.225922243483e+14,3.650908821889e+13,3.774942141562e+13
643.00000000,1.161788739578e+15,3.579321915987e+13,1.476000132256e+14,3.579313193430e+13,1.475998384129e+14,4.395658493317e+13,4.544993396399e+13
643.50000000,1.151952325217e+15,4.237041910040e+13,1.747223235680e+14,4.237031584665e+13,1.747221166326e+14,5.203384801803e+13,5.380160810734e+13
644.00000000,1.547130086219e+15,4.931291711620e+13,2.033510086375e+14,4.931279694407e+13,2.033507677952e+14,6.055972277428e+13,6.261713472857e+13
644.50000000,7.500287560507e+14,5.642818797876e+13,2.326921547559e+14,5.642805046722e+13,2.326918791629e+14,6.929777471076e+13,7.165204688316e+13
645.00000000,1.212265807650e+15,6.348465259346e+13,2.617908023462e+14,6.348449788580e+13,2.617904922896e+14,7.796360844810e+13,8.061228735007e+13
645.50000000,3.796091923083e+14,7.022272685335e+13,2.895765079413e+14,7.022255572548e+13,2.895761649762e+14,8.623843648657e+13,8.916823837501e+13
646.00000000,1.910000210703e+15,7.637036491111e+13,3.149274397638e+14,7.637017880188e+13,3.149270667739e+14,9.378816743469e+13,9.697445838868e+13
646.50000000,1.970035150865e+15,8.165964807819e+13,3.367387851454e+14,8.165944907935e+13,3.367383863229e+14,1.002837783416e+14,1.036907464539e+14
647.00000000,4.784685522534e+14,8.584777572799e+13,3.540093104295e+14,8.584756652297e+13,3.540088911524e+14,1.054270929993e+14,1.090087963412e+14
647.50000000,8.431130661095e+14,8.873307888999e+13,3.659073960130e+14,8.873286265369e+13,3.659069626441e+14,1.089704477596e+14,1.126725304578e+14
648.00000000,2.340305736530e+15,9.017399199410e+13,3.718492698711e+14,9.017377224639e+13,3.718488294648e+14,1.107399901682e+14,1.145021900125e+14
648.50000000,1.203383729717e+15,9.009731194566e+13,3.715330653935e+14,9.009709238481e+13,3.715326253618e+14,1.106458216876e+14,1.144048223205e+14
649.00000000,1.910233337195e+15,8.850781454913e+13,3.649784765005e+14,8.850759886178e+13,3.649780442318e+14,1.086938073410e+14,1.123864916589e+14
649.50000000,1.185470369736e+15,8.548429870323e+13,3.525104451438e+14,8.548409038398e+13,3.525100276419e+14,1.049807177057e+14,1.085472562182e+14
650.00000000,9.409077772843e+14,8.117644289251e+13,3.347461984636e+14,8.117624507120e+13,3.347458020010e+14,9.969036846449e+13,1.030771765014e+14
650.50000000,1.946050299821e+15,7.578951240167e+13,3.125321861351e+14,7.578932770793e+13,3.125318159821e+14,9.307483979152e+13,9.623689667123e+13
651.00000000,6.480473018659e+14,6.957072331838e+13,2.868878497919e+14,6.957055377940e+13,2.868875100113e+14,8.543773039099e+13,8.834032967319e+13
651.50000000,8.603016595875e+14,6.278850665717e+13,2.589201147742e+14,6.278835364597e+13,2.589198081176e+14,7.710869238599e+13,7.972832699176e+13
652.00000000,1.827709971330e+15,5.571488449352e+13,2.297507148316e+14,5.571474872025e+13,2.297504427223e+14,6.842178797449e+13,7.074630001095e+13
652.50000000,1.446323263644e+15,4.860710015515e+13,2.004404407917e+14,4.860698170305e+13,2.004402033965e+14,5.969293001509e+13,6.172089418292e+13
653.00000000,1.299406379787e+14,4.169315098923e+13,1.719294822279e+14,4.169304938594e+13,1.719292786002e+14,5.120211524993e+13,5.294161865541e+13
653.50000000,1.188033049527e+15,3.516163074429e+13,1.449955406277e+14,3.516154505785e+13,1.449953688996e+14,4.318095003684e+13,4.464794821209e+13
654.00000000,8.415434775308e+14,2.915477739748e+13,1.202251608115e+14,2.915470634933e+13,1.202250184207e+14,3.580411259340e+13,3.702049546122e+13
654.50000000,7.666201324370e+13,2.376808497293e+13,9.801213019378e+13,2.376802705177e+13,9.801201411138e+13,2.918887628255e+13,3.018051792563e+13
655.00000000,6.424366034980e+14,1.905110028353e+13,7.856076429593e+13,1.905105385733e+13,7.856067125110e+13,2.339608806749e+13,2.419092973897e+13
655.50000000,1.411599536628e+15,1.501433668072e+13,6.191441688296e+13,1.501430009183e+13,6.191434355353e+13,1.843865908158e+13,1.906508066804e+13
656.00000000,1.184394406223e+15,1.163496497464e+13,4.797894753377e+13,1.163493662104e+13,4.797889070905e+13,1.428855347763e+13,1.477398239619e+13
656.50000000,7.266607549863e+14,8.866674124791e+12,3.656338403765e+13,8.866652517327e+12,3.656334073316e+13,1.088889804799e+13,1.125882954679e+13
657.00000000,7.003195303901e+14,6.646538792440e+12,2.740824202726e+13,6.646522595290e+12,2.740820956582e+13,8.162416060889e+12,8.439720044631e+12
657.50000000,1.082493146765e+15,4.903970617989e+12,2.022243723986e+13,4.903958667355e+12,2.022241328906e+13,6.022420057179e+12,6.227021373892e+12
658.00000000,1.913455302721e+15,3.566067181949e+12,1.470534295527e+13,3.566058491694e+12,1.470532553874e+13,4.379380749762e+12,4.528162644629e+12
658.50000000,1.014603413722e+15,2.563645679080e+12,1.057167097622e+13,2.563639431655e+12,1.057165845547e+13,3.148336798868e+12,3.255296102336e+12
659.00000000,9.122202772872e+14,1.834105824852e+12,7.563277356982e+12,1.834101355265e+12,7.563268399281e+12,2.252410662099e+12,2.328932422931e+12
659.50000000,-2.001729520940e+14,1.324408665528e+12,5.461446082146e+12,1.324405438037e+12,5.461439613786e+12,1.626466782230e+12,1.681723181165e+12
660.00000000,1.302991505490e+15,9.918439447286e+11,4.090053445760e+12,9.918415276741e+11,4.090048601632e+12,1.218053967212e+12,1.259435246358e+12
660.50000000,1.416850902630e+15,8.048936145649e+11,3.319128900486e+12,8.048916530955e+11,3.319124969418e+12,9.884658424491e+11,1.022047261708e+12
661.00000000,1.855934391037e+15,7.428251649465e+11,3.063178075174e+12,7.428233547337e+11,3.063174447245e+12,9.122414306379e+11,9.432332571955e+11
661.50000000,6.461599298347e+14,7.955480921828e+11,3.280590896373e+12,7.955461534875e+11,3.280587010947e+12,9.769888851362e+11,1.010180394598e+12
662.00000000,1.020967608316e+15,9.627731065380e+11,3.970174423919e+12,9.627707603278e+11,3.970169721775e+12,1.182352937854e+12,1.222521336207e+12
662.50000000,1.596923071666e+15,1.253555439501e+12,5.169269593296e+12,1.253552384674e+12,5.169263470980e+12,1.539454048511e+12,1.591754340147e+12
663.00000000,8.233618168938e+14,1.685235211359e+12,6.949381623759e+12,1.685231104559e+12,6.949373393136e+12,2.069587101672e+12,2.139897747896e+12
663.50000000,1.182643341230e+15,2.282781944932e+12,9.413476998482e+12,2.282776381952e+12,9.413465849465e+12,2.803416423603e+12,2.898657653228e+12
664.00000000,1.328239690886e+15,3.077225472545e+12,1.268951301689e+13,3.077217973562e+12,1.268949798785e+13,3.779048825933e+12,3.907435480860e+12
664.50000000,1.610656417304e+15,4.104493024309e+12,1.692564231137e+13,4.104483021948e+12,1.692562226519e+13,5.040605468455e+12,5.211851330764e+12
665.00000000,1.720844334632e+15,5.402811868909e+12,2.227950215220e+13,5.402798702635e+12,2.227947576508e+13,6.635032119716e+12,6.860445872865e+12
665.50000000,2.160700690955e+15,7.010657924028e+12,2.890975516018e+13,7.010640839546e+12,2.890972092041e+13,8.609579906702e+12,8.902075509556e+12
666.00000000,2.221558884639e+15,8.962811721539e+12,3.695982534370e+13,8.962789879795e+12,3.695978156968e+13,1.100696176329e+13,1.138090427285e+13
666.50000000,8.716292712679e+14,1.128738641271e+13,4.654564252400e+13,1.128735890614e+13,4.654558739684e+13,1.386170261210e+13,1.433263000996e+13
667.00000000,1.265583756348e+15,1.400086012330e+13,5.773515732514e+13,1.400082600418e+13,5.773508894548e+13,1.719403874791e+13,1.777817650882e+13
667.50000000,1.886529321164e+15,1.710482695861e+13,7.053494333763e+13,1.710478527535e+13,7.053485979833e+13,2.100592784391e+13,2.171956795119e+13
668.00000000,4.190938685791e+14,2.058121066271e+13,8.487045974955e+13,2.058116050774e+13,8.487035923172e+13,2.527517098930e+13,2.613385125661e+13
668.50000000,1.238387314947e+15,2.439007477617e+13,1.005770211240e+14,2.439001533927e+13,1.005769020038e+14,2.995272340934e+13,3.097031543888e+13
669.00000000,7.095982717332e+14,2.846690745799e+13,1.173886008555e+14,2.846683808613e+13,1.173884618242e+14,3.495936003614e+13,3.614704389527e+13
669.50000000,7.853931111564e+14,3.272306909114e+13,1.349396769556e+14,3.272298934731e+13,1.349395171374e+14,4.018622519965e+13,4.155148277244e+13
670.00000000,2.313265155404e+14,3.704699981824e+13,1.527702115509e+14,3.704690953730e+13,1.527700306148e+14,4.549631556626e+13,4.704197428520e+13
670.50000000,1.371069019368e+14,4.130828583391e+13,1.703424189978e+14,4.130818516851e+13,1.703422172498e+14,5.072947383112e+13,5.245292006096e+13
671.00000000,1.815073709461e+15,4.536358554420e+13,1.870652035062e+14,4.536347499631e+13,1.870649819522e+14,5.570966645778e+13,5.760230612800e+13
671.50000000,1.458779032745e+15,4.906386949943e+13,2.023240143522e+14,4.906374993421e+13,2.023237747262e+14,6.025387482386e+13,6.230089612244e+13
672.00000000,3.186290505345e+14,5.226403720884e+13,2.155205026067e+14,5.226390984504e+13,2.155202473512e+14,6.418390534418e+13,6.636444263992e+13
672.50000000,1.470010478508e+15,5.483120151571e+13,2.261066833007e+14,5.483106789591e+13,2.261064155073e+14,6.733656326491e+13,6.962420666676e+13
673.00000000,2.557451559660e+15,5.665519362652e+13,2.336282548720e+14,5.665505556178e+13,2.336279781703e+14,6.957655357643e+13,7.194029677916e+13
673.50000000,1.289333137620e+15,5.765474418097e+13,2.377500879600e+14,5.765460368040e+13,2.377498063765e+14,7.080407180120e+13,7.320951781487e+13
674.00000000,9.154320926925e+14,5.778534193471e+13,2.382886321488e+14,5.778520111588e+13,2.382883499275e+14,7.096445500754e+13,7.337534976356e+13
674.50000000,1.648132190256e+15,5.704054321237e+13,2.352173157418e+14,5.704040420856e+13,2.352170371580e+14,7.004978990993e+13,7.242961049950e+13
675.00000000,2.221779882679e+15,5.545450493836e+13,2.286769911854e+14,5.545436979961e+13,2.286767203478e+14,6.810202360851e+13,7.041567220308e+13
675.50000000,1.941834450472e+15,5.309743834274e+13,2.189571875787e+14,5.309730894800e+13,2.189569282529e+14,6.520738042091e+13,6.742268851415e+13
676.00000000,1.240941947004e+15,5.007225658701e+13,2.064822865322e+14,5.007213456443e+13,2.064820419813e+14,6.149224493143e+13,6.358133771492e+13
676.50000000,7.564310187830e+14,4.650555092100e+13,1.917743106689e+14,4.650543759023e+13,1.917740835376e+14,5.711208007843e+13,5.905236432851e+13
677.00000000,4.498738012786e+14,4.254011716907e+13,1.754221051962e+14,4.254001350178e+13,1.754218974319e+14,5.224224915500e+13,5.401708931290e+13
677.50000000,1.534173795421e+15,3.832457233961e+13,1.580385200595e+14,3.832447894531e+13,1.580383328838e+14,4.706526427672e+13,4.866422531748e+13
678.00000000,9.424676448449e+14,3.400489079802e+13,1.402255077730e+14,3.400480793048e+13,1.402253416944e+14,4.176039220809e+13,4.317912938536e+13
678.50000000,1.471360418131e+15,2.971605335587e+13,1.225396868817e+14,2.971598093993e+13,1.225395417497e+14,3.649339885809e+13,3.773319903590e+13
679.00000000,1.555621993735e+15,2.557556695641e+13,1.054656191765e+14,2.557550463054e+13,1.054654942665e+14,3.140859099910e+13,3.247564361475e+13
679.50000000,1.586415565795e+15,2.167934796721e+13,8.939883368385e+13,2.167929513616e+13,8.939872780276e+13,2.662376066233e+13,2.752825693387e+13
680.00000000,4.270537065390e+14,1.809882310608e+13,7.463387179270e+13,1.809877900052e+13,7.463378339875e+13,2.222662499088e+13,2.298173617476e+13
680.50000000,1.816580394881e+15,1.488136216907e+13,6.136607168971e+13,1.488132590424e+13,6.136599900974e+13,1.827536893855e+13,1.889624302450e+13
681.00000000,5.321353396891e+14,1.205108828295e+13,4.969490958611e+13,1.205105891561e+13,4.969485073038e+13,1.480032466077e+13,1.530314012111e+13
681.50000000,1.643213282599e+15,9.622211931142e+12,3.967898506006e+13,9.622188495466e+12,3.967893811908e+13,1.184699215899e+13,1.224947324995e+13
682.00000000,1.335721271952e+15,7.841057841765e+12,3.233406405772e+13,7.841039078969e+12,3.233402718626e+13,1.043384951379e+13,1.078832152482e+13
682.50000000,1.848264585961e+15,1.091161608776e+13,4.499608352275e+13,1.091159550493e+13,4.499605500606e+13,2.739719571020e+13,2.832796810126e+13
683.00000000,1.563969196644e+15,6.220668980864e+13,2.565208845135e+14,6.220660664417e+13,2.565208628780e+14,2.358138604640e+14,2.438252289658e+14
683.50000000,3.450540956997e+15,4.342869564778e+14,1.790863242379e+15,4.342864087292e+14,1.790863226806e+15,1.722836225847e+15,1.781366610135e+15
684.00000000,1.236687182522e+16,2.110329047252e+15,8.702335319254e+15,2.110326401881e+15,8.702335310805e+15,8.409750663171e+15,8.695457412714e+15
684.50000000,3.311149826125e+16,6.764021352443e+15,2.789270326928e+16,6.764012880751e+15,2.789270327207e+16,2.697178804356e+16,2.788810794411e+16
685.00000000,6.094822022158e+16,1.423607788517e+16,5.870512162504e+16,1.423606005795e+16,5.870512164310e+16,5.677377465854e+16,5.870256556646e+16
685.50000000,7.702728560798e+16,1.966841500696e+16,8.110637666276e+16,1.966839037809e+16,8.110637669195e+16,7.844044950126e+16,8.110532825419e+16
686.00000000,6.700849369363e+16,1.783834358472e+16,7.355973591722e+16,1.783832124770e+16,7.355973594463e+16,7.114239422669e+16,7.355933416026e+16
686.50000000,4.177110853132e+16,1.061992970467e+16,4.379326033412e+16,1.061991640642e+16,4.379326035016e+16,4.235395702551e+16,4.379285954197e+16
687.00000000,1.586221800948e+16,4.149417391431e+15,1.711089631581e+16,4.149412195396e+15,1.711089632148e+16,1.654819267563e+16,1.711038893204e+16
687.50000000,4.901920493063e+15,1.063711774527e+15,4.386413842443e+15,1.063710442372e+15,4.386413843314e+15,4.241834615051e+15,4.385943617625e+15
688.00000000,1.440130195667e+15,1.788825403038e+14,7.376555094624e+14,1.788823161658e+14,7.376555091479e+14,7.130814723786e+14,7.373071834362e+14
688.50000000,1.942236924768e+15,1.977177316884e+13,8.153259331549e+13,1.977174831468e+13,8.153259294952e+13,7.862932142722e+13,8.130061677752e+13
689.00000000,1.244707439811e+15,1.472295997025e+12,6.071287068710e+12,1.472294091963e+12,6.071286817507e+12,5.728574399991e+12,5.923192818169e+12
689.50000000,1.411265884266e+15,9.950704822760e+10,4.103358674958e+11,9.950688517018e+10,4.103357090698e+11,3.072621014603e+11,3.177008005112e+11
690.00000000,6.373803450824e+14,2.205195211899e+10,9.093533637965e+10,2.205190083018e+10,9.093523878287e+10,3.279163530945e+10,3.390567446610e+10
690.50000000,1.076359438963e+15,1.215795673125e+10,5.013560155941e+10,1.215792715222e+10,5.013554238274e+10,1.504583550044e+10,1.555699176739e+10
691.00000000,1.541267155010e+15,7.235595873743e+09,2.983732873786e+10,7.235578241127e+09,2.983729339960e+10,8.887328115210e+09,9.189259733592e+09
691.50000000,1.828204416376e+15,4.255184857244e+09,1.754704818254e+10,4.255174487818e+09,1.754702740105e+10,5.225678459114e+09,5.403211856537e+09
692.00000000,4.803787445292e+14,2.464676548948e+09,1.016355331429e+10,2.464670542735e+09,1.016354127704e+10,3.026795835968e+09,3.129625995204e+09
692.50000000,2.265624704847e+15,1.406070682515e+09,5.798194635926e+09,1.406067256615e+09,5.798187771190e+09,1.726753472721e+09,1.785416938703e+09
693.00000000,4.766176376614e+14,7.899859403996e+08,3.257654326374e+09,7.899840156028e+08,3.257650469531e+09,9.701581742695e+08,1.003117622131e+09
693.50000000,1.210588930026e+15,4.371567239642e+08,1.802697263707e+09,4.371556588957e+08,1.802695129689e+09,5.368591354138e+08,5.550979970263e+08
694.00000000,5.673234264126e+14,2.382427926059e+08,9.824385781694e+08,2.382422116370e+08,9.824374130016e+08,2.925788672117e+08,3.025187287467e+08
694.50000000,1.042550007231e+15,1.278815634869e+08,5.273434718923e+08,1.278812514596e+08,5.273428457202e+08,1.570475322910e+08,1.623829508749e+08
695.00000000,2.431569391746e+15,6.760224599335e+07,2.787704664990e+08,6.760208092341e+07,2.787701349797e+08,8.302030004892e+07,8.584077131175e+07
695.50000000,1.743241188147e+15,3.519811550151e+07,1.451459923270e+08,3.519802908127e+07,1.451458177615e+08,4.322575247939e+07,4.469427274023e+07
696.00000000,5.922692262420e+14,1.804859365863e+07,7.442674130032e+07,1.804854900217e+07,7.442665037520e+07,2.216493540600e+07,2.291795079282e+07
696.50000000,1.557130721761e+15,9.115311403489e+06,3.758868621738e+07,9.115289182124e+06,3.758864166561e+07,1.119423998633e+07,1.157454494996e+07
697.00000000,2.647795772352e+15,4.533843805954e+06,1.869615031642e+07,4.533832490532e+06,1.869612707326e+07,5.567879171744e+06,5.757038247170e+06
697.50000000,1.572497414137e+15,2.221184812757e+06,9.159469738531e+06,2.221179366902e+06,9.159458754339e+06,2.728058785118e+06,2.820739869168e+06
698.00000000,5.892023677523e+14,1.089118186582e+06,4.491181919843e+06,1.089115172585e+06,4.491175116546e+06,1.385880523394e+06,1.432963419838e+06
698.50000000,2.008719957878e+15,2.416308266340e+06,9.964097682187e+06,2.416304595500e+06,9.964095025458e+06,8.231367473935e+06,8.511013962810e+06
699.00000000,1.972541142452e+15,1.350299352611e+08,5.568211157922e+08,1.350297654694e+08,5.568211130782e+08,5.378781351795e+08,5.561516155486e+08
699.50000000,1.995620327904e+15,6.207596670683e+09,2.559818234285e+10,6.207588897280e+09,2.559818235113e+10,2.475727154902e+10,2.559835707760e+10
700.00000000,1.346550367939e+15,1.866378587465e+11,7.696360111208e+11,1.866376250473e+11,7.696360114368e+11,7.443621304258e+11,7.696505477981e+11
700.50000000,1.120152411985e+15,3.667544533665e+12,1.512380373658e+13,3.667539941352e+12,1.512380374285e+13,1.462715964560e+13,1.512409212371e+13
701.00000000,1.810748164437e+15,4.716570960285e+13,1.944965980870e+14,4.716565054435e+13,1.944965981676e+14,1.881096086572e+14,1.945003076208e+14
701.50000000,4.559558376540e+15,3.972865972497e+14,1.638285361998e+15,3.972860997876e+14,1.638285362677e+15,1.584486419750e+15,1.638316608398e+15
702.00000000,1.485674896277e+16,2.193309820651e+15,9.044522010997e+15,2.193307074300e+15,9.044522014748e+15,8.747512876618e+15,9.044694513823e+15
702.50000000,4.060828947373e+16,7.940781277119e+15,3.274529223787e+16,7.940771334076e+15,3.274529225145e+16,3.166998379254e+16,3.274591677675e+16
703.00000000,8.592926875788e+16,1.886223792877e+16,7.778195516073e+16,1.886221431044e+16,7.778195519299e+16,7.522770728073e+16,7.778343866726e+16
703.50000000,1.280303176148e+17,2.940567877410e+16,1.212597994212e+17,2.940564195381e+16,1.212597994715e+17,1.172778014763e+17,1.212621121646e+17
704.00000000,1.189277379893e+17,3.009207509677e+16,1.240902826435e+17,3.009203741701e+16,1.240902826950e+17,1.200153356880e+17,1.240926493717e+17
704.50000000,7.569683698540e+16,2.021435759478e+16,8.335767272034e+16,2.021433228339e+16,8.335767275490e+16,8.062032627041e+16,8.335926257047e+16
705.00000000,3.421841054011e+16,8.912249323567e+15,3.675132186778e+16,8.912238164102e+15,3.675132188302e+16,3.554446115344e+16,3.675202281218e+16
705.50000000,1.175418650238e+16,2.578101100262e+15,1.063128060083e+16,2.578097872095e+15,1.063128060524e+16,1.028216458954e+16,1.063148336732e+16
706.00000000,2.177145529422e+15,4.891073391767e+14,2.016925312271e+15,4.891067267413e+14,2.016925313107e+15,1.950692376980e+15,2.016963780343e+15
706.50000000,1.595743144711e+15,6.082139544069e+13,2.508083648847e+14,6.082131928324e+13,2.508083649887e+14,2.425721778028e+14,2.508131484600e+14
707.00000000,9.688544122443e+14,4.954152445483e+12,2.042937136246e+13,4.954146242145e+12,2.042937137093e+13,1.975850009952e+13,2.042976100432e+13
707.50000000,2.464145850091e+15,2.641249599959e+11,1.089168521403e+12,2.641246292722e+11,1.089168521855e+12,1.053401788862e+12,1.089189294712e+12
708.00000000,1.892820046594e+15,9.267590278236e+09,3.821663655139e+10,9.267578674083e+09,3.821663656828e+10,3.696165700498e+10,3.821736544433e+10
708.50000000,8.419585223270e+14,3.058031934301e+09,1.261036488311e+10,3.058028105691e+09,1.261036489041e+10,1.219625858604e+10,1.261060540044e+10
709.00000000,7.564104029468e+14,8.872438997624e+10,3.658715656570e+11,8.872427888045e+10,3.658715658103e+11,3.538568680689e+11,3.658785438152e+11
709.50000000,7.495753879438e+14,1.806646342468e+12,7.450043061264e+12,1.806644080278e+12,7.450043064355e+12,7.205394329815e+12,7.450185153657e+12
710.00000000,1.078796173899e+15,2.407530042437e+13,9.927899039133e+13,2.407527027851e+13,9.927899043251e+13,9.601881070392e+13,9.928088390917e+13
710.50000000,2.285678745084e+15,2.101214080777e+14,8.664748055412e+14,2.101211449743e+14,8.664748059005e+14,8.380210153732e+14,8.664913315502e+14
711.00000000,8.090397573238e+15,1.201889479359e+15,4.956215372995e+15,1.201887974414e+15,4.956215375050e+15,4.793460366907e+15,4.956309901376e+15
711.50000000,2.457783021445e+16,4.508237919050e+15,1.859055966729e+16,4.508232274064e+15,1.859055967500e+16,1.798007234498e+16,1.859091423935e+16
712.00000000,5.260439976344e+16,1.109433319398e+16,4.574955157977e+16,1.109431930222e+16,4.574955159874e+16,4.424720190658e+16,4.575042414698e+16
712.50000000,7.553196602453e+16,1.791819157761e+16,7.388900400439e+16,1.791816914136e+16,7.388900403504e+16,7.146259506299e+16,7.389041326678e+16
713.00000000,7.662225820631e+16,1.899618891791e+16,7.833432704098e+16,1.899616513185e+16,7.833432707347e+16,7.576194006525e+16,7.833582108765e+16
713.50000000,5.064774439018e+16,1.321989768573e+16,5.451471309523e+16,1.321988113245e+16,5.451471311784e+16,5.272452808632e+16,5.451575283769e+16
714.00000000,2.337821916124e+16,6.038340438847e+15,2.490022271128e+16,6.038332877944e+15,2.490022272161e+16,2.408253510209e+16,2.490069762562e+16
714.50000000,8.263643834955e+15,1.809697597827e+15,7.462625481673e+15,1.809695331816e+15,7.462625484768e+15,7.217563561580e+15,7.462767814048e+15
715.00000000,2.944381432407e+15,3.557167760387e+14,1.466864453107e+15,3.557163306283e+14,1.466864453715e+15,1.418694727817e+15,1.466892430164e+15
715.50000000,2.174524200374e+15,4.583242411709e+13,1.889985467814e+14,4.583236672806e+13,1.889985468598e+14,1.827921055118e+14,1.890021514929e+14
716.00000000,1.328511389804e+15,3.868368756611e+12,1.595193986567e+13,3.868363912835e+12,1.595193987229e+13,1.542810103411e+13,1.595224411214e+13
716.50000000,1.820212599734e+15,2.137170219464e+11,8.813019897686e+11,2.137167543407e+11,8.813019901336e+11,8.523612961325e+11,8.813187985732e+11
717.00000000,1.518438456727e+15,7.721518057854e+09,3.184111946932e+10,7.721508389045e+09,3.184111948122e+10,3.079550276153e+10,3.184172676352e+10
717.50000000,1.325617977635e+15,1.822091026043e+08,7.513732093807e+08,1.822088740303e+08,7.513732079560e+08,7.266991885537e+08,7.513875379915e+08
718.00000000,1.978341388417e+15,2.802930015099e+06,1.155840455286e+07,2.802926358481e+06,1.155840395176e+07,1.117884166184e+07,1.155862349400e+07
718.50000000,7.137238434874e+14,2.802302797495e+04,1.155581810412e+05,2.802294062186e+04,1.155579655682e+05,1.117627927622e+05,1.155597405576e+05
719.00000000,1.968487598505e+15,1.813062559703e+02,7.476501529402e+02,1.811293728974e+02,7.469216781744e+02,7.228695441262e+02,7.474277880109e+02
719.50000000,7.935816761756e+14,1.269249334491e+00,5.233986295579e+00,1.199722771991e+00,4.947286747948e+00,6.099052430556e+00,6.306257199760e+00
720.00000000,1.188551650063e+15,3.228456838349e-01,1.331314375246e+00,2.817711709105e-01,1.161937417830e+00,4.490784944059e+00,4.643351603958e+00
720.50000000,2.385149845470e+15,1.485339993248e+00,6.125076419328e+00,1.585557624421e+00,6.538350697796e+00,8.723502179784e+00,9.019868095046e+00
721.00000000,1.144958597423e+15,1.093229094329e+00,4.508134014457e+00,1.315513753858e+00,5.424773050199e+00,5.502226475694e+00,5.689155114198e+00
721.50000000,1.701952662287e+15,1.348077970679e+00,5.559050875324e+00,1.135656254823e+00,4.683096187617e+00,4.278114983603e+00,4.423456549018e+00
722.00000000,1.489370884346e+15,1.551354648920e+00,6.397300161111e+00,1.320880560378e+00,5.446904105302e+00,4.627674527392e+00,4.784891774385e+00
722.50000000,9.055115806639e+14,7.521511188272e-01,3.101635384922e+00,7.880246913580e-01,3.249570820551e+00,3.261041300154e+00,3.371829544338e+00
723.00000000,2.054352595392e+15,2.081914641204e-01,8.585163217751e-01,3.922537808642e-01,1.617533631275e+00,-1.263925733025e-01,-1.306865426163e-01
723.50000000,5.848916635811e+14,-2.202002314815e-01,-9.080367131488e-01,1.700464120370e-01,7.012189652873e-01,-8.753038001543e-01,-9.050407345321e-01
724.00000000,9.673448534311e+14,-1.126726658951e-01,-4.646267468146e-01,3.663003279321e-01,1.510509594763e+00,-1.033754108796e+00,-1.068874118661e+00
724.50000000,1.883041998413e+15,-6.306298225309e-02,-2.600519660729e-01,4.816763503086e-01,1.986284732037e+00,1.781745524691e+00,1.842277250632e+00
725.00000000,1.615595735079e+15,1.261065663580e+00,5.200239402648e+00,1.135266473765e+00,4.681488850736e+00,3.837236188272e+00,3.967599658307e+00
725.50000000,8.937064570916e+14,2.092138020833e-01,8.627321229910e-01,1.388279417438e-01,5.724836207739e-01,9.703323688272e-01,1.003297734648e+00
726.00000000,1.929655820737e+15,1.560275366512e-02,6.434086403466e-02,-3.851654369213e-01,-1.588303486718e+00,-3.269860435957e-01,-3.380948295042e-01
726.50000000,1.661111470430e+15,1.651279851466e-01,6.809360365910e-01,-5.798961998457e-01,-2.391313103044e+00,1.145524556327e+00,1.184441774045e+00
727.00000000,1.935323413732e+15,3.326019579475e-01,1.371546190708e+00,-6.343355227623e-01,-2.615804083061e+00,8.577325135031e-01,8.868724937742e-01
727.50000000,1.512576048801e+15,5.778827449846e-01,2.383007251222e+00,-1.618836130401e-01,-6.675580994219e-01,3.999460889275e+00,4.135335663256e+00
728.00000000,1.122016899132e+15,6.207225983796e-01,2.559665374635e+00,1.128369116512e-01,4.653046276393e-01,2.631948167438e+00,2.721364059300e+00
728.50000000,1.294743508140e+15,6.866467303241e-01,2.831515824952e+00,4.408727430556e-01,1.818023238511e+00,3.086540615355e+00,3.191400500251e+00
729.00000000,1.312386082868e+15,2.252507523148e-01,9.288634775275e-01,5.459745466821e-01,2.251430665966e+00,2.740099498457e+00,2.833189644941e+00
729.50000000,1.928857992294e+15,5.292355902778e-01,2.182401638018e+00,6.938506076389e-01,2.861225940166e+00,3.402648080633e+00,3.518247170534e+00
730.00000000,6.576022869590e+14,3.777875482253e-01,1.557877397545e+00,5.070559027778e-01,2.090942180016e+00,1.618567168210e+00,1.673555191407e+00
730.50000000,1.980811905154e+15,1.531607831790e-01,6.315870478677e-01,3.364570794753e-01,1.387445241020e+00,-4.744092399691e-02,-4.905264742765e-02
731.00000000,1.180784516394e+15,2.833271990741e-01,1.168352534700e+00,4.404543209877e-01,1.816297794934e+00,4.555539544753e-01,4.710306130336e-01
731.50000000,1.900374086999e+15,-3.853882233796e-01,-1.589220198769e+00,-1.034332851080e-01,-4.265269716124e-01,-3.054097627315e+00,-3.157855317743e+00
732.00000000,3.913167344848e+14,-5.358424382716e-01,-2.209646207637e+00,-4.705528935185e-01,-1.940415026423e+00,-3.620729089506e+00,-3.743737104912e+00
732.50000000,1.600662692772e+15,-1.475294801312e+00,-6.083653197346e+00,-1.351200453318e+00,-5.571933993908e+00,-5.753929099151e+00,-5.949408899429e+00
733.00000000,1.703716395992e+15,-1.105529475309e+00,-4.558856928962e+00,-1.025399151235e+00,-4.228429892884e+00,-4.533723919753e+00,-4.687749357167e+00
733.50000000,2.544979087732e+15,-1.259690036651e+00,-5.194566748506e+00,-7.542977141204e-01,-3.110491166958e+00,-3.966238763503e+00,-4.100984873158e+00
734.00000000,2.305607440685e+15,-6.695517457562e-01,-2.761021468548e+00,-5.332325665509e-01,-2.198886669205e+00,-2.378889843750e+00,-2.459708516265e+00
734.50000000,1.345691783510e+15,-3.111419753086e-01,-1.283051950859e+00,-4.209222945602e-01,-1.735753741123e+00,-1.916951750579e+00,-1.982076874453e+00
735.00000000,1.424796690143e+15,7.287895929784e-02,3.005299777084e-01,-1.333979552469e-01,-5.500920309292e-01,-6.262920621142e-01,-6.475692529012e-01
735.50000000,1.294869326720e+15,1.940381172840e-01,8.001523570557e-01,1.692368851273e-01,6.978807259489e-01,5.611156057099e-01,5.801785389936e-01
736.00000000,9.591818754647e+14,9.696394145448e-01,3.998488925280e+00,6.161253833912e-01,2.540711083835e+00,4.246131703318e+00,4.390386692042e+00
736.50000000,1.768281485336e+15,9.160374590085e-01,3.777451266981e+00,7.586952980324e-01,3.128625446909e+00,4.502907957176e+00,4.655886475501e+00
737.00000000,1.275304096128e+15,2.230844497492e-01,9.199303249685e-01,2.730030912423e-01,1.125780561130e+00,2.346467554012e+00,2.426184735248e+00
737.50000000,9.034221603521e+14,8.691023111979e-01,3.583905433435e+00,9.078903151524e-01,3.743859689594e+00,4.162804761044e+00,4.304228860865e+00
738.00000000,1.533559385156e+15,3.133152199074e-01,1.292013730186e+00,3.944445710359e-01,1.626567774360e+00,2.260892182677e+00,2.337702088518e+00
738.50000000,1.316959723263e+15,3.877088891300e-01,1.598789896703e+00,6.060633680556e-01,2.499218435458e+00,3.428532040895e+00,3.545010493627e+00
739.00000000,1.496167552688e+15,3.862624632282e-01,1.592825289795e+00,1.214050311656e+00,5.006369103282e+00,3.238595088252e+00,3.348620761166e+00
739.50000000,1.647137112631e+15,4.377740104769e-01,1.805242759742e+00,8.990515552662e-01,3.707411369470e+00,9.326097339771e-01,9.642935384511e-01
740.00000000,2.069972239024e+15,3.979672278887e-01,1.641092069349e+00,2.191541401427e-01,9.037240924310e-01,1.259291575943e+00,1.302073831601e+00
740.50000000,5.791305614419e+14,2.244863110954e-01,9.257111616213e-01,4.593920518663e-01,1.894391157167e+00,-1.578716740964e+00,-1.632350914743e+00
741.00000000,1.435786625065e+15,-4.573121654369e-02,-1.885811984813e-01,6.622756050769e-01,2.731020366521e+00,-1.657846595444e+00,-1.714169069319e+00
741.50000000,2.071751106293e+15,-1.354484241627e-01,-5.585468328094e-01,4.171893681279e-01,1.720360303655e+00,-2.169430640101e+00,-2.243133298047e+00
742.00000000,9.271936403043e+14,-3.653569586106e-01,-1.506617543455e+00,2.831212372203e-01,1.167504674966e+00,-2.327271286501e+00,-2.406336307712e+00
742.50000000,1.781322087957e+15,-3.006177842882e-01,-1.239653486841e+00,1.240435800058e-01,5.115174720843e-01,-1.468554331688e+00,-1.518445927936e+00
743.00000000,1.680683806315e+15,-1.984136851370e-01,-8.181958269679e-01,1.214910503623e-01,5.009916269692e-01,-1.234219265559e+00,-1.276149732788e+00
743.50000000,1.494017818596e+15,-5.844927149643e-03,-2.410264694932e-02,1.090504905418e-01,4.496905946192e-01,-1.067150113329e-01,-1.103404694751e-01
744.00000000,2.019480697349e+15,1.975707270870e-01,8.147197322703e-01,6.596609384042e-02,2.720238287459e-01,5.070372418439e-01,5.242629561447e-01
744.50000000,1.832952511023e+15,5.768560426312e-01,2.378773452629e+00,5.777379882813e-01,2.382413304090e+00,2.084313678506e+00,2.155124634736e+00
745.00000000,1.012943545121e+15,8.385126868731e-01,3.457763413777e+00,6.524479064188e-01,2.690493967866e+00,4.414304998252e+00,4.564273384124e+00
745.50000000,2.006497832482e+15,3.633275909047e-01,1.498249067323e+00,3.461638255932e-01,1.427472868698e+00,2.120332567154e+00,2.192367202897e+00
746.00000000,8.255288024604e+14,5.624724989149e-01,2.319460228153e+00,1.471564905237e-01,6.068279876313e-01,3.742731693070e+00,3.869884536153e+00
746.50000000,1.252551390011e+15,6.711110230999e-01,2.767451439418e+00,2.302862979842e-01,9.496296784970e-01,3.196987852045e+00,3.305599990991e+00
747.00000000,1.533506019204e+15,1.091747190876e-01,4.502023109252e-01,-2.048261067708e-01,-8.446397012033e-01,2.135805175781e+00,2.208365466671e+00
747.50000000,1.150938837646e+15,-9.520209780093e-02,-3.925836017084e-01,-2.861916739005e-01,-1.180166208991e+00,2.023773693094e+00,2.092527907912e+00
748.00000000,7.085965734192e+14,-4.640314525463e-01,-1.913520218090e+00,-6.225859085648e-01,-2.567352297390e+00,9.229451509452e-01,9.543006179078e-01
748.50000000,1.189874554361e+15,-1.390555169753e-01,-5.734213526024e-01,7.749069492670e-02,3.195477297343e-01,3.974272762346e-01,4.109291813231e-01
749.00000000,4.300674706212e+14,-6.296607349537e-02,-2.596523447408e-01,-1.160994405864e-02,-4.787582908877e-02,6.790260609568e-01,7.020947982477e-01
749.50000000,1.088561269555e+15,-4.439794463735e-01,-1.830832031730e+00,-9.917413194444e-02,-4.089635373794e-01,-1.807166131366e+00,-1.868561478500e+00
750.00000000,1.461298718357e+15,-1.819772569444e-01,-7.504171505722e-01,-7.454420331790e-02,-3.073973069620e-01,-7.535462287809e-01,-7.791466600277e-01
750.50000000,2.463167532811e+15,3.122305459105e-01,1.287540874711e+00,2.253746527778e-01,9.293755682913e-01,5.957661458333e-01,6.160062713532e-01
751.00000000,2.138493266593e+15,9.674999035494e-02,3.989666252756e-01,-1.102219328704e-02,-4.545212615394e-02,1.884365933642e-01,1.948384010683e-01
751.50000000,1.915684896386e+15,-1.072036072531e-01,-4.420740637413e-01,-4.781923611111e-01,-1.971917834959e+00,-2.537286053241e+00,-2.623485963317e+00
752.00000000,1.952972075416e+15,-5.319222849151e-01,-2.193480724318e+00,-3.172567949460e-01,-1.308269188496e+00,-2.609148476080e+00,-2.697789787819e+00
752.50000000,1.842275864367e+15,1.454880497685e-01,5.999471009882e-01,-2.856041232639e-01,-1.177743331352e+00,-2.898392737269e+00,-2.996860623063e+00
753.00000000,1.259054699906e+15,1.605726176698e-01,6.621511294043e-01,-5.687524112654e-01,-2.345359555398e+00,-1.778750289352e+00,-1.839180257347e+00
753.50000000,2.090120984112e+15,1.987583043981e-01,8.196169287493e-01,-1.493713348765e-01,-6.159613227411e-01,-3.971317226080e-01,-4.106235867727e-01
754.00000000,1.763791882944e+15,3.727667245370e-01,1.537173094881e+00,3.221837384259e-01,1.328586384064e+00,8.804761381173e-01,9.103887937413e-01
754.50000000,7.291152074426e+14,4.288741994599e-01,1.768542729550e+00,1.235652874228e-01,5.095451409654e-01,9.079708140432e-01,9.388175537802e-01
755.00000000,1.821233250915e+15,1.723090084877e-01,7.105483253147e-01,1.448203414352e-01,5.971944291986e-01,2.565176408179e-01,2.652323844879e-01
755.50000000,1.214174059741e+15,7.723049864969e-01,3.184743616158e+00,5.556363040123e-01,2.291272773757e+00,2.964700144676e+00,3.065420710080e+00
756.00000000,7.433313372388e+14,2.598423996914e-01,1.071508585459e+00,2.601246720679e-01,1.072673931829e+00,2.375454513889e+00,2.456156477007e+00
756.50000000,1.429073419239e+15,-8.440543016975e-01,-3.480615295797e+00,-8.212134741512e-01,-3.386431126220e+00,-2.520539612269e+00,-2.606170590945e+00
757.00000000,1.233013391049e+15,-8.016620370370e-01,-3.305802887989e+00,-8.235845968364e-01,-3.396208904981e+00,-3.699525617284e+00,-3.825210608587e+00
757.50000000,1.416480635832e+15,-5.550714602623e-01,-2.288940665268e+00,-3.750115354938e-01,-1.546431928434e+00,-1.739359403935e+00,-1.798451134652e+00
758.00000000,2.297076152736e+15,-5.425987268519e-01,-2.237507023378e+00,-2.885622781636e-01,-1.189941849939e+00,-1.150324016204e+00,-1.189404287279e+00
758.50000000,1.856273490014e+15,-1.688206790123e-01,-6.961635482877e-01,2.429475887346e-01,1.001840937134e+00,4.587898919753e-01,4.743764859196e-01
759.00000000,1.665814841192e+15,1.482446035880e-01,6.113142646509e-01,3.803775607639e-01,1.568559761903e+00,1.596518894676e+00,1.650757865871e+00
759.50000000,2.106274762745e+15,1.935523871528e-01,7.981493582903e-01,5.531285445602e-01,2.280931547105e+00,2.284893123071e+00,2.362518419396e+00
760.00000000,1.408831388443e+15,3.162061197917e-01,1.303934894897e+00,7.686484375000e-01,3.169669124780e+00,2.424226263503e+00,2.506585162553e+00
760.50000000,1.841365776057e+15,3.638822096836e-01,1.500536141272e+00,6.338105854552e-01,2.613639403484e+00,2.764409649884e+00,2.858325691763e+00
761.00000000,1.450384745448e+15,4.561311439043e-01,1.880941822309e+00,3.941178240741e-01,1.625220370650e+00,9.438696518133e-01,9.759359925423e-01
761.50000000,1.741351692296e+15,-1.894208695023e-01,-7.811122748940e-01,-2.750748432677e-01,-1.134323827607e+00,-7.687404851466e-01,-7.948571150028e-01
762.00000000,2.572925455763e+15,-1.488671296296e-01,-6.138813668602e-01,-2.190837070795e-01,-9.034336481978e-01,-6.673811029128e-01,-6.900542228728e-01
762.50000000,1.628024769865e+15,1.121712239583e-01,4.625589574894e-01,-1.706152777778e-01,-7.035647921785e-01,-9.239879943094e-01,-9.553788900736e-01
763.00000000,6.749664137224e+14,2.611386236497e-01,1.076853806646e+00,-3.535455246914e-03,-1.457912719452e-02,7.121786554784e-01,7.363736948916e-01
763.50000000,2.173888548723e+15,2.672367283951e-01,1.102000478619e+00,1.316940586420e-02,5.430656867685e-02,-3.770692901235e-01,-3.898795678057e-01
764.00000000,1.475833564312e+15,-3.430512562693e-01,-1.414635820719e+00,1.788632667824e-01,7.375769553652e-01,-1.057597381366e+00,-1.093527425223e+00
764.50000000,1.732904123762e+15,-2.794903549383e-01,-1.152530592486e+00,-2.542313319830e-01,-1.048371614674e+00,-3.007837999132e+00,-3.110024098614e+00
765.00000000,1.778684657397e+15,-4.071030394001e-01,-1.678765291583e+00,-1.975229046103e-01,-8.145235476138e-01,-3.572534455777e+00,-3.693905141767e+00
765.50000000,1.839992210906e+15,8.655194950810e-02,3.569131023124e-01,1.102735749421e-01,4.547342175183e-01,-2.367976749373e+00,-2.448424668361e+00
766.00000000,6.749721788358e+14,1.268161639178e-01,5.229500981145e-01,1.986029929832e-01,8.189774989920e-01,-2.053750789087e+00,-2.123523423951e+00
766.50000000,-1.319126362493e+14,2.771456205392e-01,1.142861642991e+00,4.090927342544e-01,1.686972282355e+00,-1.273081283155e+00,-1.316332020291e+00
767.00000000,1.300102284911e+15,2.736615370009e-01,1.128494374877e+00,3.852748643663e-01,1.588754731757e+00,2.577681972174e-01,2.665254263806e-01
767.50000000,7.115427017957e+14,2.856734573929e-02,1.178027768362e-01,1.718207495419e-01,7.085357859970e-01,2.703609393084e-02,2.795459851281e-02
768.00000000,1.214649180920e+15,6.948280918451e-03,2.865253194684e-02,-1.122704995238e-01,-4.629689186926e-01,1.739618456428e-01,1.798718988006e-01
768.50000000,1.377712755006e+15,4.949159253533e-01,2.040878100442e+00,3.213198962553e-01,1.325024165340e+00,1.577604882963e+00,1.631201283288e+00
769.00000000,2.569290570039e+15,-2.749983678747e-02,-1.134007046252e-01,-3.868703560535e-01,-1.595334047466e+00,-1.644878601828e-01,-1.700760510524e-01
769.50000000,2.672041222903e+15,6.855277054398e-02,2.826901317188e-01,-2.015271553699e-02,-8.310358429379e-02,1.095804235689e+00,1.133032291413e+00
770.00000000,2.268366051079e+15,-1.021670464410e-02,-4.213048661131e-02,-1.406303439670e-02,-5.799161717277e-02,5.653524082514e-01,5.845592795817e-01
770.50000000,1.556423427258e+15,-2.452636625313e-01,-1.011390444422e+00,-1.501788957007e-01,-6.192914545489e-01,-7.971425175420e-01,-8.242240573796e-01
771.00000000,1.611211158675e+15,-3.633596691744e-01,-1.498381348049e+00,-4.024122022087e-01,-1.659423828303e+00,-1.227308247733e+00,-1.269003925072e+00
771.50000000,1.573875401075e+15,-4.052910536024e-01,-1.671293230283e+00,-7.188773907697e-01,-2.964428676179e+00,-1.328448703342e+00,-1.373580452923e+00
772.00000000,1.960474408213e+15,-6.490154031636e-01,-2.676336030651e+00,-3.982798472463e-01,-1.642383270751e+00,-2.759230271026e+00,-2.852970352457e+00
772.50000000,2.090728405202e+15,-4.318406442901e-01,-1.780775417933e+00,-3.660061414931e-01,-1.509296460608e+00,-1.216600307436e+00,-1.257932201003e+00
773.00000000,2.154807215908e+15,-9.742474440586e-02,-4.017490994196e-01,2.140586492091e-01,8.827118591394e-01,-5.354573724441e-01,-5.536486115815e-01
773.50000000,2.165815557758e+15,-5.088407576196e-01,-2.098299742723e+00,-3.760623505015e-01,-1.550765165482e+00,-5.916010175540e-01,-6.116996400366e-01
774.00000000,9.362672467177e+14,-4.830676914545e-01,-1.992019698733e+00,-3.668535180363e-01,-1.512790780163e+00,-9.097803505980e-01,-9.406885662132e-01
774.50000000,2.330043956215e+15,-3.917167799961e-01,-1.615317182002e+00,-3.661255401235e-01,-1.509788823740e+00,-9.579661964699e-01,-9.905114429496e-01
775.00000000,2.853969882930e+15,8.069442515432e-01,3.327585084429e+00,2.167688247492e-01,8.938877873182e-01,1.483823037230e+00,1.534233361370e+00
775.50000000,1.751759594877e+15,1.168946332465e+00,4.820368164183e+00,1.422573649691e+00,5.866255046089e+00,7.764281611690e-01,8.028059665363e-01
776.00000000,2.046963037891e+15,1.531129897280e+00,6.313899626609e+00,1.031216005980e+00,4.252416808085e+00,3.800644369695e+00,3.929764695912e+00
776.50000000,2.088480360674e+15,9.921017505787e-01,4.091116556253e+00,1.370096296296e+00,5.649854623358e+00,5.728530885899e+00,5.923147825761e+00
777.00000000,1.390199222336e+15,6.970117332176e-01,2.874257847046e+00,7.697674889082e-01,3.174283747701e+00,3.078501740934e+00,3.183088518960e+00
777.50000000,1.919450520997e+15,3.258729456019e-01,1.343797853606e+00,5.130806616512e-01,2.115786427729e+00,2.076743397955e+00,2.147297166982e+00
778.00000000,1.826480363343e+15,4.057778260031e-01,1.673300527041e+00,5.839699315201e-01,2.408111916235e+00,1.542624705826e+00,1.595032715066e+00
778.50000000,2.150971276969e+15,2.848239872685e-01,1.174524819911e+00,5.963070650077e-01,2.458986450282e+00,1.560253515625e+00,1.613260433222e+00
779.00000000,1.795239035806e+15,-4.009654706790e-03,-1.653455882548e-02,3.529449508102e-01,1.455436137968e+00,7.804898003472e-01,8.070055928885e-01
779.50000000,2.348555159372e+15,3.818163580247e-02,1.574490945966e-01,2.163346836420e-02,8.920975232699e-02,1.123787615741e-02,1.161966358456e-02
780.00000000,1.465934258092e+15,-3.924145399306e-01,-1.618194525197e+00,-1.881928771219e-01,-7.760493913927e-01,-1.370647810571e+00,-1.417213201914e+00
780.50000000,2.077606372833e+15,-3.709108651620e-01,-1.529520112704e+00,-1.722028694059e-01,-7.101115304802e-01,-2.191352015818e+00,-2.265799414631e+00
781.00000000,1.348758793549e+15,8.372222704475e-02,3.452442141034e-01,8.081804591049e-02,3.332686991217e-01,-1.122424488812e+00,-1.160556921645e+00
781.50000000,2.044668190781e+15,7.886641203704e-01,3.252203555017e+00,9.028917775849e-01,3.723247262086e+00,1.942988300540e+00,2.008997971217e+00
782.00000000,1.737984380105e+15,2.825770929784e-01,1.165259332349e+00,8.572157600309e-01,3.534893451006e+00,1.864891984954e+00,1.928248468232e+00
782.50000000,1.910647687907e+15,3.467992428627e-01,1.430091342288e+00,4.175830922068e-01,1.721983900342e+00,1.189864998071e+00,1.230288605691e+00
783.00000000,1.602372825285e+15,-5.212654320988e-02,-2.149535204648e-01,2.198526041667e-01,9.066043426772e-01,-2.190070891204e-01,-2.264474766022e-01
783.50000000,1.146713501111e+15,1.842152633102e-01,7.596459871210e-01,5.544319540895e-01,2.286306406066e+00,-2.849849440586e-01,-2.946668151743e-01
784.00000000,2.825178256339e+15,1.685153790509e-01,6.949045869704e-01,4.944381462191e-01,2.038910442961e+00,3.795509355710e-01,3.924455228699e-01
784.50000000,2.525986773145e+15,-7.199136284722e-02,-2.968698082427e-01,6.885194926698e-01,2.839242066012e+00,1.392905488040e+00,1.440227045521e+00
785.00000000,1.056390842539e+15,4.722239872685e-01,1.947303662600e+00,4.079254050926e-01,1.682158576866e+00,2.458659153164e+00,2.542187850151e+00
785.50000000,2.167807251980e+15,4.459166666667e-01,1.838820520824e+00,9.329110435957e-01,3.847037457943e+00,4.737588030478e+00,4.898539398845e+00
786.00000000,1.357420393138e+15,2.068994791667e-01,8.531885809144e-01,4.107322145062e-01,1.693732993340e+00,2.492586959877e+00,2.577268295481e+00
786.50000000,1.867844344825e+15,2.141893084491e-01,8.832495512253e-01,7.083281635802e-01,2.920926916361e+00,1.503586149691e+00,1.554667891433e+00
787.00000000,1.944324369484e+15,1.749306037809e-01,7.213589623300e-01,3.277094955633e-01,1.351372902497e+00,1.190009346065e+00,1.230437857659e+00
787.50000000,1.029319981145e+15,1.279657696759e-01,5.276907118141e-01,2.328121624228e-01,9.600455645302e-01,2.344931515239e+00,2.424596512212e+00
788.00000000,1.881329647121e+15,2.939895375193e-01,1.212320675383e+00,5.551329861111e-01,2.289197245943e+00,2.129060816937e+00,2.201391979887e+00
788.50000000,8.939752917126e+14,-4.301463396991e-02,-1.773788637031e-01,1.512482807677e-01,6.237012687944e-01,1.581044844715e+00,1.634758111797e+00
789.00000000,2.068763719341e+15,-1.252214867863e-02,-5.163741496183e-02,3.013813886478e-01,1.242803908491e+00,2.197250180845e+00,2.271897959625e+00
789.50000000,2.013835233353e+15,-1.220175832489e-01,-5.031622559809e-01,-1.874412525318e-02,-7.729499233650e-02,1.992453696168e+00,2.060143868202e+00
790.00000000,1.478726569859e+15,2.995955505371e-01,1.235438115362e+00,2.567135496163e-01,1.058607514741e+00,1.926958744303e+00,1.992423838500e+00
790.50000000,1.963613455725e+15,4.328913273564e-01,1.785108105467e+00,2.711804600845e-01,1.118264592288e+00,2.287737622522e+00,2.365459555802e+00
791.00000000,1.456104909907e+15,3.867980951003e-01,1.595034067694e+00,7.835167824074e-02,3.230981594162e-01,2.015293016975e+00,2.083759115474e+00
791.50000000,2.092419055573e+15,-9.492337962963e-02,-3.914342553592e-01,-4.618100308642e-01,-1.904362156911e+00,8.733456790123e-02,9.030160896074e-02
792.00000000,2.073909064676e+15,-2.908435185185e-01,-1.199347479425e+00,-6.364117283951e-01,-2.624365714842e+00,-1.252138271605e+00,-1.294677506106e+00
792.50000000,2.164390651568e+15,-6.019074074074e-01,-2.482077426372e+00,-4.957469135802e-01,-2.044307395968e+00,-3.151298765432e+00,-3.258358696597e+00
793.00000000,2.078500931332e+15,-4.717382716049e-01,-1.945300723495e+00,-5.425012345679e-01,-2.237107797887e+00,-4.717165432099e+00,-4.877422977969e+00
793.50000000,1.720777895017e+15,-9.190172839506e-01,-3.789739130750e+00,-1.178261728395e+00,-4.858788022195e+00,-5.372780246914e+00,-5.555311173434e+00
794.00000000,1.817151608696e+15,-1.848470370370e+00,-7.622512238845e+00,-8.947901234568e-01,-3.689838538804e+00,-3.626217283951e+00,-3.749411751281e+00
794.50000000,2.719755943661e+15,-1.446956790123e+00,-5.966796124293e+00,-1.446940740741e+00,-5.966737415390e+00,-5.576145679012e+00,-5.765585594741e+00
795.00000000,2.412863197174e+15,-5.935833333333e-01,-2.447751554817e+00,-6.641092592593e-01,-2.738581790917e+00,-3.291251851852e+00,-3.403066447335e+00
795.50000000,2.229686238229e+15,-1.633299768519e-01,-6.735216141301e-01,-5.515856481481e-03,-2.274569118092e-02,-5.226370370370e-01,-5.403927274283e-01
796.00000000,1.414227608034e+15,3.287649353781e-01,1.355723512690e+00,6.126572530864e-01,2.526409583940e+00,6.101550154321e-01,6.308839779375e-01
796.50000000,2.425681329896e+15,6.490850501543e-01,2.676623233004e+00,8.765670669367e-01,3.614692273239e+00,1.147843407600e+00,1.186839404284e+00
797.00000000,2.553251965253e+15,2.085401331019e-01,8.599541233332e-01,7.509700520833e-01,3.096768914883e+00,1.515444618056e+00,1.566929230772e+00
797.50000000,2.828143065142e+15,8.121300636574e-02,3.348969747631e-01,6.020697145062e-01,2.482749839761e+00,8.599932725694e-01,8.892100582241e-01
798.00000000,2.213965075306e+15,8.811722608025e-02,3.633678121198e-01,5.023814477238e-01,2.071666168855e+00,8.106678096065e-01,8.382088478748e-01
798.50000000,1.853559720495e+15,1.577063560957e-01,6.503315653592e-01,4.620172067901e-01,1.905216486542e+00,4.775052469136e-01,4.937276627080e-01
799.00000000,2.340895746201e+15,8.742417052469e-02,3.605098683090e-01,1.880384307485e-01,7.754125021759e-01,-4.316292486497e-01,-4.462931066615e-01
799.50000000,1.367510828454e+15,2.201943238812e-01,9.080123520574e-01,3.147140721451e-01,1.297783783776e+00,1.109293668017e+00,1.146980003899e+00
800.00000000,2.084668298297e+15,-8.328192515432e-03,-3.434285471593e-02,3.194119598765e-01,1.317156424072e+00,5.394526331019e-01,5.577796043176e-01
800.50000000,1.401666675735e+15,-2.303896556713e-01,-9.500547037202e-01,1.866373505015e-01,7.696348792949e-01,7.306840205440e-01,7.555077477642e-01
801.00000000,1.663009984419e+15,-7.534958526235e-02,-3.107180645471e-01,3.024671223958e-01,1.247281139655e+00,2.331057388117e-01,2.410251035591e-01
801.50000000,2.318239578708e+15,1.532119417921e-01,6.317980099476e-01,1.765294644579e-01,7.279530742640e-01,2.518679591049e-02,2.604247378719e-02
802.00000000,2.069845707106e+15,-1.922718750000e-01,-7.928689276634e-01,2.151988088349e-01,8.874135258401e-01,-2.241331380208e-02,-2.317476741579e-02
802.50000000,2.126755603885e+15,-1.103290497203e-01,-4.549624085262e-01,3.373815911941e-01,1.391257642252e+00,3.077896146798e-01,3.182462350809e-01
803.00000000,1.549559640115e+15,-1.593086805556e-01,-6.569390490396e-01,6.502267252604e-02,2.681334501724e-01,4.762148087867e-01,4.923933841752e-01
803.50000000,2.324017774633e+15,-1.945045572917e-02,-8.020758094001e-02,2.108892626350e-01,8.696422862655e-01,1.818794313030e-01,1.880584707547e-01
804.00000000,1.669186951275e+15,-1.862190046899e-01,-7.679087883189e-01,4.448007330247e-02,1.834221057852e-01,5.781999300733e-02,5.978432737613e-02
804.50000000,1.248949762027e+15,-1.916347683377e-01,-7.902416995461e-01,2.972192804784e-02,1.225640657888e-01,2.628970992477e-01,2.718285739963e-01
805.00000000,1.268459355552e+15,2.257162971402e-01,9.307832384208e-01,3.292437668789e-02,1.357699764273e-01,4.630787911121e-01,4.788110929947e-01
805.50000000,2.941731281294e+15,-2.699268732518e-01,-1.113093792541e+00,-5.010628384814e-01,-2.066228630965e+00,-1.073131875422e+00,-1.109589676876e+00
806.00000000,2.668235033424e+15,2.701856929977e+00,1.114161084023e+01,2.827785569782e+00,1.166091567322e+01,1.461397015456e+00,1.511045454251e+00
806.50000000,2.298064257686e+15,7.276434539548e+02,3.000573459111e+03,7.277286115035e+02,3.000928380996e+03,7.259564054134e+02,7.506195200773e+02
807.00000000,2.407041284330e+15,1.089740541407e+05,4.493748316009e+05,1.089741517164e+05,4.493757968444e+05,1.089732620796e+05,1.126754403894e+05
807.50000000,1.280094095985e+15,9.556753526433e+06,3.940905512284e+07,9.556753522515e+06,3.940910446910e+07,9.556753241582e+06,9.881427422090e+06
808.00000000,1.532229969616e+15,4.947633818827e+08,2.040249058998e+09,4.947633820258e+08,2.040251615133e+09,4.947633822282e+08,5.115721133536e+08
808.50000000,2.099131654674e+15,1.518448296977e+10,6.261604683144e+10,1.518448296987e+10,6.261612526252e+10,1.518448297025e+10,1.570034954546e+10
809.00000000,2.317365446440e+15,2.769300965621e+11,1.141972889685e+12,2.769300965619e+11,1.141974320080e+12,2.769300965619e+11,2.863383181499e+11
809.50000000,1.391620728026e+15,3.006276666157e+12,1.239694238461e+13,3.006276666157e+12,1.239695791259e+13,3.006276666158e+12,3.108409722050e+12
810.00000000,1.898567875816e+15,1.945166065778e+13,8.021254968782e+13,1.945166065778e+13,8.021265015929e+13,1.945166065778e+13,2.011249722266e+13
810.50000000,1.599262498194e+15,7.510019234682e+13,3.096896463580e+14,7.510019234682e+13,3.096900342645e+14,7.510019234682e+13,7.765159163377e+13
811.00000000,2.199272459964e+15,1.731672558766e+14,7.140874684520e+14,1.731672558766e+14,7.140883628933e+14,1.731672558766e+14,1.790503142198e+14
811.50000000,1.370317279629e+15,2.386075641567e+14,9.839427816747e+14,2.386075641567e+14,9.839440141274e+14,2.386075641567e+14,2.467138439148e+14
812.00000000,2.935412602188e+15,1.965156527879e+14,8.103689366687e+14,1.965156527879e+14,8.103699517088e+14,1.965156527879e+14,2.031919325780e+14
812.50000000,1.559246460916e+15,9.672602103548e+13,3.988677833175e+14,9.672602103548e+13,3.988682829255e+14,9.672602103548e+13,1.000121204899e+14
813.00000000,1.608705184422e+15,2.843840380027e+13,1.172710607081e+14,2.843840380027e+13,1.172712075977e+14,2.843840380027e+13,2.940454943732e+13
813.50000000,2.065116339454e+15,4.990322897402e+12,2.057852696531e+13,4.990322897402e+12,2.057855274126e+13,4.990322897403e+12,5.159860496232e+12
814.00000000,1.489293719949e+15,5.220948284382e+11,2.152955375103e+12,5.220948284383e+11,2.152958071821e+12,5.220948284394e+11,5.398320982303e+11
814.50000000,1.858581783613e+15,3.252453708738e+10,1.341209932197e+11,3.252453708751e+10,1.341211612156e+11,3.252453708646e+10,3.362950204244e+10
815.00000000,1.342977359218e+15,1.204587497171e+09,4.967341152516e+09,1.204587497383e+09,4.967347375308e+09,1.204587496316e+09,1.245511275379e+09
815.50000000,2.061216914901e+15,2.646616002995e+07,1.091381457757e+08,2.646615999486e+07,1.091382823336e+08,2.646615915210e+07,2.736530118462e+07
816.00000000,1.244658595058e+15,3.437156218608e+05,1.417375456113e+06,3.437157729258e+05,1.417377854415e+06,3.437152117562e+05,3.553923422506e+05
816.50000000,2.312927342887e+15,2.621809310079e+03,1.081151955386e+04,2.621859695457e+03,1.081174086976e+04,2.621820747569e+03,2.710892577838e+03
817.00000000,1.328354203137e+15,1.213041208526e+01,5.002201607571e+01,1.218426352238e+01,5.024414545182e+01,1.357166915509e+01,1.403274316733e+01
817.50000000,3.146434518992e+15,3.743642939815e-01,1.543760970369e+00,5.032536168981e-01,2.075262725576e+00,3.367533053627e+00,3.481939171152e+00
818.00000000,2.487321839766e+15,5.412525173611e-01,2.231955677528e+00,4.507134596836e-01,1.858603319261e+00,2.633911371528e+00,2.723393959857e+00
818.50000000,1.076291588295e+15,4.114691562982e-01,1.696769788721e+00,4.463243470745e-01,1.840503972351e+00,1.532591589506e+00,1.584658740954e+00
819.00000000,2.596750459303e+15,2.214029320988e-01,9.129962734003e-01,2.657683641975e-01,1.095946777801e+00,1.435364814815e+00,1.484128854567e+00
819.50000000,1.953673053288e+15,3.381024691358e-01,1.394228574221e+00,2.817123456790e-01,1.161694840716e+00,1.555330864198e+00,1.608170543217e+00
820.00000000,9.509725810511e+14,5.631604938272e-02,2.322297303457e-01,-7.881234567901e-02,-3.249978098736e-01,7.901234567900e-05,8.169665361654e-05
